#
# A fatal error has been detected by the Java Runtime Environment:
#
#  SIGSEGV (0xb) at pc=0x0000000225ff9b50, pid=13440, tid=259
#
# JRE version: OpenJDK Runtime Environment Zulu17.64+17-CA (17.0.18+8) (build 17.0.18+8-LTS)
# Java VM: OpenJDK 64-Bit Server VM Zulu17.64+17-CA (17.0.18+8-LTS, mixed mode, sharing, tiered, compressed oops, compressed class ptrs, g1 gc, bsd-aarch64)
# Problematic frame:
# C  [GLEngine+0x117b50]  gleRunVertexSubmitImmediate+0x1940
#
# No core dump will be written. Core dumps have been disabled. To enable core dumping, try "ulimit -c unlimited" before starting Java again
#
# If you would like to submit a bug report, please visit:
#   http://www.azul.com/support/
# The crash happened outside the Java Virtual Machine in native code.
# See problematic frame for where to report the bug.
#

---------------  S U M M A R Y ------------

Command Line: -Djava.library.path=/Users/stefano.deblasi/Library/Application Support/ModrinthApp/meta/natives/1.20.1-0.18.4 -Djna.tmpdir=/Users/stefano.deblasi/Library/Application Support/ModrinthApp/meta/natives/1.20.1-0.18.4 -Dorg.lwjgl.system.SharedLibraryExtractPath=/Users/stefano.deblasi/Library/Application Support/ModrinthApp/meta/natives/1.20.1-0.18.4 -Dio.netty.native.workdir=/Users/stefano.deblasi/Library/Application Support/ModrinthApp/meta/natives/1.20.1-0.18.4 -Dminecraft.launcher.brand=theseus -Dminecraft.launcher.version=0.13.24 -DFabricMcEmu=net.minecraft.client.main.Main -Xmx4096M -Dlog4j.configurationFile=/Users/stefano.deblasi/Library/Application Support/ModrinthApp/meta/log_configs/client-1.12.xml -javaagent:/private/var/folders/pd/smzmx_zx7rdfpvpjh7md1gdc0000gp/T/.tmpyDN1l3/theseus.jar -Dmodrinth.internal.ipc.host=127.0.0.1 -Dmodrinth.internal.ipc.port=58055 -Dmodrinth.internal.quickPlay.serverVersion=BUILTIN --add-opens=java.base/java.lang.reflect=ALL-UNNAMED com.modrinth.theseus.MinecraftLaunch net.fabricmc.loader.impl.launch.knot.KnotClient --username sd3rl0 --version 1.20.1 --gameDir /Users/stefano.deblasi/Library/Application Support/ModrinthApp/profiles/GDCModpack 1.0.0 --assetsDir /Users/stefano.deblasi/Library/Application Support/ModrinthApp/meta/assets --assetIndex 5 --uuid 74fef846dc6e471595886d9aeeb5e8e5 --accessToken eyJraWQiOiIwNDkxODEiLCJhbGciOiJSUzI1NiJ9.eyJ4dWlkIjoiMjUzNTQwNzczMzU5MjE1NSIsImFnZyI6IkFkdWx0Iiwic3ViIjoiYThkNGE2ZTMtMzRhNC00YzQyLThkYjctZDdmZTE0YzljNDU4IiwiYXV0aCI6IlhCT1giLCJucyI6ImRlZmF1bHQiLCJyb2xlcyI6W10sImlzcyI6ImF1dGhlbnRpY2F0aW9uIiwiZmxhZ3MiOlsibXVsdGlwbGF5ZXIiXSwicHJvZmlsZXMiOnsibWMiOiI3NGZlZjg0Ni1kYzZlLTQ3MTUtOTU4OC02ZDlhZWViNWU4ZTUifSwicG1pZCI6ImM2MWE4OTg0LTU5MDAtNTY0NS05YzA0LWI3ZDg5OWUwOTg4NSIsInBsYXRmb3JtIjoiUENfTEFVTkNIRVIiLCJ0aWQiOiJFOTlCMCIsInBmZCI6W3sidHlwZSI6Im1jIiwiaWQiOiI3NGZlZjg0Ni1kYzZlLTQ3MTUtOTU4OC02ZDlhZWViNWU4ZTUiLCJuYW1lIjoic2QzcmwwIn1dLCJ4aWQiOiIyNTM1NDA3NzMzNTkyMTU1IiwibmJmIjoxNzgwMjM1NDQxLCJleHAiOjE3ODAzMjE4NDEsImlhdCI6MTc4MDIzNTQ0MSwiYWlkIjoiMDAwMDAwMDAtMDAwMC0wMDAwLTAwMDAtMDAwMDQwMmI1MzI4In0.4RHcOjxDttE3q9cwH5FHv4Z0kV0WdLh_K1ONrBF_j-yfx8uusuZMPZ1gEI5QHF65rymVRTvPwCvBrBZxzNA5DxsBLX2cDkQv1hsIgVVanYJr2SeonQJQlKnbxxuQBJ97nY_TigWvxuBUpdo6ejI5zwzQl4Nae4Q2gpCFieruN8pHlsCDmXtU9E58YX-zcc7uRslynE2RxOJVygSl102U0_XQ9jYIKb42Ms9laYZOv7yM3aj4rgVoM4tJ-lYAz3l1-BEBIrzBxlJ_nJm6JCEfwBapww11yMMGZZFXreK5ZlCR3JPgk1dXBiSxiBDkDcoO5uYbgbqoNlC-fI3bcjN6bw --clientId c4502edb-87c6-40cb-b595-64a280cf8906 --xuid 0 --userType msa --versionType release --width 854 --height 480

Host: "Mac16,1" arm64, 10 cores, 16G, Darwin 25.2.0, macOS 26.2 (25C56)
Time: Mon Jun  1 00:33:22 2026 CEST elapsed time: 672.773395 seconds (0d 0h 11m 12s)

---------------  T H R E A D  ---------------

Current thread (0x0000000121818c00):  JavaThread "Render thread" [_thread_in_native, id=259, stack(0x000000016e97c000,0x000000016f178000)]

Stack: [0x000000016e97c000,0x000000016f178000],  sp=0x000000016f16f700,  free space=8141k
Native frames: (J=compiled Java code, j=interpreted, Vv=VM code, C=native code)
C  [GLEngine+0x117b50]  gleRunVertexSubmitImmediate+0x1940
C  [GLEngine+0x157834]  gleDrawArraysOrElements_ExecCore+0x248
C  [GLEngine+0xb0c94]  glDrawElementsInstanced_GL3Exec+0x1e0
j  org.lwjgl.opengl.GL31C.nglDrawElementsInstanced(IIIJI)V+0
j  org.lwjgl.opengl.GL31C.glDrawElementsInstanced(IIIJI)V+6
j  org.lwjgl.opengl.GL31.glDrawElementsInstanced(IIIJI)V+6
j  com.seibel.distanthorizons.core.render.renderer.generic.GenericObjectRenderer.renderBoxGroupInstanced(Lcom/seibel/distanthorizons/api/interfaces/override/rendering/IDhApiGenericObjectShaderProgram;Lcom/seibel/distanthorizons/api/methods/events/sharedParameterObjects/DhApiRenderParam;Lcom/seibel/distanthorizons/core/render/renderer/generic/RenderableBoxGroup;Lcom/seibel/distanthorizons/core/util/math/Vec3d;Lcom/seibel/distanthorizons/core/wrapperInterfaces/minecraft/IProfilerWrapper;)V+239
j  com.seibel.distanthorizons.core.render.renderer.generic.GenericObjectRenderer.render(Lcom/seibel/distanthorizons/api/methods/events/sharedParameterObjects/DhApiRenderParam;Lcom/seibel/distanthorizons/core/wrapperInterfaces/minecraft/IProfilerWrapper;Z)V+390
j  com.seibel.distanthorizons.core.render.renderer.LodRenderer.renderLodPass(Lcom/seibel/distanthorizons/core/render/renderer/RenderParams;Lcom/seibel/distanthorizons/core/wrapperInterfaces/minecraft/IProfilerWrapper;Z)V+340
j  com.seibel.distanthorizons.core.render.renderer.LodRenderer.render(Lcom/seibel/distanthorizons/core/render/renderer/RenderParams;Lcom/seibel/distanthorizons/core/wrapperInterfaces/minecraft/IProfilerWrapper;)V+4
j  com.seibel.distanthorizons.core.api.internal.ClientApi.renderLodLayer(Z)V+281
j  com.seibel.distanthorizons.core.api.internal.ClientApi.renderLods()V+2
j  com.seibel.distanthorizons.fabric.FabricClientProxy.lambda$registerEvents$6(Lnet/fabricmc/fabric/api/client/rendering/v1/WorldRenderContext;)V+73
j  com.seibel.distanthorizons.fabric.FabricClientProxy$$Lambda$18320+0x000000e003571b78.afterSetup(Lnet/fabricmc/fabric/api/client/rendering/v1/WorldRenderContext;)V+5
j  net.minecraft.class_761.handler$eho000$fabric-rendering-v1$afterTerrainSetup(Lnet/minecraft/class_4184;Lnet/minecraft/class_4604;ZZLorg/spongepowered/asm/mixin/injection/callback/CallbackInfo;)V+21
j  net.minecraft.class_761.method_3273(Lnet/minecraft/class_4184;Lnet/minecraft/class_4604;ZZ)V+65
j  net.minecraft.class_761.method_22710(Lnet/minecraft/class_4587;FJZLnet/minecraft/class_4184;Lnet/minecraft/class_757;Lnet/minecraft/class_765;Lorg/joml/Matrix4f;)V+773
j  net.minecraft.class_757.method_3188(FJLnet/minecraft/class_4587;)V+744
j  net.minecraft.class_757.method_3192(FJZ)V+322
J 46849 c1 net.minecraft.class_310.method_1523(Z)V (1210 bytes) @ 0x000000013a571838 [0x000000013a56de80+0x00000000000039b8]
j  net.minecraft.class_310.method_1514()V+118
j  net.minecraft.client.main.Main.main([Ljava/lang/String;)V+1565
j  java.lang.invoke.LambdaForm$DMH+0x000000e001098000.invokeStaticInit(Ljava/lang/Object;Ljava/lang/Object;)V+10 java.base@17.0.18
j  java.lang.invoke.LambdaForm$MH+0x000000e001360000.invokeExact_MT(Ljava/lang/Object;Ljava/lang/Object;Ljava/lang/Object;)V+19 java.base@17.0.18
j  net.fabricmc.loader.impl.game.minecraft.MinecraftGameProvider.launch(Ljava/lang/ClassLoader;)V+74
j  net.fabricmc.loader.impl.launch.knot.Knot.launch([Ljava/lang/String;Lnet/fabricmc/api/EnvType;)V+40
j  net.fabricmc.loader.impl.launch.knot.KnotClient.main([Ljava/lang/String;)V+4
v  ~StubRoutines::call_stub
V  [libjvm.dylib+0x484bc0]  JavaCalls::call_helper(JavaValue*, methodHandle const&, JavaCallArguments*, JavaThread*)+0x39c
V  [libjvm.dylib+0x852424]  invoke(InstanceKlass*, methodHandle const&, Handle, bool, objArrayHandle, BasicType, objArrayHandle, bool, JavaThread*)+0x928
V  [libjvm.dylib+0x851a9c]  Reflection::invoke_method(oopDesc*, Handle, objArrayHandle, JavaThread*)+0x160
V  [libjvm.dylib+0x53ffc0]  JVM_InvokeMethod+0x370
j  jdk.internal.reflect.NativeMethodAccessorImpl.invoke0(Ljava/lang/reflect/Method;Ljava/lang/Object;[Ljava/lang/Object;)Ljava/lang/Object;+0 java.base@17.0.18
j  jdk.internal.reflect.NativeMethodAccessorImpl.invoke(Ljava/lang/Object;[Ljava/lang/Object;)Ljava/lang/Object;+133 java.base@17.0.18
j  jdk.internal.reflect.DelegatingMethodAccessorImpl.invoke(Ljava/lang/Object;[Ljava/lang/Object;)Ljava/lang/Object;+6 java.base@17.0.18
j  java.lang.reflect.Method.invoke(Ljava/lang/Object;[Ljava/lang/Object;)Ljava/lang/Object;+59 java.base@17.0.18
j  com.modrinth.theseus.MinecraftLaunch.relaunch(Ljava/lang/String;[Ljava/lang/String;)V+164
j  com.modrinth.theseus.MinecraftLaunch.main([Ljava/lang/String;)V+90
v  ~StubRoutines::call_stub
V  [libjvm.dylib+0x484bc0]  JavaCalls::call_helper(JavaValue*, methodHandle const&, JavaCallArguments*, JavaThread*)+0x39c
V  [libjvm.dylib+0x4e9da8]  jni_invoke_static(JNIEnv_*, JavaValue*, _jobject*, JNICallType, _jmethodID*, JNI_ArgumentPusher*, JavaThread*)+0x12c
V  [libjvm.dylib+0x4ed3d0]  jni_CallStaticVoidMethod+0x130
C  [libjli.dylib+0xb3f4]  JavaMain+0x9d8
C  [libjli.dylib+0xdc90]  __JVMInit_block_invoke+0x50
C  [Foundation+0x1d878]  __NSBLOCKOPERATION_IS_CALLING_OUT_TO_A_BLOCK__+0x18
C  [Foundation+0x1d740]  -[NSBlockOperation main]+0x60
C  [Foundation+0x1d6d8]  __NSOPERATION_IS_INVOKING_MAIN__+0x10
C  [Foundation+0x1d308]  -[NSOperation start]+0x280
C  [Foundation+0x38114]  __NSThreadPerformPerform+0x108
C  [CoreFoundation+0x5f9f8]  __CFRUNLOOP_IS_CALLING_OUT_TO_A_SOURCE0_PERFORM_FUNCTION__+0x1c
C  [CoreFoundation+0x5f98c]  __CFRunLoopDoSource0+0xac
C  [CoreFoundation+0x5f6f8]  __CFRunLoopDoSources0+0xe8
C  [CoreFoundation+0x5e388]  __CFRunLoopRun+0x334
C  [CoreFoundation+0x118e34]  _CFRunLoopRunSpecificWithOptions+0x214
C  [libjli.dylib+0xd324]  CreateExecutionEnvironment+0x190
C  [libjli.dylib+0x8cf8]  JLI_Launch+0x4d8
C  [java+0x3bac]  main+0x198
C  [dyld+0x8d54]  start+0x1c10

Java frames: (J=compiled Java code, j=interpreted, Vv=VM code)
j  org.lwjgl.opengl.GL31C.nglDrawElementsInstanced(IIIJI)V+0
j  org.lwjgl.opengl.GL31C.glDrawElementsInstanced(IIIJI)V+6
j  org.lwjgl.opengl.GL31.glDrawElementsInstanced(IIIJI)V+6
j  com.seibel.distanthorizons.core.render.renderer.generic.GenericObjectRenderer.renderBoxGroupInstanced(Lcom/seibel/distanthorizons/api/interfaces/override/rendering/IDhApiGenericObjectShaderProgram;Lcom/seibel/distanthorizons/api/methods/events/sharedParameterObjects/DhApiRenderParam;Lcom/seibel/distanthorizons/core/render/renderer/generic/RenderableBoxGroup;Lcom/seibel/distanthorizons/core/util/math/Vec3d;Lcom/seibel/distanthorizons/core/wrapperInterfaces/minecraft/IProfilerWrapper;)V+239
j  com.seibel.distanthorizons.core.render.renderer.generic.GenericObjectRenderer.render(Lcom/seibel/distanthorizons/api/methods/events/sharedParameterObjects/DhApiRenderParam;Lcom/seibel/distanthorizons/core/wrapperInterfaces/minecraft/IProfilerWrapper;Z)V+390
j  com.seibel.distanthorizons.core.render.renderer.LodRenderer.renderLodPass(Lcom/seibel/distanthorizons/core/render/renderer/RenderParams;Lcom/seibel/distanthorizons/core/wrapperInterfaces/minecraft/IProfilerWrapper;Z)V+340
j  com.seibel.distanthorizons.core.render.renderer.LodRenderer.render(Lcom/seibel/distanthorizons/core/render/renderer/RenderParams;Lcom/seibel/distanthorizons/core/wrapperInterfaces/minecraft/IProfilerWrapper;)V+4
j  com.seibel.distanthorizons.core.api.internal.ClientApi.renderLodLayer(Z)V+281
j  com.seibel.distanthorizons.core.api.internal.ClientApi.renderLods()V+2
j  com.seibel.distanthorizons.fabric.FabricClientProxy.lambda$registerEvents$6(Lnet/fabricmc/fabric/api/client/rendering/v1/WorldRenderContext;)V+73
j  com.seibel.distanthorizons.fabric.FabricClientProxy$$Lambda$18320+0x000000e003571b78.afterSetup(Lnet/fabricmc/fabric/api/client/rendering/v1/WorldRenderContext;)V+5
j  net.minecraft.class_761.handler$eho000$fabric-rendering-v1$afterTerrainSetup(Lnet/minecraft/class_4184;Lnet/minecraft/class_4604;ZZLorg/spongepowered/asm/mixin/injection/callback/CallbackInfo;)V+21
j  net.minecraft.class_761.method_3273(Lnet/minecraft/class_4184;Lnet/minecraft/class_4604;ZZ)V+65
j  net.minecraft.class_761.method_22710(Lnet/minecraft/class_4587;FJZLnet/minecraft/class_4184;Lnet/minecraft/class_757;Lnet/minecraft/class_765;Lorg/joml/Matrix4f;)V+773
j  net.minecraft.class_757.method_3188(FJLnet/minecraft/class_4587;)V+744
j  net.minecraft.class_757.method_3192(FJZ)V+322
J 46849 c1 net.minecraft.class_310.method_1523(Z)V (1210 bytes) @ 0x000000013a571838 [0x000000013a56de80+0x00000000000039b8]
j  net.minecraft.class_310.method_1514()V+118
j  net.minecraft.client.main.Main.main([Ljava/lang/String;)V+1565
j  java.lang.invoke.LambdaForm$DMH+0x000000e001098000.invokeStaticInit(Ljava/lang/Object;Ljava/lang/Object;)V+10 java.base@17.0.18
j  java.lang.invoke.LambdaForm$MH+0x000000e001360000.invokeExact_MT(Ljava/lang/Object;Ljava/lang/Object;Ljava/lang/Object;)V+19 java.base@17.0.18
j  net.fabricmc.loader.impl.game.minecraft.MinecraftGameProvider.launch(Ljava/lang/ClassLoader;)V+74
j  net.fabricmc.loader.impl.launch.knot.Knot.launch([Ljava/lang/String;Lnet/fabricmc/api/EnvType;)V+40
j  net.fabricmc.loader.impl.launch.knot.KnotClient.main([Ljava/lang/String;)V+4
v  ~StubRoutines::call_stub
j  jdk.internal.reflect.NativeMethodAccessorImpl.invoke0(Ljava/lang/reflect/Method;Ljava/lang/Object;[Ljava/lang/Object;)Ljava/lang/Object;+0 java.base@17.0.18
j  jdk.internal.reflect.NativeMethodAccessorImpl.invoke(Ljava/lang/Object;[Ljava/lang/Object;)Ljava/lang/Object;+133 java.base@17.0.18
j  jdk.internal.reflect.DelegatingMethodAccessorImpl.invoke(Ljava/lang/Object;[Ljava/lang/Object;)Ljava/lang/Object;+6 java.base@17.0.18
j  java.lang.reflect.Method.invoke(Ljava/lang/Object;[Ljava/lang/Object;)Ljava/lang/Object;+59 java.base@17.0.18
j  com.modrinth.theseus.MinecraftLaunch.relaunch(Ljava/lang/String;[Ljava/lang/String;)V+164
j  com.modrinth.theseus.MinecraftLaunch.main([Ljava/lang/String;)V+90
v  ~StubRoutines::call_stub

siginfo: si_signo: 11 (SIGSEGV), si_code: 2 (SEGV_ACCERR), si_addr: 0x0000000000000018

Registers:
 x0=0x000000016f16f7c0  x1=0x000000016f16f7b0  x2=0x0000000040400028  x3=0x0000000000000000
 x4=0x0000000000000000  x5=0x0000600000cf1910  x6=0x0000000000001da0  x7=0x0000000000000403
 x8=0x0000000000000018  x9=0x0000001800110d06 x10=0x0000000000000000 x11=0x0000000000000002
x12=0x0000000310030000 x13=0x00000000ffffffff x14=0x0000000000000000 x15=0x0000000000000038
x16=0x0000000225ff97b4 x17=0x0000000225ff8c18 x18=0x0000000000000000 x19=0x0000600000cf1910
x20=0x0000000000000001 x21=0x0000000000000003 x22=0x00000000fffffffe x23=0x00000c330004100e
x24=0x0000000000000006 x25=0x00000000ffffffff x26=0x0000000000000030 x27=0x0000000000000038
x28=0x0000000000000000  fp=0x000000016f16f8a0  lr=0x0000000225ff8ea0  sp=0x000000016f16f700
pc=0x0000000225ff9b50 cpsr=0x0000000060000000

Register to memory mapping:

 x0=0x000000016f16f7c0 is pointing into the stack for thread: 0x0000000121818c00
 x1=0x000000016f16f7b0 is pointing into the stack for thread: 0x0000000121818c00
 x2=0x0000000040400028 is an unknown value
 x3=0x0 is NULL
 x4=0x0 is NULL
 x5=0x0000600000cf1910 points into unknown readable memory: 0x0000001800110d06 | 06 0d 11 00 18 00 00 00
 x6=0x0000000000001da0 is an unknown value
 x7=0x0000000000000403 is an unknown value
 x8=0x0000000000000018 is an unknown value
 x9=0x0000001800110d06 is an unknown value
x10=0x0 is NULL
x11=0x0000000000000002 is an unknown value
x12=0x0000000310030000 points into unknown readable memory: 0x0000000000000000 | 00 00 00 00 00 00 00 00
x13=0x00000000ffffffff is an unknown value
x14=0x0 is NULL
x15=0x0000000000000038 is an unknown value
x16=0x0000000225ff97b4: gleRunVertexSubmitImmediate+0x15a4 in /System/Library/Frameworks/OpenGL.framework/Versions/A/Resources/GLEngine.bundle/GLEngine at 0x0000000225ee2000
x17=0x0000000225ff8c18: gleRunVertexSubmitImmediate+0xa08 in /System/Library/Frameworks/OpenGL.framework/Versions/A/Resources/GLEngine.bundle/GLEngine at 0x0000000225ee2000
x18=0x0 is NULL
x19=0x0000600000cf1910 points into unknown readable memory: 0x0000001800110d06 | 06 0d 11 00 18 00 00 00
x20=0x0000000000000001 is an unknown value
x21=0x0000000000000003 is an unknown value
x22=0x00000000fffffffe is an unknown value
x23=0x00000c330004100e is an unknown value
x24=0x0000000000000006 is an unknown value
x25=0x00000000ffffffff is an unknown value
x26=0x0000000000000030 is an unknown value
x27=0x0000000000000038 is an unknown value
x28=0x0 is NULL


Top of Stack: (sp=0x000000016f16f700)
0x000000016f16f700:   447fc000447fc000 40400000447fc000
0x000000016f16f710:   0000000000000000 ffffffecfffffff6
0x000000016f16f720:   ffffffeaffffffea ffffffe2ffffffea
0x000000016f16f730:   0000000000000000 000000031003a278
0x000000016f16f740:   0000000000000000 000000016f16f7e0
0x000000016f16f750:   00000000fffffffe 0000000310030000
0x000000016f16f760:   0000000000000000 0000000000000000
0x000000016f16f770:   00000000000000d8 0000000000000000
0x000000016f16f780:   0000000000000002 0000000000000000
0x000000016f16f790:   0000000000000000 0000000121481a80
0x000000016f16f7a0:   0000000000000000 0000000000000000
0x000000016f16f7b0:   3dd0d0d13dd0d0d1 3f8000003e189899
0x000000016f16f7c0:   0000000000000018 0000000173f74000
0x000000016f16f7d0:   0000000173f74990 000000016b168000
0x000000016f16f7e0:   0000000310033e70 0000000310034080
0x000000016f16f7f0:   00000003e09b31c0 0000000000000024
0x000000016f16f800:   a42df1962aab00e4 000000031004ae80
0x000000016f16f810:   000000003f664888 00000000beb13abd
0x000000016f16f820:   0000000080000000 0000000080000000
0x000000016f16f830:   000000003d44371a 000000004125a47e
0x000000016f16f840:   0000000044b95c80 00000000c2800000
0x000000016f16f850:   000000031003a280 000000031003ac48
0x000000016f16f860:   0000000000000024 0000000000000000
0x000000016f16f870:   00000003e09b3018 0000000000000024
0x000000016f16f880:   0000000000000000 0000000000000004
0x000000016f16f890:   0000000000000024 0000000310030000
0x000000016f16f8a0:   000000016f16f9b0 0000000226039834
0x000000016f16f8b0:   00000003e09b2e28 00000003e09b3240
0x000000016f16f8c0:   0000000310035144 00000000000000f9
0x000000016f16f8d0:   0000000000000000 0000000321a40000
0x000000016f16f8e0:   0000000321a28000 0000000321a64000
0x000000016f16f8f0:   0000000348764000 0000000177658000 

Instructions: (pc=0x0000000225ff9b50)
0x0000000225ff9a50:   a0 00 00 54 3f 15 00 71 a1 59 ff 54 1f 0d 00 b9
0x0000000225ff9a60:   cb fa ff 17 29 00 80 52 09 0d 00 b9 c8 fa ff 17
0x0000000225ff9a70:   3f 15 00 71 c3 58 ff 54 1f 05 00 f9 c4 fa ff 17
0x0000000225ff9a80:   3f 11 00 71 41 f1 ff 54 09 f0 e7 d2 09 05 00 f9
0x0000000225ff9a90:   bf fa ff 17 00 0d 00 bd bd fa ff 17 bf 0e 00 71
0x0000000225ff9aa0:   60 05 00 54 bf 12 00 71 41 98 ff 54 1c 00 80 52
0x0000000225ff9ab0:   00 01 c0 3d e0 2f 80 3d bd fc ff 17 4b 11 c0 5a
0x0000000225ff9ac0:   6c 11 00 52 4d 01 80 52 ac 01 0c 4b 2c 21 cc 1a
0x0000000225ff9ad0:   0d 60 a8 52 ab 5d 0b 4b 8c 21 1f 12 5f 01 00 71
0x0000000225ff9ae0:   eb 03 8b 1a ea 03 8c 1a 03 00 00 14 0c 00 a7 52
0x0000000225ff9af0:   8b 35 0b 0b 6a 35 0a 2a 29 7d 0f 53 2a 01 01 33
0x0000000225ff9b00:   ea b3 00 b9 bf 0a 00 71 e3 0a 00 54 09 05 40 79
0x0000000225ff9b10:   2a 25 00 12 2b 11 16 72 60 02 00 54 0c 80 8f 52
0x0000000225ff9b20:   7f 01 0c 6b 81 03 00 54 5f 01 00 71 0a 00 b0 12
0x0000000225ff9b30:   0b f0 af 52 6a 01 8a 1a 1a 00 00 14 1c 00 80 52
0x0000000225ff9b40:   00 01 40 bd e0 b3 00 bd 99 fc ff 17 1c 00 80 52
0x0000000225ff9b50:   00 01 40 fd e0 5b 00 fd 00 09 40 bd e0 bb 00 bd
0x0000000225ff9b60:   93 fc ff 17 4b 11 c0 5a 6c 11 00 52 4d 01 80 52
0x0000000225ff9b70:   ac 01 0c 4b 2c 21 cc 1a 0d 60 a8 52 ab 5d 0b 4b
0x0000000225ff9b80:   8c 21 1f 12 5f 01 00 71 eb 03 8b 1a ea 03 8c 1a
0x0000000225ff9b90:   03 00 00 14 0c 00 a7 52 8b 35 0b 0b 6a 35 0a 2a
0x0000000225ff9ba0:   29 7d 0f 53 2a 01 01 33 ea b7 00 b9 bf 0a 00 71
0x0000000225ff9bb0:   a0 05 00 54 09 09 40 79 2a 25 00 12 2b 11 16 72
0x0000000225ff9bc0:   20 01 00 54 0c 80 8f 52 7f 01 0c 6b 41 02 00 54
0x0000000225ff9bd0:   5f 01 00 71 0a 00 b0 12 0b f0 af 52 6a 01 8a 1a
0x0000000225ff9be0:   10 00 00 14 4b 11 c0 5a 6c 11 00 52 4d 01 80 52
0x0000000225ff9bf0:   ac 01 0c 4b 2c 21 cc 1a 0d 60 a8 52 ab 5d 0b 4b
0x0000000225ff9c00:   8c 21 1f 12 5f 01 00 71 eb 03 8b 1a ea 03 8c 1a
0x0000000225ff9c10:   03 00 00 14 0c 00 a7 52 8b 35 0b 0b 6a 35 0a 2a
0x0000000225ff9c20:   29 7d 0f 53 2a 01 01 33 ea bb 00 b9 bf 12 00 71
0x0000000225ff9c30:   a3 01 00 54 08 0d 40 79 09 25 00 12 0a 11 16 72
0x0000000225ff9c40:   80 01 00 54 0b 80 8f 52 5f 01 0b 6b 61 02 00 54 


Stack slot to memory mapping:
stack at sp + 0 slots: 0x447fc000447fc000 is an unknown value
stack at sp + 1 slots: 0x40400000447fc000 is an unknown value
stack at sp + 2 slots: 0x0 is NULL
stack at sp + 3 slots: 0xffffffecfffffff6 is an unknown value
stack at sp + 4 slots: 0xffffffeaffffffea is an unknown value
stack at sp + 5 slots: 0xffffffe2ffffffea is an unknown value
stack at sp + 6 slots: 0x0 is NULL
stack at sp + 7 slots: 0x000000031003a278 points into unknown readable memory: 0x0000000310050500 | 00 05 05 10 03 00 00 00


Compiled method (c1) 672806 46849       3       net.minecraft.class_310::method_1523 (1210 bytes)
 total in heap  [0x000000013a56c790,0x000000013a57c588] = 65016
 relocation     [0x000000013a56c8e8,0x000000013a56de18] = 5424
 constants      [0x000000013a56de40,0x000000013a56de80] = 64
 main code      [0x000000013a56de80,0x000000013a577700] = 39040
 stub code      [0x000000013a577700,0x000000013a578768] = 4200
 oops           [0x000000013a578768,0x000000013a578880] = 280
 metadata       [0x000000013a578880,0x000000013a579280] = 2560
 scopes data    [0x000000013a579280,0x000000013a57a840] = 5568
 scopes pcs     [0x000000013a57a840,0x000000013a57c090] = 6224
 dependencies   [0x000000013a57c090,0x000000013a57c268] = 472
 nul chk table  [0x000000013a57c268,0x000000013a57c588] = 800


[Constant Pool]
             Address          hex4                    hex8      
  0x000000013a56de40:   0x7f7fffff      0x000000007f7fffff      
  0x000000013a56de44:   0x00000000                              
  0x000000013a56de48:   0x00000000      0x4059000000000000      
  0x000000013a56de4c:   0x40590000                              
  0x000000013a56de50:   0x00000000      0x4059000000000000      
  0x000000013a56de54:   0x40590000                              
  0x000000013a56de58:   0x00000000      0x0000000000000000      
  0x000000013a56de5c:   0x00000000                              
  0x000000013a56de60:   0x00000000      0x0000000000000000      
  0x000000013a56de64:   0x00000000                              
  0x000000013a56de68:   0x00000000      0x0000000000000000      
  0x000000013a56de6c:   0x00000000                              
  0x000000013a56de70:   0x00000000      0x0000000000000000      
  0x000000013a56de74:   0x00000000                              
  0x000000013a56de78:   0x00000000      0x0000000000000000      
  0x000000013a56de7c:   0x00000000                              

[MachCode]
[Entry Point]
  # {method} {0x0000000153d57718} 'method_1523' '(Z)V' in 'net/minecraft/class_310'
  # this:     c_rarg1:c_rarg1 
                        = 'net/minecraft/class_310'
  # parm0:    c_rarg2   = boolean
  #           [sp+0x200]  (sp of caller)
  0x000000013a56de80: ;   {no_reloc}
  0x000000013a56de80: 2808 40b9 | 3f01 086b | c001 0054 

  0x000000013a56de8c: ;   {runtime_call ic_miss_stub}
  0x000000013a56de8c: 5d1b 4015 | 1f20 03d5 | 1f20 03d5 | 1f20 03d5 | 1f20 03d5 | 1f20 03d5 | 1f20 03d5 | 1f20 03d5 
  0x000000013a56deac: 1f20 03d5 | 1f20 03d5 | 1f20 03d5 | 1f20 03d5 | 1f20 03d5 
[Verified Entry Point]
  0x000000013a56dec0: 1f20 03d5 | e953 40d1 | 3f01 00f9 | ff03 08d1 | fd7b 1fa9 | e16f 00f9 | e2e3 00b9 

  0x000000013a56dedc: ;   {metadata(method data for {method} {0x0000000153d57718} 'method_1523' '(Z)V' in 'net/minecraft/class_310')}
  0x000000013a56dedc: 03cb 84d2 | 435e a6f2 | 6300 c0f2 | 60ac 40b9 | 0008 0011 | 60ac 00b9 | 0024 1f12 | 1f00 0071 
  0x000000013a56defc: 8011 0454 | e303 01aa 

  0x000000013a56df04: ;   {metadata(method data for {method} {0x0000000153d57718} 'method_1523' '(Z)V' in 'net/minecraft/class_310')}
  0x000000013a56df04: 00cb 84d2 | 405e a6f2 | 6000 c0f2 | 0878 40f9 | 0805 0091 | 0878 00f9 | e003 02aa | e203 00aa 
  0x000000013a56df24: e303 1faa | e403 01aa | e103 04aa 

  0x000000013a56df30: ; ImmutableOopMap {[216]=Oop }
                      ;*invokespecial handler$gcg000$lavender$onFrameStart {reexecute=0 rethrow=0 return_oop=0}
                      ; - net.minecraft.class_310::method_1523@3
                      ;   {optimized virtual_call}
  0x000000013a56df30: f425 0094 | e16f 40f9 

  0x000000013a56df38: ;   {metadata(method data for {method} {0x0000000153d57718} 'method_1523' '(Z)V' in 'net/minecraft/class_310')}
  0x000000013a56df38: 02cb 84d2 | 425e a6f2 | 6200 c0f2 | 4880 40f9 | 0805 0091 | 4880 00f9 | e2e3 40b9 | e303 1faa 
  0x000000013a56df58: e16f 40f9 

  0x000000013a56df5c: ; ImmutableOopMap {[216]=Oop }
                      ;*invokespecial handler$jia000$sodium$preRender {reexecute=0 rethrow=0 return_oop=0}
                      ; - net.minecraft.class_310::method_1523@9
                      ;   {optimized virtual_call}
  0x000000013a56df5c: 5dbc ab95 | e16f 40f9 

  0x000000013a56df64: ;   {metadata(method data for {method} {0x0000000153d57718} 'method_1523' '(Z)V' in 'net/minecraft/class_310')}
  0x000000013a56df64: 00cb 84d2 | 405e a6f2 | 6000 c0f2 | 0894 40f9 | 0805 0091 | 0894 00f9 

  0x000000013a56df7c: ;   {metadata(method data for {method} {0x0000000153d6d3c8} 'handler$llf000$xaeroworldmap$onRunTickStart' '(Lorg/spongepowered/asm/mixin/injection/callback/CallbackInfo;)V' in 'net/minecraft/class_310')}
  0x000000013a56df7c: 0139 89d2 | 415e a6f2 | 6100 c0f2 | 20ac 40b9 | 0008 0011 | 20ac 00b9 | 004c 1f12 | 1f00 0071 
  0x000000013a56df9c: 800d 0454 

  0x000000013a56dfa0: ;   {metadata(method data for {method} {0x0000000153d6d3c8} 'handler$llf000$xaeroworldmap$onRunTickStart' '(Lorg/spongepowered/asm/mixin/injection/callback/CallbackInfo;)V' in 'net/minecraft/class_310')}
  0x000000013a56dfa0: 0139 89d2 | 415e a6f2 | 6100 c0f2 | 2878 40f9 | 0805 0091 | 2878 00f9 

  0x000000013a56dfb8: ;   {metadata(method data for {method} {0x00000003325e0460} 'onMinecraftRunTick' '()V' in 'xaero/map/core/XaeroWorldMapCoreFabric')}
  0x000000013a56dfb8: 0162 89d2 | 415e a6f2 | 6100 c0f2 | 20ac 40b9 | 0008 0011 | 20ac 00b9 | 004c 1f12 | 1f00 0071 
  0x000000013a56dfd8: a00c 0454 

  0x000000013a56dfdc: ;   {oop(a 'java/lang/Class'{0x0000000726263cd8} = 'xaero/map/WorldMap')}
  0x000000013a56dfdc: 019b 87d2 | c1c4 a4f2 | e100 c0f2 | 2174 40b9 | 21f0 7dd3 | e003 1faa | 3f00 00eb 

  0x000000013a56dff8: ;   {metadata(method data for {method} {0x00000003325e0460} 'onMinecraftRunTick' '()V' in 'xaero/map/core/XaeroWorldMapCoreFabric')}
  0x000000013a56dff8: 0062 89d2 | 405e a6f2 | 6000 c0f2 | e80f 7cb2 | e903 78b2 | 0201 899a | 0368 62f8 | 6304 0091 
  0x000000013a56e018: 0368 22f8 | e008 0054 | 0101 00b5 

  0x000000013a56e024: ;   {metadata(method data for {method} {0x00000003325e0460} 'onMinecraftRunTick' '()V' in 'xaero/map/core/XaeroWorldMapCoreFabric')}
  0x000000013a56e024: 0362 89d2 | 435e a6f2 | 6300 c0f2 | 6824 4439 | 0801 40b2 | 6824 0439 | 3600 0014 

  0x000000013a56e040: ;   {metadata('xaero/map/WorldMapFabric')}
  0x000000013a56e040: 02d0 82d2 | e274 a0f2 | 021c c0f2 | 2808 40b9 | 0809 5bd2 | 1f01 02eb | e104 0054 

  0x000000013a56e05c: ;   {metadata(method data for {method} {0x00000003325e0460} 'onMinecraftRunTick' '()V' in 'xaero/map/core/XaeroWorldMapCoreFabric')}
  0x000000013a56e05c: 0362 89d2 | 435e a6f2 | 6300 c0f2 | 2208 40b9 | 4208 5bd2 | 6980 0491 | 2801 40f9 | 5f00 08eb 
  0x000000013a56e07c: a100 0054 | 6894 40f9 | 0805 0091 | 6894 00f9 | 2200 0014 | 69c0 0491 | 2801 40f9 | 5f00 08eb 
  0x000000013a56e09c: a100 0054 | 689c 40f9 | 0805 0091 | 689c 00f9 | 1a00 0014 | 6980 0491 | 2801 40f9 | c800 00b5 
  0x000000013a56e0bc: 2201 00f9 | e803 40b2 | 69a0 0491 | 2801 00f9 | 1200 0014 | 69c0 0491 | 2801 40f9 | c800 00b5 
  0x000000013a56e0dc: 2201 00f9 | e803 40b2 | 69e0 0491 | 2801 00f9 | 0a00 0014 | 0900 0014 

  0x000000013a56e0f4: ;   {metadata(method data for {method} {0x00000003325e0460} 'onMinecraftRunTick' '()V' in 'xaero/map/core/XaeroWorldMapCoreFabric')}
  0x000000013a56e0f4: 0362 89d2 | 435e a6f2 | 6300 c0f2 | 6888 40f9 | 0805 00d1 | 6888 00f9 | 2020 0014 | 0100 0014 
  0x000000013a56e114: ; implicit exception: dispatches to 0x000000013a576194
  0x000000013a56e114: 3f00 40f9 | e003 01aa 

  0x000000013a56e11c: ;   {metadata(method data for {method} {0x00000003325e0460} 'onMinecraftRunTick' '()V' in 'xaero/map/core/XaeroWorldMapCoreFabric')}
  0x000000013a56e11c: 0262 89d2 | 425e a6f2 | 6200 c0f2 | 48b0 40f9 | 0805 0091 | 48b0 00f9 

  0x000000013a56e134: ; ImmutableOopMap {[216]=Oop }
                      ;*invokevirtual tryLoadLater {reexecute=0 rethrow=0 return_oop=0}
                      ; - xaero.map.core.XaeroWorldMapCoreFabric::onMinecraftRunTick@12 (line 23)
                      ; - net.minecraft.class_310::handler$llf000$xaeroworldmap$onRunTickStart@0 (line 48032)
                      ; - net.minecraft.class_310::method_1523@14
                      ;   {optimized virtual_call}
  0x000000013a56e134: d736 9695 

  0x000000013a56e138: ;   {metadata(method data for {method} {0x00000003325e0460} 'onMinecraftRunTick' '()V' in 'xaero/map/core/XaeroWorldMapCoreFabric')}
  0x000000013a56e138: 0162 89d2 | 415e a6f2 | 6100 c0f2 | 28c0 40f9 | 0805 0091 | 28c0 00f9 

  0x000000013a56e150: ;   {metadata(method data for {method} {0x000000032cfd72c0} 'onMinecraftRunTick' '()V' in 'xaero/map/core/XaeroWorldMapCore')}
  0x000000013a56e150: 019b 89d2 | 415e a6f2 | 6100 c0f2 | 20ac 40b9 | 0008 0011 | 20ac 00b9 | 004c 1f12 | 1f00 0071 
  0x000000013a56e170: 4001 0454 

  0x000000013a56e174: ;   {oop(a 'java/lang/Class'{0x0000000726263cd8} = 'xaero/map/WorldMap')}
  0x000000013a56e174: 019b 87d2 | c1c4 a4f2 | e100 c0f2 | 2188 40b9 | 21f0 7dd3 | e003 1faa | 3f00 00eb 

  0x000000013a56e190: ;   {metadata(method data for {method} {0x000000032cfd72c0} 'onMinecraftRunTick' '()V' in 'xaero/map/core/XaeroWorldMapCore')}
  0x000000013a56e190: 009b 89d2 | 405e a6f2 | 6000 c0f2 | e80f 7cb2 | e903 78b2 | 0201 899a | 0368 62f8 | 6304 0091 
  0x000000013a56e1b0: 0368 22f8 | 8005 0054 

  0x000000013a56e1b8: ; implicit exception: dispatches to 0x000000013a5761b8
  0x000000013a56e1b8: 3f00 40f9 | e003 01aa 

  0x000000013a56e1c0: ;   {metadata(method data for {method} {0x000000032cfd72c0} 'onMinecraftRunTick' '()V' in 'xaero/map/core/XaeroWorldMapCore')}
  0x000000013a56e1c0: 029b 89d2 | 425e a6f2 | 6200 c0f2 | 0008 40b9 | 0008 5bd2 | 4980 0491 | 2801 40f9 | 1f00 08eb 
  0x000000013a56e1e0: a100 0054 | 4894 40f9 | 0805 0091 | 4894 00f9 | 1c00 0014 | 49c0 0491 | 2801 40f9 | 1f00 08eb 
  0x000000013a56e200: a100 0054 | 489c 40f9 | 0805 0091 | 489c 00f9 | 1400 0014 | 4980 0491 | 2801 40f9 | c800 00b5 
  0x000000013a56e220: 2001 00f9 | e803 40b2 | 49a0 0491 | 2801 00f9 | 0c00 0014 | 49c0 0491 | 2801 40f9 | c800 00b5 
  0x000000013a56e240: 2001 00f9 | e803 40b2 | 49e0 0491 | 2801 00f9 | 0400 0014 | 4888 40f9 | 0805 0091 | 4888 00f9 
  0x000000013a56e260: ; ImmutableOopMap {[216]=Oop }
                      ;*invokevirtual handleClientRunTickStart {reexecute=0 rethrow=0 return_oop=0}
                      ; - xaero.map.core.XaeroWorldMapCore::onMinecraftRunTick@9 (line 187)
                      ; - xaero.map.core.XaeroWorldMapCoreFabric::onMinecraftRunTick@15 (line 24)
                      ; - net.minecraft.class_310::handler$llf000$xaeroworldmap$onRunTickStart@0 (line 48032)
                      ; - net.minecraft.class_310::method_1523@14
                      ;   {optimized virtual_call}
  0x000000013a56e260: 4c25 0094 | e16f 40f9 | 2084 40b9 | 00f0 7dd3 

  0x000000013a56e270: ; implicit exception: dispatches to 0x000000013a5761bc
  0x000000013a56e270: 1f00 40f9 | e203 00aa 

  0x000000013a56e278: ;   {metadata(method data for {method} {0x0000000153d57718} 'method_1523' '(Z)V' in 'net/minecraft/class_310')}
  0x000000013a56e278: 03cb 84d2 | 435e a6f2 | 6300 c0f2 | 68a4 40f9 | 0805 0091 | 68a4 00f9 

  0x000000013a56e290: ;   {oop("Pre render"{0x00000007237a8cc0})}
  0x000000013a56e290: 0298 91d2 | 426f a4f2 | e200 c0f2 | 83e3 4039 | 7f00 0071 | e1f8 0354 | 48fc 43d3 | 0868 00b9 
  0x000000013a56e2b0: 0300 02ca | 63fc 55d3 | 7f00 00f1 | e1f8 0354 

  0x000000013a56e2c0: ;   {metadata(method data for {method} {0x0000000153d57718} 'method_1523' '(Z)V' in 'net/minecraft/class_310')}
  0x000000013a56e2c0: 00cb 84d2 | 405e a6f2 | 6000 c0f2 | 08c0 40f9 | 0805 0091 | 08c0 00f9 

  0x000000013a56e2d8: ;   {metadata(method data for {method} {0x0000000151c93650} 'method_648' '()J' in 'net/minecraft/class_156')}
  0x000000013a56e2d8: 0018 87d2 | 4059 a6f2 | 6000 c0f2 | 02ac 40b9 | 4208 0011 | 02ac 00b9 | 424c 1f12 | 5f00 0071 
  0x000000013a56e2f8: 80f7 0354 

  0x000000013a56e2fc: ;   {oop(a 'java/lang/Class'{0x00000007129eefa0} = 'net/minecraft/class_156')}
  0x000000013a56e2fc: 00f4 9dd2 | c053 a2f2 | e000 c0f2 | 0088 40b9 | 00f0 7dd3 

  0x000000013a56e310: ; implicit exception: dispatches to 0x000000013a576208
  0x000000013a56e310: 1f00 40f9 | e203 00aa 

  0x000000013a56e318: ;   {metadata(method data for {method} {0x0000000151c93650} 'method_648' '()J' in 'net/minecraft/class_156')}
  0x000000013a56e318: 0318 87d2 | 4359 a6f2 | 6300 c0f2 | 4208 40b9 | 4208 5bd2 | 6900 0491 | 2801 40f9 | 5f00 08eb 
  0x000000013a56e338: a100 0054 | 6884 40f9 | 0805 0091 | 6884 00f9 | 1c00 0014 | 6940 0491 | 2801 40f9 | 5f00 08eb 
  0x000000013a56e358: a100 0054 | 688c 40f9 | 0805 0091 | 688c 00f9 | 1400 0014 | 6900 0491 | 2801 40f9 | c800 00b5 
  0x000000013a56e378: 2201 00f9 | e803 40b2 | 6920 0491 | 2801 00f9 | 0c00 0014 | 6940 0491 | 2801 40f9 | c800 00b5 
  0x000000013a56e398: 2201 00f9 | e803 40b2 | 6960 0491 | 2801 00f9 | 0400 0014 | 6878 40f9 | 0805 0091 | 6878 00f9 
  0x000000013a56e3b8: e103 00aa | 0980 9cd2 | 8975 a0f2 | 091c c0f2 

  0x000000013a56e3c8: ; ImmutableOopMap {[216]=Oop }
                      ;*invokeinterface getAsLong {reexecute=0 rethrow=0 return_oop=0}
                      ; - net.minecraft.class_156::method_648@3 (line 126)
                      ; - net.minecraft.class_310::method_1523@27 (line 1154)
                      ;   {virtual_call}
  0x000000013a56e3c8: 7eea 9695 | e077 00f9 | e16f 40f9 | 2284 40b9 | 42f0 7dd3 

  0x000000013a56e3dc: ; implicit exception: dispatches to 0x000000013a57620c
  0x000000013a56e3dc: 5f00 40f9 | e303 02aa 

  0x000000013a56e3e4: ;   {metadata(method data for {method} {0x0000000153d57718} 'method_1523' '(Z)V' in 'net/minecraft/class_310')}
  0x000000013a56e3e4: 04cb 84d2 | 445e a6f2 | 6400 c0f2 | 88c8 40f9 | 0805 0091 | 88c8 00f9 

  0x000000013a56e3fc: ;   {metadata(method data for {method} {0x000000032b943d70} 'method_22093' '()Z' in 'net/minecraft/class_1041')}
  0x000000013a56e3fc: 031d 8ad2 | 435e a6f2 | 6300 c0f2 | 64ac 40b9 | 8408 0011 | 64ac 00b9 | 844c 1f12 | 9f00 0071 
  0x000000013a56e41c: a0ef 0354 

  0x000000013a56e420: ;   {metadata(method data for {method} {0x000000032b943d70} 'method_22093' '()Z' in 'net/minecraft/class_1041')}
  0x000000013a56e420: 031d 8ad2 | 435e a6f2 | 6300 c0f2 | 6878 40f9 | 0805 0091 | 6878 00f9 

  0x000000013a56e438: ;   {metadata(method data for {method} {0x00000003310e75e0} '_shouldClose' '(Lnet/minecraft/class_1041;)Z' in 'com/mojang/blaze3d/platform/GLX')}
  0x000000013a56e438: 0345 8ad2 | 435e a6f2 | 6300 c0f2 | 64ac 40b9 | 8408 0011 | 64ac 00b9 | 844c 1f12 | 9f00 0071 
  0x000000013a56e458: c0ee 0354 | e303 02aa 

  0x000000013a56e460: ;   {metadata(method data for {method} {0x00000003310e75e0} '_shouldClose' '(Lnet/minecraft/class_1041;)Z' in 'com/mojang/blaze3d/platform/GLX')}
  0x000000013a56e460: 0445 8ad2 | 445e a6f2 | 6400 c0f2 | 8878 40f9 | 0805 0091 | 8878 00f9 | 4308 40f9 

  0x000000013a56e47c: ;   {metadata(method data for {method} {0x00000003310e75e0} '_shouldClose' '(Lnet/minecraft/class_1041;)Z' in 'com/mojang/blaze3d/platform/GLX')}
  0x000000013a56e47c: 0245 8ad2 | 425e a6f2 | 6200 c0f2 | 4894 40f9 | 0805 0091 | 4894 00f9 | e103 03aa 

  0x000000013a56e498: ; ImmutableOopMap {[216]=Oop }
                      ;*invokestatic glfwWindowShouldClose {reexecute=0 rethrow=0 return_oop=0}
                      ; - com.mojang.blaze3d.platform.GLX::_shouldClose@4 (line 92)
                      ; - net.minecraft.class_1041::method_22093@1 (line 134)
                      ; - net.minecraft.class_310::method_1523@35 (line 1155)
                      ;   {static_call}
  0x000000013a56e498: aae4 a995 | 0100 0012 | 2100 0012 | 3f00 0071 

  0x000000013a56e4a8: ;   {metadata(method data for {method} {0x0000000153d57718} 'method_1523' '(Z)V' in 'net/minecraft/class_310')}
  0x000000013a56e4a8: 01cb 84d2 | 415e a6f2 | 6100 c0f2 | 0839 80d2 | 093b 80d2 | 0001 899a | 2268 60f8 | 4204 0091 
  0x000000013a56e4c8: 2268 20f8 | e16f 40f9 | 4009 0054 | e003 01aa 

  0x000000013a56e4d8: ;   {metadata(method data for {method} {0x0000000153d57718} 'method_1523' '(Z)V' in 'net/minecraft/class_310')}
  0x000000013a56e4d8: 02cb 84d2 | 425e a6f2 | 6200 c0f2 

  0x000000013a56e4e4: ;   {metadata('net/minecraft/class_310')}
  0x000000013a56e4e4: 0800 80d2 | e835 a0f2 | 081c c0f2 | 49e0 0791 | 2801 00f9 | 4800 41f9 | 0805 0091 | 4800 01f9 
  0x000000013a56e504: ;   {metadata(method data for {method} {0x0000000153d595d8} 'method_1592' '()V' in 'net/minecraft/class_310')}
  0x000000013a56e504: 0074 8ad2 | 405e a6f2 | 6000 c0f2 | 02ac 40b9 | 4208 0011 | 02ac 00b9 | 424c 1f12 | 5f00 0071 
  0x000000013a56e524: 60e9 0354 | e003 01aa 

  0x000000013a56e52c: ;   {metadata(method data for {method} {0x0000000153d595d8} 'method_1592' '()V' in 'net/minecraft/class_310')}
  0x000000013a56e52c: 0274 8ad2 | 425e a6f2 | 6200 c0f2 | 4878 40f9 | 0805 0091 | 4878 00f9 

  0x000000013a56e544: ;   {metadata(method data for {method} {0x0000000153d647c8} 'handler$eml000$fancymenu$before_stop_FancyMenu' '(Lorg/spongepowered/asm/mixin/injection/callback/CallbackInfo;)V' in 'net/minecraft/class_310')}
  0x000000013a56e544: 009a 8ad2 | 405e a6f2 | 6000 c0f2 | 02ac 40b9 | 4208 0011 | 02ac 00b9 | 424c 1f12 | 5f00 0071 
  0x000000013a56e564: 60e8 0354 | 2084 4139 | 1f00 0071 

  0x000000013a56e570: ;   {metadata(method data for {method} {0x0000000153d647c8} 'handler$eml000$fancymenu$before_stop_FancyMenu' '(Lorg/spongepowered/asm/mixin/injection/callback/CallbackInfo;)V' in 'net/minecraft/class_310')}
  0x000000013a56e570: 009a 8ad2 | 405e a6f2 | 6000 c0f2 | e80f 7cb2 | e903 78b2 | 0211 899a | 0368 62f8 | 6304 0091 
  0x000000013a56e590: 0368 22f8 | 8102 0054 | e003 0032 | 2084 0139 

  0x000000013a56e5a0: ;   {oop(a 'de/keksuccino/fancymenu/customization/listener/listeners/OnQuitMinecraftListener'{0x000000072459b798})}
  0x000000013a56e5a0: 00f3 96d2 | 208b a4f2 | e000 c0f2 | e203 00aa 

  0x000000013a56e5b0: ;   {metadata(method data for {method} {0x0000000153d647c8} 'handler$eml000$fancymenu$before_stop_FancyMenu' '(Lorg/spongepowered/asm/mixin/injection/callback/CallbackInfo;)V' in 'net/minecraft/class_310')}
  0x000000013a56e5b0: 039a 8ad2 | 435e a6f2 | 6300 c0f2 

  0x000000013a56e5bc: ;   {metadata('de/keksuccino/fancymenu/customization/listener/listeners/OnQuitMinecraftListener')}
  0x000000013a56e5bc: 0893 8ed2 | c879 a0f2 | 081c c0f2 | 6980 0491 | 2801 00f9 | 6894 40f9 | 0805 0091 | 6894 00f9 
  0x000000013a56e5dc: e103 00aa 

  0x000000013a56e5e0: ; ImmutableOopMap {[216]=Oop }
                      ;*invokevirtual onQuitMinecraft {reexecute=0 rethrow=0 return_oop=0}
                      ; - net.minecraft.class_310::handler$eml000$fancymenu$before_stop_FancyMenu@15 (line 18069)
                      ; - net.minecraft.class_310::method_1592@2
                      ; - net.minecraft.class_310::method_1523@42 (line 1156)
                      ;   {optimized virtual_call}
  0x000000013a56e5e0: 481a 4095 | e16f 40f9 | 0200 a052 | bf3b 03d5 | 22ac 0139 | bf3b 03d5 | 20a0 41b9 | 00f0 7dd3 
  0x000000013a56e600: e203 1faa | 1f00 02eb 

  0x000000013a56e608: ;   {metadata(method data for {method} {0x0000000153d57718} 'method_1523' '(Z)V' in 'net/minecraft/class_310')}
  0x000000013a56e608: 02cb 84d2 | 425e a6f2 | 6200 c0f2 | 0844 80d2 | 0946 80d2 | 0301 899a | 4468 63f8 | 8404 0091 
  0x000000013a56e628: 4468 23f8 | 2026 0054 | 228c 41b9 | 42f0 7dd3 | 0201 00b5 

  0x000000013a56e63c: ;   {metadata(method data for {method} {0x0000000153d57718} 'method_1523' '(Z)V' in 'net/minecraft/class_310')}
  0x000000013a56e63c: 05cb 84d2 | 455e a6f2 | 6500 c0f2 | a8e4 4839 | 0801 40b2 | a8e4 0839 | 3600 0014 

  0x000000013a56e658: ;   {metadata('net/minecraft/class_425')}
  0x000000013a56e658: 0415 85d2 | e435 a0f2 | 041c c0f2 | 4808 40b9 | 0809 5bd2 | 1f01 04eb | e104 0054 

  0x000000013a56e674: ;   {metadata(method data for {method} {0x0000000153d57718} 'method_1523' '(Z)V' in 'net/minecraft/class_310')}
  0x000000013a56e674: 05cb 84d2 | 455e a6f2 | 6500 c0f2 | 4408 40b9 | 8408 5bd2 | a940 0991 | 2801 40f9 | 9f00 08eb 
  0x000000013a56e694: a100 0054 | a82c 41f9 | 0805 0091 | a82c 01f9 | 2400 0014 | a980 0991 | 2801 40f9 | 9f00 08eb 
  0x000000013a56e6b4: a100 0054 | a834 41f9 | 0805 0091 | a834 01f9 | 1c00 0014 | a940 0991 | 2801 40f9 | c800 00b5 
  0x000000013a56e6d4: 2401 00f9 | e803 40b2 | a960 0991 | 2801 00f9 | 1400 0014 | a980 0991 | 2801 40f9 | c800 00b5 
  0x000000013a56e6f4: 2401 00f9 | e803 40b2 | a9a0 0991 | 2801 00f9 | 0c00 0014 | 0b00 0014 

  0x000000013a56e70c: ;   {metadata(method data for {method} {0x0000000153d57718} 'method_1523' '(Z)V' in 'net/minecraft/class_310')}
  0x000000013a56e70c: 05cb 84d2 | 455e a6f2 | 6500 c0f2 | a820 41f9 | 0805 00d1 | a820 01f9 | 0200 0014 | 0300 0014 
  0x000000013a56e72c: e203 1faa | 0200 0014 | e203 40b2 | 5f00 0071 

  0x000000013a56e73c: ;   {metadata(method data for {method} {0x0000000153d57718} 'method_1523' '(Z)V' in 'net/minecraft/class_310')}
  0x000000013a56e73c: 02cb 84d2 | 425e a6f2 | 6200 c0f2 | 084f 80d2 | 0951 80d2 | 0311 899a | 4468 63f8 | 8404 0091 
  0x000000013a56e75c: 4468 23f8 | 811c 0054 | e07b 00f9 | 82e3 4039 | 5f00 0071 | 01d9 0354 | 3fa0 01b9 | e203 01aa 
  0x000000013a56e77c: ;   {metadata(method data for {method} {0x0000000153d57718} 'method_1523' '(Z)V' in 'net/minecraft/class_310')}
  0x000000013a56e77c: 03cb 84d2 | 435e a6f2 | 6300 c0f2 

  0x000000013a56e788: ;   {metadata('net/minecraft/class_310')}
  0x000000013a56e788: 0800 80d2 | e835 a0f2 | 081c c0f2 | 69a0 0a91 | 2801 00f9 | 6858 41f9 | 0805 0091 | 6858 01f9 
  0x000000013a56e7a8: ;   {metadata(method data for {method} {0x0000000153d56858} 'method_1521' '()Ljava/util/concurrent/CompletableFuture;' in 'net/minecraft/class_310')}
  0x000000013a56e7a8: 0206 8bd2 | 425e a6f2 | 6200 c0f2 | 43ac 40b9 | 6308 0011 | 43ac 00b9 | 634c 1f12 | 7f00 0071 
  0x000000013a56e7c8: 00d7 0354 | e203 01aa 

  0x000000013a56e7d0: ;   {metadata(method data for {method} {0x0000000153d56858} 'method_1521' '()Ljava/util/concurrent/CompletableFuture;' in 'net/minecraft/class_310')}
  0x000000013a56e7d0: 0306 8bd2 | 435e a6f2 | 6300 c0f2 | 6878 40f9 | 0805 0091 | 6878 00f9 | 0200 a052 | e303 01aa 
  0x000000013a56e7f0: e103 03aa 

  0x000000013a56e7f4: ; ImmutableOopMap {[240]=Oop [216]=Oop }
                      ;*invokevirtual method_36561 {reexecute=0 rethrow=0 return_oop=0}
                      ; - net.minecraft.class_310::method_1521@2 (line 928)
                      ; - net.minecraft.class_310::method_1523@74 (line 1163)
                      ;   {optimized virtual_call}
  0x000000013a56e7f4: c319 4095 | e16f 40f9 

  0x000000013a56e7fc: ;   {metadata(method data for {method} {0x0000000153d56858} 'method_1521' '()Ljava/util/concurrent/CompletableFuture;' in 'net/minecraft/class_310')}
  0x000000013a56e7fc: 0206 8bd2 | 425e a6f2 | 6200 c0f2 | 4894 40f9 | 0805 0091 | 4894 00f9 

  0x000000013a56e814: ;   {metadata(method data for {method} {0x0000000153d6b280} 'handler$jia000$sodium$postResourceReload' '(Lorg/spongepowered/asm/mixin/injection/callback/CallbackInfoReturnable;)V' in 'net/minecraft/class_310')}
  0x000000013a56e814: 01a6 8bd2 | 415e a6f2 | 6100 c0f2 | 22ac 40b9 | 4208 0011 | 22ac 00b9 | 424c 1f12 | 5f00 0071 
  0x000000013a56e834: a0d4 0354 | e16f 40f9 | 22ec 40b9 | 42f0 7dd3 

  0x000000013a56e844: ;   {metadata(method data for {method} {0x0000000153d6b280} 'handler$jia000$sodium$postResourceReload' '(Lorg/spongepowered/asm/mixin/injection/callback/CallbackInfoReturnable;)V' in 'net/minecraft/class_310')}
  0x000000013a56e844: 03a6 8bd2 | 435e a6f2 | 6300 c0f2 | 6878 40f9 | 0805 0091 | 6878 00f9 | e103 02aa | e07f 00f9 
  0x000000013a56e864: ; ImmutableOopMap {[240]=Oop [248]=Oop [216]=Oop }
                      ;*invokestatic checkIfCoreShaderLoaded {reexecute=0 rethrow=0 return_oop=0}
                      ; - net.minecraft.class_310::handler$jia000$sodium$postResourceReload@4 (line 36584)
                      ; - net.minecraft.class_310::method_1521@7 (line 928)
                      ; - net.minecraft.class_310::method_1523@74 (line 1163)
                      ;   {static_call}
  0x000000013a56e864: 271b 4095 

  0x000000013a56e868: ; ImmutableOopMap {[240]=Oop [248]=Oop [216]=Oop }
                      ;*invokedynamic {reexecute=0 rethrow=0 return_oop=0}
                      ; - net.minecraft.class_310::method_1523@79 (line 1163)
                      ;   {runtime_call load_appendix_patching Runtime1 stub}
  0x000000013a56e868: a6eb 4295 | e17b 40f9 

  0x000000013a56e870: ; ImmutableOopMap {[248]=Oop [216]=Oop }
                      ;*invokedynamic {reexecute=0 rethrow=0 return_oop=0}
                      ; - net.minecraft.class_310::method_1523@79 (line 1163)
                      ;   {static_call}
  0x000000013a56e870: 241b 4095 

  0x000000013a56e874: ;   {metadata(method data for {method} {0x0000000153d57718} 'method_1523' '(Z)V' in 'net/minecraft/class_310')}
  0x000000013a56e874: 02cb 84d2 | 425e a6f2 | 6200 c0f2 | 42c0 0b91 | e303 00aa | a300 00b5 | 4900 40f9 | 2901 40b2 
  0x000000013a56e894: 4900 00f9 | 1600 0014 | 6308 40b9 | 6308 5bd2 | 4900 40f9 | 6300 09ca | 68f4 7e92 | 0802 00b4 
  0x000000013a56e8b4: e301 0837 | a901 00b4 | 3f05 00f1 | 6001 0054 | bf39 03d5 | 6300 09ca | 4900 40f9 | 6300 09ca 
  0x000000013a56e8d4: 68f4 7e92 | c800 00b4 | 4900 40f9 | 2901 7fb2 | 4900 00f9 | 0200 0014 | 4300 00f9 | e17f 40f9 
  0x000000013a56e8f4: ; implicit exception: dispatches to 0x000000013a5762e8
  0x000000013a56e8f4: 3f00 40f9 | e203 01aa 

  0x000000013a56e8fc: ;   {metadata(method data for {method} {0x0000000153d57718} 'method_1523' '(Z)V' in 'net/minecraft/class_310')}
  0x000000013a56e8fc: 03cb 84d2 | 435e a6f2 | 6300 c0f2 | 4208 40b9 | 4208 5bd2 | 6940 0c91 | 2801 40f9 | 5f00 08eb 
  0x000000013a56e91c: a100 0054 | 688c 41f9 | 0805 0091 | 688c 01f9 | 1c00 0014 | 6980 0c91 | 2801 40f9 | 5f00 08eb 
  0x000000013a56e93c: a100 0054 | 6894 41f9 | 0805 0091 | 6894 01f9 | 1400 0014 | 6940 0c91 | 2801 40f9 | c800 00b5 
  0x000000013a56e95c: 2201 00f9 | e803 40b2 | 6960 0c91 | 2801 00f9 | 0c00 0014 | 6980 0c91 | 2801 40f9 | c800 00b5 
  0x000000013a56e97c: 2201 00f9 | e803 40b2 | 69a0 0c91 | 2801 00f9 | 0400 0014 | 6880 41f9 | 0805 0091 | 6880 01f9 
  0x000000013a56e99c: ;   {metadata(method data for {method} {0x0000000150058960} 'thenRun' '(Ljava/lang/Runnable;)Ljava/util/concurrent/CompletableFuture;' in 'java/util/concurrent/CompletableFuture')}
  0x000000013a56e99c: 02f7 9bd2 | 025a a6f2 | 6200 c0f2 | 43ac 40b9 | 6308 0011 | 43ac 00b9 | 634c 1f12 | 7f00 0071 
  0x000000013a56e9bc: 80c9 0354 | e203 01aa 

  0x000000013a56e9c4: ;   {metadata(method data for {method} {0x0000000150058960} 'thenRun' '(Ljava/lang/Runnable;)Ljava/util/concurrent/CompletableFuture;' in 'java/util/concurrent/CompletableFuture')}
  0x000000013a56e9c4: 03f7 9bd2 | 035a a6f2 | 6300 c0f2 | 6878 40f9 | 0805 0091 | 6878 00f9 | e203 1faa | e303 00aa 
  0x000000013a56e9e4: ; ImmutableOopMap {[216]=Oop }
                      ;*invokevirtual uniRunStage {reexecute=0 rethrow=0 return_oop=0}
                      ; - java.util.concurrent.CompletableFuture::thenRun@3
                      ; - net.minecraft.class_310::method_1523@84 (line 1163)
                      ;   {optimized virtual_call}
  0x000000013a56e9e4: 4719 4095 | e16f 40f9 | 4100 0014 

  0x000000013a56e9f0: ; implicit exception: dispatches to 0x000000013a57630c
  0x000000013a56e9f0: 3f00 40f9 | e003 01aa 

  0x000000013a56e9f8: ;   {metadata(method data for {method} {0x0000000153d57718} 'method_1523' '(Z)V' in 'net/minecraft/class_310')}
  0x000000013a56e9f8: 02cb 84d2 | 425e a6f2 | 6200 c0f2 | 0008 40b9 | 0008 5bd2 | 4960 0f91 | 2801 40f9 | 1f00 08eb 
  0x000000013a56ea18: a100 0054 | 48f0 41f9 | 0805 0091 | 48f0 01f9 | 1c00 0014 | 49a0 0f91 | 2801 40f9 | 1f00 08eb 
  0x000000013a56ea38: a100 0054 | 48f8 41f9 | 0805 0091 | 48f8 01f9 | 1400 0014 | 4960 0f91 | 2801 40f9 | c800 00b5 
  0x000000013a56ea58: 2001 00f9 | e803 40b2 | 4980 0f91 | 2801 00f9 | 0c00 0014 | 49a0 0f91 | 2801 40f9 | c800 00b5 
  0x000000013a56ea78: 2001 00f9 | e803 40b2 | 49c0 0f91 | 2801 00f9 | 0400 0014 | 48e4 41f9 | 0805 0091 | 48e4 01f9 
  0x000000013a56ea98: 0968 96d2 | 29eb a0f2 | 0900 ccf2 

  0x000000013a56eaa4: ; ImmutableOopMap {[216]=Oop }
                      ;*invokeinterface run {reexecute=0 rethrow=0 return_oop=0}
                      ; - net.minecraft.class_310::method_1523@108 (line 1168)
                      ;   {virtual_call}
  0x000000013a56eaa4: fb15 4095 

  0x000000013a56eaa8: ;   {metadata(method data for {method} {0x0000000153d57718} 'method_1523' '(Z)V' in 'net/minecraft/class_310')}
  0x000000013a56eaa8: 01cb 84d2 | 415e a6f2 | 6100 c0f2 | 20b0 40b9 | 0008 0011 | 20b0 00b9 | 0030 1f12 | 1f00 0071 
  0x000000013a56eac8: 40c2 0354 

  0x000000013a56eacc: ; ImmutableOopMap {[216]=Oop }
                      ;*goto {reexecute=1 rethrow=0 return_oop=0}
                      ; - (reexecute) net.minecraft.class_310::method_1523@113 (line 1168)
  0x000000013a56eacc: 88ab 41f9 

  0x000000013a56ead0: ;   {poll}
  0x000000013a56ead0: 1f01 40b9 

  0x000000013a56ead4: ;   {metadata(method data for {method} {0x0000000153d57718} 'method_1523' '(Z)V' in 'net/minecraft/class_310')}
  0x000000013a56ead4: 01cb 84d2 | 415e a6f2 | 6100 c0f2 | 2000 42f9 | 0004 0091 | 2000 02f9 | e16f 40f9 | 209c 41b9 
  0x000000013a56eaf4: 00f0 7dd3 

  0x000000013a56eaf8: ; implicit exception: dispatches to 0x000000013a576330
  0x000000013a56eaf8: 1f00 40f9 | e203 00aa 

  0x000000013a56eb00: ;   {metadata(method data for {method} {0x0000000153d57718} 'method_1523' '(Z)V' in 'net/minecraft/class_310')}
  0x000000013a56eb00: 03cb 84d2 | 435e a6f2 | 6300 c0f2 | 4208 40b9 | 4208 5bd2 | 6920 0d91 | 2801 40f9 | 5f00 08eb 
  0x000000013a56eb20: a100 0054 | 68a8 41f9 | 0805 0091 | 68a8 01f9 | 1c00 0014 | 6960 0d91 | 2801 40f9 | 5f00 08eb 
  0x000000013a56eb40: a100 0054 | 68b0 41f9 | 0805 0091 | 68b0 01f9 | 1400 0014 | 6920 0d91 | 2801 40f9 | c800 00b5 
  0x000000013a56eb60: 2201 00f9 | e803 40b2 | 6940 0d91 | 2801 00f9 | 0c00 0014 | 6960 0d91 | 2801 40f9 | c800 00b5 
  0x000000013a56eb80: 2201 00f9 | e803 40b2 | 6980 0d91 | 2801 00f9 | 0400 0014 | 689c 41f9 | 0805 0091 | 689c 01f9 
  0x000000013a56eba0: e103 00aa | 0906 88d2 | 8921 a0f2 | 091c c0f2 

  0x000000013a56ebb0: ; ImmutableOopMap {[216]=Oop }
                      ;*invokeinterface poll {reexecute=0 rethrow=0 return_oop=0}
                      ; - net.minecraft.class_310::method_1523@92 (line 1167)
                      ;   {virtual_call}
  0x000000013a56ebb0: 2451 a095 | 0001 00b5 

  0x000000013a56ebb8: ;   {metadata(method data for {method} {0x0000000153d57718} 'method_1523' '(Z)V' in 'net/minecraft/class_310')}
  0x000000013a56ebb8: 03cb 84d2 | 435e a6f2 | 6300 c0f2 | 68a4 4d39 | 0801 40b2 | 68a4 0d39 | 3d00 0014 

  0x000000013a56ebd4: ;   {metadata('java/lang/Runnable')}
  0x000000013a56ebd4: 02e7 9dd2 | 2200 a0f2 | 021c c0f2 | 0308 40b9 | 6308 5bd2 | 6810 40f9 | 5f00 08eb | e000 0054 
  0x000000013a56ebf4: 7f00 02eb | a000 0054 | e30b bfa9 

  0x000000013a56ec00: ;   {runtime_call slow_subtype_check Runtime1 stub}
  0x000000013a56ec00: 00e4 4295 | e307 41f8 | e304 0034 

  0x000000013a56ec0c: ;   {metadata(method data for {method} {0x0000000153d57718} 'method_1523' '(Z)V' in 'net/minecraft/class_310')}
  0x000000013a56ec0c: 03cb 84d2 | 435e a6f2 | 6300 c0f2 | 0208 40b9 | 4208 5bd2 | 6900 0e91 | 2801 40f9 | 5f00 08eb 
  0x000000013a56ec2c: a100 0054 | 68c4 41f9 | 0805 0091 | 68c4 01f9 | 2200 0014 | 6940 0e91 | 2801 40f9 | 5f00 08eb 
  0x000000013a56ec4c: a100 0054 | 68cc 41f9 | 0805 0091 | 68cc 01f9 | 1a00 0014 | 6900 0e91 | 2801 40f9 | c800 00b5 
  0x000000013a56ec6c: 2201 00f9 | e803 40b2 | 6920 0e91 | 2801 00f9 | 1200 0014 | 6940 0e91 | 2801 40f9 | c800 00b5 
  0x000000013a56ec8c: 2201 00f9 | e803 40b2 | 6960 0e91 | 2801 00f9 | 0a00 0014 | 0900 0014 

  0x000000013a56eca4: ;   {metadata(method data for {method} {0x0000000153d57718} 'method_1523' '(Z)V' in 'net/minecraft/class_310')}
  0x000000013a56eca4: 03cb 84d2 | 435e a6f2 | 6300 c0f2 | 68b8 41f9 | 0805 00d1 | 68b8 01f9 | 9e1d 0014 | 0100 0014 
  0x000000013a56ecc4: e103 00aa | e003 1faa | 3f00 00eb 

  0x000000013a56ecd0: ;   {metadata(method data for {method} {0x0000000153d57718} 'method_1523' '(Z)V' in 'net/minecraft/class_310')}
  0x000000013a56ecd0: 00cb 84d2 | 405e a6f2 | 6000 c0f2 | 0877 80d2 | 0975 80d2 | 0211 899a | 0368 62f8 | 6304 0091 
  0x000000013a56ecf0: 0368 22f8 | e1e7 ff54 | e2e3 40b9 | 5f00 0071 

  0x000000013a56ed00: ;   {metadata(method data for {method} {0x0000000153d57718} 'method_1523' '(Z)V' in 'net/minecraft/class_310')}
  0x000000013a56ed00: 01cb 84d2 | 415e a6f2 | 6100 c0f2 | 0883 80d2 | 0985 80d2 | 0001 899a | 2368 60f8 | 6304 0091 
  0x000000013a56ed20: 2368 20f8 | e16f 40f9 | 6043 0054 | 2088 40b9 | 00f0 7dd3 

  0x000000013a56ed34: ;   {metadata(method data for {method} {0x0000000153d57718} 'method_1523' '(Z)V' in 'net/minecraft/class_310')}
  0x000000013a56ed34: 03cb 84d2 | 435e a6f2 | 6300 c0f2 | 681c 42f9 | 0805 0091 | 681c 02f9 

  0x000000013a56ed4c: ;   {metadata(method data for {method} {0x0000000151c935b0} 'method_658' '()J' in 'net/minecraft/class_156')}
  0x000000013a56ed4c: 0303 9cd2 | 6359 a6f2 | 6300 c0f2 | 64ac 40b9 | 8408 0011 | 64ac 00b9 | 844c 1f12 | 9f00 0071 
  0x000000013a56ed6c: 80ae 0354 

  0x000000013a56ed70: ;   {metadata(method data for {method} {0x0000000151c935b0} 'method_658' '()J' in 'net/minecraft/class_156')}
  0x000000013a56ed70: 0303 9cd2 | 6359 a6f2 | 6300 c0f2 | 6878 40f9 | 0805 0091 | 6878 00f9 

  0x000000013a56ed88: ;   {metadata(method data for {method} {0x0000000151c93650} 'method_648' '()J' in 'net/minecraft/class_156')}
  0x000000013a56ed88: 0318 87d2 | 4359 a6f2 | 6300 c0f2 | 64ac 40b9 | 8408 0011 | 64ac 00b9 | 844c 1f12 | 9f00 0071 
  0x000000013a56eda8: a0ad 0354 

  0x000000013a56edac: ;   {oop(a 'java/lang/Class'{0x00000007129eefa0} = 'net/minecraft/class_156')}
  0x000000013a56edac: 03f4 9dd2 | c353 a2f2 | e300 c0f2 | 6388 40b9 | 63f0 7dd3 

  0x000000013a56edc0: ; implicit exception: dispatches to 0x000000013a57637c
  0x000000013a56edc0: 7f00 40f9 | e403 03aa 

  0x000000013a56edc8: ;   {metadata(method data for {method} {0x0000000151c93650} 'method_648' '()J' in 'net/minecraft/class_156')}
  0x000000013a56edc8: 0518 87d2 | 4559 a6f2 | 6500 c0f2 | 8408 40b9 | 8408 5bd2 | a900 0491 | 2801 40f9 | 9f00 08eb 
  0x000000013a56ede8: a100 0054 | a884 40f9 | 0805 0091 | a884 00f9 | 1c00 0014 | a940 0491 | 2801 40f9 | 9f00 08eb 
  0x000000013a56ee08: a100 0054 | a88c 40f9 | 0805 0091 | a88c 00f9 | 1400 0014 | a900 0491 | 2801 40f9 | c800 00b5 
  0x000000013a56ee28: 2401 00f9 | e803 40b2 | a920 0491 | 2801 00f9 | 0c00 0014 | a940 0491 | 2801 40f9 | c800 00b5 
  0x000000013a56ee48: 2401 00f9 | e803 40b2 | a960 0491 | 2801 00f9 | 0400 0014 | a878 40f9 | 0805 0091 | a878 00f9 
  0x000000013a56ee68: e103 03aa | e083 00f9 | 0980 9cd2 | 8975 a0f2 | 091c c0f2 

  0x000000013a56ee7c: ; ImmutableOopMap {[216]=Oop [256]=Oop }
                      ;*invokeinterface getAsLong {reexecute=0 rethrow=0 return_oop=0}
                      ; - net.minecraft.class_156::method_648@3 (line 126)
                      ; - net.minecraft.class_156::method_658@0 (line 122)
                      ; - net.minecraft.class_310::method_1523@124 (line 1172)
                      ;   {virtual_call}
  0x000000013a56ee7c: d1e7 9695 | 0248 88d2 | e201 a0f2 | 010c c29a | e083 40f9 

  0x000000013a56ee90: ; implicit exception: dispatches to 0x000000013a576380
  0x000000013a56ee90: 1f00 40f9 | e203 00aa 

  0x000000013a56ee98: ;   {metadata(method data for {method} {0x0000000153d57718} 'method_1523' '(Z)V' in 'net/minecraft/class_310')}
  0x000000013a56ee98: 03cb 84d2 | 435e a6f2 | 6300 c0f2 | 6830 42f9 | 0805 0091 | 6830 02f9 | e203 01aa | e103 00aa 
  0x000000013a56eeb8: ; ImmutableOopMap {[216]=Oop }
                      ;*invokevirtual method_1658 {reexecute=0 rethrow=0 return_oop=0}
                      ; - net.minecraft.class_310::method_1523@127 (line 1172)
                      ;   {optimized virtual_call}
  0x000000013a56eeb8: 361a b795 | e0e7 00b9 | e16f 40f9 | 22a8 41b9 | 42f0 7dd3 | e303 01aa 

  0x000000013a56eed0: ;   {metadata(method data for {method} {0x0000000153d57718} 'method_1523' '(Z)V' in 'net/minecraft/class_310')}
  0x000000013a56eed0: 04cb 84d2 | 445e a6f2 | 6400 c0f2 | 8840 42f9 | 0805 0091 | 8840 02f9 

  0x000000013a56eee8: ;   {metadata(method data for {method} {0x0000000153d6e2b0} 'handler$mfb000$updateInReplay' '(Lorg/spongepowered/asm/mixin/injection/callback/CallbackInfo;)V' in 'net/minecraft/class_310')}
  0x000000013a56eee8: 0346 8cd2 | 435e a6f2 | 6300 c0f2 | 64ac 40b9 | 8408 0011 | 64ac 00b9 | 844c 1f12 | 9f00 0071 
  0x000000013a56ef08: e0a3 0354 

  0x000000013a56ef0c: ;   {metadata(method data for {method} {0x0000000153d6e2b0} 'handler$mfb000$updateInReplay' '(Lorg/spongepowered/asm/mixin/injection/callback/CallbackInfo;)V' in 'net/minecraft/class_310')}
  0x000000013a56ef0c: 0346 8cd2 | 435e a6f2 | 6300 c0f2 | 6878 40f9 | 0805 0091 | 6878 00f9 | e287 00f9 

  0x000000013a56ef28: ; ImmutableOopMap {[216]=Oop [264]=Oop }
                      ;*invokestatic updateInReplay {reexecute=0 rethrow=0 return_oop=0}
                      ; - net.minecraft.class_310::handler$mfb000$updateInReplay@0 (line 51007)
                      ; - net.minecraft.class_310::method_1523@138 (line 1174)
                      ;   {static_call}
  0x000000013a56ef28: 361b b795 | e287 40f9 | 4201 00b4 

  0x000000013a56ef34: ;   {metadata('net/minecraft/class_3694')}
  0x000000013a56ef34: 0312 8ed2 | 2336 a0f2 | 031c c0f2 | 4408 40b9 | 8408 5bd2 | 881c 40f9 | 7f00 08eb | a1a2 0354 
  0x000000013a56ef54: 0100 0014 | e103 02aa 

  0x000000013a56ef5c: ; implicit exception: dispatches to 0x000000013a5763a8
  0x000000013a56ef5c: 5f00 40f9 

  0x000000013a56ef60: ;   {metadata(method data for {method} {0x0000000153d57718} 'method_1523' '(Z)V' in 'net/minecraft/class_310')}
  0x000000013a56ef60: 01cb 84d2 | 415e a6f2 | 6100 c0f2 | 2854 42f9 | 0805 0091 | 2854 02f9 

  0x000000013a56ef78: ;   {metadata(method data for {method} {0x0000000153e3ea08} 'method_15396' '(Ljava/lang/String;)V' in 'net/minecraft/class_3694')}
  0x000000013a56ef78: 01c4 9cd2 | 214e a6f2 | 6100 c0f2 | 20ac 40b9 | 0008 0011 | 20ac 00b9 | 004c 1f12 | 1f00 0071 
  0x000000013a56ef98: a0a0 0354 | e16f 40f9 

  0x000000013a56efa0: ;   {metadata(method data for {method} {0x0000000153d57718} 'method_1523' '(Z)V' in 'net/minecraft/class_310')}
  0x000000013a56efa0: 00cb 84d2 | 405e a6f2 | 6000 c0f2 | 2108 40b9 | 2108 5bd2 | 0960 1391 | 2801 40f9 | 3f00 08eb 
  0x000000013a56efc0: a100 0054 | 0870 42f9 | 0805 0091 | 0870 02f9 | 1c00 0014 | 09a0 1391 | 2801 40f9 | 3f00 08eb 
  0x000000013a56efe0: a100 0054 | 0878 42f9 | 0805 0091 | 0878 02f9 | 1400 0014 | 0960 1391 | 2801 40f9 | c800 00b5 
  0x000000013a56f000: 2101 00f9 | e803 40b2 | 0980 1391 | 2801 00f9 | 0c00 0014 | 09a0 1391 | 2801 40f9 | c800 00b5 
  0x000000013a56f020: 2101 00f9 | e803 40b2 | 09c0 1391 | 2801 00f9 | 0400 0014 | 0864 42f9 | 0805 0091 | 0864 02f9 
  0x000000013a56f040: ;   {metadata(method data for {method} {0x0000000153d73110} 'method_5383' '()V' in 'net/minecraft/class_1255')}
  0x000000013a56f040: 01d4 88d2 | c15d a6f2 | 6100 c0f2 | 20ac 40b9 | 0008 0011 | 20ac 00b9 | 004c 1f12 | 1f00 0071 
  0x000000013a56f060: 609b 0354 | 1200 0014 

  0x000000013a56f068: ;   {metadata(method data for {method} {0x0000000153d73110} 'method_5383' '()V' in 'net/minecraft/class_1255')}
  0x000000013a56f068: 01d4 88d2 | c15d a6f2 | 6100 c0f2 | 20b0 40b9 | 0008 0011 | 20b0 00b9 | 0030 1f12 | 1f00 0071 
  0x000000013a56f088: 209b 0354 

  0x000000013a56f08c: ; ImmutableOopMap {[216]=Oop }
                      ;*goto {reexecute=1 rethrow=0 return_oop=0}
                      ; - (reexecute) net.minecraft.class_1255::method_5383@7 (line 115)
                      ; - net.minecraft.class_310::method_1523@150 (line 1175)
  0x000000013a56f08c: 88ab 41f9 

  0x000000013a56f090: ;   {poll}
  0x000000013a56f090: 1f01 40b9 

  0x000000013a56f094: ;   {metadata(method data for {method} {0x0000000153d73110} 'method_5383' '()V' in 'net/minecraft/class_1255')}
  0x000000013a56f094: 01d4 88d2 | c15d a6f2 | 6100 c0f2 | 20a4 40f9 | 0004 0091 | 20a4 00f9 | e16f 40f9 | e003 01aa 
  0x000000013a56f0b4: ;   {metadata(method data for {method} {0x0000000153d73110} 'method_5383' '()V' in 'net/minecraft/class_1255')}
  0x000000013a56f0b4: 02d4 88d2 | c25d a6f2 | 6200 c0f2 | 0008 40b9 | 0008 5bd2 | 4900 0491 | 2801 40f9 | 1f00 08eb 
  0x000000013a56f0d4: a100 0054 | 4884 40f9 | 0805 0091 | 4884 00f9 | 1c00 0014 | 4940 0491 | 2801 40f9 | 1f00 08eb 
  0x000000013a56f0f4: a100 0054 | 488c 40f9 | 0805 0091 | 488c 00f9 | 1400 0014 | 4900 0491 | 2801 40f9 | c800 00b5 
  0x000000013a56f114: 2001 00f9 | e803 40b2 | 4920 0491 | 2801 00f9 | 0c00 0014 | 4940 0491 | 2801 40f9 | c800 00b5 
  0x000000013a56f134: 2001 00f9 | e803 40b2 | 4960 0491 | 2801 00f9 | 0400 0014 | 4878 40f9 | 0805 0091 | 4878 00f9 
  0x000000013a56f154: e003 01aa | e103 00aa 

  0x000000013a56f15c: ; ImmutableOopMap {[216]=Oop }
                      ;*invokevirtual method_16075 {reexecute=0 rethrow=0 return_oop=0}
                      ; - net.minecraft.class_1255::method_5383@1 (line 115)
                      ; - net.minecraft.class_310::method_1523@150 (line 1175)
                      ;   {optimized virtual_call}
  0x000000013a56f15c: fdfd a795 | 1f00 0071 

  0x000000013a56f164: ;   {metadata(method data for {method} {0x0000000153d73110} 'method_5383' '()V' in 'net/minecraft/class_1255')}
  0x000000013a56f164: 01d4 88d2 | c15d a6f2 | 6100 c0f2 | 0827 80d2 | 0925 80d2 | 0011 899a | 2268 60f8 | 4204 0091 
  0x000000013a56f184: 2268 20f8 | 01f7 ff54 | e16f 40f9 | 20a8 41b9 | 00f0 7dd3 | 4001 00b4 

  0x000000013a56f19c: ;   {metadata('net/minecraft/class_3694')}
  0x000000013a56f19c: 0412 8ed2 | 2436 a0f2 | 041c c0f2 | 0508 40b9 | a508 5bd2 | a81c 40f9 | 9f00 08eb | a192 0354 
  0x000000013a56f1bc: 0100 0014 | e203 00aa 

  0x000000013a56f1c4: ; implicit exception: dispatches to 0x000000013a576410
  0x000000013a56f1c4: 1f00 40f9 | e203 00aa 

  0x000000013a56f1cc: ;   {metadata(method data for {method} {0x0000000153d57718} 'method_1523' '(Z)V' in 'net/minecraft/class_310')}
  0x000000013a56f1cc: 03cb 84d2 | 435e a6f2 | 6300 c0f2 | 688c 42f9 | 0805 0091 | 688c 02f9 

  0x000000013a56f1e4: ;   {metadata(method data for {method} {0x0000000153e3ec20} 'method_15407' '()V' in 'net/minecraft/class_3694')}
  0x000000013a56f1e4: 02e6 9cd2 | 224e a6f2 | 6200 c0f2 | 43ac 40b9 | 6308 0011 | 43ac 00b9 | 634c 1f12 | 7f00 0071 
  0x000000013a56f204: 8090 0354 | 4001 00b4 

  0x000000013a56f20c: ;   {metadata('net/minecraft/class_3694')}
  0x000000013a56f20c: 0412 8ed2 | 2436 a0f2 | 041c c0f2 | 0508 40b9 | a508 5bd2 | a81c 40f9 | 9f00 08eb | 6190 0354 
  0x000000013a56f22c: 0100 0014 | e203 00aa 

  0x000000013a56f234: ;   {metadata(method data for {method} {0x0000000153d57718} 'method_1523' '(Z)V' in 'net/minecraft/class_310')}
  0x000000013a56f234: 02cb 84d2 | 425e a6f2 | 6200 c0f2 | 48a8 42f9 | 0805 0091 | 48a8 02f9 

  0x000000013a56f24c: ;   {metadata(method data for {method} {0x0000000153e3ea08} 'method_15396' '(Ljava/lang/String;)V' in 'net/minecraft/class_3694')}
  0x000000013a56f24c: 00c4 9cd2 | 204e a6f2 | 6000 c0f2 | 02ac 40b9 | 4208 0011 | 02ac 00b9 | 424c 1f12 | 5f00 0071 
  0x000000013a56f26c: 608e 0354 | 0000 a052 | e2e7 40b9 

  0x000000013a56f278: ;   {metadata(method data for {method} {0x0000000153d57718} 'method_1523' '(Z)V' in 'net/minecraft/class_310')}
  0x000000013a56f278: 03cb 84d2 | 435e a6f2 | 6300 c0f2 | 68b8 42f9 | 0805 0091 | 68b8 02f9 

  0x000000013a56f290: ;   {metadata(method data for {method} {0x000000e00040ce38} 'min' '(II)I' in 'java/lang/Math')}
  0x000000013a56f290: 03e2 81d2 | 4300 aaf2 | 2300 c0f2 | 64ac 40b9 | 8408 0011 | 64ac 00b9 | 844c 1f12 | 9f00 0071 
  0x000000013a56f2b0: 408d 0354 | 5f28 0071 

  0x000000013a56f2b8: ;   {metadata(method data for {method} {0x000000e00040ce38} 'min' '(II)I' in 'java/lang/Math')}
  0x000000013a56f2b8: 03e2 81d2 | 4300 aaf2 | 2300 c0f2 | e80f 7cb2 | e903 78b2 | 04b1 899a | 6568 64f8 | a504 0091 
  0x000000013a56f2d8: 6568 24f8 | 2b01 0054 

  0x000000013a56f2e0: ;   {metadata(method data for {method} {0x000000e00040ce38} 'min' '(II)I' in 'java/lang/Math')}
  0x000000013a56f2e0: 03e2 81d2 | 4300 aaf2 | 2300 c0f2 | 6488 40f9 | 8404 0091 | 6488 00f9 | 4301 8052 | 0200 0014 
  0x000000013a56f300: e303 02aa | 1f00 036b 

  0x000000013a56f308: ;   {metadata(method data for {method} {0x0000000153d57718} 'method_1523' '(Z)V' in 'net/minecraft/class_310')}
  0x000000013a56f308: 03cb 84d2 | 435e a6f2 | 6300 c0f2 | 08b0 80d2 | 09b2 80d2 | 04a1 899a | 6568 64f8 | a504 0091 
  0x000000013a56f328: 6568 24f8 | aa0f 0054 | e013 01b9 | 23a8 41b9 | 63f0 7dd3 | 4301 00b4 

  0x000000013a56f340: ;   {metadata('net/minecraft/class_3694')}
  0x000000013a56f340: 0612 8ed2 | 2636 a0f2 | 061c c0f2 | 6708 40b9 | e708 5bd2 | e81c 40f9 | df00 08eb | e188 0354 
  0x000000013a56f360: 0100 0014 | e403 03aa 

  0x000000013a56f368: ; implicit exception: dispatches to 0x000000013a57647c
  0x000000013a56f368: 7f00 40f9 | e403 03aa 

  0x000000013a56f370: ;   {metadata(method data for {method} {0x0000000153d57718} 'method_1523' '(Z)V' in 'net/minecraft/class_310')}
  0x000000013a56f370: 05cb 84d2 | 455e a6f2 | 6500 c0f2 | 8408 40b9 | 8408 5bd2 | a9c0 1691 | 2801 40f9 | 9f00 08eb 
  0x000000013a56f390: a100 0054 | a8dc 42f9 | 0805 0091 | a8dc 02f9 | 1c00 0014 | a900 1791 | 2801 40f9 | 9f00 08eb 
  0x000000013a56f3b0: a100 0054 | a8e4 42f9 | 0805 0091 | a8e4 02f9 | 1400 0014 | a9c0 1691 | 2801 40f9 | c800 00b5 
  0x000000013a56f3d0: 2401 00f9 | e803 40b2 | a9e0 1691 | 2801 00f9 | 0c00 0014 | a900 1791 | 2801 40f9 | c800 00b5 
  0x000000013a56f3f0: 2401 00f9 | e803 40b2 | a920 1791 | 2801 00f9 | 0400 0014 | a8d0 42f9 | 0805 0091 | a8d0 02f9 
  0x000000013a56f410: ;   {metadata(method data for {method} {0x0000000153d75158} 'method_39278' '(Ljava/lang/String;)V' in 'net/minecraft/class_3695')}
  0x000000013a56f410: 04ef 8cd2 | 445e a6f2 | 6400 c0f2 | 85ac 40b9 | a508 0011 | 85ac 00b9 | a54c 1f12 | bf00 0071 
  0x000000013a56f430: 8082 0354 | 4301 00b4 

  0x000000013a56f438: ;   {metadata('net/minecraft/class_3694')}
  0x000000013a56f438: 0612 8ed2 | 2636 a0f2 | 061c c0f2 | 6708 40b9 | e708 5bd2 | e81c 40f9 | df00 08eb | 6182 0354 
  0x000000013a56f458: 0100 0014 | e403 03aa 

  0x000000013a56f460: ;   {metadata(method data for {method} {0x0000000153d75158} 'method_39278' '(Ljava/lang/String;)V' in 'net/minecraft/class_3695')}
  0x000000013a56f460: 04ef 8cd2 | 445e a6f2 | 6400 c0f2 | 8884 40f9 | 0805 0091 | 8884 00f9 

  0x000000013a56f478: ;   {metadata(method data for {method} {0x0000000153e3ee58} 'method_24270' '(Ljava/lang/String;I)V' in 'net/minecraft/class_3694')}
  0x000000013a56f478: 031d 8dd2 | 435e a6f2 | 6300 c0f2 | 64ac 40b9 | 8408 0011 | 64ac 00b9 | 844c 1f12 | 9f00 0071 
  0x000000013a56f498: 6080 0354 | e303 01aa 

  0x000000013a56f4a0: ;   {metadata(method data for {method} {0x0000000153d57718} 'method_1523' '(Z)V' in 'net/minecraft/class_310')}
  0x000000013a56f4a0: 04cb 84d2 | 445e a6f2 | 6400 c0f2 | 88f8 42f9 | 0805 0091 | 88f8 02f9 | e303 01aa | e103 03aa 
  0x000000013a56f4c0: ; ImmutableOopMap {[216]=Oop }
                      ;*invokevirtual method_1574 {reexecute=0 rethrow=0 return_oop=0}
                      ; - net.minecraft.class_310::method_1523@202 (line 1181)
                      ;   {optimized virtual_call}
  0x000000013a56f4c0: 5c21 0094 | e013 41b9 | 0104 0011 

  0x000000013a56f4cc: ;   {metadata(method data for {method} {0x0000000153d57718} 'method_1523' '(Z)V' in 'net/minecraft/class_310')}
  0x000000013a56f4cc: 00cb 84d2 | 405e a6f2 | 6000 c0f2 | 02b0 40b9 | 4208 0011 | 02b0 00b9 | 4230 1f12 | 5f00 0071 
  0x000000013a56f4ec: c07e 0354 

  0x000000013a56f4f0: ; ImmutableOopMap {[216]=Oop }
                      ;*goto {reexecute=1 rethrow=0 return_oop=0}
                      ; - (reexecute) net.minecraft.class_310::method_1523@208 (line 1179)
  0x000000013a56f4f0: 88ab 41f9 

  0x000000013a56f4f4: ;   {poll}
  0x000000013a56f4f4: 1f01 40b9 

  0x000000013a56f4f8: ;   {metadata(method data for {method} {0x0000000153d57718} 'method_1523' '(Z)V' in 'net/minecraft/class_310')}
  0x000000013a56f4f8: 00cb 84d2 | 405e a6f2 | 6000 c0f2 | 0208 43f9 | 4204 0091 | 0208 03f9 | e003 01aa | e2e7 40b9 
  0x000000013a56f518: e16f 40f9 | 57ff ff17 | 20a8 41b9 | 00f0 7dd3 | 4001 00b4 

  0x000000013a56f52c: ;   {metadata('net/minecraft/class_3694')}
  0x000000013a56f52c: 0412 8ed2 | 2436 a0f2 | 041c c0f2 | 0508 40b9 | a508 5bd2 | a81c 40f9 | 9f00 08eb | e17c 0354 
  0x000000013a56f54c: 0100 0014 | e203 00aa 

  0x000000013a56f554: ; implicit exception: dispatches to 0x000000013a5764e8
  0x000000013a56f554: 1f00 40f9 

  0x000000013a56f558: ;   {metadata(method data for {method} {0x0000000153d57718} 'method_1523' '(Z)V' in 'net/minecraft/class_310')}
  0x000000013a56f558: 02cb 84d2 | 425e a6f2 | 6200 c0f2 | 4820 43f9 | 0805 0091 | 4820 03f9 

  0x000000013a56f570: ;   {metadata(method data for {method} {0x0000000153e3ec20} 'method_15407' '()V' in 'net/minecraft/class_3694')}
  0x000000013a56f570: 00e6 9cd2 | 204e a6f2 | 6000 c0f2 | 02ac 40b9 | 4208 0011 | 02ac 00b9 | 424c 1f12 | 5f00 0071 
  0x000000013a56f590: e07a 0354 | 20c8 40b9 | 00f0 7dd3 

  0x000000013a56f59c: ; implicit exception: dispatches to 0x000000013a57650c
  0x000000013a56f59c: 1f00 40f9 | e203 00aa 

  0x000000013a56f5a4: ;   {metadata(method data for {method} {0x0000000153d57718} 'method_1523' '(Z)V' in 'net/minecraft/class_310')}
  0x000000013a56f5a4: 03cb 84d2 | 435e a6f2 | 6300 c0f2 | 683c 43f9 | 0805 0091 | 683c 03f9 | e103 00aa 

  0x000000013a56f5c0: ; ImmutableOopMap {[216]=Oop }
                      ;*invokevirtual method_1606 {reexecute=0 rethrow=0 return_oop=0}
                      ; - net.minecraft.class_310::method_1523@224 (line 1186)
                      ;   {optimized virtual_call}
  0x000000013a56f5c0: 2821 0094 | e16f 40f9 | 2284 40b9 | 42f0 7dd3 

  0x000000013a56f5d0: ; implicit exception: dispatches to 0x000000013a576510
  0x000000013a56f5d0: 5f00 40f9 | e003 02aa 

  0x000000013a56f5d8: ;   {metadata(method data for {method} {0x0000000153d57718} 'method_1523' '(Z)V' in 'net/minecraft/class_310')}
  0x000000013a56f5d8: 03cb 84d2 | 435e a6f2 | 6300 c0f2 | 684c 43f9 | 0805 0091 | 684c 03f9 

  0x000000013a56f5f0: ;   {oop("Render"{0x0000000724e89650})}
  0x000000013a56f5f0: 00ca 92d2 | 009d a4f2 | e000 c0f2 | 83e3 4039 | 7f00 0071 | 8178 0354 | 08fc 43d3 | 4868 00b9 
  0x000000013a56f610: 4300 00ca | 63fc 55d3 | 7f00 00f1 | 8178 0354 | 22a8 41b9 | 42f0 7dd3 | 4201 00b4 

  0x000000013a56f62c: ;   {metadata('net/minecraft/class_3694')}
  0x000000013a56f62c: 0412 8ed2 | 2436 a0f2 | 041c c0f2 | 4508 40b9 | a508 5bd2 | a81c 40f9 | 9f00 08eb | a177 0354 
  0x000000013a56f64c: 0100 0014 | e003 02aa 

  0x000000013a56f654: ; implicit exception: dispatches to 0x000000013a576540
  0x000000013a56f654: 5f00 40f9 

  0x000000013a56f658: ;   {metadata(method data for {method} {0x0000000153d57718} 'method_1523' '(Z)V' in 'net/minecraft/class_310')}
  0x000000013a56f658: 00cb 84d2 | 405e a6f2 | 6000 c0f2 | 0874 43f9 | 0805 0091 | 0874 03f9 

  0x000000013a56f670: ;   {metadata(method data for {method} {0x0000000153e3ea08} 'method_15396' '(Ljava/lang/String;)V' in 'net/minecraft/class_3694')}
  0x000000013a56f670: 02c4 9cd2 | 224e a6f2 | 6200 c0f2 | 40ac 40b9 | 0008 0011 | 40ac 00b9 | 004c 1f12 | 1f00 0071 
  0x000000013a56f690: a075 0354 | 220c 41b9 | 42f0 7dd3 | 20b0 40b9 | 00f0 7dd3 

  0x000000013a56f6a4: ; implicit exception: dispatches to 0x000000013a576564
  0x000000013a56f6a4: 1f00 40f9 | e303 00aa 

  0x000000013a56f6ac: ;   {metadata(method data for {method} {0x0000000153d57718} 'method_1523' '(Z)V' in 'net/minecraft/class_310')}
  0x000000013a56f6ac: 04cb 84d2 | 445e a6f2 | 6400 c0f2 | 8890 43f9 | 0805 0091 | 8890 03f9 | 0084 40b9 | 00f0 7dd3 
  0x000000013a56f6cc: ; implicit exception: dispatches to 0x000000013a576568
  0x000000013a56f6cc: 5f00 40f9 | e303 02aa 

  0x000000013a56f6d4: ;   {metadata(method data for {method} {0x0000000153d57718} 'method_1523' '(Z)V' in 'net/minecraft/class_310')}
  0x000000013a56f6d4: 04cb 84d2 | 445e a6f2 | 6400 c0f2 | 88ac 43f9 | 0805 0091 | 88ac 03f9 

  0x000000013a56f6ec: ;   {metadata(method data for {method} {0x000000033131ab60} 'method_4876' '(Lnet/minecraft/class_4184;)V' in 'net/minecraft/class_1144')}
  0x000000013a56f6ec: 0340 8dd2 | 435e a6f2 | 6300 c0f2 | 64ac 40b9 | 8408 0011 | 64ac 00b9 | 844c 1f12 | 9f00 0071 
  0x000000013a56f70c: 0073 0354 | 4310 40b9 | 63f0 7dd3 

  0x000000013a56f718: ; implicit exception: dispatches to 0x000000013a57658c
  0x000000013a56f718: 7f00 40f9 | e203 03aa 

  0x000000013a56f720: ;   {metadata(method data for {method} {0x000000033131ab60} 'method_4876' '(Lnet/minecraft/class_4184;)V' in 'net/minecraft/class_1144')}
  0x000000013a56f720: 0440 8dd2 | 445e a6f2 | 6400 c0f2 | 8884 40f9 | 0805 0091 | 8884 00f9 | e203 00aa | e103 03aa 
  0x000000013a56f740: ; ImmutableOopMap {[216]=Oop }
                      ;*invokevirtual method_4840 {reexecute=0 rethrow=0 return_oop=0}
                      ; - net.minecraft.class_1144::method_4876@5 (line 256)
                      ; - net.minecraft.class_310::method_1523@260 (line 1191)
                      ;   {optimized virtual_call}
  0x000000013a56f740: d420 0094 | e16f 40f9 | 20a8 41b9 | 00f0 7dd3 | 4001 00b4 

  0x000000013a56f754: ;   {metadata('net/minecraft/class_3694')}
  0x000000013a56f754: 0412 8ed2 | 2436 a0f2 | 041c c0f2 | 0508 40b9 | a508 5bd2 | a81c 40f9 | 9f00 08eb | 0171 0354 
  0x000000013a56f774: 0100 0014 | e203 00aa 

  0x000000013a56f77c: ; implicit exception: dispatches to 0x000000013a576594
  0x000000013a56f77c: 1f00 40f9 | e203 00aa 

  0x000000013a56f784: ;   {metadata(method data for {method} {0x0000000153d57718} 'method_1523' '(Z)V' in 'net/minecraft/class_310')}
  0x000000013a56f784: 03cb 84d2 | 435e a6f2 | 6300 c0f2 | 68c8 43f9 | 0805 0091 | 68c8 03f9 

  0x000000013a56f79c: ;   {metadata(method data for {method} {0x0000000153e3ec20} 'method_15407' '()V' in 'net/minecraft/class_3694')}
  0x000000013a56f79c: 02e6 9cd2 | 224e a6f2 | 6200 c0f2 | 43ac 40b9 | 6308 0011 | 43ac 00b9 | 634c 1f12 | 7f00 0071 
  0x000000013a56f7bc: e06e 0354 | 4001 00b4 

  0x000000013a56f7c4: ;   {metadata('net/minecraft/class_3694')}
  0x000000013a56f7c4: 0412 8ed2 | 2436 a0f2 | 041c c0f2 | 0508 40b9 | a508 5bd2 | a81c 40f9 | 9f00 08eb | c16e 0354 
  0x000000013a56f7e4: 0100 0014 | e203 00aa 

  0x000000013a56f7ec: ;   {metadata(method data for {method} {0x0000000153d57718} 'method_1523' '(Z)V' in 'net/minecraft/class_310')}
  0x000000013a56f7ec: 02cb 84d2 | 425e a6f2 | 6200 c0f2 | 48e4 43f9 | 0805 0091 | 48e4 03f9 

  0x000000013a56f804: ;   {metadata(method data for {method} {0x0000000153e3ea08} 'method_15396' '(Ljava/lang/String;)V' in 'net/minecraft/class_3694')}
  0x000000013a56f804: 00c4 9cd2 | 204e a6f2 | 6000 c0f2 | 02ac 40b9 | 4208 0011 | 02ac 00b9 | 424c 1f12 | 5f00 0071 
  0x000000013a56f824: c06c 0354 

  0x000000013a56f828: ;   {metadata(method data for {method} {0x0000000153d57718} 'method_1523' '(Z)V' in 'net/minecraft/class_310')}
  0x000000013a56f828: 00cb 84d2 | 405e a6f2 | 6000 c0f2 | 08f4 43f9 | 0805 0091 | 08f4 03f9 

  0x000000013a56f840: ;   {metadata(method data for {method} {0x0000000151c93650} 'method_648' '()J' in 'net/minecraft/class_156')}
  0x000000013a56f840: 0018 87d2 | 4059 a6f2 | 6000 c0f2 | 02ac 40b9 | 4208 0011 | 02ac 00b9 | 424c 1f12 | 5f00 0071 
  0x000000013a56f860: e06b 0354 

  0x000000013a56f864: ;   {oop(a 'java/lang/Class'{0x00000007129eefa0} = 'net/minecraft/class_156')}
  0x000000013a56f864: 00f4 9dd2 | c053 a2f2 | e000 c0f2 | 0088 40b9 | 00f0 7dd3 

  0x000000013a56f878: ; implicit exception: dispatches to 0x000000013a5765fc
  0x000000013a56f878: 1f00 40f9 | e203 00aa 

  0x000000013a56f880: ;   {metadata(method data for {method} {0x0000000151c93650} 'method_648' '()J' in 'net/minecraft/class_156')}
  0x000000013a56f880: 0318 87d2 | 4359 a6f2 | 6300 c0f2 | 4208 40b9 | 4208 5bd2 | 6900 0491 | 2801 40f9 | 5f00 08eb 
  0x000000013a56f8a0: a100 0054 | 6884 40f9 | 0805 0091 | 6884 00f9 | 1c00 0014 | 6940 0491 | 2801 40f9 | 5f00 08eb 
  0x000000013a56f8c0: a100 0054 | 688c 40f9 | 0805 0091 | 688c 00f9 | 1400 0014 | 6900 0491 | 2801 40f9 | c800 00b5 
  0x000000013a56f8e0: 2201 00f9 | e803 40b2 | 6920 0491 | 2801 00f9 | 0c00 0014 | 6940 0491 | 2801 40f9 | c800 00b5 
  0x000000013a56f900: 2201 00f9 | e803 40b2 | 6960 0491 | 2801 00f9 | 0400 0014 | 6878 40f9 | 0805 0091 | 6878 00f9 
  0x000000013a56f920: e103 00aa | 0980 9cd2 | 8975 a0f2 | 091c c0f2 

  0x000000013a56f930: ; ImmutableOopMap {[216]=Oop }
                      ;*invokeinterface getAsLong {reexecute=0 rethrow=0 return_oop=0}
                      ; - net.minecraft.class_156::method_648@3 (line 126)
                      ; - net.minecraft.class_310::method_1523@284 (line 1196)
                      ;   {virtual_call}
  0x000000013a56f930: 24e5 9695 | e08f 00f9 | e16f 40f9 | 22c0 40b9 | 42f0 7dd3 

  0x000000013a56f944: ; implicit exception: dispatches to 0x000000013a576600
  0x000000013a56f944: 4294 4039 | 5f00 0071 

  0x000000013a56f94c: ;   {metadata(method data for {method} {0x0000000153d57718} 'method_1523' '(Z)V' in 'net/minecraft/class_310')}
  0x000000013a56f94c: 02cb 84d2 | 425e a6f2 | 6200 c0f2 | e81f 7db2 | 0901 81d2 | 0311 899a | 4468 63f8 | 8404 0091 
  0x000000013a56f96c: 4468 23f8 | 0105 0054 | 22b4 41b9 | 42f0 7dd3 | 4201 00b4 

  0x000000013a56f980: ;   {metadata('net/minecraft/class_5963')}
  0x000000013a56f980: 054f 8fd2 | 2536 a0f2 | 051c c0f2 | 4608 40b9 | c608 5bd2 | c81c 40f9 | bf00 08eb | 4163 0354 
  0x000000013a56f9a0: 0100 0014 | e303 02aa 

  0x000000013a56f9a8: ; implicit exception: dispatches to 0x000000013a576608
  0x000000013a56f9a8: 5f00 40f9 

  0x000000013a56f9ac: ;   {metadata(method data for {method} {0x0000000153d57718} 'method_1523' '(Z)V' in 'net/minecraft/class_310')}
  0x000000013a56f9ac: 03cb 84d2 | 435e a6f2 | 6300 c0f2 | 6818 44f9 | 0805 0091 | 6818 04f9 

  0x000000013a56f9c4: ;   {metadata(method data for {method} {0x0000000153e44ef8} 'method_34773' '()Z' in 'net/minecraft/class_5963')}
  0x000000013a56f9c4: 0210 8dd2 | 025e a6f2 | 6200 c0f2 | 43ac 40b9 | 6308 0011 | 43ac 00b9 | 634c 1f12 | 7f00 0071 
  0x000000013a56f9e4: 4061 0354 

  0x000000013a56f9e8: ;   {metadata(method data for {method} {0x0000000153d57718} 'method_1523' '(Z)V' in 'net/minecraft/class_310')}
  0x000000013a56f9e8: 02cb 84d2 | 425e a6f2 | 6200 c0f2 | 4328 44f9 | 6304 0091 | 4328 04f9 | 00e4 002f | 2018 00fd 
  0x000000013a56fa08: 0200 a052 | da00 0014 | 22bc 41b9 | 42f0 7dd3 | e303 1faa | 5f00 03eb 

  0x000000013a56fa20: ;   {metadata(method data for {method} {0x0000000153d57718} 'method_1523' '(Z)V' in 'net/minecraft/class_310')}
  0x000000013a56fa20: 03cb 84d2 | 435e a6f2 | 6300 c0f2 | 080e 81d2 | 0910 81d2 | 0401 899a | 6568 64f8 | a504 0091 
  0x000000013a56fa40: 6568 24f8 | 6007 0054 

  0x000000013a56fa48: ; implicit exception: dispatches to 0x000000013a57662c
  0x000000013a56fa48: 5f00 40f9 | e303 02aa 

  0x000000013a56fa50: ;   {metadata(method data for {method} {0x0000000153d57718} 'method_1523' '(Z)V' in 'net/minecraft/class_310')}
  0x000000013a56fa50: 04cb 84d2 | 445e a6f2 | 6400 c0f2 | 6308 40b9 | 6308 5bd2 | 8980 2291 | 2801 40f9 | 7f00 08eb 
  0x000000013a56fa70: a100 0054 | 8854 44f9 | 0805 0091 | 8854 04f9 | 1c00 0014 | 89c0 2291 | 2801 40f9 | 7f00 08eb 
  0x000000013a56fa90: a100 0054 | 885c 44f9 | 0805 0091 | 885c 04f9 | 1400 0014 | 8980 2291 | 2801 40f9 | c800 00b5 
  0x000000013a56fab0: 2301 00f9 | e803 40b2 | 89a0 2291 | 2801 00f9 | 0c00 0014 | 89c0 2291 | 2801 40f9 | c800 00b5 
  0x000000013a56fad0: 2301 00f9 | e803 40b2 | 89e0 2291 | 2801 00f9 | 0400 0014 | 8848 44f9 | 0805 0091 | 8848 04f9 
  0x000000013a56faf0: e103 02aa | e9ff 9fd2 | e9ff bff2 | e9ff dff2 

  0x000000013a56fb00: ; ImmutableOopMap {[216]=Oop }
                      ;*invokevirtual method_41723 {reexecute=0 rethrow=0 return_oop=0}
                      ; - net.minecraft.class_310::method_1523@322 (line 1199)
                      ;   {virtual_call}
  0x000000013a56fb00: c015 4095 | 1f00 0071 

  0x000000013a56fb08: ;   {metadata(method data for {method} {0x0000000153d57718} 'method_1523' '(Z)V' in 'net/minecraft/class_310')}
  0x000000013a56fb08: 00cb 84d2 | 405e a6f2 | 6000 c0f2 | 0819 81d2 | 091b 81d2 | 0101 899a | 0268 61f8 | 4204 0091 
  0x000000013a56fb28: 0268 21f8 | 2001 0054 

  0x000000013a56fb30: ;   {metadata(method data for {method} {0x0000000153d57718} 'method_1523' '(Z)V' in 'net/minecraft/class_310')}
  0x000000013a56fb30: 00cb 84d2 | 405e a6f2 | 6000 c0f2 | 0174 44f9 | 2104 0091 | 0174 04f9 | e003 0032 | 0200 0014 
  0x000000013a56fb50: 0000 a052 | 1f00 0071 

  0x000000013a56fb58: ;   {metadata(method data for {method} {0x0000000153d57718} 'method_1523' '(Z)V' in 'net/minecraft/class_310')}
  0x000000013a56fb58: 01cb 84d2 | 415e a6f2 | 6100 c0f2 | 0822 81d2 | 0920 81d2 | 0211 899a | 2368 62f8 | 6304 0091 
  0x000000013a56fb78: 2368 22f8 | 6100 0054 | e203 00aa | 7c00 0014 | e017 01b9 

  0x000000013a56fb8c: ; ImmutableOopMap {[216]=Oop }
                      ;*invokestatic method_41719 {reexecute=0 rethrow=0 return_oop=0}
                      ; - net.minecraft.class_310::method_1523@340 (line 1201)
                      ;   {static_call}
  0x000000013a56fb8c: 5d16 4095 

  0x000000013a56fb90: ; ImmutableOopMap {[216]=Oop c_rarg0=Oop }
                      ;*invokedynamic {reexecute=0 rethrow=0 return_oop=0}
                      ; - net.minecraft.class_310::method_1523@343 (line 1201)
                      ;   {runtime_call load_appendix_patching Runtime1 stub}
  0x000000013a56fb90: dce6 4295 | e093 00f9 

  0x000000013a56fb98: ; ImmutableOopMap {[216]=Oop [288]=Oop }
                      ;*invokedynamic {reexecute=0 rethrow=0 return_oop=0}
                      ; - net.minecraft.class_310::method_1523@343 (line 1201)
                      ;   {static_call}
  0x000000013a56fb98: 5a16 4095 

  0x000000013a56fb9c: ;   {metadata(method data for {method} {0x0000000153d57718} 'method_1523' '(Z)V' in 'net/minecraft/class_310')}
  0x000000013a56fb9c: 02cb 84d2 | 425e a6f2 | 6200 c0f2 | 4200 2591 | e103 00aa | a100 00b5 | 4900 40f9 | 2901 40b2 
  0x000000013a56fbbc: 4900 00f9 | 1600 0014 | 2108 40b9 | 2108 5bd2 | 4900 40f9 | 2100 09ca | 28f4 7e92 | 0802 00b4 
  0x000000013a56fbdc: e101 0837 | a901 00b4 | 3f05 00f1 | 6001 0054 | bf39 03d5 | 2100 09ca | 4900 40f9 | 2100 09ca 
  0x000000013a56fbfc: 28f4 7e92 | c800 00b4 | 4900 40f9 | 2901 7fb2 | 4900 00f9 | 0200 0014 | 4100 00f9 | e293 40f9 
  0x000000013a56fc1c: ; implicit exception: dispatches to 0x000000013a576630
  0x000000013a56fc1c: 5f00 40f9 | e103 02aa 

  0x000000013a56fc24: ;   {metadata(method data for {method} {0x0000000153d57718} 'method_1523' '(Z)V' in 'net/minecraft/class_310')}
  0x000000013a56fc24: 03cb 84d2 | 435e a6f2 | 6300 c0f2 | 68a8 44f9 | 0805 0091 | 68a8 04f9 

  0x000000013a56fc3c: ;   {metadata(method data for {method} {0x000000e000115fb8} 'ifPresent' '(Ljava/util/function/Consumer;)V' in 'java/util/Optional')}
  0x000000013a56fc3c: 0121 8bd2 | e140 a4f2 | 6100 c0f2 | 23ac 40b9 | 6308 0011 | 23ac 00b9 | 634c 1f12 | 7f00 0071 
  0x000000013a56fc5c: c04e 0354 | 420c 40b9 | 42f0 7dd3 | e103 1faa | 5f00 01eb 

  0x000000013a56fc70: ;   {metadata(method data for {method} {0x000000e000115fb8} 'ifPresent' '(Ljava/util/function/Consumer;)V' in 'java/util/Optional')}
  0x000000013a56fc70: 0121 8bd2 | e140 a4f2 | 6100 c0f2 | e80f 7cb2 | e903 78b2 | 0301 899a | 2468 63f8 | 8404 0091 
  0x000000013a56fc90: 2468 23f8 | 0006 0054 

  0x000000013a56fc98: ; implicit exception: dispatches to 0x000000013a576654
  0x000000013a56fc98: 1f00 40f9 | e103 00aa 

  0x000000013a56fca0: ;   {metadata(method data for {method} {0x000000e000115fb8} 'ifPresent' '(Ljava/util/function/Consumer;)V' in 'java/util/Optional')}
  0x000000013a56fca0: 0321 8bd2 | e340 a4f2 | 6300 c0f2 | 2108 40b9 | 2108 5bd2 | 6980 0491 | 2801 40f9 | 3f00 08eb 
  0x000000013a56fcc0: a100 0054 | 6894 40f9 | 0805 0091 | 6894 00f9 | 1c00 0014 | 69c0 0491 | 2801 40f9 | 3f00 08eb 
  0x000000013a56fce0: a100 0054 | 689c 40f9 | 0805 0091 | 689c 00f9 | 1400 0014 | 6980 0491 | 2801 40f9 | c800 00b5 
  0x000000013a56fd00: 2101 00f9 | e803 40b2 | 69a0 0491 | 2801 00f9 | 0c00 0014 | 69c0 0491 | 2801 40f9 | c800 00b5 
  0x000000013a56fd20: 2101 00f9 | e803 40b2 | 69e0 0491 | 2801 00f9 | 0400 0014 | 6888 40f9 | 0805 0091 | 6888 00f9 
  0x000000013a56fd40: e103 00aa | e9ff 9fd2 | e9ff bff2 | e9ff dff2 

  0x000000013a56fd50: ; ImmutableOopMap {[216]=Oop }
                      ;*invokeinterface accept {reexecute=0 rethrow=0 return_oop=0}
                      ; - java.util.Optional::ifPresent@12
                      ; - net.minecraft.class_310::method_1523@348 (line 1201)
                      ;   {virtual_call}
  0x000000013a56fd50: 2c15 4095 | e017 41b9 

  0x000000013a56fd58: ;   {metadata(method data for {method} {0x0000000153d57718} 'method_1523' '(Z)V' in 'net/minecraft/class_310')}
  0x000000013a56fd58: 01cb 84d2 | 415e a6f2 | 6100 c0f2 | 22c4 44f9 | 4204 0091 | 22c4 04f9 | e203 00aa 

  0x000000013a56fd74: ;   {metadata(method data for {method} {0x0000000153d57718} 'method_1523' '(Z)V' in 'net/minecraft/class_310')}
  0x000000013a56fd74: 01cb 84d2 | 415e a6f2 | 6100 c0f2 | 28d0 44f9 | 0805 0091 | 28d0 04f9 

  0x000000013a56fd8c: ;   {metadata(method data for {method} {0x0000000153cef7b0} 'clear' '(IZ)V' in 'com/mojang/blaze3d/systems/RenderSystem')}
  0x000000013a56fd8c: 012a 8ad2 | 015e a6f2 | 6100 c0f2 | 20ac 40b9 | 0008 0011 | 20ac 00b9 | 004c 1f12 | 1f00 0071 
  0x000000013a56fdac: 6045 0354 

  0x000000013a56fdb0: ;   {metadata(method data for {method} {0x0000000153cef7b0} 'clear' '(IZ)V' in 'com/mojang/blaze3d/systems/RenderSystem')}
  0x000000013a56fdb0: 012a 8ad2 | 015e a6f2 | 6100 c0f2 | 2878 40f9 | 0805 0091 | 2878 00f9 

  0x000000013a56fdc8: ;   {metadata(method data for {method} {0x0000000153ced3d0} 'assertOnGameThreadOrInit' '()V' in 'com/mojang/blaze3d/systems/RenderSystem')}
  0x000000013a56fdc8: 01cb 82d2 | c158 a6f2 | 6100 c0f2 | 20ac 40b9 | 0008 0011 | 20ac 00b9 | 004c 1f12 | 1f00 0071 
  0x000000013a56fde8: 8044 0354 

  0x000000013a56fdec: ;   {oop(a 'java/lang/Class'{0x0000000706913868} = 'com/mojang/blaze3d/systems/RenderSystem')}
  0x000000013a56fdec: 010d 87d2 | 21d2 a0f2 | e100 c0f2 | 2110 4439 | 3f00 0071 

  0x000000013a56fe00: ;   {metadata(method data for {method} {0x0000000153ced3d0} 'assertOnGameThreadOrInit' '()V' in 'com/mojang/blaze3d/systems/RenderSystem')}
  0x000000013a56fe00: 00cb 82d2 | c058 a6f2 | 6000 c0f2 | e80f 7cb2 | e903 78b2 | 0311 899a | 0468 63f8 | 8404 0091 
  0x000000013a56fe20: 0468 23f8 | c102 0054 

  0x000000013a56fe28: ;   {metadata(method data for {method} {0x0000000153ced3d0} 'assertOnGameThreadOrInit' '()V' in 'com/mojang/blaze3d/systems/RenderSystem')}
  0x000000013a56fe28: 00cb 82d2 | c058 a6f2 | 6000 c0f2 | 0888 40f9 | 0805 0091 | 0888 00f9 

  0x000000013a56fe40: ;   {metadata(method data for {method} {0x0000000153ced270} 'isOnGameThread' '()Z' in 'com/mojang/blaze3d/systems/RenderSystem')}
  0x000000013a56fe40: 00fc 82d2 | c058 a6f2 | 6000 c0f2 | 03ac 40b9 | 6308 0011 | 03ac 00b9 | 634c 1f12 | 7f00 0071 
  0x000000013a56fe60: c041 0354 

  0x000000013a56fe64: ;   {metadata(method data for {method} {0x0000000153ced3d0} 'assertOnGameThreadOrInit' '()V' in 'com/mojang/blaze3d/systems/RenderSystem')}
  0x000000013a56fe64: 00cb 82d2 | c058 a6f2 | 6000 c0f2 | 0398 40f9 | 6304 0091 | 0398 00f9 

  0x000000013a56fe7c: ;   {metadata(method data for {method} {0x0000000153cef7b0} 'clear' '(IZ)V' in 'com/mojang/blaze3d/systems/RenderSystem')}
  0x000000013a56fe7c: 002a 8ad2 | 005e a6f2 | 6000 c0f2 | 0880 40f9 | 0805 0091 | 0880 00f9 

  0x000000013a56fe94: ;   {metadata(method data for {method} {0x000000033125b3f8} '_clear' '(IZ)V' in 'com/mojang/blaze3d/platform/GlStateManager')}
  0x000000013a56fe94: 00e2 83d2 | 8059 a6f2 | 6000 c0f2 | 03ac 40b9 | 6308 0011 | 03ac 00b9 | 634c 1f12 | 7f00 0071 
  0x000000013a56feb4: 2040 0354 

  0x000000013a56feb8: ;   {metadata(method data for {method} {0x000000033125b3f8} '_clear' '(IZ)V' in 'com/mojang/blaze3d/platform/GlStateManager')}
  0x000000013a56feb8: 00e2 83d2 | 8059 a6f2 | 6000 c0f2 | 0878 40f9 | 0805 0091 | 0878 00f9 

  0x000000013a56fed0: ;   {metadata(method data for {method} {0x0000000153ced488} 'assertOnRenderThreadOrInit' '()V' in 'com/mojang/blaze3d/systems/RenderSystem')}
  0x000000013a56fed0: 0030 82d2 | c02b a6f2 | 6000 c0f2 | 03ac 40b9 | 6308 0011 | 03ac 00b9 | 634c 1f12 | 7f00 0071 
  0x000000013a56fef0: 403f 0354 | 3f00 0071 

  0x000000013a56fef8: ;   {metadata(method data for {method} {0x0000000153ced488} 'assertOnRenderThreadOrInit' '()V' in 'com/mojang/blaze3d/systems/RenderSystem')}
  0x000000013a56fef8: 0130 82d2 | c12b a6f2 | 6100 c0f2 | e80f 7cb2 | e903 78b2 | 0011 899a | 2368 60f8 | 6304 0091 
  0x000000013a56ff18: 2368 20f8 | a107 0054 

  0x000000013a56ff20: ;   {metadata(method data for {method} {0x0000000153ced488} 'assertOnRenderThreadOrInit' '()V' in 'com/mojang/blaze3d/systems/RenderSystem')}
  0x000000013a56ff20: 0130 82d2 | c12b a6f2 | 6100 c0f2 | 2888 40f9 | 0805 0091 | 2888 00f9 

  0x000000013a56ff38: ;   {metadata(method data for {method} {0x0000000153ced008} 'isOnRenderThread' '()Z' in 'com/mojang/blaze3d/systems/RenderSystem')}
  0x000000013a56ff38: 0161 82d2 | c12b a6f2 | 6100 c0f2 | 20ac 40b9 | 0008 0011 | 20ac 00b9 | 004c 1f12 | 1f00 0071 
  0x000000013a56ff58: 003d 0354 

  0x000000013a56ff5c: ;   {metadata(method data for {method} {0x0000000153ced008} 'isOnRenderThread' '()Z' in 'com/mojang/blaze3d/systems/RenderSystem')}
  0x000000013a56ff5c: 0161 82d2 | c12b a6f2 | 6100 c0f2 | 2878 40f9 | 0805 0091 | 2878 00f9 

  0x000000013a56ff74: ;   {oop(a 'java/lang/Class'{0x0000000706913868} = 'com/mojang/blaze3d/systems/RenderSystem')}
  0x000000013a56ff74: 010d 87d2 | 21d2 a0f2 | e100 c0f2 | 2180 40b9 | 21f0 7dd3 | 804b 41f9 | 0000 40f9 | 1f00 01eb 
  0x000000013a56ff94: ;   {metadata(method data for {method} {0x0000000153ced008} 'isOnRenderThread' '()Z' in 'com/mojang/blaze3d/systems/RenderSystem')}
  0x000000013a56ff94: 0161 82d2 | c12b a6f2 | 6100 c0f2 | e803 78b2 | 0922 80d2 | 0011 899a | 2368 60f8 | 6304 0091 
  0x000000013a56ffb4: 2368 20f8 | 2101 0054 

  0x000000013a56ffbc: ;   {metadata(method data for {method} {0x0000000153ced008} 'isOnRenderThread' '()Z' in 'com/mojang/blaze3d/systems/RenderSystem')}
  0x000000013a56ffbc: 0161 82d2 | c12b a6f2 | 6100 c0f2 | 2090 40f9 | 0004 0091 | 2090 00f9 | e103 0032 | 0200 0014 
  0x000000013a56ffdc: 0100 a052 | 2100 0012 | 3f00 0071 

  0x000000013a56ffe8: ;   {metadata(method data for {method} {0x0000000153ced488} 'assertOnRenderThreadOrInit' '()V' in 'com/mojang/blaze3d/systems/RenderSystem')}
  0x000000013a56ffe8: 0130 82d2 | c12b a6f2 | 6100 c0f2 | 0824 80d2 | 0926 80d2 | 0001 899a | 2368 60f8 | 6304 0091 
  0x000000013a570008: 2368 20f8 | 4003 0354 | e22b 01b9 

  0x000000013a570014: ;   {metadata(method data for {method} {0x000000033125b3f8} '_clear' '(IZ)V' in 'com/mojang/blaze3d/platform/GlStateManager')}
  0x000000013a570014: 01e2 83d2 | 8159 a6f2 | 6100 c0f2 | 2880 40f9 | 0805 0091 | 2880 00f9 

  0x000000013a57002c: ;   {metadata(method data for {method} {0x00000001518ac348} 'glClear' '(I)V' in 'org/lwjgl/opengl/GL11')}
  0x000000013a57002c: 019f 9fd2 | 6167 aaf2 | 2100 c0f2 | 20ac 40b9 | 0008 0011 | 20ac 00b9 | 004c 1f12 | 1f00 0071 
  0x000000013a57004c: 6036 0354 

  0x000000013a570050: ;   {metadata(method data for {method} {0x00000001518ac348} 'glClear' '(I)V' in 'org/lwjgl/opengl/GL11')}
  0x000000013a570050: 019f 9fd2 | 6167 aaf2 | 2100 c0f2 | 2878 40f9 | 0805 0091 | 2878 00f9 | 0120 8852 

  0x000000013a57006c: ; ImmutableOopMap {[216]=Oop }
                      ;*invokestatic glClear {reexecute=0 rethrow=0 return_oop=0}
                      ; - org.lwjgl.opengl.GL11::glClear@1 (line 992)
                      ; - com.mojang.blaze3d.platform.GlStateManager::_clear@4 (line 706)
                      ; - com.mojang.blaze3d.systems.RenderSystem::clear@5 (line 615)
                      ; - net.minecraft.class_310::method_1523@368 (line 1208)
                      ;   {static_call}
  0x000000013a57006c: 9903 5c95 

  0x000000013a570070: ;   {metadata(method data for {method} {0x000000033125b3f8} '_clear' '(IZ)V' in 'com/mojang/blaze3d/platform/GlStateManager')}
  0x000000013a570070: 00e2 83d2 | 8059 a6f2 | 6000 c0f2 | 0190 40f9 | 2104 0091 | 0190 00f9 

  0x000000013a570088: ;   {metadata(method data for {method} {0x000000033125b3f8} '_clear' '(IZ)V' in 'com/mojang/blaze3d/platform/GlStateManager')}
  0x000000013a570088: 00e2 83d2 | 8059 a6f2 | 6000 c0f2 | 0898 40f9 | 0805 0091 | 0898 00f9 

  0x000000013a5700a0: ;   {metadata(method data for {method} {0x000000033125bd18} '_getError' '()I' in 'com/mojang/blaze3d/platform/GlStateManager')}
  0x000000013a5700a0: 00b4 9ed2 | 6059 a6f2 | 6000 c0f2 | 01ac 40b9 | 2108 0011 | 01ac 00b9 | 214c 1f12 | 3f00 0071 
  0x000000013a5700c0: c033 0354 

  0x000000013a5700c4: ;   {metadata(method data for {method} {0x000000033125bd18} '_getError' '()I' in 'com/mojang/blaze3d/platform/GlStateManager')}
  0x000000013a5700c4: 00b4 9ed2 | 6059 a6f2 | 6000 c0f2 | 0878 40f9 | 0805 0091 | 0878 00f9 

  0x000000013a5700dc: ;   {metadata(method data for {method} {0x0000000153ced540} 'assertOnRenderThread' '()V' in 'com/mojang/blaze3d/systems/RenderSystem')}
  0x000000013a5700dc: 0009 83d2 | 002c a6f2 | 6000 c0f2 | 01ac 40b9 | 2108 0011 | 01ac 00b9 | 214c 1f12 | 3f00 0071 
  0x000000013a5700fc: e032 0354 

  0x000000013a570100: ;   {metadata(method data for {method} {0x0000000153ced540} 'assertOnRenderThread' '()V' in 'com/mojang/blaze3d/systems/RenderSystem')}
  0x000000013a570100: 0009 83d2 | 002c a6f2 | 6000 c0f2 | 0878 40f9 | 0805 0091 | 0878 00f9 

  0x000000013a570118: ;   {metadata(method data for {method} {0x0000000153ced008} 'isOnRenderThread' '()Z' in 'com/mojang/blaze3d/systems/RenderSystem')}
  0x000000013a570118: 0061 82d2 | c02b a6f2 | 6000 c0f2 | 01ac 40b9 | 2108 0011 | 01ac 00b9 | 214c 1f12 | 3f00 0071 
  0x000000013a570138: 0032 0354 

  0x000000013a57013c: ;   {metadata(method data for {method} {0x0000000153ced008} 'isOnRenderThread' '()Z' in 'com/mojang/blaze3d/systems/RenderSystem')}
  0x000000013a57013c: 0061 82d2 | c02b a6f2 | 6000 c0f2 | 0878 40f9 | 0805 0091 | 0878 00f9 

  0x000000013a570154: ;   {oop(a 'java/lang/Class'{0x0000000706913868} = 'com/mojang/blaze3d/systems/RenderSystem')}
  0x000000013a570154: 000d 87d2 | 20d2 a0f2 | e000 c0f2 | 0080 40b9 | 00f0 7dd3 | 814b 41f9 | 2100 40f9 | 3f00 00eb 
  0x000000013a570174: ;   {metadata(method data for {method} {0x0000000153ced008} 'isOnRenderThread' '()Z' in 'com/mojang/blaze3d/systems/RenderSystem')}
  0x000000013a570174: 0061 82d2 | c02b a6f2 | 6000 c0f2 | e803 78b2 | 0922 80d2 | 0111 899a | 0268 61f8 | 4204 0091 
  0x000000013a570194: 0268 21f8 | 2101 0054 

  0x000000013a57019c: ;   {metadata(method data for {method} {0x0000000153ced008} 'isOnRenderThread' '()Z' in 'com/mojang/blaze3d/systems/RenderSystem')}
  0x000000013a57019c: 0061 82d2 | c02b a6f2 | 6000 c0f2 | 0190 40f9 | 2104 0091 | 0190 00f9 | e003 0032 | 0200 0014 
  0x000000013a5701bc: 0000 a052 | 0000 0012 | 1f00 0071 

  0x000000013a5701c8: ;   {metadata(method data for {method} {0x0000000153ced540} 'assertOnRenderThread' '()V' in 'com/mojang/blaze3d/systems/RenderSystem')}
  0x000000013a5701c8: 0009 83d2 | 002c a6f2 | 6000 c0f2 | 0822 80d2 | e903 78b2 | 0101 899a | 0268 61f8 | 4204 0091 
  0x000000013a5701e8: 0268 21f8 | a0ee 0254 

  0x000000013a5701f0: ;   {metadata(method data for {method} {0x000000033125bd18} '_getError' '()I' in 'com/mojang/blaze3d/platform/GlStateManager')}
  0x000000013a5701f0: 00b4 9ed2 | 6059 a6f2 | 6000 c0f2 | 0880 40f9 | 0805 0091 | 0880 00f9 

  0x000000013a570208: ;   {metadata(method data for {method} {0x00000001518d70d8} 'glGetError' '()I' in 'org/lwjgl/opengl/GL11')}
  0x000000013a570208: 00dd 9ed2 | 6059 a6f2 | 6000 c0f2 | 01ac 40b9 | 2108 0011 | 01ac 00b9 | 214c 1f12 | 3f00 0071 
  0x000000013a570228: 802b 0354 

  0x000000013a57022c: ;   {oop(a 'java/lang/Class'{0x000000070ce5e870} = 'net/raphimc/immediatelyfast/ImmediatelyFast')}
  0x000000013a57022c: 000e 9dd2 | a09c a1f2 | e000 c0f2 | 0078 40b9 | 00f0 7dd3 

  0x000000013a570240: ; implicit exception: dispatches to 0x000000013a5767b8
  0x000000013a570240: 0048 4039 | 1f00 0071 

  0x000000013a570248: ;   {metadata(method data for {method} {0x00000001518d70d8} 'glGetError' '()I' in 'org/lwjgl/opengl/GL11')}
  0x000000013a570248: 00dd 9ed2 | 6059 a6f2 | 6000 c0f2 | e80f 7cb2 | e903 78b2 | 0101 899a | 0268 61f8 | 4204 0091 
  0x000000013a570268: 0268 21f8 | 6000 0054 | 0000 a052 | 0800 0014 

  0x000000013a570278: ;   {metadata(method data for {method} {0x00000001518d70d8} 'glGetError' '()I' in 'org/lwjgl/opengl/GL11')}
  0x000000013a570278: 00dd 9ed2 | 6059 a6f2 | 6000 c0f2 | 0888 40f9 | 0805 0091 | 0888 00f9 

  0x000000013a570290: ; ImmutableOopMap {[216]=Oop }
                      ;*invokestatic glGetError {reexecute=0 rethrow=0 return_oop=0}
                      ; - org.lwjgl.opengl.GL11::glGetError@11 (line 10038)
                      ; - com.mojang.blaze3d.platform.GlStateManager::_getError@3 (line 760)
                      ; - com.mojang.blaze3d.platform.GlStateManager::_clear@11 (line 709)
                      ; - com.mojang.blaze3d.systems.RenderSystem::clear@5 (line 615)
                      ; - net.minecraft.class_310::method_1523@368 (line 1208)
                      ;   {static_call}
  0x000000013a570290: 9c14 4095 | e16f 40f9 | 2008 41b9 | 00f0 7dd3 

  0x000000013a5702a0: ; implicit exception: dispatches to 0x000000013a5767bc
  0x000000013a5702a0: 1f00 40f9 | e203 00aa 

  0x000000013a5702a8: ;   {metadata(method data for {method} {0x0000000153d57718} 'method_1523' '(Z)V' in 'net/minecraft/class_310')}
  0x000000013a5702a8: 03cb 84d2 | 435e a6f2 | 6300 c0f2 | 4208 40b9 | 4208 5bd2 | 6900 2791 | 2801 40f9 | 5f00 08eb 
  0x000000013a5702c8: a100 0054 | 68e4 44f9 | 0805 0091 | 68e4 04f9 | 1c00 0014 | 6940 2791 | 2801 40f9 | 5f00 08eb 
  0x000000013a5702e8: a100 0054 | 68ec 44f9 | 0805 0091 | 68ec 04f9 | 1400 0014 | 6900 2791 | 2801 40f9 | c800 00b5 
  0x000000013a570308: 2201 00f9 | e803 40b2 | 6920 2791 | 2801 00f9 | 0c00 0014 | 6940 2791 | 2801 40f9 | c800 00b5 
  0x000000013a570328: 2201 00f9 | e803 40b2 | 6960 2791 | 2801 00f9 | 0400 0014 | 68d8 44f9 | 0805 0091 | 68d8 04f9 
  0x000000013a570348: e203 0032 | e103 00aa | 0999 83d2 | e935 a0f2 | 091c c0f2 

  0x000000013a57035c: ; ImmutableOopMap {[216]=Oop }
                      ;*invokevirtual method_1235 {reexecute=0 rethrow=0 return_oop=0}
                      ; - net.minecraft.class_310::method_1523@376 (line 1210)
                      ;   {virtual_call}
  0x000000013a57035c: 796c 9995 

  0x000000013a570360: ;   {metadata(method data for {method} {0x0000000153d57718} 'method_1523' '(Z)V' in 'net/minecraft/class_310')}
  0x000000013a570360: 01cb 84d2 | 415e a6f2 | 6100 c0f2 | 28f4 44f9 | 0805 0091 | 28f4 04f9 

  0x000000013a570378: ;   {metadata(method data for {method} {0x0000000332b63f58} 'method_23792' '()V' in 'net/minecraft/class_758')}
  0x000000013a570378: 01c8 8dd2 | 415e a6f2 | 6100 c0f2 | 20ac 40b9 | 0008 0011 | 20ac 00b9 | 004c 1f12 | 1f00 0071 
  0x000000013a570398: 4021 0354 

  0x000000013a57039c: ;   {metadata(method data for {method} {0x0000000332b63f58} 'method_23792' '()V' in 'net/minecraft/class_758')}
  0x000000013a57039c: 01c8 8dd2 | 415e a6f2 | 6100 c0f2 | 2878 40f9 | 0805 0091 | 2878 00f9 

  0x000000013a5703b4: ;   {metadata(method data for {method} {0x0000000153cef868} 'setShaderFogStart' '(F)V' in 'com/mojang/blaze3d/systems/RenderSystem')}
  0x000000013a5703b4: 015e 91d2 | 4159 a6f2 | 6100 c0f2 | 20ac 40b9 | 0008 0011 | 20ac 00b9 | 004c 1f12 | 1f00 0071 
  0x000000013a5703d4: 6020 0354 

  0x000000013a5703d8: ;   {metadata(method data for {method} {0x0000000153cef868} 'setShaderFogStart' '(F)V' in 'com/mojang/blaze3d/systems/RenderSystem')}
  0x000000013a5703d8: 015e 91d2 | 4159 a6f2 | 6100 c0f2 | 2878 40f9 | 0805 0091 | 2878 00f9 

  0x000000013a5703f0: ;   {metadata(method data for {method} {0x0000000153ced540} 'assertOnRenderThread' '()V' in 'com/mojang/blaze3d/systems/RenderSystem')}
  0x000000013a5703f0: 0109 83d2 | 012c a6f2 | 6100 c0f2 | 20ac 40b9 | 0008 0011 | 20ac 00b9 | 004c 1f12 | 1f00 0071 
  0x000000013a570410: 801f 0354 

  0x000000013a570414: ;   {metadata(method data for {method} {0x0000000153ced540} 'assertOnRenderThread' '()V' in 'com/mojang/blaze3d/systems/RenderSystem')}
  0x000000013a570414: 0109 83d2 | 012c a6f2 | 6100 c0f2 | 2878 40f9 | 0805 0091 | 2878 00f9 

  0x000000013a57042c: ;   {metadata(method data for {method} {0x0000000153ced008} 'isOnRenderThread' '()Z' in 'com/mojang/blaze3d/systems/RenderSystem')}
  0x000000013a57042c: 0161 82d2 | c12b a6f2 | 6100 c0f2 | 20ac 40b9 | 0008 0011 | 20ac 00b9 | 004c 1f12 | 1f00 0071 
  0x000000013a57044c: a01e 0354 

  0x000000013a570450: ;   {metadata(method data for {method} {0x0000000153ced008} 'isOnRenderThread' '()Z' in 'com/mojang/blaze3d/systems/RenderSystem')}
  0x000000013a570450: 0161 82d2 | c12b a6f2 | 6100 c0f2 | 2878 40f9 | 0805 0091 | 2878 00f9 

  0x000000013a570468: ;   {oop(a 'java/lang/Class'{0x0000000706913868} = 'com/mojang/blaze3d/systems/RenderSystem')}
  0x000000013a570468: 010d 87d2 | 21d2 a0f2 | e100 c0f2 | 2180 40b9 | 21f0 7dd3 | 804b 41f9 | 0000 40f9 | 1f00 01eb 
  0x000000013a570488: ;   {metadata(method data for {method} {0x0000000153ced008} 'isOnRenderThread' '()Z' in 'com/mojang/blaze3d/systems/RenderSystem')}
  0x000000013a570488: 0161 82d2 | c12b a6f2 | 6100 c0f2 | e803 78b2 | 0922 80d2 | 0011 899a | 2268 60f8 | 4204 0091 
  0x000000013a5704a8: 2268 20f8 | 2101 0054 

  0x000000013a5704b0: ;   {metadata(method data for {method} {0x0000000153ced008} 'isOnRenderThread' '()Z' in 'com/mojang/blaze3d/systems/RenderSystem')}
  0x000000013a5704b0: 0161 82d2 | c12b a6f2 | 6100 c0f2 | 2090 40f9 | 0004 0091 | 2090 00f9 | e103 0032 | 0200 0014 
  0x000000013a5704d0: 0100 a052 | 2100 0012 | 3f00 0071 

  0x000000013a5704dc: ;   {metadata(method data for {method} {0x0000000153ced540} 'assertOnRenderThread' '()V' in 'com/mojang/blaze3d/systems/RenderSystem')}
  0x000000013a5704dc: 0109 83d2 | 012c a6f2 | 6100 c0f2 | 0822 80d2 | e903 78b2 | 0001 899a | 2268 60f8 | 4204 0091 
  0x000000013a5704fc: 2268 20f8 | 60d0 0254 

  0x000000013a570504: ;   {metadata(method data for {method} {0x0000000153cef868} 'setShaderFogStart' '(F)V' in 'com/mojang/blaze3d/systems/RenderSystem')}
  0x000000013a570504: 015e 91d2 | 4159 a6f2 | 6100 c0f2 | 2880 40f9 | 0805 0091 | 2880 00f9 

  0x000000013a57051c: ;   {metadata(method data for {method} {0x0000000153cef920} '_setShaderFogStart' '(F)V' in 'com/mojang/blaze3d/systems/RenderSystem')}
  0x000000013a57051c: 018a 91d2 | 4159 a6f2 | 6100 c0f2 | 20ac 40b9 | 0008 0011 | 20ac 00b9 | 004c 1f12 | 1f00 0071 
  0x000000013a57053c: 2018 0354 

  0x000000013a570540: ;   {oop(a 'java/lang/Class'{0x0000000706913868} = 'com/mojang/blaze3d/systems/RenderSystem')}
  0x000000013a570540: 010d 87d2 | 21d2 a0f2 | e100 c0f2 

  0x000000013a57054c: ;   {section_word}
  0x000000013a57054c: a8c7 fe10 | 0001 40bd | 20fc 00bd 

  0x000000013a570558: ;   {metadata(method data for {method} {0x0000000153cef920} '_setShaderFogStart' '(F)V' in 'com/mojang/blaze3d/systems/RenderSystem')}
  0x000000013a570558: 008a 91d2 | 4059 a6f2 | 6000 c0f2 | 0878 40f9 | 0805 0091 | 0878 00f9 

  0x000000013a570570: ;   {metadata(method data for {method} {0x0000000153d08900} 'handler$fmb000$iris$onFogStart' '(FLorg/spongepowered/asm/mixin/injection/callback/CallbackInfo;)V' in 'com/mojang/blaze3d/systems/RenderSystem')}
  0x000000013a570570: 00b2 91d2 | 4059 a6f2 | 6000 c0f2 | 02ac 40b9 | 4208 0011 | 02ac 00b9 | 424c 1f12 | 5f00 0071 
  0x000000013a570590: 8016 0354 | 21d4 40b9 | 21f0 7dd3 | e003 1faa | 3f00 00eb 

  0x000000013a5705a4: ;   {metadata(method data for {method} {0x0000000153d08900} 'handler$fmb000$iris$onFogStart' '(FLorg/spongepowered/asm/mixin/injection/callback/CallbackInfo;)V' in 'com/mojang/blaze3d/systems/RenderSystem')}
  0x000000013a5705a4: 00b2 91d2 | 4059 a6f2 | 6000 c0f2 | e80f 7cb2 | e903 78b2 | 0201 899a | 0368 62f8 | 6304 0091 
  0x000000013a5705c4: 0368 22f8 | e005 0054 

  0x000000013a5705cc: ; implicit exception: dispatches to 0x000000013a576880
  0x000000013a5705cc: 3f00 40f9 | e003 01aa 

  0x000000013a5705d4: ;   {metadata(method data for {method} {0x0000000153d08900} 'handler$fmb000$iris$onFogStart' '(FLorg/spongepowered/asm/mixin/injection/callback/CallbackInfo;)V' in 'com/mojang/blaze3d/systems/RenderSystem')}
  0x000000013a5705d4: 02b2 91d2 | 4259 a6f2 | 6200 c0f2 | 0008 40b9 | 0008 5bd2 | 4980 0491 | 2801 40f9 | 1f00 08eb 
  0x000000013a5705f4: a100 0054 | 4894 40f9 | 0805 0091 | 4894 00f9 | 1c00 0014 | 49c0 0491 | 2801 40f9 | 1f00 08eb 
  0x000000013a570614: a100 0054 | 489c 40f9 | 0805 0091 | 489c 00f9 | 1400 0014 | 4980 0491 | 2801 40f9 | c800 00b5 
  0x000000013a570634: 2001 00f9 | e803 40b2 | 49a0 0491 | 2801 00f9 | 0c00 0014 | 49c0 0491 | 2801 40f9 | c800 00b5 
  0x000000013a570654: 2001 00f9 | e803 40b2 | 49e0 0491 | 2801 00f9 | 0400 0014 | 4888 40f9 | 0805 0091 | 4888 00f9 
  0x000000013a570674: e9ff 9fd2 | e9ff bff2 | e9ff dff2 

  0x000000013a570680: ; ImmutableOopMap {[216]=Oop }
                      ;*invokeinterface run {reexecute=0 rethrow=0 return_oop=0}
                      ; - com.mojang.blaze3d.systems.RenderSystem::handler$fmb000$iris$onFogStart@9 (line 4471)
                      ; - com.mojang.blaze3d.systems.RenderSystem::_setShaderFogStart@6 (line 631)
                      ; - com.mojang.blaze3d.systems.RenderSystem::setShaderFogStart@4 (line 626)
                      ; - net.minecraft.class_758::method_23792@3 (line 203)
                      ; - net.minecraft.class_310::method_1523@379 (line 1211)
                      ;   {virtual_call}
  0x000000013a570680: e012 4095 

  0x000000013a570684: ;   {metadata(method data for {method} {0x0000000153cef868} 'setShaderFogStart' '(F)V' in 'com/mojang/blaze3d/systems/RenderSystem')}
  0x000000013a570684: 005e 91d2 | 4059 a6f2 | 6000 c0f2 | 0888 40f9 | 0805 0091 | 0888 00f9 

  0x000000013a57069c: ;   {metadata(method data for {method} {0x0000000153d07e60} 'handler$epe000$flywheel$onSetFogStart' '(Lorg/spongepowered/asm/mixin/injection/callback/CallbackInfo;)V' in 'com/mojang/blaze3d/systems/RenderSystem')}
  0x000000013a57069c: 00e4 91d2 | 4059 a6f2 | 6000 c0f2 | 01ac 40b9 | 2108 0011 | 01ac 00b9 | 214c 1f12 | 3f00 0071 
  0x000000013a5706bc: 400e 0354 

  0x000000013a5706c0: ;   {metadata(method data for {method} {0x0000000153d07e60} 'handler$epe000$flywheel$onSetFogStart' '(Lorg/spongepowered/asm/mixin/injection/callback/CallbackInfo;)V' in 'com/mojang/blaze3d/systems/RenderSystem')}
  0x000000013a5706c0: 00e4 91d2 | 4059 a6f2 | 6000 c0f2 | 0878 40f9 | 0805 0091 | 0878 00f9 

  0x000000013a5706d8: ; ImmutableOopMap {[216]=Oop }
                      ;*invokestatic update {reexecute=0 rethrow=0 return_oop=0}
                      ; - com.mojang.blaze3d.systems.RenderSystem::handler$epe000$flywheel$onSetFogStart@0 (line 2470)
                      ; - com.mojang.blaze3d.systems.RenderSystem::setShaderFogStart@8 (line 628)
                      ; - net.minecraft.class_758::method_23792@3 (line 203)
                      ; - net.minecraft.class_310::method_1523@379 (line 1211)
                      ;   {static_call}
  0x000000013a5706d8: 661d 0094 | e16f 40f9 | 22a8 41b9 | 42f0 7dd3 | 4201 00b4 

  0x000000013a5706ec: ;   {metadata('net/minecraft/class_3694')}
  0x000000013a5706ec: 0412 8ed2 | 2436 a0f2 | 041c c0f2 | 4508 40b9 | a508 5bd2 | a81c 40f9 | 9f00 08eb | e10c 0354 
  0x000000013a57070c: 0100 0014 | e003 02aa 

  0x000000013a570714: ; implicit exception: dispatches to 0x000000013a5768a8
  0x000000013a570714: 5f00 40f9 

  0x000000013a570718: ;   {metadata(method data for {method} {0x0000000153d57718} 'method_1523' '(Z)V' in 'net/minecraft/class_310')}
  0x000000013a570718: 00cb 84d2 | 405e a6f2 | 6000 c0f2 | 0808 45f9 | 0805 0091 | 0808 05f9 

  0x000000013a570730: ;   {metadata(method data for {method} {0x0000000153e3ea08} 'method_15396' '(Ljava/lang/String;)V' in 'net/minecraft/class_3694')}
  0x000000013a570730: 02c4 9cd2 | 224e a6f2 | 6200 c0f2 | 40ac 40b9 | 0008 0011 | 40ac 00b9 | 004c 1f12 | 1f00 0071 
  0x000000013a570750: e00a 0354 

  0x000000013a570754: ;   {metadata(method data for {method} {0x0000000153d57718} 'method_1523' '(Z)V' in 'net/minecraft/class_310')}
  0x000000013a570754: 02cb 84d2 | 425e a6f2 | 6200 c0f2 | 4818 45f9 | 0805 0091 | 4818 05f9 

  0x000000013a57076c: ;   {metadata(method data for {method} {0x0000000153cee748} 'enableCull' '()V' in 'com/mojang/blaze3d/systems/RenderSystem')}
  0x000000013a57076c: 02b0 90d2 | 4259 a6f2 | 6200 c0f2 | 40ac 40b9 | 0008 0011 | 40ac 00b9 | 004c 1f12 | 1f00 0071 
  0x000000013a57078c: 000a 0354 

  0x000000013a570790: ;   {metadata(method data for {method} {0x0000000153cee748} 'enableCull' '()V' in 'com/mojang/blaze3d/systems/RenderSystem')}
  0x000000013a570790: 02b0 90d2 | 4259 a6f2 | 6200 c0f2 | 4878 40f9 | 0805 0091 | 4878 00f9 

  0x000000013a5707a8: ;   {metadata(method data for {method} {0x0000000153ced540} 'assertOnRenderThread' '()V' in 'com/mojang/blaze3d/systems/RenderSystem')}
  0x000000013a5707a8: 0209 83d2 | 022c a6f2 | 6200 c0f2 | 40ac 40b9 | 0008 0011 | 40ac 00b9 | 004c 1f12 | 1f00 0071 
  0x000000013a5707c8: 2009 0354 

  0x000000013a5707cc: ;   {metadata(method data for {method} {0x0000000153ced540} 'assertOnRenderThread' '()V' in 'com/mojang/blaze3d/systems/RenderSystem')}
  0x000000013a5707cc: 0209 83d2 | 022c a6f2 | 6200 c0f2 | 4878 40f9 | 0805 0091 | 4878 00f9 

  0x000000013a5707e4: ;   {metadata(method data for {method} {0x0000000153ced008} 'isOnRenderThread' '()Z' in 'com/mojang/blaze3d/systems/RenderSystem')}
  0x000000013a5707e4: 0261 82d2 | c22b a6f2 | 6200 c0f2 | 40ac 40b9 | 0008 0011 | 40ac 00b9 | 004c 1f12 | 1f00 0071 
  0x000000013a570804: 4008 0354 

  0x000000013a570808: ;   {metadata(method data for {method} {0x0000000153ced008} 'isOnRenderThread' '()Z' in 'com/mojang/blaze3d/systems/RenderSystem')}
  0x000000013a570808: 0261 82d2 | c22b a6f2 | 6200 c0f2 | 4878 40f9 | 0805 0091 | 4878 00f9 

  0x000000013a570820: ;   {oop(a 'java/lang/Class'{0x0000000706913868} = 'com/mojang/blaze3d/systems/RenderSystem')}
  0x000000013a570820: 020d 87d2 | 22d2 a0f2 | e200 c0f2 | 4280 40b9 | 42f0 7dd3 | 804b 41f9 | 0000 40f9 | 1f00 02eb 
  0x000000013a570840: ;   {metadata(method data for {method} {0x0000000153ced008} 'isOnRenderThread' '()Z' in 'com/mojang/blaze3d/systems/RenderSystem')}
  0x000000013a570840: 0061 82d2 | c02b a6f2 | 6000 c0f2 | e803 78b2 | 0922 80d2 | 0311 899a | 0468 63f8 | 8404 0091 
  0x000000013a570860: 0468 23f8 | 2101 0054 

  0x000000013a570868: ;   {metadata(method data for {method} {0x0000000153ced008} 'isOnRenderThread' '()Z' in 'com/mojang/blaze3d/systems/RenderSystem')}
  0x000000013a570868: 0061 82d2 | c02b a6f2 | 6000 c0f2 | 0390 40f9 | 6304 0091 | 0390 00f9 | e003 0032 | 0200 0014 
  0x000000013a570888: 0000 a052 | 0000 0012 | 1f00 0071 

  0x000000013a570894: ;   {metadata(method data for {method} {0x0000000153ced540} 'assertOnRenderThread' '()V' in 'com/mojang/blaze3d/systems/RenderSystem')}
  0x000000013a570894: 0009 83d2 | 002c a6f2 | 6000 c0f2 | 0822 80d2 | e903 78b2 | 0301 899a | 0468 63f8 | 8404 0091 
  0x000000013a5708b4: 0468 23f8 | 00ad 0254 

  0x000000013a5708bc: ;   {metadata(method data for {method} {0x0000000153cee748} 'enableCull' '()V' in 'com/mojang/blaze3d/systems/RenderSystem')}
  0x000000013a5708bc: 00b0 90d2 | 4059 a6f2 | 6000 c0f2 | 0880 40f9 | 0805 0091 | 0880 00f9 

  0x000000013a5708d4: ;   {metadata(method data for {method} {0x0000000331266708} '_enableCull' '()V' in 'com/mojang/blaze3d/platform/GlStateManager')}
  0x000000013a5708d4: 00d9 90d2 | 4059 a6f2 | 6000 c0f2 | 03ac 40b9 | 6308 0011 | 03ac 00b9 | 634c 1f12 | 7f00 0071 
  0x000000013a5708f4: c001 0354 

  0x000000013a5708f8: ;   {metadata(method data for {method} {0x0000000331266708} '_enableCull' '()V' in 'com/mojang/blaze3d/platform/GlStateManager')}
  0x000000013a5708f8: 00d9 90d2 | 4059 a6f2 | 6000 c0f2 | 0878 40f9 | 0805 0091 | 0878 00f9 

  0x000000013a570910: ;   {metadata(method data for {method} {0x0000000153ced540} 'assertOnRenderThread' '()V' in 'com/mojang/blaze3d/systems/RenderSystem')}
  0x000000013a570910: 0009 83d2 | 002c a6f2 | 6000 c0f2 | 03ac 40b9 | 6308 0011 | 03ac 00b9 | 634c 1f12 | 7f00 0071 
  0x000000013a570930: e000 0354 

  0x000000013a570934: ;   {metadata(method data for {method} {0x0000000153ced540} 'assertOnRenderThread' '()V' in 'com/mojang/blaze3d/systems/RenderSystem')}
  0x000000013a570934: 0009 83d2 | 002c a6f2 | 6000 c0f2 | 0878 40f9 | 0805 0091 | 0878 00f9 

  0x000000013a57094c: ;   {metadata(method data for {method} {0x0000000153ced008} 'isOnRenderThread' '()Z' in 'com/mojang/blaze3d/systems/RenderSystem')}
  0x000000013a57094c: 0061 82d2 | c02b a6f2 | 6000 c0f2 | 03ac 40b9 | 6308 0011 | 03ac 00b9 | 634c 1f12 | 7f00 0071 
  0x000000013a57096c: 0000 0354 

  0x000000013a570970: ;   {metadata(method data for {method} {0x0000000153ced008} 'isOnRenderThread' '()Z' in 'com/mojang/blaze3d/systems/RenderSystem')}
  0x000000013a570970: 0061 82d2 | c02b a6f2 | 6000 c0f2 | 0878 40f9 | 0805 0091 | 0878 00f9 | 804b 41f9 | 0000 40f9 
  0x000000013a570990: 1f00 02eb 

  0x000000013a570994: ;   {metadata(method data for {method} {0x0000000153ced008} 'isOnRenderThread' '()Z' in 'com/mojang/blaze3d/systems/RenderSystem')}
  0x000000013a570994: 0261 82d2 | c22b a6f2 | 6200 c0f2 | e803 78b2 | 0922 80d2 | 0011 899a | 4368 60f8 | 6304 0091 
  0x000000013a5709b4: 4368 20f8 | 2101 0054 

  0x000000013a5709bc: ;   {metadata(method data for {method} {0x0000000153ced008} 'isOnRenderThread' '()Z' in 'com/mojang/blaze3d/systems/RenderSystem')}
  0x000000013a5709bc: 0261 82d2 | c22b a6f2 | 6200 c0f2 | 4090 40f9 | 0004 0091 | 4090 00f9 | e203 0032 | 0200 0014 
  0x000000013a5709dc: 0200 a052 | 4200 0012 | 5f00 0071 

  0x000000013a5709e8: ;   {metadata(method data for {method} {0x0000000153ced540} 'assertOnRenderThread' '()V' in 'com/mojang/blaze3d/systems/RenderSystem')}
  0x000000013a5709e8: 0209 83d2 | 022c a6f2 | 6200 c0f2 | 0822 80d2 | e903 78b2 | 0001 899a | 4368 60f8 | 6304 0091 
  0x000000013a570a08: 4368 20f8 | c09c 0254 

  0x000000013a570a10: ;   {oop(a 'com/mojang/blaze3d/platform/GlStateManager$class_1025'{0x0000000725e90938})}
  0x000000013a570a10: 0227 81d2 | 22bd a4f2 | e200 c0f2 

  0x000000013a570a1c: ; implicit exception: dispatches to 0x000000013a57698c
  0x000000013a570a1c: 4010 40b9 | 00f0 7dd3 

  0x000000013a570a24: ; implicit exception: dispatches to 0x000000013a576990
  0x000000013a570a24: 1f00 40f9 | e203 00aa 

  0x000000013a570a2c: ;   {metadata(method data for {method} {0x0000000331266708} '_enableCull' '()V' in 'com/mojang/blaze3d/platform/GlStateManager')}
  0x000000013a570a2c: 03d9 90d2 | 4359 a6f2 | 6300 c0f2 | 688c 40f9 | 0805 0091 | 688c 00f9 

  0x000000013a570a44: ;   {metadata(method data for {method} {0x000000033126c528} 'method_4471' '()V' in 'com/mojang/blaze3d/platform/GlStateManager$class_1018')}
  0x000000013a570a44: 0284 84d2 | a258 a6f2 | 6200 c0f2 | 43ac 40b9 | 6308 0011 | 43ac 00b9 | 634c 1f12 | 7f00 0071 
  0x000000013a570a64: 80f9 0254 | e203 00aa 

  0x000000013a570a6c: ;   {metadata(method data for {method} {0x000000033126c528} 'method_4471' '()V' in 'com/mojang/blaze3d/platform/GlStateManager$class_1018')}
  0x000000013a570a6c: 0384 84d2 | a358 a6f2 | 6300 c0f2 | 6884 40f9 | 0805 0091 | 6884 00f9 | e203 0032 | e103 00aa 
  0x000000013a570a8c: ; ImmutableOopMap {[216]=Oop }
                      ;*invokevirtual method_4470 {reexecute=0 rethrow=0 return_oop=0}
                      ; - com.mojang.blaze3d.platform.GlStateManager$class_1018::method_4471@2 (line 871)
                      ; - com.mojang.blaze3d.platform.GlStateManager::_enableCull@9 (line 460)
                      ; - com.mojang.blaze3d.systems.RenderSystem::enableCull@3 (line 385)
                      ; - net.minecraft.class_310::method_1523@394 (line 1214)
                      ;   {optimized virtual_call}
  0x000000013a570a8c: 1169 9795 | e16f 40f9 | 20a8 41b9 | 00f0 7dd3 | 4001 00b4 

  0x000000013a570aa0: ;   {metadata('net/minecraft/class_3694')}
  0x000000013a570aa0: 0412 8ed2 | 2436 a0f2 | 041c c0f2 | 0508 40b9 | a508 5bd2 | a81c 40f9 | 9f00 08eb | c1f7 0254 
  0x000000013a570ac0: 0100 0014 | e203 00aa 

  0x000000013a570ac8: ; implicit exception: dispatches to 0x000000013a5769b8
  0x000000013a570ac8: 1f00 40f9 | e203 00aa 

  0x000000013a570ad0: ;   {metadata(method data for {method} {0x0000000153d57718} 'method_1523' '(Z)V' in 'net/minecraft/class_310')}
  0x000000013a570ad0: 03cb 84d2 | 435e a6f2 | 6300 c0f2 | 682c 45f9 | 0805 0091 | 682c 05f9 

  0x000000013a570ae8: ;   {metadata(method data for {method} {0x0000000153e3ec20} 'method_15407' '()V' in 'net/minecraft/class_3694')}
  0x000000013a570ae8: 02e6 9cd2 | 224e a6f2 | 6200 c0f2 | 43ac 40b9 | 6308 0011 | 43ac 00b9 | 634c 1f12 | 7f00 0071 
  0x000000013a570b08: a0f5 0254 | 22a4 4139 | 5f00 0071 

  0x000000013a570b14: ;   {metadata(method data for {method} {0x0000000153d57718} 'method_1523' '(Z)V' in 'net/minecraft/class_310')}
  0x000000013a570b14: 02cb 84d2 | 425e a6f2 | 6200 c0f2 | 084f 81d2 | 0951 81d2 | 0311 899a | 4468 63f8 | 8404 0091 
  0x000000013a570b34: 4468 23f8 | e17e 0054 | 4001 00b4 

  0x000000013a570b40: ;   {metadata('net/minecraft/class_3694')}
  0x000000013a570b40: 0412 8ed2 | 2436 a0f2 | 041c c0f2 | 0508 40b9 | a508 5bd2 | a81c 40f9 | 9f00 08eb | 01f4 0254 
  0x000000013a570b60: 0100 0014 | e203 00aa 

  0x000000013a570b68: ;   {metadata(method data for {method} {0x0000000153d57718} 'method_1523' '(Z)V' in 'net/minecraft/class_310')}
  0x000000013a570b68: 02cb 84d2 | 425e a6f2 | 6200 c0f2 | 4858 45f9 | 0805 0091 | 4858 05f9 

  0x000000013a570b80: ;   {metadata(method data for {method} {0x0000000153e3ecd8} 'method_15405' '(Ljava/lang/String;)V' in 'net/minecraft/class_3694')}
  0x000000013a570b80: 0097 8cd2 | 6059 a6f2 | 6000 c0f2 | 02ac 40b9 | 4208 0011 | 02ac 00b9 | 424c 1f12 | 5f00 0071 
  0x000000013a570ba0: 00f2 0254 | 20b0 40b9 | 00f0 7dd3 | e09b 00f9 | bf3b 03d5 | 22a0 4139 | bf39 03d5 | 5f00 0071 
  0x000000013a570bc0: ;   {metadata(method data for {method} {0x0000000153d57718} 'method_1523' '(Z)V' in 'net/minecraft/class_310')}
  0x000000013a570bc0: 02cb 84d2 | 425e a6f2 | 6200 c0f2 | 085a 81d2 | 095c 81d2 | 0301 899a | 4468 63f8 | 8404 0091 
  0x000000013a570be0: 4468 23f8 | 2001 0054 | 2048 40bd 

  0x000000013a570bec: ;   {metadata(method data for {method} {0x0000000153d57718} 'method_1523' '(Z)V' in 'net/minecraft/class_310')}
  0x000000013a570bec: 02cb 84d2 | 425e a6f2 | 6200 c0f2 | 4378 45f9 | 6304 0091 | 4378 05f9 | 0400 0014 | 2288 40b9 
  0x000000013a570c0c: 42f0 7dd3 

  0x000000013a570c10: ; implicit exception: dispatches to 0x000000013a576a00
  0x000000013a570c10: 400c 40bd | e0db 01bd | e203 01aa 

  0x000000013a570c1c: ;   {metadata(method data for {method} {0x0000000153d57718} 'method_1523' '(Z)V' in 'net/minecraft/class_310')}
  0x000000013a570c1c: 03cb 84d2 | 435e a6f2 | 6300 c0f2 | 6884 45f9 | 0805 0091 | 6884 05f9 

  0x000000013a570c34: ;   {metadata(method data for {method} {0x0000000153d606e8} 'handler$zfl000$porting_lib_base$port_lib$renderTickStart' '(Lorg/spongepowered/asm/mixin/injection/callback/CallbackInfo;)V' in 'net/minecraft/class_310')}
  0x000000013a570c34: 023f 8ed2 | 425e a6f2 | 6200 c0f2 | 43ac 40b9 | 6308 0011 | 43ac 00b9 | 634c 1f12 | 7f00 0071 
  0x000000013a570c54: 80ed 0254 

  0x000000013a570c58: ;   {oop(a 'net/fabricmc/fabric/impl/base/event/ArrayBackedEvent'{0x0000000720ce32d8})}
  0x000000013a570c58: 025b 86d2 | c219 a4f2 | e200 c0f2 | e303 02aa 

  0x000000013a570c68: ;   {metadata(method data for {method} {0x0000000153d606e8} 'handler$zfl000$porting_lib_base$port_lib$renderTickStart' '(Lorg/spongepowered/asm/mixin/injection/callback/CallbackInfo;)V' in 'net/minecraft/class_310')}
  0x000000013a570c68: 043f 8ed2 | 445e a6f2 | 6400 c0f2 | 8878 40f9 | 0805 0091 | 8878 00f9 | bf3b 03d5 

  0x000000013a570c84: ; implicit exception: dispatches to 0x000000013a576a24
  0x000000013a570c84: 420c 40b9 | 42f0 7dd3 | bf39 03d5 | 0201 00b5 

  0x000000013a570c94: ;   {metadata(method data for {method} {0x0000000153d606e8} 'handler$zfl000$porting_lib_base$port_lib$renderTickStart' '(Lorg/spongepowered/asm/mixin/injection/callback/CallbackInfo;)V' in 'net/minecraft/class_310')}
  0x000000013a570c94: 053f 8ed2 | 455e a6f2 | 6500 c0f2 | a884 4439 | 0801 40b2 | a884 0439 | 3d00 0014 

  0x000000013a570cb0: ;   {metadata('io/github/fabricators_of_create/porting_lib/event/client/RenderTickStartCallback')}
  0x000000013a570cb0: 0465 95d2 | e469 a0f2 | 041c c0f2 | 4508 40b9 | a508 5bd2 | a810 40f9 | 9f00 08eb | e000 0054 
  0x000000013a570cd0: bf00 04eb | a000 0054 | e513 bfa9 

  0x000000013a570cdc: ;   {runtime_call slow_subtype_check Runtime1 stub}
  0x000000013a570cdc: c9db 4295 | e507 41f8 | e504 0034 

  0x000000013a570ce8: ;   {metadata(method data for {method} {0x0000000153d606e8} 'handler$zfl000$porting_lib_base$port_lib$renderTickStart' '(Lorg/spongepowered/asm/mixin/injection/callback/CallbackInfo;)V' in 'net/minecraft/class_310')}
  0x000000013a570ce8: 053f 8ed2 | 455e a6f2 | 6500 c0f2 | 4408 40b9 | 8408 5bd2 | a9e0 0491 | 2801 40f9 | 9f00 08eb 
  0x000000013a570d08: a100 0054 | a8a0 40f9 | 0805 0091 | a8a0 00f9 | 2200 0014 | a920 0591 | 2801 40f9 | 9f00 08eb 
  0x000000013a570d28: a100 0054 | a8a8 40f9 | 0805 0091 | a8a8 00f9 | 1a00 0014 | a9e0 0491 | 2801 40f9 | c800 00b5 
  0x000000013a570d48: 2401 00f9 | e803 40b2 | a900 0591 | 2801 00f9 | 1200 0014 | a920 0591 | 2801 40f9 | c800 00b5 
  0x000000013a570d68: 2401 00f9 | e803 40b2 | a940 0591 | 2801 00f9 | 0a00 0014 | 0900 0014 

  0x000000013a570d80: ;   {metadata(method data for {method} {0x0000000153d606e8} 'handler$zfl000$porting_lib_base$port_lib$renderTickStart' '(Lorg/spongepowered/asm/mixin/injection/callback/CallbackInfo;)V' in 'net/minecraft/class_310')}
  0x000000013a570d80: 053f 8ed2 | 455e a6f2 | 6500 c0f2 | a894 40f9 | 0805 00d1 | a894 00f9 | 2417 0014 | 0100 0014 
  0x000000013a570da0: ; implicit exception: dispatches to 0x000000013a576a30
  0x000000013a570da0: 5f00 40f9 | e303 02aa 

  0x000000013a570da8: ;   {metadata(method data for {method} {0x0000000153d606e8} 'handler$zfl000$porting_lib_base$port_lib$renderTickStart' '(Lorg/spongepowered/asm/mixin/injection/callback/CallbackInfo;)V' in 'net/minecraft/class_310')}
  0x000000013a570da8: 043f 8ed2 | 445e a6f2 | 6400 c0f2 | 6308 40b9 | 6308 5bd2 | 89c0 0591 | 2801 40f9 | 7f00 08eb 
  0x000000013a570dc8: a100 0054 | 88bc 40f9 | 0805 0091 | 88bc 00f9 | 1c00 0014 | 8900 0691 | 2801 40f9 | 7f00 08eb 
  0x000000013a570de8: a100 0054 | 88c4 40f9 | 0805 0091 | 88c4 00f9 | 1400 0014 | 89c0 0591 | 2801 40f9 | c800 00b5 
  0x000000013a570e08: 2301 00f9 | e803 40b2 | 89e0 0591 | 2801 00f9 | 0c00 0014 | 8900 0691 | 2801 40f9 | c800 00b5 
  0x000000013a570e28: 2301 00f9 | e803 40b2 | 8920 0691 | 2801 00f9 | 0400 0014 | 88b0 40f9 | 0805 0091 | 88b0 00f9 
  0x000000013a570e48: e103 02aa | 0904 86d2 | 69e9 a0f2 | 0900 ccf2 

  0x000000013a570e58: ; ImmutableOopMap {[304]=Oop [216]=Oop }
                      ;*invokeinterface tick {reexecute=0 rethrow=0 return_oop=0}
                      ; - net.minecraft.class_310::handler$zfl000$porting_lib_base$port_lib$renderTickStart@9 (line 3648)
                      ; - net.minecraft.class_310::method_1523@453 (line 1219)
                      ;   {virtual_call}
  0x000000013a570e58: 0e0d 4095 | e16f 40f9 

  0x000000013a570e60: ;   {metadata(method data for {method} {0x0000000153d57718} 'method_1523' '(Z)V' in 'net/minecraft/class_310')}
  0x000000013a570e60: 02cb 84d2 | 425e a6f2 | 6200 c0f2 | 488c 45f9 | 0805 0091 | 488c 05f9 | e2e3 40b9 | e303 1faa 
  0x000000013a570e80: e16f 40f9 

  0x000000013a570e84: ; ImmutableOopMap {[304]=Oop [216]=Oop }
                      ;*invokespecial handler$iko000$puzzleslib$runTick$0 {reexecute=0 rethrow=0 return_oop=0}
                      ; - net.minecraft.class_310::method_1523@459 (line 1219)
                      ;   {optimized virtual_call}
  0x000000013a570e84: f3b4 b095 | e16f 40f9 

  0x000000013a570e8c: ;   {metadata(method data for {method} {0x0000000153d57718} 'method_1523' '(Z)V' in 'net/minecraft/class_310')}
  0x000000013a570e8c: 00cb 84d2 | 405e a6f2 | 6000 c0f2 | 08a0 45f9 | 0805 0091 | 08a0 05f9 

  0x000000013a570ea4: ;   {metadata(method data for {method} {0x0000000153d6cba8} 'modify$ljc000$xaerolib$onRenderCall' '(Z)Z' in 'net/minecraft/class_310')}
  0x000000013a570ea4: 01d5 97d2 | 415e a6f2 | 6100 c0f2 | 20ac 40b9 | 0008 0011 | 20ac 00b9 | 004c 1f12 | 1f00 0071 
  0x000000013a570ec4: 80db 0254 

  0x000000013a570ec8: ;   {oop(a 'java/lang/Class'{0x0000000726352f90} = 'xaero/lib/XaeroLib')}
  0x000000013a570ec8: 01f2 85d2 | a1c6 a4f2 | e100 c0f2 | 2174 40b9 | 21f0 7dd3 | e003 1faa | 3f00 00eb 

  0x000000013a570ee4: ;   {metadata(method data for {method} {0x0000000153d6cba8} 'modify$ljc000$xaerolib$onRenderCall' '(Z)Z' in 'net/minecraft/class_310')}
  0x000000013a570ee4: 00d5 97d2 | 405e a6f2 | 6000 c0f2 | e80f 7cb2 | e903 78b2 | 0201 899a | 0368 62f8 | 6304 0091 
  0x000000013a570f04: 0368 22f8 | 001c 0054 | 0101 00b5 

  0x000000013a570f10: ;   {metadata(method data for {method} {0x0000000153d6cba8} 'modify$ljc000$xaerolib$onRenderCall' '(Z)Z' in 'net/minecraft/class_310')}
  0x000000013a570f10: 03d5 97d2 | 435e a6f2 | 6300 c0f2 | 6824 4439 | 0801 40b2 | 6824 0439 | 3600 0014 

  0x000000013a570f2c: ;   {metadata('xaero/lib/XaeroLibFabric')}
  0x000000013a570f2c: 02dc 99d2 | c273 a0f2 | 021c c0f2 | 2808 40b9 | 0809 5bd2 | 1f01 02eb | e104 0054 

  0x000000013a570f48: ;   {metadata(method data for {method} {0x0000000153d6cba8} 'modify$ljc000$xaerolib$onRenderCall' '(Z)Z' in 'net/minecraft/class_310')}
  0x000000013a570f48: 03d5 97d2 | 435e a6f2 | 6300 c0f2 | 2208 40b9 | 4208 5bd2 | 6980 0491 | 2801 40f9 | 5f00 08eb 
  0x000000013a570f68: a100 0054 | 6894 40f9 | 0805 0091 | 6894 00f9 | 2200 0014 | 69c0 0491 | 2801 40f9 | 5f00 08eb 
  0x000000013a570f88: a100 0054 | 689c 40f9 | 0805 0091 | 689c 00f9 | 1a00 0014 | 6980 0491 | 2801 40f9 | c800 00b5 
  0x000000013a570fa8: 2201 00f9 | e803 40b2 | 69a0 0491 | 2801 00f9 | 1200 0014 | 69c0 0491 | 2801 40f9 | c800 00b5 
  0x000000013a570fc8: 2201 00f9 | e803 40b2 | 69e0 0491 | 2801 00f9 | 0a00 0014 | 0900 0014 

  0x000000013a570fe0: ;   {metadata(method data for {method} {0x0000000153d6cba8} 'modify$ljc000$xaerolib$onRenderCall' '(Z)Z' in 'net/minecraft/class_310')}
  0x000000013a570fe0: 03d5 97d2 | 435e a6f2 | 6300 c0f2 | 6888 40f9 | 0805 00d1 | 6888 00f9 | 9716 0014 | 0100 0014 
  0x000000013a571000: e003 01aa | e09f 00f9 

  0x000000013a571008: ; implicit exception: dispatches to 0x000000013a576a5c
  0x000000013a571008: 1f00 40f9 | e103 00aa 

  0x000000013a571010: ;   {metadata(method data for {method} {0x0000000153d6cba8} 'modify$ljc000$xaerolib$onRenderCall' '(Z)Z' in 'net/minecraft/class_310')}
  0x000000013a571010: 02d5 97d2 | 425e a6f2 | 6200 c0f2 | 48b0 40f9 | 0805 0091 | 48b0 00f9 

  0x000000013a571028: ;   {metadata(method data for {method} {0x000000032ccb8730} 'tryLoadLaterClient' '()V' in 'xaero/lib/XaeroLibFabric')}
  0x000000013a571028: 010e 98d2 | 415e a6f2 | 6100 c0f2 | 22ac 40b9 | 4208 0011 | 22ac 00b9 | 424c 1f12 | 5f00 0071 
  0x000000013a571048: c0d0 0254 | 0134 4039 | 3f00 0071 

  0x000000013a571054: ;   {metadata(method data for {method} {0x000000032ccb8730} 'tryLoadLaterClient' '()V' in 'xaero/lib/XaeroLibFabric')}
  0x000000013a571054: 010e 98d2 | 415e a6f2 | 6100 c0f2 | e803 78b2 | e90f 7cb2 | 0211 899a | 2368 62f8 | 6304 0091 
  0x000000013a571074: 2368 22f8 | 8110 0054 | e103 0032 | 0134 0039 | e103 00aa 

  0x000000013a571088: ;   {metadata(method data for {method} {0x000000032ccb8730} 'tryLoadLaterClient' '()V' in 'xaero/lib/XaeroLibFabric')}
  0x000000013a571088: 020e 98d2 | 425e a6f2 | 6200 c0f2 | 2108 40b9 | 2108 5bd2 | 4980 0491 | 2801 40f9 | 3f00 08eb 
  0x000000013a5710a8: a100 0054 | 4894 40f9 | 0805 0091 | 4894 00f9 | 1c00 0014 | 49c0 0491 | 2801 40f9 | 3f00 08eb 
  0x000000013a5710c8: a100 0054 | 489c 40f9 | 0805 0091 | 489c 00f9 | 1400 0014 | 4980 0491 | 2801 40f9 | c800 00b5 
  0x000000013a5710e8: 2101 00f9 | e803 40b2 | 49a0 0491 | 2801 00f9 | 0c00 0014 | 49c0 0491 | 2801 40f9 | c800 00b5 
  0x000000013a571108: 2101 00f9 | e803 40b2 | 49e0 0491 | 2801 00f9 | 0400 0014 | 4888 40f9 | 0805 0091 | 4888 00f9 
  0x000000013a571128: e103 00aa 

  0x000000013a57112c: ; ImmutableOopMap {[304]=Oop [216]=Oop [312]=Oop }
                      ;*invokevirtual loadCommonLater {reexecute=0 rethrow=0 return_oop=0}
                      ; - xaero.lib.XaeroLibFabric::tryLoadLaterClient@14 (line 34)
                      ; - net.minecraft.class_310::modify$ljc000$xaerolib$onRenderCall@12 (line 46009)
                      ; - net.minecraft.class_310::method_1523@468 (line 1219)
                      ;   {optimized virtual_call}
  0x000000013a57112c: 750f 4095 | e09f 40f9 

  0x000000013a571134: ;   {metadata(method data for {method} {0x000000032ccb8730} 'tryLoadLaterClient' '()V' in 'xaero/lib/XaeroLibFabric')}
  0x000000013a571134: 010e 98d2 | 415e a6f2 | 6100 c0f2 | 0008 40b9 | 0008 5bd2 | 2960 0591 | 2801 40f9 | 1f00 08eb 
  0x000000013a571154: a100 0054 | 28b0 40f9 | 0805 0091 | 28b0 00f9 | 1c00 0014 | 29a0 0591 | 2801 40f9 | 1f00 08eb 
  0x000000013a571174: a100 0054 | 28b8 40f9 | 0805 0091 | 28b8 00f9 | 1400 0014 | 2960 0591 | 2801 40f9 | c800 00b5 
  0x000000013a571194: 2001 00f9 | e803 40b2 | 2980 0591 | 2801 00f9 | 0c00 0014 | 29a0 0591 | 2801 40f9 | c800 00b5 
  0x000000013a5711b4: 2001 00f9 | e803 40b2 | 29c0 0591 | 2801 00f9 | 0400 0014 | 28a4 40f9 | 0805 0091 | 28a4 00f9 
  0x000000013a5711d4: ;   {metadata(method data for {method} {0x000000032ccb9be0} 'loadClientLater' '()V' in 'xaero/lib/XaeroLib')}
  0x000000013a5711d4: 01a5 98d2 | 415e a6f2 | 6100 c0f2 | 20ac 40b9 | 0008 0011 | 20ac 00b9 | 004c 1f12 | 1f00 0071 
  0x000000013a5711f4: 60c4 0254 | e09f 40f9 | 0110 40b9 | 21f0 7dd3 

  0x000000013a571204: ; implicit exception: dispatches to 0x000000013a576aa0
  0x000000013a571204: 3f00 40f9 | e203 01aa 

  0x000000013a57120c: ;   {metadata(method data for {method} {0x000000032ccb9be0} 'loadClientLater' '()V' in 'xaero/lib/XaeroLib')}
  0x000000013a57120c: 03a5 98d2 | 435e a6f2 | 6300 c0f2 

  0x000000013a571218: ;   {metadata('xaero/lib/client/XaeroLibClient')}
  0x000000013a571218: 0853 83d2 | 2874 a0f2 | 081c c0f2 | 6900 0491 | 2801 00f9 | 6884 40f9 | 0805 0091 | 6884 00f9 
  0x000000013a571238: ; ImmutableOopMap {[304]=Oop [216]=Oop [312]=Oop }
                      ;*invokevirtual loadLater {reexecute=0 rethrow=0 return_oop=0}
                      ; - xaero.lib.XaeroLib::loadClientLater@4 (line 96)
                      ; - xaero.lib.XaeroLibFabric::tryLoadLaterClient@18 (line 35)
                      ; - net.minecraft.class_310::modify$ljc000$xaerolib$onRenderCall@12 (line 46009)
                      ; - net.minecraft.class_310::method_1523@468 (line 1219)
                      ;   {optimized virtual_call}
  0x000000013a571238: 320f 4095 | e103 0032 | e09f 40f9 | 0130 0039 | 0120 40b9 | 21f0 7dd3 

  0x000000013a571250: ; implicit exception: dispatches to 0x000000013a576aa4
  0x000000013a571250: 3f00 40f9 | e003 01aa 

  0x000000013a571258: ;   {metadata(method data for {method} {0x000000032ccb8730} 'tryLoadLaterClient' '()V' in 'xaero/lib/XaeroLibFabric')}
  0x000000013a571258: 020e 98d2 | 425e a6f2 | 6200 c0f2 

  0x000000013a571264: ;   {metadata('xaero/lib/client/XaeroLibClientFabric')}
  0x000000013a571264: 0845 85d2 | 2874 a0f2 | 081c c0f2 | 4940 0691 | 2801 00f9 | 48cc 40f9 | 0805 0091 | 48cc 00f9 
  0x000000013a571284: ; ImmutableOopMap {[304]=Oop [216]=Oop }
                      ;*invokevirtual loadLater {reexecute=0 rethrow=0 return_oop=0}
                      ; - xaero.lib.XaeroLibFabric::tryLoadLaterClient@25 (line 36)
                      ; - net.minecraft.class_310::modify$ljc000$xaerolib$onRenderCall@12 (line 46009)
                      ; - net.minecraft.class_310::method_1523@468 (line 1219)
                      ;   {optimized virtual_call}
  0x000000013a571284: 1f0f 4095 | e2e3 40b9 | 4000 0012 | e02f 01b9 | e16f 40f9 

  0x000000013a571298: ;   {metadata(method data for {method} {0x0000000153d57718} 'method_1523' '(Z)V' in 'net/minecraft/class_310')}
  0x000000013a571298: 03cb 84d2 | 435e a6f2 | 6300 c0f2 | 68bc 45f9 | 0805 0091 | 68bc 05f9 

  0x000000013a5712b0: ;   {metadata(method data for {method} {0x0000000153d6d830} 'modify$llf001$xaeroworldmap$onRenderCall' '(Z)Z' in 'net/minecraft/class_310')}
  0x000000013a5712b0: 0133 99d2 | 415e a6f2 | 6100 c0f2 | 23ac 40b9 | 6308 0011 | 23ac 00b9 | 634c 1f12 | 7f00 0071 
  0x000000013a5712d0: c0be 0254 

  0x000000013a5712d4: ;   {oop(a 'java/lang/Class'{0x0000000726263cd8} = 'xaero/map/WorldMap')}
  0x000000013a5712d4: 019b 87d2 | c1c4 a4f2 | e100 c0f2 | 2174 40b9 | 21f0 7dd3 | e303 1faa | 3f00 03eb 

  0x000000013a5712f0: ;   {metadata(method data for {method} {0x0000000153d6d830} 'modify$llf001$xaeroworldmap$onRenderCall' '(Z)Z' in 'net/minecraft/class_310')}
  0x000000013a5712f0: 0333 99d2 | 435e a6f2 | 6300 c0f2 | e80f 7cb2 | e903 78b2 | 0401 899a | 6568 64f8 | a504 0091 
  0x000000013a571310: 6568 24f8 | e008 0054 | 0101 00b5 

  0x000000013a57131c: ;   {metadata(method data for {method} {0x0000000153d6d830} 'modify$llf001$xaeroworldmap$onRenderCall' '(Z)Z' in 'net/minecraft/class_310')}
  0x000000013a57131c: 0533 99d2 | 455e a6f2 | 6500 c0f2 | a824 4439 | 0801 40b2 | a824 0439 | 3600 0014 

  0x000000013a571338: ;   {metadata('xaero/map/WorldMapFabric')}
  0x000000013a571338: 04d0 82d2 | e474 a0f2 | 041c c0f2 | 2808 40b9 | 0809 5bd2 | 1f01 04eb | e104 0054 

  0x000000013a571354: ;   {metadata(method data for {method} {0x0000000153d6d830} 'modify$llf001$xaeroworldmap$onRenderCall' '(Z)Z' in 'net/minecraft/class_310')}
  0x000000013a571354: 0533 99d2 | 455e a6f2 | 6500 c0f2 | 2408 40b9 | 8408 5bd2 | a980 0491 | 2801 40f9 | 9f00 08eb 
  0x000000013a571374: a100 0054 | a894 40f9 | 0805 0091 | a894 00f9 | 2200 0014 | a9c0 0491 | 2801 40f9 | 9f00 08eb 
  0x000000013a571394: a100 0054 | a89c 40f9 | 0805 0091 | a89c 00f9 | 1a00 0014 | a980 0491 | 2801 40f9 | c800 00b5 
  0x000000013a5713b4: 2401 00f9 | e803 40b2 | a9a0 0491 | 2801 00f9 | 1200 0014 | a9c0 0491 | 2801 40f9 | c800 00b5 
  0x000000013a5713d4: 2401 00f9 | e803 40b2 | a9e0 0491 | 2801 00f9 | 0a00 0014 | 0900 0014 

  0x000000013a5713ec: ;   {metadata(method data for {method} {0x0000000153d6d830} 'modify$llf001$xaeroworldmap$onRenderCall' '(Z)Z' in 'net/minecraft/class_310')}
  0x000000013a5713ec: 0533 99d2 | 455e a6f2 | 6500 c0f2 | a888 40f9 | 0805 00d1 | a888 00f9 | b115 0014 | 0100 0014 
  0x000000013a57140c: ; implicit exception: dispatches to 0x000000013a576ad0
  0x000000013a57140c: 3f00 40f9 | e303 01aa 

  0x000000013a571414: ;   {metadata(method data for {method} {0x0000000153d6d830} 'modify$llf001$xaeroworldmap$onRenderCall' '(Z)Z' in 'net/minecraft/class_310')}
  0x000000013a571414: 0433 99d2 | 445e a6f2 | 6400 c0f2 | 88b0 40f9 | 0805 0091 | 88b0 00f9 

  0x000000013a57142c: ; ImmutableOopMap {[304]=Oop [216]=Oop }
                      ;*invokevirtual tryLoadLater {reexecute=0 rethrow=0 return_oop=0}
                      ; - net.minecraft.class_310::modify$llf001$xaeroworldmap$onRenderCall@12 (line 48067)
                      ; - net.minecraft.class_310::method_1523@476 (line 1219)
                      ;   {optimized virtual_call}
  0x000000013a57142c: 192a 9695 

  0x000000013a571430: ;   {metadata(method data for {method} {0x0000000153d6d830} 'modify$llf001$xaeroworldmap$onRenderCall' '(Z)Z' in 'net/minecraft/class_310')}
  0x000000013a571430: 0233 99d2 | 425e a6f2 | 6200 c0f2 | 48c0 40f9 | 0805 0091 | 48c0 00f9 

  0x000000013a571448: ;   {metadata(method data for {method} {0x000000032cfd7550} 'onRenderCall' '(Z)Z' in 'xaero/map/core/XaeroWorldMapCore')}
  0x000000013a571448: 026e 99d2 | 425e a6f2 | 6200 c0f2 | 41ac 40b9 | 2108 0011 | 41ac 00b9 | 214c 1f12 | 3f00 0071 
  0x000000013a571468: 60b3 0254 

  0x000000013a57146c: ;   {oop(a 'java/lang/Class'{0x0000000726263cd8} = 'xaero/map/WorldMap')}
  0x000000013a57146c: 029b 87d2 | c2c4 a4f2 | e200 c0f2 | 42c0 4439 | 5f00 0071 

  0x000000013a571480: ;   {metadata(method data for {method} {0x000000032cfd7550} 'onRenderCall' '(Z)Z' in 'xaero/map/core/XaeroWorldMapCore')}
  0x000000013a571480: 026e 99d2 | 425e a6f2 | 6200 c0f2 | e80f 7cb2 | e903 78b2 | 0111 899a | 4068 61f8 | 0004 0091 
  0x000000013a5714a0: 4068 21f8 | 8100 0054 | e02f 41b9 | 0200 0012 | 4200 0014 

  0x000000013a5714b4: ;   {oop(a 'java/lang/Class'{0x0000000726263cd8} = 'xaero/map/WorldMap')}
  0x000000013a5714b4: 029b 87d2 | c2c4 a4f2 | e200 c0f2 | 4188 40b9 | 21f0 7dd3 

  0x000000013a5714c8: ; implicit exception: dispatches to 0x000000013a576af4
  0x000000013a5714c8: 3f00 40f9 | e203 01aa 

  0x000000013a5714d0: ;   {metadata(method data for {method} {0x000000032cfd7550} 'onRenderCall' '(Z)Z' in 'xaero/map/core/XaeroWorldMapCore')}
  0x000000013a5714d0: 036e 99d2 | 435e a6f2 | 6300 c0f2 | 4208 40b9 | 4208 5bd2 | 6980 0491 | 2801 40f9 | 5f00 08eb 
  0x000000013a5714f0: a100 0054 | 6894 40f9 | 0805 0091 | 6894 00f9 | 1c00 0014 | 69c0 0491 | 2801 40f9 | 5f00 08eb 
  0x000000013a571510: a100 0054 | 689c 40f9 | 0805 0091 | 689c 00f9 | 1400 0014 | 6980 0491 | 2801 40f9 | c800 00b5 
  0x000000013a571530: 2201 00f9 | e803 40b2 | 69a0 0491 | 2801 00f9 | 0c00 0014 | 69c0 0491 | 2801 40f9 | c800 00b5 
  0x000000013a571550: 2201 00f9 | e803 40b2 | 69e0 0491 | 2801 00f9 | 0400 0014 | 6888 40f9 | 0805 0091 | 6888 00f9 
  0x000000013a571570: e203 0032 

  0x000000013a571574: ; ImmutableOopMap {[304]=Oop [216]=Oop }
                      ;*invokevirtual handleRenderTick {reexecute=0 rethrow=0 return_oop=0}
                      ; - xaero.map.core.XaeroWorldMapCore::onRenderCall@12 (line 205)
                      ; - net.minecraft.class_310::modify$llf001$xaeroworldmap$onRenderCall@16 (line 48068)
                      ; - net.minecraft.class_310::method_1523@476 (line 1219)
                      ;   {optimized virtual_call}
  0x000000013a571574: 1f1a 0094 | 1f00 0071 

  0x000000013a57157c: ;   {metadata(method data for {method} {0x000000032cfd7550} 'onRenderCall' '(Z)Z' in 'xaero/map/core/XaeroWorldMapCore')}
  0x000000013a57157c: 016e 99d2 | 415e a6f2 | 6100 c0f2 | 0829 80d2 | 092b 80d2 | 0001 899a | 2268 60f8 | 4204 0091 
  0x000000013a57159c: 2268 20f8 | 6000 0054 | 0200 a052 | 0400 0014 | e02f 41b9 | 0100 0012 | e203 01aa | 4000 0012 
  0x000000013a5715bc: e043 01b9 | e16f 40f9 | e303 01aa 

  0x000000013a5715c8: ;   {metadata(method data for {method} {0x0000000153d57718} 'method_1523' '(Z)V' in 'net/minecraft/class_310')}
  0x000000013a5715c8: 04cb 84d2 | 445e a6f2 | 6400 c0f2 | 88cc 45f9 | 0805 0091 | 88cc 05f9 

  0x000000013a5715e0: ;   {metadata(method data for {method} {0x0000000153d6dbd8} 'handler$mdb001$preRender' '(ZLorg/spongepowered/asm/mixin/injection/callback/CallbackInfo;)V' in 'net/minecraft/class_310')}
  0x000000013a5715e0: 03a3 99d2 | 435e a6f2 | 6300 c0f2 | 64ac 40b9 | 8408 0011 | 64ac 00b9 | 844c 1f12 | 9f00 0071 
  0x000000013a571600: c0a7 0254 

  0x000000013a571604: ;   {oop(a 'com/replaymod/lib/de/johni0702/minecraft/gui/utils/Event'{0x000000071b662198})}
  0x000000013a571604: 0333 84d2 | c36c a3f2 | e300 c0f2 | e403 03aa 

  0x000000013a571614: ;   {metadata(method data for {method} {0x0000000153d6dbd8} 'handler$mdb001$preRender' '(ZLorg/spongepowered/asm/mixin/injection/callback/CallbackInfo;)V' in 'net/minecraft/class_310')}
  0x000000013a571614: 05a3 99d2 | 455e a6f2 | 6500 c0f2 | a884 40f9 | 0805 0091 | a884 00f9 

  0x000000013a57162c: ; implicit exception: dispatches to 0x000000013a576b18
  0x000000013a57162c: 630c 40b9 | 63f0 7dd3 | 0301 00b5 

  0x000000013a571638: ;   {metadata(method data for {method} {0x0000000153d6dbd8} 'handler$mdb001$preRender' '(ZLorg/spongepowered/asm/mixin/injection/callback/CallbackInfo;)V' in 'net/minecraft/class_310')}
  0x000000013a571638: 06a3 99d2 | 465e a6f2 | 6600 c0f2 | c884 4439 | 0801 40b2 | c884 0439 | 3d00 0014 

  0x000000013a571654: ;   {metadata('com/replaymod/core/events/PreRenderCallback')}
  0x000000013a571654: 050d 8ed2 | 4572 a0f2 | 051c c0f2 | 6608 40b9 | c608 5bd2 | c810 40f9 | bf00 08eb | e000 0054 
  0x000000013a571674: df00 05eb | a000 0054 | e617 bfa9 

  0x000000013a571680: ;   {runtime_call slow_subtype_check Runtime1 stub}
  0x000000013a571680: 60d9 4295 | e607 41f8 | e604 0034 

  0x000000013a57168c: ;   {metadata(method data for {method} {0x0000000153d6dbd8} 'handler$mdb001$preRender' '(ZLorg/spongepowered/asm/mixin/injection/callback/CallbackInfo;)V' in 'net/minecraft/class_310')}
  0x000000013a57168c: 06a3 99d2 | 465e a6f2 | 6600 c0f2 | 6508 40b9 | a508 5bd2 | c9e0 0491 | 2801 40f9 | bf00 08eb 
  0x000000013a5716ac: a100 0054 | c8a0 40f9 | 0805 0091 | c8a0 00f9 | 2200 0014 | c920 0591 | 2801 40f9 | bf00 08eb 
  0x000000013a5716cc: a100 0054 | c8a8 40f9 | 0805 0091 | c8a8 00f9 | 1a00 0014 | c9e0 0491 | 2801 40f9 | c800 00b5 
  0x000000013a5716ec: 2501 00f9 | e803 40b2 | c900 0591 | 2801 00f9 | 1200 0014 | c920 0591 | 2801 40f9 | c800 00b5 
  0x000000013a57170c: 2501 00f9 | e803 40b2 | c940 0591 | 2801 00f9 | 0a00 0014 | 0900 0014 

  0x000000013a571724: ;   {metadata(method data for {method} {0x0000000153d6dbd8} 'handler$mdb001$preRender' '(ZLorg/spongepowered/asm/mixin/injection/callback/CallbackInfo;)V' in 'net/minecraft/class_310')}
  0x000000013a571724: 06a3 99d2 | 465e a6f2 | 6600 c0f2 | c894 40f9 | 0805 00d1 | c894 00f9 | f814 0014 | 0100 0014 
  0x000000013a571744: ; implicit exception: dispatches to 0x000000013a576b24
  0x000000013a571744: 7f00 40f9 | e403 03aa 

  0x000000013a57174c: ;   {metadata(method data for {method} {0x0000000153d6dbd8} 'handler$mdb001$preRender' '(ZLorg/spongepowered/asm/mixin/injection/callback/CallbackInfo;)V' in 'net/minecraft/class_310')}
  0x000000013a57174c: 05a3 99d2 | 455e a6f2 | 6500 c0f2 | 8408 40b9 | 8408 5bd2 | a9c0 0591 | 2801 40f9 | 9f00 08eb 
  0x000000013a57176c: a100 0054 | a8bc 40f9 | 0805 0091 | a8bc 00f9 | 1c00 0014 | a900 0691 | 2801 40f9 | 9f00 08eb 
  0x000000013a57178c: a100 0054 | a8c4 40f9 | 0805 0091 | a8c4 00f9 | 1400 0014 | a9c0 0591 | 2801 40f9 | c800 00b5 
  0x000000013a5717ac: 2401 00f9 | e803 40b2 | a9e0 0591 | 2801 00f9 | 0c00 0014 | a900 0691 | 2801 40f9 | c800 00b5 
  0x000000013a5717cc: 2401 00f9 | e803 40b2 | a920 0691 | 2801 00f9 | 0400 0014 | a8b0 40f9 | 0805 0091 | a8b0 00f9 
  0x000000013a5717ec: e103 03aa | 09dd 8ed2 | 4972 a0f2 | 091c c0f2 

  0x000000013a5717fc: ; ImmutableOopMap {[216]=Oop [304]=Oop }
                      ;*invokeinterface preRender {reexecute=0 rethrow=0 return_oop=0}
                      ; - net.minecraft.class_310::handler$mdb001$preRender@9 (line 49054)
                      ; - net.minecraft.class_310::method_1523@482 (line 1219)
                      ;   {virtual_call}
  0x000000013a5717fc: c14e a595 | e09b 40f9 

  0x000000013a571804: ; implicit exception: dispatches to 0x000000013a576b28
  0x000000013a571804: 1f00 40f9 | e203 00aa 

  0x000000013a57180c: ;   {metadata(method data for {method} {0x0000000153d57718} 'method_1523' '(Z)V' in 'net/minecraft/class_310')}
  0x000000013a57180c: 03cb 84d2 | 435e a6f2 | 6300 c0f2 | 68e0 45f9 | 0805 0091 | 68e0 05f9 | e0db 41bd | e277 40f9 
  0x000000013a57182c: e343 41b9 | e103 00aa 

  0x000000013a571834: ; ImmutableOopMap {[216]=Oop }
                      ;*invokevirtual method_3192 {reexecute=0 rethrow=0 return_oop=0}
                      ; - net.minecraft.class_310::method_1523@485 (line 1219)
                      ;   {optimized virtual_call}
  0x000000013a571834: 8719 0094 | e16f 40f9 

  0x000000013a57183c: ;   {metadata(method data for {method} {0x0000000153d57718} 'method_1523' '(Z)V' in 'net/minecraft/class_310')}
  0x000000013a57183c: 02cb 84d2 | 425e a6f2 | 6200 c0f2 | 48f0 45f9 | 0805 0091 | 48f0 05f9 | e2e3 40b9 | e303 1faa 
  0x000000013a57185c: e16f 40f9 

  0x000000013a571860: ; ImmutableOopMap {[216]=Oop }
                      ;*invokespecial handler$iko000$puzzleslib$runTick$1 {reexecute=0 rethrow=0 return_oop=0}
                      ; - net.minecraft.class_310::method_1523@491 (line 1219)
                      ;   {optimized virtual_call}
  0x000000013a571860: dc00 ab95 | e16f 40f9 

  0x000000013a571868: ;   {metadata(method data for {method} {0x0000000153d57718} 'method_1523' '(Z)V' in 'net/minecraft/class_310')}
  0x000000013a571868: 00cb 84d2 | 405e a6f2 | 6000 c0f2 | 08f8 45f9 | 0805 0091 | 08f8 05f9 

  0x000000013a571880: ;   {metadata(method data for {method} {0x0000000153d6dcd8} 'handler$mdb001$postRender' '(ZLorg/spongepowered/asm/mixin/injection/callback/CallbackInfo;)V' in 'net/minecraft/class_310')}
  0x000000013a571880: 01ed 9dd2 | 415e a6f2 | 6100 c0f2 | 20ac 40b9 | 0008 0011 | 20ac 00b9 | 004c 1f12 | 1f00 0071 
  0x000000013a5718a0: 6094 0254 

  0x000000013a5718a4: ;   {oop(a 'com/replaymod/lib/de/johni0702/minecraft/gui/utils/Event'{0x000000071b664f18})}
  0x000000013a5718a4: 01e3 89d2 | c16c a3f2 | e100 c0f2 | e003 01aa 

  0x000000013a5718b4: ;   {metadata(method data for {method} {0x0000000153d6dcd8} 'handler$mdb001$postRender' '(ZLorg/spongepowered/asm/mixin/injection/callback/CallbackInfo;)V' in 'net/minecraft/class_310')}
  0x000000013a5718b4: 02ed 9dd2 | 425e a6f2 | 6200 c0f2 | 4884 40f9 | 0805 0091 | 4884 00f9 

  0x000000013a5718cc: ; implicit exception: dispatches to 0x000000013a576b4c
  0x000000013a5718cc: 210c 40b9 | 21f0 7dd3 | 0101 00b5 

  0x000000013a5718d8: ;   {metadata(method data for {method} {0x0000000153d6dcd8} 'handler$mdb001$postRender' '(ZLorg/spongepowered/asm/mixin/injection/callback/CallbackInfo;)V' in 'net/minecraft/class_310')}
  0x000000013a5718d8: 03ed 9dd2 | 435e a6f2 | 6300 c0f2 | 6884 4439 | 0801 40b2 | 6884 0439 | 3d00 0014 

  0x000000013a5718f4: ;   {metadata('com/replaymod/core/events/PostRenderCallback')}
  0x000000013a5718f4: 02de 8cd2 | 8272 a0f2 | 021c c0f2 | 2308 40b9 | 6308 5bd2 | 6810 40f9 | 5f00 08eb | e000 0054 
  0x000000013a571914: 7f00 02eb | a000 0054 | e30b bfa9 

  0x000000013a571920: ;   {runtime_call slow_subtype_check Runtime1 stub}
  0x000000013a571920: b8d8 4295 | e307 41f8 | e304 0034 

  0x000000013a57192c: ;   {metadata(method data for {method} {0x0000000153d6dcd8} 'handler$mdb001$postRender' '(ZLorg/spongepowered/asm/mixin/injection/callback/CallbackInfo;)V' in 'net/minecraft/class_310')}
  0x000000013a57192c: 03ed 9dd2 | 435e a6f2 | 6300 c0f2 | 2208 40b9 | 4208 5bd2 | 69e0 0491 | 2801 40f9 | 5f00 08eb 
  0x000000013a57194c: a100 0054 | 68a0 40f9 | 0805 0091 | 68a0 00f9 | 2200 0014 | 6920 0591 | 2801 40f9 | 5f00 08eb 
  0x000000013a57196c: a100 0054 | 68a8 40f9 | 0805 0091 | 68a8 00f9 | 1a00 0014 | 69e0 0491 | 2801 40f9 | c800 00b5 
  0x000000013a57198c: 2201 00f9 | e803 40b2 | 6900 0591 | 2801 00f9 | 1200 0014 | 6920 0591 | 2801 40f9 | c800 00b5 
  0x000000013a5719ac: 2201 00f9 | e803 40b2 | 6940 0591 | 2801 00f9 | 0a00 0014 | 0900 0014 

  0x000000013a5719c4: ;   {metadata(method data for {method} {0x0000000153d6dcd8} 'handler$mdb001$postRender' '(ZLorg/spongepowered/asm/mixin/injection/callback/CallbackInfo;)V' in 'net/minecraft/class_310')}
  0x000000013a5719c4: 03ed 9dd2 | 435e a6f2 | 6300 c0f2 | 6894 40f9 | 0805 00d1 | 6894 00f9 | 5d14 0014 | 0100 0014 
  0x000000013a5719e4: ; implicit exception: dispatches to 0x000000013a576b58
  0x000000013a5719e4: 3f00 40f9 | e003 01aa 

  0x000000013a5719ec: ;   {metadata(method data for {method} {0x0000000153d6dcd8} 'handler$mdb001$postRender' '(ZLorg/spongepowered/asm/mixin/injection/callback/CallbackInfo;)V' in 'net/minecraft/class_310')}
  0x000000013a5719ec: 02ed 9dd2 | 425e a6f2 | 6200 c0f2 | 0008 40b9 | 0008 5bd2 | 49c0 0591 | 2801 40f9 | 1f00 08eb 
  0x000000013a571a0c: a100 0054 | 48bc 40f9 | 0805 0091 | 48bc 00f9 | 1c00 0014 | 4900 0691 | 2801 40f9 | 1f00 08eb 
  0x000000013a571a2c: a100 0054 | 48c4 40f9 | 0805 0091 | 48c4 00f9 | 1400 0014 | 49c0 0591 | 2801 40f9 | c800 00b5 
  0x000000013a571a4c: 2001 00f9 | e803 40b2 | 49e0 0591 | 2801 00f9 | 0c00 0014 | 4900 0691 | 2801 40f9 | c800 00b5 
  0x000000013a571a6c: 2001 00f9 | e803 40b2 | 4920 0691 | 2801 00f9 | 0400 0014 | 48b0 40f9 | 0805 0091 | 48b0 00f9 
  0x000000013a571a8c: 0968 8dd2 | 8972 a0f2 | 091c c0f2 

  0x000000013a571a98: ; ImmutableOopMap {[216]=Oop }
                      ;*invokeinterface postRender {reexecute=0 rethrow=0 return_oop=0}
                      ; - net.minecraft.class_310::handler$mdb001$postRender@9 (line 49062)
                      ; - net.minecraft.class_310::method_1523@497 (line 1219)
                      ;   {virtual_call}
  0x000000013a571a98: 5a00 b795 | e16f 40f9 | 23a8 41b9 | 63f0 7dd3 | 4301 00b4 

  0x000000013a571aac: ;   {metadata('net/minecraft/class_3694')}
  0x000000013a571aac: 0a12 8ed2 | 2a36 a0f2 | 0a1c c0f2 | 6b08 40b9 | 6b09 5bd2 | 681d 40f9 | 5f01 08eb | a184 0254 
  0x000000013a571acc: 0100 0014 | e003 03aa 

  0x000000013a571ad4: ; implicit exception: dispatches to 0x000000013a576b60
  0x000000013a571ad4: 7f00 40f9 

  0x000000013a571ad8: ;   {metadata(method data for {method} {0x0000000153d57718} 'method_1523' '(Z)V' in 'net/minecraft/class_310')}
  0x000000013a571ad8: 00cb 84d2 | 405e a6f2 | 6000 c0f2 | 080c 46f9 | 0805 0091 | 080c 06f9 

  0x000000013a571af0: ;   {metadata(method data for {method} {0x0000000153e3ec20} 'method_15407' '()V' in 'net/minecraft/class_3694')}
  0x000000013a571af0: 03e6 9cd2 | 234e a6f2 | 6300 c0f2 | 60ac 40b9 | 0008 0011 | 60ac 00b9 | 004c 1f12 | 1f00 0071 
  0x000000013a571b10: a082 0254 | 23b0 41b9 | 63f0 7dd3 | e003 1faa | 7f00 00eb 

  0x000000013a571b24: ;   {metadata(method data for {method} {0x0000000153d57718} 'method_1523' '(Z)V' in 'net/minecraft/class_310')}
  0x000000013a571b24: 03cb 84d2 | 435e a6f2 | 6300 c0f2 | 0887 81d2 | 0989 81d2 | 0001 899a | 6468 60f8 | 8404 0091 
  0x000000013a571b44: 6468 20f8 | e01a 0054 | 23a8 41b9 | 63f0 7dd3 | 4301 00b4 

  0x000000013a571b58: ;   {metadata('net/minecraft/class_3694')}
  0x000000013a571b58: 0a12 8ed2 | 2a36 a0f2 | 0a1c c0f2 | 6b08 40b9 | 6b09 5bd2 | 681d 40f9 | 5f01 08eb | 8180 0254 
  0x000000013a571b78: 0100 0014 | e003 03aa 

  0x000000013a571b80: ; implicit exception: dispatches to 0x000000013a576b88
  0x000000013a571b80: 7f00 40f9 

  0x000000013a571b84: ;   {metadata(method data for {method} {0x0000000153d57718} 'method_1523' '(Z)V' in 'net/minecraft/class_310')}
  0x000000013a571b84: 00cb 84d2 | 405e a6f2 | 6000 c0f2 

  0x000000013a571b90: ;   {metadata('net/minecraft/class_3694')}
  0x000000013a571b90: 0812 8ed2 | 2836 a0f2 | 081c c0f2 | 09a0 3191 | 2801 00f9 | 0838 46f9 | 0805 0091 | 0838 06f9 
  0x000000013a571bb0: ;   {metadata(method data for {method} {0x0000000153e3ea08} 'method_15396' '(Ljava/lang/String;)V' in 'net/minecraft/class_3694')}
  0x000000013a571bb0: 03c4 9cd2 | 234e a6f2 | 6300 c0f2 | 60ac 40b9 | 0008 0011 | 60ac 00b9 | 004c 1f12 | 1f00 0071 
  0x000000013a571bd0: e07d 0254 

  0x000000013a571bd4: ; ImmutableOopMap {c_rarg1=Oop [216]=Oop }
                      ;*new {reexecute=0 rethrow=0 return_oop=0}
                      ; - net.minecraft.class_310::method_1523@528 (line 1225)
                      ;   {runtime_call load_mirror_patching Runtime1 stub}
  0x000000013a571bd4: 0bde 4295 | 8087 40f9 | 0bc0 0091 | 888f 40f9 | 7f01 08eb | 287e 0254 | 8b87 00f9 | ea03 40b2 
  0x000000013a571bf4: 0a00 00f9 | 6a08 5bd2 | 0a7c 0129 | 0a40 0091 | 5f7d 00a9 | 5f7d 01a9 | bf3a 03d5 | 228c 40b9 
  0x000000013a571c14: 42f0 7dd3 

  0x000000013a571c18: ; implicit exception: dispatches to 0x000000013a576bb4
  0x000000013a571c18: 5f00 40f9 | e303 02aa 

  0x000000013a571c20: ;   {metadata(method data for {method} {0x0000000153d57718} 'method_1523' '(Z)V' in 'net/minecraft/class_310')}
  0x000000013a571c20: 04cb 84d2 | 445e a6f2 | 6400 c0f2 

  0x000000013a571c2c: ;   {metadata('net/minecraft/class_4599')}
  0x000000013a571c2c: 08f3 8bd2 | c876 a0f2 | 081c c0f2 | 8980 3291 | 2801 00f9 | 8854 46f9 | 0805 0091 | 8854 06f9 
  0x000000013a571c4c: e103 02aa | e0a7 00f9 

  0x000000013a571c54: ; ImmutableOopMap {[216]=Oop [328]=Oop }
                      ;*invokevirtual method_23000 {reexecute=0 rethrow=0 return_oop=0}
                      ; - net.minecraft.class_310::method_1523@537 (line 1225)
                      ;   {optimized virtual_call}
  0x000000013a571c54: ab0c 4095 | e3a7 40f9 

  0x000000013a571c5c: ;   {metadata(method data for {method} {0x0000000153d57718} 'method_1523' '(Z)V' in 'net/minecraft/class_310')}
  0x000000013a571c5c: 04cb 84d2 | 445e a6f2 | 6400 c0f2 | 8864 46f9 | 0805 0091 | 8864 06f9 

  0x000000013a571c74: ;   {metadata(method data for {method} {0x0000000322aa5a80} '<init>' '(Lnet/minecraft/class_310;Lnet/minecraft/class_4597$class_4598;)V' in 'net/minecraft/class_332')}
  0x000000013a571c74: 032a 9ed2 | 435e a6f2 | 6300 c0f2 | 64ac 40b9 | 8408 0011 | 64ac 00b9 | 844c 1f12 | 9f00 0071 
  0x000000013a571c94: 2079 0254 

  0x000000013a571c98: ;   {metadata('net/minecraft/class_4587')}
  0x000000013a571c98: 031f 9bd2 | c335 a0f2 | 031c c0f2 | e0af 00f9 | 8087 40f9 | 0ba0 0091 | 888f 40f9 | 7f01 08eb 
  0x000000013a571cb8: 0879 0254 | 8b87 00f9 | ea03 40b2 | 0a00 00f9 | 6a08 5bd2 | 0a7c 0129 | 0a40 0091 | 5f01 00f9 
  0x000000013a571cd8: 5ffd 00a9 | bf3a 03d5 | e103 00aa 

  0x000000013a571ce4: ;   {metadata(method data for {method} {0x0000000322aa5a80} '<init>' '(Lnet/minecraft/class_310;Lnet/minecraft/class_4597$class_4598;)V' in 'net/minecraft/class_332')}
  0x000000013a571ce4: 032a 9ed2 | 435e a6f2 | 6300 c0f2 | 6878 40f9 | 0805 0091 | 6878 00f9 | e103 00aa | e0ab 00f9 
  0x000000013a571d04: ; ImmutableOopMap {[216]=Oop [328]=Oop [336]=Oop [344]=Oop }
                      ;*invokespecial <init> {reexecute=0 rethrow=0 return_oop=0}
                      ; - net.minecraft.class_332::<init>@6 (line 80)
                      ; - net.minecraft.class_310::method_1523@540 (line 1225)
                      ;   {optimized virtual_call}
  0x000000013a571d04: 7f0c 4095 | e0a7 40f9 

  0x000000013a571d0c: ;   {metadata(method data for {method} {0x0000000322aa5a80} '<init>' '(Lnet/minecraft/class_310;Lnet/minecraft/class_4597$class_4598;)V' in 'net/minecraft/class_332')}
  0x000000013a571d0c: 022a 9ed2 | 425e a6f2 | 6200 c0f2 | 4880 40f9 | 0805 0091 | 4880 00f9 | e26f 40f9 | e313 55a9 
  0x000000013a571d2c: e1a7 40f9 

  0x000000013a571d30: ; ImmutableOopMap {[216]=Oop [328]=Oop }
                      ;*invokespecial <init> {reexecute=0 rethrow=0 return_oop=0}
                      ; - net.minecraft.class_332::<init>@10 (line 80)
                      ; - net.minecraft.class_310::method_1523@540 (line 1225)
                      ;   {optimized virtual_call}
  0x000000013a571d30: 740c 4095 | e16f 40f9 | 23b0 41b9 | 63f0 7dd3 | e203 01aa 

  0x000000013a571d44: ;   {metadata(method data for {method} {0x0000000153d57718} 'method_1523' '(Z)V' in 'net/minecraft/class_310')}
  0x000000013a571d44: 00cb 84d2 | 405e a6f2 | 6000 c0f2 | 086c 46f9 | 0805 0091 | 086c 06f9 | e2a7 40f9 | e003 01aa 
  0x000000013a571d64: e103 00aa 

  0x000000013a571d68: ; ImmutableOopMap {[328]=Oop [216]=Oop }
                      ;*invokevirtual method_1492 {reexecute=0 rethrow=0 return_oop=0}
                      ; - net.minecraft.class_310::method_1523@552 (line 1226)
                      ;   {optimized virtual_call}
  0x000000013a571d68: 660c 4095 | e0a7 40f9 

  0x000000013a571d70: ;   {metadata(method data for {method} {0x0000000153d57718} 'method_1523' '(Z)V' in 'net/minecraft/class_310')}
  0x000000013a571d70: 01cb 84d2 | 415e a6f2 | 6100 c0f2 | 0008 40b9 | 0008 5bd2 | 2980 3491 | 2801 40f9 | 1f00 08eb 
  0x000000013a571d90: a100 0054 | 2894 46f9 | 0805 0091 | 2894 06f9 | 1c00 0014 | 29c0 3491 | 2801 40f9 | 1f00 08eb 
  0x000000013a571db0: a100 0054 | 289c 46f9 | 0805 0091 | 289c 06f9 | 1400 0014 | 2980 3491 | 2801 40f9 | c800 00b5 
  0x000000013a571dd0: 2001 00f9 | e803 40b2 | 29a0 3491 | 2801 00f9 | 0c00 0014 | 29c0 3491 | 2801 40f9 | c800 00b5 
  0x000000013a571df0: 2001 00f9 | e803 40b2 | 29e0 3491 | 2801 00f9 | 0400 0014 | 2888 46f9 | 0805 0091 | 2888 06f9 
  0x000000013a571e10: e1a7 40f9 

  0x000000013a571e14: ; ImmutableOopMap {[216]=Oop }
                      ;*invokevirtual method_51452 {reexecute=0 rethrow=0 return_oop=0}
                      ; - net.minecraft.class_310::method_1523@557 (line 1227)
                      ;   {optimized virtual_call}
  0x000000013a571e14: 3b0c 4095 | e16f 40f9 | 20a8 41b9 | 00f0 7dd3 | 4001 00b4 

  0x000000013a571e28: ;   {metadata('net/minecraft/class_3694')}
  0x000000013a571e28: 0412 8ed2 | 2436 a0f2 | 041c c0f2 | 0508 40b9 | a508 5bd2 | a81c 40f9 | 9f00 08eb | e16c 0254 
  0x000000013a571e48: 0100 0014 | e203 00aa 

  0x000000013a571e50: ; implicit exception: dispatches to 0x000000013a576be4
  0x000000013a571e50: 1f00 40f9 

  0x000000013a571e54: ;   {metadata(method data for {method} {0x0000000153d57718} 'method_1523' '(Z)V' in 'net/minecraft/class_310')}
  0x000000013a571e54: 02cb 84d2 | 425e a6f2 | 6200 c0f2 

  0x000000013a571e60: ;   {metadata('net/minecraft/class_3694')}
  0x000000013a571e60: 0812 8ed2 | 2836 a0f2 | 081c c0f2 | 4960 3591 | 2801 00f9 | 48b0 46f9 | 0805 0091 | 48b0 06f9 
  0x000000013a571e80: ;   {metadata(method data for {method} {0x0000000153e3ec20} 'method_15407' '()V' in 'net/minecraft/class_3694')}
  0x000000013a571e80: 00e6 9cd2 | 204e a6f2 | 6000 c0f2 | 02ac 40b9 | 4208 0011 | 02ac 00b9 | 424c 1f12 | 5f00 0071 
  0x000000013a571ea0: 406a 0254 | 23a8 41b9 | 63f0 7dd3 | 4301 00b4 

  0x000000013a571eb0: ;   {metadata('net/minecraft/class_3694')}
  0x000000013a571eb0: 0612 8ed2 | 2636 a0f2 | 061c c0f2 | 6708 40b9 | e708 5bd2 | e81c 40f9 | df00 08eb | e169 0254 
  0x000000013a571ed0: 0100 0014 | e403 03aa 

  0x000000013a571ed8: ; implicit exception: dispatches to 0x000000013a576c0c
  0x000000013a571ed8: 7f00 40f9 

  0x000000013a571edc: ;   {metadata(method data for {method} {0x0000000153d57718} 'method_1523' '(Z)V' in 'net/minecraft/class_310')}
  0x000000013a571edc: 04cb 84d2 | 445e a6f2 | 6400 c0f2 | 88cc 46f9 | 0805 0091 | 88cc 06f9 

  0x000000013a571ef4: ;   {metadata(method data for {method} {0x0000000153e3ea08} 'method_15396' '(Ljava/lang/String;)V' in 'net/minecraft/class_3694')}
  0x000000013a571ef4: 03c4 9cd2 | 234e a6f2 | 6300 c0f2 | 64ac 40b9 | 8408 0011 | 64ac 00b9 | 844c 1f12 | 9f00 0071 
  0x000000013a571f14: e067 0254 | 2308 41b9 | 63f0 7dd3 

  0x000000013a571f20: ; implicit exception: dispatches to 0x000000013a576c30
  0x000000013a571f20: 7f00 40f9 | e403 03aa 

  0x000000013a571f28: ;   {metadata(method data for {method} {0x0000000153d57718} 'method_1523' '(Z)V' in 'net/minecraft/class_310')}
  0x000000013a571f28: 05cb 84d2 | 455e a6f2 | 6500 c0f2 | 8408 40b9 | 8408 5bd2 | a920 3791 | 2801 40f9 | 9f00 08eb 
  0x000000013a571f48: a100 0054 | a8e8 46f9 | 0805 0091 | a8e8 06f9 | 1c00 0014 | a960 3791 | 2801 40f9 | 9f00 08eb 
  0x000000013a571f68: a100 0054 | a8f0 46f9 | 0805 0091 | a8f0 06f9 | 1400 0014 | a920 3791 | 2801 40f9 | c800 00b5 
  0x000000013a571f88: 2401 00f9 | e803 40b2 | a940 3791 | 2801 00f9 | 0c00 0014 | a960 3791 | 2801 40f9 | c800 00b5 
  0x000000013a571fa8: 2401 00f9 | e803 40b2 | a980 3791 | 2801 00f9 | 0400 0014 | a8dc 46f9 | 0805 0091 | a8dc 06f9 
  0x000000013a571fc8: e103 03aa | 0999 83d2 | e935 a0f2 | 091c c0f2 

  0x000000013a571fd8: ; ImmutableOopMap {[216]=Oop }
                      ;*invokevirtual method_1240 {reexecute=0 rethrow=0 return_oop=0}
                      ; - net.minecraft.class_310::method_1523@585 (line 1232)
                      ;   {virtual_call}
  0x000000013a571fd8: 9a6f 9a95 | e16f 40f9 | 2008 41b9 | 00f0 7dd3 | 2284 40b9 | 42f0 7dd3 

  0x000000013a571ff0: ; implicit exception: dispatches to 0x000000013a576c34
  0x000000013a571ff0: 5f00 40f9 | e303 02aa 

  0x000000013a571ff8: ;   {metadata(method data for {method} {0x0000000153d57718} 'method_1523' '(Z)V' in 'net/minecraft/class_310')}
  0x000000013a571ff8: 04cb 84d2 | 445e a6f2 | 6400 c0f2 | 88f8 46f9 | 0805 0091 | 88f8 06f9 | 433c 40b9 | e403 02aa 
  0x000000013a572018: ;   {metadata(method data for {method} {0x0000000153d57718} 'method_1523' '(Z)V' in 'net/minecraft/class_310')}
  0x000000013a572018: 05cb 84d2 | 455e a6f2 | 6500 c0f2 | a814 47f9 | 0805 0091 | a814 07f9 | 4440 40b9 

  0x000000013a572034: ; implicit exception: dispatches to 0x000000013a576c38
  0x000000013a572034: 1f00 40f9 | e203 00aa 

  0x000000013a57203c: ;   {metadata(method data for {method} {0x0000000153d57718} 'method_1523' '(Z)V' in 'net/minecraft/class_310')}
  0x000000013a57203c: 05cb 84d2 | 455e a6f2 | 6500 c0f2 | 4208 40b9 | 4208 5bd2 | a9c0 3991 | 2801 40f9 | 5f00 08eb 
  0x000000013a57205c: a100 0054 | a83c 47f9 | 0805 0091 | a83c 07f9 | 1c00 0014 | a900 3a91 | 2801 40f9 | 5f00 08eb 
  0x000000013a57207c: a100 0054 | a844 47f9 | 0805 0091 | a844 07f9 | 1400 0014 | a9c0 3991 | 2801 40f9 | c800 00b5 
  0x000000013a57209c: 2201 00f9 | e803 40b2 | a9e0 3991 | 2801 00f9 | 0c00 0014 | a900 3a91 | 2801 40f9 | c800 00b5 
  0x000000013a5720bc: 2201 00f9 | e803 40b2 | a920 3a91 | 2801 00f9 | 0400 0014 | a830 47f9 | 0805 0091 | a830 07f9 
  0x000000013a5720dc: ;   {metadata(method data for {method} {0x0000000153d79ca8} 'method_1237' '(II)V' in 'net/minecraft/class_276')}
  0x000000013a5720dc: 0282 9ed2 | 425e a6f2 | 6200 c0f2 | 45ac 40b9 | a508 0011 | 45ac 00b9 | a54c 1f12 | bf00 0071 
  0x000000013a5720fc: 005a 0254 | e203 00aa 

  0x000000013a572104: ;   {metadata(method data for {method} {0x0000000153d79ca8} 'method_1237' '(II)V' in 'net/minecraft/class_276')}
  0x000000013a572104: 0582 9ed2 | 455e a6f2 | 6500 c0f2 | 4208 40b9 | 4208 5bd2 | a900 0491 | 2801 40f9 | 5f00 08eb 
  0x000000013a572124: a100 0054 | a884 40f9 | 0805 0091 | a884 00f9 | 1c00 0014 | a940 0491 | 2801 40f9 | 5f00 08eb 
  0x000000013a572144: a100 0054 | a88c 40f9 | 0805 0091 | a88c 00f9 | 1400 0014 | a900 0491 | 2801 40f9 | c800 00b5 
  0x000000013a572164: 2201 00f9 | e803 40b2 | a920 0491 | 2801 00f9 | 0c00 0014 | a940 0491 | 2801 40f9 | c800 00b5 
  0x000000013a572184: 2201 00f9 | e803 40b2 | a960 0491 | 2801 00f9 | 0400 0014 | a878 40f9 | 0805 0091 | a878 00f9 
  0x000000013a5721a4: e203 03aa | e303 04aa | e403 0032 | e103 00aa 

  0x000000013a5721b4: ; ImmutableOopMap {[216]=Oop }
                      ;*invokevirtual method_22594 {reexecute=0 rethrow=0 return_oop=0}
                      ; - net.minecraft.class_276::method_1237@4 (line 232)
                      ; - net.minecraft.class_310::method_1523@606 (line 1234)
                      ;   {optimized virtual_call}
  0x000000013a5721b4: e708 b395 

  0x000000013a5721b8: ;   {metadata(method data for {method} {0x0000000153d57718} 'method_1523' '(Z)V' in 'net/minecraft/class_310')}
  0x000000013a5721b8: 01cb 84d2 | 415e a6f2 | 6100 c0f2 | 284c 47f9 | 0805 0091 | 284c 07f9 

  0x000000013a5721d0: ;   {metadata(method data for {method} {0x0000000151c93650} 'method_648' '()J' in 'net/minecraft/class_156')}
  0x000000013a5721d0: 0118 87d2 | 4159 a6f2 | 6100 c0f2 | 20ac 40b9 | 0008 0011 | 20ac 00b9 | 004c 1f12 | 1f00 0071 
  0x000000013a5721f0: 6053 0254 

  0x000000013a5721f4: ;   {oop(a 'java/lang/Class'{0x00000007129eefa0} = 'net/minecraft/class_156')}
  0x000000013a5721f4: 01f4 9dd2 | c153 a2f2 | e100 c0f2 | 2188 40b9 | 21f0 7dd3 

  0x000000013a572208: ; implicit exception: dispatches to 0x000000013a576c7c
  0x000000013a572208: 3f00 40f9 | e003 01aa 

  0x000000013a572210: ;   {metadata(method data for {method} {0x0000000151c93650} 'method_648' '()J' in 'net/minecraft/class_156')}
  0x000000013a572210: 0218 87d2 | 4259 a6f2 | 6200 c0f2 | 0008 40b9 | 0008 5bd2 | 4900 0491 | 2801 40f9 | 1f00 08eb 
  0x000000013a572230: a100 0054 | 4884 40f9 | 0805 0091 | 4884 00f9 | 1c00 0014 | 4940 0491 | 2801 40f9 | 1f00 08eb 
  0x000000013a572250: a100 0054 | 488c 40f9 | 0805 0091 | 488c 00f9 | 1400 0014 | 4900 0491 | 2801 40f9 | c800 00b5 
  0x000000013a572270: 2001 00f9 | e803 40b2 | 4920 0491 | 2801 00f9 | 0c00 0014 | 4940 0491 | 2801 40f9 | c800 00b5 
  0x000000013a572290: 2001 00f9 | e803 40b2 | 4960 0491 | 2801 00f9 | 0400 0014 | 4878 40f9 | 0805 0091 | 4878 00f9 
  0x000000013a5722b0: 0980 9cd2 | 8975 a0f2 | 091c c0f2 

  0x000000013a5722bc: ; ImmutableOopMap {[216]=Oop }
                      ;*invokeinterface getAsLong {reexecute=0 rethrow=0 return_oop=0}
                      ; - net.minecraft.class_156::method_648@3 (line 126)
                      ; - net.minecraft.class_310::method_1523@610 (line 1235)
                      ;   {virtual_call}
  0x000000013a5722bc: c1da 9695 | e58f 40f9 | 0000 05cb | e16f 40f9 | 2020 00f9 | e22b 41b9 | 5f00 0071 

  0x000000013a5722d8: ;   {metadata(method data for {method} {0x0000000153d57718} 'method_1523' '(Z)V' in 'net/minecraft/class_310')}
  0x000000013a5722d8: 00cb 84d2 | 405e a6f2 | 6000 c0f2 | 08d5 81d2 | 09d7 81d2 | 0301 899a | 0468 63f8 | 8404 0091 
  0x000000013a5722f8: 0468 23f8 | e22b 01b9 | a00e 0054 

  0x000000013a572304: ; ImmutableOopMap {[216]=Oop }
                      ;*invokestatic method_41719 {reexecute=0 rethrow=0 return_oop=0}
                      ; - net.minecraft.class_310::method_1523@624 (line 1237)
                      ;   {static_call}
  0x000000013a572304: 7f0c 4095 

  0x000000013a572308: ; ImmutableOopMap {[216]=Oop c_rarg0=Oop }
                      ;*invokedynamic {reexecute=0 rethrow=0 return_oop=0}
                      ; - net.minecraft.class_310::method_1523@628 (line 1237)
                      ;   {runtime_call load_appendix_patching Runtime1 stub}
  0x000000013a572308: fedc 4295 | e16f 40f9 | e0b3 00f9 

  0x000000013a572314: ; ImmutableOopMap {[216]=Oop [352]=Oop }
                      ;*invokedynamic {reexecute=0 rethrow=0 return_oop=0}
                      ; - net.minecraft.class_310::method_1523@628 (line 1237)
                      ;   {static_call}
  0x000000013a572314: 7b0c 4095 

  0x000000013a572318: ;   {metadata(method data for {method} {0x0000000153d57718} 'method_1523' '(Z)V' in 'net/minecraft/class_310')}
  0x000000013a572318: 02cb 84d2 | 425e a6f2 | 6200 c0f2 | 42e0 3b91 | e103 00aa | a100 00b5 | 4900 40f9 | 2901 40b2 
  0x000000013a572338: 4900 00f9 | 1600 0014 | 2108 40b9 | 2108 5bd2 | 4900 40f9 | 2100 09ca | 28f4 7e92 | 0802 00b4 
  0x000000013a572358: e101 0837 | a901 00b4 | 3f05 00f1 | 6001 0054 | bf39 03d5 | 2100 09ca | 4900 40f9 | 2100 09ca 
  0x000000013a572378: 28f4 7e92 | c800 00b4 | 4900 40f9 | 2901 7fb2 | 4900 00f9 | 0200 0014 | 4100 00f9 | e2b3 40f9 
  0x000000013a572398: ; implicit exception: dispatches to 0x000000013a576c80
  0x000000013a572398: 5f00 40f9 | e103 02aa 

  0x000000013a5723a0: ;   {metadata(method data for {method} {0x0000000153d57718} 'method_1523' '(Z)V' in 'net/minecraft/class_310')}
  0x000000013a5723a0: 03cb 84d2 | 435e a6f2 | 6300 c0f2 | 6884 47f9 | 0805 0091 | 6884 07f9 

  0x000000013a5723b8: ;   {metadata(method data for {method} {0x000000e000115fb8} 'ifPresent' '(Ljava/util/function/Consumer;)V' in 'java/util/Optional')}
  0x000000013a5723b8: 0121 8bd2 | e140 a4f2 | 6100 c0f2 | 23ac 40b9 | 6308 0011 | 23ac 00b9 | 634c 1f12 | 7f00 0071 
  0x000000013a5723d8: 6045 0254 | 420c 40b9 | 42f0 7dd3 | e103 1faa | 5f00 01eb 

  0x000000013a5723ec: ;   {metadata(method data for {method} {0x000000e000115fb8} 'ifPresent' '(Ljava/util/function/Consumer;)V' in 'java/util/Optional')}
  0x000000013a5723ec: 0121 8bd2 | e140 a4f2 | 6100 c0f2 | e80f 7cb2 | e903 78b2 | 0301 899a | 2468 63f8 | 8404 0091 
  0x000000013a57240c: 2468 23f8 | 0006 0054 

  0x000000013a572414: ; implicit exception: dispatches to 0x000000013a576ca4
  0x000000013a572414: 1f00 40f9 | e103 00aa 

  0x000000013a57241c: ;   {metadata(method data for {method} {0x000000e000115fb8} 'ifPresent' '(Ljava/util/function/Consumer;)V' in 'java/util/Optional')}
  0x000000013a57241c: 0321 8bd2 | e340 a4f2 | 6300 c0f2 | 2108 40b9 | 2108 5bd2 | 6980 0491 | 2801 40f9 | 3f00 08eb 
  0x000000013a57243c: a100 0054 | 6894 40f9 | 0805 0091 | 6894 00f9 | 1c00 0014 | 69c0 0491 | 2801 40f9 | 3f00 08eb 
  0x000000013a57245c: a100 0054 | 689c 40f9 | 0805 0091 | 689c 00f9 | 1400 0014 | 6980 0491 | 2801 40f9 | c800 00b5 
  0x000000013a57247c: 2101 00f9 | e803 40b2 | 69a0 0491 | 2801 00f9 | 0c00 0014 | 69c0 0491 | 2801 40f9 | c800 00b5 
  0x000000013a57249c: 2101 00f9 | e803 40b2 | 69e0 0491 | 2801 00f9 | 0400 0014 | 6888 40f9 | 0805 0091 | 6888 00f9 
  0x000000013a5724bc: e103 00aa | e9ff 9fd2 | e9ff bff2 | e9ff dff2 

  0x000000013a5724cc: ; ImmutableOopMap {[216]=Oop }
                      ;*invokeinterface accept {reexecute=0 rethrow=0 return_oop=0}
                      ; - java.util.Optional::ifPresent@12
                      ; - net.minecraft.class_310::method_1523@633 (line 1237)
                      ;   {virtual_call}
  0x000000013a5724cc: 4d0b 4095 | e16f 40f9 | 20a8 41b9 | 00f0 7dd3 | 4001 00b4 

  0x000000013a5724e0: ;   {metadata('net/minecraft/class_3694')}
  0x000000013a5724e0: 0412 8ed2 | 2436 a0f2 | 041c c0f2 | 0508 40b9 | a508 5bd2 | a81c 40f9 | 9f00 08eb | 613d 0254 
  0x000000013a572500: 0100 0014 | e203 00aa 

  0x000000013a572508: ; implicit exception: dispatches to 0x000000013a576cac
  0x000000013a572508: 1f00 40f9 

  0x000000013a57250c: ;   {metadata(method data for {method} {0x0000000153d57718} 'method_1523' '(Z)V' in 'net/minecraft/class_310')}
  0x000000013a57250c: 02cb 84d2 | 425e a6f2 | 6200 c0f2 | 48ac 47f9 | 0805 0091 | 48ac 07f9 

  0x000000013a572524: ;   {metadata(method data for {method} {0x0000000153e3ecd8} 'method_15405' '(Ljava/lang/String;)V' in 'net/minecraft/class_3694')}
  0x000000013a572524: 0097 8cd2 | 6059 a6f2 | 6000 c0f2 | 02ac 40b9 | 4208 0011 | 02ac 00b9 | 424c 1f12 | 5f00 0071 
  0x000000013a572544: 603b 0254 | 2084 40b9 | 00f0 7dd3 

  0x000000013a572550: ; implicit exception: dispatches to 0x000000013a576cd0
  0x000000013a572550: 1f00 40f9 | e203 00aa 

  0x000000013a572558: ;   {metadata(method data for {method} {0x0000000153d57718} 'method_1523' '(Z)V' in 'net/minecraft/class_310')}
  0x000000013a572558: 03cb 84d2 | 435e a6f2 | 6300 c0f2 | 68bc 47f9 | 0805 0091 | 68bc 07f9 

  0x000000013a572570: ;   {metadata(method data for {method} {0x000000032b945180} 'method_15998' '()V' in 'net/minecraft/class_1041')}
  0x000000013a572570: 02f4 9ed2 | 425e a6f2 | 6200 c0f2 | 43ac 40b9 | 6308 0011 | 43ac 00b9 | 634c 1f12 | 7f00 0071 
  0x000000013a572590: 203a 0254 | 0208 40f9 

  0x000000013a572598: ;   {metadata(method data for {method} {0x000000032b945180} 'method_15998' '()V' in 'net/minecraft/class_1041')}
  0x000000013a572598: 03f4 9ed2 | 435e a6f2 | 6300 c0f2 | 6878 40f9 | 0805 0091 | 6878 00f9 

  0x000000013a5725b0: ;   {metadata(method data for {method} {0x0000000153ceda40} 'flipFrame' '(J)V' in 'com/mojang/blaze3d/systems/RenderSystem')}
  0x000000013a5725b0: 0327 9fd2 | 435e a6f2 | 6300 c0f2 | 64ac 40b9 | 8408 0011 | 64ac 00b9 | 844c 1f12 | 9f00 0071 
  0x000000013a5725d0: 2039 0254 

  0x000000013a5725d4: ;   {metadata(method data for {method} {0x0000000153ceda40} 'flipFrame' '(J)V' in 'com/mojang/blaze3d/systems/RenderSystem')}
  0x000000013a5725d4: 0327 9fd2 | 435e a6f2 | 6300 c0f2 | 6878 40f9 | 0805 0091 | 6878 00f9 

  0x000000013a5725ec: ;   {metadata(method data for {method} {0x0000000153d08eb8} 'redirect$jkh000$sodium$removeFirstPoll' '()V' in 'com/mojang/blaze3d/systems/RenderSystem')}
  0x000000013a5725ec: 03ce 82d2 | 635e a6f2 | 6300 c0f2 | 64ac 40b9 | 8408 0011 | 64ac 00b9 | 844c 1f12 | 9f00 0071 
  0x000000013a57260c: 4038 0254 

  0x000000013a572610: ;   {metadata(method data for {method} {0x0000000153ceda40} 'flipFrame' '(J)V' in 'com/mojang/blaze3d/systems/RenderSystem')}
  0x000000013a572610: 0327 9fd2 | 435e a6f2 | 6300 c0f2 | 6880 40f9 | 0805 0091 | 6880 00f9 | e283 16a9 

  0x000000013a57262c: ; ImmutableOopMap {[368]=Oop [216]=Oop }
                      ;*invokestatic replayQueue {reexecute=0 rethrow=0 return_oop=0}
                      ; - com.mojang.blaze3d.systems.RenderSystem::flipFrame@3 (line 213)
                      ; - net.minecraft.class_1041::method_15998@4 (line 288)
                      ; - net.minecraft.class_310::method_1523@652 (line 1241)
                      ;   {static_call}
  0x000000013a57262c: 85ad ab95 

  0x000000013a572630: ;   {metadata(method data for {method} {0x0000000153ceda40} 'flipFrame' '(J)V' in 'com/mojang/blaze3d/systems/RenderSystem')}
  0x000000013a572630: 0227 9fd2 | 425e a6f2 | 6200 c0f2 | 4888 40f9 | 0805 0091 | 4888 00f9 

  0x000000013a572648: ;   {metadata(method data for {method} {0x0000000153d0dd88} 'method_1348' '()Lnet/minecraft/class_289;' in 'net/minecraft/class_289')}
  0x000000013a572648: 0246 92d2 | 6259 a6f2 | 6200 c0f2 | 41ac 40b9 | 2108 0011 | 41ac 00b9 | 214c 1f12 | 3f00 0071 
  0x000000013a572668: 6036 0254 

  0x000000013a57266c: ;   {metadata(method data for {method} {0x0000000153d0dd88} 'method_1348' '()Lnet/minecraft/class_289;' in 'net/minecraft/class_289')}
  0x000000013a57266c: 0246 92d2 | 6259 a6f2 | 6200 c0f2 | 4878 40f9 | 0805 0091 | 4878 00f9 

  0x000000013a572684: ;   {metadata(method data for {method} {0x0000000153ced3d0} 'assertOnGameThreadOrInit' '()V' in 'com/mojang/blaze3d/systems/RenderSystem')}
  0x000000013a572684: 02cb 82d2 | c258 a6f2 | 6200 c0f2 | 41ac 40b9 | 2108 0011 | 41ac 00b9 | 214c 1f12 | 3f00 0071 
  0x000000013a5726a4: 8035 0254 

  0x000000013a5726a8: ;   {oop(a 'java/lang/Class'{0x0000000706913868} = 'com/mojang/blaze3d/systems/RenderSystem')}
  0x000000013a5726a8: 020d 87d2 | 22d2 a0f2 | e200 c0f2 | 4210 4439 | 5f00 0071 

  0x000000013a5726bc: ;   {metadata(method data for {method} {0x0000000153ced3d0} 'assertOnGameThreadOrInit' '()V' in 'com/mojang/blaze3d/systems/RenderSystem')}
  0x000000013a5726bc: 02cb 82d2 | c258 a6f2 | 6200 c0f2 | e80f 7cb2 | e903 78b2 | 0111 899a | 4068 61f8 | 0004 0091 
  0x000000013a5726dc: 4068 21f8 | c102 0054 

  0x000000013a5726e4: ;   {metadata(method data for {method} {0x0000000153ced3d0} 'assertOnGameThreadOrInit' '()V' in 'com/mojang/blaze3d/systems/RenderSystem')}
  0x000000013a5726e4: 02cb 82d2 | c258 a6f2 | 6200 c0f2 | 4888 40f9 | 0805 0091 | 4888 00f9 

  0x000000013a5726fc: ;   {metadata(method data for {method} {0x0000000153ced270} 'isOnGameThread' '()Z' in 'com/mojang/blaze3d/systems/RenderSystem')}
  0x000000013a5726fc: 02fc 82d2 | c258 a6f2 | 6200 c0f2 | 41ac 40b9 | 2108 0011 | 41ac 00b9 | 214c 1f12 | 3f00 0071 
  0x000000013a57271c: c032 0254 

  0x000000013a572720: ;   {metadata(method data for {method} {0x0000000153ced3d0} 'assertOnGameThreadOrInit' '()V' in 'com/mojang/blaze3d/systems/RenderSystem')}
  0x000000013a572720: 02cb 82d2 | c258 a6f2 | 6200 c0f2 | 4198 40f9 | 2104 0091 | 4198 00f9 

  0x000000013a572738: ;   {oop(a 'net/minecraft/class_289'{0x0000000706914c80})}
  0x000000013a572738: 0290 89d2 | 22d2 a0f2 | e200 c0f2 | e103 02aa 

  0x000000013a572748: ;   {metadata(method data for {method} {0x0000000153ceda40} 'flipFrame' '(J)V' in 'com/mojang/blaze3d/systems/RenderSystem')}
  0x000000013a572748: 0027 9fd2 | 405e a6f2 | 6000 c0f2 | 089c 40f9 | 0805 0091 | 089c 00f9 

  0x000000013a572760: ; implicit exception: dispatches to 0x000000013a576d94
  0x000000013a572760: 400c 40b9 | 00f0 7dd3 

  0x000000013a572768: ; implicit exception: dispatches to 0x000000013a576d98
  0x000000013a572768: 1f00 40f9 | e203 00aa 

  0x000000013a572770: ;   {metadata(method data for {method} {0x0000000153ceda40} 'flipFrame' '(J)V' in 'com/mojang/blaze3d/systems/RenderSystem')}
  0x000000013a572770: 0127 9fd2 | 415e a6f2 | 6100 c0f2 | 28b8 40f9 | 0805 0091 | 28b8 00f9 

  0x000000013a572788: ;   {metadata(method data for {method} {0x0000000153d19d10} 'method_1343' '()V' in 'net/minecraft/class_287')}
  0x000000013a572788: 02e5 8ad2 | 2259 a6f2 | 6200 c0f2 | 41ac 40b9 | 2108 0011 | 41ac 00b9 | 214c 1f12 | 3f00 0071 
  0x000000013a5727a8: a02f 0254 | 0228 40b9 | 5f00 0071 

  0x000000013a5727b4: ;   {metadata(method data for {method} {0x0000000153d19d10} 'method_1343' '()V' in 'net/minecraft/class_287')}
  0x000000013a5727b4: 02e5 8ad2 | 2259 a6f2 | 6200 c0f2 | e80f 7cb2 | e903 78b2 | 01d1 899a | 4368 61f8 | 6304 0091 
  0x000000013a5727d4: 4368 21f8 | cd02 0054 | e0bf 00f9 

  0x000000013a5727e0: ;   {oop(a 'org/apache/logging/slf4j/Log4jLogger'{0x0000000706914410})}
  0x000000013a5727e0: 0182 88d2 | 21d2 a0f2 | e100 c0f2 | e203 01aa 

  0x000000013a5727f0: ;   {metadata(method data for {method} {0x0000000153d19d10} 'method_1343' '()V' in 'net/minecraft/class_287')}
  0x000000013a5727f0: 03e5 8ad2 | 2359 a6f2 | 6300 c0f2 

  0x000000013a5727fc: ;   {metadata('org/apache/logging/slf4j/Log4jLogger')}
  0x000000013a5727fc: 08dc 86d2 | e824 a0f2 | 081c c0f2 | 6980 0491 | 2801 00f9 | 6894 40f9 | 0805 0091 | 6894 00f9 
  0x000000013a57281c: ;   {oop("Clearing BufferBuilder with unused batches"{0x0000000734fa6eb0})}
  0x000000013a57281c: 02d6 8dd2 | 429f a6f2 | e200 c0f2 

  0x000000013a572828: ; ImmutableOopMap {[368]=Oop [216]=Oop [376]=Oop }
                      ;*invokeinterface warn {reexecute=0 rethrow=0 return_oop=0}
                      ; - net.minecraft.class_287::method_1343@13 (line 382)
                      ; - com.mojang.blaze3d.systems.RenderSystem::flipFrame@12 (line 216)
                      ; - net.minecraft.class_1041::method_15998@4 (line 288)
                      ; - net.minecraft.class_310::method_1523@652 (line 1241)
                      ;   {optimized virtual_call}
  0x000000013a572828: b609 4095 | e0bf 40f9 | e103 00aa 

  0x000000013a572834: ;   {metadata(method data for {method} {0x0000000153d19d10} 'method_1343' '()V' in 'net/minecraft/class_287')}
  0x000000013a572834: 02e5 8ad2 | 2259 a6f2 | 6200 c0f2 | 48b0 40f9 | 0805 0091 | 48b0 00f9 

  0x000000013a57284c: ;   {metadata(method data for {method} {0x0000000153d19de0} 'method_23477' '()V' in 'net/minecraft/class_287')}
  0x000000013a57284c: 011d 8bd2 | 2159 a6f2 | 6100 c0f2 | 22ac 40b9 | 4208 0011 | 22ac 00b9 | 424c 1f12 | 5f00 0071 
  0x000000013a57286c: 802a 0254 | 1f28 00b9 | 1f44 00b9 | 1f48 00b9 | e103 00aa 

  0x000000013a572880: ;   {metadata(method data for {method} {0x0000000153d19de0} 'method_23477' '()V' in 'net/minecraft/class_287')}
  0x000000013a572880: 021d 8bd2 | 2259 a6f2 | 6200 c0f2 | 4878 40f9 | 0805 0091 | 4878 00f9 

  0x000000013a572898: ;   {metadata(method data for {method} {0x0000000153d1c4c8} 'handler$jig000$sodium$resetDelegate' '(Lorg/spongepowered/asm/mixin/injection/callback/CallbackInfo;)V' in 'net/minecraft/class_287')}
  0x000000013a572898: 01a5 86d2 | c158 a6f2 | 6100 c0f2 | 22ac 40b9 | 4208 0011 | 22ac 00b9 | 424c 1f12 | 5f00 0071 
  0x000000013a5728b8: 2029 0254 | 0184 40b9 | 21f0 7dd3 | e003 1faa | 3f00 00eb 

  0x000000013a5728cc: ;   {metadata(method data for {method} {0x0000000153d1c4c8} 'handler$jig000$sodium$resetDelegate' '(Lorg/spongepowered/asm/mixin/injection/callback/CallbackInfo;)V' in 'net/minecraft/class_287')}
  0x000000013a5728cc: 00a5 86d2 | c058 a6f2 | 6000 c0f2 | e80f 7cb2 | e903 78b2 | 0201 899a | 0368 62f8 | 6304 0091 
  0x000000013a5728ec: 0368 22f8 | 6002 0054 

  0x000000013a5728f4: ; implicit exception: dispatches to 0x000000013a576dfc
  0x000000013a5728f4: 3f00 40f9 | e003 01aa 

  0x000000013a5728fc: ;   {metadata(method data for {method} {0x0000000153d1c4c8} 'handler$jig000$sodium$resetDelegate' '(Lorg/spongepowered/asm/mixin/injection/callback/CallbackInfo;)V' in 'net/minecraft/class_287')}
  0x000000013a5728fc: 02a5 86d2 | c258 a6f2 | 6200 c0f2 | 4894 40f9 | 0805 0091 | 4894 00f9 

  0x000000013a572914: ;   {metadata(method data for {method} {0x00000003314a2ad0} 'reset' '()V' in 'me/jellysquid/mods/sodium/client/render/vertex/buffer/SodiumBufferBuilder')}
  0x000000013a572914: 00d7 86d2 | c058 a6f2 | 6000 c0f2 | 02ac 40b9 | 4208 0011 | 02ac 00b9 | 424c 1f12 | 5f00 0071 
  0x000000013a572934: 6026 0254 | 3f28 00b9 | e2b7 40f9 

  0x000000013a572940: ;   {metadata(method data for {method} {0x0000000153ceda40} 'flipFrame' '(J)V' in 'com/mojang/blaze3d/systems/RenderSystem')}
  0x000000013a572940: 0127 9fd2 | 415e a6f2 | 6100 c0f2 | 28c8 40f9 | 0805 0091 | 28c8 00f9 | e103 02aa 

  0x000000013a57295c: ; ImmutableOopMap {[368]=Oop [216]=Oop }
                      ;*invokestatic glfwSwapBuffers {reexecute=0 rethrow=0 return_oop=0}
                      ; - com.mojang.blaze3d.systems.RenderSystem::flipFrame@16 (line 218)
                      ; - net.minecraft.class_1041::method_15998@4 (line 288)
                      ; - net.minecraft.class_310::method_1523@652 (line 1241)
                      ;   {static_call}
  0x000000013a57295c: 99d2 a995 

  0x000000013a572960: ;   {metadata(method data for {method} {0x0000000153ceda40} 'flipFrame' '(J)V' in 'com/mojang/blaze3d/systems/RenderSystem')}
  0x000000013a572960: 0127 9fd2 | 415e a6f2 | 6100 c0f2 | 28d0 40f9 | 0805 0091 | 28d0 00f9 

  0x000000013a572978: ;   {metadata(method data for {method} {0x0000000153ced8b0} 'pollEvents' '()V' in 'com/mojang/blaze3d/systems/RenderSystem')}
  0x000000013a572978: 0166 9fd2 | 415e a6f2 | 6100 c0f2 | 20ac 40b9 | 0008 0011 | 20ac 00b9 | 004c 1f12 | 1f00 0071 
  0x000000013a572998: 4024 0254 

  0x000000013a57299c: ;   {metadata(method data for {method} {0x0000000153ced8b0} 'pollEvents' '()V' in 'com/mojang/blaze3d/systems/RenderSystem')}
  0x000000013a57299c: 0166 9fd2 | 415e a6f2 | 6100 c0f2 | 2878 40f9 | 0805 0091 | 2878 00f9 

  0x000000013a5729b4: ;   {metadata(method data for {method} {0x0000000151c935b0} 'method_658' '()J' in 'net/minecraft/class_156')}
  0x000000013a5729b4: 0103 9cd2 | 6159 a6f2 | 6100 c0f2 | 20ac 40b9 | 0008 0011 | 20ac 00b9 | 004c 1f12 | 1f00 0071 
  0x000000013a5729d4: 6023 0254 

  0x000000013a5729d8: ;   {metadata(method data for {method} {0x0000000151c935b0} 'method_658' '()J' in 'net/minecraft/class_156')}
  0x000000013a5729d8: 0103 9cd2 | 6159 a6f2 | 6100 c0f2 | 2878 40f9 | 0805 0091 | 2878 00f9 

  0x000000013a5729f0: ;   {metadata(method data for {method} {0x0000000151c93650} 'method_648' '()J' in 'net/minecraft/class_156')}
  0x000000013a5729f0: 0118 87d2 | 4159 a6f2 | 6100 c0f2 | 20ac 40b9 | 0008 0011 | 20ac 00b9 | 004c 1f12 | 1f00 0071 
  0x000000013a572a10: 8022 0254 

  0x000000013a572a14: ;   {oop(a 'java/lang/Class'{0x00000007129eefa0} = 'net/minecraft/class_156')}
  0x000000013a572a14: 01f4 9dd2 | c153 a2f2 | e100 c0f2 | 2188 40b9 | 21f0 7dd3 

  0x000000013a572a28: ; implicit exception: dispatches to 0x000000013a576e80
  0x000000013a572a28: 3f00 40f9 | e003 01aa 

  0x000000013a572a30: ;   {metadata(method data for {method} {0x0000000151c93650} 'method_648' '()J' in 'net/minecraft/class_156')}
  0x000000013a572a30: 0218 87d2 | 4259 a6f2 | 6200 c0f2 | 0008 40b9 | 0008 5bd2 | 4900 0491 | 2801 40f9 | 1f00 08eb 
  0x000000013a572a50: a100 0054 | 4884 40f9 | 0805 0091 | 4884 00f9 | 1c00 0014 | 4940 0491 | 2801 40f9 | 1f00 08eb 
  0x000000013a572a70: a100 0054 | 488c 40f9 | 0805 0091 | 488c 00f9 | 1400 0014 | 4900 0491 | 2801 40f9 | c800 00b5 
  0x000000013a572a90: 2001 00f9 | e803 40b2 | 4920 0491 | 2801 00f9 | 0c00 0014 | 4940 0491 | 2801 40f9 | c800 00b5 
  0x000000013a572ab0: 2001 00f9 | e803 40b2 | 4960 0491 | 2801 00f9 | 0400 0014 | 4878 40f9 | 0805 0091 | 4878 00f9 
  0x000000013a572ad0: 0980 9cd2 | 8975 a0f2 | 091c c0f2 

  0x000000013a572adc: ; ImmutableOopMap {[368]=Oop [216]=Oop }
                      ;*invokeinterface getAsLong {reexecute=0 rethrow=0 return_oop=0}
                      ; - net.minecraft.class_156::method_648@3 (line 126)
                      ; - net.minecraft.class_156::method_658@0 (line 122)
                      ; - com.mojang.blaze3d.systems.RenderSystem::pollEvents@3 (line 199)
                      ; - com.mojang.blaze3d.systems.RenderSystem::flipFrame@19 (line 219)
                      ; - net.minecraft.class_1041::method_15998@4 (line 288)
                      ; - net.minecraft.class_310::method_1523@652 (line 1241)
                      ;   {virtual_call}
  0x000000013a572adc: b9d8 9695 | 0248 88d2 | e201 a0f2 | 010c c29a 

  0x000000013a572aec: ;   {oop(a 'java/util/concurrent/atomic/AtomicLong'{0x0000000706915360})}
  0x000000013a572aec: 006c 8ad2 | 20d2 a0f2 | e000 c0f2 | e203 00aa 

  0x000000013a572afc: ;   {metadata(method data for {method} {0x0000000153ced8b0} 'pollEvents' '()V' in 'com/mojang/blaze3d/systems/RenderSystem')}
  0x000000013a572afc: 0366 9fd2 | 435e a6f2 | 6300 c0f2 | 6880 40f9 | 0805 0091 | 6880 00f9 | e203 01aa | e103 00aa 
  0x000000013a572b1c: ; ImmutableOopMap {[368]=Oop [216]=Oop }
                      ;*invokevirtual set {reexecute=0 rethrow=0 return_oop=0}
                      ; - com.mojang.blaze3d.systems.RenderSystem::pollEvents@6 (line 199)
                      ; - com.mojang.blaze3d.systems.RenderSystem::flipFrame@19 (line 219)
                      ; - net.minecraft.class_1041::method_15998@4 (line 288)
                      ; - net.minecraft.class_310::method_1523@652 (line 1241)
                      ;   {optimized virtual_call}
  0x000000013a572b1c: 9df0 9b95 

  0x000000013a572b20: ;   {oop(a 'java/util/concurrent/atomic/AtomicBoolean'{0x0000000706915350})}
  0x000000013a572b20: 016a 8ad2 | 21d2 a0f2 | e100 c0f2 

  0x000000013a572b2c: ;   {metadata(method data for {method} {0x0000000153ced8b0} 'pollEvents' '()V' in 'com/mojang/blaze3d/systems/RenderSystem')}
  0x000000013a572b2c: 0066 9fd2 | 405e a6f2 | 6000 c0f2 | 089c 40f9 | 0805 0091 | 089c 00f9 

  0x000000013a572b44: ;   {metadata(method data for {method} {0x0000000150079318} 'set' '(Z)V' in 'java/util/concurrent/atomic/AtomicBoolean')}
  0x000000013a572b44: 0173 91d2 | c13e aaf2 | 2100 c0f2 | 20ac 40b9 | 0008 0011 | 20ac 00b9 | 004c 1f12 | 1f00 0071 
  0x000000013a572b64: 0019 0254 

  0x000000013a572b68: ;   {metadata(method data for {method} {0x0000000150079318} 'set' '(Z)V' in 'java/util/concurrent/atomic/AtomicBoolean')}
  0x000000013a572b68: 0173 91d2 | c13e aaf2 | 2100 c0f2 | 2080 40f9 | 0004 0091 | 2080 00f9 

  0x000000013a572b80: ;   {metadata(method data for {method} {0x0000000150079318} 'set' '(Z)V' in 'java/util/concurrent/atomic/AtomicBoolean')}
  0x000000013a572b80: 0173 91d2 | c13e aaf2 | 2100 c0f2 | 2088 40f9 | 0004 0091 | 2088 00f9 

  0x000000013a572b98: ;   {oop(a 'java/util/concurrent/atomic/AtomicBoolean'{0x0000000706915350})}
  0x000000013a572b98: 016a 8ad2 | 21d2 a0f2 | e100 c0f2 | e003 0032 | bf3b 03d5 

  0x000000013a572bac: ; implicit exception: dispatches to 0x000000013a576ea4
  0x000000013a572bac: 200c 00b9 | bf3b 03d5 

  0x000000013a572bb4: ;   {metadata(method data for {method} {0x0000000153ced8b0} 'pollEvents' '()V' in 'com/mojang/blaze3d/systems/RenderSystem')}
  0x000000013a572bb4: 0166 9fd2 | 415e a6f2 | 6100 c0f2 | 28b8 40f9 | 0805 0091 | 28b8 00f9 

  0x000000013a572bcc: ;   {metadata(method data for {method} {0x000000015129e600} 'glfwPollEvents' '()V' in 'org/lwjgl/glfw/GLFW')}
  0x000000013a572bcc: 01a4 84d2 | 415e a6f2 | 6100 c0f2 | 20ac 40b9 | 0008 0011 | 20ac 00b9 | 004c 1f12 | 1f00 0071 
  0x000000013a572bec: e015 0254 

  0x000000013a572bf0: ;   {metadata(method data for {method} {0x000000015129e600} 'glfwPollEvents' '()V' in 'org/lwjgl/glfw/GLFW')}
  0x000000013a572bf0: 01a4 84d2 | 415e a6f2 | 6100 c0f2 | 2878 40f9 | 0805 0091 | 2878 00f9 | 815f 88d2 | 01f5 a1f2 
  0x000000013a572c10: 2100 c0f2 

  0x000000013a572c14: ; ImmutableOopMap {[368]=Oop [216]=Oop }
                      ;*invokestatic invokeV {reexecute=0 rethrow=0 return_oop=0}
                      ; - org.lwjgl.glfw.GLFW::glfwPollEvents@5 (line 3403)
                      ; - com.mojang.blaze3d.systems.RenderSystem::pollEvents@16 (line 201)
                      ; - com.mojang.blaze3d.systems.RenderSystem::flipFrame@19 (line 219)
                      ; - net.minecraft.class_1041::method_15998@4 (line 288)
                      ; - net.minecraft.class_310::method_1523@652 (line 1241)
                      ;   {static_call}
  0x000000013a572c14: afed 8695 

  0x000000013a572c18: ;   {oop(a 'java/util/concurrent/atomic/AtomicBoolean'{0x0000000706915350})}
  0x000000013a572c18: 026a 8ad2 | 22d2 a0f2 | e200 c0f2 

  0x000000013a572c24: ;   {metadata(method data for {method} {0x0000000153ced8b0} 'pollEvents' '()V' in 'com/mojang/blaze3d/systems/RenderSystem')}
  0x000000013a572c24: 0166 9fd2 | 415e a6f2 | 6100 c0f2 | 28c0 40f9 | 0805 0091 | 28c0 00f9 

  0x000000013a572c3c: ;   {metadata(method data for {method} {0x0000000150079318} 'set' '(Z)V' in 'java/util/concurrent/atomic/AtomicBoolean')}
  0x000000013a572c3c: 0273 91d2 | c23e aaf2 | 2200 c0f2 | 41ac 40b9 | 2108 0011 | 41ac 00b9 | 214c 1f12 | 3f00 0071 
  0x000000013a572c5c: 6013 0254 

  0x000000013a572c60: ;   {metadata(method data for {method} {0x0000000150079318} 'set' '(Z)V' in 'java/util/concurrent/atomic/AtomicBoolean')}
  0x000000013a572c60: 0273 91d2 | c23e aaf2 | 2200 c0f2 | 4178 40f9 | 2104 0091 | 4178 00f9 

  0x000000013a572c78: ;   {oop(a 'java/util/concurrent/atomic/AtomicBoolean'{0x0000000706915350})}
  0x000000013a572c78: 026a 8ad2 | 22d2 a0f2 | e200 c0f2 | 0100 a052 | bf3b 03d5 | 410c 00b9 | bf3b 03d5 | e0bb 40f9 
  0x000000013a572c98: 0244 4139 | 0140 4139 | 5f00 016b 

  0x000000013a572ca4: ;   {metadata(method data for {method} {0x000000032b945180} 'method_15998' '()V' in 'net/minecraft/class_1041')}
  0x000000013a572ca4: 01f4 9ed2 | 415e a6f2 | 6100 c0f2 | e803 78b2 | 0922 80d2 | 0301 899a | 2468 63f8 | 8404 0091 
  0x000000013a572cc4: 2468 23f8 | a001 0054 | 4200 0012 | 0240 0139 | 0250 4139 | e103 00aa 

  0x000000013a572cdc: ;   {metadata(method data for {method} {0x000000032b945180} 'method_15998' '()V' in 'net/minecraft/class_1041')}
  0x000000013a572cdc: 03f4 9ed2 | 435e a6f2 | 6300 c0f2 | 6890 40f9 | 0805 0091 | 6890 00f9 | e103 00aa 

  0x000000013a572cf8: ; ImmutableOopMap {[216]=Oop }
                      ;*invokevirtual method_4485 {reexecute=0 rethrow=0 return_oop=0}
                      ; - net.minecraft.class_1041::method_15998@31 (line 291)
                      ; - net.minecraft.class_310::method_1523@652 (line 1241)
                      ;   {optimized virtual_call}
  0x000000013a572cf8: 8208 4095 | e16f 40f9 | e003 01aa 

  0x000000013a572d04: ;   {metadata(method data for {method} {0x0000000153d57718} 'method_1523' '(Z)V' in 'net/minecraft/class_310')}
  0x000000013a572d04: 02cb 84d2 | 425e a6f2 | 6200 c0f2 | 48d8 47f9 | 0805 0091 | 48d8 07f9 

  0x000000013a572d1c: ;   {metadata(method data for {method} {0x0000000153d58090} 'method_16009' '()I' in 'net/minecraft/class_310')}
  0x000000013a572d1c: 00ee 82d2 | 605e a6f2 | 6000 c0f2 | 02ac 40b9 | 4208 0011 | 02ac 00b9 | 424c 1f12 | 5f00 0071 
  0x000000013a572d3c: 600d 0254 | 206c 41b9 | 00f0 7dd3 | e203 1faa | 1f00 02eb 

  0x000000013a572d50: ;   {metadata(method data for {method} {0x0000000153d58090} 'method_16009' '()I' in 'net/minecraft/class_310')}
  0x000000013a572d50: 00ee 82d2 | 605e a6f2 | 6000 c0f2 | e80f 7cb2 | e903 78b2 | 0211 899a | 0368 62f8 | 6304 0091 
  0x000000013a572d70: 0368 22f8 | a103 0054 | 2088 41b9 | 00f0 7dd3 | e203 1faa | 1f00 02eb 

  0x000000013a572d88: ;   {metadata(method data for {method} {0x0000000153d58090} 'method_16009' '()I' in 'net/minecraft/class_310')}
  0x000000013a572d88: 00ee 82d2 | 605e a6f2 | 6000 c0f2 | 0822 80d2 | 0924 80d2 | 0211 899a | 0368 62f8 | 6304 0091 
  0x000000013a572da8: 0368 22f8 | 6103 0054 | 208c 41b9 | 00f0 7dd3 | e203 1faa | 1f00 02eb 

  0x000000013a572dc0: ;   {metadata(method data for {method} {0x0000000153d58090} 'method_16009' '()I' in 'net/minecraft/class_310')}
  0x000000013a572dc0: 00ee 82d2 | 605e a6f2 | 6000 c0f2 | 0828 80d2 | 0926 80d2 | 0211 899a | 0368 62f8 | 6304 0091 
  0x000000013a572de0: 0368 22f8 | a101 0054 | 2084 40b9 | 00f0 7dd3 

  0x000000013a572df0: ; implicit exception: dispatches to 0x000000013a576f08
  0x000000013a572df0: 1f00 40f9 | e203 00aa 

  0x000000013a572df8: ;   {metadata(method data for {method} {0x0000000153d58090} 'method_16009' '()I' in 'net/minecraft/class_310')}
  0x000000013a572df8: 03ee 82d2 | 635e a6f2 | 6300 c0f2 | 68a8 40f9 | 0805 0091 | 68a8 00f9 | 004c 40b9 | 0200 0014 
  0x000000013a572e18: e00f 1e32 | 1f10 0471 

  0x000000013a572e20: ;   {metadata(method data for {method} {0x0000000153d57718} 'method_1523' '(Z)V' in 'net/minecraft/class_310')}
  0x000000013a572e20: 02cb 84d2 | 425e a6f2 | 6200 c0f2 | e823 7db2 | 09fd 81d2 | 03b1 899a | 4468 63f8 | 8404 0091 
  0x000000013a572e40: 4468 23f8 | 6b00 0054 | e047 01b9 | 0b00 0014 

  0x000000013a572e50: ;   {metadata(method data for {method} {0x0000000153d57718} 'method_1523' '(Z)V' in 'net/minecraft/class_310')}
  0x000000013a572e50: 02cb 84d2 | 425e a6f2 | 6200 c0f2 | 4804 48f9 | 0805 0091 | 4804 08f9 | e103 00aa | e047 01b9 
  0x000000013a572e70: ; ImmutableOopMap {[216]=Oop }
                      ;*invokestatic limitDisplayFPS {reexecute=0 rethrow=0 return_oop=0}
                      ; - net.minecraft.class_310::method_1523@671 (line 1244)
                      ;   {static_call}
  0x000000013a572e70: 949f b195 | e16f 40f9 | 20a8 41b9 | 00f0 7dd3 | 4001 00b4 

  0x000000013a572e84: ;   {metadata('net/minecraft/class_3694')}
  0x000000013a572e84: 0412 8ed2 | 2436 a0f2 | 041c c0f2 | 0508 40b9 | a508 5bd2 | a81c 40f9 | 9f00 08eb | 6103 0254 
  0x000000013a572ea4: 0100 0014 | e203 00aa 

  0x000000013a572eac: ; implicit exception: dispatches to 0x000000013a576f10
  0x000000013a572eac: 1f00 40f9 

  0x000000013a572eb0: ;   {metadata(method data for {method} {0x0000000153d57718} 'method_1523' '(Z)V' in 'net/minecraft/class_310')}
  0x000000013a572eb0: 02cb 84d2 | 425e a6f2 | 6200 c0f2 | 4818 48f9 | 0805 0091 | 4818 08f9 

  0x000000013a572ec8: ;   {metadata(method data for {method} {0x0000000153e3ecd8} 'method_15405' '(Ljava/lang/String;)V' in 'net/minecraft/class_3694')}
  0x000000013a572ec8: 0097 8cd2 | 6059 a6f2 | 6000 c0f2 | 02ac 40b9 | 4208 0011 | 02ac 00b9 | 424c 1f12 | 5f00 0071 
  0x000000013a572ee8: 6001 0254 

  0x000000013a572eec: ;   {metadata(method data for {method} {0x0000000153d57718} 'method_1523' '(Z)V' in 'net/minecraft/class_310')}
  0x000000013a572eec: 00cb 84d2 | 405e a6f2 | 6000 c0f2 | 0828 48f9 | 0805 0091 | 0828 08f9 

  0x000000013a572f04: ; ImmutableOopMap {[216]=Oop }
                      ;*invokestatic yield {reexecute=0 rethrow=0 return_oop=0}
                      ; - net.minecraft.class_310::method_1523@686 (line 1248)
                      ;   {static_call}
  0x000000013a572f04: f3f0 8695 | e16f 40f9 | 20a8 41b9 | 00f0 7dd3 | 4001 00b4 

  0x000000013a572f18: ;   {metadata('net/minecraft/class_3694')}
  0x000000013a572f18: 0412 8ed2 | 2436 a0f2 | 041c c0f2 | 0508 40b9 | a508 5bd2 | a81c 40f9 | 9f00 08eb | 0100 0254 
  0x000000013a572f38: 0100 0014 | e203 00aa 

  0x000000013a572f40: ; implicit exception: dispatches to 0x000000013a576f38
  0x000000013a572f40: 1f00 40f9 

  0x000000013a572f44: ;   {metadata(method data for {method} {0x0000000153d57718} 'method_1523' '(Z)V' in 'net/minecraft/class_310')}
  0x000000013a572f44: 02cb 84d2 | 425e a6f2 | 6200 c0f2 | 483c 48f9 | 0805 0091 | 483c 08f9 

  0x000000013a572f5c: ;   {metadata(method data for {method} {0x0000000153e3ec20} 'method_15407' '()V' in 'net/minecraft/class_3694')}
  0x000000013a572f5c: 00e6 9cd2 | 204e a6f2 | 6000 c0f2 | 02ac 40b9 | 4208 0011 | 02ac 00b9 | 424c 1f12 | 5f00 0071 
  0x000000013a572f7c: 00fe 0154 | 2084 40b9 | 00f0 7dd3 

  0x000000013a572f88: ; implicit exception: dispatches to 0x000000013a576f5c
  0x000000013a572f88: 1f00 40f9 | e203 00aa 

  0x000000013a572f90: ;   {metadata(method data for {method} {0x0000000153d57718} 'method_1523' '(Z)V' in 'net/minecraft/class_310')}
  0x000000013a572f90: 03cb 84d2 | 435e a6f2 | 6300 c0f2 | 684c 48f9 | 0805 0091 | 684c 08f9 

  0x000000013a572fa8: ;   {oop("Post render"{0x0000000724e89548})}
  0x000000013a572fa8: 02a9 92d2 | 029d a4f2 | e200 c0f2 | 83e3 4039 | 7f00 0071 | 21fd 0154 | 48fc 43d3 | 0868 00b9 
  0x000000013a572fc8: 0300 02ca | 63fc 55d3 | 7f00 00f1 | 21fd 0154 | 204c 40b9 | 0004 0011 | 204c 00b9 | e003 01aa 
  0x000000013a572fe8: ;   {metadata(method data for {method} {0x0000000153d57718} 'method_1523' '(Z)V' in 'net/minecraft/class_310')}
  0x000000013a572fe8: 02cb 84d2 | 425e a6f2 | 6200 c0f2 | 4874 48f9 | 0805 0091 | 4874 08f9 

  0x000000013a573000: ;   {metadata(method data for {method} {0x0000000153d5d8f0} 'method_1496' '()Z' in 'net/minecraft/class_310')}
  0x000000013a573000: 0000 90d2 | 005e a6f2 | 6000 c0f2 | 02ac 40b9 | 4208 0011 | 02ac 00b9 | 424c 1f12 | 5f00 0071 
  0x000000013a573020: 40fb 0154 | 209c 4139 | 1f00 0071 

  0x000000013a57302c: ;   {metadata(method data for {method} {0x0000000153d5d8f0} 'method_1496' '()Z' in 'net/minecraft/class_310')}
  0x000000013a57302c: 0000 90d2 | 005e a6f2 | 6000 c0f2 | e80f 7cb2 | e903 78b2 | 0201 899a | 0368 62f8 | 6304 0091 
  0x000000013a57304c: 0368 22f8 | e001 0054 | 2074 41b9 | 00f0 7dd3 | e203 1faa | 1f00 02eb 

  0x000000013a573064: ;   {metadata(method data for {method} {0x0000000153d5d8f0} 'method_1496' '()Z' in 'net/minecraft/class_310')}
  0x000000013a573064: 0000 90d2 | 005e a6f2 | 6000 c0f2 | 0824 80d2 | 0922 80d2 | 0211 899a | 0368 62f8 | 6304 0091 
  0x000000013a573084: 0368 22f8 | 6100 0054 | 0000 a052 | 0800 0014 

  0x000000013a573094: ;   {metadata(method data for {method} {0x0000000153d5d8f0} 'method_1496' '()Z' in 'net/minecraft/class_310')}
  0x000000013a573094: 0000 90d2 | 005e a6f2 | 6000 c0f2 | 0298 40f9 | 4204 0091 | 0298 00f9 | e003 0032 | 0000 0012 
  0x000000013a5730b4: 1f00 0071 

  0x000000013a5730b8: ;   {metadata(method data for {method} {0x0000000153d57718} 'method_1523' '(Z)V' in 'net/minecraft/class_310')}
  0x000000013a5730b8: 00cb 84d2 | 405e a6f2 | 6000 c0f2 | 0821 82d2 | 0923 82d2 | 0201 899a | 0368 62f8 | 6304 0091 
  0x000000013a5730d8: 0368 22f8 | 8017 0054 | 2088 41b9 | 00f0 7dd3 | e203 1faa | 1f00 02eb 

  0x000000013a5730f0: ;   {metadata(method data for {method} {0x0000000153d57718} 'method_1523' '(Z)V' in 'net/minecraft/class_310')}
  0x000000013a5730f0: 02cb 84d2 | 425e a6f2 | 6200 c0f2 | 0825 82d2 | 0927 82d2 | 0301 899a | 4468 63f8 | 8404 0091 
  0x000000013a573110: 4468 23f8 | 4008 0054 

  0x000000013a573118: ; implicit exception: dispatches to 0x000000013a576fa8
  0x000000013a573118: 1f00 40f9 | e203 00aa 

  0x000000013a573120: ;   {metadata(method data for {method} {0x0000000153d57718} 'method_1523' '(Z)V' in 'net/minecraft/class_310')}
  0x000000013a573120: 03cb 84d2 | 435e a6f2 | 6300 c0f2 | 4208 40b9 | 4208 5bd2 | 6904 4091 | 2961 0591 | 2801 40f9 
  0x000000013a573140: 5f00 08eb | a100 0054 | 68b0 48f9 | 0805 0091 | 68b0 08f9 | 2100 0014 | 6904 4091 | 29a1 0591 
  0x000000013a573160: 2801 40f9 | 5f00 08eb | a100 0054 | 68b8 48f9 | 0805 0091 | 68b8 08f9 | 1800 0014 | 6904 4091 
  0x000000013a573180: 2961 0591 | 2801 40f9 | e800 00b5 | 2201 00f9 | e803 40b2 | 6904 4091 | 2981 0591 | 2801 00f9 
  0x000000013a5731a0: 0e00 0014 | 6904 4091 | 29a1 0591 | 2801 40f9 | e800 00b5 | 2201 00f9 | e803 40b2 | 6904 4091 
  0x000000013a5731c0: 29c1 0591 | 2801 00f9 | 0400 0014 | 68a4 48f9 | 0805 0091 | 68a4 08f9 | e103 00aa | e9ff 9fd2 
  0x000000013a5731e0: e9ff bff2 | e9ff dff2 

  0x000000013a5731e8: ; ImmutableOopMap {[216]=Oop }
                      ;*invokevirtual method_25421 {reexecute=0 rethrow=0 return_oop=0}
                      ; - net.minecraft.class_310::method_1523@736 (line 1253)
                      ;   {virtual_call}
  0x000000013a5731e8: 0608 4095 | 1f00 0071 

  0x000000013a5731f0: ;   {metadata(method data for {method} {0x0000000153d57718} 'method_1523' '(Z)V' in 'net/minecraft/class_310')}
  0x000000013a5731f0: 01cb 84d2 | 415e a6f2 | 6100 c0f2 | 0830 82d2 | 0932 82d2 | 0011 899a | 2268 60f8 | 4204 0091 
  0x000000013a573210: 2268 20f8 | e16f 40f9 | 6105 0054 | 208c 41b9 | 00f0 7dd3 | e203 1faa | 1f00 02eb 

  0x000000013a57322c: ;   {metadata(method data for {method} {0x0000000153d57718} 'method_1523' '(Z)V' in 'net/minecraft/class_310')}
  0x000000013a57322c: 02cb 84d2 | 425e a6f2 | 6200 c0f2 | 0834 82d2 | 0936 82d2 | 0301 899a | 4468 63f8 | 8404 0091 
  0x000000013a57324c: 4468 23f8 | e00b 0054 

  0x000000013a573254: ; implicit exception: dispatches to 0x000000013a576fac
  0x000000013a573254: 1f00 40f9 

  0x000000013a573258: ;   {metadata(method data for {method} {0x0000000153d57718} 'method_1523' '(Z)V' in 'net/minecraft/class_310')}
  0x000000013a573258: 02cb 84d2 | 425e a6f2 | 6200 c0f2 

  0x000000013a573264: ;   {metadata('net/minecraft/class_425')}
  0x000000013a573264: 0815 85d2 | e835 a0f2 | 081c c0f2 | 4904 4091 | 2941 0791 | 2801 00f9 | 48ec 48f9 | 0805 0091 
  0x000000013a573284: 48ec 08f9 

  0x000000013a573288: ;   {metadata(method data for {method} {0x0000000153d83108} 'method_18640' '()Z' in 'net/minecraft/class_425')}
  0x000000013a573288: 0069 83d2 | 605e a6f2 | 6000 c0f2 | 02ac 40b9 | 4208 0011 | 02ac 00b9 | 424c 1f12 | 5f00 0071 
  0x000000013a5732a8: 40e8 0154 

  0x000000013a5732ac: ;   {metadata(method data for {method} {0x0000000153d57718} 'method_1523' '(Z)V' in 'net/minecraft/class_310')}
  0x000000013a5732ac: 00cb 84d2 | 405e a6f2 | 6000 c0f2 | 0204 49f9 | 4204 0091 | 0204 09f9 | 2074 41b9 | 00f0 7dd3 
  0x000000013a5732cc: ; implicit exception: dispatches to 0x000000013a576fd0
  0x000000013a5732cc: 1f00 40f9 | e203 00aa 

  0x000000013a5732d4: ;   {metadata(method data for {method} {0x0000000153d57718} 'method_1523' '(Z)V' in 'net/minecraft/class_310')}
  0x000000013a5732d4: 03cb 84d2 | 435e a6f2 | 6300 c0f2 | 4208 40b9 | 4208 5bd2 | 6904 4091 | 29a1 0891 | 2801 40f9 
  0x000000013a5732f4: 5f00 08eb | a100 0054 | 6818 49f9 | 0805 0091 | 6818 09f9 | 2100 0014 | 6904 4091 | 29e1 0891 
  0x000000013a573314: 2801 40f9 | 5f00 08eb | a100 0054 | 6820 49f9 | 0805 0091 | 6820 09f9 | 1800 0014 | 6904 4091 
  0x000000013a573334: 29a1 0891 | 2801 40f9 | e800 00b5 | 2201 00f9 | e803 40b2 | 6904 4091 | 29c1 0891 | 2801 00f9 
  0x000000013a573354: 0e00 0014 | 6904 4091 | 29e1 0891 | 2801 40f9 | e800 00b5 | 2201 00f9 | e803 40b2 | 6904 4091 
  0x000000013a573374: 2901 0991 | 2801 00f9 | 0400 0014 | 680c 49f9 | 0805 0091 | 680c 09f9 | e103 00aa | e9ff 9fd2 
  0x000000013a573394: e9ff bff2 | e9ff dff2 

  0x000000013a57339c: ; ImmutableOopMap {[216]=Oop }
                      ;*invokevirtual method_3860 {reexecute=0 rethrow=0 return_oop=0}
                      ; - net.minecraft.class_310::method_1523@763 (line 1253)
                      ;   {virtual_call}
  0x000000013a57339c: 9907 4095 | 1f00 0071 

  0x000000013a5733a4: ;   {metadata(method data for {method} {0x0000000153d57718} 'method_1523' '(Z)V' in 'net/minecraft/class_310')}
  0x000000013a5733a4: 01cb 84d2 | 415e a6f2 | 6100 c0f2 | 084c 82d2 | 094a 82d2 | 0001 899a | 2268 60f8 | 4204 0091 
  0x000000013a5733c4: 2268 20f8 | 6000 0054 | 0100 a052 | 0800 0014 

  0x000000013a5733d4: ;   {metadata(method data for {method} {0x0000000153d57718} 'method_1523' '(Z)V' in 'net/minecraft/class_310')}
  0x000000013a5733d4: 01cb 84d2 | 415e a6f2 | 6100 c0f2 | 2038 49f9 | 0004 0091 | 2038 09f9 | e103 0032 | e06f 40f9 
  0x000000013a5733f4: bf3b 03d5 | 02a0 4139 | bf39 03d5 | 5f00 016b 

  0x000000013a573404: ;   {metadata(method data for {method} {0x0000000153d57718} 'method_1523' '(Z)V' in 'net/minecraft/class_310')}
  0x000000013a573404: 02cb 84d2 | 425e a6f2 | 6200 c0f2 | 0851 82d2 | 0953 82d2 | 0301 899a | 4468 63f8 | 8404 0091 
  0x000000013a573424: 4468 23f8 | 4004 0054 | bf3b 03d5 | 02a0 4139 | bf39 03d5 | 5f00 0071 

  0x000000013a57343c: ;   {metadata(method data for {method} {0x0000000153d57718} 'method_1523' '(Z)V' in 'net/minecraft/class_310')}
  0x000000013a57343c: 02cb 84d2 | 425e a6f2 | 6200 c0f2 | 0855 82d2 | 0957 82d2 | 0301 899a | 4468 63f8 | 8404 0091 
  0x000000013a57345c: 4468 23f8 | 8001 0054 | 0288 40b9 | 42f0 7dd3 

  0x000000013a57346c: ; implicit exception: dispatches to 0x000000013a576fd4
  0x000000013a57346c: 400c 40bd | 0048 00bd 

  0x000000013a573474: ;   {metadata(method data for {method} {0x0000000153d57718} 'method_1523' '(Z)V' in 'net/minecraft/class_310')}
  0x000000013a573474: 02cb 84d2 | 425e a6f2 | 6200 c0f2 | 4364 49f9 | 6304 0091 | 4364 09f9 | 0500 0014 | 0288 40b9 
  0x000000013a573494: 42f0 7dd3 | 0048 40bd 

  0x000000013a57349c: ; implicit exception: dispatches to 0x000000013a576fd8
  0x000000013a57349c: 400c 00bd | 2100 0012 | bf3b 03d5 | 01a0 0139 | bf3b 03d5 

  0x000000013a5734b0: ;   {metadata(method data for {method} {0x0000000153d57718} 'method_1523' '(Z)V' in 'net/minecraft/class_310')}
  0x000000013a5734b0: 00cb 84d2 | 405e a6f2 | 6000 c0f2 | 0870 49f9 | 0805 0091 | 0870 09f9 

  0x000000013a5734c8: ;   {metadata(method data for {method} {0x0000000151c93650} 'method_648' '()J' in 'net/minecraft/class_156')}
  0x000000013a5734c8: 0018 87d2 | 4059 a6f2 | 6000 c0f2 | 03ac 40b9 | 6308 0011 | 03ac 00b9 | 634c 1f12 | 7f00 0071 
  0x000000013a5734e8: a0d7 0154 

  0x000000013a5734ec: ;   {oop(a 'java/lang/Class'{0x00000007129eefa0} = 'net/minecraft/class_156')}
  0x000000013a5734ec: 00f4 9dd2 | c053 a2f2 | e000 c0f2 | 0088 40b9 | 00f0 7dd3 

  0x000000013a573500: ; implicit exception: dispatches to 0x000000013a576ffc
  0x000000013a573500: 1f00 40f9 | e303 00aa 

  0x000000013a573508: ;   {metadata(method data for {method} {0x0000000151c93650} 'method_648' '()J' in 'net/minecraft/class_156')}
  0x000000013a573508: 0418 87d2 | 4459 a6f2 | 6400 c0f2 | 6308 40b9 | 6308 5bd2 | 8900 0491 | 2801 40f9 | 7f00 08eb 
  0x000000013a573528: a100 0054 | 8884 40f9 | 0805 0091 | 8884 00f9 | 1c00 0014 | 8940 0491 | 2801 40f9 | 7f00 08eb 
  0x000000013a573548: a100 0054 | 888c 40f9 | 0805 0091 | 888c 00f9 | 1400 0014 | 8900 0491 | 2801 40f9 | c800 00b5 
  0x000000013a573568: 2301 00f9 | e803 40b2 | 8920 0491 | 2801 00f9 | 0c00 0014 | 8940 0491 | 2801 40f9 | c800 00b5 
  0x000000013a573588: 2301 00f9 | e803 40b2 | 8960 0491 | 2801 00f9 | 0400 0014 | 8878 40f9 | 0805 0091 | 8878 00f9 
  0x000000013a5735a8: e103 00aa | 0980 9cd2 | 8975 a0f2 | 091c c0f2 

  0x000000013a5735b8: ; ImmutableOopMap {[216]=Oop }
                      ;*invokeinterface getAsLong {reexecute=0 rethrow=0 return_oop=0}
                      ; - net.minecraft.class_156::method_648@3 (line 126)
                      ; - net.minecraft.class_310::method_1523@823 (line 1263)
                      ;   {virtual_call}
  0x000000013a5735b8: 02d6 9695 | e16f 40f9 | 2210 40f9 | 0200 02cb | e52b 41b9 | bf00 0071 

  0x000000013a5735d0: ;   {metadata(method data for {method} {0x0000000153d57718} 'method_1523' '(Z)V' in 'net/minecraft/class_310')}
  0x000000013a5735d0: 03cb 84d2 | 435e a6f2 | 6300 c0f2 | 085e 82d2 | 0960 82d2 | 0401 899a | 6568 64f8 | a504 0091 
  0x000000013a5735f0: 6568 24f8 | 4000 0054 | 221c 00f9 | e0c3 00f9 | 23e8 40b9 | 63f0 7dd3 

  0x000000013a573608: ; implicit exception: dispatches to 0x000000013a577000
  0x000000013a573608: 7f00 40f9 | e403 03aa 

  0x000000013a573610: ;   {metadata(method data for {method} {0x0000000153d57718} 'method_1523' '(Z)V' in 'net/minecraft/class_310')}
  0x000000013a573610: 05cb 84d2 | 455e a6f2 | 6500 c0f2 | a894 49f9 | 0805 0091 | a894 09f9 | e103 03aa 

  0x000000013a57362c: ; ImmutableOopMap {[216]=Oop }
                      ;*invokevirtual method_15247 {reexecute=0 rethrow=0 return_oop=0}
                      ; - net.minecraft.class_310::method_1523@854 (line 1268)
                      ;   {optimized virtual_call}
  0x000000013a57362c: 6906 a095 | e16f 40f9 | e0c3 40f9 | 2010 00f9 | 20a8 41b9 | 00f0 7dd3 | 4001 00b4 

  0x000000013a573648: ;   {metadata('net/minecraft/class_3694')}
  0x000000013a573648: 0412 8ed2 | 2436 a0f2 | 041c c0f2 | 0508 40b9 | a508 5bd2 | a81c 40f9 | 9f00 08eb | 01cd 0154 
  0x000000013a573668: 0100 0014 | e203 00aa 

  0x000000013a573670: ; implicit exception: dispatches to 0x000000013a577008
  0x000000013a573670: 1f00 40f9 

  0x000000013a573674: ;   {metadata(method data for {method} {0x0000000153d57718} 'method_1523' '(Z)V' in 'net/minecraft/class_310')}
  0x000000013a573674: 02cb 84d2 | 425e a6f2 | 6200 c0f2 | 48b0 49f9 | 0805 0091 | 48b0 09f9 

  0x000000013a57368c: ;   {metadata(method data for {method} {0x0000000153e3ea08} 'method_15396' '(Ljava/lang/String;)V' in 'net/minecraft/class_3694')}
  0x000000013a57368c: 00c4 9cd2 | 204e a6f2 | 6000 c0f2 | 02ac 40b9 | 4208 0011 | 02ac 00b9 | 424c 1f12 | 5f00 0071 
  0x000000013a5736ac: 00cb 0154 | 20bc 41b9 | 00f0 7dd3 | e203 1faa | 1f00 02eb 

  0x000000013a5736c0: ;   {metadata(method data for {method} {0x0000000153d57718} 'method_1523' '(Z)V' in 'net/minecraft/class_310')}
  0x000000013a5736c0: 02cb 84d2 | 425e a6f2 | 6200 c0f2 | 0870 82d2 | 0972 82d2 | 0301 899a | 4468 63f8 | 8404 0091 
  0x000000013a5736e0: 4468 23f8 | 4010 0054 

  0x000000013a5736e8: ; implicit exception: dispatches to 0x000000013a57702c
  0x000000013a5736e8: 1f00 40f9 | e203 00aa 

  0x000000013a5736f0: ;   {metadata(method data for {method} {0x0000000153d57718} 'method_1523' '(Z)V' in 'net/minecraft/class_310')}
  0x000000013a5736f0: 03cb 84d2 | 435e a6f2 | 6300 c0f2 | 4208 40b9 | 4208 5bd2 | 6904 4091 | 29c1 0e91 | 2801 40f9 
  0x000000013a573710: 5f00 08eb | a100 0054 | 68dc 49f9 | 0805 0091 | 68dc 09f9 | 2100 0014 | 6904 4091 | 2901 0f91 
  0x000000013a573730: 2801 40f9 | 5f00 08eb | a100 0054 | 68e4 49f9 | 0805 0091 | 68e4 09f9 | 1800 0014 | 6904 4091 
  0x000000013a573750: 29c1 0e91 | 2801 40f9 | e800 00b5 | 2201 00f9 | e803 40b2 | 6904 4091 | 29e1 0e91 | 2801 00f9 
  0x000000013a573770: 0e00 0014 | 6904 4091 | 2901 0f91 | 2801 40f9 | e800 00b5 | 2201 00f9 | e803 40b2 | 6904 4091 
  0x000000013a573790: 2921 0f91 | 2801 00f9 | 0400 0014 | 68d0 49f9 | 0805 0091 | 68d0 09f9 | e103 00aa | e9ff 9fd2 
  0x000000013a5737b0: e9ff bff2 | e9ff dff2 

  0x000000013a5737b8: ; ImmutableOopMap {[216]=Oop }
                      ;*invokevirtual method_41723 {reexecute=0 rethrow=0 return_oop=0}
                      ; - net.minecraft.class_310::method_1523@886 (line 1273)
                      ;   {virtual_call}
  0x000000013a5737b8: 9206 4095 | 1f00 0071 

  0x000000013a5737c0: ;   {metadata(method data for {method} {0x0000000153d57718} 'method_1523' '(Z)V' in 'net/minecraft/class_310')}
  0x000000013a5737c0: 01cb 84d2 | 415e a6f2 | 6100 c0f2 | 087b 82d2 | 097d 82d2 | 0001 899a | 2268 60f8 | 4204 0091 
  0x000000013a5737e0: 2268 20f8 | 4008 0054 | e16f 40f9 | 20bc 41b9 | 00f0 7dd3 

  0x000000013a5737f4: ; implicit exception: dispatches to 0x000000013a577030
  0x000000013a5737f4: 1f00 40f9 | e203 00aa 

  0x000000013a5737fc: ;   {metadata(method data for {method} {0x0000000153d57718} 'method_1523' '(Z)V' in 'net/minecraft/class_310')}
  0x000000013a5737fc: 03cb 84d2 | 435e a6f2 | 6300 c0f2 | 4208 40b9 | 4208 5bd2 | 6904 4091 | 2921 1091 | 2801 40f9 
  0x000000013a57381c: 5f00 08eb | a100 0054 | 6808 4af9 | 0805 0091 | 6808 0af9 | 2100 0014 | 6904 4091 | 2961 1091 
  0x000000013a57383c: 2801 40f9 | 5f00 08eb | a100 0054 | 6810 4af9 | 0805 0091 | 6810 0af9 | 1800 0014 | 6904 4091 
  0x000000013a57385c: 2921 1091 | 2801 40f9 | e800 00b5 | 2201 00f9 | e803 40b2 | 6904 4091 | 2941 1091 | 2801 00f9 
  0x000000013a57387c: 0e00 0014 | 6904 4091 | 2961 1091 | 2801 40f9 | e800 00b5 | 2201 00f9 | e803 40b2 | 6904 4091 
  0x000000013a57389c: 2981 1091 | 2801 00f9 | 0400 0014 | 68fc 49f9 | 0805 0091 | 68fc 09f9 | e103 00aa | e9ff 9fd2 
  0x000000013a5738bc: e9ff bff2 | e9ff dff2 

  0x000000013a5738c4: ; ImmutableOopMap {[216]=Oop }
                      ;*invokevirtual method_41724 {reexecute=0 rethrow=0 return_oop=0}
                      ; - net.minecraft.class_310::method_1523@897 (line 1274)
                      ;   {virtual_call}
  0x000000013a5738c4: 4f06 4095 | e16f 40f9 | 221c 40f9 | 0000 629e 

  0x000000013a5738d4: ;   {section_word}
  0x000000013a5738d4: a82b fd10 | 0101 40fd | 0208 611e | 4000 629e | 4118 601e | 2118 00fd 

  0x000000013a5738ec: ;   {metadata(method data for {method} {0x0000000153d57718} 'method_1523' '(Z)V' in 'net/minecraft/class_310')}
  0x000000013a5738ec: 02cb 84d2 | 425e a6f2 | 6200 c0f2 | 4818 4af9 | 0805 0091 | 4818 0af9 

  0x000000013a573904: ;   {metadata(method data for {method} {0x0000000151c935b0} 'method_658' '()J' in 'net/minecraft/class_156')}
  0x000000013a573904: 0203 9cd2 | 6259 a6f2 | 6200 c0f2 | 43ac 40b9 | 6308 0011 | 43ac 00b9 | 634c 1f12 | 7f00 0071 
  0x000000013a573924: 80b8 0154 

  0x000000013a573928: ;   {metadata(method data for {method} {0x0000000151c935b0} 'method_658' '()J' in 'net/minecraft/class_156')}
  0x000000013a573928: 0203 9cd2 | 6259 a6f2 | 6200 c0f2 | 4878 40f9 | 0805 0091 | 4878 00f9 

  0x000000013a573940: ;   {metadata(method data for {method} {0x0000000151c93650} 'method_648' '()J' in 'net/minecraft/class_156')}
  0x000000013a573940: 0218 87d2 | 4259 a6f2 | 6200 c0f2 | 43ac 40b9 | 6308 0011 | 43ac 00b9 | 634c 1f12 | 7f00 0071 
  0x000000013a573960: a0b7 0154 

  0x000000013a573964: ;   {oop(a 'java/lang/Class'{0x00000007129eefa0} = 'net/minecraft/class_156')}
  0x000000013a573964: 02f4 9dd2 | c253 a2f2 | e200 c0f2 | 4288 40b9 | 42f0 7dd3 

  0x000000013a573978: ; implicit exception: dispatches to 0x000000013a577074
  0x000000013a573978: 5f00 40f9 | e303 02aa 

  0x000000013a573980: ;   {metadata(method data for {method} {0x0000000151c93650} 'method_648' '()J' in 'net/minecraft/class_156')}
  0x000000013a573980: 0418 87d2 | 4459 a6f2 | 6400 c0f2 | 6308 40b9 | 6308 5bd2 | 8900 0491 | 2801 40f9 | 7f00 08eb 
  0x000000013a5739a0: a100 0054 | 8884 40f9 | 0805 0091 | 8884 00f9 | 1c00 0014 | 8940 0491 | 2801 40f9 | 7f00 08eb 
  0x000000013a5739c0: a100 0054 | 888c 40f9 | 0805 0091 | 888c 00f9 | 1400 0014 | 8900 0491 | 2801 40f9 | c800 00b5 
  0x000000013a5739e0: 2301 00f9 | e803 40b2 | 8920 0491 | 2801 00f9 | 0c00 0014 | 8940 0491 | 2801 40f9 | c800 00b5 
  0x000000013a573a00: 2301 00f9 | e803 40b2 | 8960 0491 | 2801 00f9 | 0400 0014 | 8878 40f9 | 0805 0091 | 8878 00f9 
  0x000000013a573a20: e103 02aa | 0980 9cd2 | 8975 a0f2 | 091c c0f2 

  0x000000013a573a30: ; ImmutableOopMap {[216]=Oop }
                      ;*invokeinterface getAsLong {reexecute=0 rethrow=0 return_oop=0}
                      ; - net.minecraft.class_156::method_648@3 (line 126)
                      ; - net.minecraft.class_156::method_658@0 (line 122)
                      ; - net.minecraft.class_310::method_1523@914 (line 1277)
                      ;   {virtual_call}
  0x000000013a573a30: e4d4 9695 | 0148 88d2 | e101 a0f2 | 020c c19a | e16f 40f9 | 2014 40f9 | 037d 80d2 | 0000 038b 
  0x000000013a573a50: 5f00 00eb 

  0x000000013a573a54: ;   {metadata(method data for {method} {0x0000000153d57718} 'method_1523' '(Z)V' in 'net/minecraft/class_310')}
  0x000000013a573a54: 02cb 84d2 | 425e a6f2 | 6200 c0f2 | 0888 82d2 | 098a 82d2 | 00b1 899a | 4368 60f8 | 6304 0091 
  0x000000013a573a74: 4368 20f8 | cbdd 0054 | 2018 40fd | 01e4 002f | 0020 611e | e207 9f9a | 42a4 82da | 5f00 0071 
  0x000000013a573a94: ;   {metadata(method data for {method} {0x0000000153d57718} 'method_1523' '(Z)V' in 'net/minecraft/class_310')}
  0x000000013a573a94: 02cb 84d2 | 425e a6f2 | 6200 c0f2 | 088c 82d2 | 098e 82d2 | 00d1 899a | 4368 60f8 | 6304 0091 
  0x000000013a573ab4: 4368 20f8 | 0d0a 0054 

  0x000000013a573abc: ;   {section_word}
  0x000000013a573abc: a81c fd10 | 0101 40fd | 0020 611e | e207 9f9a | 42a4 82da | 5f00 0071 

  0x000000013a573ad4: ;   {metadata(method data for {method} {0x0000000153d57718} 'method_1523' '(Z)V' in 'net/minecraft/class_310')}
  0x000000013a573ad4: 02cb 84d2 | 425e a6f2 | 6200 c0f2 | 0890 82d2 | 0992 82d2 | 00d1 899a | 4368 60f8 | 6304 0091 
  0x000000013a573af4: 4368 20f8 | ed02 0054 

  0x000000013a573afc: ; ImmutableOopMap {[216]=Oop }
                      ;*invokedynamic {reexecute=0 rethrow=0 return_oop=0}
                      ; - net.minecraft.class_310::method_1523@952 (line 1280)
                      ;   {runtime_call load_appendix_patching Runtime1 stub}
  0x000000013a573afc: 01d7 4295 

  0x000000013a573b00: ;   {oop(a 'net/minecraft/class_124'{0x000000071069df20})}
  0x000000013a573b00: 01e4 9bd2 | 210d a2f2 | e100 c0f2 

  0x000000013a573b0c: ; ImmutableOopMap {[216]=Oop }
                      ;*invokedynamic {reexecute=0 rethrow=0 return_oop=0}
                      ; - net.minecraft.class_310::method_1523@952 (line 1280)
                      ;   {static_call}
  0x000000013a573b0c: 7d06 4095 

  0x000000013a573b10: ;   {metadata(method data for {method} {0x0000000153d57718} 'method_1523' '(Z)V' in 'net/minecraft/class_310')}
  0x000000013a573b10: 01cb 84d2 | 415e a6f2 | 6100 c0f2 | 2104 4091 | 2100 1391 | e203 00aa | 8200 00b5 | 2900 40f9 
  0x000000013a573b30: 2901 40b2 | 2900 00f9 

  0x000000013a573b38: ;   {metadata(method data for {method} {0x0000000153d57718} 'method_1523' '(Z)V' in 'net/minecraft/class_310')}
  0x000000013a573b38: 01cb 84d2 | 415e a6f2 | 6100 c0f2 | 2268 4af9 | 4204 0091 | 2268 0af9 | 1500 0014 

  0x000000013a573b54: ;   {metadata(method data for {method} {0x0000000153d57718} 'method_1523' '(Z)V' in 'net/minecraft/class_310')}
  0x000000013a573b54: 00cb 84d2 | 405e a6f2 | 6000 c0f2 | 0874 4af9 | 0805 0091 | 0874 0af9 

  0x000000013a573b6c: ; ImmutableOopMap {[216]=Oop }
                      ;*invokestatic round {reexecute=0 rethrow=0 return_oop=0}
                      ; - net.minecraft.class_310::method_1523@964 (line 1280)
                      ;   {static_call}
  0x000000013a573b6c: 6506 4095 

  0x000000013a573b70: ; ImmutableOopMap {[216]=Oop }
                      ;*invokedynamic {reexecute=0 rethrow=0 return_oop=0}
                      ; - net.minecraft.class_310::method_1523@967 (line 1280)
                      ;   {runtime_call load_appendix_patching Runtime1 stub}
  0x000000013a573b70: e4d6 4295 | e103 00aa 

  0x000000013a573b78: ; ImmutableOopMap {[216]=Oop }
                      ;*invokedynamic {reexecute=0 rethrow=0 return_oop=0}
                      ; - net.minecraft.class_310::method_1523@967 (line 1280)
                      ;   {static_call}
  0x000000013a573b78: 6206 4095 

  0x000000013a573b7c: ;   {metadata(method data for {method} {0x0000000153d57718} 'method_1523' '(Z)V' in 'net/minecraft/class_310')}
  0x000000013a573b7c: 01cb 84d2 | 415e a6f2 | 6100 c0f2 | 2104 4091 | 2120 1491 | e203 00aa | 8200 00b5 | 2900 40f9 
  0x000000013a573b9c: 2901 40b2 | 2900 00f9 

  0x000000013a573ba4: ; ImmutableOopMap {[216]=Oop c_rarg0=Oop }
                      ;*invokedynamic {reexecute=0 rethrow=0 return_oop=0}
                      ; - net.minecraft.class_310::method_1523@972 (line 1280)
                      ;   {runtime_call load_appendix_patching Runtime1 stub}
  0x000000013a573ba4: d7d6 4295 | e103 00aa 

  0x000000013a573bac: ; ImmutableOopMap {[216]=Oop }
                      ;*invokedynamic {reexecute=0 rethrow=0 return_oop=0}
                      ; - net.minecraft.class_310::method_1523@972 (line 1280)
                      ;   {static_call}
  0x000000013a573bac: 5506 4095 

  0x000000013a573bb0: ;   {metadata(method data for {method} {0x0000000153d57718} 'method_1523' '(Z)V' in 'net/minecraft/class_310')}
  0x000000013a573bb0: 03cb 84d2 | 435e a6f2 | 6300 c0f2 | 6304 4091 | 63e0 1491 | e503 00aa | 8500 00b5 | 6900 40f9 
  0x000000013a573bd0: 2901 40b2 | 6900 00f9 

  0x000000013a573bd8: ;   {metadata(method data for {method} {0x0000000153d57718} 'method_1523' '(Z)V' in 'net/minecraft/class_310')}
  0x000000013a573bd8: 03cb 84d2 | 435e a6f2 | 6300 c0f2 | 65a4 4af9 | a504 0091 | 65a4 0af9 | e203 00aa | 0400 0014 
  0x000000013a573bf8: ;   {oop(""{0x00000007ffe00010})}
  0x000000013a573bf8: 0202 80d2 | 02fc bff2 | e200 c0f2 | e16f 40f9 | 234c 40b9 

  0x000000013a573c0c: ;   {oop(a 'java/lang/Class'{0x00000007149a6dc8} = 'net/minecraft/class_310')}
  0x000000013a573c0c: 04b9 8dd2 | 4493 a2f2 | e400 c0f2 | 83c4 00b9 | f30b 0032 

  0x000000013a573c20: ;   {metadata('java/lang/Object'[])}
  0x000000013a573c20: 03b4 82d2 | 0300 a0f2 | 031c c0f2 | 737e 40d3 | e503 13aa | e85f 40b2 | 7f02 08eb | e2a1 0154 
  0x000000013a573c40: eb02 80d2 | 6b49 338b | 6bf1 7d92 | 8087 40f9 | 0b60 2b8b | 888f 40f9 | 7f01 08eb | e8a0 0154 
  0x000000013a573c60: 8b87 00f9 | 6b01 00cb | ea03 40b2 | 0a00 00f9 | 6a08 5bd2 | 0a4c 0129 | 6b41 00f1 | c001 0054 
  0x000000013a573c80: e803 0baa | 0a40 0091 | 0bfd 43d3 | 6821 00f1 | 4300 0054 

  0x000000013a573c94: ;   {runtime_call StubRoutines (2)}
  0x000000013a573c94: 8bae 3f95 | 6b00 1036 | 5f7d 81a8 | 5f7d 81a8 | 4b00 0836 | 5f7d 81a8 | 4b00 0036 | 5f01 00f9 
  0x000000013a573cb4: bf3a 03d5 | 85c4 40b9 

  0x000000013a573cbc: ;   {metadata(method data for {method} {0x0000000153d57718} 'method_1523' '(Z)V' in 'net/minecraft/class_310')}
  0x000000013a573cbc: 03cb 84d2 | 435e a6f2 | 6300 c0f2 | 68b0 4af9 | 0805 0091 | 68b0 0af9 

  0x000000013a573cd4: ;   {metadata(method data for {method} {0x000000e000046150} 'valueOf' '(I)Ljava/lang/Integer;' in 'java/lang/Integer')}
  0x000000013a573cd4: 0314 9ed2 | 6302 aaf2 | 2300 c0f2 | 64ac 40b9 | 8408 0011 | 64ac 00b9 | 844c 1f12 | 9f00 0071 
  0x000000013a573cf4: 609c 0154 | bf00 0231 

  0x000000013a573cfc: ;   {metadata(method data for {method} {0x000000e000046150} 'valueOf' '(I)Ljava/lang/Integer;' in 'java/lang/Integer')}
  0x000000013a573cfc: 0314 9ed2 | 6302 aaf2 | 2300 c0f2 | e80f 7cb2 | e903 78b2 | 04b1 899a | 6a68 64f8 | 4a05 0091 
  0x000000013a573d1c: 6a68 24f8 | 8b01 0054 | bffc 0171 

  0x000000013a573d28: ;   {metadata(method data for {method} {0x000000e000046150} 'valueOf' '(I)Ljava/lang/Integer;' in 'java/lang/Integer')}
  0x000000013a573d28: 0314 9ed2 | 6302 aaf2 | 2300 c0f2 | 0824 80d2 | 0922 80d2 | 04d1 899a | 6a68 64f8 | 4a05 0091 
  0x000000013a573d48: 6a68 24f8 | 6d08 0054 

  0x000000013a573d50: ;   {metadata('java/lang/Integer')}
  0x000000013a573d50: 0309 89d2 | 8300 a0f2 | 031c c0f2 | e603 00aa | 8087 40f9 | 0b40 0091 | 888f 40f9 | 7f01 08eb 
  0x000000013a573d70: 8899 0154 | 8b87 00f9 | ea03 40b2 | 0a00 00f9 | 6a08 5bd2 | 0a7c 0129 | bf3a 03d5 | e303 00aa 
  0x000000013a573d90: ;   {metadata(method data for {method} {0x000000e000046150} 'valueOf' '(I)Ljava/lang/Integer;' in 'java/lang/Integer')}
  0x000000013a573d90: 0414 9ed2 | 6402 aaf2 | 2400 c0f2 | 8898 40f9 | 0805 0091 | 8898 00f9 

  0x000000013a573da8: ;   {metadata(method data for {method} {0x000000e000045b50} '<init>' '(I)V' in 'java/lang/Integer')}
  0x000000013a573da8: 0342 9ed2 | 6302 aaf2 | 2300 c0f2 | 64ac 40b9 | 8408 0011 | 64ac 00b9 | 844c 1f12 | 9f00 0071 
  0x000000013a573dc8: 0097 0154 | e303 00aa 

  0x000000013a573dd0: ;   {metadata(method data for {method} {0x000000e000045b50} '<init>' '(I)V' in 'java/lang/Integer')}
  0x000000013a573dd0: 0442 9ed2 | 6402 aaf2 | 2400 c0f2 | 8878 40f9 | 0805 0091 | 8878 00f9 

  0x000000013a573de8: ;   {metadata(method data for {method} {0x000000e0004022c8} '<init>' '()V' in 'java/lang/Number')}
  0x000000013a573de8: 0369 9ed2 | 6302 aaf2 | 2300 c0f2 | 64ac 40b9 | 8408 0011 | 64ac 00b9 | 844c 1f12 | 9f00 0071 
  0x000000013a573e08: 0096 0154 | e303 00aa 

  0x000000013a573e10: ;   {metadata(method data for {method} {0x000000e0004022c8} '<init>' '()V' in 'java/lang/Number')}
  0x000000013a573e10: 0469 9ed2 | 6402 aaf2 | 2400 c0f2 | 8878 40f9 | 0805 0091 | 8878 00f9 

  0x000000013a573e28: ;   {metadata(method data for {method} {0x000000e000467488} '<init>' '()V' in 'java/lang/Object')}
  0x000000013a573e28: 035d 96d2 | 0300 aaf2 | 2300 c0f2 | 64ac 40b9 | 8408 0011 | 64ac 00b9 | 844c 1f12 | 9f00 0071 
  0x000000013a573e48: 0095 0154 | 050c 00b9 | bf3a 03d5 | 0c00 0014 | e603 00aa | a300 0211 

  0x000000013a573e60: ;   {oop(a 'java/lang/Integer'[256] {0x00000007ffe67f40})}
  0x000000013a573e60: 00e8 8fd2 | c0fc bff2 | e000 c0f2 | 637c 4093 | 63f4 7ed3 | 6340 0091 

  0x000000013a573e78: ; implicit exception: dispatches to 0x000000013a577108
  0x000000013a573e78: 0368 63b8 | 63f0 7dd3 | e003 03aa | e547 41b9 | 2001 00b5 

  0x000000013a573e8c: ;   {metadata(method data for {method} {0x0000000153d57718} 'method_1523' '(Z)V' in 'net/minecraft/class_310')}
  0x000000013a573e8c: 04cb 84d2 | 445e a6f2 | 6400 c0f2 | 8904 4091 | 28a5 5539 | 0801 40b2 | 28a5 1539 | 4700 0014 
  0x000000013a573eac: ; implicit exception: dispatches to 0x000000013a57710c
  0x000000013a573eac: c308 40b9 | 6308 5bd2 | 0408 40b9 | 8408 5bd2 | 6374 40f9 | 9f00 03eb | 6001 0054 | 6a14 40b9 
  0x000000013a573ecc: 8868 6af8 | 7f00 08eb | e000 0054 | 5f81 00f1 | 2106 0054 | e40f bfa9 

  0x000000013a573ee4: ;   {runtime_call slow_subtype_check Runtime1 stub}
  0x000000013a573ee4: 47cf 4295 | e313 c1a8 | a305 0034 

  0x000000013a573ef0: ;   {metadata(method data for {method} {0x0000000153d57718} 'method_1523' '(Z)V' in 'net/minecraft/class_310')}
  0x000000013a573ef0: 04cb 84d2 | 445e a6f2 | 6400 c0f2 | 0308 40b9 | 6308 5bd2 | 8904 4091 | 2901 1691 | 2801 40f9 
  0x000000013a573f10: 7f00 08eb | a100 0054 | 88c4 4af9 | 0805 0091 | 88c4 0af9 | 2800 0014 | 8904 4091 | 2941 1691 
  0x000000013a573f30: 2801 40f9 | 7f00 08eb | a100 0054 | 88cc 4af9 | 0805 0091 | 88cc 0af9 | 1f00 0014 | 8904 4091 
  0x000000013a573f50: 2901 1691 | 2801 40f9 | e800 00b5 | 2301 00f9 | e803 40b2 | 8904 4091 | 2921 1691 | 2801 00f9 
  0x000000013a573f70: 1500 0014 | 8904 4091 | 2941 1691 | 2801 40f9 | e800 00b5 | 2301 00f9 | e803 40b2 | 8904 4091 
  0x000000013a573f90: 2961 1691 | 2801 00f9 | 0b00 0014 | 0a00 0014 

  0x000000013a573fa0: ;   {metadata(method data for {method} {0x0000000153d57718} 'method_1523' '(Z)V' in 'net/minecraft/class_310')}
  0x000000013a573fa0: 04cb 84d2 | 445e a6f2 | 6400 c0f2 | 8904 4091 | 29c1 1591 | 2801 40f9 | 0805 00d1 | 2801 00f9 
  0x000000013a573fc0: 540c 0014 | c340 0091 | 84e3 4039 | 9f00 0071 | 418a 0154 | 08fc 43d3 | 6800 00b9 | 6400 00ca 
  0x000000013a573fe0: 84fc 55d3 | 9f00 00f1 | 418a 0154 | bf10 0471 

  0x000000013a573ff0: ;   {metadata(method data for {method} {0x0000000153d57718} 'method_1523' '(Z)V' in 'net/minecraft/class_310')}
  0x000000013a573ff0: 03cb 84d2 | 435e a6f2 | 6300 c0f2 | 08b5 82d2 | 09b7 82d2 | 0011 899a | 6468 60f8 | 8404 0091 
  0x000000013a574010: 6468 20f8 | 6101 0054 

  0x000000013a574018: ;   {metadata(method data for {method} {0x0000000153d57718} 'method_1523' '(Z)V' in 'net/minecraft/class_310')}
  0x000000013a574018: 03cb 84d2 | 435e a6f2 | 6300 c0f2 | 60e4 4af9 | 0004 0091 | 60e4 0af9 

  0x000000013a574030: ;   {oop("inf"{0x0000000724e89408})}
  0x000000013a574030: 0781 92d2 | 079d a4f2 | e700 c0f2 | 7200 0014 

  0x000000013a574040: ;   {metadata(method data for {method} {0x0000000153d57718} 'method_1523' '(Z)V' in 'net/minecraft/class_310')}
  0x000000013a574040: 03cb 84d2 | 435e a6f2 | 6300 c0f2 | 68f0 4af9 | 0805 0091 | 68f0 0af9 

  0x000000013a574058: ;   {metadata(method data for {method} {0x000000e000046150} 'valueOf' '(I)Ljava/lang/Integer;' in 'java/lang/Integer')}
  0x000000013a574058: 0314 9ed2 | 6302 aaf2 | 2300 c0f2 | 60ac 40b9 | 0008 0011 | 60ac 00b9 | 004c 1f12 | 1f00 0071 
  0x000000013a574078: 4086 0154 | bf00 0231 

  0x000000013a574080: ;   {metadata(method data for {method} {0x000000e000046150} 'valueOf' '(I)Ljava/lang/Integer;' in 'java/lang/Integer')}
  0x000000013a574080: 0314 9ed2 | 6302 aaf2 | 2300 c0f2 | e80f 7cb2 | e903 78b2 | 00b1 899a | 6468 60f8 | 8404 0091 
  0x000000013a5740a0: 6468 20f8 | 8b01 0054 | bffc 0171 

  0x000000013a5740ac: ;   {metadata(method data for {method} {0x000000e000046150} 'valueOf' '(I)Ljava/lang/Integer;' in 'java/lang/Integer')}
  0x000000013a5740ac: 0314 9ed2 | 6302 aaf2 | 2300 c0f2 | 0824 80d2 | 0922 80d2 | 00d1 899a | 6468 60f8 | 8404 0091 
  0x000000013a5740cc: 6468 20f8 | 6d08 0054 

  0x000000013a5740d4: ;   {metadata('java/lang/Integer')}
  0x000000013a5740d4: 0309 89d2 | 8300 a0f2 | 031c c0f2 | 8087 40f9 | 0b40 0091 | 888f 40f9 | 7f01 08eb | 8883 0154 
  0x000000013a5740f4: 8b87 00f9 | ea03 40b2 | 0a00 00f9 | 6a08 5bd2 | 0a7c 0129 | bf3a 03d5 | e303 00aa 

  0x000000013a574110: ;   {metadata(method data for {method} {0x000000e000046150} 'valueOf' '(I)Ljava/lang/Integer;' in 'java/lang/Integer')}
  0x000000013a574110: 0414 9ed2 | 6402 aaf2 | 2400 c0f2 | 8898 40f9 | 0805 0091 | 8898 00f9 

  0x000000013a574128: ;   {metadata(method data for {method} {0x000000e000045b50} '<init>' '(I)V' in 'java/lang/Integer')}
  0x000000013a574128: 0342 9ed2 | 6302 aaf2 | 2300 c0f2 | 64ac 40b9 | 8408 0011 | 64ac 00b9 | 844c 1f12 | 9f00 0071 
  0x000000013a574148: 0081 0154 | e303 00aa 

  0x000000013a574150: ;   {metadata(method data for {method} {0x000000e000045b50} '<init>' '(I)V' in 'java/lang/Integer')}
  0x000000013a574150: 0442 9ed2 | 6402 aaf2 | 2400 c0f2 | 8878 40f9 | 0805 0091 | 8878 00f9 

  0x000000013a574168: ;   {metadata(method data for {method} {0x000000e0004022c8} '<init>' '()V' in 'java/lang/Number')}
  0x000000013a574168: 0369 9ed2 | 6302 aaf2 | 2300 c0f2 | 64ac 40b9 | 8408 0011 | 64ac 00b9 | 844c 1f12 | 9f00 0071 
  0x000000013a574188: 0080 0154 | e303 00aa 

  0x000000013a574190: ;   {metadata(method data for {method} {0x000000e0004022c8} '<init>' '()V' in 'java/lang/Number')}
  0x000000013a574190: 0469 9ed2 | 6402 aaf2 | 2400 c0f2 | 8878 40f9 | 0805 0091 | 8878 00f9 

  0x000000013a5741a8: ;   {metadata(method data for {method} {0x000000e000467488} '<init>' '()V' in 'java/lang/Object')}
  0x000000013a5741a8: 035d 96d2 | 0300 aaf2 | 2300 c0f2 | 64ac 40b9 | 8408 0011 | 64ac 00b9 | 844c 1f12 | 9f00 0071 
  0x000000013a5741c8: 007f 0154 | 050c 00b9 | bf3a 03d5 | e703 00aa | 0b00 0014 | a300 0211 

  0x000000013a5741e0: ;   {oop(a 'java/lang/Integer'[256] {0x00000007ffe67f40})}
  0x000000013a5741e0: 00e8 8fd2 | c0fc bff2 | e000 c0f2 | 637c 4093 | 63f4 7ed3 | 6340 0091 

  0x000000013a5741f8: ; implicit exception: dispatches to 0x000000013a5771c8
  0x000000013a5741f8: 0368 63b8 | 63f0 7dd3 | e703 03aa | 2701 00b5 

  0x000000013a574208: ;   {metadata(method data for {method} {0x0000000153d57718} 'method_1523' '(Z)V' in 'net/minecraft/class_310')}
  0x000000013a574208: 00cb 84d2 | 405e a6f2 | 6000 c0f2 | 0904 4091 | 28a5 5739 | 0801 40b2 | 28a5 1739 | 4700 0014 
  0x000000013a574228: ; implicit exception: dispatches to 0x000000013a5771cc
  0x000000013a574228: c308 40b9 | 6308 5bd2 | e008 40b9 | 0008 5bd2 | 6374 40f9 | 1f00 03eb | 6001 0054 | 6414 40b9 
  0x000000013a574248: 0868 64f8 | 7f00 08eb | e000 0054 | 9f80 00f1 | 2106 0054 | e00f bfa9 

  0x000000013a574260: ;   {runtime_call slow_subtype_check Runtime1 stub}
  0x000000013a574260: 68ce 4295 | e303 c1a8 | a305 0034 

  0x000000013a57426c: ;   {metadata(method data for {method} {0x0000000153d57718} 'method_1523' '(Z)V' in 'net/minecraft/class_310')}
  0x000000013a57426c: 00cb 84d2 | 405e a6f2 | 6000 c0f2 | e308 40b9 | 6308 5bd2 | 0904 4091 | 2901 1891 | 2801 40f9 
  0x000000013a57428c: 7f00 08eb | a100 0054 | 0804 4bf9 | 0805 0091 | 0804 0bf9 | 2800 0014 | 0904 4091 | 2941 1891 
  0x000000013a5742ac: 2801 40f9 | 7f00 08eb | a100 0054 | 080c 4bf9 | 0805 0091 | 080c 0bf9 | 1f00 0014 | 0904 4091 
  0x000000013a5742cc: 2901 1891 | 2801 40f9 | e800 00b5 | 2301 00f9 | e803 40b2 | 0904 4091 | 2921 1891 | 2801 00f9 
  0x000000013a5742ec: 1500 0014 | 0904 4091 | 2941 1891 | 2801 40f9 | e800 00b5 | 2301 00f9 | e803 40b2 | 0904 4091 
  0x000000013a57430c: 2961 1891 | 2801 00f9 | 0b00 0014 | 0a00 0014 

  0x000000013a57431c: ;   {metadata(method data for {method} {0x0000000153d57718} 'method_1523' '(Z)V' in 'net/minecraft/class_310')}
  0x000000013a57431c: 00cb 84d2 | 405e a6f2 | 6000 c0f2 | 0904 4091 | 29c1 1791 | 2801 40f9 | 0805 00d1 | 2801 00f9 
  0x000000013a57433c: a50b 0014 | c350 0091 | 80e3 4039 | 1f00 0071 | 6174 0154 | e8fc 43d3 | 6800 00b9 | 6000 07ca 
  0x000000013a57435c: 00fc 55d3 | 1f00 00f1 | 6174 0154 | 23c0 40b9 | 63f0 7dd3 

  0x000000013a574370: ; implicit exception: dispatches to 0x000000013a577200
  0x000000013a574370: 7f00 40f9 | e003 03aa 

  0x000000013a574378: ;   {metadata(method data for {method} {0x0000000153d57718} 'method_1523' '(Z)V' in 'net/minecraft/class_310')}
  0x000000013a574378: 04cb 84d2 | 445e a6f2 | 6400 c0f2 | 8820 4bf9 | 0805 0091 | 8820 0bf9 | 60cc 40b9 | 00f0 7dd3 
  0x000000013a574398: ; implicit exception: dispatches to 0x000000013a577204
  0x000000013a574398: 1f00 40f9 | e403 00aa 

  0x000000013a5743a0: ;   {metadata(method data for {method} {0x0000000153d57718} 'method_1523' '(Z)V' in 'net/minecraft/class_310')}
  0x000000013a5743a0: 0acb 84d2 | 4a5e a6f2 | 6a00 c0f2 | 8408 40b9 | 8408 5bd2 | 4905 4091 | 29c1 1991 | 2801 40f9 
  0x000000013a5743c0: 9f00 08eb | a100 0054 | 483d 4bf9 | 0805 0091 | 483d 0bf9 | 2100 0014 | 4905 4091 | 2901 1a91 
  0x000000013a5743e0: 2801 40f9 | 9f00 08eb | a100 0054 | 4845 4bf9 | 0805 0091 | 4845 0bf9 | 1800 0014 | 4905 4091 
  0x000000013a574400: 29c1 1991 | 2801 40f9 | e800 00b5 | 2401 00f9 | e803 40b2 | 4905 4091 | 29e1 1991 | 2801 00f9 
  0x000000013a574420: 0e00 0014 | 4905 4091 | 2901 1a91 | 2801 40f9 | e800 00b5 | 2401 00f9 | e803 40b2 | 4905 4091 
  0x000000013a574440: 2921 1a91 | 2801 00f9 | 0400 0014 | 4831 4bf9 | 0805 0091 | 4831 0bf9 | 0028 40b9 | 00f0 7dd3 
  0x000000013a574460: 2001 00b5 

  0x000000013a574464: ;   {metadata(method data for {method} {0x0000000153d57718} 'method_1523' '(Z)V' in 'net/minecraft/class_310')}
  0x000000013a574464: 0bcb 84d2 | 4b5e a6f2 | 6b00 c0f2 | 6905 4091 | 2845 5a39 | 0801 40b2 | 2845 1a39 | 3d00 0014 
  0x000000013a574484: ;   {metadata('java/lang/Boolean')}
  0x000000013a574484: 0a86 83d2 | 6a00 a0f2 | 0a1c c0f2 | 0808 40b9 | 0809 5bd2 | 1f01 0aeb | a105 0054 

  0x000000013a5744a0: ;   {metadata(method data for {method} {0x0000000153d57718} 'method_1523' '(Z)V' in 'net/minecraft/class_310')}
  0x000000013a5744a0: 0bcb 84d2 | 4b5e a6f2 | 6b00 c0f2 | 0a08 40b9 | 4a09 5bd2 | 6905 4091 | 29a1 1a91 | 2801 40f9 
  0x000000013a5744c0: 5f01 08eb | a100 0054 | 6859 4bf9 | 0805 0091 | 6859 0bf9 | 2800 0014 | 6905 4091 | 29e1 1a91 
  0x000000013a5744e0: 2801 40f9 | 5f01 08eb | a100 0054 | 6861 4bf9 | 0805 0091 | 6861 0bf9 | 1f00 0014 | 6905 4091 
  0x000000013a574500: 29a1 1a91 | 2801 40f9 | e800 00b5 | 2a01 00f9 | e803 40b2 | 6905 4091 | 29c1 1a91 | 2801 00f9 
  0x000000013a574520: 1500 0014 | 6905 4091 | 29e1 1a91 | 2801 40f9 | e800 00b5 | 2a01 00f9 | e803 40b2 | 6905 4091 
  0x000000013a574540: 2901 1b91 | 2801 00f9 | 0b00 0014 | 0a00 0014 

  0x000000013a574550: ;   {metadata(method data for {method} {0x0000000153d57718} 'method_1523' '(Z)V' in 'net/minecraft/class_310')}
  0x000000013a574550: 0bcb 84d2 | 4b5e a6f2 | 6b00 c0f2 | 6905 4091 | 284d 43f9 | 0805 00d1 | 284d 03f9 | 270b 0014 
  0x000000013a574570: 0100 0014 

  0x000000013a574574: ; implicit exception: dispatches to 0x000000013a577210
  0x000000013a574574: 1f00 40f9 | e403 00aa 

  0x000000013a57457c: ;   {metadata(method data for {method} {0x0000000153d57718} 'method_1523' '(Z)V' in 'net/minecraft/class_310')}
  0x000000013a57457c: 0acb 84d2 | 4a5e a6f2 | 6a00 c0f2 | 4869 4bf9 | 0805 0091 | 4869 0bf9 | 0030 4039 | 0000 0012 
  0x000000013a57459c: 1f00 0071 

  0x000000013a5745a0: ;   {metadata(method data for {method} {0x0000000153d57718} 'method_1523' '(Z)V' in 'net/minecraft/class_310')}
  0x000000013a5745a0: 00cb 84d2 | 405e a6f2 | 6000 c0f2 | 08e1 82d2 | 09e3 82d2 | 0401 899a | 0a68 64f8 | 4a05 0091 
  0x000000013a5745c0: 0a68 24f8 | 6001 0054 

  0x000000013a5745c8: ;   {metadata(method data for {method} {0x0000000153d57718} 'method_1523' '(Z)V' in 'net/minecraft/class_310')}
  0x000000013a5745c8: 00cb 84d2 | 405e a6f2 | 6000 c0f2 | 0494 4bf9 | 8404 0091 | 0494 0bf9 

  0x000000013a5745e0: ;   {oop(" vsync"{0x0000000724e893d8})}
  0x000000013a5745e0: 007b 92d2 | 009d a4f2 | e000 c0f2 | 0400 0014 

  0x000000013a5745f0: ;   {oop(""{0x00000007ffe00010})}
  0x000000013a5745f0: 0002 80d2 | 00fc bff2 | e000 c0f2 | 2001 00b5 

  0x000000013a574600: ;   {metadata(method data for {method} {0x0000000153d57718} 'method_1523' '(Z)V' in 'net/minecraft/class_310')}
  0x000000013a574600: 0acb 84d2 | 4a5e a6f2 | 6a00 c0f2 | 4905 4091 | 28e5 5c39 | 0801 40b2 | 28e5 1c39 | 4700 0014 
  0x000000013a574620: ; implicit exception: dispatches to 0x000000013a577214
  0x000000013a574620: c408 40b9 | 8408 5bd2 | 0a08 40b9 | 4a09 5bd2 | 8474 40f9 | 5f01 04eb | 6001 0054 | 8b14 40b9 
  0x000000013a574640: 4869 6bf8 | 9f00 08eb | e000 0054 | 7f81 00f1 | 2106 0054 | ea13 bfa9 

  0x000000013a574658: ;   {runtime_call slow_subtype_check Runtime1 stub}
  0x000000013a574658: 6acd 4295 | e42b c1a8 | a405 0034 

  0x000000013a574664: ;   {metadata(method data for {method} {0x0000000153d57718} 'method_1523' '(Z)V' in 'net/minecraft/class_310')}
  0x000000013a574664: 0acb 84d2 | 4a5e a6f2 | 6a00 c0f2 | 0408 40b9 | 8408 5bd2 | 4905 4091 | 2941 1d91 | 2801 40f9 
  0x000000013a574684: 9f00 08eb | a100 0054 | 48ad 4bf9 | 0805 0091 | 48ad 0bf9 | 2800 0014 | 4905 4091 | 2981 1d91 
  0x000000013a5746a4: 2801 40f9 | 9f00 08eb | a100 0054 | 48b5 4bf9 | 0805 0091 | 48b5 0bf9 | 1f00 0014 | 4905 4091 
  0x000000013a5746c4: 2941 1d91 | 2801 40f9 | e800 00b5 | 2401 00f9 | e803 40b2 | 4905 4091 | 2961 1d91 | 2801 00f9 
  0x000000013a5746e4: 1500 0014 | 4905 4091 | 2981 1d91 | 2801 40f9 | e800 00b5 | 2401 00f9 | e803 40b2 | 4905 4091 
  0x000000013a574704: 29a1 1d91 | 2801 00f9 | 0b00 0014 | 0a00 0014 

  0x000000013a574714: ;   {metadata(method data for {method} {0x0000000153d57718} 'method_1523' '(Z)V' in 'net/minecraft/class_310')}
  0x000000013a574714: 0acb 84d2 | 4a5e a6f2 | 6a00 c0f2 | 4905 4091 | 2901 1d91 | 2801 40f9 | 0805 00d1 | 2801 00f9 
  0x000000013a574734: b90a 0014 | c460 0091 | 8ae3 4039 | 5f01 0071 | e156 0154 | 08fc 43d3 | 8800 00b9 | 8a00 00ca 
  0x000000013a574754: 4afd 55d3 | 5f01 00f1 | e156 0154 | e003 03aa 

  0x000000013a574764: ;   {metadata(method data for {method} {0x0000000153d57718} 'method_1523' '(Z)V' in 'net/minecraft/class_310')}
  0x000000013a574764: 04cb 84d2 | 445e a6f2 | 6400 c0f2 | 88c8 4bf9 | 0805 0091 | 88c8 0bf9 | 604c 40b9 | 00f0 7dd3 
  0x000000013a574784: ; implicit exception: dispatches to 0x000000013a577248
  0x000000013a574784: 1f00 40f9 | e403 00aa 

  0x000000013a57478c: ;   {metadata(method data for {method} {0x0000000153d57718} 'method_1523' '(Z)V' in 'net/minecraft/class_310')}
  0x000000013a57478c: 0acb 84d2 | 4a5e a6f2 | 6a00 c0f2 | 8408 40b9 | 8408 5bd2 | 4905 4091 | 2901 1f91 | 2801 40f9 
  0x000000013a5747ac: 9f00 08eb | a100 0054 | 48e5 4bf9 | 0805 0091 | 48e5 0bf9 | 2100 0014 | 4905 4091 | 2941 1f91 
  0x000000013a5747cc: 2801 40f9 | 9f00 08eb | a100 0054 | 48ed 4bf9 | 0805 0091 | 48ed 0bf9 | 1800 0014 | 4905 4091 
  0x000000013a5747ec: 2901 1f91 | 2801 40f9 | e800 00b5 | 2401 00f9 | e803 40b2 | 4905 4091 | 2921 1f91 | 2801 00f9 
  0x000000013a57480c: 0e00 0014 | 4905 4091 | 2941 1f91 | 2801 40f9 | e800 00b5 | 2401 00f9 | e803 40b2 | 4905 4091 
  0x000000013a57482c: 2961 1f91 | 2801 00f9 | 0400 0014 | 48d9 4bf9 | 0805 0091 | 48d9 0bf9 | 0028 40b9 | 00f0 7dd3 
  0x000000013a57484c: 2001 00b5 

  0x000000013a574850: ;   {metadata(method data for {method} {0x0000000153d57718} 'method_1523' '(Z)V' in 'net/minecraft/class_310')}
  0x000000013a574850: 0acb 84d2 | 4a5e a6f2 | 6a00 c0f2 | 4905 4091 | 2885 5f39 | 0801 40b2 | 2885 1f39 | 4700 0014 
  0x000000013a574870: ; implicit exception: dispatches to 0x000000013a57724c
  0x000000013a574870: c408 40b9 | 8408 5bd2 | 0a08 40b9 | 4a09 5bd2 | 8474 40f9 | 5f01 04eb | 6001 0054 | 8b14 40b9 
  0x000000013a574890: 4869 6bf8 | 9f00 08eb | e000 0054 | 7f81 00f1 | 2106 0054 | ea13 bfa9 

  0x000000013a5748a8: ;   {runtime_call slow_subtype_check Runtime1 stub}
  0x000000013a5748a8: d6cc 4295 | e42b c1a8 | a405 0034 

  0x000000013a5748b4: ;   {metadata(method data for {method} {0x0000000153d57718} 'method_1523' '(Z)V' in 'net/minecraft/class_310')}
  0x000000013a5748b4: 0acb 84d2 | 4a5e a6f2 | 6a00 c0f2 | 0408 40b9 | 8408 5bd2 | 4905 4091 | 29e1 1f91 | 2801 40f9 
  0x000000013a5748d4: 9f00 08eb | a100 0054 | 4801 4cf9 | 0805 0091 | 4801 0cf9 | 2800 0014 | 4905 4091 | 2921 2091 
  0x000000013a5748f4: 2801 40f9 | 9f00 08eb | a100 0054 | 4809 4cf9 | 0805 0091 | 4809 0cf9 | 1f00 0014 | 4905 4091 
  0x000000013a574914: 29e1 1f91 | 2801 40f9 | e800 00b5 | 2401 00f9 | e803 40b2 | 4905 4091 | 2901 2091 | 2801 00f9 
  0x000000013a574934: 1500 0014 | 4905 4091 | 2921 2091 | 2801 40f9 | e800 00b5 | 2401 00f9 | e803 40b2 | 4905 4091 
  0x000000013a574954: 2941 2091 | 2801 00f9 | 0b00 0014 | 0a00 0014 

  0x000000013a574964: ;   {metadata(method data for {method} {0x0000000153d57718} 'method_1523' '(Z)V' in 'net/minecraft/class_310')}
  0x000000013a574964: 0acb 84d2 | 4a5e a6f2 | 6a00 c0f2 | 4905 4091 | 29a1 1f91 | 2801 40f9 | 0805 00d1 | 2801 00f9 
  0x000000013a574984: 330a 0014 | c470 0091 | 8ae3 4039 | 5f01 0071 | 2146 0154 | 08fc 43d3 | 8800 00b9 | 8a00 00ca 
  0x000000013a5749a4: 4afd 55d3 | 5f01 00f1 | 2146 0154 | e003 03aa 

  0x000000013a5749b4: ;   {metadata(method data for {method} {0x0000000153d57718} 'method_1523' '(Z)V' in 'net/minecraft/class_310')}
  0x000000013a5749b4: 04cb 84d2 | 445e a6f2 | 6400 c0f2 | 881c 4cf9 | 0805 0091 | 881c 0cf9 | 6048 40b9 | 00f0 7dd3 
  0x000000013a5749d4: ; implicit exception: dispatches to 0x000000013a577280
  0x000000013a5749d4: 1f00 40f9 | e403 00aa 

  0x000000013a5749dc: ;   {metadata(method data for {method} {0x0000000153d57718} 'method_1523' '(Z)V' in 'net/minecraft/class_310')}
  0x000000013a5749dc: 0acb 84d2 | 4a5e a6f2 | 6a00 c0f2 | 8408 40b9 | 8408 5bd2 | 4905 4091 | 29a1 2191 | 2801 40f9 
  0x000000013a5749fc: 9f00 08eb | a100 0054 | 4839 4cf9 | 0805 0091 | 4839 0cf9 | 2100 0014 | 4905 4091 | 29e1 2191 
  0x000000013a574a1c: 2801 40f9 | 9f00 08eb | a100 0054 | 4841 4cf9 | 0805 0091 | 4841 0cf9 | 1800 0014 | 4905 4091 
  0x000000013a574a3c: 29a1 2191 | 2801 40f9 | e800 00b5 | 2401 00f9 | e803 40b2 | 4905 4091 | 29c1 2191 | 2801 00f9 
  0x000000013a574a5c: 0e00 0014 | 4905 4091 | 29e1 2191 | 2801 40f9 | e800 00b5 | 2401 00f9 | e803 40b2 | 4905 4091 
  0x000000013a574a7c: 2901 2291 | 2801 00f9 | 0400 0014 | 482d 4cf9 | 0805 0091 | 482d 0cf9 | 0428 40b9 | 84f0 7dd3 
  0x000000013a574a9c: ;   {oop(a 'net/minecraft/class_4063'{0x000000071b707698})}
  0x000000013a574a9c: 0ad3 8ed2 | 0a6e a3f2 | ea00 c0f2 | 9f00 0aeb 

  0x000000013a574aac: ;   {metadata(method data for {method} {0x0000000153d57718} 'method_1523' '(Z)V' in 'net/minecraft/class_310')}
  0x000000013a574aac: 0acb 84d2 | 4a5e a6f2 | 6a00 c0f2 | 0812 83d2 | 0914 83d2 | 0b11 899a | 4769 6bf8 | e704 0091 
  0x000000013a574acc: 4769 2bf8 | 6101 0054 

  0x000000013a574ad4: ;   {metadata(method data for {method} {0x0000000153d57718} 'method_1523' '(Z)V' in 'net/minecraft/class_310')}
  0x000000013a574ad4: 00cb 84d2 | 405e a6f2 | 6000 c0f2 | 0458 4cf9 | 8404 0091 | 0458 0cf9 

  0x000000013a574aec: ;   {oop(""{0x00000007ffe00010})}
  0x000000013a574aec: 0002 80d2 | 00fc bff2 | e000 c0f2 | 5700 0014 | ea03 03aa 

  0x000000013a574b00: ;   {metadata(method data for {method} {0x0000000153d57718} 'method_1523' '(Z)V' in 'net/minecraft/class_310')}
  0x000000013a574b00: 0bcb 84d2 | 4b5e a6f2 | 6b00 c0f2 

  0x000000013a574b0c: ;   {metadata('net/minecraft/class_315')}
  0x000000013a574b0c: 08c1 97d2 | 2875 a0f2 | 081c c0f2 | 6905 4091 | 2961 2391 | 2801 00f9 | 6871 4cf9 | 0805 0091 
  0x000000013a574b2c: 6871 0cf9 

  0x000000013a574b30: ;   {metadata(method data for {method} {0x0000000153d57718} 'method_1523' '(Z)V' in 'net/minecraft/class_310')}
  0x000000013a574b30: 0acb 84d2 | 4a5e a6f2 | 6a00 c0f2 | 0008 40b9 | 0008 5bd2 | 4905 4091 | 2941 2491 | 2801 40f9 
  0x000000013a574b50: 1f00 08eb | a100 0054 | 488d 4cf9 | 0805 0091 | 488d 0cf9 | 2100 0014 | 4905 4091 | 2981 2491 
  0x000000013a574b70: 2801 40f9 | 1f00 08eb | a100 0054 | 4895 4cf9 | 0805 0091 | 4895 0cf9 | 1800 0014 | 4905 4091 
  0x000000013a574b90: 2941 2491 | 2801 40f9 | e800 00b5 | 2001 00f9 | e803 40b2 | 4905 4091 | 2961 2491 | 2801 00f9 
  0x000000013a574bb0: 0e00 0014 | 4905 4091 | 2981 2491 | 2801 40f9 | e800 00b5 | 2001 00f9 | e803 40b2 | 4905 4091 
  0x000000013a574bd0: 29a1 2491 | 2801 00f9 | 0400 0014 | 4881 4cf9 | 0805 0091 | 4881 0cf9 

  0x000000013a574be8: ;   {oop(a 'net/minecraft/class_4063'{0x000000071b707638})}
  0x000000013a574be8: 00c7 8ed2 | 006e a3f2 | e000 c0f2 | 9f00 00eb 

  0x000000013a574bf8: ;   {metadata(method data for {method} {0x0000000153d57718} 'method_1523' '(Z)V' in 'net/minecraft/class_310')}
  0x000000013a574bf8: 00cb 84d2 | 405e a6f2 | 6000 c0f2 | 0827 83d2 | 0929 83d2 | 0411 899a | 0a68 64f8 | 4a05 0091 
  0x000000013a574c18: 0a68 24f8 | 6101 0054 

  0x000000013a574c20: ;   {metadata(method data for {method} {0x0000000153d57718} 'method_1523' '(Z)V' in 'net/minecraft/class_310')}
  0x000000013a574c20: 00cb 84d2 | 405e a6f2 | 6000 c0f2 | 04ac 4cf9 | 8404 0091 | 04ac 0cf9 

  0x000000013a574c38: ;   {oop(" fast-clouds"{0x0000000724e893a0})}
  0x000000013a574c38: 0074 92d2 | 009d a4f2 | e000 c0f2 | 0400 0014 

  0x000000013a574c48: ;   {oop(" fancy-clouds"{0x0000000724e89368})}
  0x000000013a574c48: 006d 92d2 | 009d a4f2 | e000 c0f2 | e547 01b9 | 2001 00b5 

  0x000000013a574c5c: ;   {metadata(method data for {method} {0x0000000153d57718} 'method_1523' '(Z)V' in 'net/minecraft/class_310')}
  0x000000013a574c5c: 0acb 84d2 | 4a5e a6f2 | 6a00 c0f2 | 4905 4091 | 28a5 6539 | 0801 40b2 | 28a5 2539 | 4700 0014 
  0x000000013a574c7c: ; implicit exception: dispatches to 0x000000013a577284
  0x000000013a574c7c: c408 40b9 | 8408 5bd2 | 0a08 40b9 | 4a09 5bd2 | 8474 40f9 | 5f01 04eb | 6001 0054 | 8b14 40b9 
  0x000000013a574c9c: 4869 6bf8 | 9f00 08eb | e000 0054 | 7f81 00f1 | 2106 0054 | ea13 bfa9 

  0x000000013a574cb4: ;   {runtime_call slow_subtype_check Runtime1 stub}
  0x000000013a574cb4: d3cb 4295 | e42b c1a8 | a405 0034 

  0x000000013a574cc0: ;   {metadata(method data for {method} {0x0000000153d57718} 'method_1523' '(Z)V' in 'net/minecraft/class_310')}
  0x000000013a574cc0: 0acb 84d2 | 4a5e a6f2 | 6a00 c0f2 | 0408 40b9 | 8408 5bd2 | 4905 4091 | 2901 2691 | 2801 40f9 
  0x000000013a574ce0: 9f00 08eb | a100 0054 | 48c5 4cf9 | 0805 0091 | 48c5 0cf9 | 2800 0014 | 4905 4091 | 2941 2691 
  0x000000013a574d00: 2801 40f9 | 9f00 08eb | a100 0054 | 48cd 4cf9 | 0805 0091 | 48cd 0cf9 | 1f00 0014 | 4905 4091 
  0x000000013a574d20: 2901 2691 | 2801 40f9 | e800 00b5 | 2401 00f9 | e803 40b2 | 4905 4091 | 2921 2691 | 2801 00f9 
  0x000000013a574d40: 1500 0014 | 4905 4091 | 2941 2691 | 2801 40f9 | e800 00b5 | 2401 00f9 | e803 40b2 | 4905 4091 
  0x000000013a574d60: 2961 2691 | 2801 00f9 | 0b00 0014 | 0a00 0014 

  0x000000013a574d70: ;   {metadata(method data for {method} {0x0000000153d57718} 'method_1523' '(Z)V' in 'net/minecraft/class_310')}
  0x000000013a574d70: 0acb 84d2 | 4a5e a6f2 | 6a00 c0f2 | 4905 4091 | 29c1 2591 | 2801 40f9 | 0805 00d1 | 2801 00f9 
  0x000000013a574d90: 3e09 0014 | c480 0091 | 8ae3 4039 | 5f01 0071 | 8127 0154 | 08fc 43d3 | 8800 00b9 | 8a00 00ca 
  0x000000013a574db0: 4afd 55d3 | 5f01 00f1 | 8127 0154 | e003 03aa 

  0x000000013a574dc0: ;   {metadata(method data for {method} {0x0000000153d57718} 'method_1523' '(Z)V' in 'net/minecraft/class_310')}
  0x000000013a574dc0: 04cb 84d2 | 445e a6f2 | 6400 c0f2 | 88e0 4cf9 | 0805 0091 | 88e0 0cf9 | 63a8 40b9 | 63f0 7dd3 
  0x000000013a574de0: ; implicit exception: dispatches to 0x000000013a5772b8
  0x000000013a574de0: 7f00 40f9 | e003 03aa 

  0x000000013a574de8: ;   {metadata(method data for {method} {0x0000000153d57718} 'method_1523' '(Z)V' in 'net/minecraft/class_310')}
  0x000000013a574de8: 04cb 84d2 | 445e a6f2 | 6400 c0f2 | 0008 40b9 | 0008 5bd2 | 8904 4091 | 29c1 2791 | 2801 40f9 
  0x000000013a574e08: 1f00 08eb | a100 0054 | 88fc 4cf9 | 0805 0091 | 88fc 0cf9 | 2100 0014 | 8904 4091 | 2901 2891 
  0x000000013a574e28: 2801 40f9 | 1f00 08eb | a100 0054 | 8804 4df9 | 0805 0091 | 8804 0df9 | 1800 0014 | 8904 4091 
  0x000000013a574e48: 29c1 2791 | 2801 40f9 | e800 00b5 | 2001 00f9 | e803 40b2 | 8904 4091 | 29e1 2791 | 2801 00f9 
  0x000000013a574e68: 0e00 0014 | 8904 4091 | 2901 2891 | 2801 40f9 | e800 00b5 | 2001 00f9 | e803 40b2 | 8904 4091 
  0x000000013a574e88: 2921 2891 | 2801 00f9 | 0400 0014 | 88f0 4cf9 | 0805 0091 | 88f0 0cf9 | 6328 40b9 | 63f0 7dd3 
  0x000000013a574ea8: 2301 00b5 

  0x000000013a574eac: ;   {metadata(method data for {method} {0x0000000153d57718} 'method_1523' '(Z)V' in 'net/minecraft/class_310')}
  0x000000013a574eac: 04cb 84d2 | 445e a6f2 | 6400 c0f2 | 8904 4091 | 2845 6839 | 0801 40b2 | 2845 2839 | 4700 0014 
  0x000000013a574ecc: ; implicit exception: dispatches to 0x000000013a5772bc
  0x000000013a574ecc: c008 40b9 | 0008 5bd2 | 6408 40b9 | 8408 5bd2 | 0074 40f9 | 9f00 00eb | 6001 0054 | 0a14 40b9 
  0x000000013a574eec: 8868 6af8 | 1f00 08eb | e000 0054 | 5f81 00f1 | 2106 0054 | e403 bfa9 

  0x000000013a574f04: ;   {runtime_call slow_subtype_check Runtime1 stub}
  0x000000013a574f04: 3fcb 4295 | e013 c1a8 | a005 0034 

  0x000000013a574f10: ;   {metadata(method data for {method} {0x0000000153d57718} 'method_1523' '(Z)V' in 'net/minecraft/class_310')}
  0x000000013a574f10: 04cb 84d2 | 445e a6f2 | 6400 c0f2 | 6008 40b9 | 0008 5bd2 | 8904 4091 | 29a1 2891 | 2801 40f9 
  0x000000013a574f30: 1f00 08eb | a100 0054 | 8818 4df9 | 0805 0091 | 8818 0df9 | 2800 0014 | 8904 4091 | 29e1 2891 
  0x000000013a574f50: 2801 40f9 | 1f00 08eb | a100 0054 | 8820 4df9 | 0805 0091 | 8820 0df9 | 1f00 0014 | 8904 4091 
  0x000000013a574f70: 29a1 2891 | 2801 40f9 | e800 00b5 | 2001 00f9 | e803 40b2 | 8904 4091 | 29c1 2891 | 2801 00f9 
  0x000000013a574f90: 1500 0014 | 8904 4091 | 29e1 2891 | 2801 40f9 | e800 00b5 | 2001 00f9 | e803 40b2 | 8904 4091 
  0x000000013a574fb0: 2901 2991 | 2801 00f9 | 0b00 0014 | 0a00 0014 

  0x000000013a574fc0: ;   {metadata(method data for {method} {0x0000000153d57718} 'method_1523' '(Z)V' in 'net/minecraft/class_310')}
  0x000000013a574fc0: 04cb 84d2 | 445e a6f2 | 6400 c0f2 | 8904 4091 | 2961 2891 | 2801 40f9 | 0805 00d1 | 2801 00f9 
  0x000000013a574fe0: b808 0014 | c090 0091 | 84e3 4039 | 9f00 0071 | c116 0154 | 68fc 43d3 | 0800 00b9 | 0400 03ca 
  0x000000013a575000: 84fc 55d3 | 9f00 00f1 | c116 0154 | 2201 00b5 

  0x000000013a575010: ;   {metadata(method data for {method} {0x0000000153d57718} 'method_1523' '(Z)V' in 'net/minecraft/class_310')}
  0x000000013a575010: 00cb 84d2 | 405e a6f2 | 6000 c0f2 | 0904 4091 | 2825 6939 | 0801 40b2 | 2825 2939 | 4700 0014 
  0x000000013a575030: ; implicit exception: dispatches to 0x000000013a5772f0
  0x000000013a575030: c308 40b9 | 6308 5bd2 | 4008 40b9 | 0008 5bd2 | 6374 40f9 | 1f00 03eb | 6001 0054 | 6414 40b9 
  0x000000013a575050: 0868 64f8 | 7f00 08eb | e000 0054 | 9f80 00f1 | 2106 0054 | e00f bfa9 

  0x000000013a575068: ;   {runtime_call slow_subtype_check Runtime1 stub}
  0x000000013a575068: e6ca 4295 | e303 c1a8 | a305 0034 

  0x000000013a575074: ;   {metadata(method data for {method} {0x0000000153d57718} 'method_1523' '(Z)V' in 'net/minecraft/class_310')}
  0x000000013a575074: 00cb 84d2 | 405e a6f2 | 6000 c0f2 | 4308 40b9 | 6308 5bd2 | 0904 4091 | 2981 2991 | 2801 40f9 
  0x000000013a575094: 7f00 08eb | a100 0054 | 0834 4df9 | 0805 0091 | 0834 0df9 | 2800 0014 | 0904 4091 | 29c1 2991 
  0x000000013a5750b4: 2801 40f9 | 7f00 08eb | a100 0054 | 083c 4df9 | 0805 0091 | 083c 0df9 | 1f00 0014 | 0904 4091 
  0x000000013a5750d4: 2981 2991 | 2801 40f9 | e800 00b5 | 2301 00f9 | e803 40b2 | 0904 4091 | 29a1 2991 | 2801 00f9 
  0x000000013a5750f4: 1500 0014 | 0904 4091 | 29c1 2991 | 2801 40f9 | e800 00b5 | 2301 00f9 | e803 40b2 | 0904 4091 
  0x000000013a575114: 29e1 2991 | 2801 00f9 | 0b00 0014 | 0a00 0014 

  0x000000013a575124: ;   {metadata(method data for {method} {0x0000000153d57718} 'method_1523' '(Z)V' in 'net/minecraft/class_310')}
  0x000000013a575124: 00cb 84d2 | 405e a6f2 | 6000 c0f2 | 0904 4091 | 2941 2991 | 2801 40f9 | 0805 00d1 | 2801 00f9 
  0x000000013a575144: 6c08 0014 | c3a0 0091 | 80e3 4039 | 1f00 0071 | 410d 0154 | 48fc 43d3 | 6800 00b9 | 6000 02ca 
  0x000000013a575164: 00fc 55d3 | 1f00 00f1 | 410d 0154 

  0x000000013a575170: ;   {metadata(method data for {method} {0x0000000153d57718} 'method_1523' '(Z)V' in 'net/minecraft/class_310')}
  0x000000013a575170: 03cb 84d2 | 435e a6f2 | 6300 c0f2 | 6844 4df9 | 0805 0091 | 6844 0df9 

  0x000000013a575188: ;   {metadata(method data for {method} {0x000000e00044f188} 'format' '(Ljava/util/Locale;Ljava/lang/String;[Ljava/lang/Object;)Ljava/lang/String;' in 'java/lang/String')}
  0x000000013a575188: 03ed 8fd2 | c33e aaf2 | 2300 c0f2 | 60ac 40b9 | 0008 0011 | 60ac 00b9 | 004c 1f12 | 1f00 0071 
  0x000000013a5751a8: e00b 0154 

  0x000000013a5751ac: ;   {metadata('java/util/Formatter')}
  0x000000013a5751ac: 03a9 9ad2 | 0302 a0f2 | 031c c0f2 | 8087 40f9 | 0b80 0091 | 888f 40f9 | 7f01 08eb | e80b 0154 
  0x000000013a5751cc: 8b87 00f9 | ea03 40b2 | 0a00 00f9 | 6a08 5bd2 | 0a7c 0129 | 0a40 0091 | 5f7d 00a9 | bf3a 03d5 
  0x000000013a5751ec: e303 00aa 

  0x000000013a5751f0: ;   {metadata(method data for {method} {0x000000e00044f188} 'format' '(Ljava/util/Locale;Ljava/lang/String;[Ljava/lang/Object;)Ljava/lang/String;' in 'java/lang/String')}
  0x000000013a5751f0: 04ed 8fd2 | c43e aaf2 | 2400 c0f2 | 8878 40f9 | 0805 0091 | 8878 00f9 

  0x000000013a575208: ;   {metadata(method data for {method} {0x000000e000113db8} '<init>' '(Ljava/util/Locale;)V' in 'java/util/Formatter')}
  0x000000013a575208: 0325 90d2 | c33e aaf2 | 2300 c0f2 | 64ac 40b9 | 8408 0011 | 64ac 00b9 | 844c 1f12 | 9f00 0071 
  0x000000013a575228: 2009 0154 

  0x000000013a57522c: ;   {metadata('java/lang/StringBuilder')}
  0x000000013a57522c: 036c 9fd2 | 0300 a0f2 | 031c c0f2 | e0c7 00f9 | 8087 40f9 | 0b60 0091 | 888f 40f9 | 7f01 08eb 
  0x000000013a57524c: 0809 0154 | 8b87 00f9 | ea03 40b2 | 0a00 00f9 | 6a08 5bd2 | 0a7c 0129 | 0a40 0091 | 5f01 00f9 
  0x000000013a57526c: bf3a 03d5 | e203 00aa 

  0x000000013a575274: ;   {metadata(method data for {method} {0x000000e000113db8} '<init>' '(Ljava/util/Locale;)V' in 'java/util/Formatter')}
  0x000000013a575274: 0325 90d2 | c33e aaf2 | 2300 c0f2 | 6878 40f9 | 0805 0091 | 6878 00f9 

  0x000000013a57528c: ;   {metadata(method data for {method} {0x000000e000443970} '<init>' '()V' in 'java/lang/StringBuilder')}
  0x000000013a57528c: 02cf 8cd2 | 6200 aaf2 | 2200 c0f2 | 43ac 40b9 | 6308 0011 | 43ac 00b9 | 634c 1f12 | 7f00 0071 
  0x000000013a5752ac: 4006 0154 | e203 00aa 

  0x000000013a5752b4: ;   {metadata(method data for {method} {0x000000e000443970} '<init>' '()V' in 'java/lang/StringBuilder')}
  0x000000013a5752b4: 03cf 8cd2 | 6300 aaf2 | 2300 c0f2 | 6878 40f9 | 0805 0091 | 6878 00f9 | e203 1c32 | e103 00aa 
  0x000000013a5752d4: e01b 19a9 

  0x000000013a5752d8: ; ImmutableOopMap {[408]=Oop [216]=Oop [400]=Oop [392]=Oop }
                      ;*invokespecial <init> {reexecute=0 rethrow=0 return_oop=0}
                      ; - java.lang.StringBuilder::<init>@3
                      ; - java.util.Formatter::<init>@6
                      ; - java.lang.String::format@5
                      ; - net.minecraft.class_310::method_1523@1150 (line 1286)
                      ;   {optimized virtual_call}
  0x000000013a5752d8: fe88 5795 | e0c7 40f9 

  0x000000013a5752e0: ;   {metadata(method data for {method} {0x000000e000113db8} '<init>' '(Ljava/util/Locale;)V' in 'java/util/Formatter')}
  0x000000013a5752e0: 0225 90d2 | c23e aaf2 | 2200 c0f2 | 4880 40f9 | 0805 0091 | 4880 00f9 

  0x000000013a5752f8: ;   {metadata(method data for {method} {0x000000e000113bd8} '<init>' '(Ljava/util/Locale;Ljava/lang/Appendable;)V' in 'java/util/Formatter')}
  0x000000013a5752f8: 0232 9fd2 | 6202 aaf2 | 2200 c0f2 | 43ac 40b9 | 6308 0011 | 43ac 00b9 | 634c 1f12 | 7f00 0071 
  0x000000013a575318: e003 0154 | e0c7 40f9 

  0x000000013a575320: ;   {metadata(method data for {method} {0x000000e000113bd8} '<init>' '(Ljava/util/Locale;Ljava/lang/Appendable;)V' in 'java/util/Formatter')}
  0x000000013a575320: 0232 9fd2 | 6202 aaf2 | 2200 c0f2 | 4878 40f9 | 0805 0091 | 4878 00f9 

  0x000000013a575338: ;   {metadata(method data for {method} {0x000000e000467488} '<init>' '()V' in 'java/lang/Object')}
  0x000000013a575338: 025d 96d2 | 0200 aaf2 | 2200 c0f2 | 43ac 40b9 | 6308 0011 | 43ac 00b9 | 634c 1f12 | 7f00 0071 
  0x000000013a575358: e002 0154 | e23b 1f32 | e0c7 40f9 | 0218 0079 | 82e3 4039 | 5f00 0071 | 2103 0154 | e2cb 40f9 
  0x000000013a575378: 48fc 43d3 | 0810 00b9 | 0300 02ca | 63fc 55d3 | 7f00 00f1 | 0103 0154 

  0x000000013a575390: ;   {oop(a 'java/util/Locale'{0x00000007008b1e68})}
  0x000000013a575390: 02cd 83d2 | 6211 a0f2 | e200 c0f2 | 83e3 4039 | 7f00 0071 | c102 0154 | 48fc 43d3 | 0814 00b9 
  0x000000013a5753b0: 0300 02ca | 63fc 55d3 | 7f00 00f1 | c102 0154 | bf3a 03d5 | e303 00aa 

  0x000000013a5753c8: ;   {metadata(method data for {method} {0x000000e00044f188} 'format' '(Ljava/util/Locale;Ljava/lang/String;[Ljava/lang/Object;)Ljava/lang/String;' in 'java/lang/String')}
  0x000000013a5753c8: 04ed 8fd2 | c43e aaf2 | 2400 c0f2 | 8880 40f9 | 0805 0091 | 8880 00f9 

  0x000000013a5753e0: ;   {metadata(method data for {method} {0x000000e000113f98} 'format' '(Ljava/lang/String;[Ljava/lang/Object;)Ljava/util/Formatter;' in 'java/util/Formatter')}
  0x000000013a5753e0: 035a 9fd2 | 6302 aaf2 | 2300 c0f2 | 64ac 40b9 | 8408 0011 | 64ac 00b9 | 844c 1f12 | 9f00 0071 
  0x000000013a575400: 2001 0154 | e303 00aa 

  0x000000013a575408: ;   {metadata(method data for {method} {0x000000e000113f98} 'format' '(Ljava/lang/String;[Ljava/lang/Object;)Ljava/util/Formatter;' in 'java/util/Formatter')}
  0x000000013a575408: 045a 9fd2 | 6402 aaf2 | 2400 c0f2 | 8878 40f9 | 0805 0091 | 8878 00f9 

  0x000000013a575420: ;   {oop("%d fps T: %s%s%s%s B: %d%s"{0x0000000724e89438})}
  0x000000013a575420: 0387 92d2 | 039d a4f2 | e300 c0f2 | e4cf 40f9 | e103 00aa 

  0x000000013a575434: ; ImmutableOopMap {[216]=Oop }
                      ;*invokevirtual format {reexecute=0 rethrow=0 return_oop=0}
                      ; - java.util.Formatter::format@7
                      ; - java.lang.String::format@10
                      ; - net.minecraft.class_310::method_1523@1150 (line 1286)
                      ;   {optimized virtual_call}
  0x000000013a575434: c75a 8295 

  0x000000013a575438: ; implicit exception: dispatches to 0x000000013a577444
  0x000000013a575438: 1f00 40f9 | e103 00aa 

  0x000000013a575440: ;   {metadata(method data for {method} {0x000000e00044f188} 'format' '(Ljava/util/Locale;Ljava/lang/String;[Ljava/lang/Object;)Ljava/lang/String;' in 'java/lang/String')}
  0x000000013a575440: 02ed 8fd2 | c23e aaf2 | 2200 c0f2 | 489c 40f9 | 0805 0091 | 489c 00f9 

  0x000000013a575458: ;   {metadata(method data for {method} {0x000000e000112cc8} 'toString' '()Ljava/lang/String;' in 'java/util/Formatter')}
  0x000000013a575458: 0161 80d2 | 8102 aaf2 | 2100 c0f2 | 22ac 40b9 | 4208 0011 | 22ac 00b9 | 424c 1f12 | 5f00 0071 
  0x000000013a575478: 80fe 0054 | e103 00aa 

  0x000000013a575480: ;   {metadata(method data for {method} {0x000000e000112cc8} 'toString' '()Ljava/lang/String;' in 'java/util/Formatter')}
  0x000000013a575480: 0261 80d2 | 8202 aaf2 | 2200 c0f2 | 4878 40f9 | 0805 0091 | 4878 00f9 

  0x000000013a575498: ;   {metadata(method data for {method} {0x000000e000114178} 'ensureOpen' '()V' in 'java/util/Formatter')}
  0x000000013a575498: 0195 80d2 | 8102 aaf2 | 2100 c0f2 | 22ac 40b9 | 4208 0011 | 22ac 00b9 | 424c 1f12 | 5f00 0071 
  0x000000013a5754b8: 80fd 0054 | 0110 40b9 | 21f0 7dd3 | e203 1faa | 3f00 02eb 

  0x000000013a5754cc: ;   {metadata(method data for {method} {0x000000e000114178} 'ensureOpen' '()V' in 'java/util/Formatter')}
  0x000000013a5754cc: 0295 80d2 | 8202 aaf2 | 2200 c0f2 | e803 78b2 | e90f 7cb2 | 0301 899a | 4468 63f8 | 8404 0091 
  0x000000013a5754ec: 4468 23f8 | c043 0054 

  0x000000013a5754f4: ; implicit exception: dispatches to 0x000000013a577488
  0x000000013a5754f4: 3f00 40f9 | e003 01aa 

  0x000000013a5754fc: ;   {metadata(method data for {method} {0x000000e000112cc8} 'toString' '()Ljava/lang/String;' in 'java/util/Formatter')}
  0x000000013a5754fc: 0261 80d2 | 8202 aaf2 | 2200 c0f2 | 0008 40b9 | 0008 5bd2 | 49e0 0491 | 2801 40f9 | 1f00 08eb 
  0x000000013a57551c: a100 0054 | 48a0 40f9 | 0805 0091 | 48a0 00f9 | 1c00 0014 | 4920 0591 | 2801 40f9 | 1f00 08eb 
  0x000000013a57553c: a100 0054 | 48a8 40f9 | 0805 0091 | 48a8 00f9 | 1400 0014 | 49e0 0491 | 2801 40f9 | c800 00b5 
  0x000000013a57555c: 2001 00f9 | e803 40b2 | 4900 0591 | 2801 00f9 | 0c00 0014 | 4920 0591 | 2801 40f9 | c800 00b5 
  0x000000013a57557c: 2001 00f9 | e803 40b2 | 4940 0591 | 2801 00f9 | 0400 0014 | 4894 40f9 | 0805 0091 | 4894 00f9 
  0x000000013a57559c: 096c 9fd2 | 0900 a0f2 | 091c c0f2 

  0x000000013a5755a8: ; ImmutableOopMap {[216]=Oop }
                      ;*invokevirtual toString {reexecute=0 rethrow=0 return_oop=0}
                      ; - java.util.Formatter::toString@8
                      ; - java.lang.String::format@13
                      ; - net.minecraft.class_310::method_1523@1150 (line 1286)
                      ;   {virtual_call}
  0x000000013a5755a8: 1645 5695 | e16f 40f9 | 82e3 4039 | 5f00 0071 | a1f6 0054 | 08fc 43d3 | 2898 01b9 | 2200 00ca 
  0x000000013a5755c8: 42fc 55d3 | 5f00 00f1 | a1f6 0054 | 2214 40f9 | 037d 80d2 | 4200 038b | 2214 00f9 | 3f4c 00b9 
  0x000000013a5755e8: ;   {metadata(method data for {method} {0x0000000153d57718} 'method_1523' '(Z)V' in 'net/minecraft/class_310')}
  0x000000013a5755e8: 02cb 84d2 | 425e a6f2 | 6200 c0f2 | 43b0 40b9 | 6308 0011 | 43b0 00b9 | 6330 1f12 | 7f00 0071 
  0x000000013a575608: 60f5 0054 

  0x000000013a57560c: ; ImmutableOopMap {c_rarg1=Oop [216]=Oop }
                      ;*goto {reexecute=1 rethrow=0 return_oop=0}
                      ; - (reexecute) net.minecraft.class_310::method_1523@1173 (line 1297)
  0x000000013a57560c: 88ab 41f9 

  0x000000013a575610: ;   {poll}
  0x000000013a575610: 1f01 40b9 

  0x000000013a575614: ;   {metadata(method data for {method} {0x0000000153d57718} 'method_1523' '(Z)V' in 'net/minecraft/class_310')}
  0x000000013a575614: 02cb 84d2 | 425e a6f2 | 6200 c0f2 | 434c 4df9 | 6304 0091 | 434c 0df9 | b0f8 ff17 | 22a8 41b9 
  0x000000013a575634: 42f0 7dd3 | 4201 00b4 

  0x000000013a57563c: ;   {metadata('net/minecraft/class_3694')}
  0x000000013a57563c: 0412 8ed2 | 2436 a0f2 | 041c c0f2 | 4508 40b9 | a508 5bd2 | a81c 40f9 | 9f00 08eb | e1f3 0054 
  0x000000013a57565c: 0100 0014 | e303 02aa 

  0x000000013a575664: ; implicit exception: dispatches to 0x000000013a5774d8
  0x000000013a575664: 5f00 40f9 

  0x000000013a575668: ;   {metadata(method data for {method} {0x0000000153d57718} 'method_1523' '(Z)V' in 'net/minecraft/class_310')}
  0x000000013a575668: 03cb 84d2 | 435e a6f2 | 6300 c0f2 | 6864 4df9 | 0805 0091 | 6864 0df9 

  0x000000013a575680: ;   {metadata(method data for {method} {0x0000000153e3ec20} 'method_15407' '()V' in 'net/minecraft/class_3694')}
  0x000000013a575680: 02e6 9cd2 | 224e a6f2 | 6200 c0f2 | 43ac 40b9 | 6308 0011 | 43ac 00b9 | 634c 1f12 | 7f00 0071 
  0x000000013a5756a0: e0f1 0054 | e203 01aa 

  0x000000013a5756a8: ;   {metadata(method data for {method} {0x0000000153d57718} 'method_1523' '(Z)V' in 'net/minecraft/class_310')}
  0x000000013a5756a8: 03cb 84d2 | 435e a6f2 | 6300 c0f2 | 6874 4df9 | 0805 0091 | 6874 0df9 

  0x000000013a5756c0: ;   {metadata(method data for {method} {0x0000000153d68438} 'handler$gcg000$lavender$onFrameEnd' '(ZLorg/spongepowered/asm/mixin/injection/callback/CallbackInfo;)V' in 'net/minecraft/class_310')}
  0x000000013a5756c0: 028a 83d2 | 625e a6f2 | 6200 c0f2 | 43ac 40b9 | 6308 0011 | 43ac 00b9 | 634c 1f12 | 7f00 0071 
  0x000000013a5756e0: e0f0 0054 | 2270 41b9 | 42f0 7dd3 | e303 1faa | 5f00 03eb 

  0x000000013a5756f4: ;   {metadata(method data for {method} {0x0000000153d68438} 'handler$gcg000$lavender$onFrameEnd' '(ZLorg/spongepowered/asm/mixin/injection/callback/CallbackInfo;)V' in 'net/minecraft/class_310')}
  0x000000013a5756f4: 028a 83d2 | 625e a6f2 | 6200 c0f2 | e803 78b2 | e90f 7cb2 | 0301 899a | 4068 63f8 | 0004 0091 
  0x000000013a575714: 4068 23f8 | c004 0054 

  0x000000013a57571c: ;   {metadata(method data for {method} {0x0000000153d68438} 'handler$gcg000$lavender$onFrameEnd' '(ZLorg/spongepowered/asm/mixin/injection/callback/CallbackInfo;)V' in 'net/minecraft/class_310')}
  0x000000013a57571c: 028a 83d2 | 625e a6f2 | 6200 c0f2 | 4888 40f9 | 0805 0091 | 4888 00f9 

  0x000000013a575734: ;   {metadata(method data for {method} {0x000000032c06c5d0} 'endFrame' '()V' in 'io/wispforest/lavender/client/OffhandBookRenderer')}
  0x000000013a575734: 02b8 83d2 | 625e a6f2 | 6200 c0f2 | 43ac 40b9 | 6308 0011 | 43ac 00b9 | 634c 1f12 | 7f00 0071 
  0x000000013a575754: 40ee 0054 

  0x000000013a575758: ;   {oop(a 'java/lang/Class'{0x0000000720675d98} = 'io/wispforest/lavender/client/OffhandBookRenderer')}
  0x000000013a575758: 02b3 8bd2 | e20c a4f2 | e200 c0f2 | 42f4 4139 | 5f00 0071 

  0x000000013a57576c: ;   {metadata(method data for {method} {0x000000032c06c5d0} 'endFrame' '()V' in 'io/wispforest/lavender/client/OffhandBookRenderer')}
  0x000000013a57576c: 02b8 83d2 | 625e a6f2 | 6200 c0f2 | e80f 7cb2 | e903 78b2 | 0301 899a | 4068 63f8 | 0004 0091 
  0x000000013a57578c: 4068 23f8 | 0001 0054 

  0x000000013a575794: ;   {oop(a 'java/lang/Class'{0x0000000720675d98} = 'io/wispforest/lavender/client/OffhandBookRenderer')}
  0x000000013a575794: 02b3 8bd2 | e20c a4f2 | e200 c0f2 | 83e3 4039 | 7f00 0071 | a1ec 0054 | 5f78 00b9 | e203 01aa 
  0x000000013a5757b4: ;   {metadata(method data for {method} {0x0000000153d57718} 'method_1523' '(Z)V' in 'net/minecraft/class_310')}
  0x000000013a5757b4: 03cb 84d2 | 435e a6f2 | 6300 c0f2 | 687c 4df9 | 0805 0091 | 687c 0df9 | e2e3 40b9 | e303 1faa 
  0x000000013a5757d4: e003 01aa | e103 00aa 

  0x000000013a5757dc: ; ImmutableOopMap {[216]=Oop }
                      ;*invokespecial handler$jia000$sodium$postRender {reexecute=0 rethrow=0 return_oop=0}
                      ; - net.minecraft.class_310::method_1523@1194 (line 1299)
                      ;   {optimized virtual_call}
  0x000000013a5757dc: 79d3 a097 | e16f 40f9 

  0x000000013a5757e4: ;   {metadata(method data for {method} {0x0000000153d57718} 'method_1523' '(Z)V' in 'net/minecraft/class_310')}
  0x000000013a5757e4: 00cb 84d2 | 405e a6f2 | 6000 c0f2 | 0890 4df9 | 0805 0091 | 0890 0df9 

  0x000000013a5757fc: ;   {metadata(method data for {method} {0x0000000153d6b9a0} 'handler$kek000$trafficcraft$tc$runAfterClientTick' '(ZLorg/spongepowered/asm/mixin/injection/callback/CallbackInfo;)V' in 'net/minecraft/class_310')}
  0x000000013a5757fc: 0115 84d2 | 615e a6f2 | 6100 c0f2 | 20ac 40b9 | 0008 0011 | 20ac 00b9 | 004c 1f12 | 1f00 0071 
  0x000000013a57581c: c0e9 0054 

  0x000000013a575820: ;   {metadata(method data for {method} {0x0000000153d6b9a0} 'handler$kek000$trafficcraft$tc$runAfterClientTick' '(ZLorg/spongepowered/asm/mixin/injection/callback/CallbackInfo;)V' in 'net/minecraft/class_310')}
  0x000000013a575820: 0115 84d2 | 615e a6f2 | 6100 c0f2 | 2878 40f9 | 0805 0091 | 2878 00f9 

  0x000000013a575838: ;   {metadata(method data for {method} {0x0000000332c2ab40} 'runAllScheduledRenderTasks' '()V' in 'de/mrjulsen/trafficcraft/client/ClientWrapper')}
  0x000000013a575838: 013f 84d2 | 615e a6f2 | 6100 c0f2 | 20ac 40b9 | 0008 0011 | 20ac 00b9 | 004c 1f12 | 1f00 0071 
  0x000000013a575858: e0e8 0054 

  0x000000013a57585c: ;   {oop(a 'java/util/concurrent/ConcurrentLinkedQueue'{0x0000000734fb7420})}
  0x000000013a57585c: 0184 8ed2 | 619f a6f2 | e100 c0f2 | e003 01aa 

  0x000000013a57586c: ;   {metadata(method data for {method} {0x0000000332c2ab40} 'runAllScheduledRenderTasks' '()V' in 'de/mrjulsen/trafficcraft/client/ClientWrapper')}
  0x000000013a57586c: 023f 84d2 | 625e a6f2 | 6200 c0f2 | 0008 40b9 | 0008 5bd2 | 4900 0491 | 2801 40f9 | 1f00 08eb 
  0x000000013a57588c: a100 0054 | 4884 40f9 | 0805 0091 | 4884 00f9 | 1c00 0014 | 4940 0491 | 2801 40f9 | 1f00 08eb 
  0x000000013a5758ac: a100 0054 | 488c 40f9 | 0805 0091 | 488c 00f9 | 1400 0014 | 4900 0491 | 2801 40f9 | c800 00b5 
  0x000000013a5758cc: 2001 00f9 | e803 40b2 | 4920 0491 | 2801 00f9 | 0c00 0014 | 4940 0491 | 2801 40f9 | c800 00b5 
  0x000000013a5758ec: 2001 00f9 | e803 40b2 | 4960 0491 | 2801 00f9 | 0400 0014 | 4878 40f9 | 0805 0091 | 4878 00f9 
  0x000000013a57590c: ;   {metadata(method data for {method} {0x00000001503691b8} 'isEmpty' '()Z' in 'java/util/concurrent/ConcurrentLinkedQueue')}
  0x000000013a57590c: 005a 91d2 | 2062 a4f2 | 6000 c0f2 | 02ac 40b9 | 4208 0011 | 02ac 00b9 | 424c 1f12 | 5f00 0071 
  0x000000013a57592c: 40e3 0054 | e003 01aa 

  0x000000013a575934: ;   {metadata(method data for {method} {0x00000001503691b8} 'isEmpty' '()Z' in 'java/util/concurrent/ConcurrentLinkedQueue')}
  0x000000013a575934: 025a 91d2 | 2262 a4f2 | 6200 c0f2 | 0008 40b9 | 0008 5bd2 | 4900 0491 | 2801 40f9 | 1f00 08eb 
  0x000000013a575954: a100 0054 | 4884 40f9 | 0805 0091 | 4884 00f9 | 1c00 0014 | 4940 0491 | 2801 40f9 | 1f00 08eb 
  0x000000013a575974: a100 0054 | 488c 40f9 | 0805 0091 | 488c 00f9 | 1400 0014 | 4900 0491 | 2801 40f9 | c800 00b5 
  0x000000013a575994: 2001 00f9 | e803 40b2 | 4920 0491 | 2801 00f9 | 0c00 0014 | 4940 0491 | 2801 40f9 | c800 00b5 
  0x000000013a5759b4: 2001 00f9 | e803 40b2 | 4960 0491 | 2801 00f9 | 0400 0014 | 4878 40f9 | 0805 0091 | 4878 00f9 
  0x000000013a5759d4: ; ImmutableOopMap {[216]=Oop }
                      ;*invokevirtual first {reexecute=0 rethrow=0 return_oop=0}
                      ; - java.util.concurrent.ConcurrentLinkedQueue::isEmpty@1
                      ; - de.mrjulsen.trafficcraft.client.ClientWrapper::runAllScheduledRenderTasks@3 (line 39)
                      ; - net.minecraft.class_310::handler$kek000$trafficcraft$tc$runAfterClientTick@0 (line 41008)
                      ; - net.minecraft.class_310::method_1523@1200 (line 1299)
                      ;   {optimized virtual_call}
  0x000000013a5759d4: ffdd a795 | e103 1faa | 1f00 01eb 

  0x000000013a5759e0: ;   {metadata(method data for {method} {0x00000001503691b8} 'isEmpty' '()Z' in 'java/util/concurrent/ConcurrentLinkedQueue')}
  0x000000013a5759e0: 015a 91d2 | 2162 a4f2 | 6100 c0f2 | 0825 80d2 | 0927 80d2 | 0011 899a | 2268 60f8 | 4204 0091 
  0x000000013a575a00: 2268 20f8 | 2101 0054 

  0x000000013a575a08: ;   {metadata(method data for {method} {0x00000001503691b8} 'isEmpty' '()Z' in 'java/util/concurrent/ConcurrentLinkedQueue')}
  0x000000013a575a08: 015a 91d2 | 2162 a4f2 | 6100 c0f2 | 20a4 40f9 | 0004 0091 | 20a4 00f9 | e103 0032 | 0200 0014 
  0x000000013a575a28: 0100 a052 | 2100 0012 | 3f00 0071 

  0x000000013a575a34: ;   {metadata(method data for {method} {0x0000000332c2ab40} 'runAllScheduledRenderTasks' '()V' in 'de/mrjulsen/trafficcraft/client/ClientWrapper')}
  0x000000013a575a34: 013f 84d2 | 615e a6f2 | 6100 c0f2 | 0825 80d2 | 0927 80d2 | 0011 899a | 2268 60f8 | 4204 0091 
  0x000000013a575a54: 2268 20f8 | 6116 0054 

  0x000000013a575a5c: ;   {oop(a 'java/util/concurrent/ConcurrentLinkedQueue'{0x0000000734fb7420})}
  0x000000013a575a5c: 0184 8ed2 | 619f a6f2 | e100 c0f2 | e003 01aa 

  0x000000013a575a6c: ;   {metadata(method data for {method} {0x0000000332c2ab40} 'runAllScheduledRenderTasks' '()V' in 'de/mrjulsen/trafficcraft/client/ClientWrapper')}
  0x000000013a575a6c: 023f 84d2 | 625e a6f2 | 6200 c0f2 | 0008 40b9 | 0008 5bd2 | 4960 0591 | 2801 40f9 | 1f00 08eb 
  0x000000013a575a8c: a100 0054 | 48b0 40f9 | 0805 0091 | 48b0 00f9 | 1c00 0014 | 49a0 0591 | 2801 40f9 | 1f00 08eb 
  0x000000013a575aac: a100 0054 | 48b8 40f9 | 0805 0091 | 48b8 00f9 | 1400 0014 | 4960 0591 | 2801 40f9 | c800 00b5 
  0x000000013a575acc: 2001 00f9 | e803 40b2 | 4980 0591 | 2801 00f9 | 0c00 0014 | 49a0 0591 | 2801 40f9 | c800 00b5 
  0x000000013a575aec: 2001 00f9 | e803 40b2 | 49c0 0591 | 2801 00f9 | 0400 0014 | 48a4 40f9 | 0805 0091 | 48a4 00f9 
  0x000000013a575b0c: ; ImmutableOopMap {[216]=Oop }
                      ;*invokeinterface poll {reexecute=0 rethrow=0 return_oop=0}
                      ; - de.mrjulsen.trafficcraft.client.ClientWrapper::runAllScheduledRenderTasks@14 (line 40)
                      ; - net.minecraft.class_310::handler$kek000$trafficcraft$tc$runAfterClientTick@0 (line 41008)
                      ; - net.minecraft.class_310::method_1523@1200 (line 1299)
                      ;   {optimized virtual_call}
  0x000000013a575b0c: fdfc 3f95 | 0001 00b5 

  0x000000013a575b14: ;   {metadata(method data for {method} {0x0000000332c2ab40} 'runAllScheduledRenderTasks' '()V' in 'de/mrjulsen/trafficcraft/client/ClientWrapper')}
  0x000000013a575b14: 033f 84d2 | 635e a6f2 | 6300 c0f2 | 68e4 4539 | 0801 40b2 | 68e4 0539 | 3d00 0014 

  0x000000013a575b30: ;   {metadata('java/lang/Runnable')}
  0x000000013a575b30: 02e7 9dd2 | 2200 a0f2 | 021c c0f2 | 0308 40b9 | 6308 5bd2 | 6810 40f9 | 5f00 08eb | e000 0054 
  0x000000013a575b50: 7f00 02eb | a000 0054 | e30b bfa9 

  0x000000013a575b5c: ;   {runtime_call slow_subtype_check Runtime1 stub}
  0x000000013a575b5c: 29c8 4295 | e307 41f8 | e304 0034 

  0x000000013a575b68: ;   {metadata(method data for {method} {0x0000000332c2ab40} 'runAllScheduledRenderTasks' '()V' in 'de/mrjulsen/trafficcraft/client/ClientWrapper')}
  0x000000013a575b68: 033f 84d2 | 635e a6f2 | 6300 c0f2 | 0208 40b9 | 4208 5bd2 | 6940 0691 | 2801 40f9 | 5f00 08eb 
  0x000000013a575b88: a100 0054 | 68cc 40f9 | 0805 0091 | 68cc 00f9 | 2200 0014 | 6980 0691 | 2801 40f9 | 5f00 08eb 
  0x000000013a575ba8: a100 0054 | 68d4 40f9 | 0805 0091 | 68d4 00f9 | 1a00 0014 | 6940 0691 | 2801 40f9 | c800 00b5 
  0x000000013a575bc8: 2201 00f9 | e803 40b2 | 6960 0691 | 2801 00f9 | 1200 0014 | 6980 0691 | 2801 40f9 | c800 00b5 
  0x000000013a575be8: 2201 00f9 | e803 40b2 | 69a0 0691 | 2801 00f9 | 0a00 0014 | 0900 0014 

  0x000000013a575c00: ;   {metadata(method data for {method} {0x0000000332c2ab40} 'runAllScheduledRenderTasks' '()V' in 'de/mrjulsen/trafficcraft/client/ClientWrapper')}
  0x000000013a575c00: 033f 84d2 | 635e a6f2 | 6300 c0f2 | 68c0 40f9 | 0805 00d1 | 68c0 00f9 | 6706 0014 | 0100 0014 
  0x000000013a575c20: e103 00aa 

  0x000000013a575c24: ; implicit exception: dispatches to 0x000000013a5775bc
  0x000000013a575c24: 3f00 40f9 | e003 01aa 

  0x000000013a575c2c: ;   {metadata(method data for {method} {0x0000000332c2ab40} 'runAllScheduledRenderTasks' '()V' in 'de/mrjulsen/trafficcraft/client/ClientWrapper')}
  0x000000013a575c2c: 023f 84d2 | 625e a6f2 | 6200 c0f2 | 0008 40b9 | 0008 5bd2 | 4920 0791 | 2801 40f9 | 1f00 08eb 
  0x000000013a575c4c: a100 0054 | 48e8 40f9 | 0805 0091 | 48e8 00f9 | 1c00 0014 | 4960 0791 | 2801 40f9 | 1f00 08eb 
  0x000000013a575c6c: a100 0054 | 48f0 40f9 | 0805 0091 | 48f0 00f9 | 1400 0014 | 4920 0791 | 2801 40f9 | c800 00b5 
  0x000000013a575c8c: 2001 00f9 | e803 40b2 | 4940 0791 | 2801 00f9 | 0c00 0014 | 4960 0791 | 2801 40f9 | c800 00b5 
  0x000000013a575cac: 2001 00f9 | e803 40b2 | 4980 0791 | 2801 00f9 | 0400 0014 | 48dc 40f9 | 0805 0091 | 48dc 00f9 
  0x000000013a575ccc: e9ff 9fd2 | e9ff bff2 | e9ff dff2 

  0x000000013a575cd8: ; ImmutableOopMap {[216]=Oop }
                      ;*invokeinterface run {reexecute=0 rethrow=0 return_oop=0}
                      ; - de.mrjulsen.trafficcraft.client.ClientWrapper::runAllScheduledRenderTasks@22 (line 40)
                      ; - net.minecraft.class_310::handler$kek000$trafficcraft$tc$runAfterClientTick@0 (line 41008)
                      ; - net.minecraft.class_310::method_1523@1200 (line 1299)
                      ;   {virtual_call}
  0x000000013a575cd8: 4afd 3f95 

  0x000000013a575cdc: ;   {metadata(method data for {method} {0x0000000332c2ab40} 'runAllScheduledRenderTasks' '()V' in 'de/mrjulsen/trafficcraft/client/ClientWrapper')}
  0x000000013a575cdc: 023f 84d2 | 625e a6f2 | 6200 c0f2 | 43b0 40b9 | 6308 0011 | 43b0 00b9 | 6330 1f12 | 7f00 0071 
  0x000000013a575cfc: 20c6 0054 

  0x000000013a575d00: ; ImmutableOopMap {[216]=Oop }
                      ;*goto {reexecute=1 rethrow=0 return_oop=0}
                      ; - (reexecute) de.mrjulsen.trafficcraft.client.ClientWrapper::runAllScheduledRenderTasks@27 (line 40)
                      ; - net.minecraft.class_310::handler$kek000$trafficcraft$tc$runAfterClientTick@0 (line 41008)
                      ; - net.minecraft.class_310::method_1523@1200 (line 1299)
  0x000000013a575d00: 88ab 41f9 

  0x000000013a575d04: ;   {poll}
  0x000000013a575d04: 1f01 40b9 

  0x000000013a575d08: ;   {metadata(method data for {method} {0x0000000332c2ab40} 'runAllScheduledRenderTasks' '()V' in 'de/mrjulsen/trafficcraft/client/ClientWrapper')}
  0x000000013a575d08: 023f 84d2 | 625e a6f2 | 6200 c0f2 | 43f8 40f9 | 6304 0091 | 43f8 00f9 | cffe ff17 | e16f 40f9 
  0x000000013a575d28: ;   {metadata(method data for {method} {0x0000000153d57718} 'method_1523' '(Z)V' in 'net/minecraft/class_310')}
  0x000000013a575d28: 02cb 84d2 | 425e a6f2 | 6200 c0f2 | 48ac 4df9 | 0805 0091 | 48ac 0df9 | e2e3 40b9 | e303 1faa 
  0x000000013a575d48: e16f 40f9 

  0x000000013a575d4c: ; ImmutableOopMap {}
                      ;*invokevirtual handler$lad000$valkyrienskies$setGamePause {reexecute=0 rethrow=0 return_oop=0}
                      ; - net.minecraft.class_310::method_1523@1206 (line 1299)
                      ;   {optimized virtual_call}
  0x000000013a575d4c: 3105 a595 | fd7b 5fa9 | ff03 0891 

  0x000000013a575d58: ;   {poll_return}
  0x000000013a575d58: 88a7 41f9 | ff63 28eb | 08c4 0054 | c003 5fd6 | e0d7 00f9 

  0x000000013a575d6c: ; ImmutableOopMap {[424]=Oop [216]=Oop }
                      ;*new {reexecute=0 rethrow=0 return_oop=0}
                      ; - java.util.Formatter::ensureOpen@7
                      ; - java.util.Formatter::toString@1
                      ; - java.lang.String::format@13
                      ; - net.minecraft.class_310::method_1523@1150 (line 1286)
                      ;   {runtime_call load_mirror_patching Runtime1 stub}
  0x000000013a575d6c: a5cd 4295 | 1f06 0014 | e103 00aa 

  0x000000013a575d78: ;   {metadata(method data for {method} {0x000000e000114178} 'ensureOpen' '()V' in 'java/util/Formatter')}
  0x000000013a575d78: 0395 80d2 | 8302 aaf2 | 2300 c0f2 | 6888 40f9 | 0805 0091 | 6888 00f9 | e103 00aa | e0d3 00f9 
  0x000000013a575d98: ; ImmutableOopMap {[216]=Oop [424]=Oop [416]=Oop }
                      ;*invokespecial <init> {reexecute=0 rethrow=0 return_oop=0}
                      ; - java.util.Formatter::ensureOpen@11
                      ; - java.util.Formatter::toString@1
                      ; - java.lang.String::format@13
                      ; - net.minecraft.class_310::method_1523@1150 (line 1286)
                      ;   {optimized virtual_call}
  0x000000013a575d98: 5afc 3f95 | e0d3 40f9 | 4c06 0014 

  0x000000013a575da4: ;   {metadata(method data for {method} {0x0000000153ced540} 'assertOnRenderThread' '()V' in 'com/mojang/blaze3d/systems/RenderSystem')}
  0x000000013a575da4: 0309 83d2 | 032c a6f2 | 6300 c0f2 | 6890 40f9 | 0805 0091 | 6890 00f9 

  0x000000013a575dbc: ;   {metadata(method data for {method} {0x0000000153ced6a8} 'constructThreadException' '()Ljava/lang/IllegalStateException;' in 'com/mojang/blaze3d/systems/RenderSystem')}
  0x000000013a575dbc: 038f 82d2 | c32b a6f2 | 6300 c0f2 | 64ac 40b9 | 8408 0011 | 64ac 00b9 | 844c 1f12 | 9f00 0071 
  0x000000013a575ddc: c0c0 0054 

  0x000000013a575de0: ; ImmutableOopMap {[216]=Oop }
                      ;*new {reexecute=0 rethrow=0 return_oop=0}
                      ; - com.mojang.blaze3d.systems.RenderSystem::constructThreadException@0 (line 184)
                      ; - com.mojang.blaze3d.systems.RenderSystem::assertOnRenderThread@6 (line 173)
                      ; - com.mojang.blaze3d.platform.GlStateManager::_enableCull@0 (line 459)
                      ; - com.mojang.blaze3d.systems.RenderSystem::enableCull@3 (line 385)
                      ; - net.minecraft.class_310::method_1523@394 (line 1214)
                      ;   {runtime_call load_mirror_patching Runtime1 stub}
  0x000000013a575de0: 88cd 4295 | 8087 40f9 | 0ba0 0091 | 888f 40f9 | 7f01 08eb | 08c1 0054 | 8b87 00f9 | ea03 40b2 
  0x000000013a575e00: 0a00 00f9 | 6a08 5bd2 | 0a7c 0129 | 0a40 0091 | 5f01 00f9 | 5ffd 00a9 | bf3a 03d5 | e103 00aa 
  0x000000013a575e20: ;   {metadata(method data for {method} {0x0000000153ced6a8} 'constructThreadException' '()Ljava/lang/IllegalStateException;' in 'com/mojang/blaze3d/systems/RenderSystem')}
  0x000000013a575e20: 038f 82d2 | c32b a6f2 | 6300 c0f2 | 6878 40f9 | 0805 0091 | 6878 00f9 

  0x000000013a575e38: ;   {oop("Rendersystem called from wrong thread"{0x0000000725ee0c38})}
  0x000000013a575e38: 0287 81d2 | c2bd a4f2 | e200 c0f2 | e103 00aa | e0db 00f9 

  0x000000013a575e4c: ; ImmutableOopMap {[216]=Oop [432]=Oop }
                      ;*invokespecial <init> {reexecute=0 rethrow=0 return_oop=0}
                      ; - com.mojang.blaze3d.systems.RenderSystem::constructThreadException@6 (line 184)
                      ; - com.mojang.blaze3d.systems.RenderSystem::assertOnRenderThread@6 (line 173)
                      ; - com.mojang.blaze3d.platform.GlStateManager::_enableCull@0 (line 459)
                      ; - com.mojang.blaze3d.systems.RenderSystem::enableCull@3 (line 385)
                      ; - net.minecraft.class_310::method_1523@394 (line 1214)
                      ;   {optimized virtual_call}
  0x000000013a575e4c: 2dfc 3f95 | e0db 40f9 | 1f06 0014 

  0x000000013a575e58: ;   {metadata(method data for {method} {0x0000000153ced540} 'assertOnRenderThread' '()V' in 'com/mojang/blaze3d/systems/RenderSystem')}
  0x000000013a575e58: 0309 83d2 | 032c a6f2 | 6300 c0f2 | 6890 40f9 | 0805 0091 | 6890 00f9 

  0x000000013a575e70: ;   {metadata(method data for {method} {0x0000000153ced6a8} 'constructThreadException' '()Ljava/lang/IllegalStateException;' in 'com/mojang/blaze3d/systems/RenderSystem')}
  0x000000013a575e70: 038f 82d2 | c32b a6f2 | 6300 c0f2 | 60ac 40b9 | 0008 0011 | 60ac 00b9 | 004c 1f12 | 1f00 0071 
  0x000000013a575e90: 60bc 0054 

  0x000000013a575e94: ; ImmutableOopMap {[216]=Oop }
                      ;*new {reexecute=0 rethrow=0 return_oop=0}
                      ; - com.mojang.blaze3d.systems.RenderSystem::constructThreadException@0 (line 184)
                      ; - com.mojang.blaze3d.systems.RenderSystem::assertOnRenderThread@6 (line 173)
                      ; - com.mojang.blaze3d.systems.RenderSystem::enableCull@0 (line 381)
                      ; - net.minecraft.class_310::method_1523@394 (line 1214)
                      ;   {runtime_call load_mirror_patching Runtime1 stub}
  0x000000013a575e94: 5bcd 4295 | 8087 40f9 | 0ba0 0091 | 888f 40f9 | 7f01 08eb | a8bc 0054 | 8b87 00f9 | ea03 40b2 
  0x000000013a575eb4: 0a00 00f9 | 6a08 5bd2 | 0a7c 0129 | 0a40 0091 | 5f01 00f9 | 5ffd 00a9 | bf3a 03d5 | e203 00aa 
  0x000000013a575ed4: ;   {metadata(method data for {method} {0x0000000153ced6a8} 'constructThreadException' '()Ljava/lang/IllegalStateException;' in 'com/mojang/blaze3d/systems/RenderSystem')}
  0x000000013a575ed4: 018f 82d2 | c12b a6f2 | 6100 c0f2 | 2878 40f9 | 0805 0091 | 2878 00f9 

  0x000000013a575eec: ;   {oop("Rendersystem called from wrong thread"{0x0000000725ee0c38})}
  0x000000013a575eec: 0287 81d2 | c2bd a4f2 | e200 c0f2 | e103 00aa | e0df 00f9 

  0x000000013a575f00: ; ImmutableOopMap {[216]=Oop [440]=Oop }
                      ;*invokespecial <init> {reexecute=0 rethrow=0 return_oop=0}
                      ; - com.mojang.blaze3d.systems.RenderSystem::constructThreadException@6 (line 184)
                      ; - com.mojang.blaze3d.systems.RenderSystem::assertOnRenderThread@6 (line 173)
                      ; - com.mojang.blaze3d.systems.RenderSystem::enableCull@0 (line 381)
                      ; - net.minecraft.class_310::method_1523@394 (line 1214)
                      ;   {optimized virtual_call}
  0x000000013a575f00: 00fc 3f95 | e0df 40f9 | f205 0014 

  0x000000013a575f0c: ;   {metadata(method data for {method} {0x0000000153ced540} 'assertOnRenderThread' '()V' in 'com/mojang/blaze3d/systems/RenderSystem')}
  0x000000013a575f0c: 0309 83d2 | 032c a6f2 | 6300 c0f2 | 6890 40f9 | 0805 0091 | 6890 00f9 

  0x000000013a575f24: ;   {metadata(method data for {method} {0x0000000153ced6a8} 'constructThreadException' '()Ljava/lang/IllegalStateException;' in 'com/mojang/blaze3d/systems/RenderSystem')}
  0x000000013a575f24: 038f 82d2 | c32b a6f2 | 6300 c0f2 | 60ac 40b9 | 0008 0011 | 60ac 00b9 | 004c 1f12 | 1f00 0071 
  0x000000013a575f44: 00b8 0054 

  0x000000013a575f48: ; ImmutableOopMap {[216]=Oop }
                      ;*new {reexecute=0 rethrow=0 return_oop=0}
                      ; - com.mojang.blaze3d.systems.RenderSystem::constructThreadException@0 (line 184)
                      ; - com.mojang.blaze3d.systems.RenderSystem::assertOnRenderThread@6 (line 173)
                      ; - com.mojang.blaze3d.systems.RenderSystem::setShaderFogStart@0 (line 620)
                      ; - net.minecraft.class_758::method_23792@3 (line 203)
                      ; - net.minecraft.class_310::method_1523@379 (line 1211)
                      ;   {runtime_call load_mirror_patching Runtime1 stub}
  0x000000013a575f48: 2ecd 4295 | 8087 40f9 | 0ba0 0091 | 888f 40f9 | 7f01 08eb | 48b8 0054 | 8b87 00f9 | ea03 40b2 
  0x000000013a575f68: 0a00 00f9 | 6a08 5bd2 | 0a7c 0129 | 0a40 0091 | 5f01 00f9 | 5ffd 00a9 | bf3a 03d5 | e203 00aa 
  0x000000013a575f88: ;   {metadata(method data for {method} {0x0000000153ced6a8} 'constructThreadException' '()Ljava/lang/IllegalStateException;' in 'com/mojang/blaze3d/systems/RenderSystem')}
  0x000000013a575f88: 018f 82d2 | c12b a6f2 | 6100 c0f2 | 2878 40f9 | 0805 0091 | 2878 00f9 

  0x000000013a575fa0: ;   {oop("Rendersystem called from wrong thread"{0x0000000725ee0c38})}
  0x000000013a575fa0: 0287 81d2 | c2bd a4f2 | e200 c0f2 | e103 00aa | e0e3 00f9 

  0x000000013a575fb4: ; ImmutableOopMap {[216]=Oop [448]=Oop }
                      ;*invokespecial <init> {reexecute=0 rethrow=0 return_oop=0}
                      ; - com.mojang.blaze3d.systems.RenderSystem::constructThreadException@6 (line 184)
                      ; - com.mojang.blaze3d.systems.RenderSystem::assertOnRenderThread@6 (line 173)
                      ; - com.mojang.blaze3d.systems.RenderSystem::setShaderFogStart@0 (line 620)
                      ; - net.minecraft.class_758::method_23792@3 (line 203)
                      ; - net.minecraft.class_310::method_1523@379 (line 1211)
                      ;   {optimized virtual_call}
  0x000000013a575fb4: d3fb 3f95 | e0e3 40f9 | c505 0014 

  0x000000013a575fc0: ;   {metadata(method data for {method} {0x0000000153ced540} 'assertOnRenderThread' '()V' in 'com/mojang/blaze3d/systems/RenderSystem')}
  0x000000013a575fc0: 0309 83d2 | 032c a6f2 | 6300 c0f2 | 6890 40f9 | 0805 0091 | 6890 00f9 

  0x000000013a575fd8: ;   {metadata(method data for {method} {0x0000000153ced6a8} 'constructThreadException' '()Ljava/lang/IllegalStateException;' in 'com/mojang/blaze3d/systems/RenderSystem')}
  0x000000013a575fd8: 038f 82d2 | c32b a6f2 | 6300 c0f2 | 60ac 40b9 | 0008 0011 | 60ac 00b9 | 004c 1f12 | 1f00 0071 
  0x000000013a575ff8: a0b3 0054 

  0x000000013a575ffc: ; ImmutableOopMap {[216]=Oop }
                      ;*new {reexecute=0 rethrow=0 return_oop=0}
                      ; - com.mojang.blaze3d.systems.RenderSystem::constructThreadException@0 (line 184)
                      ; - com.mojang.blaze3d.systems.RenderSystem::assertOnRenderThread@6 (line 173)
                      ; - com.mojang.blaze3d.platform.GlStateManager::_getError@0 (line 759)
                      ; - com.mojang.blaze3d.platform.GlStateManager::_clear@11 (line 709)
                      ; - com.mojang.blaze3d.systems.RenderSystem::clear@5 (line 615)
                      ; - net.minecraft.class_310::method_1523@368 (line 1208)
                      ;   {runtime_call load_mirror_patching Runtime1 stub}
  0x000000013a575ffc: 01cd 4295 | 8087 40f9 | 0ba0 0091 | 888f 40f9 | 7f01 08eb | e8b3 0054 | 8b87 00f9 | ea03 40b2 
  0x000000013a57601c: 0a00 00f9 | 6a08 5bd2 | 0a7c 0129 | 0a40 0091 | 5f01 00f9 | 5ffd 00a9 | bf3a 03d5 | e203 00aa 
  0x000000013a57603c: ;   {metadata(method data for {method} {0x0000000153ced6a8} 'constructThreadException' '()Ljava/lang/IllegalStateException;' in 'com/mojang/blaze3d/systems/RenderSystem')}
  0x000000013a57603c: 018f 82d2 | c12b a6f2 | 6100 c0f2 | 2878 40f9 | 0805 0091 | 2878 00f9 

  0x000000013a576054: ;   {oop("Rendersystem called from wrong thread"{0x0000000725ee0c38})}
  0x000000013a576054: 0287 81d2 | c2bd a4f2 | e200 c0f2 | e103 00aa | e0e7 00f9 

  0x000000013a576068: ; ImmutableOopMap {[216]=Oop [456]=Oop }
                      ;*invokespecial <init> {reexecute=0 rethrow=0 return_oop=0}
                      ; - com.mojang.blaze3d.systems.RenderSystem::constructThreadException@6 (line 184)
                      ; - com.mojang.blaze3d.systems.RenderSystem::assertOnRenderThread@6 (line 173)
                      ; - com.mojang.blaze3d.platform.GlStateManager::_getError@0 (line 759)
                      ; - com.mojang.blaze3d.platform.GlStateManager::_clear@11 (line 709)
                      ; - com.mojang.blaze3d.systems.RenderSystem::clear@5 (line 615)
                      ; - net.minecraft.class_310::method_1523@368 (line 1208)
                      ;   {optimized virtual_call}
  0x000000013a576068: a6fb 3f95 | e0e7 40f9 | 9805 0014 | e22b 01b9 

  0x000000013a576078: ;   {metadata(method data for {method} {0x0000000153ced488} 'assertOnRenderThreadOrInit' '()V' in 'com/mojang/blaze3d/systems/RenderSystem')}
  0x000000013a576078: 0330 82d2 | c32b a6f2 | 6300 c0f2 | 68a0 40f9 | 0805 0091 | 68a0 00f9 

  0x000000013a576090: ;   {metadata(method data for {method} {0x0000000153ced6a8} 'constructThreadException' '()Ljava/lang/IllegalStateException;' in 'com/mojang/blaze3d/systems/RenderSystem')}
  0x000000013a576090: 038f 82d2 | c32b a6f2 | 6300 c0f2 | 64ac 40b9 | 8408 0011 | 64ac 00b9 | 844c 1f12 | 9f00 0071 
  0x000000013a5760b0: 20af 0054 

  0x000000013a5760b4: ; ImmutableOopMap {[216]=Oop }
                      ;*new {reexecute=0 rethrow=0 return_oop=0}
                      ; - com.mojang.blaze3d.systems.RenderSystem::constructThreadException@0 (line 184)
                      ; - com.mojang.blaze3d.systems.RenderSystem::assertOnRenderThreadOrInit@13 (line 168)
                      ; - com.mojang.blaze3d.platform.GlStateManager::_clear@0 (line 705)
                      ; - com.mojang.blaze3d.systems.RenderSystem::clear@5 (line 615)
                      ; - net.minecraft.class_310::method_1523@368 (line 1208)
                      ;   {runtime_call load_mirror_patching Runtime1 stub}
  0x000000013a5760b4: d3cc 4295 | 8087 40f9 | 0ba0 0091 | 888f 40f9 | 7f01 08eb | 68af 0054 | 8b87 00f9 | ea03 40b2 
  0x000000013a5760d4: 0a00 00f9 | 6a08 5bd2 | 0a7c 0129 | 0a40 0091 | 5f01 00f9 | 5ffd 00a9 | bf3a 03d5 | e303 00aa 
  0x000000013a5760f4: ;   {metadata(method data for {method} {0x0000000153ced6a8} 'constructThreadException' '()Ljava/lang/IllegalStateException;' in 'com/mojang/blaze3d/systems/RenderSystem')}
  0x000000013a5760f4: 048f 82d2 | c42b a6f2 | 6400 c0f2 | 8878 40f9 | 0805 0091 | 8878 00f9 

  0x000000013a57610c: ;   {oop("Rendersystem called from wrong thread"{0x0000000725ee0c38})}
  0x000000013a57610c: 0287 81d2 | c2bd a4f2 | e200 c0f2 | e103 00aa | e0eb 00f9 

  0x000000013a576120: ; ImmutableOopMap {[464]=Oop [216]=Oop }
                      ;*invokespecial <init> {reexecute=0 rethrow=0 return_oop=0}
                      ; - com.mojang.blaze3d.systems.RenderSystem::constructThreadException@6 (line 184)
                      ; - com.mojang.blaze3d.systems.RenderSystem::assertOnRenderThreadOrInit@13 (line 168)
                      ; - com.mojang.blaze3d.platform.GlStateManager::_clear@0 (line 705)
                      ; - com.mojang.blaze3d.systems.RenderSystem::clear@5 (line 615)
                      ; - net.minecraft.class_310::method_1523@368 (line 1208)
                      ;   {optimized virtual_call}
  0x000000013a576120: 78fb 3f95 | e0eb 40f9 | 6a05 0014 

  0x000000013a57612c: ;   {metadata({method} {0x0000000153d57718} 'method_1523' '(Z)V' in 'net/minecraft/class_310')}
  0x000000013a57612c: 08e3 8ed2 | a87a aaf2 | 2800 c0f2 | e807 00f9 | 0800 8092 | e803 00f9 

  0x000000013a576144: ; ImmutableOopMap {c_rarg1=Oop [216]=Oop }
                      ;*synchronization entry
                      ; - net.minecraft.class_310::method_1523@-1
                      ;   {runtime_call counter_overflow Runtime1 stub}
  0x000000013a576144: efce 4295 | 6edf ff17 

  0x000000013a57614c: ;   {metadata({method} {0x0000000153d6d3c8} 'handler$llf000$xaeroworldmap$onRunTickStart' '(Lorg/spongepowered/asm/mixin/injection/callback/CallbackInfo;)V' in 'net/minecraft/class_310')}
  0x000000013a57614c: 0879 9ad2 | c87a aaf2 | 2800 c0f2 | e807 00f9 | 0800 8092 | e803 00f9 

  0x000000013a576164: ; ImmutableOopMap {[216]=Oop }
                      ;*synchronization entry
                      ; - net.minecraft.class_310::handler$llf000$xaeroworldmap$onRunTickStart@-1 (line 48032)
                      ; - net.minecraft.class_310::method_1523@14
                      ;   {runtime_call counter_overflow Runtime1 stub}
  0x000000013a576164: e7ce 4295 | 8edf ff17 

  0x000000013a57616c: ;   {metadata({method} {0x00000003325e0460} 'onMinecraftRunTick' '()V' in 'xaero/map/core/XaeroWorldMapCoreFabric')}
  0x000000013a57616c: 088c 80d2 | c84b a6f2 | 6800 c0f2 | e807 00f9 | 0800 8092 | e803 00f9 

  0x000000013a576184: ; ImmutableOopMap {[216]=Oop }
                      ;*synchronization entry
                      ; - xaero.map.core.XaeroWorldMapCoreFabric::onMinecraftRunTick@-1 (line 22)
                      ; - net.minecraft.class_310::handler$llf000$xaeroworldmap$onRunTickStart@0 (line 48032)
                      ; - net.minecraft.class_310::method_1523@14
                      ;   {runtime_call counter_overflow Runtime1 stub}
  0x000000013a576184: dfce 4295 | 95df ff17 | e803 01aa 

  0x000000013a576190: ; ImmutableOopMap {[216]=Oop }
                      ;*checkcast {reexecute=0 rethrow=0 return_oop=0}
                      ; - xaero.map.core.XaeroWorldMapCoreFabric::onMinecraftRunTick@9 (line 23)
                      ; - net.minecraft.class_310::handler$llf000$xaeroworldmap$onRunTickStart@0 (line 48032)
                      ; - net.minecraft.class_310::method_1523@14
                      ;   {runtime_call throw_class_cast_exception Runtime1 stub}
  0x000000013a576190: 1cc5 4295 

  0x000000013a576194: ; ImmutableOopMap {[216]=Oop c_rarg1=Oop }
                      ;*invokevirtual tryLoadLater {reexecute=0 rethrow=0 return_oop=0}
                      ; - xaero.map.core.XaeroWorldMapCoreFabric::onMinecraftRunTick@12 (line 23)
                      ; - net.minecraft.class_310::handler$llf000$xaeroworldmap$onRunTickStart@0 (line 48032)
                      ; - net.minecraft.class_310::method_1523@14
                      ;   {runtime_call throw_null_pointer_exception Runtime1 stub}
  0x000000013a576194: 5bbb 4295 

  0x000000013a576198: ;   {metadata({method} {0x000000032cfd72c0} 'onMinecraftRunTick' '()V' in 'xaero/map/core/XaeroWorldMapCore')}
  0x000000013a576198: 0858 8ed2 | a89f a5f2 | 6800 c0f2 | e807 00f9 | 0800 8092 | e803 00f9 

  0x000000013a5761b0: ; ImmutableOopMap {[216]=Oop }
                      ;*synchronization entry
                      ; - xaero.map.core.XaeroWorldMapCore::onMinecraftRunTick@-1 (line 186)
                      ; - xaero.map.core.XaeroWorldMapCoreFabric::onMinecraftRunTick@15 (line 24)
                      ; - net.minecraft.class_310::handler$llf000$xaeroworldmap$onRunTickStart@0 (line 48032)
                      ; - net.minecraft.class_310::method_1523@14
                      ;   {runtime_call counter_overflow Runtime1 stub}
  0x000000013a5761b0: d4ce 4295 | f0df ff17 

  0x000000013a5761b8: ; ImmutableOopMap {[216]=Oop c_rarg1=Oop }
                      ;*invokevirtual handleClientRunTickStart {reexecute=0 rethrow=0 return_oop=0}
                      ; - xaero.map.core.XaeroWorldMapCore::onMinecraftRunTick@9 (line 187)
                      ; - xaero.map.core.XaeroWorldMapCoreFabric::onMinecraftRunTick@15 (line 24)
                      ; - net.minecraft.class_310::handler$llf000$xaeroworldmap$onRunTickStart@0 (line 48032)
                      ; - net.minecraft.class_310::method_1523@14
                      ;   {runtime_call throw_null_pointer_exception Runtime1 stub}
  0x000000013a5761b8: 52bb 4295 

  0x000000013a5761bc: ; ImmutableOopMap {c_rarg1=Oop [216]=Oop c_rarg0=Oop }
                      ;*invokevirtual method_4474 {reexecute=0 rethrow=0 return_oop=0}
                      ; - net.minecraft.class_310::method_1523@24 (line 1152)
                      ;   {runtime_call throw_null_pointer_exception Runtime1 stub}
  0x000000013a5761bc: 51bb 4295 | 0368 40b9 | 63f0 7dd3 | 0307 fcb4 | e303 00f9 

  0x000000013a5761d0: ;   {runtime_call g1_pre_barrier_slow}
  0x000000013a5761d0: 4cd0 4295 | 35e0 ff17 | 4207 fcb4 | e003 00f9 

  0x000000013a5761e0: ;   {runtime_call g1_post_barrier_slow}
  0x000000013a5761e0: 08d1 4295 | 37e0 ff17 

  0x000000013a5761e8: ;   {metadata({method} {0x0000000151c93650} 'method_648' '()J' in 'net/minecraft/class_156')}
  0x000000013a5761e8: 08ca 86d2 | 2839 aaf2 | 2800 c0f2 | e807 00f9 | 0800 8092 | e803 00f9 

  0x000000013a576200: ; ImmutableOopMap {c_rarg1=Oop [216]=Oop }
                      ;*synchronization entry
                      ; - net.minecraft.class_156::method_648@-1 (line 126)
                      ; - net.minecraft.class_310::method_1523@27 (line 1154)
                      ;   {runtime_call counter_overflow Runtime1 stub}
  0x000000013a576200: c0ce 4295 | 3ee0 ff17 

  0x000000013a576208: ; ImmutableOopMap {c_rarg1=Oop [216]=Oop c_rarg0=Oop }
                      ;*invokeinterface getAsLong {reexecute=0 rethrow=0 return_oop=0}
                      ; - net.minecraft.class_156::method_648@3 (line 126)
                      ; - net.minecraft.class_310::method_1523@27 (line 1154)
                      ;   {runtime_call throw_null_pointer_exception Runtime1 stub}
  0x000000013a576208: 3ebb 4295 

  0x000000013a57620c: ; ImmutableOopMap {c_rarg1=Oop [216]=Oop c_rarg2=Oop }
                      ;*invokevirtual method_22093 {reexecute=0 rethrow=0 return_oop=0}
                      ; - net.minecraft.class_310::method_1523@35 (line 1155)
                      ;   {runtime_call throw_null_pointer_exception Runtime1 stub}
  0x000000013a57620c: 3dbb 4295 

  0x000000013a576210: ;   {metadata({method} {0x000000032b943d70} 'method_22093' '()Z' in 'net/minecraft/class_1041')}
  0x000000013a576210: 08ae 87d2 | 8872 a5f2 | 6800 c0f2 | e807 00f9 | 0800 8092 | e803 00f9 

  0x000000013a576228: ; ImmutableOopMap {c_rarg1=Oop [216]=Oop c_rarg2=Oop }
                      ;*synchronization entry
                      ; - net.minecraft.class_1041::method_22093@-1 (line 134)
                      ; - net.minecraft.class_310::method_1523@35 (line 1155)
                      ;   {runtime_call counter_overflow Runtime1 stub}
  0x000000013a576228: b6ce 4295 | 7de0 ff17 

  0x000000013a576230: ;   {metadata({method} {0x00000003310e75e0} '_shouldClose' '(Lnet/minecraft/class_1041;)Z' in 'com/mojang/blaze3d/platform/GLX')}
  0x000000013a576230: 08bc 8ed2 | c821 a6f2 | 6800 c0f2 | e807 00f9 | 0800 8092 | e803 00f9 

  0x000000013a576248: ; ImmutableOopMap {c_rarg1=Oop [216]=Oop c_rarg2=Oop }
                      ;*synchronization entry
                      ; - com.mojang.blaze3d.platform.GLX::_shouldClose@-1 (line 92)
                      ; - net.minecraft.class_1041::method_22093@1 (line 134)
                      ; - net.minecraft.class_310::method_1523@35 (line 1155)
                      ;   {runtime_call counter_overflow Runtime1 stub}
  0x000000013a576248: aece 4295 | 84e0 ff17 

  0x000000013a576250: ;   {metadata({method} {0x0000000153d595d8} 'method_1592' '()V' in 'net/minecraft/class_310')}
  0x000000013a576250: 08bb 92d2 | a87a aaf2 | 2800 c0f2 | e807 00f9 | 0800 8092 | e803 00f9 

  0x000000013a576268: ; ImmutableOopMap {c_rarg1=Oop [216]=Oop }
                      ;*synchronization entry
                      ; - net.minecraft.class_310::method_1592@-1
                      ; - net.minecraft.class_310::method_1523@42 (line 1156)
                      ;   {runtime_call counter_overflow Runtime1 stub}
  0x000000013a576268: a6ce 4295 | afe0 ff17 

  0x000000013a576270: ;   {metadata({method} {0x0000000153d647c8} 'handler$eml000$fancymenu$before_stop_FancyMenu' '(Lorg/spongepowered/asm/mixin/injection/callback/CallbackInfo;)V' in 'net/minecraft/class_310')}
  0x000000013a576270: 08f9 88d2 | c87a aaf2 | 2800 c0f2 | e807 00f9 | 0800 8092 | e803 00f9 

  0x000000013a576288: ; ImmutableOopMap {c_rarg1=Oop [216]=Oop }
                      ;*synchronization entry
                      ; - net.minecraft.class_310::handler$eml000$fancymenu$before_stop_FancyMenu@-1 (line 18067)
                      ; - net.minecraft.class_310::method_1592@2
                      ; - net.minecraft.class_310::method_1523@42 (line 1156)
                      ;   {runtime_call counter_overflow Runtime1 stub}
  0x000000013a576288: 9ece 4295 | b7e0 ff17 | 22a0 41b9 | 42f0 7dd3 | e226 fcb4 | e203 00f9 

  0x000000013a5762a0: ;   {runtime_call g1_pre_barrier_slow}
  0x000000013a5762a0: 18d0 4295 | 34e1 ff17 

  0x000000013a5762a8: ;   {metadata({method} {0x0000000153d56858} 'method_1521' '()Ljava/util/concurrent/CompletableFuture;' in 'net/minecraft/class_310')}
  0x000000013a5762a8: 080b 8dd2 | a87a aaf2 | 2800 c0f2 | e807 00f9 | 0800 8092 | e803 00f9 

  0x000000013a5762c0: ; ImmutableOopMap {c_rarg1=Oop [216]=Oop [240]=Oop }
                      ;*synchronization entry
                      ; - net.minecraft.class_310::method_1521@-1 (line 928)
                      ; - net.minecraft.class_310::method_1523@74 (line 1163)
                      ;   {runtime_call counter_overflow Runtime1 stub}
  0x000000013a5762c0: 90ce 4295 | 42e1 ff17 

  0x000000013a5762c8: ;   {metadata({method} {0x0000000153d6b280} 'handler$jia000$sodium$postResourceReload' '(Lorg/spongepowered/asm/mixin/injection/callback/CallbackInfoReturnable;)V' in 'net/minecraft/class_310')}
  0x000000013a5762c8: 0850 96d2 | c87a aaf2 | 2800 c0f2 | e807 00f9 | 0800 8092 | e803 00f9 

  0x000000013a5762e0: ; ImmutableOopMap {[240]=Oop [216]=Oop c_rarg0=Oop }
                      ;*synchronization entry
                      ; - net.minecraft.class_310::handler$jia000$sodium$postResourceReload@-1 (line 36584)
                      ; - net.minecraft.class_310::method_1521@7 (line 928)
                      ; - net.minecraft.class_310::method_1523@74 (line 1163)
                      ;   {runtime_call counter_overflow Runtime1 stub}
  0x000000013a5762e0: 88ce 4295 | 55e1 ff17 

  0x000000013a5762e8: ; ImmutableOopMap {[216]=Oop c_rarg0=Oop c_rarg1=Oop }
                      ;*invokevirtual thenRun {reexecute=0 rethrow=0 return_oop=0}
                      ; - net.minecraft.class_310::method_1523@84 (line 1163)
                      ;   {runtime_call throw_null_pointer_exception Runtime1 stub}
  0x000000013a5762e8: 06bb 4295 

  0x000000013a5762ec: ;   {metadata({method} {0x0000000150058960} 'thenRun' '(Ljava/lang/Runnable;)Ljava/util/concurrent/CompletableFuture;' in 'java/util/concurrent/CompletableFuture')}
  0x000000013a5762ec: 082c 91d2 | a800 aaf2 | 2800 c0f2 | e807 00f9 | 0800 8092 | e803 00f9 

  0x000000013a576304: ; ImmutableOopMap {[216]=Oop c_rarg0=Oop c_rarg1=Oop }
                      ;*synchronization entry
                      ; - java.util.concurrent.CompletableFuture::thenRun@-1
                      ; - net.minecraft.class_310::method_1523@84 (line 1163)
                      ;   {runtime_call counter_overflow Runtime1 stub}
  0x000000013a576304: 7fce 4295 | aee1 ff17 

  0x000000013a57630c: ; ImmutableOopMap {[216]=Oop c_rarg1=Oop }
                      ;*invokeinterface run {reexecute=0 rethrow=0 return_oop=0}
                      ; - net.minecraft.class_310::method_1523@108 (line 1168)
                      ;   {runtime_call throw_null_pointer_exception Runtime1 stub}
  0x000000013a57630c: fdba 4295 

  0x000000013a576310: ;   {metadata({method} {0x0000000153d57718} 'method_1523' '(Z)V' in 'net/minecraft/class_310')}
  0x000000013a576310: 08e3 8ed2 | a87a aaf2 | 2800 c0f2 | e807 00f9 | 280e 80d2 | e803 00f9 

  0x000000013a576328: ; ImmutableOopMap {[216]=Oop }
                      ;*goto {reexecute=1 rethrow=0 return_oop=0}
                      ; - (reexecute) net.minecraft.class_310::method_1523@113 (line 1168)
                      ;   {runtime_call counter_overflow Runtime1 stub}
  0x000000013a576328: 76ce 4295 | e8e1 ff17 

  0x000000013a576330: ; ImmutableOopMap {c_rarg1=Oop [216]=Oop c_rarg0=Oop }
                      ;*invokeinterface poll {reexecute=0 rethrow=0 return_oop=0}
                      ; - net.minecraft.class_310::method_1523@92 (line 1167)
                      ;   {runtime_call throw_null_pointer_exception Runtime1 stub}
  0x000000013a576330: f4ba 4295 | e803 00aa 

  0x000000013a576338: ; ImmutableOopMap {[216]=Oop }
                      ;*checkcast {reexecute=0 rethrow=0 return_oop=0}
                      ; - net.minecraft.class_310::method_1523@97 (line 1167)
                      ;   {runtime_call throw_class_cast_exception Runtime1 stub}
  0x000000013a576338: b2c4 4295 

  0x000000013a57633c: ;   {metadata({method} {0x0000000151c935b0} 'method_658' '()J' in 'net/minecraft/class_156')}
  0x000000013a57633c: 08b6 86d2 | 2839 aaf2 | 2800 c0f2 | e807 00f9 | 0800 8092 | e803 00f9 

  0x000000013a576354: ; ImmutableOopMap {c_rarg1=Oop [216]=Oop c_rarg0=Oop }
                      ;*synchronization entry
                      ; - net.minecraft.class_156::method_658@-1 (line 122)
                      ; - net.minecraft.class_310::method_1523@124 (line 1172)
                      ;   {runtime_call counter_overflow Runtime1 stub}
  0x000000013a576354: 6bce 4295 | 86e2 ff17 

  0x000000013a57635c: ;   {metadata({method} {0x0000000151c93650} 'method_648' '()J' in 'net/minecraft/class_156')}
  0x000000013a57635c: 08ca 86d2 | 2839 aaf2 | 2800 c0f2 | e807 00f9 | 0800 8092 | e803 00f9 

  0x000000013a576374: ; ImmutableOopMap {c_rarg1=Oop [216]=Oop c_rarg0=Oop }
                      ;*synchronization entry
                      ; - net.minecraft.class_156::method_648@-1 (line 126)
                      ; - net.minecraft.class_156::method_658@0 (line 122)
                      ; - net.minecraft.class_310::method_1523@124 (line 1172)
                      ;   {runtime_call counter_overflow Runtime1 stub}
  0x000000013a576374: 63ce 4295 | 8de2 ff17 

  0x000000013a57637c: ; ImmutableOopMap {c_rarg1=Oop [216]=Oop c_rarg0=Oop c_rarg3=Oop }
                      ;*invokeinterface getAsLong {reexecute=0 rethrow=0 return_oop=0}
                      ; - net.minecraft.class_156::method_648@3 (line 126)
                      ; - net.minecraft.class_156::method_658@0 (line 122)
                      ; - net.minecraft.class_310::method_1523@124 (line 1172)
                      ;   {runtime_call throw_null_pointer_exception Runtime1 stub}
  0x000000013a57637c: e1ba 4295 

  0x000000013a576380: ; ImmutableOopMap {[216]=Oop c_rarg0=Oop }
                      ;*invokevirtual method_1658 {reexecute=0 rethrow=0 return_oop=0}
                      ; - net.minecraft.class_310::method_1523@127 (line 1172)
                      ;   {runtime_call throw_null_pointer_exception Runtime1 stub}
  0x000000013a576380: e0ba 4295 

  0x000000013a576384: ;   {metadata({method} {0x0000000153d6e2b0} 'handler$mfb000$updateInReplay' '(Lorg/spongepowered/asm/mixin/injection/callback/CallbackInfo;)V' in 'net/minecraft/class_310')}
  0x000000013a576384: 0856 9cd2 | c87a aaf2 | 2800 c0f2 | e807 00f9 | 0800 8092 | e803 00f9 

  0x000000013a57639c: ; ImmutableOopMap {c_rarg1=Oop [216]=Oop c_rarg2=Oop }
                      ;*synchronization entry
                      ; - net.minecraft.class_310::handler$mfb000$updateInReplay@-1 (line 51007)
                      ; - net.minecraft.class_310::method_1523@138 (line 1174)
                      ;   {runtime_call counter_overflow Runtime1 stub}
  0x000000013a57639c: 59ce 4295 | dbe2 ff17 

  0x000000013a5763a4: ; ImmutableOopMap {[216]=Oop c_rarg2=Oop }
                      ;*invokeinterface method_15396 {reexecute=0 rethrow=0 return_oop=0}
                      ; - net.minecraft.class_310::method_1523@144 (line 1174)
                      ;   {runtime_call throw_incompatible_class_change_error Runtime1 stub}
  0x000000013a5763a4: 57c5 4295 

  0x000000013a5763a8: ; ImmutableOopMap {[216]=Oop c_rarg2=Oop }
                      ;*invokeinterface method_15396 {reexecute=0 rethrow=0 return_oop=0}
                      ; - net.minecraft.class_310::method_1523@144 (line 1174)
                      ;   {runtime_call throw_null_pointer_exception Runtime1 stub}
  0x000000013a5763a8: d6ba 4295 

  0x000000013a5763ac: ;   {metadata({method} {0x0000000153e3ea08} 'method_15396' '(Ljava/lang/String;)V' in 'net/minecraft/class_3694')}
  0x000000013a5763ac: 0841 9dd2 | 687c aaf2 | 2800 c0f2 | e807 00f9 | 0800 8092 | e803 00f9 

  0x000000013a5763c4: ; ImmutableOopMap {[216]=Oop }
                      ;*synchronization entry
                      ; - net.minecraft.class_3694::method_15396@-1 (line 27)
                      ; - net.minecraft.class_310::method_1523@144 (line 1174)
                      ;   {runtime_call counter_overflow Runtime1 stub}
  0x000000013a5763c4: 4fce 4295 | f5e2 ff17 

  0x000000013a5763cc: ;   {metadata({method} {0x0000000153d73110} 'method_5383' '()V' in 'net/minecraft/class_1255')}
  0x000000013a5763cc: 0822 86d2 | e87a aaf2 | 2800 c0f2 | e807 00f9 | 0800 8092 | e803 00f9 

  0x000000013a5763e4: ; ImmutableOopMap {[216]=Oop }
                      ;*synchronization entry
                      ; - net.minecraft.class_1255::method_5383@-1 (line 115)
                      ; - net.minecraft.class_310::method_1523@150 (line 1175)
                      ;   {runtime_call counter_overflow Runtime1 stub}
  0x000000013a5763e4: 47ce 4295 | 1fe3 ff17 

  0x000000013a5763ec: ;   {metadata({method} {0x0000000153d73110} 'method_5383' '()V' in 'net/minecraft/class_1255')}
  0x000000013a5763ec: 0822 86d2 | e87a aaf2 | 2800 c0f2 | e807 00f9 | e80b 40b2 | e803 00f9 

  0x000000013a576404: ; ImmutableOopMap {[216]=Oop }
                      ;*goto {reexecute=1 rethrow=0 return_oop=0}
                      ; - (reexecute) net.minecraft.class_1255::method_5383@7 (line 115)
                      ; - net.minecraft.class_310::method_1523@150 (line 1175)
                      ;   {runtime_call counter_overflow Runtime1 stub}
  0x000000013a576404: 3fce 4295 | 21e3 ff17 

  0x000000013a57640c: ; ImmutableOopMap {c_rarg1=Oop [216]=Oop c_rarg0=Oop }
                      ;*invokeinterface method_15407 {reexecute=0 rethrow=0 return_oop=0}
                      ; - net.minecraft.class_310::method_1523@157 (line 1176)
                      ;   {runtime_call throw_incompatible_class_change_error Runtime1 stub}
  0x000000013a57640c: 3dc5 4295 

  0x000000013a576410: ; ImmutableOopMap {c_rarg1=Oop [216]=Oop c_rarg0=Oop }
                      ;*invokeinterface method_15407 {reexecute=0 rethrow=0 return_oop=0}
                      ; - net.minecraft.class_310::method_1523@157 (line 1176)
                      ;   {runtime_call throw_null_pointer_exception Runtime1 stub}
  0x000000013a576410: bcba 4295 

  0x000000013a576414: ;   {metadata({method} {0x0000000153e3ec20} 'method_15407' '()V' in 'net/minecraft/class_3694')}
  0x000000013a576414: 0884 9dd2 | 687c aaf2 | 2800 c0f2 | e807 00f9 | 0800 8092 | e803 00f9 

  0x000000013a57642c: ; ImmutableOopMap {c_rarg1=Oop [216]=Oop c_rarg0=Oop }
                      ;*synchronization entry
                      ; - net.minecraft.class_3694::method_15407@-1 (line 39)
                      ; - net.minecraft.class_310::method_1523@157 (line 1176)
                      ;   {runtime_call counter_overflow Runtime1 stub}
  0x000000013a57642c: 35ce 4295 | 76e3 ff17 

  0x000000013a576434: ; ImmutableOopMap {c_rarg1=Oop [216]=Oop c_rarg0=Oop }
                      ;*invokeinterface method_15396 {reexecute=0 rethrow=0 return_oop=0}
                      ; - net.minecraft.class_310::method_1523@169 (line 1178)
                      ;   {runtime_call throw_incompatible_class_change_error Runtime1 stub}
  0x000000013a576434: 33c5 4295 

  0x000000013a576438: ;   {metadata({method} {0x0000000153e3ea08} 'method_15396' '(Ljava/lang/String;)V' in 'net/minecraft/class_3694')}
  0x000000013a576438: 0841 9dd2 | 687c aaf2 | 2800 c0f2 | e807 00f9 | 0800 8092 | e803 00f9 

  0x000000013a576450: ; ImmutableOopMap {c_rarg1=Oop [216]=Oop }
                      ;*synchronization entry
                      ; - net.minecraft.class_3694::method_15396@-1 (line 27)
                      ; - net.minecraft.class_310::method_1523@169 (line 1178)
                      ;   {runtime_call counter_overflow Runtime1 stub}
  0x000000013a576450: 2cce 4295 | 87e3 ff17 

  0x000000013a576458: ;   {metadata({method} {0x000000e00040ce38} 'min' '(II)I' in 'java/lang/Math')}
  0x000000013a576458: 08c7 99d2 | 0808 a0f2 | 081c c0f2 | e807 00f9 | 0800 8092 | e803 00f9 

  0x000000013a576470: ; ImmutableOopMap {c_rarg1=Oop [216]=Oop }
                      ;*synchronization entry
                      ; - java.lang.Math::min@-1
                      ; - net.minecraft.class_310::method_1523@183 (line 1179)
                      ;   {runtime_call counter_overflow Runtime1 stub}
  0x000000013a576470: 24ce 4295 | 90e3 ff17 

  0x000000013a576478: ; ImmutableOopMap {c_rarg1=Oop [216]=Oop c_rarg3=Oop }
                      ;*invokeinterface method_39278 {reexecute=0 rethrow=0 return_oop=0}
                      ; - net.minecraft.class_310::method_1523@196 (line 1180)
                      ;   {runtime_call throw_incompatible_class_change_error Runtime1 stub}
  0x000000013a576478: 22c5 4295 

  0x000000013a57647c: ; ImmutableOopMap {c_rarg1=Oop [216]=Oop c_rarg3=Oop }
                      ;*invokeinterface method_39278 {reexecute=0 rethrow=0 return_oop=0}
                      ; - net.minecraft.class_310::method_1523@196 (line 1180)
                      ;   {runtime_call throw_null_pointer_exception Runtime1 stub}
  0x000000013a57647c: a1ba 4295 

  0x000000013a576480: ;   {metadata({method} {0x0000000153d75158} 'method_39278' '(Ljava/lang/String;)V' in 'net/minecraft/class_3695')}
  0x000000013a576480: 082b 8ad2 | e87a aaf2 | 2800 c0f2 | e807 00f9 | 0800 8092 | e803 00f9 

  0x000000013a576498: ; ImmutableOopMap {c_rarg1=Oop [216]=Oop c_rarg3=Oop }
                      ;*synchronization entry
                      ; - net.minecraft.class_3695::method_39278@-1 (line 27)
                      ; - net.minecraft.class_310::method_1523@196 (line 1180)
                      ;   {runtime_call counter_overflow Runtime1 stub}
  0x000000013a576498: 1ace 4295 | e6e3 ff17 

  0x000000013a5764a0: ; ImmutableOopMap {c_rarg1=Oop [216]=Oop c_rarg3=Oop }
                      ;*invokeinterface method_24270 {reexecute=0 rethrow=0 return_oop=0}
                      ; - net.minecraft.class_3695::method_39278@3 (line 27)
                      ; - net.minecraft.class_310::method_1523@196 (line 1180)
                      ;   {runtime_call throw_incompatible_class_change_error Runtime1 stub}
  0x000000013a5764a0: 18c5 4295 

  0x000000013a5764a4: ;   {metadata({method} {0x0000000153e3ee58} 'method_24270' '(Ljava/lang/String;I)V' in 'net/minecraft/class_3694')}
  0x000000013a5764a4: 08cb 9dd2 | 687c aaf2 | 2800 c0f2 | e807 00f9 | 0800 8092 | e803 00f9 

  0x000000013a5764bc: ; ImmutableOopMap {c_rarg1=Oop [216]=Oop }
                      ;*synchronization entry
                      ; - net.minecraft.class_3694::method_24270@-1 (line 51)
                      ; - net.minecraft.class_3695::method_39278@3 (line 27)
                      ; - net.minecraft.class_310::method_1523@196 (line 1180)
                      ;   {runtime_call counter_overflow Runtime1 stub}
  0x000000013a5764bc: 11ce 4295 | f7e3 ff17 

  0x000000013a5764c4: ;   {metadata({method} {0x0000000153d57718} 'method_1523' '(Z)V' in 'net/minecraft/class_310')}
  0x000000013a5764c4: 08e3 8ed2 | a87a aaf2 | 2800 c0f2 | e807 00f9 | 081a 80d2 | e803 00f9 

  0x000000013a5764dc: ; ImmutableOopMap {[216]=Oop }
                      ;*goto {reexecute=1 rethrow=0 return_oop=0}
                      ; - (reexecute) net.minecraft.class_310::method_1523@208 (line 1179)
                      ;   {runtime_call counter_overflow Runtime1 stub}
  0x000000013a5764dc: 09ce 4295 | 04e4 ff17 

  0x000000013a5764e4: ; ImmutableOopMap {c_rarg1=Oop [216]=Oop c_rarg0=Oop }
                      ;*invokeinterface method_15407 {reexecute=0 rethrow=0 return_oop=0}
                      ; - net.minecraft.class_310::method_1523@215 (line 1183)
                      ;   {runtime_call throw_incompatible_class_change_error Runtime1 stub}
  0x000000013a5764e4: 07c5 4295 

  0x000000013a5764e8: ; ImmutableOopMap {c_rarg1=Oop [216]=Oop c_rarg0=Oop }
                      ;*invokeinterface method_15407 {reexecute=0 rethrow=0 return_oop=0}
                      ; - net.minecraft.class_310::method_1523@215 (line 1183)
                      ;   {runtime_call throw_null_pointer_exception Runtime1 stub}
  0x000000013a5764e8: 86ba 4295 

  0x000000013a5764ec: ;   {metadata({method} {0x0000000153e3ec20} 'method_15407' '()V' in 'net/minecraft/class_3694')}
  0x000000013a5764ec: 0884 9dd2 | 687c aaf2 | 2800 c0f2 | e807 00f9 | 0800 8092 | e803 00f9 

  0x000000013a576504: ; ImmutableOopMap {c_rarg1=Oop [216]=Oop }
                      ;*synchronization entry
                      ; - net.minecraft.class_3694::method_15407@-1 (line 39)
                      ; - net.minecraft.class_310::method_1523@215 (line 1183)
                      ;   {runtime_call counter_overflow Runtime1 stub}
  0x000000013a576504: ffcd 4295 | 23e4 ff17 

  0x000000013a57650c: ; ImmutableOopMap {c_rarg1=Oop [216]=Oop c_rarg0=Oop }
                      ;*invokevirtual method_1606 {reexecute=0 rethrow=0 return_oop=0}
                      ; - net.minecraft.class_310::method_1523@224 (line 1186)
                      ;   {runtime_call throw_null_pointer_exception Runtime1 stub}
  0x000000013a57650c: 7dba 4295 

  0x000000013a576510: ; ImmutableOopMap {c_rarg1=Oop [216]=Oop c_rarg2=Oop }
                      ;*invokevirtual method_4474 {reexecute=0 rethrow=0 return_oop=0}
                      ; - net.minecraft.class_310::method_1523@234 (line 1188)
                      ;   {runtime_call throw_null_pointer_exception Runtime1 stub}
  0x000000013a576510: 7cba 4295 | 4368 40b9 | 63f0 7dd3 | 6387 fcb4 | e303 00f9 

  0x000000013a576524: ;   {runtime_call g1_pre_barrier_slow}
  0x000000013a576524: 77cf 4295 | 38e4 ff17 | a087 fcb4 | e203 00f9 

  0x000000013a576534: ;   {runtime_call g1_post_barrier_slow}
  0x000000013a576534: 33d0 4295 | 3ae4 ff17 

  0x000000013a57653c: ; ImmutableOopMap {c_rarg1=Oop [216]=Oop c_rarg2=Oop }
                      ;*invokeinterface method_15396 {reexecute=0 rethrow=0 return_oop=0}
                      ; - net.minecraft.class_310::method_1523@244 (line 1190)
                      ;   {runtime_call throw_incompatible_class_change_error Runtime1 stub}
  0x000000013a57653c: f1c4 4295 

  0x000000013a576540: ; ImmutableOopMap {c_rarg1=Oop [216]=Oop c_rarg2=Oop }
                      ;*invokeinterface method_15396 {reexecute=0 rethrow=0 return_oop=0}
                      ; - net.minecraft.class_310::method_1523@244 (line 1190)
                      ;   {runtime_call throw_null_pointer_exception Runtime1 stub}
  0x000000013a576540: 70ba 4295 

  0x000000013a576544: ;   {metadata({method} {0x0000000153e3ea08} 'method_15396' '(Ljava/lang/String;)V' in 'net/minecraft/class_3694')}
  0x000000013a576544: 0841 9dd2 | 687c aaf2 | 2800 c0f2 | e807 00f9 | 0800 8092 | e803 00f9 

  0x000000013a57655c: ; ImmutableOopMap {c_rarg1=Oop [216]=Oop }
                      ;*synchronization entry
                      ; - net.minecraft.class_3694::method_15396@-1 (line 27)
                      ; - net.minecraft.class_310::method_1523@244 (line 1190)
                      ;   {runtime_call counter_overflow Runtime1 stub}
  0x000000013a57655c: e9cd 4295 | 4de4 ff17 

  0x000000013a576564: ; ImmutableOopMap {c_rarg1=Oop [216]=Oop c_rarg2=Oop c_rarg0=Oop }
                      ;*invokevirtual method_19418 {reexecute=0 rethrow=0 return_oop=0}
                      ; - net.minecraft.class_310::method_1523@257 (line 1191)
                      ;   {runtime_call throw_null_pointer_exception Runtime1 stub}
  0x000000013a576564: 67ba 4295 

  0x000000013a576568: ; ImmutableOopMap {c_rarg1=Oop [216]=Oop c_rarg2=Oop c_rarg0=Oop }
                      ;*invokevirtual method_4876 {reexecute=0 rethrow=0 return_oop=0}
                      ; - net.minecraft.class_310::method_1523@260 (line 1191)
                      ;   {runtime_call throw_null_pointer_exception Runtime1 stub}
  0x000000013a576568: 66ba 4295 

  0x000000013a57656c: ;   {metadata({method} {0x000000033131ab60} 'method_4876' '(Lnet/minecraft/class_4184;)V' in 'net/minecraft/class_1144')}
  0x000000013a57656c: 086c 95d2 | 2826 a6f2 | 6800 c0f2 | e807 00f9 | 0800 8092 | e803 00f9 

  0x000000013a576584: ; ImmutableOopMap {c_rarg1=Oop [216]=Oop c_rarg2=Oop c_rarg0=Oop }
                      ;*synchronization entry
                      ; - net.minecraft.class_1144::method_4876@-1 (line 256)
                      ; - net.minecraft.class_310::method_1523@260 (line 1191)
                      ;   {runtime_call counter_overflow Runtime1 stub}
  0x000000013a576584: dfcd 4295 | 62e4 ff17 

  0x000000013a57658c: ; ImmutableOopMap {c_rarg1=Oop [216]=Oop c_rarg0=Oop c_rarg3=Oop }
                      ;*invokevirtual method_4840 {reexecute=0 rethrow=0 return_oop=0}
                      ; - net.minecraft.class_1144::method_4876@5 (line 256)
                      ; - net.minecraft.class_310::method_1523@260 (line 1191)
                      ;   {runtime_call throw_null_pointer_exception Runtime1 stub}
  0x000000013a57658c: 5dba 4295 

  0x000000013a576590: ; ImmutableOopMap {c_rarg1=Oop [216]=Oop c_rarg0=Oop }
                      ;*invokeinterface method_15407 {reexecute=0 rethrow=0 return_oop=0}
                      ; - net.minecraft.class_310::method_1523@267 (line 1192)
                      ;   {runtime_call throw_incompatible_class_change_error Runtime1 stub}
  0x000000013a576590: dcc4 4295 

  0x000000013a576594: ; ImmutableOopMap {c_rarg1=Oop [216]=Oop c_rarg0=Oop }
                      ;*invokeinterface method_15407 {reexecute=0 rethrow=0 return_oop=0}
                      ; - net.minecraft.class_310::method_1523@267 (line 1192)
                      ;   {runtime_call throw_null_pointer_exception Runtime1 stub}
  0x000000013a576594: 5bba 4295 

  0x000000013a576598: ;   {metadata({method} {0x0000000153e3ec20} 'method_15407' '()V' in 'net/minecraft/class_3694')}
  0x000000013a576598: 0884 9dd2 | 687c aaf2 | 2800 c0f2 | e807 00f9 | 0800 8092 | e803 00f9 

  0x000000013a5765b0: ; ImmutableOopMap {c_rarg1=Oop [216]=Oop c_rarg0=Oop }
                      ;*synchronization entry
                      ; - net.minecraft.class_3694::method_15407@-1 (line 39)
                      ; - net.minecraft.class_310::method_1523@267 (line 1192)
                      ;   {runtime_call counter_overflow Runtime1 stub}
  0x000000013a5765b0: d4cd 4295 | 83e4 ff17 

  0x000000013a5765b8: ; ImmutableOopMap {c_rarg1=Oop [216]=Oop c_rarg0=Oop }
                      ;*invokeinterface method_15396 {reexecute=0 rethrow=0 return_oop=0}
                      ; - net.minecraft.class_310::method_1523@279 (line 1194)
                      ;   {runtime_call throw_incompatible_class_change_error Runtime1 stub}
  0x000000013a5765b8: d2c4 4295 

  0x000000013a5765bc: ;   {metadata({method} {0x0000000153e3ea08} 'method_15396' '(Ljava/lang/String;)V' in 'net/minecraft/class_3694')}
  0x000000013a5765bc: 0841 9dd2 | 687c aaf2 | 2800 c0f2 | e807 00f9 | 0800 8092 | e803 00f9 

  0x000000013a5765d4: ; ImmutableOopMap {c_rarg1=Oop [216]=Oop }
                      ;*synchronization entry
                      ; - net.minecraft.class_3694::method_15396@-1 (line 27)
                      ; - net.minecraft.class_310::method_1523@279 (line 1194)
                      ;   {runtime_call counter_overflow Runtime1 stub}
  0x000000013a5765d4: cbcd 4295 | 94e4 ff17 

  0x000000013a5765dc: ;   {metadata({method} {0x0000000151c93650} 'method_648' '()J' in 'net/minecraft/class_156')}
  0x000000013a5765dc: 08ca 86d2 | 2839 aaf2 | 2800 c0f2 | e807 00f9 | 0800 8092 | e803 00f9 

  0x000000013a5765f4: ; ImmutableOopMap {c_rarg1=Oop [216]=Oop }
                      ;*synchronization entry
                      ; - net.minecraft.class_156::method_648@-1 (line 126)
                      ; - net.minecraft.class_310::method_1523@284 (line 1196)
                      ;   {runtime_call counter_overflow Runtime1 stub}
  0x000000013a5765f4: c3cd 4295 | 9be4 ff17 

  0x000000013a5765fc: ; ImmutableOopMap {c_rarg1=Oop [216]=Oop c_rarg0=Oop }
                      ;*invokeinterface getAsLong {reexecute=0 rethrow=0 return_oop=0}
                      ; - net.minecraft.class_156::method_648@3 (line 126)
                      ; - net.minecraft.class_310::method_1523@284 (line 1196)
                      ;   {runtime_call throw_null_pointer_exception Runtime1 stub}
  0x000000013a5765fc: 41ba 4295 

  0x000000013a576600: ; ImmutableOopMap {c_rarg1=Oop [216]=Oop }
                      ;*getfield field_1866 {reexecute=1 rethrow=0 return_oop=0}
                      ; - (reexecute) net.minecraft.class_310::method_1523@293 (line 1198)
                      ;   {runtime_call throw_null_pointer_exception Runtime1 stub}
  0x000000013a576600: 40ba 4295 

  0x000000013a576604: ; ImmutableOopMap {c_rarg1=Oop [216]=Oop c_rarg2=Oop }
                      ;*invokeinterface method_34773 {reexecute=0 rethrow=0 return_oop=0}
                      ; - net.minecraft.class_310::method_1523@303 (line 1198)
                      ;   {runtime_call throw_incompatible_class_change_error Runtime1 stub}
  0x000000013a576604: bfc4 4295 

  0x000000013a576608: ; ImmutableOopMap {c_rarg1=Oop [216]=Oop c_rarg2=Oop }
                      ;*invokeinterface method_34773 {reexecute=0 rethrow=0 return_oop=0}
                      ; - net.minecraft.class_310::method_1523@303 (line 1198)
                      ;   {runtime_call throw_null_pointer_exception Runtime1 stub}
  0x000000013a576608: 3eba 4295 

  0x000000013a57660c: ;   {metadata({method} {0x0000000153e44ef8} 'method_34773' '()Z' in 'net/minecraft/class_5963')}
  0x000000013a57660c: 08df 89d2 | 887c aaf2 | 2800 c0f2 | e807 00f9 | 0800 8092 | e803 00f9 

  0x000000013a576624: ; ImmutableOopMap {c_rarg1=Oop [216]=Oop }
                      ;*synchronization entry
                      ; - net.minecraft.class_5963::method_34773@-1 (line 23)
                      ; - net.minecraft.class_310::method_1523@303 (line 1198)
                      ;   {runtime_call counter_overflow Runtime1 stub}
  0x000000013a576624: b7cd 4295 | f0e4 ff17 

  0x000000013a57662c: ; ImmutableOopMap {[216]=Oop c_rarg2=Oop }
                      ;*invokevirtual method_41723 {reexecute=0 rethrow=0 return_oop=0}
                      ; - net.minecraft.class_310::method_1523@322 (line 1199)
                      ;   {runtime_call throw_null_pointer_exception Runtime1 stub}
  0x000000013a57662c: 35ba 4295 

  0x000000013a576630: ; ImmutableOopMap {[216]=Oop c_rarg0=Oop c_rarg2=Oop }
                      ;*invokevirtual ifPresent {reexecute=0 rethrow=0 return_oop=0}
                      ; - net.minecraft.class_310::method_1523@348 (line 1201)
                      ;   {runtime_call throw_null_pointer_exception Runtime1 stub}
  0x000000013a576630: 34ba 4295 

  0x000000013a576634: ;   {metadata({method} {0x000000e000115fb8} 'ifPresent' '(Ljava/util/function/Consumer;)V' in 'java/util/Optional')}
  0x000000013a576634: 08f7 8bd2 | 2802 a0f2 | 081c c0f2 | e807 00f9 | 0800 8092 | e803 00f9 

  0x000000013a57664c: ; ImmutableOopMap {[216]=Oop c_rarg0=Oop c_rarg2=Oop }
                      ;*synchronization entry
                      ; - java.util.Optional::ifPresent@-1
                      ; - net.minecraft.class_310::method_1523@348 (line 1201)
                      ;   {runtime_call counter_overflow Runtime1 stub}
  0x000000013a57664c: adcd 4295 | 84e5 ff17 

  0x000000013a576654: ; ImmutableOopMap {[216]=Oop c_rarg2=Oop c_rarg0=Oop }
                      ;*invokeinterface accept {reexecute=0 rethrow=0 return_oop=0}
                      ; - java.util.Optional::ifPresent@12
                      ; - net.minecraft.class_310::method_1523@348 (line 1201)
                      ;   {runtime_call throw_null_pointer_exception Runtime1 stub}
  0x000000013a576654: 2bba 4295 

  0x000000013a576658: ;   {metadata({method} {0x0000000153cef7b0} 'clear' '(IZ)V' in 'com/mojang/blaze3d/systems/RenderSystem')}
  0x000000013a576658: 08f6 9ed2 | c879 aaf2 | 2800 c0f2 | e807 00f9 | 0800 8092 | e803 00f9 

  0x000000013a576670: ; ImmutableOopMap {[216]=Oop }
                      ;*synchronization entry
                      ; - com.mojang.blaze3d.systems.RenderSystem::clear@-1 (line 609)
                      ; - net.minecraft.class_310::method_1523@368 (line 1208)
                      ;   {runtime_call counter_overflow Runtime1 stub}
  0x000000013a576670: a4cd 4295 | cfe5 ff17 

  0x000000013a576678: ;   {metadata({method} {0x0000000153ced3d0} 'assertOnGameThreadOrInit' '()V' in 'com/mojang/blaze3d/systems/RenderSystem')}
  0x000000013a576678: 087a 9ad2 | c879 aaf2 | 2800 c0f2 | e807 00f9 | 0800 8092 | e803 00f9 

  0x000000013a576690: ; ImmutableOopMap {[216]=Oop }
                      ;*synchronization entry
                      ; - com.mojang.blaze3d.systems.RenderSystem::assertOnGameThreadOrInit@-1 (line 158)
                      ; - com.mojang.blaze3d.systems.RenderSystem::clear@0 (line 609)
                      ; - net.minecraft.class_310::method_1523@368 (line 1208)
                      ;   {runtime_call counter_overflow Runtime1 stub}
  0x000000013a576690: 9ccd 4295 | d6e5 ff17 

  0x000000013a576698: ;   {metadata({method} {0x0000000153ced270} 'isOnGameThread' '()Z' in 'com/mojang/blaze3d/systems/RenderSystem')}
  0x000000013a576698: 084e 9ad2 | c879 aaf2 | 2800 c0f2 | e807 00f9 | 0800 8092 | e803 00f9 

  0x000000013a5766b0: ; ImmutableOopMap {[216]=Oop }
                      ;*synchronization entry
                      ; - com.mojang.blaze3d.systems.RenderSystem::isOnGameThread@-1 (line 146)
                      ; - com.mojang.blaze3d.systems.RenderSystem::assertOnGameThreadOrInit@6 (line 158)
                      ; - com.mojang.blaze3d.systems.RenderSystem::clear@0 (line 609)
                      ; - net.minecraft.class_310::method_1523@368 (line 1208)
                      ;   {runtime_call counter_overflow Runtime1 stub}
  0x000000013a5766b0: 94cd 4295 | ece5 ff17 

  0x000000013a5766b8: ;   {metadata({method} {0x000000033125b3f8} '_clear' '(IZ)V' in 'com/mojang/blaze3d/platform/GlStateManager')}
  0x000000013a5766b8: 087f 96d2 | a824 a6f2 | 6800 c0f2 | e807 00f9 | 0800 8092 | e803 00f9 

  0x000000013a5766d0: ; ImmutableOopMap {[216]=Oop }
                      ;*synchronization entry
                      ; - com.mojang.blaze3d.platform.GlStateManager::_clear@-1 (line 705)
                      ; - com.mojang.blaze3d.systems.RenderSystem::clear@5 (line 615)
                      ; - net.minecraft.class_310::method_1523@368 (line 1208)
                      ;   {runtime_call counter_overflow Runtime1 stub}
  0x000000013a5766d0: 8ccd 4295 | f9e5 ff17 

  0x000000013a5766d8: ;   {metadata({method} {0x0000000153ced488} 'assertOnRenderThreadOrInit' '()V' in 'com/mojang/blaze3d/systems/RenderSystem')}
  0x000000013a5766d8: 0891 9ad2 | c879 aaf2 | 2800 c0f2 | e807 00f9 | 0800 8092 | e803 00f9 

  0x000000013a5766f0: ; ImmutableOopMap {[216]=Oop }
                      ;*synchronization entry
                      ; - com.mojang.blaze3d.systems.RenderSystem::assertOnRenderThreadOrInit@-1 (line 165)
                      ; - com.mojang.blaze3d.platform.GlStateManager::_clear@0 (line 705)
                      ; - com.mojang.blaze3d.systems.RenderSystem::clear@5 (line 615)
                      ; - net.minecraft.class_310::method_1523@368 (line 1208)
                      ;   {runtime_call counter_overflow Runtime1 stub}
  0x000000013a5766f0: 84cd 4295 | 00e6 ff17 

  0x000000013a5766f8: ;   {metadata({method} {0x0000000153ced008} 'isOnRenderThread' '()Z' in 'com/mojang/blaze3d/systems/RenderSystem')}
  0x000000013a5766f8: 0801 9ad2 | c879 aaf2 | 2800 c0f2 | e807 00f9 | 0800 8092 | e803 00f9 

  0x000000013a576710: ; ImmutableOopMap {[216]=Oop }
                      ;*synchronization entry
                      ; - com.mojang.blaze3d.systems.RenderSystem::isOnRenderThread@-1 (line 127)
                      ; - com.mojang.blaze3d.systems.RenderSystem::assertOnRenderThreadOrInit@6 (line 165)
                      ; - com.mojang.blaze3d.platform.GlStateManager::_clear@0 (line 705)
                      ; - com.mojang.blaze3d.systems.RenderSystem::clear@5 (line 615)
                      ; - net.minecraft.class_310::method_1523@368 (line 1208)
                      ;   {runtime_call counter_overflow Runtime1 stub}
  0x000000013a576710: 7ccd 4295 | 12e6 ff17 

  0x000000013a576718: ;   {metadata({method} {0x00000001518ac348} 'glClear' '(I)V' in 'org/lwjgl/opengl/GL11')}
  0x000000013a576718: 0869 98d2 | 4831 aaf2 | 2800 c0f2 | e807 00f9 | 0800 8092 | e803 00f9 

  0x000000013a576730: ; ImmutableOopMap {[216]=Oop }
                      ;*synchronization entry
                      ; - org.lwjgl.opengl.GL11::glClear@-1 (line 992)
                      ; - com.mojang.blaze3d.platform.GlStateManager::_clear@4 (line 706)
                      ; - com.mojang.blaze3d.systems.RenderSystem::clear@5 (line 615)
                      ; - net.minecraft.class_310::method_1523@368 (line 1208)
                      ;   {runtime_call counter_overflow Runtime1 stub}
  0x000000013a576730: 74cd 4295 | 47e6 ff17 

  0x000000013a576738: ;   {metadata({method} {0x000000033125bd18} '_getError' '()I' in 'com/mojang/blaze3d/platform/GlStateManager')}
  0x000000013a576738: 08a3 97d2 | a824 a6f2 | 6800 c0f2 | e807 00f9 | 0800 8092 | e803 00f9 

  0x000000013a576750: ; ImmutableOopMap {[216]=Oop }
                      ;*synchronization entry
                      ; - com.mojang.blaze3d.platform.GlStateManager::_getError@-1 (line 759)
                      ; - com.mojang.blaze3d.platform.GlStateManager::_clear@11 (line 709)
                      ; - com.mojang.blaze3d.systems.RenderSystem::clear@5 (line 615)
                      ; - net.minecraft.class_310::method_1523@368 (line 1208)
                      ;   {runtime_call counter_overflow Runtime1 stub}
  0x000000013a576750: 6ccd 4295 | 5ce6 ff17 

  0x000000013a576758: ;   {metadata({method} {0x0000000153ced540} 'assertOnRenderThread' '()V' in 'com/mojang/blaze3d/systems/RenderSystem')}
  0x000000013a576758: 08a8 9ad2 | c879 aaf2 | 2800 c0f2 | e807 00f9 | 0800 8092 | e803 00f9 

  0x000000013a576770: ; ImmutableOopMap {[216]=Oop }
                      ;*synchronization entry
                      ; - com.mojang.blaze3d.systems.RenderSystem::assertOnRenderThread@-1 (line 172)
                      ; - com.mojang.blaze3d.platform.GlStateManager::_getError@0 (line 759)
                      ; - com.mojang.blaze3d.platform.GlStateManager::_clear@11 (line 709)
                      ; - com.mojang.blaze3d.systems.RenderSystem::clear@5 (line 615)
                      ; - net.minecraft.class_310::method_1523@368 (line 1208)
                      ;   {runtime_call counter_overflow Runtime1 stub}
  0x000000013a576770: 64cd 4295 | 63e6 ff17 

  0x000000013a576778: ;   {metadata({method} {0x0000000153ced008} 'isOnRenderThread' '()Z' in 'com/mojang/blaze3d/systems/RenderSystem')}
  0x000000013a576778: 0801 9ad2 | c879 aaf2 | 2800 c0f2 | e807 00f9 | 0800 8092 | e803 00f9 

  0x000000013a576790: ; ImmutableOopMap {[216]=Oop }
                      ;*synchronization entry
                      ; - com.mojang.blaze3d.systems.RenderSystem::isOnRenderThread@-1 (line 127)
                      ; - com.mojang.blaze3d.systems.RenderSystem::assertOnRenderThread@0 (line 172)
                      ; - com.mojang.blaze3d.platform.GlStateManager::_getError@0 (line 759)
                      ; - com.mojang.blaze3d.platform.GlStateManager::_clear@11 (line 709)
                      ; - com.mojang.blaze3d.systems.RenderSystem::clear@5 (line 615)
                      ; - net.minecraft.class_310::method_1523@368 (line 1208)
                      ;   {runtime_call counter_overflow Runtime1 stub}
  0x000000013a576790: 5ccd 4295 | 6ae6 ff17 

  0x000000013a576798: ;   {metadata({method} {0x00000001518d70d8} 'glGetError' '()I' in 'org/lwjgl/opengl/GL11')}
  0x000000013a576798: 081b 8ed2 | a831 aaf2 | 2800 c0f2 | e807 00f9 | 0800 8092 | e803 00f9 

  0x000000013a5767b0: ; ImmutableOopMap {[216]=Oop }
                      ;*synchronization entry
                      ; - org.lwjgl.opengl.GL11::glGetError@-1 (line 10035)
                      ; - com.mojang.blaze3d.platform.GlStateManager::_getError@3 (line 760)
                      ; - com.mojang.blaze3d.platform.GlStateManager::_clear@11 (line 709)
                      ; - com.mojang.blaze3d.systems.RenderSystem::clear@5 (line 615)
                      ; - net.minecraft.class_310::method_1523@368 (line 1208)
                      ;   {runtime_call counter_overflow Runtime1 stub}
  0x000000013a5767b0: 54cd 4295 | 9ee6 ff17 

  0x000000013a5767b8: ; ImmutableOopMap {[216]=Oop }
                      ;*getfield experimental_disable_error_checking {reexecute=1 rethrow=0 return_oop=0}
                      ; - (reexecute) org.lwjgl.opengl.GL11::glGetError@3 (line 10035)
                      ; - com.mojang.blaze3d.platform.GlStateManager::_getError@3 (line 760)
                      ; - com.mojang.blaze3d.platform.GlStateManager::_clear@11 (line 709)
                      ; - com.mojang.blaze3d.systems.RenderSystem::clear@5 (line 615)
                      ; - net.minecraft.class_310::method_1523@368 (line 1208)
                      ;   {runtime_call throw_null_pointer_exception Runtime1 stub}
  0x000000013a5767b8: d2b9 4295 

  0x000000013a5767bc: ; ImmutableOopMap {c_rarg1=Oop [216]=Oop c_rarg0=Oop }
                      ;*invokevirtual method_1235 {reexecute=0 rethrow=0 return_oop=0}
                      ; - net.minecraft.class_310::method_1523@376 (line 1210)
                      ;   {runtime_call throw_null_pointer_exception Runtime1 stub}
  0x000000013a5767bc: d1b9 4295 

  0x000000013a5767c0: ;   {metadata({method} {0x0000000332b63f58} 'method_23792' '()V' in 'net/minecraft/class_758')}
  0x000000013a5767c0: 08eb 87d2 | c856 a6f2 | 6800 c0f2 | e807 00f9 | 0800 8092 | e803 00f9 

  0x000000013a5767d8: ; ImmutableOopMap {[216]=Oop }
                      ;*synchronization entry
                      ; - net.minecraft.class_758::method_23792@-1 (line 203)
                      ; - net.minecraft.class_310::method_1523@379 (line 1211)
                      ;   {runtime_call counter_overflow Runtime1 stub}
  0x000000013a5767d8: 4acd 4295 | f0e6 ff17 

  0x000000013a5767e0: ;   {metadata({method} {0x0000000153cef868} 'setShaderFogStart' '(F)V' in 'com/mojang/blaze3d/systems/RenderSystem')}
  0x000000013a5767e0: 080d 9fd2 | c879 aaf2 | 2800 c0f2 | e807 00f9 | 0800 8092 | e803 00f9 

  0x000000013a5767f8: ; ImmutableOopMap {[216]=Oop }
                      ;*synchronization entry
                      ; - com.mojang.blaze3d.systems.RenderSystem::setShaderFogStart@-1 (line 620)
                      ; - net.minecraft.class_758::method_23792@3 (line 203)
                      ; - net.minecraft.class_310::method_1523@379 (line 1211)
                      ;   {runtime_call counter_overflow Runtime1 stub}
  0x000000013a5767f8: 42cd 4295 | f7e6 ff17 

  0x000000013a576800: ;   {metadata({method} {0x0000000153ced540} 'assertOnRenderThread' '()V' in 'com/mojang/blaze3d/systems/RenderSystem')}
  0x000000013a576800: 08a8 9ad2 | c879 aaf2 | 2800 c0f2 | e807 00f9 | 0800 8092 | e803 00f9 

  0x000000013a576818: ; ImmutableOopMap {[216]=Oop }
                      ;*synchronization entry
                      ; - com.mojang.blaze3d.systems.RenderSystem::assertOnRenderThread@-1 (line 172)
                      ; - com.mojang.blaze3d.systems.RenderSystem::setShaderFogStart@0 (line 620)
                      ; - net.minecraft.class_758::method_23792@3 (line 203)
                      ; - net.minecraft.class_310::method_1523@379 (line 1211)
                      ;   {runtime_call counter_overflow Runtime1 stub}
  0x000000013a576818: 3acd 4295 | fee6 ff17 

  0x000000013a576820: ;   {metadata({method} {0x0000000153ced008} 'isOnRenderThread' '()Z' in 'com/mojang/blaze3d/systems/RenderSystem')}
  0x000000013a576820: 0801 9ad2 | c879 aaf2 | 2800 c0f2 | e807 00f9 | 0800 8092 | e803 00f9 

  0x000000013a576838: ; ImmutableOopMap {[216]=Oop }
                      ;*synchronization entry
                      ; - com.mojang.blaze3d.systems.RenderSystem::isOnRenderThread@-1 (line 127)
                      ; - com.mojang.blaze3d.systems.RenderSystem::assertOnRenderThread@0 (line 172)
                      ; - com.mojang.blaze3d.systems.RenderSystem::setShaderFogStart@0 (line 620)
                      ; - net.minecraft.class_758::method_23792@3 (line 203)
                      ; - net.minecraft.class_310::method_1523@379 (line 1211)
                      ;   {runtime_call counter_overflow Runtime1 stub}
  0x000000013a576838: 32cd 4295 | 05e7 ff17 

  0x000000013a576840: ;   {metadata({method} {0x0000000153cef920} '_setShaderFogStart' '(F)V' in 'com/mojang/blaze3d/systems/RenderSystem')}
  0x000000013a576840: 0824 9fd2 | c879 aaf2 | 2800 c0f2 | e807 00f9 | 0800 8092 | e803 00f9 

  0x000000013a576858: ; ImmutableOopMap {[216]=Oop }
                      ;*synchronization entry
                      ; - com.mojang.blaze3d.systems.RenderSystem::_setShaderFogStart@-1 (line 631)
                      ; - com.mojang.blaze3d.systems.RenderSystem::setShaderFogStart@4 (line 626)
                      ; - net.minecraft.class_758::method_23792@3 (line 203)
                      ; - net.minecraft.class_310::method_1523@379 (line 1211)
                      ;   {runtime_call counter_overflow Runtime1 stub}
  0x000000013a576858: 2acd 4295 | 39e7 ff17 

  0x000000013a576860: ;   {metadata({method} {0x0000000153d08900} 'handler$fmb000$iris$onFogStart' '(FLorg/spongepowered/asm/mixin/injection/callback/CallbackInfo;)V' in 'com/mojang/blaze3d/systems/RenderSystem')}
  0x000000013a576860: 0820 91d2 | 087a aaf2 | 2800 c0f2 | e807 00f9 | 0800 8092 | e803 00f9 

  0x000000013a576878: ; ImmutableOopMap {[216]=Oop c_rarg1=Oop }
                      ;*synchronization entry
                      ; - com.mojang.blaze3d.systems.RenderSystem::handler$fmb000$iris$onFogStart@-1 (line 4470)
                      ; - com.mojang.blaze3d.systems.RenderSystem::_setShaderFogStart@6 (line 631)
                      ; - com.mojang.blaze3d.systems.RenderSystem::setShaderFogStart@4 (line 626)
                      ; - net.minecraft.class_758::method_23792@3 (line 203)
                      ; - net.minecraft.class_310::method_1523@379 (line 1211)
                      ;   {runtime_call counter_overflow Runtime1 stub}
  0x000000013a576878: 22cd 4295 | 46e7 ff17 

  0x000000013a576880: ; ImmutableOopMap {[216]=Oop c_rarg1=Oop }
                      ;*invokeinterface run {reexecute=0 rethrow=0 return_oop=0}
                      ; - com.mojang.blaze3d.systems.RenderSystem::handler$fmb000$iris$onFogStart@9 (line 4471)
                      ; - com.mojang.blaze3d.systems.RenderSystem::_setShaderFogStart@6 (line 631)
                      ; - com.mojang.blaze3d.systems.RenderSystem::setShaderFogStart@4 (line 626)
                      ; - net.minecraft.class_758::method_23792@3 (line 203)
                      ; - net.minecraft.class_310::method_1523@379 (line 1211)
                      ;   {runtime_call throw_null_pointer_exception Runtime1 stub}
  0x000000013a576880: a0b9 4295 

  0x000000013a576884: ;   {metadata({method} {0x0000000153d07e60} 'handler$epe000$flywheel$onSetFogStart' '(Lorg/spongepowered/asm/mixin/injection/callback/CallbackInfo;)V' in 'com/mojang/blaze3d/systems/RenderSystem')}
  0x000000013a576884: 08cc 8fd2 | 087a aaf2 | 2800 c0f2 | e807 00f9 | 0800 8092 | e803 00f9 

  0x000000013a57689c: ; ImmutableOopMap {[216]=Oop }
                      ;*synchronization entry
                      ; - com.mojang.blaze3d.systems.RenderSystem::handler$epe000$flywheel$onSetFogStart@-1 (line 2470)
                      ; - com.mojang.blaze3d.systems.RenderSystem::setShaderFogStart@8 (line 628)
                      ; - net.minecraft.class_758::method_23792@3 (line 203)
                      ; - net.minecraft.class_310::method_1523@379 (line 1211)
                      ;   {runtime_call counter_overflow Runtime1 stub}
  0x000000013a57689c: 19cd 4295 | 88e7 ff17 

  0x000000013a5768a4: ; ImmutableOopMap {c_rarg1=Oop [216]=Oop c_rarg2=Oop }
                      ;*invokeinterface method_15396 {reexecute=0 rethrow=0 return_oop=0}
                      ; - net.minecraft.class_310::method_1523@389 (line 1213)
                      ;   {runtime_call throw_incompatible_class_change_error Runtime1 stub}
  0x000000013a5768a4: 17c4 4295 

  0x000000013a5768a8: ; ImmutableOopMap {c_rarg1=Oop [216]=Oop c_rarg2=Oop }
                      ;*invokeinterface method_15396 {reexecute=0 rethrow=0 return_oop=0}
                      ; - net.minecraft.class_310::method_1523@389 (line 1213)
                      ;   {runtime_call throw_null_pointer_exception Runtime1 stub}
  0x000000013a5768a8: 96b9 4295 

  0x000000013a5768ac: ;   {metadata({method} {0x0000000153e3ea08} 'method_15396' '(Ljava/lang/String;)V' in 'net/minecraft/class_3694')}
  0x000000013a5768ac: 0841 9dd2 | 687c aaf2 | 2800 c0f2 | e807 00f9 | 0800 8092 | e803 00f9 

  0x000000013a5768c4: ; ImmutableOopMap {c_rarg1=Oop [216]=Oop }
                      ;*synchronization entry
                      ; - net.minecraft.class_3694::method_15396@-1 (line 27)
                      ; - net.minecraft.class_310::method_1523@389 (line 1213)
                      ;   {runtime_call counter_overflow Runtime1 stub}
  0x000000013a5768c4: 0fcd 4295 | a3e7 ff17 

  0x000000013a5768cc: ;   {metadata({method} {0x0000000153cee748} 'enableCull' '()V' in 'com/mojang/blaze3d/systems/RenderSystem')}
  0x000000013a5768cc: 08e9 9cd2 | c879 aaf2 | 2800 c0f2 | e807 00f9 | 0800 8092 | e803 00f9 

  0x000000013a5768e4: ; ImmutableOopMap {c_rarg1=Oop [216]=Oop }
                      ;*synchronization entry
                      ; - com.mojang.blaze3d.systems.RenderSystem::enableCull@-1 (line 381)
                      ; - net.minecraft.class_310::method_1523@394 (line 1214)
                      ;   {runtime_call counter_overflow Runtime1 stub}
  0x000000013a5768e4: 07cd 4295 | aae7 ff17 

  0x000000013a5768ec: ;   {metadata({method} {0x0000000153ced540} 'assertOnRenderThread' '()V' in 'com/mojang/blaze3d/systems/RenderSystem')}
  0x000000013a5768ec: 08a8 9ad2 | c879 aaf2 | 2800 c0f2 | e807 00f9 | 0800 8092 | e803 00f9 

  0x000000013a576904: ; ImmutableOopMap {c_rarg1=Oop [216]=Oop }
                      ;*synchronization entry
                      ; - com.mojang.blaze3d.systems.RenderSystem::assertOnRenderThread@-1 (line 172)
                      ; - com.mojang.blaze3d.systems.RenderSystem::enableCull@0 (line 381)
                      ; - net.minecraft.class_310::method_1523@394 (line 1214)
                      ;   {runtime_call counter_overflow Runtime1 stub}
  0x000000013a576904: ffcc 4295 | b1e7 ff17 

  0x000000013a57690c: ;   {metadata({method} {0x0000000153ced008} 'isOnRenderThread' '()Z' in 'com/mojang/blaze3d/systems/RenderSystem')}
  0x000000013a57690c: 0801 9ad2 | c879 aaf2 | 2800 c0f2 | e807 00f9 | 0800 8092 | e803 00f9 

  0x000000013a576924: ; ImmutableOopMap {c_rarg1=Oop [216]=Oop }
                      ;*synchronization entry
                      ; - com.mojang.blaze3d.systems.RenderSystem::isOnRenderThread@-1 (line 127)
                      ; - com.mojang.blaze3d.systems.RenderSystem::assertOnRenderThread@0 (line 172)
                      ; - com.mojang.blaze3d.systems.RenderSystem::enableCull@0 (line 381)
                      ; - net.minecraft.class_310::method_1523@394 (line 1214)
                      ;   {runtime_call counter_overflow Runtime1 stub}
  0x000000013a576924: f7cc 4295 | b8e7 ff17 

  0x000000013a57692c: ;   {metadata({method} {0x0000000331266708} '_enableCull' '()V' in 'com/mojang/blaze3d/platform/GlStateManager')}
  0x000000013a57692c: 08e1 8cd2 | c824 a6f2 | 6800 c0f2 | e807 00f9 | 0800 8092 | e803 00f9 

  0x000000013a576944: ; ImmutableOopMap {c_rarg1=Oop [216]=Oop c_rarg2=Oop }
                      ;*synchronization entry
                      ; - com.mojang.blaze3d.platform.GlStateManager::_enableCull@-1 (line 459)
                      ; - com.mojang.blaze3d.systems.RenderSystem::enableCull@3 (line 385)
                      ; - net.minecraft.class_310::method_1523@394 (line 1214)
                      ;   {runtime_call counter_overflow Runtime1 stub}
  0x000000013a576944: efcc 4295 | ece7 ff17 

  0x000000013a57694c: ;   {metadata({method} {0x0000000153ced540} 'assertOnRenderThread' '()V' in 'com/mojang/blaze3d/systems/RenderSystem')}
  0x000000013a57694c: 08a8 9ad2 | c879 aaf2 | 2800 c0f2 | e807 00f9 | 0800 8092 | e803 00f9 

  0x000000013a576964: ; ImmutableOopMap {c_rarg1=Oop [216]=Oop c_rarg2=Oop }
                      ;*synchronization entry
                      ; - com.mojang.blaze3d.systems.RenderSystem::assertOnRenderThread@-1 (line 172)
                      ; - com.mojang.blaze3d.platform.GlStateManager::_enableCull@0 (line 459)
                      ; - com.mojang.blaze3d.systems.RenderSystem::enableCull@3 (line 385)
                      ; - net.minecraft.class_310::method_1523@394 (line 1214)
                      ;   {runtime_call counter_overflow Runtime1 stub}
  0x000000013a576964: e7cc 4295 | f3e7 ff17 

  0x000000013a57696c: ;   {metadata({method} {0x0000000153ced008} 'isOnRenderThread' '()Z' in 'com/mojang/blaze3d/systems/RenderSystem')}
  0x000000013a57696c: 0801 9ad2 | c879 aaf2 | 2800 c0f2 | e807 00f9 | 0800 8092 | e803 00f9 

  0x000000013a576984: ; ImmutableOopMap {c_rarg1=Oop [216]=Oop c_rarg2=Oop }
                      ;*synchronization entry
                      ; - com.mojang.blaze3d.systems.RenderSystem::isOnRenderThread@-1 (line 127)
                      ; - com.mojang.blaze3d.systems.RenderSystem::assertOnRenderThread@0 (line 172)
                      ; - com.mojang.blaze3d.platform.GlStateManager::_enableCull@0 (line 459)
                      ; - com.mojang.blaze3d.systems.RenderSystem::enableCull@3 (line 385)
                      ; - net.minecraft.class_310::method_1523@394 (line 1214)
                      ;   {runtime_call counter_overflow Runtime1 stub}
  0x000000013a576984: dfcc 4295 | fae7 ff17 

  0x000000013a57698c: ; ImmutableOopMap {[216]=Oop }
                      ;*getfield field_5072 {reexecute=1 rethrow=0 return_oop=0}
                      ; - (reexecute) com.mojang.blaze3d.platform.GlStateManager::_enableCull@6 (line 460)
                      ; - com.mojang.blaze3d.systems.RenderSystem::enableCull@3 (line 385)
                      ; - net.minecraft.class_310::method_1523@394 (line 1214)
                      ;   {runtime_call throw_null_pointer_exception Runtime1 stub}
  0x000000013a57698c: 5db9 4295 

  0x000000013a576990: ; ImmutableOopMap {[216]=Oop c_rarg0=Oop }
                      ;*invokevirtual method_4471 {reexecute=0 rethrow=0 return_oop=0}
                      ; - com.mojang.blaze3d.platform.GlStateManager::_enableCull@9 (line 460)
                      ; - com.mojang.blaze3d.systems.RenderSystem::enableCull@3 (line 385)
                      ; - net.minecraft.class_310::method_1523@394 (line 1214)
                      ;   {runtime_call throw_null_pointer_exception Runtime1 stub}
  0x000000013a576990: 5cb9 4295 

  0x000000013a576994: ;   {metadata({method} {0x000000033126c528} 'method_4471' '()V' in 'com/mojang/blaze3d/platform/GlStateManager$class_1018')}
  0x000000013a576994: 08a5 98d2 | c824 a6f2 | 6800 c0f2 | e807 00f9 | 0800 8092 | e803 00f9 

  0x000000013a5769ac: ; ImmutableOopMap {[216]=Oop c_rarg0=Oop }
                      ;*synchronization entry
                      ; - com.mojang.blaze3d.platform.GlStateManager$class_1018::method_4471@-1 (line 871)
                      ; - com.mojang.blaze3d.platform.GlStateManager::_enableCull@9 (line 460)
                      ; - com.mojang.blaze3d.systems.RenderSystem::enableCull@3 (line 385)
                      ; - net.minecraft.class_310::method_1523@394 (line 1214)
                      ;   {runtime_call counter_overflow Runtime1 stub}
  0x000000013a5769ac: d5cc 4295 | 2ee8 ff17 

  0x000000013a5769b4: ; ImmutableOopMap {c_rarg1=Oop [216]=Oop c_rarg0=Oop }
                      ;*invokeinterface method_15407 {reexecute=0 rethrow=0 return_oop=0}
                      ; - net.minecraft.class_310::method_1523@401 (line 1216)
                      ;   {runtime_call throw_incompatible_class_change_error Runtime1 stub}
  0x000000013a5769b4: d3c3 4295 

  0x000000013a5769b8: ; ImmutableOopMap {c_rarg1=Oop [216]=Oop c_rarg0=Oop }
                      ;*invokeinterface method_15407 {reexecute=0 rethrow=0 return_oop=0}
                      ; - net.minecraft.class_310::method_1523@401 (line 1216)
                      ;   {runtime_call throw_null_pointer_exception Runtime1 stub}
  0x000000013a5769b8: 52b9 4295 

  0x000000013a5769bc: ;   {metadata({method} {0x0000000153e3ec20} 'method_15407' '()V' in 'net/minecraft/class_3694')}
  0x000000013a5769bc: 0884 9dd2 | 687c aaf2 | 2800 c0f2 | e807 00f9 | 0800 8092 | e803 00f9 

  0x000000013a5769d4: ; ImmutableOopMap {c_rarg1=Oop [216]=Oop c_rarg0=Oop }
                      ;*synchronization entry
                      ; - net.minecraft.class_3694::method_15407@-1 (line 39)
                      ; - net.minecraft.class_310::method_1523@401 (line 1216)
                      ;   {runtime_call counter_overflow Runtime1 stub}
  0x000000013a5769d4: cbcc 4295 | 4de8 ff17 

  0x000000013a5769dc: ; ImmutableOopMap {c_rarg1=Oop [216]=Oop c_rarg0=Oop }
                      ;*invokeinterface method_15405 {reexecute=0 rethrow=0 return_oop=0}
                      ; - net.minecraft.class_310::method_1523@420 (line 1218)
                      ;   {runtime_call throw_incompatible_class_change_error Runtime1 stub}
  0x000000013a5769dc: c9c3 4295 

  0x000000013a5769e0: ;   {metadata({method} {0x0000000153e3ecd8} 'method_15405' '(Ljava/lang/String;)V' in 'net/minecraft/class_3694')}
  0x000000013a5769e0: 089b 9dd2 | 687c aaf2 | 2800 c0f2 | e807 00f9 | 0800 8092 | e803 00f9 

  0x000000013a5769f8: ; ImmutableOopMap {c_rarg1=Oop [216]=Oop }
                      ;*synchronization entry
                      ; - net.minecraft.class_3694::method_15405@-1 (line 43)
                      ; - net.minecraft.class_310::method_1523@420 (line 1218)
                      ;   {runtime_call counter_overflow Runtime1 stub}
  0x000000013a5769f8: c2cc 4295 | 6ae8 ff17 

  0x000000013a576a00: ; ImmutableOopMap {c_rarg1=Oop [216]=Oop c_rarg0=Oop [304]=Oop }
                      ;*getfield field_1970 {reexecute=1 rethrow=0 return_oop=0}
                      ; - (reexecute) net.minecraft.class_310::method_1523@447 (line 1219)
                      ;   {runtime_call throw_null_pointer_exception Runtime1 stub}
  0x000000013a576a00: 40b9 4295 

  0x000000013a576a04: ;   {metadata({method} {0x0000000153d606e8} 'handler$zfl000$porting_lib_base$port_lib$renderTickStart' '(Lorg/spongepowered/asm/mixin/injection/callback/CallbackInfo;)V' in 'net/minecraft/class_310')}
  0x000000013a576a04: 08dd 80d2 | c87a aaf2 | 2800 c0f2 | e807 00f9 | 0800 8092 | e803 00f9 

  0x000000013a576a1c: ; ImmutableOopMap {c_rarg1=Oop [216]=Oop [304]=Oop }
                      ;*synchronization entry
                      ; - net.minecraft.class_310::handler$zfl000$porting_lib_base$port_lib$renderTickStart@-1 (line 3648)
                      ; - net.minecraft.class_310::method_1523@453 (line 1219)
                      ;   {runtime_call counter_overflow Runtime1 stub}
  0x000000013a576a1c: b9cc 4295 | 8ee8 ff17 

  0x000000013a576a24: ; ImmutableOopMap {c_rarg1=Oop [216]=Oop [304]=Oop }
                      ;*getfield invoker {reexecute=1 rethrow=0 return_oop=0}
                      ; - (reexecute) net.fabricmc.fabric.api.event.Event::invoker@1 (line 48)
                      ; - net.minecraft.class_310::handler$zfl000$porting_lib_base$port_lib$renderTickStart@3 (line 3648)
                      ; - net.minecraft.class_310::method_1523@453 (line 1219)
                      ;   {runtime_call throw_null_pointer_exception Runtime1 stub}
  0x000000013a576a24: 37b9 4295 | e803 02aa 

  0x000000013a576a2c: ; ImmutableOopMap {c_rarg1=Oop [216]=Oop [304]=Oop }
                      ;*checkcast {reexecute=0 rethrow=0 return_oop=0}
                      ; - net.minecraft.class_310::handler$zfl000$porting_lib_base$port_lib$renderTickStart@6 (line 3648)
                      ; - net.minecraft.class_310::method_1523@453 (line 1219)
                      ;   {runtime_call throw_class_cast_exception Runtime1 stub}
  0x000000013a576a2c: f5c2 4295 

  0x000000013a576a30: ; ImmutableOopMap {c_rarg1=Oop [216]=Oop [304]=Oop c_rarg2=Oop }
                      ;*invokeinterface tick {reexecute=0 rethrow=0 return_oop=0}
                      ; - net.minecraft.class_310::handler$zfl000$porting_lib_base$port_lib$renderTickStart@9 (line 3648)
                      ; - net.minecraft.class_310::method_1523@453 (line 1219)
                      ;   {runtime_call throw_null_pointer_exception Runtime1 stub}
  0x000000013a576a30: 34b9 4295 

  0x000000013a576a34: ;   {metadata({method} {0x0000000153d6cba8} 'modify$ljc000$xaerolib$onRenderCall' '(Z)Z' in 'net/minecraft/class_310')}
  0x000000013a576a34: 0875 99d2 | c87a aaf2 | 2800 c0f2 | e807 00f9 | 0800 8092 | e803 00f9 

  0x000000013a576a4c: ; ImmutableOopMap {[304]=Oop [216]=Oop }
                      ;*synchronization entry
                      ; - net.minecraft.class_310::modify$ljc000$xaerolib$onRenderCall@-1 (line 46008)
                      ; - net.minecraft.class_310::method_1523@468 (line 1219)
                      ;   {runtime_call counter_overflow Runtime1 stub}
  0x000000013a576a4c: adcc 4295 | 1ee9 ff17 | e803 01aa 

  0x000000013a576a58: ; ImmutableOopMap {[304]=Oop [216]=Oop }
                      ;*checkcast {reexecute=0 rethrow=0 return_oop=0}
                      ; - net.minecraft.class_310::modify$ljc000$xaerolib$onRenderCall@9 (line 46009)
                      ; - net.minecraft.class_310::method_1523@468 (line 1219)
                      ;   {runtime_call throw_class_cast_exception Runtime1 stub}
  0x000000013a576a58: eac2 4295 

  0x000000013a576a5c: ; ImmutableOopMap {[304]=Oop [216]=Oop c_rarg0=Oop [312]=Oop }
                      ;*invokevirtual tryLoadLaterClient {reexecute=0 rethrow=0 return_oop=0}
                      ; - net.minecraft.class_310::modify$ljc000$xaerolib$onRenderCall@12 (line 46009)
                      ; - net.minecraft.class_310::method_1523@468 (line 1219)
                      ;   {runtime_call throw_null_pointer_exception Runtime1 stub}
  0x000000013a576a5c: 29b9 4295 

  0x000000013a576a60: ;   {metadata({method} {0x000000032ccb8730} 'tryLoadLaterClient' '()V' in 'xaero/lib/XaeroLibFabric')}
  0x000000013a576a60: 08e6 90d2 | 6899 a5f2 | 6800 c0f2 | e807 00f9 | 0800 8092 | e803 00f9 

  0x000000013a576a78: ; ImmutableOopMap {[304]=Oop [216]=Oop c_rarg0=Oop [312]=Oop }
                      ;*synchronization entry
                      ; - xaero.lib.XaeroLibFabric::tryLoadLaterClient@-1 (line 31)
                      ; - net.minecraft.class_310::modify$ljc000$xaerolib$onRenderCall@12 (line 46009)
                      ; - net.minecraft.class_310::method_1523@468 (line 1219)
                      ;   {runtime_call counter_overflow Runtime1 stub}
  0x000000013a576a78: a2cc 4295 | 74e9 ff17 

  0x000000013a576a80: ;   {metadata({method} {0x000000032ccb9be0} 'loadClientLater' '()V' in 'xaero/lib/XaeroLib')}
  0x000000013a576a80: 087c 93d2 | 6899 a5f2 | 6800 c0f2 | e807 00f9 | 0800 8092 | e803 00f9 

  0x000000013a576a98: ; ImmutableOopMap {[304]=Oop [216]=Oop [312]=Oop }
                      ;*synchronization entry
                      ; - xaero.lib.XaeroLib::loadClientLater@-1 (line 96)
                      ; - xaero.lib.XaeroLibFabric::tryLoadLaterClient@18 (line 35)
                      ; - net.minecraft.class_310::modify$ljc000$xaerolib$onRenderCall@12 (line 46009)
                      ; - net.minecraft.class_310::method_1523@468 (line 1219)
                      ;   {runtime_call counter_overflow Runtime1 stub}
  0x000000013a576a98: 9acc 4295 | d7e9 ff17 

  0x000000013a576aa0: ; ImmutableOopMap {[304]=Oop [216]=Oop c_rarg0=Oop [312]=Oop c_rarg1=Oop }
                      ;*invokevirtual loadLater {reexecute=0 rethrow=0 return_oop=0}
                      ; - xaero.lib.XaeroLib::loadClientLater@4 (line 96)
                      ; - xaero.lib.XaeroLibFabric::tryLoadLaterClient@18 (line 35)
                      ; - net.minecraft.class_310::modify$ljc000$xaerolib$onRenderCall@12 (line 46009)
                      ; - net.minecraft.class_310::method_1523@468 (line 1219)
                      ;   {runtime_call throw_null_pointer_exception Runtime1 stub}
  0x000000013a576aa0: 18b9 4295 

  0x000000013a576aa4: ; ImmutableOopMap {[304]=Oop [216]=Oop c_rarg1=Oop }
                      ;*invokevirtual loadLater {reexecute=0 rethrow=0 return_oop=0}
                      ; - xaero.lib.XaeroLibFabric::tryLoadLaterClient@25 (line 36)
                      ; - net.minecraft.class_310::modify$ljc000$xaerolib$onRenderCall@12 (line 46009)
                      ; - net.minecraft.class_310::method_1523@468 (line 1219)
                      ;   {runtime_call throw_null_pointer_exception Runtime1 stub}
  0x000000013a576aa4: 17b9 4295 

  0x000000013a576aa8: ;   {metadata({method} {0x0000000153d6d830} 'modify$llf001$xaeroworldmap$onRenderCall' '(Z)Z' in 'net/minecraft/class_310')}
  0x000000013a576aa8: 0806 9bd2 | c87a aaf2 | 2800 c0f2 | e807 00f9 | 0800 8092 | e803 00f9 

  0x000000013a576ac0: ; ImmutableOopMap {[304]=Oop [216]=Oop }
                      ;*synchronization entry
                      ; - net.minecraft.class_310::modify$llf001$xaeroworldmap$onRenderCall@-1 (line 48066)
                      ; - net.minecraft.class_310::method_1523@476 (line 1219)
                      ;   {runtime_call counter_overflow Runtime1 stub}
  0x000000013a576ac0: 90cc 4295 | 04ea ff17 | e803 01aa 

  0x000000013a576acc: ; ImmutableOopMap {[304]=Oop [216]=Oop }
                      ;*checkcast {reexecute=0 rethrow=0 return_oop=0}
                      ; - net.minecraft.class_310::modify$llf001$xaeroworldmap$onRenderCall@9 (line 48067)
                      ; - net.minecraft.class_310::method_1523@476 (line 1219)
                      ;   {runtime_call throw_class_cast_exception Runtime1 stub}
  0x000000013a576acc: cdc2 4295 

  0x000000013a576ad0: ; ImmutableOopMap {[304]=Oop [216]=Oop c_rarg1=Oop }
                      ;*invokevirtual tryLoadLater {reexecute=0 rethrow=0 return_oop=0}
                      ; - net.minecraft.class_310::modify$llf001$xaeroworldmap$onRenderCall@12 (line 48067)
                      ; - net.minecraft.class_310::method_1523@476 (line 1219)
                      ;   {runtime_call throw_null_pointer_exception Runtime1 stub}
  0x000000013a576ad0: 0cb9 4295 

  0x000000013a576ad4: ;   {metadata({method} {0x000000032cfd7550} 'onRenderCall' '(Z)Z' in 'xaero/map/core/XaeroWorldMapCore')}
  0x000000013a576ad4: 08aa 8ed2 | a89f a5f2 | 6800 c0f2 | e807 00f9 | 0800 8092 | e803 00f9 

  0x000000013a576aec: ; ImmutableOopMap {[304]=Oop [216]=Oop }
                      ;*synchronization entry
                      ; - xaero.map.core.XaeroWorldMapCore::onRenderCall@-1 (line 203)
                      ; - net.minecraft.class_310::modify$llf001$xaeroworldmap$onRenderCall@16 (line 48068)
                      ; - net.minecraft.class_310::method_1523@476 (line 1219)
                      ;   {runtime_call counter_overflow Runtime1 stub}
  0x000000013a576aec: 85cc 4295 | 5fea ff17 

  0x000000013a576af4: ; ImmutableOopMap {[304]=Oop [216]=Oop c_rarg1=Oop }
                      ;*invokevirtual handleRenderTick {reexecute=0 rethrow=0 return_oop=0}
                      ; - xaero.map.core.XaeroWorldMapCore::onRenderCall@12 (line 205)
                      ; - net.minecraft.class_310::modify$llf001$xaeroworldmap$onRenderCall@16 (line 48068)
                      ; - net.minecraft.class_310::method_1523@476 (line 1219)
                      ;   {runtime_call throw_null_pointer_exception Runtime1 stub}
  0x000000013a576af4: 03b9 4295 

  0x000000013a576af8: ;   {metadata({method} {0x0000000153d6dbd8} 'handler$mdb001$preRender' '(ZLorg/spongepowered/asm/mixin/injection/callback/CallbackInfo;)V' in 'net/minecraft/class_310')}
  0x000000013a576af8: 087b 9bd2 | c87a aaf2 | 2800 c0f2 | e807 00f9 | 0800 8092 | e803 00f9 

  0x000000013a576b10: ; ImmutableOopMap {[304]=Oop c_rarg1=Oop [216]=Oop }
                      ;*synchronization entry
                      ; - net.minecraft.class_310::handler$mdb001$preRender@-1 (line 49054)
                      ; - net.minecraft.class_310::method_1523@482 (line 1219)
                      ;   {runtime_call counter_overflow Runtime1 stub}
  0x000000013a576b10: 7ccc 4295 | bcea ff17 

  0x000000013a576b18: ; ImmutableOopMap {[304]=Oop c_rarg1=Oop [216]=Oop }
                      ;*getfield invoker {reexecute=1 rethrow=0 return_oop=0}
                      ; - (reexecute) com.replaymod.lib.de.johni0702.minecraft.gui.utils.Event::invoker@1 (line 36)
                      ; - net.minecraft.class_310::handler$mdb001$preRender@3 (line 49054)
                      ; - net.minecraft.class_310::method_1523@482 (line 1219)
                      ;   {runtime_call throw_null_pointer_exception Runtime1 stub}
  0x000000013a576b18: fab8 4295 | e803 03aa 

  0x000000013a576b20: ; ImmutableOopMap {[304]=Oop c_rarg1=Oop [216]=Oop }
                      ;*checkcast {reexecute=0 rethrow=0 return_oop=0}
                      ; - net.minecraft.class_310::handler$mdb001$preRender@6 (line 49054)
                      ; - net.minecraft.class_310::method_1523@482 (line 1219)
                      ;   {runtime_call throw_class_cast_exception Runtime1 stub}
  0x000000013a576b20: b8c2 4295 

  0x000000013a576b24: ; ImmutableOopMap {[304]=Oop c_rarg1=Oop [216]=Oop c_rarg3=Oop }
                      ;*invokeinterface preRender {reexecute=0 rethrow=0 return_oop=0}
                      ; - net.minecraft.class_310::handler$mdb001$preRender@9 (line 49054)
                      ; - net.minecraft.class_310::method_1523@482 (line 1219)
                      ;   {runtime_call throw_null_pointer_exception Runtime1 stub}
  0x000000013a576b24: f7b8 4295 

  0x000000013a576b28: ; ImmutableOopMap {[216]=Oop c_rarg0=Oop [304]=Oop }
                      ;*invokevirtual method_3192 {reexecute=0 rethrow=0 return_oop=0}
                      ; - net.minecraft.class_310::method_1523@485 (line 1219)
                      ;   {runtime_call throw_null_pointer_exception Runtime1 stub}
  0x000000013a576b28: f6b8 4295 

  0x000000013a576b2c: ;   {metadata({method} {0x0000000153d6dcd8} 'handler$mdb001$postRender' '(ZLorg/spongepowered/asm/mixin/injection/callback/CallbackInfo;)V' in 'net/minecraft/class_310')}
  0x000000013a576b2c: 089b 9bd2 | c87a aaf2 | 2800 c0f2 | e807 00f9 | 0800 8092 | e803 00f9 

  0x000000013a576b44: ; ImmutableOopMap {[216]=Oop }
                      ;*synchronization entry
                      ; - net.minecraft.class_310::handler$mdb001$postRender@-1 (line 49062)
                      ; - net.minecraft.class_310::method_1523@497 (line 1219)
                      ;   {runtime_call counter_overflow Runtime1 stub}
  0x000000013a576b44: 6fcc 4295 | 57eb ff17 

  0x000000013a576b4c: ; ImmutableOopMap {[216]=Oop }
                      ;*getfield invoker {reexecute=1 rethrow=0 return_oop=0}
                      ; - (reexecute) com.replaymod.lib.de.johni0702.minecraft.gui.utils.Event::invoker@1 (line 36)
                      ; - net.minecraft.class_310::handler$mdb001$postRender@3 (line 49062)
                      ; - net.minecraft.class_310::method_1523@497 (line 1219)
                      ;   {runtime_call throw_null_pointer_exception Runtime1 stub}
  0x000000013a576b4c: edb8 4295 | e803 01aa 

  0x000000013a576b54: ; ImmutableOopMap {[216]=Oop }
                      ;*checkcast {reexecute=0 rethrow=0 return_oop=0}
                      ; - net.minecraft.class_310::handler$mdb001$postRender@6 (line 49062)
                      ; - net.minecraft.class_310::method_1523@497 (line 1219)
                      ;   {runtime_call throw_class_cast_exception Runtime1 stub}
  0x000000013a576b54: abc2 4295 

  0x000000013a576b58: ; ImmutableOopMap {[216]=Oop c_rarg1=Oop }
                      ;*invokeinterface postRender {reexecute=0 rethrow=0 return_oop=0}
                      ; - net.minecraft.class_310::handler$mdb001$postRender@9 (line 49062)
                      ; - net.minecraft.class_310::method_1523@497 (line 1219)
                      ;   {runtime_call throw_null_pointer_exception Runtime1 stub}
  0x000000013a576b58: eab8 4295 

  0x000000013a576b5c: ; ImmutableOopMap {c_rarg1=Oop [216]=Oop c_rarg3=Oop }
                      ;*invokeinterface method_15407 {reexecute=0 rethrow=0 return_oop=0}
                      ; - net.minecraft.class_310::method_1523@504 (line 1220)
                      ;   {runtime_call throw_incompatible_class_change_error Runtime1 stub}
  0x000000013a576b5c: 69c3 4295 

  0x000000013a576b60: ; ImmutableOopMap {c_rarg1=Oop [216]=Oop c_rarg3=Oop }
                      ;*invokeinterface method_15407 {reexecute=0 rethrow=0 return_oop=0}
                      ; - net.minecraft.class_310::method_1523@504 (line 1220)
                      ;   {runtime_call throw_null_pointer_exception Runtime1 stub}
  0x000000013a576b60: e8b8 4295 

  0x000000013a576b64: ;   {metadata({method} {0x0000000153e3ec20} 'method_15407' '()V' in 'net/minecraft/class_3694')}
  0x000000013a576b64: 0884 9dd2 | 687c aaf2 | 2800 c0f2 | e807 00f9 | 0800 8092 | e803 00f9 

  0x000000013a576b7c: ; ImmutableOopMap {c_rarg1=Oop [216]=Oop }
                      ;*synchronization entry
                      ; - net.minecraft.class_3694::method_15407@-1 (line 39)
                      ; - net.minecraft.class_310::method_1523@504 (line 1220)
                      ;   {runtime_call counter_overflow Runtime1 stub}
  0x000000013a576b7c: 61cc 4295 | e5eb ff17 

  0x000000013a576b84: ; ImmutableOopMap {c_rarg1=Oop [216]=Oop c_rarg3=Oop }
                      ;*invokeinterface method_15396 {reexecute=0 rethrow=0 return_oop=0}
                      ; - net.minecraft.class_310::method_1523@523 (line 1224)
                      ;   {runtime_call throw_incompatible_class_change_error Runtime1 stub}
  0x000000013a576b84: 5fc3 4295 

  0x000000013a576b88: ; ImmutableOopMap {c_rarg1=Oop [216]=Oop c_rarg3=Oop }
                      ;*invokeinterface method_15396 {reexecute=0 rethrow=0 return_oop=0}
                      ; - net.minecraft.class_310::method_1523@523 (line 1224)
                      ;   {runtime_call throw_null_pointer_exception Runtime1 stub}
  0x000000013a576b88: deb8 4295 

  0x000000013a576b8c: ;   {metadata({method} {0x0000000153e3ea08} 'method_15396' '(Ljava/lang/String;)V' in 'net/minecraft/class_3694')}
  0x000000013a576b8c: 0841 9dd2 | 687c aaf2 | 2800 c0f2 | e807 00f9 | 0800 8092 | e803 00f9 

  0x000000013a576ba4: ; ImmutableOopMap {c_rarg1=Oop [216]=Oop }
                      ;*synchronization entry
                      ; - net.minecraft.class_3694::method_15396@-1 (line 27)
                      ; - net.minecraft.class_310::method_1523@523 (line 1224)
                      ;   {runtime_call counter_overflow Runtime1 stub}
  0x000000013a576ba4: 57cc 4295 | 0bec ff17 

  0x000000013a576bac: ; ImmutableOopMap {c_rarg1=Oop [216]=Oop }
                      ;*new {reexecute=0 rethrow=0 return_oop=0}
                      ; - net.minecraft.class_310::method_1523@528 (line 1225)
                      ;   {runtime_call fast_new_instance Runtime1 stub}
  0x000000013a576bac: 15bb 4295 | 18ec ff17 

  0x000000013a576bb4: ; ImmutableOopMap {c_rarg1=Oop [216]=Oop c_rarg0=Oop c_rarg2=Oop }
                      ;*invokevirtual method_23000 {reexecute=0 rethrow=0 return_oop=0}
                      ; - net.minecraft.class_310::method_1523@537 (line 1225)
                      ;   {runtime_call throw_null_pointer_exception Runtime1 stub}
  0x000000013a576bb4: d3b8 4295 

  0x000000013a576bb8: ;   {metadata({method} {0x0000000322aa5a80} '<init>' '(Lnet/minecraft/class_310;Lnet/minecraft/class_4597$class_4598;)V' in 'net/minecraft/class_332')}
  0x000000013a576bb8: 0850 8bd2 | 4855 a4f2 | 6800 c0f2 | e807 00f9 | 0800 8092 | e803 00f9 

  0x000000013a576bd0: ; ImmutableOopMap {[216]=Oop [328]=Oop c_rarg0=Oop }
                      ;*synchronization entry
                      ; - net.minecraft.class_332::<init>@-1 (line 80)
                      ; - net.minecraft.class_310::method_1523@540 (line 1225)
                      ;   {runtime_call counter_overflow Runtime1 stub}
  0x000000013a576bd0: 4ccc 4295 | 31ec ff17 

  0x000000013a576bd8: ; ImmutableOopMap {[216]=Oop [328]=Oop [344]=Oop }
                      ;*new {reexecute=0 rethrow=0 return_oop=0}
                      ; - net.minecraft.class_332::<init>@2 (line 80)
                      ; - net.minecraft.class_310::method_1523@540 (line 1225)
                      ;   {runtime_call fast_new_instance Runtime1 stub}
  0x000000013a576bd8: 0abb 4295 | 41ec ff17 

  0x000000013a576be0: ; ImmutableOopMap {c_rarg1=Oop [216]=Oop c_rarg0=Oop }
                      ;*invokeinterface method_15407 {reexecute=0 rethrow=0 return_oop=0}
                      ; - net.minecraft.class_310::method_1523@564 (line 1228)
                      ;   {runtime_call throw_incompatible_class_change_error Runtime1 stub}
  0x000000013a576be0: 48c3 4295 

  0x000000013a576be4: ; ImmutableOopMap {c_rarg1=Oop [216]=Oop c_rarg0=Oop }
                      ;*invokeinterface method_15407 {reexecute=0 rethrow=0 return_oop=0}
                      ; - net.minecraft.class_310::method_1523@564 (line 1228)
                      ;   {runtime_call throw_null_pointer_exception Runtime1 stub}
  0x000000013a576be4: c7b8 4295 

  0x000000013a576be8: ;   {metadata({method} {0x0000000153e3ec20} 'method_15407' '()V' in 'net/minecraft/class_3694')}
  0x000000013a576be8: 0884 9dd2 | 687c aaf2 | 2800 c0f2 | e807 00f9 | 0800 8092 | e803 00f9 

  0x000000013a576c00: ; ImmutableOopMap {c_rarg1=Oop [216]=Oop }
                      ;*synchronization entry
                      ; - net.minecraft.class_3694::method_15407@-1 (line 39)
                      ; - net.minecraft.class_310::method_1523@564 (line 1228)
                      ;   {runtime_call counter_overflow Runtime1 stub}
  0x000000013a576c00: 40cc 4295 | a8ec ff17 

  0x000000013a576c08: ; ImmutableOopMap {c_rarg1=Oop [216]=Oop c_rarg3=Oop }
                      ;*invokeinterface method_15396 {reexecute=0 rethrow=0 return_oop=0}
                      ; - net.minecraft.class_310::method_1523@576 (line 1231)
                      ;   {runtime_call throw_incompatible_class_change_error Runtime1 stub}
  0x000000013a576c08: 3ec3 4295 

  0x000000013a576c0c: ; ImmutableOopMap {c_rarg1=Oop [216]=Oop c_rarg3=Oop }
                      ;*invokeinterface method_15396 {reexecute=0 rethrow=0 return_oop=0}
                      ; - net.minecraft.class_310::method_1523@576 (line 1231)
                      ;   {runtime_call throw_null_pointer_exception Runtime1 stub}
  0x000000013a576c0c: bdb8 4295 

  0x000000013a576c10: ;   {metadata({method} {0x0000000153e3ea08} 'method_15396' '(Ljava/lang/String;)V' in 'net/minecraft/class_3694')}
  0x000000013a576c10: 0841 9dd2 | 687c aaf2 | 2800 c0f2 | e807 00f9 | 0800 8092 | e803 00f9 

  0x000000013a576c28: ; ImmutableOopMap {c_rarg1=Oop [216]=Oop }
                      ;*synchronization entry
                      ; - net.minecraft.class_3694::method_15396@-1 (line 27)
                      ; - net.minecraft.class_310::method_1523@576 (line 1231)
                      ;   {runtime_call counter_overflow Runtime1 stub}
  0x000000013a576c28: 36cc 4295 | bbec ff17 

  0x000000013a576c30: ; ImmutableOopMap {c_rarg1=Oop [216]=Oop c_rarg3=Oop }
                      ;*invokevirtual method_1240 {reexecute=0 rethrow=0 return_oop=0}
                      ; - net.minecraft.class_310::method_1523@585 (line 1232)
                      ;   {runtime_call throw_null_pointer_exception Runtime1 stub}
  0x000000013a576c30: b4b8 4295 

  0x000000013a576c34: ; ImmutableOopMap {c_rarg1=Oop [216]=Oop c_rarg0=Oop c_rarg2=Oop }
                      ;*invokevirtual method_4489 {reexecute=0 rethrow=0 return_oop=0}
                      ; - net.minecraft.class_310::method_1523@596 (line 1234)
                      ;   {runtime_call throw_null_pointer_exception Runtime1 stub}
  0x000000013a576c34: b3b8 4295 

  0x000000013a576c38: ; ImmutableOopMap {c_rarg1=Oop [216]=Oop c_rarg0=Oop }
                      ;*invokevirtual method_1237 {reexecute=0 rethrow=0 return_oop=0}
                      ; - net.minecraft.class_310::method_1523@606 (line 1234)
                      ;   {runtime_call throw_null_pointer_exception Runtime1 stub}
  0x000000013a576c38: b2b8 4295 

  0x000000013a576c3c: ;   {metadata({method} {0x0000000153d79ca8} 'method_1237' '(II)V' in 'net/minecraft/class_276')}
  0x000000013a576c3c: 0895 93d2 | e87a aaf2 | 2800 c0f2 | e807 00f9 | 0800 8092 | e803 00f9 

  0x000000013a576c54: ; ImmutableOopMap {c_rarg1=Oop [216]=Oop c_rarg0=Oop }
                      ;*synchronization entry
                      ; - net.minecraft.class_276::method_1237@-1 (line 232)
                      ; - net.minecraft.class_310::method_1523@606 (line 1234)
                      ;   {runtime_call counter_overflow Runtime1 stub}
  0x000000013a576c54: 2bcc 4295 | 2aed ff17 

  0x000000013a576c5c: ;   {metadata({method} {0x0000000151c93650} 'method_648' '()J' in 'net/minecraft/class_156')}
  0x000000013a576c5c: 08ca 86d2 | 2839 aaf2 | 2800 c0f2 | e807 00f9 | 0800 8092 | e803 00f9 

  0x000000013a576c74: ; ImmutableOopMap {[216]=Oop }
                      ;*synchronization entry
                      ; - net.minecraft.class_156::method_648@-1 (line 126)
                      ; - net.minecraft.class_310::method_1523@610 (line 1235)
                      ;   {runtime_call counter_overflow Runtime1 stub}
  0x000000013a576c74: 23cc 4295 | 5fed ff17 

  0x000000013a576c7c: ; ImmutableOopMap {[216]=Oop c_rarg1=Oop }
                      ;*invokeinterface getAsLong {reexecute=0 rethrow=0 return_oop=0}
                      ; - net.minecraft.class_156::method_648@3 (line 126)
                      ; - net.minecraft.class_310::method_1523@610 (line 1235)
                      ;   {runtime_call throw_null_pointer_exception Runtime1 stub}
  0x000000013a576c7c: a1b8 4295 

  0x000000013a576c80: ; ImmutableOopMap {[216]=Oop c_rarg0=Oop c_rarg2=Oop }
                      ;*invokevirtual ifPresent {reexecute=0 rethrow=0 return_oop=0}
                      ; - net.minecraft.class_310::method_1523@633 (line 1237)
                      ;   {runtime_call throw_null_pointer_exception Runtime1 stub}
  0x000000013a576c80: a0b8 4295 

  0x000000013a576c84: ;   {metadata({method} {0x000000e000115fb8} 'ifPresent' '(Ljava/util/function/Consumer;)V' in 'java/util/Optional')}
  0x000000013a576c84: 08f7 8bd2 | 2802 a0f2 | 081c c0f2 | e807 00f9 | 0800 8092 | e803 00f9 

  0x000000013a576c9c: ; ImmutableOopMap {[216]=Oop c_rarg0=Oop c_rarg2=Oop }
                      ;*synchronization entry
                      ; - java.util.Optional::ifPresent@-1
                      ; - net.minecraft.class_310::method_1523@633 (line 1237)
                      ;   {runtime_call counter_overflow Runtime1 stub}
  0x000000013a576c9c: 19cc 4295 | cfed ff17 

  0x000000013a576ca4: ; ImmutableOopMap {[216]=Oop c_rarg2=Oop c_rarg0=Oop }
                      ;*invokeinterface accept {reexecute=0 rethrow=0 return_oop=0}
                      ; - java.util.Optional::ifPresent@12
                      ; - net.minecraft.class_310::method_1523@633 (line 1237)
                      ;   {runtime_call throw_null_pointer_exception Runtime1 stub}
  0x000000013a576ca4: 97b8 4295 

  0x000000013a576ca8: ; ImmutableOopMap {c_rarg1=Oop [216]=Oop c_rarg0=Oop }
                      ;*invokeinterface method_15405 {reexecute=0 rethrow=0 return_oop=0}
                      ; - net.minecraft.class_310::method_1523@643 (line 1240)
                      ;   {runtime_call throw_incompatible_class_change_error Runtime1 stub}
  0x000000013a576ca8: 16c3 4295 

  0x000000013a576cac: ; ImmutableOopMap {c_rarg1=Oop [216]=Oop c_rarg0=Oop }
                      ;*invokeinterface method_15405 {reexecute=0 rethrow=0 return_oop=0}
                      ; - net.minecraft.class_310::method_1523@643 (line 1240)
                      ;   {runtime_call throw_null_pointer_exception Runtime1 stub}
  0x000000013a576cac: 95b8 4295 

  0x000000013a576cb0: ;   {metadata({method} {0x0000000153e3ecd8} 'method_15405' '(Ljava/lang/String;)V' in 'net/minecraft/class_3694')}
  0x000000013a576cb0: 089b 9dd2 | 687c aaf2 | 2800 c0f2 | e807 00f9 | 0800 8092 | e803 00f9 

  0x000000013a576cc8: ; ImmutableOopMap {c_rarg1=Oop [216]=Oop }
                      ;*synchronization entry
                      ; - net.minecraft.class_3694::method_15405@-1 (line 43)
                      ; - net.minecraft.class_310::method_1523@643 (line 1240)
                      ;   {runtime_call counter_overflow Runtime1 stub}
  0x000000013a576cc8: 0ecc 4295 | 1fee ff17 

  0x000000013a576cd0: ; ImmutableOopMap {c_rarg1=Oop [216]=Oop c_rarg0=Oop }
                      ;*invokevirtual method_15998 {reexecute=0 rethrow=0 return_oop=0}
                      ; - net.minecraft.class_310::method_1523@652 (line 1241)
                      ;   {runtime_call throw_null_pointer_exception Runtime1 stub}
  0x000000013a576cd0: 8cb8 4295 

  0x000000013a576cd4: ;   {metadata({method} {0x000000032b945180} 'method_15998' '()V' in 'net/minecraft/class_1041')}
  0x000000013a576cd4: 0830 8ad2 | 8872 a5f2 | 6800 c0f2 | e807 00f9 | 0800 8092 | e803 00f9 

  0x000000013a576cec: ; ImmutableOopMap {c_rarg1=Oop [216]=Oop c_rarg0=Oop }
                      ;*synchronization entry
                      ; - net.minecraft.class_1041::method_15998@-1 (line 288)
                      ; - net.minecraft.class_310::method_1523@652 (line 1241)
                      ;   {runtime_call counter_overflow Runtime1 stub}
  0x000000013a576cec: 05cc 4295 | 29ee ff17 

  0x000000013a576cf4: ;   {metadata({method} {0x0000000153ceda40} 'flipFrame' '(J)V' in 'com/mojang/blaze3d/systems/RenderSystem')}
  0x000000013a576cf4: 0848 9bd2 | c879 aaf2 | 2800 c0f2 | e807 00f9 | 0800 8092 | e803 00f9 

  0x000000013a576d0c: ; ImmutableOopMap {c_rarg1=Oop [216]=Oop c_rarg0=Oop }
                      ;*synchronization entry
                      ; - com.mojang.blaze3d.systems.RenderSystem::flipFrame@-1 (line 212)
                      ; - net.minecraft.class_1041::method_15998@4 (line 288)
                      ; - net.minecraft.class_310::method_1523@652 (line 1241)
                      ;   {runtime_call counter_overflow Runtime1 stub}
  0x000000013a576d0c: fdcb 4295 | 31ee ff17 

  0x000000013a576d14: ;   {metadata({method} {0x0000000153d08eb8} 'redirect$jkh000$sodium$removeFirstPoll' '()V' in 'com/mojang/blaze3d/systems/RenderSystem')}
  0x000000013a576d14: 08d7 91d2 | 087a aaf2 | 2800 c0f2 | e807 00f9 | 0800 8092 | e803 00f9 

  0x000000013a576d2c: ; ImmutableOopMap {c_rarg1=Oop [216]=Oop c_rarg0=Oop }
                      ;*synchronization entry
                      ; - com.mojang.blaze3d.systems.RenderSystem::redirect$jkh000$sodium$removeFirstPoll@-1 (line 5962)
                      ; - com.mojang.blaze3d.systems.RenderSystem::flipFrame@0 (line 212)
                      ; - net.minecraft.class_1041::method_15998@4 (line 288)
                      ; - net.minecraft.class_310::method_1523@652 (line 1241)
                      ;   {runtime_call counter_overflow Runtime1 stub}
  0x000000013a576d2c: f5cb 4295 | 38ee ff17 

  0x000000013a576d34: ;   {metadata({method} {0x0000000153d0dd88} 'method_1348' '()Lnet/minecraft/class_289;' in 'net/minecraft/class_289')}
  0x000000013a576d34: 08b1 9bd2 | 087a aaf2 | 2800 c0f2 | e807 00f9 | 0800 8092 | e803 00f9 

  0x000000013a576d4c: ; ImmutableOopMap {[368]=Oop [216]=Oop }
                      ;*synchronization entry
                      ; - net.minecraft.class_289::method_1348@-1 (line 14)
                      ; - com.mojang.blaze3d.systems.RenderSystem::flipFrame@6 (line 216)
                      ; - net.minecraft.class_1041::method_15998@4 (line 288)
                      ; - net.minecraft.class_310::method_1523@652 (line 1241)
                      ;   {runtime_call counter_overflow Runtime1 stub}
  0x000000013a576d4c: edcb 4295 | 47ee ff17 

  0x000000013a576d54: ;   {metadata({method} {0x0000000153ced3d0} 'assertOnGameThreadOrInit' '()V' in 'com/mojang/blaze3d/systems/RenderSystem')}
  0x000000013a576d54: 087a 9ad2 | c879 aaf2 | 2800 c0f2 | e807 00f9 | 0800 8092 | e803 00f9 

  0x000000013a576d6c: ; ImmutableOopMap {[368]=Oop [216]=Oop }
                      ;*synchronization entry
                      ; - com.mojang.blaze3d.systems.RenderSystem::assertOnGameThreadOrInit@-1 (line 158)
                      ; - net.minecraft.class_289::method_1348@0 (line 14)
                      ; - com.mojang.blaze3d.systems.RenderSystem::flipFrame@6 (line 216)
                      ; - net.minecraft.class_1041::method_15998@4 (line 288)
                      ; - net.minecraft.class_310::method_1523@652 (line 1241)
                      ;   {runtime_call counter_overflow Runtime1 stub}
  0x000000013a576d6c: e5cb 4295 | 4eee ff17 

  0x000000013a576d74: ;   {metadata({method} {0x0000000153ced270} 'isOnGameThread' '()Z' in 'com/mojang/blaze3d/systems/RenderSystem')}
  0x000000013a576d74: 084e 9ad2 | c879 aaf2 | 2800 c0f2 | e807 00f9 | 0800 8092 | e803 00f9 

  0x000000013a576d8c: ; ImmutableOopMap {[368]=Oop [216]=Oop }
                      ;*synchronization entry
                      ; - com.mojang.blaze3d.systems.RenderSystem::isOnGameThread@-1 (line 146)
                      ; - com.mojang.blaze3d.systems.RenderSystem::assertOnGameThreadOrInit@6 (line 158)
                      ; - net.minecraft.class_289::method_1348@0 (line 14)
                      ; - com.mojang.blaze3d.systems.RenderSystem::flipFrame@6 (line 216)
                      ; - net.minecraft.class_1041::method_15998@4 (line 288)
                      ; - net.minecraft.class_310::method_1523@652 (line 1241)
                      ;   {runtime_call counter_overflow Runtime1 stub}
  0x000000013a576d8c: ddcb 4295 | 64ee ff17 

  0x000000013a576d94: ; ImmutableOopMap {[368]=Oop [216]=Oop }
                      ;*getfield field_1574 {reexecute=1 rethrow=0 return_oop=0}
                      ; - (reexecute) net.minecraft.class_289::method_1349@1 (line 31)
                      ; - com.mojang.blaze3d.systems.RenderSystem::flipFrame@9 (line 216)
                      ; - net.minecraft.class_1041::method_15998@4 (line 288)
                      ; - net.minecraft.class_310::method_1523@652 (line 1241)
                      ;   {runtime_call throw_null_pointer_exception Runtime1 stub}
  0x000000013a576d94: 5bb8 4295 

  0x000000013a576d98: ; ImmutableOopMap {[368]=Oop [216]=Oop c_rarg0=Oop }
                      ;*invokevirtual method_1343 {reexecute=0 rethrow=0 return_oop=0}
                      ; - com.mojang.blaze3d.systems.RenderSystem::flipFrame@12 (line 216)
                      ; - net.minecraft.class_1041::method_15998@4 (line 288)
                      ; - net.minecraft.class_310::method_1523@652 (line 1241)
                      ;   {runtime_call throw_null_pointer_exception Runtime1 stub}
  0x000000013a576d98: 5ab8 4295 

  0x000000013a576d9c: ;   {metadata({method} {0x0000000153d19d10} 'method_1343' '()V' in 'net/minecraft/class_287')}
  0x000000013a576d9c: 08a2 93d2 | 287a aaf2 | 2800 c0f2 | e807 00f9 | 0800 8092 | e803 00f9 

  0x000000013a576db4: ; ImmutableOopMap {[368]=Oop [216]=Oop c_rarg0=Oop }
                      ;*synchronization entry
                      ; - net.minecraft.class_287::method_1343@-1 (line 381)
                      ; - com.mojang.blaze3d.systems.RenderSystem::flipFrame@12 (line 216)
                      ; - net.minecraft.class_1041::method_15998@4 (line 288)
                      ; - net.minecraft.class_310::method_1523@652 (line 1241)
                      ;   {runtime_call counter_overflow Runtime1 stub}
  0x000000013a576db4: d3cb 4295 | 7dee ff17 

  0x000000013a576dbc: ;   {metadata({method} {0x0000000153d19de0} 'method_23477' '()V' in 'net/minecraft/class_287')}
  0x000000013a576dbc: 08bc 93d2 | 287a aaf2 | 2800 c0f2 | e807 00f9 | 0800 8092 | e803 00f9 

  0x000000013a576dd4: ; ImmutableOopMap {[368]=Oop [216]=Oop c_rarg0=Oop }
                      ;*synchronization entry
                      ; - net.minecraft.class_287::method_23477@-1 (line 388)
                      ; - net.minecraft.class_287::method_1343@19 (line 384)
                      ; - com.mojang.blaze3d.systems.RenderSystem::flipFrame@12 (line 216)
                      ; - net.minecraft.class_1041::method_15998@4 (line 288)
                      ; - net.minecraft.class_310::method_1523@652 (line 1241)
                      ;   {runtime_call counter_overflow Runtime1 stub}
  0x000000013a576dd4: cbcb 4295 | a6ee ff17 

  0x000000013a576ddc: ;   {metadata({method} {0x0000000153d1c4c8} 'handler$jig000$sodium$resetDelegate' '(Lorg/spongepowered/asm/mixin/injection/callback/CallbackInfo;)V' in 'net/minecraft/class_287')}
  0x000000013a576ddc: 0899 98d2 | 287a aaf2 | 2800 c0f2 | e807 00f9 | 0800 8092 | e803 00f9 

  0x000000013a576df4: ; ImmutableOopMap {[368]=Oop [216]=Oop c_rarg0=Oop }
                      ;*synchronization entry
                      ; - net.minecraft.class_287::handler$jig000$sodium$resetDelegate@-1 (line 4071)
                      ; - net.minecraft.class_287::method_23477@17 (line 391)
                      ; - net.minecraft.class_287::method_1343@19 (line 384)
                      ; - com.mojang.blaze3d.systems.RenderSystem::flipFrame@12 (line 216)
                      ; - net.minecraft.class_1041::method_15998@4 (line 288)
                      ; - net.minecraft.class_310::method_1523@652 (line 1241)
                      ;   {runtime_call counter_overflow Runtime1 stub}
  0x000000013a576df4: c3cb 4295 | b1ee ff17 

  0x000000013a576dfc: ; ImmutableOopMap {[368]=Oop [216]=Oop c_rarg1=Oop }
                      ;*invokevirtual reset {reexecute=0 rethrow=0 return_oop=0}
                      ; - net.minecraft.class_287::handler$jig000$sodium$resetDelegate@11 (line 4072)
                      ; - net.minecraft.class_287::method_23477@17 (line 391)
                      ; - net.minecraft.class_287::method_1343@19 (line 384)
                      ; - com.mojang.blaze3d.systems.RenderSystem::flipFrame@12 (line 216)
                      ; - net.minecraft.class_1041::method_15998@4 (line 288)
                      ; - net.minecraft.class_310::method_1523@652 (line 1241)
                      ;   {runtime_call throw_null_pointer_exception Runtime1 stub}
  0x000000013a576dfc: 41b8 4295 

  0x000000013a576e00: ;   {metadata({method} {0x00000003314a2ad0} 'reset' '()V' in 'me/jellysquid/mods/sodium/client/render/vertex/buffer/SodiumBufferBuilder')}
  0x000000013a576e00: 085a 85d2 | 4829 a6f2 | 6800 c0f2 | e807 00f9 | 0800 8092 | e803 00f9 

  0x000000013a576e18: ; ImmutableOopMap {[368]=Oop [216]=Oop c_rarg1=Oop }
                      ;*synchronization entry
                      ; - me.jellysquid.mods.sodium.client.render.vertex.buffer.SodiumBufferBuilder::reset@-1 (line 308)
                      ; - net.minecraft.class_287::handler$jig000$sodium$resetDelegate@11 (line 4072)
                      ; - net.minecraft.class_287::method_23477@17 (line 391)
                      ; - net.minecraft.class_287::method_1343@19 (line 384)
                      ; - com.mojang.blaze3d.systems.RenderSystem::flipFrame@12 (line 216)
                      ; - net.minecraft.class_1041::method_15998@4 (line 288)
                      ; - net.minecraft.class_310::method_1523@652 (line 1241)
                      ;   {runtime_call counter_overflow Runtime1 stub}
  0x000000013a576e18: bacb 4295 | c7ee ff17 

  0x000000013a576e20: ;   {metadata({method} {0x0000000153ced8b0} 'pollEvents' '()V' in 'com/mojang/blaze3d/systems/RenderSystem')}
  0x000000013a576e20: 0816 9bd2 | c879 aaf2 | 2800 c0f2 | e807 00f9 | 0800 8092 | e803 00f9 

  0x000000013a576e38: ; ImmutableOopMap {[368]=Oop [216]=Oop }
                      ;*synchronization entry
                      ; - com.mojang.blaze3d.systems.RenderSystem::pollEvents@-1 (line 199)
                      ; - com.mojang.blaze3d.systems.RenderSystem::flipFrame@19 (line 219)
                      ; - net.minecraft.class_1041::method_15998@4 (line 288)
                      ; - net.minecraft.class_310::method_1523@652 (line 1241)
                      ;   {runtime_call counter_overflow Runtime1 stub}
  0x000000013a576e38: b2cb 4295 | d8ee ff17 

  0x000000013a576e40: ;   {metadata({method} {0x0000000151c935b0} 'method_658' '()J' in 'net/minecraft/class_156')}
  0x000000013a576e40: 08b6 86d2 | 2839 aaf2 | 2800 c0f2 | e807 00f9 | 0800 8092 | e803 00f9 

  0x000000013a576e58: ; ImmutableOopMap {[368]=Oop [216]=Oop }
                      ;*synchronization entry
                      ; - net.minecraft.class_156::method_658@-1 (line 122)
                      ; - com.mojang.blaze3d.systems.RenderSystem::pollEvents@3 (line 199)
                      ; - com.mojang.blaze3d.systems.RenderSystem::flipFrame@19 (line 219)
                      ; - net.minecraft.class_1041::method_15998@4 (line 288)
                      ; - net.minecraft.class_310::method_1523@652 (line 1241)
                      ;   {runtime_call counter_overflow Runtime1 stub}
  0x000000013a576e58: aacb 4295 | dfee ff17 

  0x000000013a576e60: ;   {metadata({method} {0x0000000151c93650} 'method_648' '()J' in 'net/minecraft/class_156')}
  0x000000013a576e60: 08ca 86d2 | 2839 aaf2 | 2800 c0f2 | e807 00f9 | 0800 8092 | e803 00f9 

  0x000000013a576e78: ; ImmutableOopMap {[368]=Oop [216]=Oop }
                      ;*synchronization entry
                      ; - net.minecraft.class_156::method_648@-1 (line 126)
                      ; - net.minecraft.class_156::method_658@0 (line 122)
                      ; - com.mojang.blaze3d.systems.RenderSystem::pollEvents@3 (line 199)
                      ; - com.mojang.blaze3d.systems.RenderSystem::flipFrame@19 (line 219)
                      ; - net.minecraft.class_1041::method_15998@4 (line 288)
                      ; - net.minecraft.class_310::method_1523@652 (line 1241)
                      ;   {runtime_call counter_overflow Runtime1 stub}
  0x000000013a576e78: a2cb 4295 | e6ee ff17 

  0x000000013a576e80: ; ImmutableOopMap {[368]=Oop [216]=Oop c_rarg1=Oop }
                      ;*invokeinterface getAsLong {reexecute=0 rethrow=0 return_oop=0}
                      ; - net.minecraft.class_156::method_648@3 (line 126)
                      ; - net.minecraft.class_156::method_658@0 (line 122)
                      ; - com.mojang.blaze3d.systems.RenderSystem::pollEvents@3 (line 199)
                      ; - com.mojang.blaze3d.systems.RenderSystem::flipFrame@19 (line 219)
                      ; - net.minecraft.class_1041::method_15998@4 (line 288)
                      ; - net.minecraft.class_310::method_1523@652 (line 1241)
                      ;   {runtime_call throw_null_pointer_exception Runtime1 stub}
  0x000000013a576e80: 20b8 4295 

  0x000000013a576e84: ;   {metadata({method} {0x0000000150079318} 'set' '(Z)V' in 'java/util/concurrent/atomic/AtomicBoolean')}
  0x000000013a576e84: 0863 92d2 | e800 aaf2 | 2800 c0f2 | e807 00f9 | 0800 8092 | e803 00f9 

  0x000000013a576e9c: ; ImmutableOopMap {[368]=Oop [216]=Oop }
                      ;*synchronization entry
                      ; - java.util.concurrent.atomic.AtomicBoolean::set@-1
                      ; - com.mojang.blaze3d.systems.RenderSystem::pollEvents@13 (line 200)
                      ; - com.mojang.blaze3d.systems.RenderSystem::flipFrame@19 (line 219)
                      ; - net.minecraft.class_1041::method_15998@4 (line 288)
                      ; - net.minecraft.class_310::method_1523@652 (line 1241)
                      ;   {runtime_call counter_overflow Runtime1 stub}
  0x000000013a576e9c: 99cb 4295 | 32ef ff17 

  0x000000013a576ea4: ; ImmutableOopMap {[368]=Oop [216]=Oop }
                      ;*putfield value {reexecute=1 rethrow=0 return_oop=0}
                      ; - (reexecute) java.util.concurrent.atomic.AtomicBoolean::set@10
                      ; - com.mojang.blaze3d.systems.RenderSystem::pollEvents@13 (line 200)
                      ; - com.mojang.blaze3d.systems.RenderSystem::flipFrame@19 (line 219)
                      ; - net.minecraft.class_1041::method_15998@4 (line 288)
                      ; - net.minecraft.class_310::method_1523@652 (line 1241)
                      ;   {runtime_call throw_null_pointer_exception Runtime1 stub}
  0x000000013a576ea4: 17b8 4295 

  0x000000013a576ea8: ;   {metadata({method} {0x000000015129e600} 'glfwPollEvents' '()V' in 'org/lwjgl/glfw/GLFW')}
  0x000000013a576ea8: 08c0 9cd2 | 2825 aaf2 | 2800 c0f2 | e807 00f9 | 0800 8092 | e803 00f9 

  0x000000013a576ec0: ; ImmutableOopMap {[368]=Oop [216]=Oop }
                      ;*synchronization entry
                      ; - org.lwjgl.glfw.GLFW::glfwPollEvents@-1 (line 3402)
                      ; - com.mojang.blaze3d.systems.RenderSystem::pollEvents@16 (line 201)
                      ; - com.mojang.blaze3d.systems.RenderSystem::flipFrame@19 (line 219)
                      ; - net.minecraft.class_1041::method_15998@4 (line 288)
                      ; - net.minecraft.class_310::method_1523@652 (line 1241)
                      ;   {runtime_call counter_overflow Runtime1 stub}
  0x000000013a576ec0: 90cb 4295 | 4bef ff17 

  0x000000013a576ec8: ;   {metadata({method} {0x0000000150079318} 'set' '(Z)V' in 'java/util/concurrent/atomic/AtomicBoolean')}
  0x000000013a576ec8: 0863 92d2 | e800 aaf2 | 2800 c0f2 | e807 00f9 | 0800 8092 | e803 00f9 

  0x000000013a576ee0: ; ImmutableOopMap {[368]=Oop [216]=Oop }
                      ;*synchronization entry
                      ; - java.util.concurrent.atomic.AtomicBoolean::set@-1
                      ; - com.mojang.blaze3d.systems.RenderSystem::pollEvents@23 (line 203)
                      ; - com.mojang.blaze3d.systems.RenderSystem::flipFrame@19 (line 219)
                      ; - net.minecraft.class_1041::method_15998@4 (line 288)
                      ; - net.minecraft.class_310::method_1523@652 (line 1241)
                      ;   {runtime_call counter_overflow Runtime1 stub}
  0x000000013a576ee0: 88cb 4295 | 5fef ff17 

  0x000000013a576ee8: ;   {metadata({method} {0x0000000153d58090} 'method_16009' '()I' in 'net/minecraft/class_310')}
  0x000000013a576ee8: 0812 90d2 | a87a aaf2 | 2800 c0f2 | e807 00f9 | 0800 8092 | e803 00f9 

  0x000000013a576f00: ; ImmutableOopMap {c_rarg1=Oop [216]=Oop }
                      ;*synchronization entry
                      ; - net.minecraft.class_310::method_16009@-1 (line 1374)
                      ; - net.minecraft.class_310::method_1523@656 (line 1242)
                      ;   {runtime_call counter_overflow Runtime1 stub}
  0x000000013a576f00: 80cb 4295 | 8fef ff17 

  0x000000013a576f08: ; ImmutableOopMap {c_rarg1=Oop [216]=Oop c_rarg0=Oop }
                      ;*invokevirtual method_16000 {reexecute=0 rethrow=0 return_oop=0}
                      ; - net.minecraft.class_310::method_16009@28 (line 1377)
                      ; - net.minecraft.class_310::method_1523@656 (line 1242)
                      ;   {runtime_call throw_null_pointer_exception Runtime1 stub}
  0x000000013a576f08: feb7 4295 

  0x000000013a576f0c: ; ImmutableOopMap {c_rarg1=Oop [216]=Oop c_rarg0=Oop }
                      ;*invokeinterface method_15405 {reexecute=0 rethrow=0 return_oop=0}
                      ; - net.minecraft.class_310::method_1523@681 (line 1247)
                      ;   {runtime_call throw_incompatible_class_change_error Runtime1 stub}
  0x000000013a576f0c: 7dc2 4295 

  0x000000013a576f10: ; ImmutableOopMap {c_rarg1=Oop [216]=Oop c_rarg0=Oop }
                      ;*invokeinterface method_15405 {reexecute=0 rethrow=0 return_oop=0}
                      ; - net.minecraft.class_310::method_1523@681 (line 1247)
                      ;   {runtime_call throw_null_pointer_exception Runtime1 stub}
  0x000000013a576f10: fcb7 4295 

  0x000000013a576f14: ;   {metadata({method} {0x0000000153e3ecd8} 'method_15405' '(Ljava/lang/String;)V' in 'net/minecraft/class_3694')}
  0x000000013a576f14: 089b 9dd2 | 687c aaf2 | 2800 c0f2 | e807 00f9 | 0800 8092 | e803 00f9 

  0x000000013a576f2c: ; ImmutableOopMap {c_rarg1=Oop [216]=Oop }
                      ;*synchronization entry
                      ; - net.minecraft.class_3694::method_15405@-1 (line 43)
                      ; - net.minecraft.class_310::method_1523@681 (line 1247)
                      ;   {runtime_call counter_overflow Runtime1 stub}
  0x000000013a576f2c: 75cb 4295 | efef ff17 

  0x000000013a576f34: ; ImmutableOopMap {c_rarg1=Oop [216]=Oop c_rarg0=Oop }
                      ;*invokeinterface method_15407 {reexecute=0 rethrow=0 return_oop=0}
                      ; - net.minecraft.class_310::method_1523@693 (line 1249)
                      ;   {runtime_call throw_incompatible_class_change_error Runtime1 stub}
  0x000000013a576f34: 73c2 4295 

  0x000000013a576f38: ; ImmutableOopMap {c_rarg1=Oop [216]=Oop c_rarg0=Oop }
                      ;*invokeinterface method_15407 {reexecute=0 rethrow=0 return_oop=0}
                      ; - net.minecraft.class_310::method_1523@693 (line 1249)
                      ;   {runtime_call throw_null_pointer_exception Runtime1 stub}
  0x000000013a576f38: f2b7 4295 

  0x000000013a576f3c: ;   {metadata({method} {0x0000000153e3ec20} 'method_15407' '()V' in 'net/minecraft/class_3694')}
  0x000000013a576f3c: 0884 9dd2 | 687c aaf2 | 2800 c0f2 | e807 00f9 | 0800 8092 | e803 00f9 

  0x000000013a576f54: ; ImmutableOopMap {c_rarg1=Oop [216]=Oop }
                      ;*synchronization entry
                      ; - net.minecraft.class_3694::method_15407@-1 (line 39)
                      ; - net.minecraft.class_310::method_1523@693 (line 1249)
                      ;   {runtime_call counter_overflow Runtime1 stub}
  0x000000013a576f54: 6bcb 4295 | 0af0 ff17 

  0x000000013a576f5c: ; ImmutableOopMap {c_rarg1=Oop [216]=Oop c_rarg0=Oop }
                      ;*invokevirtual method_4474 {reexecute=0 rethrow=0 return_oop=0}
                      ; - net.minecraft.class_310::method_1523@705 (line 1251)
                      ;   {runtime_call throw_null_pointer_exception Runtime1 stub}
  0x000000013a576f5c: e9b7 4295 | 0368 40b9 | 63f0 7dd3 | c302 feb4 | e303 00f9 

  0x000000013a576f70: ;   {runtime_call g1_pre_barrier_slow}
  0x000000013a576f70: e4cc 4295 | 13f0 ff17 | 0203 feb4 | e003 00f9 

  0x000000013a576f80: ;   {runtime_call g1_post_barrier_slow}
  0x000000013a576f80: a0cd 4295 | 15f0 ff17 

  0x000000013a576f88: ;   {metadata({method} {0x0000000153d5d8f0} 'method_1496' '()Z' in 'net/minecraft/class_310')}
  0x000000013a576f88: 081e 9bd2 | a87a aaf2 | 2800 c0f2 | e807 00f9 | 0800 8092 | e803 00f9 

  0x000000013a576fa0: ; ImmutableOopMap {c_rarg1=Oop [216]=Oop }
                      ;*synchronization entry
                      ; - net.minecraft.class_310::method_1496@-1 (line 2488)
                      ; - net.minecraft.class_310::method_1523@719 (line 1253)
                      ;   {runtime_call counter_overflow Runtime1 stub}
  0x000000013a576fa0: 58cb 4295 | 20f0 ff17 

  0x000000013a576fa8: ; ImmutableOopMap {[216]=Oop c_rarg0=Oop }
                      ;*invokevirtual method_25421 {reexecute=0 rethrow=0 return_oop=0}
                      ; - net.minecraft.class_310::method_1523@736 (line 1253)
                      ;   {runtime_call throw_null_pointer_exception Runtime1 stub}
  0x000000013a576fa8: d6b7 4295 

  0x000000013a576fac: ; ImmutableOopMap {c_rarg1=Oop [216]=Oop c_rarg0=Oop }
                      ;*invokevirtual method_18640 {reexecute=0 rethrow=0 return_oop=0}
                      ; - net.minecraft.class_310::method_1523@753 (line 1253)
                      ;   {runtime_call throw_null_pointer_exception Runtime1 stub}
  0x000000013a576fac: d5b7 4295 

  0x000000013a576fb0: ;   {metadata({method} {0x0000000153d83108} 'method_18640' '()Z' in 'net/minecraft/class_425')}
  0x000000013a576fb0: 0821 86d2 | 087b aaf2 | 2800 c0f2 | e807 00f9 | 0800 8092 | e803 00f9 

  0x000000013a576fc8: ; ImmutableOopMap {c_rarg1=Oop [216]=Oop }
                      ;*synchronization entry
                      ; - net.minecraft.class_425::method_18640@-1 (line 177)
                      ; - net.minecraft.class_310::method_1523@753 (line 1253)
                      ;   {runtime_call counter_overflow Runtime1 stub}
  0x000000013a576fc8: 4ecb 4295 | b8f0 ff17 

  0x000000013a576fd0: ; ImmutableOopMap {c_rarg1=Oop [216]=Oop c_rarg0=Oop }
                      ;*invokevirtual method_3860 {reexecute=0 rethrow=0 return_oop=0}
                      ; - net.minecraft.class_310::method_1523@763 (line 1253)
                      ;   {runtime_call throw_null_pointer_exception Runtime1 stub}
  0x000000013a576fd0: ccb7 4295 

  0x000000013a576fd4: ; ImmutableOopMap {c_rarg0=Oop [216]=Oop }
                      ;*getfield field_1970 {reexecute=1 rethrow=0 return_oop=0}
                      ; - (reexecute) net.minecraft.class_310::method_1523@797 (line 1256)
                      ;   {runtime_call throw_null_pointer_exception Runtime1 stub}
  0x000000013a576fd4: cbb7 4295 

  0x000000013a576fd8: ; ImmutableOopMap {c_rarg0=Oop [216]=Oop }
                      ;*putfield field_1970 {reexecute=1 rethrow=0 return_oop=0}
                      ; - (reexecute) net.minecraft.class_310::method_1523@814 (line 1258)
                      ;   {runtime_call throw_null_pointer_exception Runtime1 stub}
  0x000000013a576fd8: cab7 4295 

  0x000000013a576fdc: ;   {metadata({method} {0x0000000151c93650} 'method_648' '()J' in 'net/minecraft/class_156')}
  0x000000013a576fdc: 08ca 86d2 | 2839 aaf2 | 2800 c0f2 | e807 00f9 | 0800 8092 | e803 00f9 

  0x000000013a576ff4: ; ImmutableOopMap {[216]=Oop }
                      ;*synchronization entry
                      ; - net.minecraft.class_156::method_648@-1 (line 126)
                      ; - net.minecraft.class_310::method_1523@823 (line 1263)
                      ;   {runtime_call counter_overflow Runtime1 stub}
  0x000000013a576ff4: 43cb 4295 | 3df1 ff17 

  0x000000013a576ffc: ; ImmutableOopMap {[216]=Oop c_rarg0=Oop }
                      ;*invokeinterface getAsLong {reexecute=0 rethrow=0 return_oop=0}
                      ; - net.minecraft.class_156::method_648@3 (line 126)
                      ; - net.minecraft.class_310::method_1523@823 (line 1263)
                      ;   {runtime_call throw_null_pointer_exception Runtime1 stub}
  0x000000013a576ffc: c1b7 4295 

  0x000000013a577000: ; ImmutableOopMap {c_rarg1=Oop [216]=Oop c_rarg3=Oop }
                      ;*invokevirtual method_15247 {reexecute=0 rethrow=0 return_oop=0}
                      ; - net.minecraft.class_310::method_1523@854 (line 1268)
                      ;   {runtime_call throw_null_pointer_exception Runtime1 stub}
  0x000000013a577000: c0b7 4295 

  0x000000013a577004: ; ImmutableOopMap {c_rarg1=Oop [216]=Oop c_rarg0=Oop }
                      ;*invokeinterface method_15396 {reexecute=0 rethrow=0 return_oop=0}
                      ; - net.minecraft.class_310::method_1523@870 (line 1271)
                      ;   {runtime_call throw_incompatible_class_change_error Runtime1 stub}
  0x000000013a577004: 3fc2 4295 

  0x000000013a577008: ; ImmutableOopMap {c_rarg1=Oop [216]=Oop c_rarg0=Oop }
                      ;*invokeinterface method_15396 {reexecute=0 rethrow=0 return_oop=0}
                      ; - net.minecraft.class_310::method_1523@870 (line 1271)
                      ;   {runtime_call throw_null_pointer_exception Runtime1 stub}
  0x000000013a577008: beb7 4295 

  0x000000013a57700c: ;   {metadata({method} {0x0000000153e3ea08} 'method_15396' '(Ljava/lang/String;)V' in 'net/minecraft/class_3694')}
  0x000000013a57700c: 0841 9dd2 | 687c aaf2 | 2800 c0f2 | e807 00f9 | 0800 8092 | e803 00f9 

  0x000000013a577024: ; ImmutableOopMap {c_rarg1=Oop [216]=Oop }
                      ;*synchronization entry
                      ; - net.minecraft.class_3694::method_15396@-1 (line 27)
                      ; - net.minecraft.class_310::method_1523@870 (line 1271)
                      ;   {runtime_call counter_overflow Runtime1 stub}
  0x000000013a577024: 37cb 4295 | a2f1 ff17 

  0x000000013a57702c: ; ImmutableOopMap {[216]=Oop c_rarg0=Oop }
                      ;*invokevirtual method_41723 {reexecute=0 rethrow=0 return_oop=0}
                      ; - net.minecraft.class_310::method_1523@886 (line 1273)
                      ;   {runtime_call throw_null_pointer_exception Runtime1 stub}
  0x000000013a57702c: b5b7 4295 

  0x000000013a577030: ; ImmutableOopMap {c_rarg1=Oop [216]=Oop c_rarg0=Oop }
                      ;*invokevirtual method_41724 {reexecute=0 rethrow=0 return_oop=0}
                      ; - net.minecraft.class_310::method_1523@897 (line 1274)
                      ;   {runtime_call throw_null_pointer_exception Runtime1 stub}
  0x000000013a577030: b4b7 4295 

  0x000000013a577034: ;   {metadata({method} {0x0000000151c935b0} 'method_658' '()J' in 'net/minecraft/class_156')}
  0x000000013a577034: 08b6 86d2 | 2839 aaf2 | 2800 c0f2 | e807 00f9 | 0800 8092 | e803 00f9 

  0x000000013a57704c: ; ImmutableOopMap {[216]=Oop }
                      ;*synchronization entry
                      ; - net.minecraft.class_156::method_658@-1 (line 122)
                      ; - net.minecraft.class_310::method_1523@914 (line 1277)
                      ;   {runtime_call counter_overflow Runtime1 stub}
  0x000000013a57704c: 2dcb 4295 | 36f2 ff17 

  0x000000013a577054: ;   {metadata({method} {0x0000000151c93650} 'method_648' '()J' in 'net/minecraft/class_156')}
  0x000000013a577054: 08ca 86d2 | 2839 aaf2 | 2800 c0f2 | e807 00f9 | 0800 8092 | e803 00f9 

  0x000000013a57706c: ; ImmutableOopMap {[216]=Oop }
                      ;*synchronization entry
                      ; - net.minecraft.class_156::method_648@-1 (line 126)
                      ; - net.minecraft.class_156::method_658@0 (line 122)
                      ; - net.minecraft.class_310::method_1523@914 (line 1277)
                      ;   {runtime_call counter_overflow Runtime1 stub}
  0x000000013a57706c: 25cb 4295 | 3df2 ff17 

  0x000000013a577074: ; ImmutableOopMap {[216]=Oop c_rarg2=Oop }
                      ;*invokeinterface getAsLong {reexecute=0 rethrow=0 return_oop=0}
                      ; - net.minecraft.class_156::method_648@3 (line 126)
                      ; - net.minecraft.class_156::method_658@0 (line 122)
                      ; - net.minecraft.class_310::method_1523@914 (line 1277)
                      ;   {runtime_call throw_null_pointer_exception Runtime1 stub}
  0x000000013a577074: a3b7 4295 

  0x000000013a577078: ; ImmutableOopMap {c_rarg2=Oop c_rarg1=Oop [216]=Oop c_rarg4=Oop }
                      ;*anewarray {reexecute=0 rethrow=0 return_oop=0}
                      ; - net.minecraft.class_310::method_1523@1003 (line 1286)
                      ;   {runtime_call new_object_array Runtime1 stub}
  0x000000013a577078: e2bc 4295 | 0ff3 ff17 

  0x000000013a577080: ;   {metadata({method} {0x000000e000046150} 'valueOf' '(I)Ljava/lang/Integer;' in 'java/lang/Integer')}
  0x000000013a577080: 082a 8cd2 | 8800 a0f2 | 081c c0f2 | e807 00f9 | 0800 8092 | e803 00f9 

  0x000000013a577098: ; ImmutableOopMap {c_rarg2=Oop c_rarg1=Oop [216]=Oop c_rarg0=Oop }
                      ;*synchronization entry
                      ; - java.lang.Integer::valueOf@-1
                      ; - net.minecraft.class_310::method_1523@1011 (line 1287)
                      ;   {runtime_call counter_overflow Runtime1 stub}
  0x000000013a577098: 1acb 4295 | 17f3 ff17 

  0x000000013a5770a0: ; ImmutableOopMap {c_rarg2=Oop c_rarg1=Oop [216]=Oop c_rarg6=Oop }
                      ;*new {reexecute=0 rethrow=0 return_oop=0}
                      ; - java.lang.Integer::valueOf@23
                      ; - net.minecraft.class_310::method_1523@1011 (line 1287)
                      ;   {runtime_call fast_new_instance Runtime1 stub}
  0x000000013a5770a0: d8b9 4295 | 3af3 ff17 

  0x000000013a5770a8: ;   {metadata({method} {0x000000e000045b50} '<init>' '(I)V' in 'java/lang/Integer')}
  0x000000013a5770a8: 086a 8bd2 | 8800 a0f2 | 081c c0f2 | e807 00f9 | 0800 8092 | e803 00f9 

  0x000000013a5770c0: ; ImmutableOopMap {c_rarg2=Oop c_rarg1=Oop [216]=Oop c_rarg6=Oop c_rarg0=Oop }
                      ;*synchronization entry
                      ; - java.lang.Integer::<init>@-1
                      ; - java.lang.Integer::valueOf@28
                      ; - net.minecraft.class_310::method_1523@1011 (line 1287)
                      ;   {runtime_call counter_overflow Runtime1 stub}
  0x000000013a5770c0: 10cb 4295 | 42f3 ff17 

  0x000000013a5770c8: ;   {metadata({method} {0x000000e0004022c8} '<init>' '()V' in 'java/lang/Number')}
  0x000000013a5770c8: 0859 84d2 | 0808 a0f2 | 081c c0f2 | e807 00f9 | 0800 8092 | e803 00f9 

  0x000000013a5770e0: ; ImmutableOopMap {c_rarg2=Oop c_rarg1=Oop [216]=Oop c_rarg6=Oop c_rarg0=Oop }
                      ;*synchronization entry
                      ; - java.lang.Number::<init>@-1
                      ; - java.lang.Integer::<init>@1
                      ; - java.lang.Integer::valueOf@28
                      ; - net.minecraft.class_310::method_1523@1011 (line 1287)
                      ;   {runtime_call counter_overflow Runtime1 stub}
  0x000000013a5770e0: 08cb 4295 | 4af3 ff17 

  0x000000013a5770e8: ;   {metadata({method} {0x000000e000467488} '<init>' '()V' in 'java/lang/Object')}
  0x000000013a5770e8: 0891 8ed2 | c808 a0f2 | 081c c0f2 | e807 00f9 | 0800 8092 | e803 00f9 

  0x000000013a577100: ; ImmutableOopMap {c_rarg2=Oop c_rarg1=Oop [216]=Oop c_rarg6=Oop c_rarg0=Oop }
                      ;*synchronization entry
                      ; - java.lang.Object::<init>@-1
                      ; - java.lang.Number::<init>@1
                      ; - java.lang.Integer::<init>@1
                      ; - java.lang.Integer::valueOf@28
                      ; - net.minecraft.class_310::method_1523@1011 (line 1287)
                      ;   {runtime_call counter_overflow Runtime1 stub}
  0x000000013a577100: 00cb 4295 | 52f3 ff17 

  0x000000013a577108: ; ImmutableOopMap {c_rarg2=Oop c_rarg1=Oop [216]=Oop c_rarg6=Oop }
                      ;*aaload {reexecute=0 rethrow=0 return_oop=0}
                      ; - java.lang.Integer::valueOf@21
                      ; - net.minecraft.class_310::method_1523@1011 (line 1287)
                      ;   {runtime_call throw_null_pointer_exception Runtime1 stub}
  0x000000013a577108: 7eb7 4295 

  0x000000013a57710c: ; ImmutableOopMap {c_rarg2=Oop c_rarg1=Oop [216]=Oop c_rarg6=Oop c_rarg0=Oop }
                      ;*aastore {reexecute=1 rethrow=0 return_oop=0}
                      ; - (reexecute) net.minecraft.class_310::method_1523@1014 (line 1287)
                      ;   {runtime_call throw_null_pointer_exception Runtime1 stub}
  0x000000013a57710c: 7db7 4295 | e803 00aa 

  0x000000013a577114: ; ImmutableOopMap {c_rarg2=Oop c_rarg1=Oop [216]=Oop c_rarg6=Oop c_rarg0=Oop }
                      ;*aastore {reexecute=1 rethrow=0 return_oop=0}
                      ; - (reexecute) net.minecraft.class_310::method_1523@1014 (line 1287)
                      ;   {runtime_call throw_array_store_exception Runtime1 stub}
  0x000000013a577114: 7bc0 4295 | 6400 40b9 | 84f0 7dd3 | a475 feb4 | e403 00f9 

  0x000000013a577128: ;   {runtime_call g1_pre_barrier_slow}
  0x000000013a577128: 76cc 4295 | aaf3 ff17 | e075 feb4 | e303 00f9 

  0x000000013a577138: ;   {runtime_call g1_post_barrier_slow}
  0x000000013a577138: 32cd 4295 | acf3 ff17 

  0x000000013a577140: ;   {metadata({method} {0x000000e000046150} 'valueOf' '(I)Ljava/lang/Integer;' in 'java/lang/Integer')}
  0x000000013a577140: 082a 8cd2 | 8800 a0f2 | 081c c0f2 | e807 00f9 | 0800 8092 | e803 00f9 

  0x000000013a577158: ; ImmutableOopMap {c_rarg2=Oop c_rarg1=Oop [216]=Oop c_rarg6=Oop }
                      ;*synchronization entry
                      ; - java.lang.Integer::valueOf@-1
                      ; - net.minecraft.class_310::method_1523@1033 (line 1288)
                      ;   {runtime_call counter_overflow Runtime1 stub}
  0x000000013a577158: eaca 4295 | c8f3 ff17 

  0x000000013a577160: ; ImmutableOopMap {c_rarg2=Oop c_rarg1=Oop [216]=Oop c_rarg6=Oop }
                      ;*new {reexecute=0 rethrow=0 return_oop=0}
                      ; - java.lang.Integer::valueOf@23
                      ; - net.minecraft.class_310::method_1523@1033 (line 1288)
                      ;   {runtime_call fast_new_instance Runtime1 stub}
  0x000000013a577160: a8b9 4295 | eaf3 ff17 

  0x000000013a577168: ;   {metadata({method} {0x000000e000045b50} '<init>' '(I)V' in 'java/lang/Integer')}
  0x000000013a577168: 086a 8bd2 | 8800 a0f2 | 081c c0f2 | e807 00f9 | 0800 8092 | e803 00f9 

  0x000000013a577180: ; ImmutableOopMap {c_rarg2=Oop c_rarg1=Oop [216]=Oop c_rarg6=Oop c_rarg0=Oop }
                      ;*synchronization entry
                      ; - java.lang.Integer::<init>@-1
                      ; - java.lang.Integer::valueOf@28
                      ; - net.minecraft.class_310::method_1523@1033 (line 1288)
                      ;   {runtime_call counter_overflow Runtime1 stub}
  0x000000013a577180: e0ca 4295 | f2f3 ff17 

  0x000000013a577188: ;   {metadata({method} {0x000000e0004022c8} '<init>' '()V' in 'java/lang/Number')}
  0x000000013a577188: 0859 84d2 | 0808 a0f2 | 081c c0f2 | e807 00f9 | 0800 8092 | e803 00f9 

  0x000000013a5771a0: ; ImmutableOopMap {c_rarg2=Oop c_rarg1=Oop [216]=Oop c_rarg6=Oop c_rarg0=Oop }
                      ;*synchronization entry
                      ; - java.lang.Number::<init>@-1
                      ; - java.lang.Integer::<init>@1
                      ; - java.lang.Integer::valueOf@28
                      ; - net.minecraft.class_310::method_1523@1033 (line 1288)
                      ;   {runtime_call counter_overflow Runtime1 stub}
  0x000000013a5771a0: d8ca 4295 | faf3 ff17 

  0x000000013a5771a8: ;   {metadata({method} {0x000000e000467488} '<init>' '()V' in 'java/lang/Object')}
  0x000000013a5771a8: 0891 8ed2 | c808 a0f2 | 081c c0f2 | e807 00f9 | 0800 8092 | e803 00f9 

  0x000000013a5771c0: ; ImmutableOopMap {c_rarg2=Oop c_rarg1=Oop [216]=Oop c_rarg6=Oop c_rarg0=Oop }
                      ;*synchronization entry
                      ; - java.lang.Object::<init>@-1
                      ; - java.lang.Number::<init>@1
                      ; - java.lang.Integer::<init>@1
                      ; - java.lang.Integer::valueOf@28
                      ; - net.minecraft.class_310::method_1523@1033 (line 1288)
                      ;   {runtime_call counter_overflow Runtime1 stub}
  0x000000013a5771c0: d0ca 4295 | 02f4 ff17 

  0x000000013a5771c8: ; ImmutableOopMap {c_rarg2=Oop c_rarg1=Oop [216]=Oop c_rarg6=Oop }
                      ;*aaload {reexecute=0 rethrow=0 return_oop=0}
                      ; - java.lang.Integer::valueOf@21
                      ; - net.minecraft.class_310::method_1523@1033 (line 1288)
                      ;   {runtime_call throw_null_pointer_exception Runtime1 stub}
  0x000000013a5771c8: 4eb7 4295 

  0x000000013a5771cc: ; ImmutableOopMap {c_rarg2=Oop c_rarg1=Oop [216]=Oop c_rarg6=Oop c_rarg7=Oop }
                      ;*aastore {reexecute=1 rethrow=0 return_oop=0}
                      ; - (reexecute) net.minecraft.class_310::method_1523@1036 (line 1288)
                      ;   {runtime_call throw_null_pointer_exception Runtime1 stub}
  0x000000013a5771cc: 4db7 4295 | e803 07aa 

  0x000000013a5771d4: ; ImmutableOopMap {c_rarg2=Oop c_rarg1=Oop [216]=Oop c_rarg6=Oop c_rarg7=Oop }
                      ;*aastore {reexecute=1 rethrow=0 return_oop=0}
                      ; - (reexecute) net.minecraft.class_310::method_1523@1036 (line 1288)
                      ;   {runtime_call throw_array_store_exception Runtime1 stub}
  0x000000013a5771d4: 4bc0 4295 | 6000 40b9 | 00f0 7dd3 | 808b feb4 | e003 00f9 

  0x000000013a5771e8: ;   {runtime_call g1_pre_barrier_slow}
  0x000000013a5771e8: 46cc 4295 | 59f4 ff17 | c78b feb4 | e303 00f9 

  0x000000013a5771f8: ;   {runtime_call g1_post_barrier_slow}
  0x000000013a5771f8: 02cd 4295 | 5bf4 ff17 

  0x000000013a577200: ; ImmutableOopMap {c_rarg2=Oop c_rarg1=Oop [216]=Oop c_rarg6=Oop c_rarg3=Oop }
                      ;*invokevirtual method_42433 {reexecute=0 rethrow=0 return_oop=0}
                      ; - net.minecraft.class_310::method_1523@1043 (line 1289)
                      ;   {runtime_call throw_null_pointer_exception Runtime1 stub}
  0x000000013a577200: 40b7 4295 

  0x000000013a577204: ; ImmutableOopMap {c_rarg2=Oop c_rarg1=Oop [216]=Oop c_rarg6=Oop c_rarg3=Oop c_rarg0=Oop }
                      ;*invokevirtual method_41753 {reexecute=0 rethrow=0 return_oop=0}
                      ; - net.minecraft.class_310::method_1523@1046 (line 1289)
                      ;   {runtime_call throw_null_pointer_exception Runtime1 stub}
  0x000000013a577204: 3fb7 4295 | e803 00aa 

  0x000000013a57720c: ; ImmutableOopMap {c_rarg2=Oop c_rarg1=Oop [216]=Oop c_rarg6=Oop c_rarg3=Oop }
                      ;*checkcast {reexecute=0 rethrow=0 return_oop=0}
                      ; - net.minecraft.class_310::method_1523@1049 (line 1289)
                      ;   {runtime_call throw_class_cast_exception Runtime1 stub}
  0x000000013a57720c: fdc0 4295 

  0x000000013a577210: ; ImmutableOopMap {c_rarg2=Oop c_rarg1=Oop [216]=Oop c_rarg6=Oop c_rarg3=Oop c_rarg0=Oop }
                      ;*invokevirtual booleanValue {reexecute=0 rethrow=0 return_oop=0}
                      ; - net.minecraft.class_310::method_1523@1052 (line 1289)
                      ;   {runtime_call throw_null_pointer_exception Runtime1 stub}
  0x000000013a577210: 3cb7 4295 

  0x000000013a577214: ; ImmutableOopMap {c_rarg2=Oop c_rarg1=Oop [216]=Oop c_rarg6=Oop c_rarg3=Oop c_rarg0=Oop }
                      ;*aastore {reexecute=1 rethrow=0 return_oop=0}
                      ; - (reexecute) net.minecraft.class_310::method_1523@1067 (line 1289)
                      ;   {runtime_call throw_null_pointer_exception Runtime1 stub}
  0x000000013a577214: 3bb7 4295 | e803 00aa 

  0x000000013a57721c: ; ImmutableOopMap {c_rarg2=Oop c_rarg1=Oop [216]=Oop c_rarg6=Oop c_rarg3=Oop c_rarg0=Oop }
                      ;*aastore {reexecute=1 rethrow=0 return_oop=0}
                      ; - (reexecute) net.minecraft.class_310::method_1523@1067 (line 1289)
                      ;   {runtime_call throw_array_store_exception Runtime1 stub}
  0x000000013a57721c: 39c0 4295 | 8a00 40b9 | 4af1 7dd3 | 0aa9 feb4 | ea03 00f9 

  0x000000013a577230: ;   {runtime_call g1_pre_barrier_slow}
  0x000000013a577230: 34cc 4295 | 45f5 ff17 | 40a9 feb4 | e403 00f9 

  0x000000013a577240: ;   {runtime_call g1_post_barrier_slow}
  0x000000013a577240: f0cc 4295 | 47f5 ff17 

  0x000000013a577248: ; ImmutableOopMap {c_rarg2=Oop c_rarg1=Oop [216]=Oop c_rarg6=Oop c_rarg3=Oop c_rarg0=Oop }
                      ;*invokevirtual method_41753 {reexecute=0 rethrow=0 return_oop=0}
                      ; - net.minecraft.class_310::method_1523@1077 (line 1290)
                      ;   {runtime_call throw_null_pointer_exception Runtime1 stub}
  0x000000013a577248: 2eb7 4295 

  0x000000013a57724c: ; ImmutableOopMap {c_rarg2=Oop c_rarg1=Oop [216]=Oop c_rarg6=Oop c_rarg3=Oop c_rarg0=Oop }
                      ;*aastore {reexecute=1 rethrow=0 return_oop=0}
                      ; - (reexecute) net.minecraft.class_310::method_1523@1080 (line 1290)
                      ;   {runtime_call throw_null_pointer_exception Runtime1 stub}
  0x000000013a57724c: 2db7 4295 | e803 00aa 

  0x000000013a577254: ; ImmutableOopMap {c_rarg2=Oop c_rarg1=Oop [216]=Oop c_rarg6=Oop c_rarg3=Oop c_rarg0=Oop }
                      ;*aastore {reexecute=1 rethrow=0 return_oop=0}
                      ; - (reexecute) net.minecraft.class_310::method_1523@1080 (line 1290)
                      ;   {runtime_call throw_array_store_exception Runtime1 stub}
  0x000000013a577254: 2bc0 4295 | 8a00 40b9 | 4af1 7dd3 | cab9 feb4 | ea03 00f9 

  0x000000013a577268: ;   {runtime_call g1_pre_barrier_slow}
  0x000000013a577268: 26cc 4295 | cbf5 ff17 | 00ba feb4 | e403 00f9 

  0x000000013a577278: ;   {runtime_call g1_post_barrier_slow}
  0x000000013a577278: e2cc 4295 | cdf5 ff17 

  0x000000013a577280: ; ImmutableOopMap {c_rarg2=Oop c_rarg1=Oop [216]=Oop c_rarg6=Oop c_rarg3=Oop c_rarg0=Oop }
                      ;*invokevirtual method_41753 {reexecute=0 rethrow=0 return_oop=0}
                      ; - net.minecraft.class_310::method_1523@1090 (line 1291)
                      ;   {runtime_call throw_null_pointer_exception Runtime1 stub}
  0x000000013a577280: 20b7 4295 

  0x000000013a577284: ; ImmutableOopMap {c_rarg2=Oop c_rarg6=Oop c_rarg3=Oop c_rarg0=Oop [216]=Oop }
                      ;*aastore {reexecute=1 rethrow=0 return_oop=0}
                      ; - (reexecute) net.minecraft.class_310::method_1523@1130 (line 1291)
                      ;   {runtime_call throw_null_pointer_exception Runtime1 stub}
  0x000000013a577284: 1fb7 4295 | e803 00aa 

  0x000000013a57728c: ; ImmutableOopMap {c_rarg2=Oop c_rarg6=Oop c_rarg3=Oop c_rarg0=Oop [216]=Oop }
                      ;*aastore {reexecute=1 rethrow=0 return_oop=0}
                      ; - (reexecute) net.minecraft.class_310::method_1523@1130 (line 1291)
                      ;   {runtime_call throw_array_store_exception Runtime1 stub}
  0x000000013a57728c: 1dc0 4295 | 8a00 40b9 | 4af1 7dd3 | 6ad8 feb4 | ea03 00f9 

  0x000000013a5772a0: ;   {runtime_call g1_pre_barrier_slow}
  0x000000013a5772a0: 18cc 4295 | c0f6 ff17 | a0d8 feb4 | e403 00f9 

  0x000000013a5772b0: ;   {runtime_call g1_post_barrier_slow}
  0x000000013a5772b0: d4cc 4295 | c2f6 ff17 

  0x000000013a5772b8: ; ImmutableOopMap {c_rarg2=Oop c_rarg6=Oop [216]=Oop c_rarg3=Oop }
                      ;*invokevirtual method_41753 {reexecute=0 rethrow=0 return_oop=0}
                      ; - net.minecraft.class_310::method_1523@1140 (line 1292)
                      ;   {runtime_call throw_null_pointer_exception Runtime1 stub}
  0x000000013a5772b8: 12b7 4295 

  0x000000013a5772bc: ; ImmutableOopMap {c_rarg2=Oop c_rarg6=Oop [216]=Oop c_rarg3=Oop }
                      ;*aastore {reexecute=1 rethrow=0 return_oop=0}
                      ; - (reexecute) net.minecraft.class_310::method_1523@1143 (line 1292)
                      ;   {runtime_call throw_null_pointer_exception Runtime1 stub}
  0x000000013a5772bc: 11b7 4295 | e803 03aa 

  0x000000013a5772c4: ; ImmutableOopMap {c_rarg2=Oop c_rarg6=Oop [216]=Oop c_rarg3=Oop }
                      ;*aastore {reexecute=1 rethrow=0 return_oop=0}
                      ; - (reexecute) net.minecraft.class_310::method_1523@1143 (line 1292)
                      ;   {runtime_call throw_array_store_exception Runtime1 stub}
  0x000000013a5772c4: 0fc0 4295 | 0400 40b9 | 84f0 7dd3 | 24e9 feb4 | e403 00f9 

  0x000000013a5772d8: ;   {runtime_call g1_pre_barrier_slow}
  0x000000013a5772d8: 0acc 4295 | 46f7 ff17 | 63e9 feb4 | e003 00f9 

  0x000000013a5772e8: ;   {runtime_call g1_post_barrier_slow}
  0x000000013a5772e8: c6cc 4295 | 48f7 ff17 

  0x000000013a5772f0: ; ImmutableOopMap {c_rarg2=Oop c_rarg6=Oop [216]=Oop }
                      ;*aastore {reexecute=1 rethrow=0 return_oop=0}
                      ; - (reexecute) net.minecraft.class_310::method_1523@1149 (line 1292)
                      ;   {runtime_call throw_null_pointer_exception Runtime1 stub}
  0x000000013a5772f0: 04b7 4295 | e803 02aa 

  0x000000013a5772f8: ; ImmutableOopMap {c_rarg2=Oop c_rarg6=Oop [216]=Oop }
                      ;*aastore {reexecute=1 rethrow=0 return_oop=0}
                      ; - (reexecute) net.minecraft.class_310::method_1523@1149 (line 1292)
                      ;   {runtime_call throw_array_store_exception Runtime1 stub}
  0x000000013a5772f8: 02c0 4295 | 6000 40b9 | 00f0 7dd3 | a0f2 feb4 | e003 00f9 

  0x000000013a57730c: ;   {runtime_call g1_pre_barrier_slow}
  0x000000013a57730c: fdcb 4295 | 92f7 ff17 | e2f2 feb4 | e303 00f9 

  0x000000013a57731c: ;   {runtime_call g1_post_barrier_slow}
  0x000000013a57731c: b9cc 4295 | 94f7 ff17 

  0x000000013a577324: ;   {metadata({method} {0x000000e00044f188} 'format' '(Ljava/util/Locale;Ljava/lang/String;[Ljava/lang/Object;)Ljava/lang/String;' in 'java/lang/String')}
  0x000000013a577324: 0831 9ed2 | 8808 a0f2 | 081c c0f2 | e807 00f9 | 0800 8092 | e803 00f9 

  0x000000013a57733c: ; ImmutableOopMap {c_rarg6=Oop [216]=Oop }
                      ;*synchronization entry
                      ; - java.lang.String::format@-1
                      ; - net.minecraft.class_310::method_1523@1150 (line 1286)
                      ;   {runtime_call counter_overflow Runtime1 stub}
  0x000000013a57733c: 71ca 4295 | 9bf7 ff17 

  0x000000013a577344: ; ImmutableOopMap {c_rarg6=Oop [216]=Oop }
                      ;*new {reexecute=0 rethrow=0 return_oop=0}
                      ; - java.lang.String::format@0
                      ; - net.minecraft.class_310::method_1523@1150 (line 1286)
                      ;   {runtime_call fast_new_instance Runtime1 stub}
  0x000000013a577344: 2fb9 4295 | a9f7 ff17 

  0x000000013a57734c: ;   {metadata({method} {0x000000e000113db8} '<init>' '(Ljava/util/Locale;)V' in 'java/util/Formatter')}
  0x000000013a57734c: 08b7 87d2 | 2802 a0f2 | 081c c0f2 | e807 00f9 | 0800 8092 | e803 00f9 

  0x000000013a577364: ; ImmutableOopMap {c_rarg6=Oop [216]=Oop c_rarg0=Oop }
                      ;*synchronization entry
                      ; - java.util.Formatter::<init>@-1
                      ; - java.lang.String::format@5
                      ; - net.minecraft.class_310::method_1523@1150 (line 1286)
                      ;   {runtime_call counter_overflow Runtime1 stub}
  0x000000013a577364: 67ca 4295 | b1f7 ff17 

  0x000000013a57736c: ; ImmutableOopMap {c_rarg6=Oop [216]=Oop [392]=Oop }
                      ;*new {reexecute=0 rethrow=0 return_oop=0}
                      ; - java.util.Formatter::<init>@2
                      ; - java.lang.String::format@5
                      ; - net.minecraft.class_310::method_1523@1150 (line 1286)
                      ;   {runtime_call fast_new_instance Runtime1 stub}
  0x000000013a57736c: 25b9 4295 | c0f7 ff17 

  0x000000013a577374: ;   {metadata({method} {0x000000e000443970} '<init>' '()V' in 'java/lang/StringBuilder')}
  0x000000013a577374: 082e 87d2 | 8808 a0f2 | 081c c0f2 | e807 00f9 | 0800 8092 | e803 00f9 

  0x000000013a57738c: ; ImmutableOopMap {c_rarg6=Oop [216]=Oop [392]=Oop c_rarg0=Oop }
                      ;*synchronization entry
                      ; - java.lang.StringBuilder::<init>@-1
                      ; - java.util.Formatter::<init>@6
                      ; - java.lang.String::format@5
                      ; - net.minecraft.class_310::method_1523@1150 (line 1286)
                      ;   {runtime_call counter_overflow Runtime1 stub}
  0x000000013a57738c: 5dca 4295 | c8f7 ff17 

  0x000000013a577394: ;   {metadata({method} {0x000000e000113bd8} '<init>' '(Ljava/util/Locale;Ljava/lang/Appendable;)V' in 'java/util/Formatter')}
  0x000000013a577394: 087b 87d2 | 2802 a0f2 | 081c c0f2 | e807 00f9 | 0800 8092 | e803 00f9 

  0x000000013a5773ac: ; ImmutableOopMap {[408]=Oop [216]=Oop [400]=Oop [392]=Oop }
                      ;*synchronization entry
                      ; - java.util.Formatter::<init>@-1
                      ; - java.util.Formatter::<init>@9
                      ; - java.lang.String::format@5
                      ; - net.minecraft.class_310::method_1523@1150 (line 1286)
                      ;   {runtime_call counter_overflow Runtime1 stub}
  0x000000013a5773ac: 55ca 4295 | dbf7 ff17 

  0x000000013a5773b4: ;   {metadata({method} {0x000000e000467488} '<init>' '()V' in 'java/lang/Object')}
  0x000000013a5773b4: 0891 8ed2 | c808 a0f2 | 081c c0f2 | e807 00f9 | 0800 8092 | e803 00f9 

  0x000000013a5773cc: ; ImmutableOopMap {[408]=Oop [216]=Oop [400]=Oop [392]=Oop }
                      ;*synchronization entry
                      ; - java.lang.Object::<init>@-1
                      ; - java.util.Formatter::<init>@1
                      ; - java.util.Formatter::<init>@9
                      ; - java.lang.String::format@5
                      ; - net.minecraft.class_310::method_1523@1150 (line 1286)
                      ;   {runtime_call counter_overflow Runtime1 stub}
  0x000000013a5773cc: 4dca 4295 | e3f7 ff17 | 0210 40b9 | 42f0 7dd3 | c2fc feb4 | e203 00f9 

  0x000000013a5773e4: ;   {runtime_call g1_pre_barrier_slow}
  0x000000013a5773e4: c7cb 4295 | e3f7 ff17 | 22fd feb4 | e003 00f9 

  0x000000013a5773f4: ;   {runtime_call g1_post_barrier_slow}
  0x000000013a5773f4: 83cc 4295 | e6f7 ff17 | 0314 40b9 | 63f0 7dd3 | 23fd feb4 | e303 00f9 

  0x000000013a57740c: ;   {runtime_call g1_pre_barrier_slow}
  0x000000013a57740c: bdcb 4295 | e6f7 ff17 | 62fd feb4 | e003 00f9 

  0x000000013a57741c: ;   {runtime_call g1_post_barrier_slow}
  0x000000013a57741c: 79cc 4295 | e8f7 ff17 

  0x000000013a577424: ;   {metadata({method} {0x000000e000113f98} 'format' '(Ljava/lang/String;[Ljava/lang/Object;)Ljava/util/Formatter;' in 'java/util/Formatter')}
  0x000000013a577424: 08f3 87d2 | 2802 a0f2 | 081c c0f2 | e807 00f9 | 0800 8092 | e803 00f9 

  0x000000013a57743c: ; ImmutableOopMap {[408]=Oop [216]=Oop c_rarg0=Oop c_rarg2=Oop }
                      ;*synchronization entry
                      ; - java.util.Formatter::format@-1
                      ; - java.lang.String::format@10
                      ; - net.minecraft.class_310::method_1523@1150 (line 1286)
                      ;   {runtime_call counter_overflow Runtime1 stub}
  0x000000013a57743c: 31ca 4295 | f1f7 ff17 

  0x000000013a577444: ; ImmutableOopMap {[216]=Oop c_rarg0=Oop }
                      ;*invokevirtual toString {reexecute=0 rethrow=0 return_oop=0}
                      ; - java.lang.String::format@13
                      ; - net.minecraft.class_310::method_1523@1150 (line 1286)
                      ;   {runtime_call throw_null_pointer_exception Runtime1 stub}
  0x000000013a577444: afb6 4295 

  0x000000013a577448: ;   {metadata({method} {0x000000e000112cc8} 'toString' '()Ljava/lang/String;' in 'java/util/Formatter')}
  0x000000013a577448: 0899 85d2 | 2802 a0f2 | 081c c0f2 | e807 00f9 | 0800 8092 | e803 00f9 

  0x000000013a577460: ; ImmutableOopMap {[216]=Oop c_rarg0=Oop }
                      ;*synchronization entry
                      ; - java.util.Formatter::toString@-1
                      ; - java.lang.String::format@13
                      ; - net.minecraft.class_310::method_1523@1150 (line 1286)
                      ;   {runtime_call counter_overflow Runtime1 stub}
  0x000000013a577460: 28ca 4295 | 06f8 ff17 

  0x000000013a577468: ;   {metadata({method} {0x000000e000114178} 'ensureOpen' '()V' in 'java/util/Formatter')}
  0x000000013a577468: 082f 88d2 | 2802 a0f2 | 081c c0f2 | e807 00f9 | 0800 8092 | e803 00f9 

  0x000000013a577480: ; ImmutableOopMap {[216]=Oop c_rarg0=Oop }
                      ;*synchronization entry
                      ; - java.util.Formatter::ensureOpen@-1
                      ; - java.util.Formatter::toString@1
                      ; - java.lang.String::format@13
                      ; - net.minecraft.class_310::method_1523@1150 (line 1286)
                      ;   {runtime_call counter_overflow Runtime1 stub}
  0x000000013a577480: 20ca 4295 | 0ef8 ff17 

  0x000000013a577488: ; ImmutableOopMap {[216]=Oop c_rarg1=Oop }
                      ;*invokevirtual toString {reexecute=0 rethrow=0 return_oop=0}
                      ; - java.util.Formatter::toString@8
                      ; - java.lang.String::format@13
                      ; - net.minecraft.class_310::method_1523@1150 (line 1286)
                      ;   {runtime_call throw_null_pointer_exception Runtime1 stub}
  0x000000013a577488: 9eb6 4295 | 2298 41b9 | 42f0 7dd3 | 4209 ffb4 | e203 00f9 

  0x000000013a57749c: ;   {runtime_call g1_pre_barrier_slow}
  0x000000013a57749c: 99cb 4295 | 47f8 ff17 | 8009 ffb4 | e103 00f9 

  0x000000013a5774ac: ;   {runtime_call g1_post_barrier_slow}
  0x000000013a5774ac: 55cc 4295 | 49f8 ff17 

  0x000000013a5774b4: ;   {metadata({method} {0x0000000153d57718} 'method_1523' '(Z)V' in 'net/minecraft/class_310')}
  0x000000013a5774b4: 08e3 8ed2 | a87a aaf2 | 2800 c0f2 | e807 00f9 | a892 80d2 | e803 00f9 

  0x000000013a5774cc: ; ImmutableOopMap {c_rarg1=Oop [216]=Oop }
                      ;*goto {reexecute=1 rethrow=0 return_oop=0}
                      ; - (reexecute) net.minecraft.class_310::method_1523@1173 (line 1297)
                      ;   {runtime_call counter_overflow Runtime1 stub}
  0x000000013a5774cc: 0dca 4295 | 4ff8 ff17 

  0x000000013a5774d4: ; ImmutableOopMap {c_rarg1=Oop [216]=Oop c_rarg2=Oop }
                      ;*invokeinterface method_15407 {reexecute=0 rethrow=0 return_oop=0}
                      ; - net.minecraft.class_310::method_1523@1180 (line 1298)
                      ;   {runtime_call throw_incompatible_class_change_error Runtime1 stub}
  0x000000013a5774d4: 0bc1 4295 

  0x000000013a5774d8: ; ImmutableOopMap {c_rarg1=Oop [216]=Oop c_rarg2=Oop }
                      ;*invokeinterface method_15407 {reexecute=0 rethrow=0 return_oop=0}
                      ; - net.minecraft.class_310::method_1523@1180 (line 1298)
                      ;   {runtime_call throw_null_pointer_exception Runtime1 stub}
  0x000000013a5774d8: 8ab6 4295 

  0x000000013a5774dc: ;   {metadata({method} {0x0000000153e3ec20} 'method_15407' '()V' in 'net/minecraft/class_3694')}
  0x000000013a5774dc: 0884 9dd2 | 687c aaf2 | 2800 c0f2 | e807 00f9 | 0800 8092 | e803 00f9 

  0x000000013a5774f4: ; ImmutableOopMap {c_rarg1=Oop [216]=Oop }
                      ;*synchronization entry
                      ; - net.minecraft.class_3694::method_15407@-1 (line 39)
                      ; - net.minecraft.class_310::method_1523@1180 (line 1298)
                      ;   {runtime_call counter_overflow Runtime1 stub}
  0x000000013a5774f4: 03ca 4295 | 6bf8 ff17 

  0x000000013a5774fc: ;   {metadata({method} {0x0000000153d68438} 'handler$gcg000$lavender$onFrameEnd' '(ZLorg/spongepowered/asm/mixin/injection/callback/CallbackInfo;)V' in 'net/minecraft/class_310')}
  0x000000013a5774fc: 0887 90d2 | c87a aaf2 | 2800 c0f2 | e807 00f9 | 0800 8092 | e803 00f9 

  0x000000013a577514: ; ImmutableOopMap {c_rarg1=Oop [216]=Oop }
                      ;*synchronization entry
                      ; - net.minecraft.class_310::handler$gcg000$lavender$onFrameEnd@-1 (line 23036)
                      ; - net.minecraft.class_310::method_1523@1188 (line 1299)
                      ;   {runtime_call counter_overflow Runtime1 stub}
  0x000000013a577514: fbc9 4295 | 73f8 ff17 

  0x000000013a57751c: ;   {metadata({method} {0x000000032c06c5d0} 'endFrame' '()V' in 'io/wispforest/lavender/client/OffhandBookRenderer')}
  0x000000013a57751c: 08ba 98d2 | c880 a5f2 | 6800 c0f2 | e807 00f9 | 0800 8092 | e803 00f9 

  0x000000013a577534: ; ImmutableOopMap {c_rarg1=Oop [216]=Oop }
                      ;*synchronization entry
                      ; - io.wispforest.lavender.client.OffhandBookRenderer::endFrame@-1 (line 139)
                      ; - net.minecraft.class_310::handler$gcg000$lavender$onFrameEnd@8 (line 23037)
                      ; - net.minecraft.class_310::method_1523@1188 (line 1299)
                      ;   {runtime_call counter_overflow Runtime1 stub}
  0x000000013a577534: f3c9 4295 | 88f8 ff17 | 4378 40b9 | 63f0 7dd3 | 4313 ffb4 | e303 00f9 

  0x000000013a57754c: ;   {runtime_call g1_pre_barrier_slow}
  0x000000013a57754c: 6dcb 4295 | 97f8 ff17 

  0x000000013a577554: ;   {metadata({method} {0x0000000153d6b9a0} 'handler$kek000$trafficcraft$tc$runAfterClientTick' '(ZLorg/spongepowered/asm/mixin/injection/callback/CallbackInfo;)V' in 'net/minecraft/class_310')}
  0x000000013a577554: 0834 97d2 | c87a aaf2 | 2800 c0f2 | e807 00f9 | 0800 8092 | e803 00f9 

  0x000000013a57756c: ; ImmutableOopMap {[216]=Oop }
                      ;*synchronization entry
                      ; - net.minecraft.class_310::handler$kek000$trafficcraft$tc$runAfterClientTick@-1 (line 41008)
                      ; - net.minecraft.class_310::method_1523@1200 (line 1299)
                      ;   {runtime_call counter_overflow Runtime1 stub}
  0x000000013a57756c: e5c9 4295 | acf8 ff17 

  0x000000013a577574: ;   {metadata({method} {0x0000000332c2ab40} 'runAllScheduledRenderTasks' '()V' in 'de/mrjulsen/trafficcraft/client/ClientWrapper')}
  0x000000013a577574: 0868 95d2 | 4858 a6f2 | 6800 c0f2 | e807 00f9 | 0800 8092 | e803 00f9 

  0x000000013a57758c: ; ImmutableOopMap {[216]=Oop }
                      ;*synchronization entry
                      ; - de.mrjulsen.trafficcraft.client.ClientWrapper::runAllScheduledRenderTasks@-1 (line 39)
                      ; - net.minecraft.class_310::handler$kek000$trafficcraft$tc$runAfterClientTick@0 (line 41008)
                      ; - net.minecraft.class_310::method_1523@1200 (line 1299)
                      ;   {runtime_call counter_overflow Runtime1 stub}
  0x000000013a57758c: ddc9 4295 | b3f8 ff17 

  0x000000013a577594: ;   {metadata({method} {0x00000001503691b8} 'isEmpty' '()Z' in 'java/util/concurrent/ConcurrentLinkedQueue')}
  0x000000013a577594: 0837 92d2 | c806 aaf2 | 2800 c0f2 | e807 00f9 | 0800 8092 | e803 00f9 

  0x000000013a5775ac: ; ImmutableOopMap {[216]=Oop c_rarg1=Oop }
                      ;*synchronization entry
                      ; - java.util.concurrent.ConcurrentLinkedQueue::isEmpty@-1
                      ; - de.mrjulsen.trafficcraft.client.ClientWrapper::runAllScheduledRenderTasks@3 (line 39)
                      ; - net.minecraft.class_310::handler$kek000$trafficcraft$tc$runAfterClientTick@0 (line 41008)
                      ; - net.minecraft.class_310::method_1523@1200 (line 1299)
                      ;   {runtime_call counter_overflow Runtime1 stub}
  0x000000013a5775ac: d5c9 4295 | e0f8 ff17 | e803 00aa 

  0x000000013a5775b8: ; ImmutableOopMap {[216]=Oop }
                      ;*checkcast {reexecute=0 rethrow=0 return_oop=0}
                      ; - de.mrjulsen.trafficcraft.client.ClientWrapper::runAllScheduledRenderTasks@19 (line 40)
                      ; - net.minecraft.class_310::handler$kek000$trafficcraft$tc$runAfterClientTick@0 (line 41008)
                      ; - net.minecraft.class_310::method_1523@1200 (line 1299)
                      ;   {runtime_call throw_class_cast_exception Runtime1 stub}
  0x000000013a5775b8: 12c0 4295 

  0x000000013a5775bc: ; ImmutableOopMap {[216]=Oop c_rarg1=Oop }
                      ;*invokeinterface run {reexecute=0 rethrow=0 return_oop=0}
                      ; - de.mrjulsen.trafficcraft.client.ClientWrapper::runAllScheduledRenderTasks@22 (line 40)
                      ; - net.minecraft.class_310::handler$kek000$trafficcraft$tc$runAfterClientTick@0 (line 41008)
                      ; - net.minecraft.class_310::method_1523@1200 (line 1299)
                      ;   {runtime_call throw_null_pointer_exception Runtime1 stub}
  0x000000013a5775bc: 51b6 4295 

  0x000000013a5775c0: ;   {metadata({method} {0x0000000332c2ab40} 'runAllScheduledRenderTasks' '()V' in 'de/mrjulsen/trafficcraft/client/ClientWrapper')}
  0x000000013a5775c0: 0868 95d2 | 4858 a6f2 | 6800 c0f2 | e807 00f9 | 6803 80d2 | e803 00f9 

  0x000000013a5775d8: ; ImmutableOopMap {[216]=Oop }
                      ;*goto {reexecute=1 rethrow=0 return_oop=0}
                      ; - (reexecute) de.mrjulsen.trafficcraft.client.ClientWrapper::runAllScheduledRenderTasks@27 (line 40)
                      ; - net.minecraft.class_310::handler$kek000$trafficcraft$tc$runAfterClientTick@0 (line 41008)
                      ; - net.minecraft.class_310::method_1523@1200 (line 1299)
                      ;   {runtime_call counter_overflow Runtime1 stub}
  0x000000013a5775d8: cac9 4295 | c9f9 ff17 

  0x000000013a5775e0: ;   {internal_word}
  0x000000013a5775e0: c83b ff10 | 88b3 01f9 

  0x000000013a5775e8: ;   {runtime_call SafepointBlob}
  0x000000013a5775e8: 060f 4015 

  0x000000013a5775ec: ; ImmutableOopMap {[216]=Oop [424]=Oop }
                      ;*new {reexecute=0 rethrow=0 return_oop=0}
                      ; - java.util.Formatter::ensureOpen@7
                      ; - java.util.Formatter::toString@1
                      ; - java.lang.String::format@13
                      ; - net.minecraft.class_310::method_1523@1150 (line 1286)
                      ;   {runtime_call new_instance Runtime1 stub}
  0x000000013a5775ec: c5b7 4295 | e1f9 ff17 

  0x000000013a5775f4: ;   {metadata({method} {0x0000000153ced6a8} 'constructThreadException' '()Ljava/lang/IllegalStateException;' in 'com/mojang/blaze3d/systems/RenderSystem')}
  0x000000013a5775f4: 08d5 9ad2 | c879 aaf2 | 2800 c0f2 | e807 00f9 | 0800 8092 | e803 00f9 

  0x000000013a57760c: ; ImmutableOopMap {[216]=Oop }
                      ;*synchronization entry
                      ; - com.mojang.blaze3d.systems.RenderSystem::constructThreadException@-1 (line 184)
                      ; - com.mojang.blaze3d.systems.RenderSystem::assertOnRenderThread@6 (line 173)
                      ; - com.mojang.blaze3d.platform.GlStateManager::_enableCull@0 (line 459)
                      ; - com.mojang.blaze3d.systems.RenderSystem::enableCull@3 (line 385)
                      ; - net.minecraft.class_310::method_1523@394 (line 1214)
                      ;   {runtime_call counter_overflow Runtime1 stub}
  0x000000013a57760c: bdc9 4295 | f4f9 ff17 

  0x000000013a577614: ; ImmutableOopMap {[216]=Oop }
                      ;*new {reexecute=0 rethrow=0 return_oop=0}
                      ; - com.mojang.blaze3d.systems.RenderSystem::constructThreadException@0 (line 184)
                      ; - com.mojang.blaze3d.systems.RenderSystem::assertOnRenderThread@6 (line 173)
                      ; - com.mojang.blaze3d.platform.GlStateManager::_enableCull@0 (line 459)
                      ; - com.mojang.blaze3d.systems.RenderSystem::enableCull@3 (line 385)
                      ; - net.minecraft.class_310::method_1523@394 (line 1214)
                      ;   {runtime_call fast_new_instance Runtime1 stub}
  0x000000013a577614: 7bb8 4295 | 01fa ff17 

  0x000000013a57761c: ;   {metadata({method} {0x0000000153ced6a8} 'constructThreadException' '()Ljava/lang/IllegalStateException;' in 'com/mojang/blaze3d/systems/RenderSystem')}
  0x000000013a57761c: 08d5 9ad2 | c879 aaf2 | 2800 c0f2 | e807 00f9 | 0800 8092 | e803 00f9 

  0x000000013a577634: ; ImmutableOopMap {[216]=Oop }
                      ;*synchronization entry
                      ; - com.mojang.blaze3d.systems.RenderSystem::constructThreadException@-1 (line 184)
                      ; - com.mojang.blaze3d.systems.RenderSystem::assertOnRenderThread@6 (line 173)
                      ; - com.mojang.blaze3d.systems.RenderSystem::enableCull@0 (line 381)
                      ; - net.minecraft.class_310::method_1523@394 (line 1214)
                      ;   {runtime_call counter_overflow Runtime1 stub}
  0x000000013a577634: b3c9 4295 | 17fa ff17 

  0x000000013a57763c: ; ImmutableOopMap {[216]=Oop }
                      ;*new {reexecute=0 rethrow=0 return_oop=0}
                      ; - com.mojang.blaze3d.systems.RenderSystem::constructThreadException@0 (line 184)
                      ; - com.mojang.blaze3d.systems.RenderSystem::assertOnRenderThread@6 (line 173)
                      ; - com.mojang.blaze3d.systems.RenderSystem::enableCull@0 (line 381)
                      ; - net.minecraft.class_310::method_1523@394 (line 1214)
                      ;   {runtime_call fast_new_instance Runtime1 stub}
  0x000000013a57763c: 71b8 4295 | 24fa ff17 

  0x000000013a577644: ;   {metadata({method} {0x0000000153ced6a8} 'constructThreadException' '()Ljava/lang/IllegalStateException;' in 'com/mojang/blaze3d/systems/RenderSystem')}
  0x000000013a577644: 08d5 9ad2 | c879 aaf2 | 2800 c0f2 | e807 00f9 | 0800 8092 | e803 00f9 

  0x000000013a57765c: ; ImmutableOopMap {[216]=Oop }
                      ;*synchronization entry
                      ; - com.mojang.blaze3d.systems.RenderSystem::constructThreadException@-1 (line 184)
                      ; - com.mojang.blaze3d.systems.RenderSystem::assertOnRenderThread@6 (line 173)
                      ; - com.mojang.blaze3d.systems.RenderSystem::setShaderFogStart@0 (line 620)
                      ; - net.minecraft.class_758::method_23792@3 (line 203)
                      ; - net.minecraft.class_310::method_1523@379 (line 1211)
                      ;   {runtime_call counter_overflow Runtime1 stub}
  0x000000013a57765c: a9c9 4295 | 3afa ff17 

  0x000000013a577664: ; ImmutableOopMap {[216]=Oop }
                      ;*new {reexecute=0 rethrow=0 return_oop=0}
                      ; - com.mojang.blaze3d.systems.RenderSystem::constructThreadException@0 (line 184)
                      ; - com.mojang.blaze3d.systems.RenderSystem::assertOnRenderThread@6 (line 173)
                      ; - com.mojang.blaze3d.systems.RenderSystem::setShaderFogStart@0 (line 620)
                      ; - net.minecraft.class_758::method_23792@3 (line 203)
                      ; - net.minecraft.class_310::method_1523@379 (line 1211)
                      ;   {runtime_call fast_new_instance Runtime1 stub}
  0x000000013a577664: 67b8 4295 | 47fa ff17 

  0x000000013a57766c: ;   {metadata({method} {0x0000000153ced6a8} 'constructThreadException' '()Ljava/lang/IllegalStateException;' in 'com/mojang/blaze3d/systems/RenderSystem')}
  0x000000013a57766c: 08d5 9ad2 | c879 aaf2 | 2800 c0f2 | e807 00f9 | 0800 8092 | e803 00f9 

  0x000000013a577684: ; ImmutableOopMap {[216]=Oop }
                      ;*synchronization entry
                      ; - com.mojang.blaze3d.systems.RenderSystem::constructThreadException@-1 (line 184)
                      ; - com.mojang.blaze3d.systems.RenderSystem::assertOnRenderThread@6 (line 173)
                      ; - com.mojang.blaze3d.platform.GlStateManager::_getError@0 (line 759)
                      ; - com.mojang.blaze3d.platform.GlStateManager::_clear@11 (line 709)
                      ; - com.mojang.blaze3d.systems.RenderSystem::clear@5 (line 615)
                      ; - net.minecraft.class_310::method_1523@368 (line 1208)
                      ;   {runtime_call counter_overflow Runtime1 stub}
  0x000000013a577684: 9fc9 4295 | 5dfa ff17 

  0x000000013a57768c: ; ImmutableOopMap {[216]=Oop }
                      ;*new {reexecute=0 rethrow=0 return_oop=0}
                      ; - com.mojang.blaze3d.systems.RenderSystem::constructThreadException@0 (line 184)
                      ; - com.mojang.blaze3d.systems.RenderSystem::assertOnRenderThread@6 (line 173)
                      ; - com.mojang.blaze3d.platform.GlStateManager::_getError@0 (line 759)
                      ; - com.mojang.blaze3d.platform.GlStateManager::_clear@11 (line 709)
                      ; - com.mojang.blaze3d.systems.RenderSystem::clear@5 (line 615)
                      ; - net.minecraft.class_310::method_1523@368 (line 1208)
                      ;   {runtime_call fast_new_instance Runtime1 stub}
  0x000000013a57768c: 5db8 4295 | 6afa ff17 

  0x000000013a577694: ;   {metadata({method} {0x0000000153ced6a8} 'constructThreadException' '()Ljava/lang/IllegalStateException;' in 'com/mojang/blaze3d/systems/RenderSystem')}
  0x000000013a577694: 08d5 9ad2 | c879 aaf2 | 2800 c0f2 | e807 00f9 | 0800 8092 | e803 00f9 

  0x000000013a5776ac: ; ImmutableOopMap {[216]=Oop }
                      ;*synchronization entry
                      ; - com.mojang.blaze3d.systems.RenderSystem::constructThreadException@-1 (line 184)
                      ; - com.mojang.blaze3d.systems.RenderSystem::assertOnRenderThreadOrInit@13 (line 168)
                      ; - com.mojang.blaze3d.platform.GlStateManager::_clear@0 (line 705)
                      ; - com.mojang.blaze3d.systems.RenderSystem::clear@5 (line 615)
                      ; - net.minecraft.class_310::method_1523@368 (line 1208)
                      ;   {runtime_call counter_overflow Runtime1 stub}
  0x000000013a5776ac: 95c9 4295 | 81fa ff17 

  0x000000013a5776b4: ; ImmutableOopMap {[216]=Oop }
                      ;*new {reexecute=0 rethrow=0 return_oop=0}
                      ; - com.mojang.blaze3d.systems.RenderSystem::constructThreadException@0 (line 184)
                      ; - com.mojang.blaze3d.systems.RenderSystem::assertOnRenderThreadOrInit@13 (line 168)
                      ; - com.mojang.blaze3d.platform.GlStateManager::_clear@0 (line 705)
                      ; - com.mojang.blaze3d.systems.RenderSystem::clear@5 (line 615)
                      ; - net.minecraft.class_310::method_1523@368 (line 1208)
                      ;   {runtime_call fast_new_instance Runtime1 stub}
  0x000000013a5776b4: 53b8 4295 | 8efa ff17 | 1f20 03d5 | 1f20 03d5 | 80ef 41f9 | 9fef 01f9 | 9ff3 01f9 | fd7b 5fa9 
  0x000000013a5776d4: ff03 0891 

  0x000000013a5776d8: ;   {runtime_call unwind_exception Runtime1 stub}
  0x000000013a5776d8: 4ab2 4215 | 0000 0000 | 0000 0000 | 0000 0000 | 0000 0000 | 0000 0000 | 0000 0000 | 0000 0000 
  0x000000013a5776f8: 0000 0000 | 0000 0000 
[Stub Code]
  0x000000013a577700: ;   {no_reloc}
  0x000000013a577700: df3f 03d5 

  0x000000013a577704: ;   {metadata({method} {0x0000000153d68320} 'handler$gcg000$lavender$onFrameStart' '(ZLorg/spongepowered/asm/mixin/injection/callback/CallbackInfo;)V' in 'net/minecraft/class_310')}
  0x000000013a577704: 0c64 90d2 | cc7a aaf2 | 2c00 c0f2 | 0838 89d2 | a8ea a7f2 | 2800 c0f2 | 0001 1fd6 

  0x000000013a577720: ;   {trampoline_stub}
  0x000000013a577720: 4800 0058 | 0001 1fd6 | 0077 573a | 0100 0000 

  0x000000013a577730: ;   {static_stub}
  0x000000013a577730: df3f 03d5 

  0x000000013a577734: ;   {metadata(NULL)}
  0x000000013a577734: 0c00 80d2 | 0c00 a0f2 | 0c00 c0f2 | 0800 80d2 | 0800 a0f2 | 0800 c0f2 | 0001 1fd6 

  0x000000013a577750: ;   {trampoline_stub}
  0x000000013a577750: 4800 0058 | 0001 1fd6 | d0d0 0541 | 0100 0000 

  0x000000013a577760: ;   {static_stub}
  0x000000013a577760: df3f 03d5 

  0x000000013a577764: ;   {metadata(NULL)}
  0x000000013a577764: 0c00 80d2 | 0c00 a0f2 | 0c00 c0f2 | 0800 80d2 | 0800 a0f2 | 0800 c0f2 | 0001 1fd6 

  0x000000013a577780: ;   {trampoline_stub}
  0x000000013a577780: 4800 0058 | 0001 1fd6 | 90bc af40 | 0100 0000 

  0x000000013a577790: ;   {static_stub}
  0x000000013a577790: df3f 03d5 

  0x000000013a577794: ;   {metadata({method} {0x000000032cf3c378} 'handleClientRunTickStart' '()V' in 'xaero/map/events/ClientEvents')}
  0x000000013a577794: 0c6f 98d2 | 6c9e a5f2 | 6c00 c0f2 | 0857 88d2 | e8ea a7f2 | 2800 c0f2 | 0001 1fd6 

  0x000000013a5777b0: ;   {trampoline_stub}
  0x000000013a5777b0: 4800 0058 | 0001 1fd6 | 9077 573a | 0100 0000 

  0x000000013a5777c0: ;   {static_stub}
  0x000000013a5777c0: df3f 03d5 

  0x000000013a5777c4: ;   {metadata(NULL)}
  0x000000013a5777c4: 0c00 80d2 | 0c00 a0f2 | 0c00 c0f2 | 0800 80d2 | 0800 a0f2 | 0800 c0f2 | 0001 1fd6 

  0x000000013a5777e0: ;   {trampoline_stub}
  0x000000013a5777e0: 4800 0058 | 0001 1fd6 | c08d b240 | 0100 0000 

  0x000000013a5777f0: ;   {static_stub}
  0x000000013a5777f0: df3f 03d5 

  0x000000013a5777f4: ;   {metadata(NULL)}
  0x000000013a5777f4: 0c00 80d2 | 0c00 a0f2 | 0c00 c0f2 | 0800 80d2 | 0800 a0f2 | 0800 c0f2 | 0001 1fd6 

  0x000000013a577810: ;   {trampoline_stub}
  0x000000013a577810: 4800 0058 | 0001 1fd6 | 4077 fe40 | 0100 0000 

  0x000000013a577820: ;   {static_stub}
  0x000000013a577820: df3f 03d5 

  0x000000013a577824: ;   {metadata(NULL)}
  0x000000013a577824: 0c00 80d2 | 0c00 a0f2 | 0c00 c0f2 | 0800 80d2 | 0800 a0f2 | 0800 c0f2 | 0001 1fd6 

  0x000000013a577840: ;   {trampoline_stub}
  0x000000013a577840: 4800 0058 | 0001 1fd6 | 004f 573f | 0100 0000 

  0x000000013a577850: ;   {static_stub}
  0x000000013a577850: df3f 03d5 

  0x000000013a577854: ;   {metadata(NULL)}
  0x000000013a577854: 0c00 80d2 | 0c00 a0f2 | 0c00 c0f2 | 0800 80d2 | 0800 a0f2 | 0800 c0f2 | 0001 1fd6 

  0x000000013a577870: ;   {trampoline_stub}
  0x000000013a577870: 4800 0058 | 0001 1fd6 | 004f 573f | 0100 0000 

  0x000000013a577880: ;   {static_stub}
  0x000000013a577880: df3f 03d5 

  0x000000013a577884: ;   {metadata(NULL)}
  0x000000013a577884: 0c00 80d2 | 0c00 a0f2 | 0c00 c0f2 | 0800 80d2 | 0800 a0f2 | 0800 c0f2 | 0001 1fd6 

  0x000000013a5778a0: ;   {trampoline_stub}
  0x000000013a5778a0: 4800 0058 | 0001 1fd6 | 0055 573f | 0100 0000 

  0x000000013a5778b0: ;   {static_stub}
  0x000000013a5778b0: df3f 03d5 

  0x000000013a5778b4: ;   {metadata(NULL)}
  0x000000013a5778b4: 0c00 80d2 | 0c00 a0f2 | 0c00 c0f2 | 0800 80d2 | 0800 a0f2 | 0800 c0f2 | 0001 1fd6 

  0x000000013a5778d0: ;   {trampoline_stub}
  0x000000013a5778d0: 4800 0058 | 0001 1fd6 | 0055 573f | 0100 0000 

  0x000000013a5778e0: ;   {static_stub}
  0x000000013a5778e0: df3f 03d5 

  0x000000013a5778e4: ;   {metadata(NULL)}
  0x000000013a5778e4: 0c00 80d2 | 0c00 a0f2 | 0c00 c0f2 | 0800 80d2 | 0800 a0f2 | 0800 c0f2 | 0001 1fd6 

  0x000000013a577900: ;   {trampoline_stub}
  0x000000013a577900: 4800 0058 | 0001 1fd6 | 004f 573f | 0100 0000 

  0x000000013a577910: ;   {static_stub}
  0x000000013a577910: df3f 03d5 

  0x000000013a577914: ;   {metadata(NULL)}
  0x000000013a577914: 0c00 80d2 | 0c00 a0f2 | 0c00 c0f2 | 0800 80d2 | 0800 a0f2 | 0800 c0f2 | 0001 1fd6 

  0x000000013a577930: ;   {trampoline_stub}
  0x000000013a577930: 4800 0058 | 0001 1fd6 | 9042 573f | 0100 0000 

  0x000000013a577940: ;   {static_stub}
  0x000000013a577940: df3f 03d5 

  0x000000013a577944: ;   {metadata(NULL)}
  0x000000013a577944: 0c00 80d2 | 0c00 a0f2 | 0c00 c0f2 | 0800 80d2 | 0800 a0f2 | 0800 c0f2 | 0001 1fd6 

  0x000000013a577960: ;   {trampoline_stub}
  0x000000013a577960: 4800 0058 | 0001 1fd6 | 4030 d840 | 0100 0000 

  0x000000013a577970: ;   {static_stub}
  0x000000013a577970: df3f 03d5 

  0x000000013a577974: ;   {metadata(NULL)}
  0x000000013a577974: 0c00 80d2 | 0c00 a0f2 | 0c00 c0f2 | 0800 80d2 | 0800 a0f2 | 0800 c0f2 | 0001 1fd6 

  0x000000013a577990: ;   {trampoline_stub}
  0x000000013a577990: 4800 0058 | 0001 1fd6 | c08d b240 | 0100 0000 

  0x000000013a5779a0: ;   {static_stub}
  0x000000013a5779a0: df3f 03d5 

  0x000000013a5779a4: ;   {metadata(NULL)}
  0x000000013a5779a4: 0c00 80d2 | 0c00 a0f2 | 0c00 c0f2 | 0800 80d2 | 0800 a0f2 | 0800 c0f2 | 0001 1fd6 

  0x000000013a5779c0: ;   {trampoline_stub}
  0x000000013a5779c0: 4800 0058 | 0001 1fd6 | 9057 3341 | 0100 0000 

  0x000000013a5779d0: ;   {static_stub}
  0x000000013a5779d0: df3f 03d5 

  0x000000013a5779d4: ;   {metadata(NULL)}
  0x000000013a5779d4: 0c00 80d2 | 0c00 a0f2 | 0c00 c0f2 | 0800 80d2 | 0800 a0f2 | 0800 c0f2 | 0001 1fd6 

  0x000000013a5779f0: ;   {trampoline_stub}
  0x000000013a5779f0: 4800 0058 | 0001 1fd6 | 005c 3341 | 0100 0000 

  0x000000013a577a00: ;   {static_stub}
  0x000000013a577a00: df3f 03d5 

  0x000000013a577a04: ;   {metadata(NULL)}
  0x000000013a577a04: 0c00 80d2 | 0c00 a0f2 | 0c00 c0f2 | 0800 80d2 | 0800 a0f2 | 0800 c0f2 | 0001 1fd6 

  0x000000013a577a20: ;   {trampoline_stub}
  0x000000013a577a20: 4800 0058 | 0001 1fd6 | 50e9 f640 | 0100 0000 

  0x000000013a577a30: ;   {static_stub}
  0x000000013a577a30: df3f 03d5 

  0x000000013a577a34: ;   {metadata({method} {0x0000000153d5a8e0} 'method_1574' '()V' in 'net/minecraft/class_310')}
  0x000000013a577a34: 0c1c 95d2 | ac7a aaf2 | 2c00 c0f2 | 0857 88d2 | e8ea a7f2 | 2800 c0f2 | 0001 1fd6 

  0x000000013a577a50: ;   {trampoline_stub}
  0x000000013a577a50: 4800 0058 | 0001 1fd6 | 307a 573a | 0100 0000 

  0x000000013a577a60: ;   {static_stub}
  0x000000013a577a60: df3f 03d5 

  0x000000013a577a64: ;   {metadata({method} {0x0000000331226d90} 'method_1606' '()V' in 'net/minecraft/class_312')}
  0x000000013a577a64: 0cb2 8dd2 | 4c24 a6f2 | 6c00 c0f2 | 0857 88d2 | e8ea a7f2 | 2800 c0f2 | 0001 1fd6 

  0x000000013a577a80: ;   {trampoline_stub}
  0x000000013a577a80: 4800 0058 | 0001 1fd6 | 607a 573a | 0100 0000 

  0x000000013a577a90: ;   {static_stub}
  0x000000013a577a90: df3f 03d5 

  0x000000013a577a94: ;   {metadata({method} {0x0000000331329ec8} 'method_4840' '(Lnet/minecraft/class_4184;)V' in 'net/minecraft/class_1140')}
  0x000000013a577a94: 0cd9 93d2 | 4c26 a6f2 | 6c00 c0f2 | 08d7 93d2 | e8ea a7f2 | 2800 c0f2 | 0001 1fd6 

  0x000000013a577ab0: ;   {trampoline_stub}
  0x000000013a577ab0: 4800 0058 | 0001 1fd6 | 907a 573a | 0100 0000 

  0x000000013a577ac0: ;   {static_stub}
  0x000000013a577ac0: df3f 03d5 

  0x000000013a577ac4: ;   {metadata(NULL)}
  0x000000013a577ac4: 0c00 80d2 | 0c00 a0f2 | 0c00 c0f2 | 0800 80d2 | 0800 a0f2 | 0800 c0f2 | 0001 1fd6 

  0x000000013a577ae0: ;   {trampoline_stub}
  0x000000013a577ae0: 4800 0058 | 0001 1fd6 | c08d b240 | 0100 0000 

  0x000000013a577af0: ;   {static_stub}
  0x000000013a577af0: df3f 03d5 

  0x000000013a577af4: ;   {metadata(NULL)}
  0x000000013a577af4: 0c00 80d2 | 0c00 a0f2 | 0c00 c0f2 | 0800 80d2 | 0800 a0f2 | 0800 c0f2 | 0001 1fd6 

  0x000000013a577b10: ;   {trampoline_stub}
  0x000000013a577b10: 4800 0058 | 0001 1fd6 | 0052 573f | 0100 0000 

  0x000000013a577b20: ;   {static_stub}
  0x000000013a577b20: df3f 03d5 

  0x000000013a577b24: ;   {metadata(NULL)}
  0x000000013a577b24: 0c00 80d2 | 0c00 a0f2 | 0c00 c0f2 | 0800 80d2 | 0800 a0f2 | 0800 c0f2 | 0001 1fd6 

  0x000000013a577b40: ;   {trampoline_stub}
  0x000000013a577b40: 4800 0058 | 0001 1fd6 | 0055 573f | 0100 0000 

  0x000000013a577b50: ;   {static_stub}
  0x000000013a577b50: df3f 03d5 

  0x000000013a577b54: ;   {metadata(NULL)}
  0x000000013a577b54: 0c00 80d2 | 0c00 a0f2 | 0c00 c0f2 | 0800 80d2 | 0800 a0f2 | 0800 c0f2 | 0001 1fd6 

  0x000000013a577b70: ;   {trampoline_stub}
  0x000000013a577b70: 4800 0058 | 0001 1fd6 | 0055 573f | 0100 0000 

  0x000000013a577b80: ;   {static_stub}
  0x000000013a577b80: df3f 03d5 

  0x000000013a577b84: ;   {metadata(NULL)}
  0x000000013a577b84: 0c00 80d2 | 0c00 a0f2 | 0c00 c0f2 | 0800 80d2 | 0800 a0f2 | 0800 c0f2 | 0001 1fd6 

  0x000000013a577ba0: ;   {trampoline_stub}
  0x000000013a577ba0: 4800 0058 | 0001 1fd6 | 0052 573f | 0100 0000 

  0x000000013a577bb0: ;   {static_stub}
  0x000000013a577bb0: df3f 03d5 

  0x000000013a577bb4: ;   {metadata(NULL)}
  0x000000013a577bb4: 0c00 80d2 | 0c00 a0f2 | 0c00 c0f2 | 0800 80d2 | 0800 a0f2 | 0800 c0f2 | 0001 1fd6 

  0x000000013a577bd0: ;   {trampoline_stub}
  0x000000013a577bd0: 4800 0058 | 0001 1fd6 | d00e c73f | 0100 0000 

  0x000000013a577be0: ;   {static_stub}
  0x000000013a577be0: df3f 03d5 

  0x000000013a577be4: ;   {metadata(NULL)}
  0x000000013a577be4: 0c00 80d2 | 0c00 a0f2 | 0c00 c0f2 | 0800 80d2 | 0800 a0f2 | 0800 c0f2 | 0001 1fd6 

  0x000000013a577c00: ;   {trampoline_stub}
  0x000000013a577c00: 4800 0058 | 0001 1fd6 | 0055 573f | 0100 0000 

  0x000000013a577c10: ;   {static_stub}
  0x000000013a577c10: df3f 03d5 

  0x000000013a577c14: ;   {metadata(NULL)}
  0x000000013a577c14: 0c00 80d2 | 0c00 a0f2 | 0c00 c0f2 | 0800 80d2 | 0800 a0f2 | 0800 c0f2 | 0001 1fd6 

  0x000000013a577c30: ;   {trampoline_stub}
  0x000000013a577c30: 4800 0058 | 0001 1fd6 | 40b5 bc40 | 0100 0000 

  0x000000013a577c40: ;   {static_stub}
  0x000000013a577c40: df3f 03d5 

  0x000000013a577c44: ;   {metadata(NULL)}
  0x000000013a577c44: 0c00 80d2 | 0c00 a0f2 | 0c00 c0f2 | 0800 80d2 | 0800 a0f2 | 0800 c0f2 | 0001 1fd6 

  0x000000013a577c60: ;   {trampoline_stub}
  0x000000013a577c60: 4800 0058 | 0001 1fd6 | 0052 573f | 0100 0000 

  0x000000013a577c70: ;   {static_stub}
  0x000000013a577c70: df3f 03d5 

  0x000000013a577c74: ;   {metadata({method} {0x0000000332b71de0} 'update' '()V' in 'dev/engine_room/flywheel/backend/engine/uniform/FogUniforms')}
  0x000000013a577c74: 0cbc 83d2 | ec56 a6f2 | 6c00 c0f2 | 88c6 88d2 | e8ea a7f2 | 2800 c0f2 | 0001 1fd6 

  0x000000013a577c90: ;   {trampoline_stub}
  0x000000013a577c90: 4800 0058 | 0001 1fd6 | 707c 573a | 0100 0000 

  0x000000013a577ca0: ;   {static_stub}
  0x000000013a577ca0: df3f 03d5 

  0x000000013a577ca4: ;   {metadata(NULL)}
  0x000000013a577ca4: 0c00 80d2 | 0c00 a0f2 | 0c00 c0f2 | 0800 80d2 | 0800 a0f2 | 0800 c0f2 | 0001 1fd6 

  0x000000013a577cc0: ;   {trampoline_stub}
  0x000000013a577cc0: 4800 0058 | 0001 1fd6 | d0ae b440 | 0100 0000 

  0x000000013a577cd0: ;   {static_stub}
  0x000000013a577cd0: df3f 03d5 

  0x000000013a577cd4: ;   {metadata(NULL)}
  0x000000013a577cd4: 0c00 80d2 | 0c00 a0f2 | 0c00 c0f2 | 0800 80d2 | 0800 a0f2 | 0800 c0f2 | 0001 1fd6 

  0x000000013a577cf0: ;   {trampoline_stub}
  0x000000013a577cf0: 4800 0058 | 0001 1fd6 | 9042 573f | 0100 0000 

  0x000000013a577d00: ;   {static_stub}
  0x000000013a577d00: df3f 03d5 

  0x000000013a577d04: ;   {metadata(NULL)}
  0x000000013a577d04: 0c00 80d2 | 0c00 a0f2 | 0c00 c0f2 | 0800 80d2 | 0800 a0f2 | 0800 c0f2 | 0001 1fd6 

  0x000000013a577d20: ;   {trampoline_stub}
  0x000000013a577d20: 4800 0058 | 0001 1fd6 | 50e2 1941 | 0100 0000 

  0x000000013a577d30: ;   {static_stub}
  0x000000013a577d30: df3f 03d5 

  0x000000013a577d34: ;   {metadata(NULL)}
  0x000000013a577d34: 0c00 80d2 | 0c00 a0f2 | 0c00 c0f2 | 0800 80d2 | 0800 a0f2 | 0800 c0f2 | 0001 1fd6 

  0x000000013a577d50: ;   {trampoline_stub}
  0x000000013a577d50: 4800 0058 | 0001 1fd6 | 004f 573f | 0100 0000 

  0x000000013a577d60: ;   {static_stub}
  0x000000013a577d60: df3f 03d5 

  0x000000013a577d64: ;   {metadata(NULL)}
  0x000000013a577d64: 0c00 80d2 | 0c00 a0f2 | 0c00 c0f2 | 0800 80d2 | 0800 a0f2 | 0800 c0f2 | 0001 1fd6 

  0x000000013a577d80: ;   {trampoline_stub}
  0x000000013a577d80: 4800 0058 | 0001 1fd6 | 004f 573f | 0100 0000 

  0x000000013a577d90: ;   {static_stub}
  0x000000013a577d90: df3f 03d5 

  0x000000013a577d94: ;   {metadata(NULL)}
  0x000000013a577d94: 0c00 80d2 | 0c00 a0f2 | 0c00 c0f2 | 0800 80d2 | 0800 a0f2 | 0800 c0f2 | 0001 1fd6 

  0x000000013a577db0: ;   {trampoline_stub}
  0x000000013a577db0: 4800 0058 | 0001 1fd6 | 004f 573f | 0100 0000 

  0x000000013a577dc0: ;   {static_stub}
  0x000000013a577dc0: df3f 03d5 

  0x000000013a577dc4: ;   {metadata(NULL)}
  0x000000013a577dc4: 0c00 80d2 | 0c00 a0f2 | 0c00 c0f2 | 0800 80d2 | 0800 a0f2 | 0800 c0f2 | 0001 1fd6 

  0x000000013a577de0: ;   {trampoline_stub}
  0x000000013a577de0: 4800 0058 | 0001 1fd6 | 90bc af40 | 0100 0000 

  0x000000013a577df0: ;   {static_stub}
  0x000000013a577df0: df3f 03d5 

  0x000000013a577df4: ;   {metadata({method} {0x000000032cf3b7b8} 'handleRenderTick' '(Z)Z' in 'xaero/map/events/ClientEvents')}
  0x000000013a577df4: 0cf7 96d2 | 6c9e a5f2 | 6c00 c0f2 | 8877 93d2 | e8ea a7f2 | 2800 c0f2 | 0001 1fd6 

  0x000000013a577e10: ;   {trampoline_stub}
  0x000000013a577e10: 4800 0058 | 0001 1fd6 | f07d 573a | 0100 0000 

  0x000000013a577e20: ;   {static_stub}
  0x000000013a577e20: df3f 03d5 

  0x000000013a577e24: ;   {metadata(NULL)}
  0x000000013a577e24: 0c00 80d2 | 0c00 a0f2 | 0c00 c0f2 | 0800 80d2 | 0800 a0f2 | 0800 c0f2 | 0001 1fd6 

  0x000000013a577e40: ;   {trampoline_stub}
  0x000000013a577e40: 4800 0058 | 0001 1fd6 | 0053 ec40 | 0100 0000 

  0x000000013a577e50: ;   {static_stub}
  0x000000013a577e50: df3f 03d5 

  0x000000013a577e54: ;   {metadata({method} {0x0000000323d8f6c0} 'method_3192' '(FJZ)V' in 'net/minecraft/class_757')}
  0x000000013a577e54: 0cd8 9ed2 | 0c7b a4f2 | 6c00 c0f2 | 8828 92d2 | 28ee a7f2 | 2800 c0f2 | 0001 1fd6 

  0x000000013a577e70: ;   {trampoline_stub}
  0x000000013a577e70: 4800 0058 | 0001 1fd6 | 507e 573a | 0100 0000 

  0x000000013a577e80: ;   {static_stub}
  0x000000013a577e80: df3f 03d5 

  0x000000013a577e84: ;   {metadata(NULL)}
  0x000000013a577e84: 0c00 80d2 | 0c00 a0f2 | 0c00 c0f2 | 0800 80d2 | 0800 a0f2 | 0800 c0f2 | 0001 1fd6 

  0x000000013a577ea0: ;   {trampoline_stub}
  0x000000013a577ea0: 4800 0058 | 0001 1fd6 | d01b 0341 | 0100 0000 

  0x000000013a577eb0: ;   {static_stub}
  0x000000013a577eb0: df3f 03d5 

  0x000000013a577eb4: ;   {metadata(NULL)}
  0x000000013a577eb4: 0c00 80d2 | 0c00 a0f2 | 0c00 c0f2 | 0800 80d2 | 0800 a0f2 | 0800 c0f2 | 0001 1fd6 

  0x000000013a577ed0: ;   {trampoline_stub}
  0x000000013a577ed0: 4800 0058 | 0001 1fd6 | 001c 3341 | 0100 0000 

  0x000000013a577ee0: ;   {static_stub}
  0x000000013a577ee0: df3f 03d5 

  0x000000013a577ee4: ;   {metadata(NULL)}
  0x000000013a577ee4: 0c00 80d2 | 0c00 a0f2 | 0c00 c0f2 | 0800 80d2 | 0800 a0f2 | 0800 c0f2 | 0001 1fd6 

  0x000000013a577f00: ;   {trampoline_stub}
  0x000000013a577f00: 4800 0058 | 0001 1fd6 | 004f 573f | 0100 0000 

  0x000000013a577f10: ;   {static_stub}
  0x000000013a577f10: df3f 03d5 

  0x000000013a577f14: ;   {metadata(NULL)}
  0x000000013a577f14: 0c00 80d2 | 0c00 a0f2 | 0c00 c0f2 | 0800 80d2 | 0800 a0f2 | 0800 c0f2 | 0001 1fd6 

  0x000000013a577f30: ;   {trampoline_stub}
  0x000000013a577f30: 4800 0058 | 0001 1fd6 | 004f 573f | 0100 0000 

  0x000000013a577f40: ;   {static_stub}
  0x000000013a577f40: df3f 03d5 

  0x000000013a577f44: ;   {metadata(NULL)}
  0x000000013a577f44: 0c00 80d2 | 0c00 a0f2 | 0c00 c0f2 | 0800 80d2 | 0800 a0f2 | 0800 c0f2 | 0001 1fd6 

  0x000000013a577f60: ;   {trampoline_stub}
  0x000000013a577f60: 4800 0058 | 0001 1fd6 | 004f 573f | 0100 0000 

  0x000000013a577f70: ;   {static_stub}
  0x000000013a577f70: df3f 03d5 

  0x000000013a577f74: ;   {metadata(NULL)}
  0x000000013a577f74: 0c00 80d2 | 0c00 a0f2 | 0c00 c0f2 | 0800 80d2 | 0800 a0f2 | 0800 c0f2 | 0001 1fd6 

  0x000000013a577f90: ;   {trampoline_stub}
  0x000000013a577f90: 4800 0058 | 0001 1fd6 | 004f 573f | 0100 0000 

  0x000000013a577fa0: ;   {static_stub}
  0x000000013a577fa0: df3f 03d5 

  0x000000013a577fa4: ;   {metadata(NULL)}
  0x000000013a577fa4: 0c00 80d2 | 0c00 a0f2 | 0c00 c0f2 | 0800 80d2 | 0800 a0f2 | 0800 c0f2 | 0001 1fd6 

  0x000000013a577fc0: ;   {trampoline_stub}
  0x000000013a577fc0: 4800 0058 | 0001 1fd6 | 004f 573f | 0100 0000 

  0x000000013a577fd0: ;   {static_stub}
  0x000000013a577fd0: df3f 03d5 

  0x000000013a577fd4: ;   {metadata(NULL)}
  0x000000013a577fd4: 0c00 80d2 | 0c00 a0f2 | 0c00 c0f2 | 0800 80d2 | 0800 a0f2 | 0800 c0f2 | 0001 1fd6 

  0x000000013a577ff0: ;   {trampoline_stub}
  0x000000013a577ff0: 4800 0058 | 0001 1fd6 | 40de c040 | 0100 0000 

  0x000000013a578000: ;   {static_stub}
  0x000000013a578000: df3f 03d5 

  0x000000013a578004: ;   {metadata(NULL)}
  0x000000013a578004: 0c00 80d2 | 0c00 a0f2 | 0c00 c0f2 | 0800 80d2 | 0800 a0f2 | 0800 c0f2 | 0001 1fd6 

  0x000000013a578020: ;   {trampoline_stub}
  0x000000013a578020: 4800 0058 | 0001 1fd6 | 5045 2341 | 0100 0000 

  0x000000013a578030: ;   {static_stub}
  0x000000013a578030: df3f 03d5 

  0x000000013a578034: ;   {metadata(NULL)}
  0x000000013a578034: 0c00 80d2 | 0c00 a0f2 | 0c00 c0f2 | 0800 80d2 | 0800 a0f2 | 0800 c0f2 | 0001 1fd6 

  0x000000013a578050: ;   {trampoline_stub}
  0x000000013a578050: 4800 0058 | 0001 1fd6 | c08d b240 | 0100 0000 

  0x000000013a578060: ;   {static_stub}
  0x000000013a578060: df3f 03d5 

  0x000000013a578064: ;   {metadata(NULL)}
  0x000000013a578064: 0c00 80d2 | 0c00 a0f2 | 0c00 c0f2 | 0800 80d2 | 0800 a0f2 | 0800 c0f2 | 0001 1fd6 

  0x000000013a578080: ;   {trampoline_stub}
  0x000000013a578080: 4800 0058 | 0001 1fd6 | 0055 573f | 0100 0000 

  0x000000013a578090: ;   {static_stub}
  0x000000013a578090: df3f 03d5 

  0x000000013a578094: ;   {metadata(NULL)}
  0x000000013a578094: 0c00 80d2 | 0c00 a0f2 | 0c00 c0f2 | 0800 80d2 | 0800 a0f2 | 0800 c0f2 | 0001 1fd6 

  0x000000013a5780b0: ;   {trampoline_stub}
  0x000000013a5780b0: 4800 0058 | 0001 1fd6 | 0055 573f | 0100 0000 

  0x000000013a5780c0: ;   {static_stub}
  0x000000013a5780c0: df3f 03d5 

  0x000000013a5780c4: ;   {metadata(NULL)}
  0x000000013a5780c4: 0c00 80d2 | 0c00 a0f2 | 0c00 c0f2 | 0800 80d2 | 0800 a0f2 | 0800 c0f2 | 0001 1fd6 

  0x000000013a5780e0: ;   {trampoline_stub}
  0x000000013a5780e0: 4800 0058 | 0001 1fd6 | 0052 573f | 0100 0000 

  0x000000013a5780f0: ;   {static_stub}
  0x000000013a5780f0: df3f 03d5 

  0x000000013a5780f4: ;   {metadata(NULL)}
  0x000000013a5780f4: 0c00 80d2 | 0c00 a0f2 | 0c00 c0f2 | 0800 80d2 | 0800 a0f2 | 0800 c0f2 | 0001 1fd6 

  0x000000013a578110: ;   {trampoline_stub}
  0x000000013a578110: 4800 0058 | 0001 1fd6 | 40dc 0541 | 0100 0000 

  0x000000013a578120: ;   {static_stub}
  0x000000013a578120: df3f 03d5 

  0x000000013a578124: ;   {metadata(NULL)}
  0x000000013a578124: 0c00 80d2 | 0c00 a0f2 | 0c00 c0f2 | 0800 80d2 | 0800 a0f2 | 0800 c0f2 | 0001 1fd6 

  0x000000013a578140: ;   {trampoline_stub}
  0x000000013a578140: 4800 0058 | 0001 1fd6 | 004f 573f | 0100 0000 

  0x000000013a578150: ;   {static_stub}
  0x000000013a578150: df3f 03d5 

  0x000000013a578154: ;   {metadata(NULL)}
  0x000000013a578154: 0c00 80d2 | 0c00 a0f2 | 0c00 c0f2 | 0800 80d2 | 0800 a0f2 | 0800 c0f2 | 0001 1fd6 

  0x000000013a578170: ;   {trampoline_stub}
  0x000000013a578170: 4800 0058 | 0001 1fd6 | c073 fe40 | 0100 0000 

  0x000000013a578180: ;   {static_stub}
  0x000000013a578180: df3f 03d5 

  0x000000013a578184: ;   {metadata(NULL)}
  0x000000013a578184: 0c00 80d2 | 0c00 a0f2 | 0c00 c0f2 | 0800 80d2 | 0800 a0f2 | 0800 c0f2 | 0001 1fd6 

  0x000000013a5781a0: ;   {trampoline_stub}
  0x000000013a5781a0: 4800 0058 | 0001 1fd6 | c08d b240 | 0100 0000 

  0x000000013a5781b0: ;   {static_stub}
  0x000000013a5781b0: df3f 03d5 

  0x000000013a5781b4: ;   {metadata(NULL)}
  0x000000013a5781b4: 0c00 80d2 | 0c00 a0f2 | 0c00 c0f2 | 0800 80d2 | 0800 a0f2 | 0800 c0f2 | 0001 1fd6 

  0x000000013a5781d0: ;   {trampoline_stub}
  0x000000013a5781d0: 4800 0058 | 0001 1fd6 | 90ed c640 | 0100 0000 

  0x000000013a5781e0: ;   {static_stub}
  0x000000013a5781e0: df3f 03d5 

  0x000000013a5781e4: ;   {metadata(NULL)}
  0x000000013a5781e4: 0c00 80d2 | 0c00 a0f2 | 0c00 c0f2 | 0800 80d2 | 0800 a0f2 | 0800 c0f2 | 0001 1fd6 

  0x000000013a578200: ;   {trampoline_stub}
  0x000000013a578200: 4800 0058 | 0001 1fd6 | d0e2 7240 | 0100 0000 

  0x000000013a578210: ;   {static_stub}
  0x000000013a578210: df3f 03d5 

  0x000000013a578214: ;   {metadata(NULL)}
  0x000000013a578214: 0c00 80d2 | 0c00 a0f2 | 0c00 c0f2 | 0800 80d2 | 0800 a0f2 | 0800 c0f2 | 0001 1fd6 

  0x000000013a578230: ;   {trampoline_stub}
  0x000000013a578230: 4800 0058 | 0001 1fd6 | 004f 573f | 0100 0000 

  0x000000013a578240: ;   {static_stub}
  0x000000013a578240: df3f 03d5 

  0x000000013a578244: ;   {metadata(NULL)}
  0x000000013a578244: 0c00 80d2 | 0c00 a0f2 | 0c00 c0f2 | 0800 80d2 | 0800 a0f2 | 0800 c0f2 | 0001 1fd6 

  0x000000013a578260: ;   {trampoline_stub}
  0x000000013a578260: 4800 0058 | 0001 1fd6 | c0ac 1d41 | 0100 0000 

  0x000000013a578270: ;   {static_stub}
  0x000000013a578270: df3f 03d5 

  0x000000013a578274: ;   {metadata(NULL)}
  0x000000013a578274: 0c00 80d2 | 0c00 a0f2 | 0c00 c0f2 | 0800 80d2 | 0800 a0f2 | 0800 c0f2 | 0001 1fd6 

  0x000000013a578290: ;   {trampoline_stub}
  0x000000013a578290: 4800 0058 | 0001 1fd6 | d0f2 7240 | 0100 0000 

  0x000000013a5782a0: ;   {static_stub}
  0x000000013a5782a0: df3f 03d5 

  0x000000013a5782a4: ;   {metadata(NULL)}
  0x000000013a5782a4: 0c00 80d2 | 0c00 a0f2 | 0c00 c0f2 | 0800 80d2 | 0800 a0f2 | 0800 c0f2 | 0001 1fd6 

  0x000000013a5782c0: ;   {trampoline_stub}
  0x000000013a5782c0: 4800 0058 | 0001 1fd6 | 0052 573f | 0100 0000 

  0x000000013a5782d0: ;   {static_stub}
  0x000000013a5782d0: df3f 03d5 

  0x000000013a5782d4: ;   {metadata(NULL)}
  0x000000013a5782d4: 0c00 80d2 | 0c00 a0f2 | 0c00 c0f2 | 0800 80d2 | 0800 a0f2 | 0800 c0f2 | 0001 1fd6 

  0x000000013a5782f0: ;   {trampoline_stub}
  0x000000013a5782f0: 4800 0058 | 0001 1fd6 | 0052 573f | 0100 0000 

  0x000000013a578300: ;   {static_stub}
  0x000000013a578300: df3f 03d5 

  0x000000013a578304: ;   {metadata(NULL)}
  0x000000013a578304: 0c00 80d2 | 0c00 a0f2 | 0c00 c0f2 | 0800 80d2 | 0800 a0f2 | 0800 c0f2 | 0001 1fd6 

  0x000000013a578320: ;   {trampoline_stub}
  0x000000013a578320: 4800 0058 | 0001 1fd6 | c08d b240 | 0100 0000 

  0x000000013a578330: ;   {static_stub}
  0x000000013a578330: df3f 03d5 

  0x000000013a578334: ;   {metadata(NULL)}
  0x000000013a578334: 0c00 80d2 | 0c00 a0f2 | 0c00 c0f2 | 0800 80d2 | 0800 a0f2 | 0800 c0f2 | 0001 1fd6 

  0x000000013a578350: ;   {trampoline_stub}
  0x000000013a578350: 4800 0058 | 0001 1fd6 | d04f d740 | 0100 0000 

  0x000000013a578360: ;   {static_stub}
  0x000000013a578360: df3f 03d5 

  0x000000013a578364: ;   {metadata(NULL)}
  0x000000013a578364: 0c00 80d2 | 0c00 a0f2 | 0c00 c0f2 | 0800 80d2 | 0800 a0f2 | 0800 c0f2 | 0001 1fd6 

  0x000000013a578380: ;   {trampoline_stub}
  0x000000013a578380: 4800 0058 | 0001 1fd6 | 0052 573f | 0100 0000 

  0x000000013a578390: ;   {static_stub}
  0x000000013a578390: df3f 03d5 

  0x000000013a578394: ;   {metadata(NULL)}
  0x000000013a578394: 0c00 80d2 | 0c00 a0f2 | 0c00 c0f2 | 0800 80d2 | 0800 a0f2 | 0800 c0f2 | 0001 1fd6 

  0x000000013a5783b0: ;   {trampoline_stub}
  0x000000013a5783b0: 4800 0058 | 0001 1fd6 | 0052 573f | 0100 0000 

  0x000000013a5783c0: ;   {static_stub}
  0x000000013a5783c0: df3f 03d5 

  0x000000013a5783c4: ;   {metadata(NULL)}
  0x000000013a5783c4: 0c00 80d2 | 0c00 a0f2 | 0c00 c0f2 | 0800 80d2 | 0800 a0f2 | 0800 c0f2 | 0001 1fd6 

  0x000000013a5783e0: ;   {trampoline_stub}
  0x000000013a5783e0: 4800 0058 | 0001 1fd6 | c08d b240 | 0100 0000 

  0x000000013a5783f0: ;   {static_stub}
  0x000000013a5783f0: df3f 03d5 

  0x000000013a5783f4: ;   {metadata(NULL)}
  0x000000013a5783f4: 0c00 80d2 | 0c00 a0f2 | 0c00 c0f2 | 0800 80d2 | 0800 a0f2 | 0800 c0f2 | 0001 1fd6 

  0x000000013a578410: ;   {trampoline_stub}
  0x000000013a578410: 4800 0058 | 0001 1fd6 | 0055 573f | 0100 0000 

  0x000000013a578420: ;   {static_stub}
  0x000000013a578420: df3f 03d5 

  0x000000013a578424: ;   {metadata(NULL)}
  0x000000013a578424: 0c00 80d2 | 0c00 a0f2 | 0c00 c0f2 | 0800 80d2 | 0800 a0f2 | 0800 c0f2 | 0001 1fd6 

  0x000000013a578440: ;   {trampoline_stub}
  0x000000013a578440: 4800 0058 | 0001 1fd6 | 0055 573f | 0100 0000 

  0x000000013a578450: ;   {static_stub}
  0x000000013a578450: df3f 03d5 

  0x000000013a578454: ;   {metadata(NULL)}
  0x000000013a578454: 0c00 80d2 | 0c00 a0f2 | 0c00 c0f2 | 0800 80d2 | 0800 a0f2 | 0800 c0f2 | 0001 1fd6 

  0x000000013a578470: ;   {trampoline_stub}
  0x000000013a578470: 4800 0058 | 0001 1fd6 | 0055 573f | 0100 0000 

  0x000000013a578480: ;   {static_stub}
  0x000000013a578480: df3f 03d5 

  0x000000013a578484: ;   {metadata(NULL)}
  0x000000013a578484: 0c00 80d2 | 0c00 a0f2 | 0c00 c0f2 | 0800 80d2 | 0800 a0f2 | 0800 c0f2 | 0001 1fd6 

  0x000000013a5784a0: ;   {trampoline_stub}
  0x000000013a5784a0: 4800 0058 | 0001 1fd6 | 0055 573f | 0100 0000 

  0x000000013a5784b0: ;   {static_stub}
  0x000000013a5784b0: df3f 03d5 

  0x000000013a5784b4: ;   {metadata(NULL)}
  0x000000013a5784b4: 0c00 80d2 | 0c00 a0f2 | 0c00 c0f2 | 0800 80d2 | 0800 a0f2 | 0800 c0f2 | 0001 1fd6 

  0x000000013a5784d0: ;   {trampoline_stub}
  0x000000013a5784d0: 4800 0058 | 0001 1fd6 | d076 b53f | 0100 0000 

  0x000000013a5784e0: ;   {static_stub}
  0x000000013a5784e0: df3f 03d5 

  0x000000013a5784e4: ;   {metadata(NULL)}
  0x000000013a5784e4: 0c00 80d2 | 0c00 a0f2 | 0c00 c0f2 | 0800 80d2 | 0800 a0f2 | 0800 c0f2 | 0001 1fd6 

  0x000000013a578500: ;   {trampoline_stub}
  0x000000013a578500: 4800 0058 | 0001 1fd6 | 50bf 6040 | 0100 0000 

  0x000000013a578510: ;   {static_stub}
  0x000000013a578510: df3f 03d5 

  0x000000013a578514: ;   {metadata(NULL)}
  0x000000013a578514: 0c00 80d2 | 0c00 a0f2 | 0c00 c0f2 | 0800 80d2 | 0800 a0f2 | 0800 c0f2 | 0001 1fd6 

  0x000000013a578530: ;   {trampoline_stub}
  0x000000013a578530: 4800 0058 | 0001 1fd6 | 006a b03f | 0100 0000 

  0x000000013a578540: ;   {static_stub}
  0x000000013a578540: df3f 03d5 

  0x000000013a578544: ;   {metadata({method} {0x0000000153d6b070} 'handler$jia000$sodium$postRender' '(ZLorg/spongepowered/asm/mixin/injection/callback/CallbackInfo;)V' in 'net/minecraft/class_310')}
  0x000000013a578544: 0c0e 96d2 | cc7a aaf2 | 2c00 c0f2 | 0838 89d2 | a8ea a7f2 | 2800 c0f2 | 0001 1fd6 

  0x000000013a578560: ;   {trampoline_stub}
  0x000000013a578560: 4800 0058 | 0001 1fd6 | c0a5 da38 | 0100 0000 

  0x000000013a578570: ;   {static_stub}
  0x000000013a578570: df3f 03d5 

  0x000000013a578574: ;   {metadata(NULL)}
  0x000000013a578574: 0c00 80d2 | 0c00 a0f2 | 0c00 c0f2 | 0800 80d2 | 0800 a0f2 | 0800 c0f2 | 0001 1fd6 

  0x000000013a578590: ;   {trampoline_stub}
  0x000000013a578590: 4800 0058 | 0001 1fd6 | d0d1 f640 | 0100 0000 

  0x000000013a5785a0: ;   {static_stub}
  0x000000013a5785a0: df3f 03d5 

  0x000000013a5785a4: ;   {metadata(NULL)}
  0x000000013a5785a4: 0c00 80d2 | 0c00 a0f2 | 0c00 c0f2 | 0800 80d2 | 0800 a0f2 | 0800 c0f2 | 0001 1fd6 

  0x000000013a5785c0: ;   {trampoline_stub}
  0x000000013a5785c0: 4800 0058 | 0001 1fd6 | 004f 573f | 0100 0000 

  0x000000013a5785d0: ;   {static_stub}
  0x000000013a5785d0: df3f 03d5 

  0x000000013a5785d4: ;   {metadata(NULL)}
  0x000000013a5785d4: 0c00 80d2 | 0c00 a0f2 | 0c00 c0f2 | 0800 80d2 | 0800 a0f2 | 0800 c0f2 | 0001 1fd6 

  0x000000013a5785f0: ;   {trampoline_stub}
  0x000000013a5785f0: 4800 0058 | 0001 1fd6 | 0052 573f | 0100 0000 

  0x000000013a578600: ;   {static_stub}
  0x000000013a578600: df3f 03d5 

  0x000000013a578604: ;   {metadata(NULL)}
  0x000000013a578604: 0c00 80d2 | 0c00 a0f2 | 0c00 c0f2 | 0800 80d2 | 0800 a0f2 | 0800 c0f2 | 0001 1fd6 

  0x000000013a578620: ;   {trampoline_stub}
  0x000000013a578620: 4800 0058 | 0001 1fd6 | 1072 eb40 | 0100 0000 

  0x000000013a578630: ;   {static_stub}
  0x000000013a578630: df3f 03d5 

  0x000000013a578634: ;   {metadata(NULL)}
  0x000000013a578634: 0c00 80d2 | 0c00 a0f2 | 0c00 c0f2 | 0800 80d2 | 0800 a0f2 | 0800 c0f2 | 0001 1fd6 

  0x000000013a578650: ;   {trampoline_stub}
  0x000000013a578650: 4800 0058 | 0001 1fd6 | 004f 573f | 0100 0000 

  0x000000013a578660: ;   {static_stub}
  0x000000013a578660: df3f 03d5 

  0x000000013a578664: ;   {metadata(NULL)}
  0x000000013a578664: 0c00 80d2 | 0c00 a0f2 | 0c00 c0f2 | 0800 80d2 | 0800 a0f2 | 0800 c0f2 | 0001 1fd6 

  0x000000013a578680: ;   {trampoline_stub}
  0x000000013a578680: 4800 0058 | 0001 1fd6 | 004f 573f | 0100 0000 

  0x000000013a578690: ;   {static_stub}
  0x000000013a578690: df3f 03d5 

  0x000000013a578694: ;   {metadata(NULL)}
  0x000000013a578694: 0c00 80d2 | 0c00 a0f2 | 0c00 c0f2 | 0800 80d2 | 0800 a0f2 | 0800 c0f2 | 0001 1fd6 

  0x000000013a5786b0: ;   {trampoline_stub}
  0x000000013a5786b0: 4800 0058 | 0001 1fd6 | 004f 573f | 0100 0000 

  0x000000013a5786c0: ;   {static_stub}
  0x000000013a5786c0: df3f 03d5 

  0x000000013a5786c4: ;   {metadata(NULL)}
  0x000000013a5786c4: 0c00 80d2 | 0c00 a0f2 | 0c00 c0f2 | 0800 80d2 | 0800 a0f2 | 0800 c0f2 | 0001 1fd6 

  0x000000013a5786e0: ;   {trampoline_stub}
  0x000000013a5786e0: 4800 0058 | 0001 1fd6 | 004f 573f | 0100 0000 

  0x000000013a5786f0: ;   {static_stub}
  0x000000013a5786f0: df3f 03d5 

  0x000000013a5786f4: ;   {metadata(NULL)}
  0x000000013a5786f4: 0c00 80d2 | 0c00 a0f2 | 0c00 c0f2 | 0800 80d2 | 0800 a0f2 | 0800 c0f2 | 0001 1fd6 

  0x000000013a578710: ;   {trampoline_stub}
  0x000000013a578710: 4800 0058 | 0001 1fd6 | 004f 573f | 0100 0000 

  0x000000013a578720: ;   {static_stub}
  0x000000013a578720: df3f 03d5 

  0x000000013a578724: ;   {metadata(NULL)}
  0x000000013a578724: 0c00 80d2 | 0c00 a0f2 | 0c00 c0f2 | 0800 80d2 | 0800 a0f2 | 0800 c0f2 | 0001 1fd6 

  0x000000013a578740: ;   {trampoline_stub}
  0x000000013a578740: 4800 0058 | 0001 1fd6 | 004f 573f | 0100 0000 
[Exception Handler]
  0x000000013a578750: ;   {runtime_call handle_exception_from_callee Runtime1 stub}
  0x000000013a578750: 2cba 4295 | c1d5 bbd4 | 4a1f b002 | 0100 0000 
[Deopt Handler Code]
  0x000000013a578760: 1e00 0010 

  0x000000013a578764: ;   {runtime_call DeoptimizationBlob}
  0x000000013a578764: 770b 4015 
[/MachCode]


---------------  P R O C E S S  ---------------

Threads class SMR info:
_java_thread_list=0x00006000074bf260, length=126, elements={
0x0000000121818c00, 0x000000012402ac00, 0x000000012400e400, 0x00000001218db800,
0x00000001218de000, 0x00000001218de600, 0x00000001218dec00, 0x00000001218df200,
0x00000001218df800, 0x000000012300f000, 0x000000012301d400, 0x0000000121819200,
0x00000001218e0600, 0x0000000123206400, 0x0000000111a37a00, 0x0000000112009c00,
0x0000000121808200, 0x0000000112269400, 0x0000000156997a00, 0x0000000110ffd200,
0x00000001234ca600, 0x00000001234b4a00, 0x000000011068c200, 0x00000001234b2c00,
0x000000015443f400, 0x0000000156bc2800, 0x00000001123bee00, 0x0000000112649800,
0x0000000156b0d200, 0x0000000123037c00, 0x0000000123524e00, 0x000000011226c000,
0x000000012280aa00, 0x000000012345c400, 0x000000015698e400, 0x000000012348aa00,
0x00000001121e6400, 0x000000011070a800, 0x0000000123029000, 0x000000012329d600,
0x000000012315ee00, 0x0000000123522a00, 0x0000000156cc4000, 0x0000000156816400,
0x00000001121e3000, 0x000000011700b600, 0x000000012364b000, 0x00000001122be400,
0x000000011265ac00, 0x0000000121a86c00, 0x0000000110e3ba00, 0x000000012376ee00,
0x0000000110e38600, 0x0000000110de2a00, 0x0000000101964c00, 0x0000000112295400,
0x0000000123644800, 0x00000001122c9c00, 0x0000000111016c00, 0x000000012344ae00,
0x000000011000de00, 0x0000000122f83000, 0x00000003e1093000, 0x00000001238b8200,
0x000000011724c800, 0x00000003e0d9d800, 0x00000003dbd31800, 0x000000011228b200,
0x00000003c9f6c600, 0x00000003c9f6cc00, 0x000000011212f600, 0x0000000116915200,
0x0000000116808200, 0x0000000116f4d200, 0x00000001168a8e00, 0x0000000101bec000,
0x00000003c9e1cc00, 0x00000003c9e1d200, 0x00000003c9e1d800, 0x00000003e09bd200,
0x00000003e0997c00, 0x00000003e099c200, 0x0000000111218600, 0x00000003cb309e00,
0x00000003cd383e00, 0x00000003cb30f200, 0x00000003cd366200, 0x00000003e1362600,
0x00000003c9f48800, 0x0000000111069400, 0x00000003ce673200, 0x0000000327319a00,
0x0000000123536200, 0x00000003dbd89800, 0x00000003abe23a00, 0x00000003dbd89e00,
0x00000003cd371200, 0x00000003ce673800, 0x00000003e1434600, 0x00000003e1433e00,
0x00000003cb1f3e00, 0x00000003dbead600, 0x00000003e140dc00, 0x00000001123c3400,
0x0000000116fdda00, 0x000000011065ac00, 0x00000003e1550400, 0x00000003abed6200,
0x00000003cdb74800, 0x00000003c9e2b400, 0x00000003abe24000, 0x00000003e0e66400,
0x000000011115cc00, 0x0000000116fd9200, 0x00000001168f2000, 0x00000003c9fba600,
0x00000003c9ca3200, 0x00000003b340e000, 0x0000000111659000, 0x00000003cdbe9000,
0x00000001234c7400, 0x00000003cdb64200, 0x00000003e1480600, 0x00000003cd613200,
0x00000003dbf34800, 0x00000003c6213e00
}

Java Threads: ( => current thread )
=>0x0000000121818c00 JavaThread "Render thread" [_thread_in_native, id=259, stack(0x000000016e97c000,0x000000016f178000)]
  0x000000012402ac00 JavaThread "Reference Handler" daemon [_thread_blocked, id=31747, stack(0x000000016fe50000,0x0000000170053000)]
  0x000000012400e400 JavaThread "Finalizer" daemon [_thread_blocked, id=31491, stack(0x000000017005c000,0x000000017025f000)]
  0x00000001218db800 JavaThread "Signal Dispatcher" daemon [_thread_blocked, id=29443, stack(0x0000000170380000,0x0000000170583000)]
  0x00000001218de000 JavaThread "Service Thread" daemon [_thread_blocked, id=24835, stack(0x000000017058c000,0x000000017078f000)]
  0x00000001218de600 JavaThread "Monitor Deflation Thread" daemon [_thread_blocked, id=28931, stack(0x0000000170798000,0x000000017099b000)]
  0x00000001218dec00 JavaThread "C2 CompilerThread0" daemon [_thread_blocked, id=28675, stack(0x00000001709a4000,0x0000000170ba7000)]
  0x00000001218df200 JavaThread "C1 CompilerThread0" daemon [_thread_blocked, id=25603, stack(0x0000000170bb0000,0x0000000170db3000)]
  0x00000001218df800 JavaThread "Sweeper thread" daemon [_thread_blocked, id=25859, stack(0x0000000170dbc000,0x0000000170fbf000)]
  0x000000012300f000 JavaThread "Common-Cleaner" daemon [_thread_blocked, id=28163, stack(0x0000000170fc8000,0x00000001711cb000)]
  0x000000012301d400 JavaThread "Notification Thread" daemon [_thread_blocked, id=26371, stack(0x00000001711d4000,0x00000001713d7000)]
  0x0000000121819200 JavaThread "Theseus RPC Main" daemon [_thread_blocked, id=27139, stack(0x00000001715ec000,0x00000001717ef000)]
  0x00000001218e0600 JavaThread "Theseus RPC Read" daemon [_thread_in_native, id=32771, stack(0x00000001717f8000,0x00000001719fb000)]
  0x0000000123206400 JavaThread "JNA Cleaner" daemon [_thread_blocked, id=38931, stack(0x00000001734a0000,0x00000001736a3000)]
  0x0000000111a37a00 JavaThread "Attach Listener" daemon [_thread_blocked, id=37895, stack(0x00000001736ac000,0x00000001738af000)]
  0x0000000112009c00 JavaThread "Cleaner-0" daemon [_thread_blocked, id=44555, stack(0x00000001738b8000,0x0000000173abb000)]
  0x0000000121808200 JavaThread "EarlyLoadingScreen Scheduler" daemon [_thread_blocked, id=69135, stack(0x0000000173c68000,0x0000000173e6b000)]
  0x0000000112269400 JavaThread "Timer hack thread" daemon [_thread_blocked, id=74771, stack(0x0000000174470000,0x0000000174673000)]
  0x0000000156997a00 JavaThread "DH-Log Ticker Thread[0]" daemon [_thread_blocked, id=104003, stack(0x0000000177018000,0x000000017721b000)]
  0x0000000110ffd200 JavaThread "Yggdrasil Key Fetcher" daemon [_thread_blocked, id=117779, stack(0x0000000177430000,0x0000000177633000)]
  0x00000001234ca600 JavaThread "HttpClient-1-SelectorManager" daemon [_thread_in_native, id=116755, stack(0x0000000177848000,0x0000000177a4b000)]
  0x00000001234b4a00 JavaThread "HttpClient-3-SelectorManager" daemon [_thread_in_native, id=114947, stack(0x0000000321cdc000,0x0000000321edf000)]
  0x000000011068c200 JavaThread "config-file-watcher-0-0" daemon [_thread_blocked, id=105987, stack(0x0000000326a10000,0x0000000326c13000)]
  0x00000001234b2c00 JavaThread "FileSystemWatcher" daemon [_thread_blocked, id=114179, stack(0x0000000326c1c000,0x0000000326e1f000)]
  0x000000015443f400 JavaThread "FileWatcher-1-thread-1" daemon [_thread_blocked, id=94479, stack(0x0000000321ad0000,0x0000000321cd3000)]
  0x0000000156bc2800 JavaThread "FileSystemWatcher" daemon [_thread_blocked, id=107015, stack(0x0000000328034000,0x0000000328237000)]
  0x00000001123bee00 JavaThread "PointBlank-ConfigWatcher" daemon [_thread_blocked, id=112139, stack(0x0000000328240000,0x0000000328443000)]
  0x0000000112649800 JavaThread "FileSystemWatcher" daemon [_thread_blocked, id=111619, stack(0x000000032844c000,0x000000032864f000)]
  0x0000000156b0d200 JavaThread "PointBlank-ConfigWatcher" daemon [_thread_blocked, id=111363, stack(0x0000000328658000,0x000000032885b000)]
  0x0000000123037c00 JavaThread "HttpClient-4-SelectorManager" daemon [_thread_in_native, id=111107, stack(0x0000000328864000,0x0000000328a67000)]
  0x0000000123524e00 JavaThread "HttpClient-5-SelectorManager" daemon [_thread_in_native, id=110851, stack(0x0000000328a70000,0x0000000328c73000)]
  0x000000011226c000 JavaThread "MineSkinClient/scheduler" daemon [_thread_blocked, id=108291, stack(0x0000000328c7c000,0x0000000328e7f000)]
  0x000000012280aa00 JavaThread "ConfigSaver" daemon [_thread_blocked, id=110595, stack(0x000000032d004000,0x000000032d207000)]
  0x000000012345c400 JavaThread "ConfigSaver" daemon [_thread_blocked, id=109091, stack(0x000000032d41c000,0x000000032d61f000)]
  0x000000015698e400 JavaThread "WorldEdit Session Manager" [_thread_blocked, id=109571, stack(0x000000032d628000,0x000000032d82b000)]
  0x000000012348aa00 JavaThread "DH-ApplyConfigPresetTimer" daemon [_thread_blocked, id=131075, stack(0x000000032d834000,0x000000032da37000)]
  0x00000001121e6400 JavaThread "HttpClient-6-SelectorManager" daemon [_thread_in_native, id=131331, stack(0x000000032da40000,0x000000032dc43000)]
  0x000000011070a800 JavaThread "HttpClient-7-SelectorManager" daemon [_thread_in_native, id=173315, stack(0x000000032e270000,0x000000032e473000)]
  0x0000000123029000 JavaThread "pointblank:state_ticker_thread" daemon [_thread_blocked, id=110355, stack(0x000000032d210000,0x000000032d413000)]
  0x000000012329d600 JavaThread "FileSystemWatcher" daemon [_thread_blocked, id=133891, stack(0x000000032eaa0000,0x000000032eca3000)]
  0x000000012315ee00 JavaThread "replaymod-config-watcher" daemon [_thread_blocked, id=134403, stack(0x000000032ecac000,0x000000032eeaf000)]
  0x0000000123522a00 JavaThread "spark-monitoring-thread" daemon [_thread_blocked, id=134927, stack(0x000000032eeb8000,0x000000032f0bb000)]
  0x0000000156cc4000 JavaThread "spark-worker-pool-1-thread-1" daemon [_thread_blocked, id=171795, stack(0x000000032f4dc000,0x000000032f6df000)]
  0x0000000156816400 JavaThread "Cleaner-1" daemon [_thread_blocked, id=136451, stack(0x000000032ff18000,0x000000033011b000)]
  0x00000001121e3000 JavaThread "Cleaner-2" daemon [_thread_blocked, id=169987, stack(0x0000000330124000,0x0000000330327000)]
  0x000000011700b600 JavaThread "Cleaner-3" daemon [_thread_blocked, id=136963, stack(0x0000000330330000,0x0000000330533000)]
  0x000000012364b000 JavaThread "Cleaner-4" daemon [_thread_blocked, id=169219, stack(0x000000033053c000,0x000000033073f000)]
  0x00000001122be400 JavaThread "DH-RenderCacheClearConfigTimer" daemon [_thread_blocked, id=136251, stack(0x0000000330748000,0x000000033094b000)]
  0x000000011265ac00 JavaThread "Thread-24" [_thread_blocked, id=137235, stack(0x000000032fd0c000,0x000000032ff0f000)]
  0x0000000121a86c00 JavaThread "Cleaner-5" daemon [_thread_blocked, id=137731, stack(0x0000000330954000,0x0000000330b57000)]
  0x0000000110e3ba00 JavaThread "FancyMenu-JsonPlaceholder-Cleanup" daemon [_thread_blocked, id=249635, stack(0x000000034474c000,0x000000034494f000)]
  0x000000012376ee00 JavaThread "pool-14-thread-1" [_thread_blocked, id=249103, stack(0x0000000344958000,0x0000000344b5b000)]
  0x0000000110e38600 JavaThread "pool-15-thread-1" [_thread_blocked, id=184579, stack(0x0000000344b64000,0x0000000344d67000)]
  0x0000000110de2a00 JavaThread "Worker-Main-5" daemon [_thread_blocked, id=248323, stack(0x0000000345180000,0x0000000345383000)]
  0x0000000101964c00 JavaThread "Worker-Main-9" daemon [_thread_blocked, id=246787, stack(0x0000000346274000,0x0000000346477000)]
  0x0000000112295400 JavaThread "Thread-31" [_thread_blocked, id=133427, stack(0x000000032e688000,0x000000032e88b000)]
  0x0000000123644800 JavaThread "Thread-32" [_thread_blocked, id=172307, stack(0x0000000345a70000,0x0000000345c73000)]
  0x00000001122c9c00 JavaThread "IO-Worker-10" [_thread_blocked, id=188179, stack(0x0000000368584000,0x0000000368787000)]
  0x0000000111016c00 JavaThread "Java2D Disposer" daemon [_thread_blocked, id=187939, stack(0x000000036962c000,0x000000036982f000)]
  0x000000012344ae00 JavaThread "lava-daemon-pool-manager-6-thread-1" daemon [_thread_blocked, id=173831, stack(0x000000032e064000,0x000000032e267000)]
  0x000000011000de00 JavaThread "Cleaner-6" daemon [_thread_blocked, id=104211, stack(0x00000003484f0000,0x00000003486f3000)]
  0x0000000122f83000 JavaThread "pool-19-thread-1" [_thread_blocked, id=104739, stack(0x0000000348778000,0x000000034897b000)]
  0x00000003e1093000 JavaThread "Netty Client IO #0" daemon [_thread_in_native, id=230463, stack(0x000000032fa10000,0x000000032fc13000)]
  0x00000001238b8200 JavaThread "Netty Client IO #1" daemon [_thread_in_native, id=168111, stack(0x000000032e47c000,0x000000032e67f000)]
  0x000000011724c800 JavaThread "Netty Client IO #2" daemon [_thread_in_native, id=131911, stack(0x000000032f804000,0x000000032fa07000)]
  0x00000003e0d9d800 JavaThread "Netty Client IO #3" daemon [_thread_blocked, id=248043, stack(0x0000000344540000,0x0000000344743000)]
  0x00000003dbd31800 JavaThread "Sound engine" daemon [_thread_blocked, id=174119, stack(0x000000032dc4c000,0x000000032de4f000)]
  0x000000011228b200 JavaThread "Chunk Render Task Executor #0" [_thread_blocked, id=251699, stack(0x000000032de58000,0x000000032e05b000)]
  0x00000003c9f6c600 JavaThread "Chunk Render Task Executor #1" [_thread_blocked, id=247563, stack(0x000000034578c000,0x000000034598f000)]
  0x00000003c9f6cc00 JavaThread "Chunk Render Task Executor #2" [_thread_blocked, id=136003, stack(0x0000000346480000,0x0000000346683000)]
  0x000000011212f600 JavaThread "Chunk Render Task Executor #3" [_thread_blocked, id=170791, stack(0x0000000346f88000,0x000000034718b000)]
  0x0000000116915200 JavaThread "Flywheel Task Executor #0" [_thread_blocked, id=106531, stack(0x0000000347194000,0x0000000347397000)]
  0x0000000116808200 JavaThread "Flywheel Task Executor #1" [_thread_blocked, id=113423, stack(0x00000003473a0000,0x00000003475a3000)]
  0x0000000116f4d200 JavaThread "Flywheel Task Executor #2" [_thread_blocked, id=172819, stack(0x0000000347a04000,0x0000000347c07000)]
  0x00000001168a8e00 JavaThread "Flywheel Task Executor #3" [_thread_blocked, id=235251, stack(0x0000000348a3c000,0x0000000348c3f000)]
  0x0000000101bec000 JavaThread "DH-ClientTickTimer" daemon [_thread_blocked, id=186895, stack(0x00000003626dc000,0x00000003628df000)]
  0x00000003c9e1cc00 JavaThread "DH-delayed save cache cleaner Thread[0]" daemon [_thread_blocked, id=187147, stack(0x00000003766a4000,0x00000003768a7000)]
  0x00000003c9e1d200 JavaThread "DH-Phantom Array Recycler Thread[0]" daemon [_thread_blocked, id=186375, stack(0x00000003768b0000,0x0000000376ab3000)]
  0x00000003c9e1d800 JavaThread "DH-Update Propagate Queue [f9p48rt6rre72@minecraft:overworld] Thread[0]" [_thread_blocked, id=187663, stack(0x0000000376abc000,0x0000000376cbf000)]
  0x00000003e09bd200 JavaThread "DH-Full Data Migration Thread[0]" [_thread_blocked, id=78191, stack(0x0000000377d8c000,0x0000000377f8f000)]
  0x00000003e0997c00 JavaThread "DH-Request Module Ticker [f9p48rt6rre72@minecraft:overworld] Thread[0]" daemon [_thread_blocked, id=120139, stack(0x000000037aa44000,0x000000037ac47000)]
  0x00000003e099c200 JavaThread "DH-GLBuffer Cleanup Thread[0]" daemon [_thread_blocked, id=73535, stack(0x0000000385c4c000,0x0000000385e4f000)]
  0x0000000111218600 JavaThread "DH-Render Loader Thread[0]" [_thread_blocked, id=129295, stack(0x00000003cc808000,0x00000003cca0b000)]
  0x00000003cb309e00 JavaThread "DH-Render Loader Thread[1]" [_thread_in_Java, id=89607, stack(0x00000003cca14000,0x00000003ccc17000)]
  0x00000003cd383e00 JavaThread "DH-Render Loader Thread[2]" [_thread_blocked, id=128523, stack(0x00000003ccc20000,0x00000003cce23000)]
  0x00000003cb30f200 JavaThread "DH-Render Loader Thread[3]" [_thread_blocked, id=230695, stack(0x00000003cfffc000,0x00000003d01ff000)]
  0x00000003cd366200 JavaThread "DH-Render Loader Thread[4]" [_thread_blocked, id=105251, stack(0x00000003d0208000,0x00000003d040b000)]
  0x00000003e1362600 JavaThread "DH-Render Loader Thread[5]" [_thread_blocked, id=207879, stack(0x00000003d0414000,0x00000003d0617000)]
  0x00000003c9f48800 JavaThread "DH-Beacon Culling Thread[0]" [_thread_blocked, id=208399, stack(0x00000003d0a1c000,0x00000003d0c1f000)]
  0x0000000111069400 JavaThread "REI-ReloadPlugins" daemon [_thread_blocked, id=224819, stack(0x000000040fda0000,0x000000040ffa3000)]
  0x00000003ce673200 JavaThread "Telemetry-Sender-#1" [_thread_blocked, id=225043, stack(0x00000004153cc000,0x00000004155cf000)]
  0x0000000327319a00 JavaThread "ForkJoinPool.commonPool-worker-4" daemon [_thread_blocked, id=132291, stack(0x000000042d47c000,0x000000042d67f000)]
  0x0000000123536200 JavaThread "ForkJoinPool.commonPool-worker-5" daemon [_thread_blocked, id=103707, stack(0x000000042d688000,0x000000042d88b000)]
  0x00000003dbd89800 JavaThread "ForkJoinPool.commonPool-worker-6" daemon [_thread_blocked, id=171315, stack(0x000000042d894000,0x000000042da97000)]
  0x00000003abe23a00 JavaThread "ForkJoinPool.commonPool-worker-7" daemon [_thread_blocked, id=208659, stack(0x000000042daa0000,0x000000042dca3000)]
  0x00000003dbd89e00 JavaThread "ForkJoinPool.commonPool-worker-8" daemon [_thread_blocked, id=223747, stack(0x000000042dcac000,0x000000042deaf000)]
  0x00000003cd371200 JavaThread "ForkJoinPool.commonPool-worker-11" daemon [_thread_blocked, id=223491, stack(0x000000042deb8000,0x000000042e0bb000)]
  0x00000003ce673800 JavaThread "ForkJoinPool.commonPool-worker-9" daemon [_thread_blocked, id=209667, stack(0x000000042e0c4000,0x000000042e2c7000)]
  0x00000003e1434600 JavaThread "ForkJoinPool.commonPool-worker-10" daemon [_thread_blocked, id=209923, stack(0x000000042e2d0000,0x000000042e4d3000)]
  0x00000003e1433e00 JavaThread "ForkJoinPool.commonPool-worker-12" daemon [_thread_blocked, id=210435, stack(0x000000042e4dc000,0x000000042e6df000)]
  0x00000003cb1f3e00 JavaThread "REI-Cache-0" daemon [_thread_blocked, id=222979, stack(0x0000000430ef8000,0x00000004310fb000)]
  0x00000003dbead600 JavaThread "REI-Cache-1" daemon [_thread_blocked, id=210947, stack(0x0000000431104000,0x0000000431307000)]
  0x00000003e140dc00 JavaThread "HttpClient-1-Worker-3" daemon [_thread_blocked, id=208931, stack(0x000000041e210000,0x000000041e413000)]
  0x00000001123c3400 JavaThread "DH-IO Thread[0]" [_thread_blocked, id=133075, stack(0x0000000440d74000,0x0000000440f77000)]
  0x0000000116fdda00 JavaThread "DH-IO Thread[1]" [_thread_blocked, id=171095, stack(0x00000004bf794000,0x00000004bf997000)]
  0x000000011065ac00 JavaThread "DH-IO Thread[2]" [_thread_blocked, id=211715, stack(0x00000004bf9a0000,0x00000004bfba3000)]
  0x00000003e1550400 JavaThread "DH-IO Thread[3]" [_thread_blocked, id=211971, stack(0x00000004bfbac000,0x00000004bfdaf000)]
  0x00000003abed6200 JavaThread "DH-IO Thread[4]" [_thread_blocked, id=212227, stack(0x00000004bfdb8000,0x00000004bffbb000)]
  0x00000003cdb74800 JavaThread "DH-IO Thread[5]" [_thread_blocked, id=212739, stack(0x00000006b685c000,0x00000006b6a5f000)]
  0x00000003c9e2b400 JavaThread "DH-LOD Builder Thread[0]" [_thread_blocked, id=213251, stack(0x00000006b6a68000,0x00000006b6c6b000)]
  0x00000003abe24000 JavaThread "DH-LOD Builder Thread[1]" [_thread_blocked, id=221699, stack(0x00000006b6c74000,0x00000006b6e77000)]
  0x00000003e0e66400 JavaThread "DH-LOD Builder Thread[2]" [_thread_blocked, id=213507, stack(0x00000006b6e80000,0x00000006b7083000)]
  0x000000011115cc00 JavaThread "DH-LOD Builder Thread[3]" [_thread_blocked, id=213763, stack(0x00000006b708c000,0x00000006b728f000)]
  0x0000000116fd9200 JavaThread "DH-LOD Builder Thread[4]" [_thread_blocked, id=220675, stack(0x00000006b7298000,0x00000006b749b000)]
  0x00000001168f2000 JavaThread "DH-LOD Builder Thread[5]" [_thread_blocked, id=214019, stack(0x00000006b74a4000,0x00000006b76a7000)]
  0x00000003c9fba600 JavaThread "Worker-Main-11" daemon [_thread_blocked, id=219907, stack(0x00000006c7b18000,0x00000006c7d1b000)]
  0x00000003c9ca3200 JavaThread "Worker-Main-12" daemon [_thread_blocked, id=219651, stack(0x00000006c7d24000,0x00000006c7f27000)]
  0x00000003b340e000 JavaThread "Worker-Main-13" daemon [_thread_blocked, id=219395, stack(0x00000006c7f30000,0x00000006c8133000)]
  0x0000000111659000 JavaThread "DH-Update Propagator Thread[0]" [_thread_blocked, id=215043, stack(0x00000006ffca0000,0x00000006ffea3000)]
  0x00000003cdbe9000 JavaThread "DH-Update Propagator Thread[1]" [_thread_blocked, id=215299, stack(0x0000000806424000,0x0000000806627000)]
  0x00000001234c7400 JavaThread "DH-Update Propagator Thread[2]" [_thread_blocked, id=218883, stack(0x000000080ac4c000,0x000000080ae4f000)]
  0x00000003cdb64200 JavaThread "DH-Update Propagator Thread[3]" [_thread_blocked, id=216067, stack(0x000000081087c000,0x0000000810a7f000)]
  0x00000003e1480600 JavaThread "DH-Update Propagator Thread[4]" [_thread_blocked, id=216579, stack(0x00000008182b8000,0x00000008184bb000)]
  0x00000003cd613200 JavaThread "DH-Update Propagator Thread[5]" [_thread_blocked, id=216835, stack(0x000000081e8ec000,0x000000081eaef000)]
  0x00000003dbf34800 JavaThread "VoiceChatAuthenticationThread" daemon [_thread_blocked, id=133659, stack(0x0000000828b38000,0x0000000828d3b000)]
  0x00000003c6213e00 JavaThread "VoiceChatConnectionThread" daemon [_thread_in_native, id=217091, stack(0x0000000828d44000,0x0000000828f47000)]

Other Threads:
  0x0000000122107a90 VMThread "VM Thread" [stack: 0x000000016fc44000,0x000000016fe47000] [id=19203] _threads_hazard_ptr=0x00006000074bf260
  0x0000000122116f30 WatcherThread [stack: 0x00000001713e0000,0x00000001715e3000] [id=26627]
  0x0000000122104f50 GCTaskThread "GC Thread#0" [stack: 0x000000016f208000,0x000000016f40b000] [id=15107]
  0x000000012161ba40 GCTaskThread "GC Thread#1" [stack: 0x0000000171a04000,0x0000000171c07000] [id=33283]
  0x000000012161bed0 GCTaskThread "GC Thread#2" [stack: 0x0000000171c10000,0x0000000171e13000] [id=33539]
  0x000000012161c360 GCTaskThread "GC Thread#3" [stack: 0x0000000171e1c000,0x000000017201f000] [id=43011]
  0x000000012161cbe0 GCTaskThread "GC Thread#4" [stack: 0x0000000172028000,0x000000017222b000] [id=42755]
  0x000000012161d460 GCTaskThread "GC Thread#5" [stack: 0x0000000172234000,0x0000000172437000] [id=34563]
  0x0000000122130550 GCTaskThread "GC Thread#6" [stack: 0x000000017470c000,0x000000017490f000] [id=44803]
  0x000000012162fbe0 GCTaskThread "GC Thread#7" [stack: 0x0000000174918000,0x0000000174b1b000] [id=63491]
  0x000000012170b880 GCTaskThread "GC Thread#8" [stack: 0x0000000173294000,0x0000000173497000] [id=38419]
  0x00000001013042b0 ConcurrentGCThread "G1 Main Marker" [stack: 0x000000016f414000,0x000000016f617000] [id=12803]
  0x0000000101304b40 ConcurrentGCThread "G1 Conc#0" [stack: 0x000000016f620000,0x000000016f823000] [id=13571]
  0x00000001216310c0 ConcurrentGCThread "G1 Conc#1" [stack: 0x0000000174b24000,0x0000000174d27000] [id=45059]
  0x0000000121609fe0 ConcurrentGCThread "G1 Refine#0" [stack: 0x000000016f82c000,0x000000016fa2f000] [id=14339]
  0x0000000122120780 ConcurrentGCThread "G1 Refine#1" [stack: 0x0000000172440000,0x0000000172643000] [id=42499]
  0x0000000121704b30 ConcurrentGCThread "G1 Refine#2" [stack: 0x000000017264c000,0x000000017284f000] [id=41987]
  0x0000000121704e20 ConcurrentGCThread "G1 Refine#3" [stack: 0x0000000172858000,0x0000000172a5b000] [id=41475]
  0x0000000121705800 ConcurrentGCThread "G1 Refine#4" [stack: 0x0000000172a64000,0x0000000172c67000] [id=40707]
  0x0000000122120de0 ConcurrentGCThread "G1 Refine#5" [stack: 0x0000000172c70000,0x0000000172e73000] [id=36099]
  0x0000000101504bd0 ConcurrentGCThread "G1 Refine#6" [stack: 0x0000000172e7c000,0x000000017307f000] [id=39939]
  0x00000001015055b0 ConcurrentGCThread "G1 Refine#7" [stack: 0x0000000173088000,0x000000017328b000] [id=36867]
  0x000000010136e6e0 ConcurrentGCThread "G1 Refine#8" [stack: 0x0000000174264000,0x0000000174467000] [id=75023]
  0x000000012160a890 ConcurrentGCThread "G1 Service" [stack: 0x000000016fa38000,0x000000016fc3b000] [id=21507]

Threads with active compile tasks:
C2 CompilerThread0  673031 66152       4       net.minecraft.class_634::method_11155 (352 bytes)

VM state: synchronizing (normal execution)

VM Mutex/Monitor currently owned by a thread:  ([mutex/lock_event])
[0x00006000026edfc0] Threads_lock - owner thread: 0x0000000122107a90

Heap address: 0x0000000700000000, size: 4096 MB, Compressed Oops mode: Zero based, Oop shift amount: 3

CDS archive(s) mapped at: [0x000000e000000000-0x000000e000a88000-0x000000e000a88000), size 11042816, SharedBaseAddress: 0x000000e000000000, ArchiveRelocationMode: 1.
Compressed class space mapped at: 0x000000e001000000-0x000000e041000000, reserved size: 1073741824
Narrow klass base: 0x000000e000000000, Narrow klass shift: 0, Narrow klass range: 0x100000000

GC Precious Log:
 CPUs: 10 total, 10 available
 Memory: 16384M
 Large Page Support: Disabled
 NUMA Support: Disabled
 Compressed Oops: Enabled (Zero based)
 Heap Region Size: 2M
 Heap Min Capacity: 8M
 Heap Initial Capacity: 256M
 Heap Max Capacity: 4G
 Pre-touch: Disabled
 Parallel Workers: 9
 Concurrent Workers: 2
 Concurrent Refinement Workers: 9
 Periodic GC: Disabled

Heap:
 garbage-first heap   total 4165632K, used 2673940K [0x0000000700000000, 0x0000000800000000)
  region size 2048K, 492 young (1007616K), 4 survivors (8192K)
 Metaspace       used 331767K, committed 334272K, reserved 1376256K
  class space    used 56910K, committed 57984K, reserved 1048576K

Heap Regions: E=young(eden), S=young(survivor), O=old, HS=humongous(starts), HC=humongous(continues), CS=collection set, F=free, OA=open archive, CA=closed archive, TAMS=top-at-mark-start (previous, next)
|   0|0x0000000700000000, 0x0000000700200000, 0x0000000700200000|100%|HS|  |TAMS 0x0000000700200000, 0x0000000700200000| Complete 
|   1|0x0000000700200000, 0x0000000700400000, 0x0000000700400000|100%| O|  |TAMS 0x0000000700400000, 0x0000000700400000| Untracked 
|   2|0x0000000700400000, 0x0000000700600000, 0x0000000700600000|100%| O|  |TAMS 0x0000000700600000, 0x0000000700600000| Untracked 
|   3|0x0000000700600000, 0x0000000700800000, 0x0000000700800000|100%|HS|  |TAMS 0x0000000700800000, 0x0000000700800000| Complete 
|   4|0x0000000700800000, 0x0000000700a00000, 0x0000000700a00000|100%| O|  |TAMS 0x0000000700a00000, 0x0000000700a00000| Untracked 
|   5|0x0000000700a00000, 0x0000000700c00000, 0x0000000700c00000|100%| O|  |TAMS 0x0000000700c00000, 0x0000000700c00000| Untracked 
|   6|0x0000000700c00000, 0x0000000700e00000, 0x0000000700e00000|100%| O|  |TAMS 0x0000000700e00000, 0x0000000700e00000| Untracked 
|   7|0x0000000700e00000, 0x0000000701000000, 0x0000000701000000|100%| O|  |TAMS 0x0000000701000000, 0x0000000701000000| Untracked 
|   8|0x0000000701000000, 0x0000000701200000, 0x0000000701200000|100%| O|  |TAMS 0x0000000701200000, 0x0000000701200000| Untracked 
|   9|0x0000000701200000, 0x0000000701400000, 0x0000000701400000|100%| O|  |TAMS 0x0000000701400000, 0x0000000701400000| Untracked 
|  10|0x0000000701400000, 0x0000000701600000, 0x0000000701600000|100%| O|  |TAMS 0x0000000701600000, 0x0000000701600000| Untracked 
|  11|0x0000000701600000, 0x0000000701800000, 0x0000000701800000|100%| O|  |TAMS 0x0000000701800000, 0x0000000701800000| Untracked 
|  12|0x0000000701800000, 0x0000000701a00000, 0x0000000701a00000|100%| O|  |TAMS 0x0000000701a00000, 0x0000000701a00000| Untracked 
|  13|0x0000000701a00000, 0x0000000701c00000, 0x0000000701c00000|100%| O|  |TAMS 0x0000000701c00000, 0x0000000701c00000| Untracked 
|  14|0x0000000701c00000, 0x0000000701e00000, 0x0000000701e00000|100%| O|  |TAMS 0x0000000701e00000, 0x0000000701e00000| Untracked 
|  15|0x0000000701e00000, 0x0000000702000000, 0x0000000702000000|100%| O|  |TAMS 0x0000000702000000, 0x0000000702000000| Untracked 
|  16|0x0000000702000000, 0x0000000702200000, 0x0000000702200000|100%| O|  |TAMS 0x0000000702200000, 0x0000000702200000| Untracked 
|  17|0x0000000702200000, 0x0000000702400000, 0x0000000702400000|100%| O|  |TAMS 0x0000000702400000, 0x0000000702400000| Untracked 
|  18|0x0000000702400000, 0x0000000702600000, 0x0000000702600000|100%| O|  |TAMS 0x0000000702600000, 0x0000000702600000| Untracked 
|  19|0x0000000702600000, 0x0000000702800000, 0x0000000702800000|100%| O|  |TAMS 0x0000000702800000, 0x0000000702800000| Untracked 
|  20|0x0000000702800000, 0x0000000702a00000, 0x0000000702a00000|100%| O|  |TAMS 0x0000000702a00000, 0x0000000702a00000| Untracked 
|  21|0x0000000702a00000, 0x0000000702c00000, 0x0000000702c00000|100%| O|  |TAMS 0x0000000702c00000, 0x0000000702c00000| Untracked 
|  22|0x0000000702c00000, 0x0000000702e00000, 0x0000000702e00000|100%| O|  |TAMS 0x0000000702e00000, 0x0000000702e00000| Untracked 
|  23|0x0000000702e00000, 0x0000000703000000, 0x0000000703000000|100%| O|  |TAMS 0x0000000703000000, 0x0000000703000000| Untracked 
|  24|0x0000000703000000, 0x0000000703200000, 0x0000000703200000|100%| O|  |TAMS 0x0000000703200000, 0x0000000703200000| Untracked 
|  25|0x0000000703200000, 0x0000000703400000, 0x0000000703400000|100%| O|  |TAMS 0x0000000703400000, 0x0000000703400000| Untracked 
|  26|0x0000000703400000, 0x0000000703600000, 0x0000000703600000|100%| O|  |TAMS 0x0000000703600000, 0x0000000703600000| Untracked 
|  27|0x0000000703600000, 0x0000000703800000, 0x0000000703800000|100%| O|  |TAMS 0x0000000703800000, 0x0000000703800000| Untracked 
|  28|0x0000000703800000, 0x0000000703a00000, 0x0000000703a00000|100%| O|  |TAMS 0x0000000703800000, 0x0000000703966800| Untracked 
|  29|0x0000000703a00000, 0x0000000703c00000, 0x0000000703c00000|100%| O|  |TAMS 0x0000000703a00000, 0x0000000703a00000| Untracked 
|  30|0x0000000703c00000, 0x0000000703e00000, 0x0000000703e00000|100%| O|  |TAMS 0x0000000703c00000, 0x0000000703c00000| Untracked 
|  31|0x0000000703e00000, 0x0000000704000000, 0x0000000704000000|100%|HS|  |TAMS 0x0000000704000000, 0x0000000704000000| Complete 
|  32|0x0000000704000000, 0x0000000704200000, 0x0000000704200000|100%| O|  |TAMS 0x0000000704200000, 0x0000000704200000| Untracked 
|  33|0x0000000704200000, 0x0000000704400000, 0x0000000704400000|100%|HS|  |TAMS 0x0000000704400000, 0x0000000704400000| Complete 
|  34|0x0000000704400000, 0x0000000704600000, 0x0000000704600000|100%| O|  |TAMS 0x0000000704600000, 0x0000000704600000| Untracked 
|  35|0x0000000704600000, 0x0000000704800000, 0x0000000704800000|100%| O|  |TAMS 0x0000000704800000, 0x0000000704800000| Untracked 
|  36|0x0000000704800000, 0x0000000704a00000, 0x0000000704a00000|100%| O|  |TAMS 0x0000000704a00000, 0x0000000704a00000| Untracked 
|  37|0x0000000704a00000, 0x0000000704c00000, 0x0000000704c00000|100%| O|  |TAMS 0x0000000704c00000, 0x0000000704c00000| Untracked 
|  38|0x0000000704c00000, 0x0000000704e00000, 0x0000000704e00000|100%| O|  |TAMS 0x0000000704e00000, 0x0000000704e00000| Untracked 
|  39|0x0000000704e00000, 0x0000000705000000, 0x0000000705000000|100%| O|  |TAMS 0x0000000705000000, 0x0000000705000000| Untracked 
|  40|0x0000000705000000, 0x0000000705200000, 0x0000000705200000|100%| O|  |TAMS 0x0000000705200000, 0x0000000705200000| Untracked 
|  41|0x0000000705200000, 0x0000000705400000, 0x0000000705400000|100%| O|  |TAMS 0x0000000705400000, 0x0000000705400000| Untracked 
|  42|0x0000000705400000, 0x0000000705600000, 0x0000000705600000|100%| O|  |TAMS 0x0000000705600000, 0x0000000705600000| Untracked 
|  43|0x0000000705600000, 0x0000000705800000, 0x0000000705800000|100%| O|  |TAMS 0x0000000705800000, 0x0000000705800000| Untracked 
|  44|0x0000000705800000, 0x0000000705a00000, 0x0000000705a00000|100%| O|  |TAMS 0x0000000705a00000, 0x0000000705a00000| Untracked 
|  45|0x0000000705a00000, 0x0000000705c00000, 0x0000000705c00000|100%| O|  |TAMS 0x0000000705c00000, 0x0000000705c00000| Untracked 
|  46|0x0000000705c00000, 0x0000000705e00000, 0x0000000705e00000|100%| O|  |TAMS 0x0000000705e00000, 0x0000000705e00000| Untracked 
|  47|0x0000000705e00000, 0x0000000706000000, 0x0000000706000000|100%| O|  |TAMS 0x0000000706000000, 0x0000000706000000| Untracked 
|  48|0x0000000706000000, 0x0000000706200000, 0x0000000706200000|100%| O|  |TAMS 0x0000000706200000, 0x0000000706200000| Untracked 
|  49|0x0000000706200000, 0x0000000706400000, 0x0000000706400000|100%| O|  |TAMS 0x0000000706400000, 0x0000000706400000| Untracked 
|  50|0x0000000706400000, 0x0000000706600000, 0x0000000706600000|100%| O|  |TAMS 0x0000000706600000, 0x0000000706600000| Untracked 
|  51|0x0000000706600000, 0x0000000706800000, 0x0000000706800000|100%| O|  |TAMS 0x0000000706800000, 0x0000000706800000| Untracked 
|  52|0x0000000706800000, 0x0000000706a00000, 0x0000000706a00000|100%| O|  |TAMS 0x0000000706a00000, 0x0000000706a00000| Untracked 
|  53|0x0000000706a00000, 0x0000000706c00000, 0x0000000706c00000|100%|HS|  |TAMS 0x0000000706c00000, 0x0000000706c00000| Complete 
|  54|0x0000000706c00000, 0x0000000706e00000, 0x0000000706e00000|100%|HC|  |TAMS 0x0000000706e00000, 0x0000000706e00000| Complete 
|  55|0x0000000706e00000, 0x0000000707000000, 0x0000000707000000|100%| O|  |TAMS 0x0000000707000000, 0x0000000707000000| Untracked 
|  56|0x0000000707000000, 0x0000000707200000, 0x0000000707200000|100%| O|  |TAMS 0x0000000707200000, 0x0000000707200000| Untracked 
|  57|0x0000000707200000, 0x0000000707400000, 0x0000000707400000|100%| O|  |TAMS 0x0000000707400000, 0x0000000707400000| Untracked 
|  58|0x0000000707400000, 0x0000000707600000, 0x0000000707600000|100%| O|  |TAMS 0x0000000707600000, 0x0000000707600000| Untracked 
|  59|0x0000000707600000, 0x0000000707800000, 0x0000000707800000|100%| O|  |TAMS 0x0000000707800000, 0x0000000707800000| Untracked 
|  60|0x0000000707800000, 0x0000000707a00000, 0x0000000707a00000|100%| O|  |TAMS 0x0000000707a00000, 0x0000000707a00000| Untracked 
|  61|0x0000000707a00000, 0x0000000707c00000, 0x0000000707c00000|100%| O|  |TAMS 0x0000000707c00000, 0x0000000707c00000| Untracked 
|  62|0x0000000707c00000, 0x0000000707e00000, 0x0000000707e00000|100%| O|  |TAMS 0x0000000707e00000, 0x0000000707e00000| Untracked 
|  63|0x0000000707e00000, 0x0000000708000000, 0x0000000708000000|100%| O|  |TAMS 0x0000000707e00000, 0x0000000708000000| Untracked 
|  64|0x0000000708000000, 0x0000000708200000, 0x0000000708200000|100%| O|  |TAMS 0x0000000708200000, 0x0000000708200000| Untracked 
|  65|0x0000000708200000, 0x0000000708400000, 0x0000000708400000|100%| O|  |TAMS 0x0000000708400000, 0x0000000708400000| Untracked 
|  66|0x0000000708400000, 0x0000000708600000, 0x0000000708600000|100%| O|  |TAMS 0x0000000708400000, 0x0000000708400000| Untracked 
|  67|0x0000000708600000, 0x0000000708800000, 0x0000000708800000|100%|HS|  |TAMS 0x0000000708800000, 0x0000000708800000| Complete 
|  68|0x0000000708800000, 0x0000000708a00000, 0x0000000708a00000|100%|HS|  |TAMS 0x0000000708a00000, 0x0000000708a00000| Complete 
|  69|0x0000000708a00000, 0x0000000708c00000, 0x0000000708c00000|100%|HC|  |TAMS 0x0000000708c00000, 0x0000000708c00000| Complete 
|  70|0x0000000708c00000, 0x0000000708e00000, 0x0000000708e00000|100%|HS|  |TAMS 0x0000000708e00000, 0x0000000708e00000| Complete 
|  71|0x0000000708e00000, 0x0000000709000000, 0x0000000709000000|100%| O|  |TAMS 0x0000000709000000, 0x0000000709000000| Untracked 
|  72|0x0000000709000000, 0x0000000709200000, 0x0000000709200000|100%| O|  |TAMS 0x0000000709200000, 0x0000000709200000| Untracked 
|  73|0x0000000709200000, 0x0000000709400000, 0x0000000709400000|100%| O|  |TAMS 0x0000000709400000, 0x0000000709400000| Untracked 
|  74|0x0000000709400000, 0x0000000709600000, 0x0000000709600000|100%|HS|  |TAMS 0x0000000709600000, 0x0000000709600000| Complete 
|  75|0x0000000709600000, 0x0000000709800000, 0x0000000709800000|100%|HC|  |TAMS 0x0000000709800000, 0x0000000709800000| Complete 
|  76|0x0000000709800000, 0x0000000709a00000, 0x0000000709a00000|100%| O|  |TAMS 0x0000000709a00000, 0x0000000709a00000| Untracked 
|  77|0x0000000709a00000, 0x0000000709c00000, 0x0000000709c00000|100%| O|  |TAMS 0x0000000709c00000, 0x0000000709c00000| Untracked 
|  78|0x0000000709c00000, 0x0000000709e00000, 0x0000000709e00000|100%| O|  |TAMS 0x0000000709e00000, 0x0000000709e00000| Untracked 
|  79|0x0000000709e00000, 0x000000070a000000, 0x000000070a000000|100%| O|  |TAMS 0x000000070a000000, 0x000000070a000000| Untracked 
|  80|0x000000070a000000, 0x000000070a200000, 0x000000070a200000|100%| O|  |TAMS 0x000000070a200000, 0x000000070a200000| Untracked 
|  81|0x000000070a200000, 0x000000070a400000, 0x000000070a400000|100%| O|  |TAMS 0x000000070a400000, 0x000000070a400000| Untracked 
|  82|0x000000070a400000, 0x000000070a600000, 0x000000070a600000|100%| O|  |TAMS 0x000000070a600000, 0x000000070a600000| Untracked 
|  83|0x000000070a600000, 0x000000070a800000, 0x000000070a800000|100%| O|  |TAMS 0x000000070a800000, 0x000000070a800000| Untracked 
|  84|0x000000070a800000, 0x000000070aa00000, 0x000000070aa00000|100%| O|  |TAMS 0x000000070aa00000, 0x000000070aa00000| Untracked 
|  85|0x000000070aa00000, 0x000000070ac00000, 0x000000070ac00000|100%| O|  |TAMS 0x000000070ac00000, 0x000000070ac00000| Untracked 
|  86|0x000000070ac00000, 0x000000070ae00000, 0x000000070ae00000|100%| O|  |TAMS 0x000000070ae00000, 0x000000070ae00000| Untracked 
|  87|0x000000070ae00000, 0x000000070b000000, 0x000000070b000000|100%| O|  |TAMS 0x000000070b000000, 0x000000070b000000| Untracked 
|  88|0x000000070b000000, 0x000000070b200000, 0x000000070b200000|100%| O|  |TAMS 0x000000070b200000, 0x000000070b200000| Untracked 
|  89|0x000000070b200000, 0x000000070b400000, 0x000000070b400000|100%| O|  |TAMS 0x000000070b400000, 0x000000070b400000| Untracked 
|  90|0x000000070b400000, 0x000000070b600000, 0x000000070b600000|100%| O|  |TAMS 0x000000070b600000, 0x000000070b600000| Untracked 
|  91|0x000000070b600000, 0x000000070b800000, 0x000000070b800000|100%| O|  |TAMS 0x000000070b800000, 0x000000070b800000| Untracked 
|  92|0x000000070b800000, 0x000000070ba00000, 0x000000070ba00000|100%| O|  |TAMS 0x000000070ba00000, 0x000000070ba00000| Untracked 
|  93|0x000000070ba00000, 0x000000070bc00000, 0x000000070bc00000|100%| O|  |TAMS 0x000000070bc00000, 0x000000070bc00000| Untracked 
|  94|0x000000070bc00000, 0x000000070be00000, 0x000000070be00000|100%| O|  |TAMS 0x000000070be00000, 0x000000070be00000| Untracked 
|  95|0x000000070be00000, 0x000000070c000000, 0x000000070c000000|100%| O|  |TAMS 0x000000070c000000, 0x000000070c000000| Untracked 
|  96|0x000000070c000000, 0x000000070c200000, 0x000000070c200000|100%| O|  |TAMS 0x000000070c200000, 0x000000070c200000| Untracked 
|  97|0x000000070c200000, 0x000000070c400000, 0x000000070c400000|100%| O|  |TAMS 0x000000070c400000, 0x000000070c400000| Untracked 
|  98|0x000000070c400000, 0x000000070c600000, 0x000000070c600000|100%| O|  |TAMS 0x000000070c600000, 0x000000070c600000| Untracked 
|  99|0x000000070c600000, 0x000000070c800000, 0x000000070c800000|100%| O|  |TAMS 0x000000070c800000, 0x000000070c800000| Untracked 
| 100|0x000000070c800000, 0x000000070ca00000, 0x000000070ca00000|100%| O|  |TAMS 0x000000070ca00000, 0x000000070ca00000| Untracked 
| 101|0x000000070ca00000, 0x000000070cc00000, 0x000000070cc00000|100%| O|  |TAMS 0x000000070cc00000, 0x000000070cc00000| Untracked 
| 102|0x000000070cc00000, 0x000000070ce00000, 0x000000070ce00000|100%| O|  |TAMS 0x000000070ce00000, 0x000000070ce00000| Untracked 
| 103|0x000000070ce00000, 0x000000070d000000, 0x000000070d000000|100%| O|  |TAMS 0x000000070d000000, 0x000000070d000000| Untracked 
| 104|0x000000070d000000, 0x000000070d200000, 0x000000070d200000|100%|HS|  |TAMS 0x000000070d200000, 0x000000070d200000| Complete 
| 105|0x000000070d200000, 0x000000070d400000, 0x000000070d400000|100%|HC|  |TAMS 0x000000070d400000, 0x000000070d400000| Complete 
| 106|0x000000070d400000, 0x000000070d600000, 0x000000070d600000|100%| O|  |TAMS 0x000000070d600000, 0x000000070d600000| Untracked 
| 107|0x000000070d600000, 0x000000070d800000, 0x000000070d800000|100%| O|  |TAMS 0x000000070d800000, 0x000000070d800000| Untracked 
| 108|0x000000070d800000, 0x000000070da00000, 0x000000070da00000|100%| O|  |TAMS 0x000000070da00000, 0x000000070da00000| Untracked 
| 109|0x000000070da00000, 0x000000070dc00000, 0x000000070dc00000|100%| O|  |TAMS 0x000000070dc00000, 0x000000070dc00000| Untracked 
| 110|0x000000070dc00000, 0x000000070de00000, 0x000000070de00000|100%| O|  |TAMS 0x000000070de00000, 0x000000070de00000| Untracked 
| 111|0x000000070de00000, 0x000000070e000000, 0x000000070e000000|100%| O|  |TAMS 0x000000070e000000, 0x000000070e000000| Untracked 
| 112|0x000000070e000000, 0x000000070e200000, 0x000000070e200000|100%| O|  |TAMS 0x000000070e000000, 0x000000070e000000| Untracked 
| 113|0x000000070e200000, 0x000000070e400000, 0x000000070e400000|100%| O|  |TAMS 0x000000070e400000, 0x000000070e400000| Untracked 
| 114|0x000000070e400000, 0x000000070e600000, 0x000000070e600000|100%| O|  |TAMS 0x000000070e600000, 0x000000070e600000| Untracked 
| 115|0x000000070e600000, 0x000000070e800000, 0x000000070e800000|100%| O|  |TAMS 0x000000070e800000, 0x000000070e800000| Untracked 
| 116|0x000000070e800000, 0x000000070ea00000, 0x000000070ea00000|100%| O|  |TAMS 0x000000070ea00000, 0x000000070ea00000| Untracked 
| 117|0x000000070ea00000, 0x000000070ec00000, 0x000000070ec00000|100%| O|  |TAMS 0x000000070ec00000, 0x000000070ec00000| Untracked 
| 118|0x000000070ec00000, 0x000000070ee00000, 0x000000070ee00000|100%| O|  |TAMS 0x000000070ee00000, 0x000000070ee00000| Untracked 
| 119|0x000000070ee00000, 0x000000070f000000, 0x000000070f000000|100%|HS|  |TAMS 0x000000070f000000, 0x000000070f000000| Complete 
| 120|0x000000070f000000, 0x000000070f200000, 0x000000070f200000|100%|HC|  |TAMS 0x000000070f200000, 0x000000070f200000| Complete 
| 121|0x000000070f200000, 0x000000070f400000, 0x000000070f400000|100%|HS|  |TAMS 0x000000070f400000, 0x000000070f400000| Complete 
| 122|0x000000070f400000, 0x000000070f600000, 0x000000070f600000|100%|HC|  |TAMS 0x000000070f600000, 0x000000070f600000| Complete 
| 123|0x000000070f600000, 0x000000070f800000, 0x000000070f800000|100%|HC|  |TAMS 0x000000070f800000, 0x000000070f800000| Complete 
| 124|0x000000070f800000, 0x000000070fa00000, 0x000000070fa00000|100%|HC|  |TAMS 0x000000070fa00000, 0x000000070fa00000| Complete 
| 125|0x000000070fa00000, 0x000000070fc00000, 0x000000070fc00000|100%|HC|  |TAMS 0x000000070fc00000, 0x000000070fc00000| Complete 
| 126|0x000000070fc00000, 0x000000070fe00000, 0x000000070fe00000|100%|HC|  |TAMS 0x000000070fe00000, 0x000000070fe00000| Complete 
| 127|0x000000070fe00000, 0x0000000710000000, 0x0000000710000000|100%| O|  |TAMS 0x0000000710000000, 0x0000000710000000| Untracked 
| 128|0x0000000710000000, 0x0000000710200000, 0x0000000710200000|100%| O|  |TAMS 0x0000000710200000, 0x0000000710200000| Untracked 
| 129|0x0000000710200000, 0x0000000710400000, 0x0000000710400000|100%| O|  |TAMS 0x0000000710400000, 0x0000000710400000| Untracked 
| 130|0x0000000710400000, 0x0000000710600000, 0x0000000710600000|100%| O|  |TAMS 0x0000000710600000, 0x0000000710600000| Untracked 
| 131|0x0000000710600000, 0x0000000710800000, 0x0000000710800000|100%| O|  |TAMS 0x0000000710800000, 0x0000000710800000| Untracked 
| 132|0x0000000710800000, 0x0000000710a00000, 0x0000000710a00000|100%| O|  |TAMS 0x0000000710a00000, 0x0000000710a00000| Untracked 
| 133|0x0000000710a00000, 0x0000000710c00000, 0x0000000710c00000|100%| O|  |TAMS 0x0000000710c00000, 0x0000000710c00000| Untracked 
| 134|0x0000000710c00000, 0x0000000710e00000, 0x0000000710e00000|100%| O|  |TAMS 0x0000000710e00000, 0x0000000710e00000| Untracked 
| 135|0x0000000710e00000, 0x0000000711000000, 0x0000000711000000|100%| O|  |TAMS 0x0000000711000000, 0x0000000711000000| Untracked 
| 136|0x0000000711000000, 0x0000000711200000, 0x0000000711200000|100%| O|  |TAMS 0x0000000711200000, 0x0000000711200000| Untracked 
| 137|0x0000000711200000, 0x0000000711400000, 0x0000000711400000|100%| O|  |TAMS 0x0000000711400000, 0x0000000711400000| Untracked 
| 138|0x0000000711400000, 0x0000000711600000, 0x0000000711600000|100%| O|  |TAMS 0x0000000711600000, 0x0000000711600000| Untracked 
| 139|0x0000000711600000, 0x0000000711800000, 0x0000000711800000|100%| O|  |TAMS 0x0000000711800000, 0x0000000711800000| Untracked 
| 140|0x0000000711800000, 0x0000000711a00000, 0x0000000711a00000|100%| O|  |TAMS 0x0000000711a00000, 0x0000000711a00000| Untracked 
| 141|0x0000000711a00000, 0x0000000711c00000, 0x0000000711c00000|100%| O|  |TAMS 0x0000000711c00000, 0x0000000711c00000| Untracked 
| 142|0x0000000711c00000, 0x0000000711e00000, 0x0000000711e00000|100%| O|  |TAMS 0x0000000711e00000, 0x0000000711e00000| Untracked 
| 143|0x0000000711e00000, 0x0000000712000000, 0x0000000712000000|100%| O|  |TAMS 0x0000000712000000, 0x0000000712000000| Untracked 
| 144|0x0000000712000000, 0x0000000712200000, 0x0000000712200000|100%| O|  |TAMS 0x0000000712200000, 0x0000000712200000| Untracked 
| 145|0x0000000712200000, 0x0000000712400000, 0x0000000712400000|100%| O|  |TAMS 0x0000000712400000, 0x0000000712400000| Untracked 
| 146|0x0000000712400000, 0x0000000712600000, 0x0000000712600000|100%| O|  |TAMS 0x0000000712600000, 0x0000000712600000| Untracked 
| 147|0x0000000712600000, 0x0000000712800000, 0x0000000712800000|100%| O|  |TAMS 0x0000000712800000, 0x0000000712800000| Untracked 
| 148|0x0000000712800000, 0x0000000712a00000, 0x0000000712a00000|100%| O|  |TAMS 0x0000000712a00000, 0x0000000712a00000| Untracked 
| 149|0x0000000712a00000, 0x0000000712c00000, 0x0000000712c00000|100%| O|  |TAMS 0x0000000712c00000, 0x0000000712c00000| Untracked 
| 150|0x0000000712c00000, 0x0000000712e00000, 0x0000000712e00000|100%| O|  |TAMS 0x0000000712e00000, 0x0000000712e00000| Untracked 
| 151|0x0000000712e00000, 0x0000000713000000, 0x0000000713000000|100%| O|  |TAMS 0x0000000713000000, 0x0000000713000000| Untracked 
| 152|0x0000000713000000, 0x0000000713200000, 0x0000000713200000|100%| O|  |TAMS 0x0000000713200000, 0x0000000713200000| Untracked 
| 153|0x0000000713200000, 0x0000000713400000, 0x0000000713400000|100%| O|  |TAMS 0x0000000713400000, 0x0000000713400000| Untracked 
| 154|0x0000000713400000, 0x0000000713600000, 0x0000000713600000|100%| O|  |TAMS 0x0000000713600000, 0x0000000713600000| Untracked 
| 155|0x0000000713600000, 0x0000000713800000, 0x0000000713800000|100%| O|  |TAMS 0x0000000713800000, 0x0000000713800000| Untracked 
| 156|0x0000000713800000, 0x0000000713a00000, 0x0000000713a00000|100%| O|  |TAMS 0x0000000713a00000, 0x0000000713a00000| Untracked 
| 157|0x0000000713a00000, 0x0000000713c00000, 0x0000000713c00000|100%| O|  |TAMS 0x0000000713c00000, 0x0000000713c00000| Untracked 
| 158|0x0000000713c00000, 0x0000000713e00000, 0x0000000713e00000|100%| O|  |TAMS 0x0000000713e00000, 0x0000000713e00000| Untracked 
| 159|0x0000000713e00000, 0x0000000714000000, 0x0000000714000000|100%| O|  |TAMS 0x0000000714000000, 0x0000000714000000| Untracked 
| 160|0x0000000714000000, 0x0000000714200000, 0x0000000714200000|100%| O|  |TAMS 0x0000000714200000, 0x0000000714200000| Untracked 
| 161|0x0000000714200000, 0x0000000714400000, 0x0000000714400000|100%| O|  |TAMS 0x0000000714400000, 0x0000000714400000| Untracked 
| 162|0x0000000714400000, 0x0000000714600000, 0x0000000714600000|100%| O|  |TAMS 0x0000000714600000, 0x0000000714600000| Untracked 
| 163|0x0000000714600000, 0x0000000714800000, 0x0000000714800000|100%| O|  |TAMS 0x0000000714800000, 0x0000000714800000| Untracked 
| 164|0x0000000714800000, 0x0000000714a00000, 0x0000000714a00000|100%| O|  |TAMS 0x0000000714a00000, 0x0000000714a00000| Untracked 
| 165|0x0000000714a00000, 0x0000000714c00000, 0x0000000714c00000|100%| O|  |TAMS 0x0000000714c00000, 0x0000000714c00000| Untracked 
| 166|0x0000000714c00000, 0x0000000714e00000, 0x0000000714e00000|100%| O|  |TAMS 0x0000000714e00000, 0x0000000714e00000| Untracked 
| 167|0x0000000714e00000, 0x0000000715000000, 0x0000000715000000|100%| O|  |TAMS 0x0000000715000000, 0x0000000715000000| Untracked 
| 168|0x0000000715000000, 0x0000000715200000, 0x0000000715200000|100%| O|  |TAMS 0x0000000715200000, 0x0000000715200000| Untracked 
| 169|0x0000000715200000, 0x0000000715400000, 0x0000000715400000|100%| O|  |TAMS 0x0000000715400000, 0x0000000715400000| Untracked 
| 170|0x0000000715400000, 0x0000000715600000, 0x0000000715600000|100%| O|  |TAMS 0x0000000715600000, 0x0000000715600000| Untracked 
| 171|0x0000000715600000, 0x0000000715800000, 0x0000000715800000|100%| O|  |TAMS 0x0000000715800000, 0x0000000715800000| Untracked 
| 172|0x0000000715800000, 0x0000000715a00000, 0x0000000715a00000|100%| O|  |TAMS 0x0000000715a00000, 0x0000000715a00000| Untracked 
| 173|0x0000000715a00000, 0x0000000715c00000, 0x0000000715c00000|100%| O|  |TAMS 0x0000000715c00000, 0x0000000715c00000| Untracked 
| 174|0x0000000715c00000, 0x0000000715e00000, 0x0000000715e00000|100%| O|  |TAMS 0x0000000715e00000, 0x0000000715e00000| Untracked 
| 175|0x0000000715e00000, 0x0000000716000000, 0x0000000716000000|100%| O|  |TAMS 0x0000000716000000, 0x0000000716000000| Untracked 
| 176|0x0000000716000000, 0x0000000716200000, 0x0000000716200000|100%| O|  |TAMS 0x0000000716200000, 0x0000000716200000| Untracked 
| 177|0x0000000716200000, 0x0000000716400000, 0x0000000716400000|100%| O|  |TAMS 0x0000000716400000, 0x0000000716400000| Untracked 
| 178|0x0000000716400000, 0x0000000716600000, 0x0000000716600000|100%| O|  |TAMS 0x0000000716600000, 0x0000000716600000| Untracked 
| 179|0x0000000716600000, 0x0000000716800000, 0x0000000716800000|100%| O|  |TAMS 0x0000000716800000, 0x0000000716800000| Untracked 
| 180|0x0000000716800000, 0x0000000716a00000, 0x0000000716a00000|100%| O|  |TAMS 0x0000000716a00000, 0x0000000716a00000| Untracked 
| 181|0x0000000716a00000, 0x0000000716c00000, 0x0000000716c00000|100%| O|  |TAMS 0x0000000716c00000, 0x0000000716c00000| Untracked 
| 182|0x0000000716c00000, 0x0000000716e00000, 0x0000000716e00000|100%| O|  |TAMS 0x0000000716e00000, 0x0000000716e00000| Untracked 
| 183|0x0000000716e00000, 0x0000000717000000, 0x0000000717000000|100%| O|  |TAMS 0x0000000717000000, 0x0000000717000000| Untracked 
| 184|0x0000000717000000, 0x00000007171ffa00, 0x0000000717200000| 99%| O|  |TAMS 0x00000007171ffa00, 0x00000007171ffa00| Untracked 
| 185|0x0000000717200000, 0x0000000717400000, 0x0000000717400000|100%| O|  |TAMS 0x0000000717400000, 0x0000000717400000| Untracked 
| 186|0x0000000717400000, 0x0000000717600000, 0x0000000717600000|100%| O|  |TAMS 0x0000000717600000, 0x0000000717600000| Untracked 
| 187|0x0000000717600000, 0x0000000717800000, 0x0000000717800000|100%| O|  |TAMS 0x0000000717800000, 0x0000000717800000| Untracked 
| 188|0x0000000717800000, 0x0000000717a00000, 0x0000000717a00000|100%| O|  |TAMS 0x0000000717a00000, 0x0000000717a00000| Untracked 
| 189|0x0000000717a00000, 0x0000000717c00000, 0x0000000717c00000|100%| O|  |TAMS 0x0000000717c00000, 0x0000000717c00000| Untracked 
| 190|0x0000000717c00000, 0x0000000717e00000, 0x0000000717e00000|100%| O|  |TAMS 0x0000000717e00000, 0x0000000717e00000| Untracked 
| 191|0x0000000717e00000, 0x0000000718000000, 0x0000000718000000|100%| O|  |TAMS 0x0000000718000000, 0x0000000718000000| Untracked 
| 192|0x0000000718000000, 0x0000000718200000, 0x0000000718200000|100%| O|  |TAMS 0x0000000718200000, 0x0000000718200000| Untracked 
| 193|0x0000000718200000, 0x0000000718400000, 0x0000000718400000|100%| O|  |TAMS 0x0000000718400000, 0x0000000718400000| Untracked 
| 194|0x0000000718400000, 0x0000000718600000, 0x0000000718600000|100%| O|  |TAMS 0x0000000718600000, 0x0000000718600000| Untracked 
| 195|0x0000000718600000, 0x0000000718800000, 0x0000000718800000|100%| O|  |TAMS 0x0000000718800000, 0x0000000718800000| Untracked 
| 196|0x0000000718800000, 0x0000000718a00000, 0x0000000718a00000|100%| O|  |TAMS 0x0000000718a00000, 0x0000000718a00000| Untracked 
| 197|0x0000000718a00000, 0x0000000718c00000, 0x0000000718c00000|100%| O|  |TAMS 0x0000000718c00000, 0x0000000718c00000| Untracked 
| 198|0x0000000718c00000, 0x0000000718e00000, 0x0000000718e00000|100%| O|  |TAMS 0x0000000718e00000, 0x0000000718e00000| Untracked 
| 199|0x0000000718e00000, 0x0000000719000000, 0x0000000719000000|100%| O|  |TAMS 0x0000000719000000, 0x0000000719000000| Untracked 
| 200|0x0000000719000000, 0x0000000719200000, 0x0000000719200000|100%| O|  |TAMS 0x0000000719200000, 0x0000000719200000| Untracked 
| 201|0x0000000719200000, 0x0000000719400000, 0x0000000719400000|100%| O|  |TAMS 0x0000000719400000, 0x0000000719400000| Untracked 
| 202|0x0000000719400000, 0x0000000719600000, 0x0000000719600000|100%| O|  |TAMS 0x0000000719600000, 0x0000000719600000| Untracked 
| 203|0x0000000719600000, 0x0000000719800000, 0x0000000719800000|100%| O|  |TAMS 0x0000000719800000, 0x0000000719800000| Untracked 
| 204|0x0000000719800000, 0x0000000719a00000, 0x0000000719a00000|100%| O|  |TAMS 0x0000000719a00000, 0x0000000719a00000| Untracked 
| 205|0x0000000719a00000, 0x0000000719c00000, 0x0000000719c00000|100%| O|  |TAMS 0x0000000719c00000, 0x0000000719c00000| Untracked 
| 206|0x0000000719c00000, 0x0000000719e00000, 0x0000000719e00000|100%| O|  |TAMS 0x0000000719e00000, 0x0000000719e00000| Untracked 
| 207|0x0000000719e00000, 0x000000071a000000, 0x000000071a000000|100%| O|  |TAMS 0x000000071a000000, 0x000000071a000000| Untracked 
| 208|0x000000071a000000, 0x000000071a200000, 0x000000071a200000|100%| O|  |TAMS 0x000000071a200000, 0x000000071a200000| Untracked 
| 209|0x000000071a200000, 0x000000071a400000, 0x000000071a400000|100%| O|  |TAMS 0x000000071a400000, 0x000000071a400000| Untracked 
| 210|0x000000071a400000, 0x000000071a600000, 0x000000071a600000|100%| O|  |TAMS 0x000000071a600000, 0x000000071a600000| Untracked 
| 211|0x000000071a600000, 0x000000071a800000, 0x000000071a800000|100%| O|  |TAMS 0x000000071a800000, 0x000000071a800000| Untracked 
| 212|0x000000071a800000, 0x000000071aa00000, 0x000000071aa00000|100%| O|  |TAMS 0x000000071aa00000, 0x000000071aa00000| Untracked 
| 213|0x000000071aa00000, 0x000000071ac00000, 0x000000071ac00000|100%| O|  |TAMS 0x000000071ac00000, 0x000000071ac00000| Untracked 
| 214|0x000000071ac00000, 0x000000071ae00000, 0x000000071ae00000|100%| O|  |TAMS 0x000000071ae00000, 0x000000071ae00000| Untracked 
| 215|0x000000071ae00000, 0x000000071b000000, 0x000000071b000000|100%| O|  |TAMS 0x000000071b000000, 0x000000071b000000| Untracked 
| 216|0x000000071b000000, 0x000000071b200000, 0x000000071b200000|100%| O|  |TAMS 0x000000071b000000, 0x000000071b200000| Untracked 
| 217|0x000000071b200000, 0x000000071b400000, 0x000000071b400000|100%| O|  |TAMS 0x000000071b200000, 0x000000071b400000| Untracked 
| 218|0x000000071b400000, 0x000000071b600000, 0x000000071b600000|100%| O|  |TAMS 0x000000071b600000, 0x000000071b600000| Untracked 
| 219|0x000000071b600000, 0x000000071b800000, 0x000000071b800000|100%| O|  |TAMS 0x000000071b800000, 0x000000071b800000| Untracked 
| 220|0x000000071b800000, 0x000000071ba00000, 0x000000071ba00000|100%| O|  |TAMS 0x000000071ba00000, 0x000000071ba00000| Untracked 
| 221|0x000000071ba00000, 0x000000071bc00000, 0x000000071bc00000|100%| O|  |TAMS 0x000000071bc00000, 0x000000071bc00000| Untracked 
| 222|0x000000071bc00000, 0x000000071be00000, 0x000000071be00000|100%| O|  |TAMS 0x000000071be00000, 0x000000071be00000| Untracked 
| 223|0x000000071be00000, 0x000000071c000000, 0x000000071c000000|100%| O|  |TAMS 0x000000071c000000, 0x000000071c000000| Untracked 
| 224|0x000000071c000000, 0x000000071c200000, 0x000000071c200000|100%| O|  |TAMS 0x000000071c200000, 0x000000071c200000| Untracked 
| 225|0x000000071c200000, 0x000000071c400000, 0x000000071c400000|100%| O|  |TAMS 0x000000071c400000, 0x000000071c400000| Untracked 
| 226|0x000000071c400000, 0x000000071c600000, 0x000000071c600000|100%| O|  |TAMS 0x000000071c600000, 0x000000071c600000| Untracked 
| 227|0x000000071c600000, 0x000000071c800000, 0x000000071c800000|100%| O|  |TAMS 0x000000071c800000, 0x000000071c800000| Untracked 
| 228|0x000000071c800000, 0x000000071ca00000, 0x000000071ca00000|100%| O|  |TAMS 0x000000071ca00000, 0x000000071ca00000| Untracked 
| 229|0x000000071ca00000, 0x000000071cc00000, 0x000000071cc00000|100%| O|  |TAMS 0x000000071cc00000, 0x000000071cc00000| Untracked 
| 230|0x000000071cc00000, 0x000000071ce00000, 0x000000071ce00000|100%| O|  |TAMS 0x000000071ce00000, 0x000000071ce00000| Untracked 
| 231|0x000000071ce00000, 0x000000071d000000, 0x000000071d000000|100%| O|  |TAMS 0x000000071d000000, 0x000000071d000000| Untracked 
| 232|0x000000071d000000, 0x000000071d200000, 0x000000071d200000|100%| O|  |TAMS 0x000000071d200000, 0x000000071d200000| Untracked 
| 233|0x000000071d200000, 0x000000071d400000, 0x000000071d400000|100%| O|  |TAMS 0x000000071d400000, 0x000000071d400000| Untracked 
| 234|0x000000071d400000, 0x000000071d600000, 0x000000071d600000|100%| O|  |TAMS 0x000000071d600000, 0x000000071d600000| Untracked 
| 235|0x000000071d600000, 0x000000071d800000, 0x000000071d800000|100%| O|  |TAMS 0x000000071d800000, 0x000000071d800000| Untracked 
| 236|0x000000071d800000, 0x000000071da00000, 0x000000071da00000|100%| O|  |TAMS 0x000000071da00000, 0x000000071da00000| Untracked 
| 237|0x000000071da00000, 0x000000071dc00000, 0x000000071dc00000|100%| O|  |TAMS 0x000000071dc00000, 0x000000071dc00000| Untracked 
| 238|0x000000071dc00000, 0x000000071de00000, 0x000000071de00000|100%| O|  |TAMS 0x000000071de00000, 0x000000071de00000| Untracked 
| 239|0x000000071de00000, 0x000000071e000000, 0x000000071e000000|100%| O|  |TAMS 0x000000071e000000, 0x000000071e000000| Untracked 
| 240|0x000000071e000000, 0x000000071e200000, 0x000000071e200000|100%| O|  |TAMS 0x000000071e200000, 0x000000071e200000| Untracked 
| 241|0x000000071e200000, 0x000000071e400000, 0x000000071e400000|100%| O|  |TAMS 0x000000071e400000, 0x000000071e400000| Untracked 
| 242|0x000000071e400000, 0x000000071e600000, 0x000000071e600000|100%| O|  |TAMS 0x000000071e600000, 0x000000071e600000| Untracked 
| 243|0x000000071e600000, 0x000000071e800000, 0x000000071e800000|100%| O|  |TAMS 0x000000071e800000, 0x000000071e800000| Untracked 
| 244|0x000000071e800000, 0x000000071ea00000, 0x000000071ea00000|100%| O|  |TAMS 0x000000071ea00000, 0x000000071ea00000| Untracked 
| 245|0x000000071ea00000, 0x000000071ec00000, 0x000000071ec00000|100%| O|  |TAMS 0x000000071ec00000, 0x000000071ec00000| Untracked 
| 246|0x000000071ec00000, 0x000000071ee00000, 0x000000071ee00000|100%| O|  |TAMS 0x000000071ee00000, 0x000000071ee00000| Untracked 
| 247|0x000000071ee00000, 0x000000071f000000, 0x000000071f000000|100%| O|  |TAMS 0x000000071f000000, 0x000000071f000000| Untracked 
| 248|0x000000071f000000, 0x000000071f200000, 0x000000071f200000|100%| O|  |TAMS 0x000000071f200000, 0x000000071f200000| Untracked 
| 249|0x000000071f200000, 0x000000071f400000, 0x000000071f400000|100%| O|  |TAMS 0x000000071f400000, 0x000000071f400000| Untracked 
| 250|0x000000071f400000, 0x000000071f600000, 0x000000071f600000|100%|HS|  |TAMS 0x000000071f600000, 0x000000071f600000| Complete 
| 251|0x000000071f600000, 0x000000071f800000, 0x000000071f800000|100%|HC|  |TAMS 0x000000071f800000, 0x000000071f800000| Complete 
| 252|0x000000071f800000, 0x000000071fa00000, 0x000000071fa00000|100%|HS|  |TAMS 0x000000071fa00000, 0x000000071fa00000| Complete 
| 253|0x000000071fa00000, 0x000000071fc00000, 0x000000071fc00000|100%|HC|  |TAMS 0x000000071fc00000, 0x000000071fc00000| Complete 
| 254|0x000000071fc00000, 0x000000071fe00000, 0x000000071fe00000|100%|HC|  |TAMS 0x000000071fe00000, 0x000000071fe00000| Complete 
| 255|0x000000071fe00000, 0x0000000720000000, 0x0000000720000000|100%|HS|  |TAMS 0x0000000720000000, 0x0000000720000000| Complete 
| 256|0x0000000720000000, 0x0000000720200000, 0x0000000720200000|100%|HC|  |TAMS 0x0000000720200000, 0x0000000720200000| Complete 
| 257|0x0000000720200000, 0x0000000720400000, 0x0000000720400000|100%|HC|  |TAMS 0x0000000720400000, 0x0000000720400000| Complete 
| 258|0x0000000720400000, 0x0000000720600000, 0x0000000720600000|100%| O|  |TAMS 0x0000000720600000, 0x0000000720600000| Untracked 
| 259|0x0000000720600000, 0x0000000720800000, 0x0000000720800000|100%| O|  |TAMS 0x0000000720800000, 0x0000000720800000| Untracked 
| 260|0x0000000720800000, 0x0000000720a00000, 0x0000000720a00000|100%| O|  |TAMS 0x0000000720a00000, 0x0000000720a00000| Untracked 
| 261|0x0000000720a00000, 0x0000000720c00000, 0x0000000720c00000|100%| O|  |TAMS 0x0000000720c00000, 0x0000000720c00000| Untracked 
| 262|0x0000000720c00000, 0x0000000720e00000, 0x0000000720e00000|100%| O|  |TAMS 0x0000000720e00000, 0x0000000720e00000| Untracked 
| 263|0x0000000720e00000, 0x0000000721000000, 0x0000000721000000|100%| O|  |TAMS 0x0000000721000000, 0x0000000721000000| Untracked 
| 264|0x0000000721000000, 0x0000000721200000, 0x0000000721200000|100%| O|  |TAMS 0x0000000721200000, 0x0000000721200000| Untracked 
| 265|0x0000000721200000, 0x0000000721400000, 0x0000000721400000|100%| O|  |TAMS 0x0000000721400000, 0x0000000721400000| Untracked 
| 266|0x0000000721400000, 0x0000000721600000, 0x0000000721600000|100%| O|  |TAMS 0x0000000721600000, 0x0000000721600000| Untracked 
| 267|0x0000000721600000, 0x0000000721800000, 0x0000000721800000|100%| O|  |TAMS 0x0000000721800000, 0x0000000721800000| Untracked 
| 268|0x0000000721800000, 0x0000000721a00000, 0x0000000721a00000|100%| O|  |TAMS 0x0000000721a00000, 0x0000000721a00000| Untracked 
| 269|0x0000000721a00000, 0x0000000721c00000, 0x0000000721c00000|100%| O|  |TAMS 0x0000000721c00000, 0x0000000721c00000| Untracked 
| 270|0x0000000721c00000, 0x0000000721e00000, 0x0000000721e00000|100%| O|  |TAMS 0x0000000721e00000, 0x0000000721e00000| Untracked 
| 271|0x0000000721e00000, 0x0000000722000000, 0x0000000722000000|100%| O|  |TAMS 0x0000000722000000, 0x0000000722000000| Untracked 
| 272|0x0000000722000000, 0x0000000722200000, 0x0000000722200000|100%| O|  |TAMS 0x0000000722200000, 0x0000000722200000| Untracked 
| 273|0x0000000722200000, 0x0000000722400000, 0x0000000722400000|100%| O|  |TAMS 0x0000000722400000, 0x0000000722400000| Untracked 
| 274|0x0000000722400000, 0x0000000722600000, 0x0000000722600000|100%| O|  |TAMS 0x0000000722600000, 0x0000000722600000| Untracked 
| 275|0x0000000722600000, 0x0000000722800000, 0x0000000722800000|100%| O|  |TAMS 0x0000000722800000, 0x0000000722800000| Untracked 
| 276|0x0000000722800000, 0x0000000722a00000, 0x0000000722a00000|100%| O|  |TAMS 0x0000000722a00000, 0x0000000722a00000| Untracked 
| 277|0x0000000722a00000, 0x0000000722c00000, 0x0000000722c00000|100%| O|  |TAMS 0x0000000722c00000, 0x0000000722c00000| Untracked 
| 278|0x0000000722c00000, 0x0000000722e00000, 0x0000000722e00000|100%| O|  |TAMS 0x0000000722e00000, 0x0000000722e00000| Untracked 
| 279|0x0000000722e00000, 0x0000000723000000, 0x0000000723000000|100%| O|  |TAMS 0x0000000723000000, 0x0000000723000000| Untracked 
| 280|0x0000000723000000, 0x0000000723200000, 0x0000000723200000|100%| O|  |TAMS 0x0000000723200000, 0x0000000723200000| Untracked 
| 281|0x0000000723200000, 0x0000000723400000, 0x0000000723400000|100%| O|  |TAMS 0x0000000723400000, 0x0000000723400000| Untracked 
| 282|0x0000000723400000, 0x0000000723600000, 0x0000000723600000|100%| O|  |TAMS 0x0000000723600000, 0x0000000723600000| Untracked 
| 283|0x0000000723600000, 0x0000000723800000, 0x0000000723800000|100%| O|  |TAMS 0x0000000723800000, 0x0000000723800000| Untracked 
| 284|0x0000000723800000, 0x0000000723a00000, 0x0000000723a00000|100%|HS|  |TAMS 0x0000000723a00000, 0x0000000723a00000| Complete 
| 285|0x0000000723a00000, 0x0000000723c00000, 0x0000000723c00000|100%| O|  |TAMS 0x0000000723c00000, 0x0000000723c00000| Untracked 
| 286|0x0000000723c00000, 0x0000000723e00000, 0x0000000723e00000|100%| O|  |TAMS 0x0000000723e00000, 0x0000000723e00000| Untracked 
| 287|0x0000000723e00000, 0x0000000724000000, 0x0000000724000000|100%| O|  |TAMS 0x0000000724000000, 0x0000000724000000| Untracked 
| 288|0x0000000724000000, 0x0000000724200000, 0x0000000724200000|100%| O|  |TAMS 0x0000000724200000, 0x0000000724200000| Untracked 
| 289|0x0000000724200000, 0x0000000724400000, 0x0000000724400000|100%| O|  |TAMS 0x0000000724400000, 0x0000000724400000| Untracked 
| 290|0x0000000724400000, 0x0000000724600000, 0x0000000724600000|100%| O|  |TAMS 0x0000000724600000, 0x0000000724600000| Untracked 
| 291|0x0000000724600000, 0x0000000724800000, 0x0000000724800000|100%| O|  |TAMS 0x0000000724800000, 0x0000000724800000| Untracked 
| 292|0x0000000724800000, 0x0000000724a00000, 0x0000000724a00000|100%| O|  |TAMS 0x0000000724a00000, 0x0000000724a00000| Untracked 
| 293|0x0000000724a00000, 0x0000000724c00000, 0x0000000724c00000|100%| O|  |TAMS 0x0000000724c00000, 0x0000000724c00000| Untracked 
| 294|0x0000000724c00000, 0x0000000724e00000, 0x0000000724e00000|100%| O|  |TAMS 0x0000000724e00000, 0x0000000724e00000| Untracked 
| 295|0x0000000724e00000, 0x0000000725000000, 0x0000000725000000|100%| O|  |TAMS 0x0000000725000000, 0x0000000725000000| Untracked 
| 296|0x0000000725000000, 0x0000000725200000, 0x0000000725200000|100%| O|  |TAMS 0x0000000725200000, 0x0000000725200000| Untracked 
| 297|0x0000000725200000, 0x0000000725400000, 0x0000000725400000|100%| O|  |TAMS 0x0000000725400000, 0x0000000725400000| Untracked 
| 298|0x0000000725400000, 0x0000000725600000, 0x0000000725600000|100%| O|  |TAMS 0x0000000725600000, 0x0000000725600000| Untracked 
| 299|0x0000000725600000, 0x0000000725800000, 0x0000000725800000|100%| O|  |TAMS 0x0000000725800000, 0x0000000725800000| Untracked 
| 300|0x0000000725800000, 0x0000000725a00000, 0x0000000725a00000|100%| O|  |TAMS 0x0000000725a00000, 0x0000000725a00000| Untracked 
| 301|0x0000000725a00000, 0x0000000725c00000, 0x0000000725c00000|100%| O|  |TAMS 0x0000000725c00000, 0x0000000725c00000| Untracked 
| 302|0x0000000725c00000, 0x0000000725e00000, 0x0000000725e00000|100%| O|  |TAMS 0x0000000725e00000, 0x0000000725e00000| Untracked 
| 303|0x0000000725e00000, 0x0000000726000000, 0x0000000726000000|100%| O|  |TAMS 0x0000000726000000, 0x0000000726000000| Untracked 
| 304|0x0000000726000000, 0x0000000726200000, 0x0000000726200000|100%| O|  |TAMS 0x0000000726200000, 0x0000000726200000| Untracked 
| 305|0x0000000726200000, 0x0000000726400000, 0x0000000726400000|100%| O|  |TAMS 0x0000000726400000, 0x0000000726400000| Untracked 
| 306|0x0000000726400000, 0x0000000726600000, 0x0000000726600000|100%| O|  |TAMS 0x0000000726600000, 0x0000000726600000| Untracked 
| 307|0x0000000726600000, 0x0000000726800000, 0x0000000726800000|100%| O|  |TAMS 0x0000000726800000, 0x0000000726800000| Untracked 
| 308|0x0000000726800000, 0x0000000726a00000, 0x0000000726a00000|100%| O|  |TAMS 0x0000000726a00000, 0x0000000726a00000| Untracked 
| 309|0x0000000726a00000, 0x0000000726c00000, 0x0000000726c00000|100%| O|  |TAMS 0x0000000726c00000, 0x0000000726c00000| Untracked 
| 310|0x0000000726c00000, 0x0000000726e00000, 0x0000000726e00000|100%| O|  |TAMS 0x0000000726e00000, 0x0000000726e00000| Untracked 
| 311|0x0000000726e00000, 0x0000000727000000, 0x0000000727000000|100%| O|  |TAMS 0x0000000727000000, 0x0000000727000000| Untracked 
| 312|0x0000000727000000, 0x0000000727200000, 0x0000000727200000|100%| O|  |TAMS 0x0000000727200000, 0x0000000727200000| Untracked 
| 313|0x0000000727200000, 0x0000000727400000, 0x0000000727400000|100%| O|  |TAMS 0x0000000727400000, 0x0000000727400000| Untracked 
| 314|0x0000000727400000, 0x0000000727600000, 0x0000000727600000|100%| O|  |TAMS 0x0000000727600000, 0x0000000727600000| Untracked 
| 315|0x0000000727600000, 0x0000000727800000, 0x0000000727800000|100%| O|  |TAMS 0x0000000727800000, 0x0000000727800000| Untracked 
| 316|0x0000000727800000, 0x0000000727a00000, 0x0000000727a00000|100%| O|  |TAMS 0x0000000727a00000, 0x0000000727a00000| Untracked 
| 317|0x0000000727a00000, 0x0000000727c00000, 0x0000000727c00000|100%| O|  |TAMS 0x0000000727c00000, 0x0000000727c00000| Untracked 
| 318|0x0000000727c00000, 0x0000000727e00000, 0x0000000727e00000|100%| O|  |TAMS 0x0000000727e00000, 0x0000000727e00000| Untracked 
| 319|0x0000000727e00000, 0x0000000728000000, 0x0000000728000000|100%| O|  |TAMS 0x0000000728000000, 0x0000000728000000| Untracked 
| 320|0x0000000728000000, 0x0000000728200000, 0x0000000728200000|100%| O|  |TAMS 0x0000000728200000, 0x0000000728200000| Untracked 
| 321|0x0000000728200000, 0x0000000728400000, 0x0000000728400000|100%| O|  |TAMS 0x0000000728400000, 0x0000000728400000| Untracked 
| 322|0x0000000728400000, 0x0000000728600000, 0x0000000728600000|100%| O|  |TAMS 0x0000000728600000, 0x0000000728600000| Untracked 
| 323|0x0000000728600000, 0x0000000728800000, 0x0000000728800000|100%| O|  |TAMS 0x0000000728600000, 0x0000000728600000| Untracked 
| 324|0x0000000728800000, 0x0000000728a00000, 0x0000000728a00000|100%| O|  |TAMS 0x0000000728a00000, 0x0000000728a00000| Untracked 
| 325|0x0000000728a00000, 0x0000000728c00000, 0x0000000728c00000|100%| O|  |TAMS 0x0000000728c00000, 0x0000000728c00000| Untracked 
| 326|0x0000000728c00000, 0x0000000728e00000, 0x0000000728e00000|100%| O|  |TAMS 0x0000000728e00000, 0x0000000728e00000| Untracked 
| 327|0x0000000728e00000, 0x0000000729000000, 0x0000000729000000|100%| O|  |TAMS 0x0000000729000000, 0x0000000729000000| Untracked 
| 328|0x0000000729000000, 0x0000000729200000, 0x0000000729200000|100%| O|  |TAMS 0x0000000729200000, 0x0000000729200000| Untracked 
| 329|0x0000000729200000, 0x0000000729400000, 0x0000000729400000|100%| O|  |TAMS 0x0000000729400000, 0x0000000729400000| Untracked 
| 330|0x0000000729400000, 0x0000000729600000, 0x0000000729600000|100%| O|  |TAMS 0x0000000729600000, 0x0000000729600000| Untracked 
| 331|0x0000000729600000, 0x0000000729800000, 0x0000000729800000|100%| O|  |TAMS 0x0000000729600000, 0x0000000729800000| Untracked 
| 332|0x0000000729800000, 0x0000000729a00000, 0x0000000729a00000|100%| O|  |TAMS 0x0000000729a00000, 0x0000000729a00000| Untracked 
| 333|0x0000000729a00000, 0x0000000729c00000, 0x0000000729c00000|100%| O|  |TAMS 0x0000000729c00000, 0x0000000729c00000| Untracked 
| 334|0x0000000729c00000, 0x0000000729e00000, 0x0000000729e00000|100%| O|  |TAMS 0x0000000729e00000, 0x0000000729e00000| Untracked 
| 335|0x0000000729e00000, 0x000000072a000000, 0x000000072a000000|100%| O|  |TAMS 0x000000072a000000, 0x000000072a000000| Untracked 
| 336|0x000000072a000000, 0x000000072a200000, 0x000000072a200000|100%| O|  |TAMS 0x000000072a200000, 0x000000072a200000| Untracked 
| 337|0x000000072a200000, 0x000000072a400000, 0x000000072a400000|100%| O|  |TAMS 0x000000072a400000, 0x000000072a400000| Untracked 
| 338|0x000000072a400000, 0x000000072a600000, 0x000000072a600000|100%| O|  |TAMS 0x000000072a600000, 0x000000072a600000| Untracked 
| 339|0x000000072a600000, 0x000000072a800000, 0x000000072a800000|100%| O|  |TAMS 0x000000072a800000, 0x000000072a800000| Untracked 
| 340|0x000000072a800000, 0x000000072aa00000, 0x000000072aa00000|100%| O|  |TAMS 0x000000072aa00000, 0x000000072aa00000| Untracked 
| 341|0x000000072aa00000, 0x000000072ac00000, 0x000000072ac00000|100%| O|  |TAMS 0x000000072ac00000, 0x000000072ac00000| Untracked 
| 342|0x000000072ac00000, 0x000000072ae00000, 0x000000072ae00000|100%| O|  |TAMS 0x000000072ae00000, 0x000000072ae00000| Untracked 
| 343|0x000000072ae00000, 0x000000072b000000, 0x000000072b000000|100%| O|  |TAMS 0x000000072b000000, 0x000000072b000000| Untracked 
| 344|0x000000072b000000, 0x000000072b200000, 0x000000072b200000|100%| O|  |TAMS 0x000000072b200000, 0x000000072b200000| Untracked 
| 345|0x000000072b200000, 0x000000072b400000, 0x000000072b400000|100%| O|  |TAMS 0x000000072b200000, 0x000000072b200000| Untracked 
| 346|0x000000072b400000, 0x000000072b600000, 0x000000072b600000|100%| O|  |TAMS 0x000000072b600000, 0x000000072b600000| Untracked 
| 347|0x000000072b600000, 0x000000072b800000, 0x000000072b800000|100%| O|  |TAMS 0x000000072b800000, 0x000000072b800000| Untracked 
| 348|0x000000072b800000, 0x000000072ba00000, 0x000000072ba00000|100%| O|  |TAMS 0x000000072ba00000, 0x000000072ba00000| Untracked 
| 349|0x000000072ba00000, 0x000000072bc00000, 0x000000072bc00000|100%| O|  |TAMS 0x000000072bc00000, 0x000000072bc00000| Untracked 
| 350|0x000000072bc00000, 0x000000072be00000, 0x000000072be00000|100%| O|  |TAMS 0x000000072be00000, 0x000000072be00000| Untracked 
| 351|0x000000072be00000, 0x000000072c000000, 0x000000072c000000|100%| O|  |TAMS 0x000000072c000000, 0x000000072c000000| Untracked 
| 352|0x000000072c000000, 0x000000072c200000, 0x000000072c200000|100%| O|  |TAMS 0x000000072c200000, 0x000000072c200000| Untracked 
| 353|0x000000072c200000, 0x000000072c400000, 0x000000072c400000|100%| O|  |TAMS 0x000000072c400000, 0x000000072c400000| Untracked 
| 354|0x000000072c400000, 0x000000072c600000, 0x000000072c600000|100%| O|  |TAMS 0x000000072c600000, 0x000000072c600000| Untracked 
| 355|0x000000072c600000, 0x000000072c800000, 0x000000072c800000|100%| O|  |TAMS 0x000000072c800000, 0x000000072c800000| Untracked 
| 356|0x000000072c800000, 0x000000072ca00000, 0x000000072ca00000|100%| O|  |TAMS 0x000000072ca00000, 0x000000072ca00000| Untracked 
| 357|0x000000072ca00000, 0x000000072cc00000, 0x000000072cc00000|100%| O|  |TAMS 0x000000072cc00000, 0x000000072cc00000| Untracked 
| 358|0x000000072cc00000, 0x000000072ce00000, 0x000000072ce00000|100%| O|  |TAMS 0x000000072ce00000, 0x000000072ce00000| Untracked 
| 359|0x000000072ce00000, 0x000000072d000000, 0x000000072d000000|100%| O|  |TAMS 0x000000072d000000, 0x000000072d000000| Untracked 
| 360|0x000000072d000000, 0x000000072d200000, 0x000000072d200000|100%| O|  |TAMS 0x000000072d200000, 0x000000072d200000| Untracked 
| 361|0x000000072d200000, 0x000000072d400000, 0x000000072d400000|100%| O|  |TAMS 0x000000072d400000, 0x000000072d400000| Untracked 
| 362|0x000000072d400000, 0x000000072d600000, 0x000000072d600000|100%| O|  |TAMS 0x000000072d600000, 0x000000072d600000| Untracked 
| 363|0x000000072d600000, 0x000000072d800000, 0x000000072d800000|100%| O|  |TAMS 0x000000072d800000, 0x000000072d800000| Untracked 
| 364|0x000000072d800000, 0x000000072da00000, 0x000000072da00000|100%| O|  |TAMS 0x000000072da00000, 0x000000072da00000| Untracked 
| 365|0x000000072da00000, 0x000000072dc00000, 0x000000072dc00000|100%| O|  |TAMS 0x000000072dc00000, 0x000000072dc00000| Untracked 
| 366|0x000000072dc00000, 0x000000072de00000, 0x000000072de00000|100%| O|  |TAMS 0x000000072de00000, 0x000000072de00000| Untracked 
| 367|0x000000072de00000, 0x000000072e000000, 0x000000072e000000|100%| O|  |TAMS 0x000000072e000000, 0x000000072e000000| Untracked 
| 368|0x000000072e000000, 0x000000072e200000, 0x000000072e200000|100%| O|  |TAMS 0x000000072e200000, 0x000000072e200000| Untracked 
| 369|0x000000072e200000, 0x000000072e400000, 0x000000072e400000|100%| O|  |TAMS 0x000000072e400000, 0x000000072e400000| Untracked 
| 370|0x000000072e400000, 0x000000072e600000, 0x000000072e600000|100%| O|  |TAMS 0x000000072e600000, 0x000000072e600000| Untracked 
| 371|0x000000072e600000, 0x000000072e800000, 0x000000072e800000|100%| O|  |TAMS 0x000000072e800000, 0x000000072e800000| Untracked 
| 372|0x000000072e800000, 0x000000072ea00000, 0x000000072ea00000|100%| O|  |TAMS 0x000000072ea00000, 0x000000072ea00000| Untracked 
| 373|0x000000072ea00000, 0x000000072ec00000, 0x000000072ec00000|100%| O|  |TAMS 0x000000072ec00000, 0x000000072ec00000| Untracked 
| 374|0x000000072ec00000, 0x000000072ee00000, 0x000000072ee00000|100%| O|  |TAMS 0x000000072ee00000, 0x000000072ee00000| Untracked 
| 375|0x000000072ee00000, 0x000000072f000000, 0x000000072f000000|100%| O|  |TAMS 0x000000072f000000, 0x000000072f000000| Untracked 
| 376|0x000000072f000000, 0x000000072f200000, 0x000000072f200000|100%| O|  |TAMS 0x000000072f200000, 0x000000072f200000| Untracked 
| 377|0x000000072f200000, 0x000000072f400000, 0x000000072f400000|100%| O|  |TAMS 0x000000072f200000, 0x000000072f200000| Untracked 
| 378|0x000000072f400000, 0x000000072f600000, 0x000000072f600000|100%| O|  |TAMS 0x000000072f600000, 0x000000072f600000| Untracked 
| 379|0x000000072f600000, 0x000000072f800000, 0x000000072f800000|100%| O|  |TAMS 0x000000072f800000, 0x000000072f800000| Untracked 
| 380|0x000000072f800000, 0x000000072fa00000, 0x000000072fa00000|100%| O|  |TAMS 0x000000072fa00000, 0x000000072fa00000| Untracked 
| 381|0x000000072fa00000, 0x000000072fc00000, 0x000000072fc00000|100%| O|  |TAMS 0x000000072fa00000, 0x000000072fa00000| Untracked 
| 382|0x000000072fc00000, 0x000000072fe00000, 0x000000072fe00000|100%| O|  |TAMS 0x000000072fe00000, 0x000000072fe00000| Untracked 
| 383|0x000000072fe00000, 0x0000000730000000, 0x0000000730000000|100%| O|  |TAMS 0x0000000730000000, 0x0000000730000000| Untracked 
| 384|0x0000000730000000, 0x0000000730200000, 0x0000000730200000|100%| O|  |TAMS 0x0000000730200000, 0x0000000730200000| Untracked 
| 385|0x0000000730200000, 0x0000000730400000, 0x0000000730400000|100%| O|  |TAMS 0x0000000730361800, 0x0000000730400000| Untracked 
| 386|0x0000000730400000, 0x0000000730600000, 0x0000000730600000|100%| O|  |TAMS 0x0000000730600000, 0x0000000730600000| Untracked 
| 387|0x0000000730600000, 0x0000000730800000, 0x0000000730800000|100%| O|  |TAMS 0x0000000730800000, 0x0000000730800000| Untracked 
| 388|0x0000000730800000, 0x0000000730a00000, 0x0000000730a00000|100%| O|  |TAMS 0x0000000730a00000, 0x0000000730a00000| Untracked 
| 389|0x0000000730a00000, 0x0000000730c00000, 0x0000000730c00000|100%| O|  |TAMS 0x0000000730a00000, 0x0000000730c00000| Untracked 
| 390|0x0000000730c00000, 0x0000000730e00000, 0x0000000730e00000|100%| O|  |TAMS 0x0000000730e00000, 0x0000000730e00000| Untracked 
| 391|0x0000000730e00000, 0x0000000731000000, 0x0000000731000000|100%| O|  |TAMS 0x0000000730e00000, 0x0000000731000000| Untracked 
| 392|0x0000000731000000, 0x0000000731200000, 0x0000000731200000|100%| O|  |TAMS 0x0000000731200000, 0x0000000731200000| Untracked 
| 393|0x0000000731200000, 0x0000000731400000, 0x0000000731400000|100%| O|  |TAMS 0x0000000731400000, 0x0000000731400000| Untracked 
| 394|0x0000000731400000, 0x0000000731600000, 0x0000000731600000|100%| O|  |TAMS 0x0000000731600000, 0x0000000731600000| Untracked 
| 395|0x0000000731600000, 0x0000000731800000, 0x0000000731800000|100%| O|  |TAMS 0x0000000731800000, 0x0000000731800000| Untracked 
| 396|0x0000000731800000, 0x0000000731a00000, 0x0000000731a00000|100%| O|  |TAMS 0x0000000731a00000, 0x0000000731a00000| Untracked 
| 397|0x0000000731a00000, 0x0000000731c00000, 0x0000000731c00000|100%| O|  |TAMS 0x0000000731c00000, 0x0000000731c00000| Untracked 
| 398|0x0000000731c00000, 0x0000000731e00000, 0x0000000731e00000|100%| O|  |TAMS 0x0000000731e00000, 0x0000000731e00000| Untracked 
| 399|0x0000000731e00000, 0x0000000732000000, 0x0000000732000000|100%| O|  |TAMS 0x0000000732000000, 0x0000000732000000| Untracked 
| 400|0x0000000732000000, 0x0000000732200000, 0x0000000732200000|100%| O|  |TAMS 0x0000000732200000, 0x0000000732200000| Untracked 
| 401|0x0000000732200000, 0x0000000732400000, 0x0000000732400000|100%| O|  |TAMS 0x0000000732400000, 0x0000000732400000| Untracked 
| 402|0x0000000732400000, 0x0000000732600000, 0x0000000732600000|100%| O|  |TAMS 0x0000000732600000, 0x0000000732600000| Untracked 
| 403|0x0000000732600000, 0x0000000732800000, 0x0000000732800000|100%| O|  |TAMS 0x0000000732800000, 0x0000000732800000| Untracked 
| 404|0x0000000732800000, 0x0000000732a00000, 0x0000000732a00000|100%| O|  |TAMS 0x0000000732a00000, 0x0000000732a00000| Untracked 
| 405|0x0000000732a00000, 0x0000000732c00000, 0x0000000732c00000|100%| O|  |TAMS 0x0000000732c00000, 0x0000000732c00000| Untracked 
| 406|0x0000000732c00000, 0x0000000732e00000, 0x0000000732e00000|100%| O|  |TAMS 0x0000000732e00000, 0x0000000732e00000| Untracked 
| 407|0x0000000732e00000, 0x0000000733000000, 0x0000000733000000|100%| O|  |TAMS 0x0000000733000000, 0x0000000733000000| Untracked 
| 408|0x0000000733000000, 0x0000000733200000, 0x0000000733200000|100%| O|  |TAMS 0x0000000733200000, 0x0000000733200000| Untracked 
| 409|0x0000000733200000, 0x0000000733400000, 0x0000000733400000|100%| O|  |TAMS 0x0000000733400000, 0x0000000733400000| Untracked 
| 410|0x0000000733400000, 0x0000000733600000, 0x0000000733600000|100%| O|  |TAMS 0x0000000733600000, 0x0000000733600000| Untracked 
| 411|0x0000000733600000, 0x0000000733800000, 0x0000000733800000|100%| O|  |TAMS 0x0000000733800000, 0x0000000733800000| Untracked 
| 412|0x0000000733800000, 0x0000000733a00000, 0x0000000733a00000|100%| O|  |TAMS 0x0000000733a00000, 0x0000000733a00000| Untracked 
| 413|0x0000000733a00000, 0x0000000733c00000, 0x0000000733c00000|100%| O|  |TAMS 0x0000000733c00000, 0x0000000733c00000| Untracked 
| 414|0x0000000733c00000, 0x0000000733e00000, 0x0000000733e00000|100%| O|  |TAMS 0x0000000733e00000, 0x0000000733e00000| Untracked 
| 415|0x0000000733e00000, 0x0000000734000000, 0x0000000734000000|100%| O|  |TAMS 0x0000000733e00000, 0x0000000733e00000| Untracked 
| 416|0x0000000734000000, 0x0000000734200000, 0x0000000734200000|100%| O|  |TAMS 0x0000000734200000, 0x0000000734200000| Untracked 
| 417|0x0000000734200000, 0x0000000734400000, 0x0000000734400000|100%| O|  |TAMS 0x0000000734400000, 0x0000000734400000| Untracked 
| 418|0x0000000734400000, 0x0000000734600000, 0x0000000734600000|100%| O|  |TAMS 0x0000000734600000, 0x0000000734600000| Untracked 
| 419|0x0000000734600000, 0x0000000734800000, 0x0000000734800000|100%| O|  |TAMS 0x0000000734800000, 0x0000000734800000| Untracked 
| 420|0x0000000734800000, 0x0000000734a00000, 0x0000000734a00000|100%| O|  |TAMS 0x0000000734a00000, 0x0000000734a00000| Untracked 
| 421|0x0000000734a00000, 0x0000000734c00000, 0x0000000734c00000|100%| O|  |TAMS 0x0000000734c00000, 0x0000000734c00000| Untracked 
| 422|0x0000000734c00000, 0x0000000734e00000, 0x0000000734e00000|100%| O|  |TAMS 0x0000000734e00000, 0x0000000734e00000| Untracked 
| 423|0x0000000734e00000, 0x0000000735000000, 0x0000000735000000|100%| O|  |TAMS 0x0000000735000000, 0x0000000735000000| Untracked 
| 424|0x0000000735000000, 0x0000000735200000, 0x0000000735200000|100%| O|  |TAMS 0x0000000735200000, 0x0000000735200000| Untracked 
| 425|0x0000000735200000, 0x0000000735400000, 0x0000000735400000|100%| O|  |TAMS 0x0000000735400000, 0x0000000735400000| Untracked 
| 426|0x0000000735400000, 0x0000000735600000, 0x0000000735600000|100%| O|  |TAMS 0x0000000735600000, 0x0000000735600000| Untracked 
| 427|0x0000000735600000, 0x0000000735800000, 0x0000000735800000|100%| O|  |TAMS 0x0000000735800000, 0x0000000735800000| Untracked 
| 428|0x0000000735800000, 0x0000000735a00000, 0x0000000735a00000|100%| O|  |TAMS 0x0000000735a00000, 0x0000000735a00000| Untracked 
| 429|0x0000000735a00000, 0x0000000735c00000, 0x0000000735c00000|100%| O|  |TAMS 0x0000000735c00000, 0x0000000735c00000| Untracked 
| 430|0x0000000735c00000, 0x0000000735e00000, 0x0000000735e00000|100%| O|  |TAMS 0x0000000735e00000, 0x0000000735e00000| Untracked 
| 431|0x0000000735e00000, 0x0000000736000000, 0x0000000736000000|100%| O|  |TAMS 0x0000000735e00000, 0x0000000736000000| Untracked 
| 432|0x0000000736000000, 0x0000000736200000, 0x0000000736200000|100%| O|  |TAMS 0x0000000736200000, 0x0000000736200000| Untracked 
| 433|0x0000000736200000, 0x0000000736400000, 0x0000000736400000|100%| O|  |TAMS 0x0000000736400000, 0x0000000736400000| Untracked 
| 434|0x0000000736400000, 0x0000000736600000, 0x0000000736600000|100%| O|  |TAMS 0x0000000736600000, 0x0000000736600000| Untracked 
| 435|0x0000000736600000, 0x0000000736800000, 0x0000000736800000|100%| O|  |TAMS 0x0000000736800000, 0x0000000736800000| Untracked 
| 436|0x0000000736800000, 0x0000000736a00000, 0x0000000736a00000|100%| O|  |TAMS 0x0000000736a00000, 0x0000000736a00000| Untracked 
| 437|0x0000000736a00000, 0x0000000736c00000, 0x0000000736c00000|100%| O|  |TAMS 0x0000000736c00000, 0x0000000736c00000| Untracked 
| 438|0x0000000736c00000, 0x0000000736e00000, 0x0000000736e00000|100%| O|  |TAMS 0x0000000736e00000, 0x0000000736e00000| Untracked 
| 439|0x0000000736e00000, 0x0000000737000000, 0x0000000737000000|100%| O|  |TAMS 0x0000000737000000, 0x0000000737000000| Untracked 
| 440|0x0000000737000000, 0x0000000737200000, 0x0000000737200000|100%| O|  |TAMS 0x0000000737200000, 0x0000000737200000| Untracked 
| 441|0x0000000737200000, 0x0000000737400000, 0x0000000737400000|100%| O|  |TAMS 0x0000000737400000, 0x0000000737400000| Untracked 
| 442|0x0000000737400000, 0x0000000737600000, 0x0000000737600000|100%| O|  |TAMS 0x0000000737600000, 0x0000000737600000| Untracked 
| 443|0x0000000737600000, 0x0000000737800000, 0x0000000737800000|100%| O|  |TAMS 0x0000000737800000, 0x0000000737800000| Untracked 
| 444|0x0000000737800000, 0x0000000737a00000, 0x0000000737a00000|100%| O|  |TAMS 0x0000000737a00000, 0x0000000737a00000| Untracked 
| 445|0x0000000737a00000, 0x0000000737c00000, 0x0000000737c00000|100%| O|  |TAMS 0x0000000737c00000, 0x0000000737c00000| Untracked 
| 446|0x0000000737c00000, 0x0000000737e00000, 0x0000000737e00000|100%| O|  |TAMS 0x0000000737e00000, 0x0000000737e00000| Untracked 
| 447|0x0000000737e00000, 0x0000000738000000, 0x0000000738000000|100%| O|  |TAMS 0x0000000738000000, 0x0000000738000000| Untracked 
| 448|0x0000000738000000, 0x0000000738200000, 0x0000000738200000|100%| O|  |TAMS 0x0000000738200000, 0x0000000738200000| Untracked 
| 449|0x0000000738200000, 0x0000000738400000, 0x0000000738400000|100%| O|  |TAMS 0x0000000738400000, 0x0000000738400000| Untracked 
| 450|0x0000000738400000, 0x0000000738600000, 0x0000000738600000|100%| O|  |TAMS 0x0000000738600000, 0x0000000738600000| Untracked 
| 451|0x0000000738600000, 0x0000000738800000, 0x0000000738800000|100%| O|  |TAMS 0x0000000738800000, 0x0000000738800000| Untracked 
| 452|0x0000000738800000, 0x0000000738a00000, 0x0000000738a00000|100%| O|  |TAMS 0x0000000738a00000, 0x0000000738a00000| Untracked 
| 453|0x0000000738a00000, 0x0000000738c00000, 0x0000000738c00000|100%| O|  |TAMS 0x0000000738c00000, 0x0000000738c00000| Untracked 
| 454|0x0000000738c00000, 0x0000000738e00000, 0x0000000738e00000|100%| O|  |TAMS 0x0000000738e00000, 0x0000000738e00000| Untracked 
| 455|0x0000000738e00000, 0x0000000739000000, 0x0000000739000000|100%| O|  |TAMS 0x0000000739000000, 0x0000000739000000| Untracked 
| 456|0x0000000739000000, 0x0000000739200000, 0x0000000739200000|100%| O|  |TAMS 0x0000000739200000, 0x0000000739200000| Untracked 
| 457|0x0000000739200000, 0x0000000739400000, 0x0000000739400000|100%| O|  |TAMS 0x0000000739400000, 0x0000000739400000| Untracked 
| 458|0x0000000739400000, 0x0000000739600000, 0x0000000739600000|100%| O|  |TAMS 0x0000000739600000, 0x0000000739600000| Untracked 
| 459|0x0000000739600000, 0x0000000739800000, 0x0000000739800000|100%| O|  |TAMS 0x0000000739800000, 0x0000000739800000| Untracked 
| 460|0x0000000739800000, 0x0000000739a00000, 0x0000000739a00000|100%| O|  |TAMS 0x0000000739800000, 0x0000000739a00000| Untracked 
| 461|0x0000000739a00000, 0x0000000739c00000, 0x0000000739c00000|100%| O|  |TAMS 0x0000000739c00000, 0x0000000739c00000| Untracked 
| 462|0x0000000739c00000, 0x0000000739e00000, 0x0000000739e00000|100%| O|  |TAMS 0x0000000739e00000, 0x0000000739e00000| Untracked 
| 463|0x0000000739e00000, 0x000000073a000000, 0x000000073a000000|100%| O|  |TAMS 0x000000073a000000, 0x000000073a000000| Untracked 
| 464|0x000000073a000000, 0x000000073a200000, 0x000000073a200000|100%| O|  |TAMS 0x000000073a200000, 0x000000073a200000| Untracked 
| 465|0x000000073a200000, 0x000000073a400000, 0x000000073a400000|100%| O|  |TAMS 0x000000073a400000, 0x000000073a400000| Untracked 
| 466|0x000000073a400000, 0x000000073a600000, 0x000000073a600000|100%| O|  |TAMS 0x000000073a600000, 0x000000073a600000| Untracked 
| 467|0x000000073a600000, 0x000000073a800000, 0x000000073a800000|100%| O|  |TAMS 0x000000073a800000, 0x000000073a800000| Untracked 
| 468|0x000000073a800000, 0x000000073aa00000, 0x000000073aa00000|100%| O|  |TAMS 0x000000073aa00000, 0x000000073aa00000| Untracked 
| 469|0x000000073aa00000, 0x000000073ac00000, 0x000000073ac00000|100%| O|  |TAMS 0x000000073ac00000, 0x000000073ac00000| Untracked 
| 470|0x000000073ac00000, 0x000000073ae00000, 0x000000073ae00000|100%| O|  |TAMS 0x000000073ac00000, 0x000000073ae00000| Untracked 
| 471|0x000000073ae00000, 0x000000073b000000, 0x000000073b000000|100%| O|  |TAMS 0x000000073b000000, 0x000000073b000000| Untracked 
| 472|0x000000073b000000, 0x000000073b200000, 0x000000073b200000|100%| O|  |TAMS 0x000000073b200000, 0x000000073b200000| Untracked 
| 473|0x000000073b200000, 0x000000073b400000, 0x000000073b400000|100%| O|  |TAMS 0x000000073b400000, 0x000000073b400000| Untracked 
| 474|0x000000073b400000, 0x000000073b600000, 0x000000073b600000|100%| O|  |TAMS 0x000000073b600000, 0x000000073b600000| Untracked 
| 475|0x000000073b600000, 0x000000073b800000, 0x000000073b800000|100%| O|  |TAMS 0x000000073b800000, 0x000000073b800000| Untracked 
| 476|0x000000073b800000, 0x000000073ba00000, 0x000000073ba00000|100%| O|  |TAMS 0x000000073ba00000, 0x000000073ba00000| Untracked 
| 477|0x000000073ba00000, 0x000000073bc00000, 0x000000073bc00000|100%| O|  |TAMS 0x000000073bc00000, 0x000000073bc00000| Untracked 
| 478|0x000000073bc00000, 0x000000073be00000, 0x000000073be00000|100%| O|  |TAMS 0x000000073be00000, 0x000000073be00000| Untracked 
| 479|0x000000073be00000, 0x000000073c000000, 0x000000073c000000|100%| O|  |TAMS 0x000000073c000000, 0x000000073c000000| Untracked 
| 480|0x000000073c000000, 0x000000073c200000, 0x000000073c200000|100%| O|  |TAMS 0x000000073c200000, 0x000000073c200000| Untracked 
| 481|0x000000073c200000, 0x000000073c400000, 0x000000073c400000|100%| O|  |TAMS 0x000000073c400000, 0x000000073c400000| Untracked 
| 482|0x000000073c400000, 0x000000073c600000, 0x000000073c600000|100%| O|  |TAMS 0x000000073c600000, 0x000000073c600000| Untracked 
| 483|0x000000073c600000, 0x000000073c800000, 0x000000073c800000|100%| O|  |TAMS 0x000000073c600000, 0x000000073c800000| Untracked 
| 484|0x000000073c800000, 0x000000073ca00000, 0x000000073ca00000|100%| O|  |TAMS 0x000000073c800000, 0x000000073ca00000| Untracked 
| 485|0x000000073ca00000, 0x000000073cc00000, 0x000000073cc00000|100%| O|  |TAMS 0x000000073ca00000, 0x000000073ca00000| Untracked 
| 486|0x000000073cc00000, 0x000000073ce00000, 0x000000073ce00000|100%| O|  |TAMS 0x000000073cc00000, 0x000000073ce00000| Untracked 
| 487|0x000000073ce00000, 0x000000073d000000, 0x000000073d000000|100%| O|  |TAMS 0x000000073ce00000, 0x000000073ce00000| Untracked 
| 488|0x000000073d000000, 0x000000073d200000, 0x000000073d200000|100%| O|  |TAMS 0x000000073d000000, 0x000000073d000000| Untracked 
| 489|0x000000073d200000, 0x000000073d400000, 0x000000073d400000|100%| O|  |TAMS 0x000000073d400000, 0x000000073d400000| Untracked 
| 490|0x000000073d400000, 0x000000073d600000, 0x000000073d600000|100%| O|  |TAMS 0x000000073d600000, 0x000000073d600000| Untracked 
| 491|0x000000073d600000, 0x000000073d800000, 0x000000073d800000|100%| O|  |TAMS 0x000000073d800000, 0x000000073d800000| Untracked 
| 492|0x000000073d800000, 0x000000073da00000, 0x000000073da00000|100%| O|  |TAMS 0x000000073da00000, 0x000000073da00000| Untracked 
| 493|0x000000073da00000, 0x000000073dc00000, 0x000000073dc00000|100%| O|  |TAMS 0x000000073dc00000, 0x000000073dc00000| Untracked 
| 494|0x000000073dc00000, 0x000000073de00000, 0x000000073de00000|100%| O|  |TAMS 0x000000073de00000, 0x000000073de00000| Untracked 
| 495|0x000000073de00000, 0x000000073e000000, 0x000000073e000000|100%| O|  |TAMS 0x000000073e000000, 0x000000073e000000| Untracked 
| 496|0x000000073e000000, 0x000000073e200000, 0x000000073e200000|100%|HS|  |TAMS 0x000000073e200000, 0x000000073e200000| Complete 
| 497|0x000000073e200000, 0x000000073e400000, 0x000000073e400000|100%|HC|  |TAMS 0x000000073e400000, 0x000000073e400000| Complete 
| 498|0x000000073e400000, 0x000000073e600000, 0x000000073e600000|100%|HC|  |TAMS 0x000000073e600000, 0x000000073e600000| Complete 
| 499|0x000000073e600000, 0x000000073e800000, 0x000000073e800000|100%|HS|  |TAMS 0x000000073e800000, 0x000000073e800000| Complete 
| 500|0x000000073e800000, 0x000000073ea00000, 0x000000073ea00000|100%|HC|  |TAMS 0x000000073ea00000, 0x000000073ea00000| Complete 
| 501|0x000000073ea00000, 0x000000073ec00000, 0x000000073ec00000|100%|HC|  |TAMS 0x000000073ec00000, 0x000000073ec00000| Complete 
| 502|0x000000073ec00000, 0x000000073ee00000, 0x000000073ee00000|100%| O|  |TAMS 0x000000073ee00000, 0x000000073ee00000| Untracked 
| 503|0x000000073ee00000, 0x000000073f000000, 0x000000073f000000|100%| O|  |TAMS 0x000000073ee00000, 0x000000073f000000| Untracked 
| 504|0x000000073f000000, 0x000000073f200000, 0x000000073f200000|100%| O|  |TAMS 0x000000073f200000, 0x000000073f200000| Untracked 
| 505|0x000000073f200000, 0x000000073f400000, 0x000000073f400000|100%| O|  |TAMS 0x000000073f200000, 0x000000073f400000| Untracked 
| 506|0x000000073f400000, 0x000000073f600000, 0x000000073f600000|100%| O|  |TAMS 0x000000073f600000, 0x000000073f600000| Untracked 
| 507|0x000000073f600000, 0x000000073f800000, 0x000000073f800000|100%| O|  |TAMS 0x000000073f600000, 0x000000073f800000| Untracked 
| 508|0x000000073f800000, 0x000000073fa00000, 0x000000073fa00000|100%| O|  |TAMS 0x000000073f800000, 0x000000073f800000| Untracked 
| 509|0x000000073fa00000, 0x000000073fc00000, 0x000000073fc00000|100%| O|  |TAMS 0x000000073fc00000, 0x000000073fc00000| Untracked 
| 510|0x000000073fc00000, 0x000000073fe00000, 0x000000073fe00000|100%| O|  |TAMS 0x000000073fe00000, 0x000000073fe00000| Untracked 
| 511|0x000000073fe00000, 0x0000000740000000, 0x0000000740000000|100%| O|  |TAMS 0x0000000740000000, 0x0000000740000000| Untracked 
| 512|0x0000000740000000, 0x0000000740200000, 0x0000000740200000|100%| O|  |TAMS 0x0000000740200000, 0x0000000740200000| Untracked 
| 513|0x0000000740200000, 0x0000000740400000, 0x0000000740400000|100%| O|  |TAMS 0x0000000740400000, 0x0000000740400000| Untracked 
| 514|0x0000000740400000, 0x0000000740600000, 0x0000000740600000|100%| O|  |TAMS 0x0000000740600000, 0x0000000740600000| Untracked 
| 515|0x0000000740600000, 0x0000000740800000, 0x0000000740800000|100%| O|  |TAMS 0x0000000740800000, 0x0000000740800000| Untracked 
| 516|0x0000000740800000, 0x0000000740a00000, 0x0000000740a00000|100%| O|  |TAMS 0x0000000740a00000, 0x0000000740a00000| Untracked 
| 517|0x0000000740a00000, 0x0000000740c00000, 0x0000000740c00000|100%| O|  |TAMS 0x0000000740a00000, 0x0000000740c00000| Untracked 
| 518|0x0000000740c00000, 0x0000000740e00000, 0x0000000740e00000|100%| O|  |TAMS 0x0000000740c00000, 0x0000000740e00000| Untracked 
| 519|0x0000000740e00000, 0x0000000741000000, 0x0000000741000000|100%| O|  |TAMS 0x0000000740e00000, 0x0000000741000000| Untracked 
| 520|0x0000000741000000, 0x0000000741200000, 0x0000000741200000|100%| O|  |TAMS 0x0000000741000000, 0x0000000741200000| Untracked 
| 521|0x0000000741200000, 0x0000000741400000, 0x0000000741400000|100%| O|  |TAMS 0x0000000741400000, 0x0000000741400000| Untracked 
| 522|0x0000000741400000, 0x0000000741600000, 0x0000000741600000|100%| O|  |TAMS 0x0000000741600000, 0x0000000741600000| Untracked 
| 523|0x0000000741600000, 0x0000000741800000, 0x0000000741800000|100%| O|  |TAMS 0x0000000741800000, 0x0000000741800000| Untracked 
| 524|0x0000000741800000, 0x0000000741a00000, 0x0000000741a00000|100%| O|  |TAMS 0x0000000741a00000, 0x0000000741a00000| Untracked 
| 525|0x0000000741a00000, 0x0000000741c00000, 0x0000000741c00000|100%| O|  |TAMS 0x0000000741a00000, 0x0000000741c00000| Untracked 
| 526|0x0000000741c00000, 0x0000000741e00000, 0x0000000741e00000|100%| O|  |TAMS 0x0000000741c00000, 0x0000000741e00000| Untracked 
| 527|0x0000000741e00000, 0x0000000742000000, 0x0000000742000000|100%| O|  |TAMS 0x0000000741e00000, 0x0000000742000000| Untracked 
| 528|0x0000000742000000, 0x0000000742200000, 0x0000000742200000|100%| O|  |TAMS 0x0000000742000000, 0x0000000742200000| Untracked 
| 529|0x0000000742200000, 0x0000000742400000, 0x0000000742400000|100%| O|  |TAMS 0x0000000742200000, 0x0000000742400000| Untracked 
| 530|0x0000000742400000, 0x0000000742600000, 0x0000000742600000|100%| O|  |TAMS 0x0000000742400000, 0x0000000742600000| Untracked 
| 531|0x0000000742600000, 0x0000000742800000, 0x0000000742800000|100%| O|  |TAMS 0x0000000742600000, 0x0000000742800000| Untracked 
| 532|0x0000000742800000, 0x0000000742a00000, 0x0000000742a00000|100%| O|  |TAMS 0x0000000742800000, 0x0000000742a00000| Untracked 
| 533|0x0000000742a00000, 0x0000000742c00000, 0x0000000742c00000|100%| O|  |TAMS 0x0000000742a00000, 0x0000000742c00000| Untracked 
| 534|0x0000000742c00000, 0x0000000742e00000, 0x0000000742e00000|100%| O|  |TAMS 0x0000000742c00000, 0x0000000742e00000| Untracked 
| 535|0x0000000742e00000, 0x0000000743000000, 0x0000000743000000|100%| O|  |TAMS 0x0000000742e00000, 0x0000000743000000| Untracked 
| 536|0x0000000743000000, 0x0000000743200000, 0x0000000743200000|100%| O|  |TAMS 0x0000000743000000, 0x0000000743200000| Untracked 
| 537|0x0000000743200000, 0x0000000743400000, 0x0000000743400000|100%| O|  |TAMS 0x0000000743200000, 0x0000000743400000| Untracked 
| 538|0x0000000743400000, 0x0000000743600000, 0x0000000743600000|100%| O|  |TAMS 0x0000000743400000, 0x0000000743600000| Untracked 
| 539|0x0000000743600000, 0x0000000743800000, 0x0000000743800000|100%| O|  |TAMS 0x0000000743600000, 0x0000000743800000| Untracked 
| 540|0x0000000743800000, 0x0000000743a00000, 0x0000000743a00000|100%| O|  |TAMS 0x0000000743800000, 0x0000000743a00000| Untracked 
| 541|0x0000000743a00000, 0x0000000743c00000, 0x0000000743c00000|100%| O|  |TAMS 0x0000000743a00000, 0x0000000743a00000| Untracked 
| 542|0x0000000743c00000, 0x0000000743e00000, 0x0000000743e00000|100%| O|  |TAMS 0x0000000743c00000, 0x0000000743c00000| Untracked 
| 543|0x0000000743e00000, 0x0000000744000000, 0x0000000744000000|100%| O|  |TAMS 0x0000000743e00000, 0x0000000743e00000| Untracked 
| 544|0x0000000744000000, 0x0000000744200000, 0x0000000744200000|100%| O|  |TAMS 0x0000000744000000, 0x0000000744000000| Untracked 
| 545|0x0000000744200000, 0x0000000744400000, 0x0000000744400000|100%| O|  |TAMS 0x0000000744200000, 0x0000000744200000| Untracked 
| 546|0x0000000744400000, 0x0000000744600000, 0x0000000744600000|100%| O|  |TAMS 0x0000000744400000, 0x0000000744400000| Untracked 
| 547|0x0000000744600000, 0x0000000744800000, 0x0000000744800000|100%| O|  |TAMS 0x0000000744600000, 0x0000000744600000| Untracked 
| 548|0x0000000744800000, 0x0000000744a00000, 0x0000000744a00000|100%| O|  |TAMS 0x0000000744a00000, 0x0000000744a00000| Untracked 
| 549|0x0000000744a00000, 0x0000000744c00000, 0x0000000744c00000|100%| O|  |TAMS 0x0000000744c00000, 0x0000000744c00000| Untracked 
| 550|0x0000000744c00000, 0x0000000744e00000, 0x0000000744e00000|100%| O|  |TAMS 0x0000000744e00000, 0x0000000744e00000| Untracked 
| 551|0x0000000744e00000, 0x0000000745000000, 0x0000000745000000|100%| O|  |TAMS 0x0000000745000000, 0x0000000745000000| Untracked 
| 552|0x0000000745000000, 0x0000000745200000, 0x0000000745200000|100%| O|  |TAMS 0x0000000745200000, 0x0000000745200000| Untracked 
| 553|0x0000000745200000, 0x0000000745400000, 0x0000000745400000|100%| O|  |TAMS 0x0000000745400000, 0x0000000745400000| Untracked 
| 554|0x0000000745400000, 0x0000000745600000, 0x0000000745600000|100%| O|  |TAMS 0x0000000745600000, 0x0000000745600000| Untracked 
| 555|0x0000000745600000, 0x0000000745800000, 0x0000000745800000|100%| O|  |TAMS 0x0000000745800000, 0x0000000745800000| Untracked 
| 556|0x0000000745800000, 0x0000000745a00000, 0x0000000745a00000|100%| O|  |TAMS 0x0000000745a00000, 0x0000000745a00000| Untracked 
| 557|0x0000000745a00000, 0x0000000745c00000, 0x0000000745c00000|100%| O|  |TAMS 0x0000000745c00000, 0x0000000745c00000| Untracked 
| 558|0x0000000745c00000, 0x0000000745e00000, 0x0000000745e00000|100%| O|  |TAMS 0x0000000745e00000, 0x0000000745e00000| Untracked 
| 559|0x0000000745e00000, 0x0000000746000000, 0x0000000746000000|100%| O|  |TAMS 0x0000000746000000, 0x0000000746000000| Untracked 
| 560|0x0000000746000000, 0x0000000746200000, 0x0000000746200000|100%| O|  |TAMS 0x0000000746200000, 0x0000000746200000| Untracked 
| 561|0x0000000746200000, 0x0000000746400000, 0x0000000746400000|100%| O|  |TAMS 0x0000000746400000, 0x0000000746400000| Untracked 
| 562|0x0000000746400000, 0x0000000746600000, 0x0000000746600000|100%| O|  |TAMS 0x0000000746600000, 0x0000000746600000| Untracked 
| 563|0x0000000746600000, 0x0000000746800000, 0x0000000746800000|100%| O|  |TAMS 0x0000000746800000, 0x0000000746800000| Untracked 
| 564|0x0000000746800000, 0x0000000746a00000, 0x0000000746a00000|100%| O|  |TAMS 0x0000000746800000, 0x0000000746800000| Untracked 
| 565|0x0000000746a00000, 0x0000000746c00000, 0x0000000746c00000|100%| O|  |TAMS 0x0000000746c00000, 0x0000000746c00000| Untracked 
| 566|0x0000000746c00000, 0x0000000746e00000, 0x0000000746e00000|100%| O|  |TAMS 0x0000000746e00000, 0x0000000746e00000| Untracked 
| 567|0x0000000746e00000, 0x0000000747000000, 0x0000000747000000|100%| O|  |TAMS 0x0000000747000000, 0x0000000747000000| Untracked 
| 568|0x0000000747000000, 0x0000000747200000, 0x0000000747200000|100%| O|  |TAMS 0x0000000747200000, 0x0000000747200000| Untracked 
| 569|0x0000000747200000, 0x0000000747400000, 0x0000000747400000|100%| O|  |TAMS 0x0000000747400000, 0x0000000747400000| Untracked 
| 570|0x0000000747400000, 0x0000000747600000, 0x0000000747600000|100%| O|  |TAMS 0x0000000747600000, 0x0000000747600000| Untracked 
| 571|0x0000000747600000, 0x0000000747800000, 0x0000000747800000|100%| O|  |TAMS 0x0000000747800000, 0x0000000747800000| Untracked 
| 572|0x0000000747800000, 0x0000000747a00000, 0x0000000747a00000|100%| O|  |TAMS 0x0000000747a00000, 0x0000000747a00000| Untracked 
| 573|0x0000000747a00000, 0x0000000747c00000, 0x0000000747c00000|100%| O|  |TAMS 0x0000000747c00000, 0x0000000747c00000| Untracked 
| 574|0x0000000747c00000, 0x0000000747e00000, 0x0000000747e00000|100%| O|  |TAMS 0x0000000747e00000, 0x0000000747e00000| Untracked 
| 575|0x0000000747e00000, 0x0000000748000000, 0x0000000748000000|100%| O|  |TAMS 0x0000000748000000, 0x0000000748000000| Untracked 
| 576|0x0000000748000000, 0x0000000748200000, 0x0000000748200000|100%| O|  |TAMS 0x0000000748200000, 0x0000000748200000| Untracked 
| 577|0x0000000748200000, 0x0000000748400000, 0x0000000748400000|100%| O|  |TAMS 0x0000000748400000, 0x0000000748400000| Untracked 
| 578|0x0000000748400000, 0x0000000748600000, 0x0000000748600000|100%| O|  |TAMS 0x0000000748600000, 0x0000000748600000| Untracked 
| 579|0x0000000748600000, 0x0000000748800000, 0x0000000748800000|100%| O|  |TAMS 0x0000000748800000, 0x0000000748800000| Untracked 
| 580|0x0000000748800000, 0x0000000748a00000, 0x0000000748a00000|100%| O|  |TAMS 0x0000000748a00000, 0x0000000748a00000| Untracked 
| 581|0x0000000748a00000, 0x0000000748c00000, 0x0000000748c00000|100%| O|  |TAMS 0x0000000748c00000, 0x0000000748c00000| Untracked 
| 582|0x0000000748c00000, 0x0000000748e00000, 0x0000000748e00000|100%| O|  |TAMS 0x0000000748e00000, 0x0000000748e00000| Untracked 
| 583|0x0000000748e00000, 0x0000000749000000, 0x0000000749000000|100%| O|  |TAMS 0x0000000749000000, 0x0000000749000000| Untracked 
| 584|0x0000000749000000, 0x0000000749200000, 0x0000000749200000|100%| O|  |TAMS 0x0000000749200000, 0x0000000749200000| Untracked 
| 585|0x0000000749200000, 0x0000000749400000, 0x0000000749400000|100%| O|  |TAMS 0x0000000749400000, 0x0000000749400000| Untracked 
| 586|0x0000000749400000, 0x0000000749600000, 0x0000000749600000|100%| O|  |TAMS 0x0000000749400000, 0x0000000749400000| Untracked 
| 587|0x0000000749600000, 0x0000000749800000, 0x0000000749800000|100%| O|  |TAMS 0x0000000749600000, 0x0000000749600000| Untracked 
| 588|0x0000000749800000, 0x0000000749a00000, 0x0000000749a00000|100%| O|  |TAMS 0x0000000749800000, 0x0000000749800000| Untracked 
| 589|0x0000000749a00000, 0x0000000749c00000, 0x0000000749c00000|100%| O|  |TAMS 0x0000000749a00000, 0x0000000749a00000| Untracked 
| 590|0x0000000749c00000, 0x0000000749e00000, 0x0000000749e00000|100%| O|  |TAMS 0x0000000749c00000, 0x0000000749c00000| Untracked 
| 591|0x0000000749e00000, 0x000000074a000000, 0x000000074a000000|100%| O|  |TAMS 0x000000074a000000, 0x000000074a000000| Untracked 
| 592|0x000000074a000000, 0x000000074a200000, 0x000000074a200000|100%| O|  |TAMS 0x000000074a200000, 0x000000074a200000| Untracked 
| 593|0x000000074a200000, 0x000000074a400000, 0x000000074a400000|100%| O|  |TAMS 0x000000074a400000, 0x000000074a400000| Untracked 
| 594|0x000000074a400000, 0x000000074a600000, 0x000000074a600000|100%| O|  |TAMS 0x000000074a600000, 0x000000074a600000| Untracked 
| 595|0x000000074a600000, 0x000000074a800000, 0x000000074a800000|100%| O|  |TAMS 0x000000074a800000, 0x000000074a800000| Untracked 
| 596|0x000000074a800000, 0x000000074aa00000, 0x000000074aa00000|100%| O|  |TAMS 0x000000074aa00000, 0x000000074aa00000| Untracked 
| 597|0x000000074aa00000, 0x000000074ac00000, 0x000000074ac00000|100%| O|  |TAMS 0x000000074ac00000, 0x000000074ac00000| Untracked 
| 598|0x000000074ac00000, 0x000000074ae00000, 0x000000074ae00000|100%| O|  |TAMS 0x000000074ae00000, 0x000000074ae00000| Untracked 
| 599|0x000000074ae00000, 0x000000074b000000, 0x000000074b000000|100%| O|  |TAMS 0x000000074b000000, 0x000000074b000000| Untracked 
| 600|0x000000074b000000, 0x000000074b200000, 0x000000074b200000|100%| O|  |TAMS 0x000000074b200000, 0x000000074b200000| Untracked 
| 601|0x000000074b200000, 0x000000074b400000, 0x000000074b400000|100%| O|  |TAMS 0x000000074b400000, 0x000000074b400000| Untracked 
| 602|0x000000074b400000, 0x000000074b600000, 0x000000074b600000|100%| O|  |TAMS 0x000000074b600000, 0x000000074b600000| Untracked 
| 603|0x000000074b600000, 0x000000074b800000, 0x000000074b800000|100%| O|  |TAMS 0x000000074b800000, 0x000000074b800000| Untracked 
| 604|0x000000074b800000, 0x000000074ba00000, 0x000000074ba00000|100%| O|  |TAMS 0x000000074ba00000, 0x000000074ba00000| Untracked 
| 605|0x000000074ba00000, 0x000000074bc00000, 0x000000074bc00000|100%| O|  |TAMS 0x000000074bc00000, 0x000000074bc00000| Untracked 
| 606|0x000000074bc00000, 0x000000074be00000, 0x000000074be00000|100%| O|  |TAMS 0x000000074be00000, 0x000000074be00000| Untracked 
| 607|0x000000074be00000, 0x000000074c000000, 0x000000074c000000|100%| O|  |TAMS 0x000000074c000000, 0x000000074c000000| Untracked 
| 608|0x000000074c000000, 0x000000074c200000, 0x000000074c200000|100%| O|  |TAMS 0x000000074c200000, 0x000000074c200000| Untracked 
| 609|0x000000074c200000, 0x000000074c400000, 0x000000074c400000|100%| O|  |TAMS 0x000000074c400000, 0x000000074c400000| Untracked 
| 610|0x000000074c400000, 0x000000074c600000, 0x000000074c600000|100%| O|  |TAMS 0x000000074c600000, 0x000000074c600000| Untracked 
| 611|0x000000074c600000, 0x000000074c800000, 0x000000074c800000|100%| O|  |TAMS 0x000000074c800000, 0x000000074c800000| Untracked 
| 612|0x000000074c800000, 0x000000074ca00000, 0x000000074ca00000|100%| O|  |TAMS 0x000000074ca00000, 0x000000074ca00000| Untracked 
| 613|0x000000074ca00000, 0x000000074cc00000, 0x000000074cc00000|100%| O|  |TAMS 0x000000074cc00000, 0x000000074cc00000| Untracked 
| 614|0x000000074cc00000, 0x000000074ce00000, 0x000000074ce00000|100%| O|  |TAMS 0x000000074ce00000, 0x000000074ce00000| Untracked 
| 615|0x000000074ce00000, 0x000000074d000000, 0x000000074d000000|100%| O|  |TAMS 0x000000074d000000, 0x000000074d000000| Untracked 
| 616|0x000000074d000000, 0x000000074d200000, 0x000000074d200000|100%| O|  |TAMS 0x000000074d200000, 0x000000074d200000| Untracked 
| 617|0x000000074d200000, 0x000000074d400000, 0x000000074d400000|100%| O|  |TAMS 0x000000074d400000, 0x000000074d400000| Untracked 
| 618|0x000000074d400000, 0x000000074d600000, 0x000000074d600000|100%| O|  |TAMS 0x000000074d600000, 0x000000074d600000| Untracked 
| 619|0x000000074d600000, 0x000000074d800000, 0x000000074d800000|100%| O|  |TAMS 0x000000074d800000, 0x000000074d800000| Untracked 
| 620|0x000000074d800000, 0x000000074da00000, 0x000000074da00000|100%| O|  |TAMS 0x000000074da00000, 0x000000074da00000| Untracked 
| 621|0x000000074da00000, 0x000000074dc00000, 0x000000074dc00000|100%| O|  |TAMS 0x000000074da00000, 0x000000074da00000| Untracked 
| 622|0x000000074dc00000, 0x000000074de00000, 0x000000074de00000|100%| O|  |TAMS 0x000000074de00000, 0x000000074de00000| Untracked 
| 623|0x000000074de00000, 0x000000074e000000, 0x000000074e000000|100%| O|  |TAMS 0x000000074e000000, 0x000000074e000000| Untracked 
| 624|0x000000074e000000, 0x000000074e200000, 0x000000074e200000|100%| O|  |TAMS 0x000000074e200000, 0x000000074e200000| Untracked 
| 625|0x000000074e200000, 0x000000074e400000, 0x000000074e400000|100%| O|  |TAMS 0x000000074e400000, 0x000000074e400000| Untracked 
| 626|0x000000074e400000, 0x000000074e600000, 0x000000074e600000|100%| O|  |TAMS 0x000000074e600000, 0x000000074e600000| Untracked 
| 627|0x000000074e600000, 0x000000074e800000, 0x000000074e800000|100%| O|  |TAMS 0x000000074e800000, 0x000000074e800000| Untracked 
| 628|0x000000074e800000, 0x000000074ea00000, 0x000000074ea00000|100%| O|  |TAMS 0x000000074ea00000, 0x000000074ea00000| Untracked 
| 629|0x000000074ea00000, 0x000000074ec00000, 0x000000074ec00000|100%| O|  |TAMS 0x000000074ec00000, 0x000000074ec00000| Untracked 
| 630|0x000000074ec00000, 0x000000074ee00000, 0x000000074ee00000|100%| O|  |TAMS 0x000000074ee00000, 0x000000074ee00000| Untracked 
| 631|0x000000074ee00000, 0x000000074f000000, 0x000000074f000000|100%| O|  |TAMS 0x000000074f000000, 0x000000074f000000| Untracked 
| 632|0x000000074f000000, 0x000000074f200000, 0x000000074f200000|100%| O|  |TAMS 0x000000074f200000, 0x000000074f200000| Untracked 
| 633|0x000000074f200000, 0x000000074f400000, 0x000000074f400000|100%| O|  |TAMS 0x000000074f400000, 0x000000074f400000| Untracked 
| 634|0x000000074f400000, 0x000000074f600000, 0x000000074f600000|100%| O|  |TAMS 0x000000074f600000, 0x000000074f600000| Untracked 
| 635|0x000000074f600000, 0x000000074f800000, 0x000000074f800000|100%| O|  |TAMS 0x000000074f800000, 0x000000074f800000| Untracked 
| 636|0x000000074f800000, 0x000000074fa00000, 0x000000074fa00000|100%| O|  |TAMS 0x000000074fa00000, 0x000000074fa00000| Untracked 
| 637|0x000000074fa00000, 0x000000074fc00000, 0x000000074fc00000|100%| O|  |TAMS 0x000000074fc00000, 0x000000074fc00000| Untracked 
| 638|0x000000074fc00000, 0x000000074fe00000, 0x000000074fe00000|100%| O|  |TAMS 0x000000074fe00000, 0x000000074fe00000| Untracked 
| 639|0x000000074fe00000, 0x0000000750000000, 0x0000000750000000|100%| O|  |TAMS 0x0000000750000000, 0x0000000750000000| Untracked 
| 640|0x0000000750000000, 0x0000000750200000, 0x0000000750200000|100%| O|  |TAMS 0x0000000750200000, 0x0000000750200000| Untracked 
| 641|0x0000000750200000, 0x0000000750400000, 0x0000000750400000|100%| O|  |TAMS 0x0000000750400000, 0x0000000750400000| Untracked 
| 642|0x0000000750400000, 0x0000000750600000, 0x0000000750600000|100%| O|  |TAMS 0x0000000750600000, 0x0000000750600000| Untracked 
| 643|0x0000000750600000, 0x0000000750800000, 0x0000000750800000|100%| O|  |TAMS 0x0000000750800000, 0x0000000750800000| Untracked 
| 644|0x0000000750800000, 0x0000000750a00000, 0x0000000750a00000|100%| O|  |TAMS 0x0000000750a00000, 0x0000000750a00000| Untracked 
| 645|0x0000000750a00000, 0x0000000750c00000, 0x0000000750c00000|100%| O|  |TAMS 0x0000000750c00000, 0x0000000750c00000| Untracked 
| 646|0x0000000750c00000, 0x0000000750e00000, 0x0000000750e00000|100%| O|  |TAMS 0x0000000750e00000, 0x0000000750e00000| Untracked 
| 647|0x0000000750e00000, 0x0000000751000000, 0x0000000751000000|100%| O|  |TAMS 0x0000000751000000, 0x0000000751000000| Untracked 
| 648|0x0000000751000000, 0x0000000751200000, 0x0000000751200000|100%| O|  |TAMS 0x0000000751200000, 0x0000000751200000| Untracked 
| 649|0x0000000751200000, 0x0000000751400000, 0x0000000751400000|100%| O|  |TAMS 0x0000000751400000, 0x0000000751400000| Untracked 
| 650|0x0000000751400000, 0x0000000751600000, 0x0000000751600000|100%| O|  |TAMS 0x0000000751600000, 0x0000000751600000| Untracked 
| 651|0x0000000751600000, 0x0000000751800000, 0x0000000751800000|100%| O|  |TAMS 0x0000000751800000, 0x0000000751800000| Untracked 
| 652|0x0000000751800000, 0x0000000751a00000, 0x0000000751a00000|100%| O|  |TAMS 0x0000000751a00000, 0x0000000751a00000| Untracked 
| 653|0x0000000751a00000, 0x0000000751c00000, 0x0000000751c00000|100%| O|  |TAMS 0x0000000751c00000, 0x0000000751c00000| Untracked 
| 654|0x0000000751c00000, 0x0000000751e00000, 0x0000000751e00000|100%| O|  |TAMS 0x0000000751e00000, 0x0000000751e00000| Untracked 
| 655|0x0000000751e00000, 0x0000000752000000, 0x0000000752000000|100%| O|  |TAMS 0x0000000752000000, 0x0000000752000000| Untracked 
| 656|0x0000000752000000, 0x0000000752200000, 0x0000000752200000|100%| O|  |TAMS 0x0000000752200000, 0x0000000752200000| Untracked 
| 657|0x0000000752200000, 0x0000000752400000, 0x0000000752400000|100%| O|  |TAMS 0x0000000752200000, 0x0000000752200000| Untracked 
| 658|0x0000000752400000, 0x0000000752600000, 0x0000000752600000|100%| O|  |TAMS 0x0000000752400000, 0x0000000752400000| Untracked 
| 659|0x0000000752600000, 0x0000000752800000, 0x0000000752800000|100%| O|  |TAMS 0x0000000752600000, 0x0000000752600000| Untracked 
| 660|0x0000000752800000, 0x0000000752a00000, 0x0000000752a00000|100%| O|  |TAMS 0x0000000752800000, 0x0000000752800000| Untracked 
| 661|0x0000000752a00000, 0x0000000752c00000, 0x0000000752c00000|100%| O|  |TAMS 0x0000000752a00000, 0x0000000752a00000| Untracked 
| 662|0x0000000752c00000, 0x0000000752e00000, 0x0000000752e00000|100%| O|  |TAMS 0x0000000752c00000, 0x0000000752c00000| Untracked 
| 663|0x0000000752e00000, 0x0000000753000000, 0x0000000753000000|100%| O|  |TAMS 0x0000000753000000, 0x0000000753000000| Untracked 
| 664|0x0000000753000000, 0x0000000753200000, 0x0000000753200000|100%| O|  |TAMS 0x0000000753000000, 0x0000000753000000| Untracked 
| 665|0x0000000753200000, 0x0000000753400000, 0x0000000753400000|100%| O|  |TAMS 0x0000000753200000, 0x0000000753200000| Untracked 
| 666|0x0000000753400000, 0x0000000753600000, 0x0000000753600000|100%| O|  |TAMS 0x0000000753400000, 0x0000000753400000| Untracked 
| 667|0x0000000753600000, 0x0000000753800000, 0x0000000753800000|100%|HS|  |TAMS 0x0000000753800000, 0x0000000753800000| Complete 
| 668|0x0000000753800000, 0x0000000753a00000, 0x0000000753a00000|100%|HC|  |TAMS 0x0000000753a00000, 0x0000000753a00000| Complete 
| 669|0x0000000753a00000, 0x0000000753c00000, 0x0000000753c00000|100%|HC|  |TAMS 0x0000000753c00000, 0x0000000753c00000| Complete 
| 670|0x0000000753c00000, 0x0000000753e00000, 0x0000000753e00000|100%| O|  |TAMS 0x0000000753e00000, 0x0000000753e00000| Untracked 
| 671|0x0000000753e00000, 0x0000000754000000, 0x0000000754000000|100%| O|  |TAMS 0x0000000754000000, 0x0000000754000000| Untracked 
| 672|0x0000000754000000, 0x0000000754200000, 0x0000000754200000|100%| O|  |TAMS 0x0000000754200000, 0x0000000754200000| Untracked 
| 673|0x0000000754200000, 0x0000000754400000, 0x0000000754400000|100%| O|  |TAMS 0x0000000754400000, 0x0000000754400000| Untracked 
| 674|0x0000000754400000, 0x0000000754600000, 0x0000000754600000|100%| O|  |TAMS 0x0000000754600000, 0x0000000754600000| Untracked 
| 675|0x0000000754600000, 0x0000000754800000, 0x0000000754800000|100%| O|  |TAMS 0x0000000754800000, 0x0000000754800000| Untracked 
| 676|0x0000000754800000, 0x0000000754a00000, 0x0000000754a00000|100%| O|  |TAMS 0x0000000754a00000, 0x0000000754a00000| Untracked 
| 677|0x0000000754a00000, 0x0000000754c00000, 0x0000000754c00000|100%| O|  |TAMS 0x0000000754c00000, 0x0000000754c00000| Untracked 
| 678|0x0000000754c00000, 0x0000000754e00000, 0x0000000754e00000|100%| O|  |TAMS 0x0000000754e00000, 0x0000000754e00000| Untracked 
| 679|0x0000000754e00000, 0x0000000755000000, 0x0000000755000000|100%| O|  |TAMS 0x0000000755000000, 0x0000000755000000| Untracked 
| 680|0x0000000755000000, 0x0000000755200000, 0x0000000755200000|100%| O|  |TAMS 0x0000000755200000, 0x0000000755200000| Untracked 
| 681|0x0000000755200000, 0x0000000755400000, 0x0000000755400000|100%| O|  |TAMS 0x0000000755400000, 0x0000000755400000| Untracked 
| 682|0x0000000755400000, 0x0000000755600000, 0x0000000755600000|100%| O|  |TAMS 0x0000000755600000, 0x0000000755600000| Untracked 
| 683|0x0000000755600000, 0x0000000755800000, 0x0000000755800000|100%| O|  |TAMS 0x0000000755800000, 0x0000000755800000| Untracked 
| 684|0x0000000755800000, 0x0000000755a00000, 0x0000000755a00000|100%| O|  |TAMS 0x0000000755a00000, 0x0000000755a00000| Untracked 
| 685|0x0000000755a00000, 0x0000000755c00000, 0x0000000755c00000|100%| O|  |TAMS 0x0000000755c00000, 0x0000000755c00000| Untracked 
| 686|0x0000000755c00000, 0x0000000755e00000, 0x0000000755e00000|100%| O|  |TAMS 0x0000000755e00000, 0x0000000755e00000| Untracked 
| 687|0x0000000755e00000, 0x0000000756000000, 0x0000000756000000|100%| O|  |TAMS 0x0000000756000000, 0x0000000756000000| Untracked 
| 688|0x0000000756000000, 0x0000000756200000, 0x0000000756200000|100%| O|  |TAMS 0x0000000756200000, 0x0000000756200000| Untracked 
| 689|0x0000000756200000, 0x0000000756400000, 0x0000000756400000|100%| O|  |TAMS 0x0000000756400000, 0x0000000756400000| Untracked 
| 690|0x0000000756400000, 0x0000000756600000, 0x0000000756600000|100%| O|  |TAMS 0x0000000756600000, 0x0000000756600000| Untracked 
| 691|0x0000000756600000, 0x0000000756800000, 0x0000000756800000|100%| O|  |TAMS 0x0000000756800000, 0x0000000756800000| Untracked 
| 692|0x0000000756800000, 0x0000000756a00000, 0x0000000756a00000|100%| O|  |TAMS 0x0000000756800000, 0x0000000756800000| Untracked 
| 693|0x0000000756a00000, 0x0000000756c00000, 0x0000000756c00000|100%| O|  |TAMS 0x0000000756a00000, 0x0000000756a00000| Untracked 
| 694|0x0000000756c00000, 0x0000000756e00000, 0x0000000756e00000|100%| O|  |TAMS 0x0000000756c00000, 0x0000000756c00000| Untracked 
| 695|0x0000000756e00000, 0x0000000757000000, 0x0000000757000000|100%| O|  |TAMS 0x0000000757000000, 0x0000000757000000| Untracked 
| 696|0x0000000757000000, 0x0000000757200000, 0x0000000757200000|100%| O|  |TAMS 0x0000000757000000, 0x0000000757000000| Untracked 
| 697|0x0000000757200000, 0x0000000757400000, 0x0000000757400000|100%| O|  |TAMS 0x0000000757200000, 0x0000000757200000| Untracked 
| 698|0x0000000757400000, 0x0000000757600000, 0x0000000757600000|100%| O|  |TAMS 0x0000000757400000, 0x0000000757400000| Untracked 
| 699|0x0000000757600000, 0x0000000757800000, 0x0000000757800000|100%| O|  |TAMS 0x0000000757600000, 0x0000000757600000| Untracked 
| 700|0x0000000757800000, 0x0000000757a00000, 0x0000000757a00000|100%| O|  |TAMS 0x0000000757800000, 0x0000000757800000| Untracked 
| 701|0x0000000757a00000, 0x0000000757c00000, 0x0000000757c00000|100%| O|  |TAMS 0x0000000757a00000, 0x0000000757a00000| Untracked 
| 702|0x0000000757c00000, 0x0000000757e00000, 0x0000000757e00000|100%|HS|  |TAMS 0x0000000757e00000, 0x0000000757e00000| Complete 
| 703|0x0000000757e00000, 0x0000000758000000, 0x0000000758000000|100%|HC|  |TAMS 0x0000000758000000, 0x0000000758000000| Complete 
| 704|0x0000000758000000, 0x0000000758200000, 0x0000000758200000|100%|HC|  |TAMS 0x0000000758200000, 0x0000000758200000| Complete 
| 705|0x0000000758200000, 0x0000000758400000, 0x0000000758400000|100%|HC|  |TAMS 0x0000000758400000, 0x0000000758400000| Complete 
| 706|0x0000000758400000, 0x0000000758600000, 0x0000000758600000|100%|HC|  |TAMS 0x0000000758600000, 0x0000000758600000| Complete 
| 707|0x0000000758600000, 0x0000000758800000, 0x0000000758800000|100%| O|  |TAMS 0x0000000758800000, 0x0000000758800000| Untracked 
| 708|0x0000000758800000, 0x0000000758a00000, 0x0000000758a00000|100%| O|  |TAMS 0x0000000758a00000, 0x0000000758a00000| Untracked 
| 709|0x0000000758a00000, 0x0000000758c00000, 0x0000000758c00000|100%| O|  |TAMS 0x0000000758c00000, 0x0000000758c00000| Untracked 
| 710|0x0000000758c00000, 0x0000000758e00000, 0x0000000758e00000|100%| O|  |TAMS 0x0000000758e00000, 0x0000000758e00000| Untracked 
| 711|0x0000000758e00000, 0x0000000759000000, 0x0000000759000000|100%| O|  |TAMS 0x0000000759000000, 0x0000000759000000| Untracked 
| 712|0x0000000759000000, 0x0000000759200000, 0x0000000759200000|100%| O|  |TAMS 0x0000000759200000, 0x0000000759200000| Untracked 
| 713|0x0000000759200000, 0x0000000759400000, 0x0000000759400000|100%| O|  |TAMS 0x0000000759400000, 0x0000000759400000| Untracked 
| 714|0x0000000759400000, 0x0000000759600000, 0x0000000759600000|100%| O|  |TAMS 0x0000000759600000, 0x0000000759600000| Untracked 
| 715|0x0000000759600000, 0x0000000759800000, 0x0000000759800000|100%| O|  |TAMS 0x0000000759800000, 0x0000000759800000| Untracked 
| 716|0x0000000759800000, 0x0000000759a00000, 0x0000000759a00000|100%| O|  |TAMS 0x0000000759a00000, 0x0000000759a00000| Untracked 
| 717|0x0000000759a00000, 0x0000000759c00000, 0x0000000759c00000|100%| O|  |TAMS 0x0000000759a00000, 0x0000000759a00000| Untracked 
| 718|0x0000000759c00000, 0x0000000759e00000, 0x0000000759e00000|100%| O|  |TAMS 0x0000000759e00000, 0x0000000759e00000| Untracked 
| 719|0x0000000759e00000, 0x000000075a000000, 0x000000075a000000|100%| O|  |TAMS 0x000000075a000000, 0x000000075a000000| Untracked 
| 720|0x000000075a000000, 0x000000075a200000, 0x000000075a200000|100%| O|  |TAMS 0x000000075a200000, 0x000000075a200000| Untracked 
| 721|0x000000075a200000, 0x000000075a400000, 0x000000075a400000|100%| O|  |TAMS 0x000000075a400000, 0x000000075a400000| Untracked 
| 722|0x000000075a400000, 0x000000075a600000, 0x000000075a600000|100%| O|  |TAMS 0x000000075a600000, 0x000000075a600000| Untracked 
| 723|0x000000075a600000, 0x000000075a800000, 0x000000075a800000|100%| O|  |TAMS 0x000000075a800000, 0x000000075a800000| Untracked 
| 724|0x000000075a800000, 0x000000075aa00000, 0x000000075aa00000|100%| O|  |TAMS 0x000000075aa00000, 0x000000075aa00000| Untracked 
| 725|0x000000075aa00000, 0x000000075ac00000, 0x000000075ac00000|100%| O|  |TAMS 0x000000075ac00000, 0x000000075ac00000| Untracked 
| 726|0x000000075ac00000, 0x000000075ae00000, 0x000000075ae00000|100%| O|  |TAMS 0x000000075ae00000, 0x000000075ae00000| Untracked 
| 727|0x000000075ae00000, 0x000000075b000000, 0x000000075b000000|100%| O|  |TAMS 0x000000075b000000, 0x000000075b000000| Untracked 
| 728|0x000000075b000000, 0x000000075b200000, 0x000000075b200000|100%| O|  |TAMS 0x000000075b200000, 0x000000075b200000| Untracked 
| 729|0x000000075b200000, 0x000000075b400000, 0x000000075b400000|100%| O|  |TAMS 0x000000075b400000, 0x000000075b400000| Untracked 
| 730|0x000000075b400000, 0x000000075b600000, 0x000000075b600000|100%| O|  |TAMS 0x000000075b600000, 0x000000075b600000| Untracked 
| 731|0x000000075b600000, 0x000000075b800000, 0x000000075b800000|100%| O|  |TAMS 0x000000075b800000, 0x000000075b800000| Untracked 
| 732|0x000000075b800000, 0x000000075ba00000, 0x000000075ba00000|100%| O|  |TAMS 0x000000075ba00000, 0x000000075ba00000| Untracked 
| 733|0x000000075ba00000, 0x000000075bc00000, 0x000000075bc00000|100%| O|  |TAMS 0x000000075bc00000, 0x000000075bc00000| Untracked 
| 734|0x000000075bc00000, 0x000000075be00000, 0x000000075be00000|100%| O|  |TAMS 0x000000075be00000, 0x000000075be00000| Untracked 
| 735|0x000000075be00000, 0x000000075c000000, 0x000000075c000000|100%| O|  |TAMS 0x000000075c000000, 0x000000075c000000| Untracked 
| 736|0x000000075c000000, 0x000000075c200000, 0x000000075c200000|100%| O|  |TAMS 0x000000075c000000, 0x000000075c000000| Untracked 
| 737|0x000000075c200000, 0x000000075c400000, 0x000000075c400000|100%| O|  |TAMS 0x000000075c400000, 0x000000075c400000| Untracked 
| 738|0x000000075c400000, 0x000000075c600000, 0x000000075c600000|100%| O|  |TAMS 0x000000075c600000, 0x000000075c600000| Untracked 
| 739|0x000000075c600000, 0x000000075c800000, 0x000000075c800000|100%| O|  |TAMS 0x000000075c800000, 0x000000075c800000| Untracked 
| 740|0x000000075c800000, 0x000000075ca00000, 0x000000075ca00000|100%| O|  |TAMS 0x000000075c800000, 0x000000075c800000| Untracked 
| 741|0x000000075ca00000, 0x000000075cc00000, 0x000000075cc00000|100%| O|  |TAMS 0x000000075ca00000, 0x000000075ca00000| Untracked 
| 742|0x000000075cc00000, 0x000000075ce00000, 0x000000075ce00000|100%| O|  |TAMS 0x000000075cc00000, 0x000000075cc00000| Untracked 
| 743|0x000000075ce00000, 0x000000075d000000, 0x000000075d000000|100%| O|  |TAMS 0x000000075ce00000, 0x000000075ce00000| Untracked 
| 744|0x000000075d000000, 0x000000075d200000, 0x000000075d200000|100%| O|  |TAMS 0x000000075d000000, 0x000000075d000000| Untracked 
| 745|0x000000075d200000, 0x000000075d400000, 0x000000075d400000|100%| O|  |TAMS 0x000000075d200000, 0x000000075d200000| Untracked 
| 746|0x000000075d400000, 0x000000075d600000, 0x000000075d600000|100%| O|  |TAMS 0x000000075d400000, 0x000000075d400000| Untracked 
| 747|0x000000075d600000, 0x000000075d800000, 0x000000075d800000|100%| O|  |TAMS 0x000000075d600000, 0x000000075d600000| Untracked 
| 748|0x000000075d800000, 0x000000075da00000, 0x000000075da00000|100%| O|  |TAMS 0x000000075d800000, 0x000000075d800000| Untracked 
| 749|0x000000075da00000, 0x000000075dc00000, 0x000000075dc00000|100%| O|  |TAMS 0x000000075da00000, 0x000000075da00000| Untracked 
| 750|0x000000075dc00000, 0x000000075de00000, 0x000000075de00000|100%| O|  |TAMS 0x000000075dc00000, 0x000000075dc00000| Untracked 
| 751|0x000000075de00000, 0x000000075e000000, 0x000000075e000000|100%| O|  |TAMS 0x000000075de00000, 0x000000075de00000| Untracked 
| 752|0x000000075e000000, 0x000000075e200000, 0x000000075e200000|100%| O|  |TAMS 0x000000075e000000, 0x000000075e000000| Untracked 
| 753|0x000000075e200000, 0x000000075e400000, 0x000000075e400000|100%| O|  |TAMS 0x000000075e200000, 0x000000075e200000| Untracked 
| 754|0x000000075e400000, 0x000000075e600000, 0x000000075e600000|100%| O|  |TAMS 0x000000075e400000, 0x000000075e400000| Untracked 
| 755|0x000000075e600000, 0x000000075e800000, 0x000000075e800000|100%| O|  |TAMS 0x000000075e600000, 0x000000075e600000| Untracked 
| 756|0x000000075e800000, 0x000000075ea00000, 0x000000075ea00000|100%| O|  |TAMS 0x000000075e800000, 0x000000075e800000| Untracked 
| 757|0x000000075ea00000, 0x000000075ec00000, 0x000000075ec00000|100%| O|  |TAMS 0x000000075ea00000, 0x000000075ea00000| Untracked 
| 758|0x000000075ec00000, 0x000000075ee00000, 0x000000075ee00000|100%| O|  |TAMS 0x000000075ec00000, 0x000000075ec00000| Untracked 
| 759|0x000000075ee00000, 0x000000075f000000, 0x000000075f000000|100%| O|  |TAMS 0x000000075ee00000, 0x000000075ee00000| Untracked 
| 760|0x000000075f000000, 0x000000075f200000, 0x000000075f200000|100%| O|  |TAMS 0x000000075f000000, 0x000000075f000000| Untracked 
| 761|0x000000075f200000, 0x000000075f400000, 0x000000075f400000|100%| O|  |TAMS 0x000000075f200000, 0x000000075f200000| Untracked 
| 762|0x000000075f400000, 0x000000075f600000, 0x000000075f600000|100%| O|  |TAMS 0x000000075f400000, 0x000000075f400000| Untracked 
| 763|0x000000075f600000, 0x000000075f800000, 0x000000075f800000|100%| O|  |TAMS 0x000000075f600000, 0x000000075f600000| Untracked 
| 764|0x000000075f800000, 0x000000075fa00000, 0x000000075fa00000|100%| O|  |TAMS 0x000000075f800000, 0x000000075f800000| Untracked 
| 765|0x000000075fa00000, 0x000000075fc00000, 0x000000075fc00000|100%| O|  |TAMS 0x000000075fa00000, 0x000000075fa00000| Untracked 
| 766|0x000000075fc00000, 0x000000075fe00000, 0x000000075fe00000|100%| O|  |TAMS 0x000000075fc00000, 0x000000075fc00000| Untracked 
| 767|0x000000075fe00000, 0x0000000760000000, 0x0000000760000000|100%| O|  |TAMS 0x000000075fe00000, 0x000000075fe00000| Untracked 
| 768|0x0000000760000000, 0x0000000760200000, 0x0000000760200000|100%| O|  |TAMS 0x0000000760000000, 0x0000000760000000| Untracked 
| 769|0x0000000760200000, 0x0000000760400000, 0x0000000760400000|100%| O|  |TAMS 0x0000000760200000, 0x0000000760200000| Untracked 
| 770|0x0000000760400000, 0x0000000760600000, 0x0000000760600000|100%| O|  |TAMS 0x0000000760400000, 0x0000000760400000| Untracked 
| 771|0x0000000760600000, 0x0000000760800000, 0x0000000760800000|100%| O|  |TAMS 0x0000000760600000, 0x0000000760600000| Untracked 
| 772|0x0000000760800000, 0x0000000760a00000, 0x0000000760a00000|100%| O|  |TAMS 0x0000000760800000, 0x0000000760800000| Untracked 
| 773|0x0000000760a00000, 0x0000000760c00000, 0x0000000760c00000|100%| O|  |TAMS 0x0000000760a00000, 0x0000000760a00000| Untracked 
| 774|0x0000000760c00000, 0x0000000760e00000, 0x0000000760e00000|100%| O|  |TAMS 0x0000000760c00000, 0x0000000760c00000| Untracked 
| 775|0x0000000760e00000, 0x0000000761000000, 0x0000000761000000|100%| O|  |TAMS 0x0000000760e00000, 0x0000000760e00000| Untracked 
| 776|0x0000000761000000, 0x0000000761200000, 0x0000000761200000|100%| O|  |TAMS 0x0000000761000000, 0x0000000761000000| Untracked 
| 777|0x0000000761200000, 0x0000000761400000, 0x0000000761400000|100%| O|  |TAMS 0x0000000761200000, 0x0000000761200000| Untracked 
| 778|0x0000000761400000, 0x0000000761600000, 0x0000000761600000|100%| O|  |TAMS 0x0000000761400000, 0x0000000761400000| Untracked 
| 779|0x0000000761600000, 0x0000000761800000, 0x0000000761800000|100%| O|  |TAMS 0x0000000761600000, 0x0000000761600000| Untracked 
| 780|0x0000000761800000, 0x0000000761a00000, 0x0000000761a00000|100%| O|  |TAMS 0x0000000761800000, 0x0000000761800000| Untracked 
| 781|0x0000000761a00000, 0x0000000761c00000, 0x0000000761c00000|100%| O|  |TAMS 0x0000000761a00000, 0x0000000761a00000| Untracked 
| 782|0x0000000761c00000, 0x0000000761e00000, 0x0000000761e00000|100%| O|  |TAMS 0x0000000761c00000, 0x0000000761c00000| Untracked 
| 783|0x0000000761e00000, 0x0000000762000000, 0x0000000762000000|100%| O|  |TAMS 0x0000000761e00000, 0x0000000761e00000| Untracked 
| 784|0x0000000762000000, 0x0000000762200000, 0x0000000762200000|100%| O|  |TAMS 0x0000000762000000, 0x0000000762000000| Untracked 
| 785|0x0000000762200000, 0x0000000762400000, 0x0000000762400000|100%| O|  |TAMS 0x0000000762200000, 0x0000000762200000| Untracked 
| 786|0x0000000762400000, 0x0000000762600000, 0x0000000762600000|100%| O|  |TAMS 0x0000000762400000, 0x0000000762400000| Untracked 
| 787|0x0000000762600000, 0x0000000762800000, 0x0000000762800000|100%| O|  |TAMS 0x0000000762600000, 0x0000000762600000| Untracked 
| 788|0x0000000762800000, 0x0000000762a00000, 0x0000000762a00000|100%| O|  |TAMS 0x0000000762800000, 0x0000000762800000| Untracked 
| 789|0x0000000762a00000, 0x0000000762c00000, 0x0000000762c00000|100%| O|  |TAMS 0x0000000762a00000, 0x0000000762a00000| Untracked 
| 790|0x0000000762c00000, 0x0000000762e00000, 0x0000000762e00000|100%| O|  |TAMS 0x0000000762c00000, 0x0000000762c00000| Untracked 
| 791|0x0000000762e00000, 0x0000000763000000, 0x0000000763000000|100%| O|  |TAMS 0x0000000762e00000, 0x0000000762e00000| Untracked 
| 792|0x0000000763000000, 0x0000000763200000, 0x0000000763200000|100%| O|  |TAMS 0x0000000763000000, 0x0000000763000000| Untracked 
| 793|0x0000000763200000, 0x0000000763400000, 0x0000000763400000|100%| O|  |TAMS 0x0000000763200000, 0x0000000763200000| Untracked 
| 794|0x0000000763400000, 0x0000000763600000, 0x0000000763600000|100%| O|  |TAMS 0x0000000763400000, 0x0000000763400000| Untracked 
| 795|0x0000000763600000, 0x0000000763800000, 0x0000000763800000|100%| O|  |TAMS 0x0000000763600000, 0x0000000763600000| Untracked 
| 796|0x0000000763800000, 0x0000000763a00000, 0x0000000763a00000|100%| O|  |TAMS 0x0000000763800000, 0x0000000763800000| Untracked 
| 797|0x0000000763a00000, 0x0000000763c00000, 0x0000000763c00000|100%| O|  |TAMS 0x0000000763a00000, 0x0000000763a00000| Untracked 
| 798|0x0000000763c00000, 0x0000000763e00000, 0x0000000763e00000|100%| O|  |TAMS 0x0000000763c00000, 0x0000000763c00000| Untracked 
| 799|0x0000000763e00000, 0x0000000764000000, 0x0000000764000000|100%| O|  |TAMS 0x0000000763e00000, 0x0000000763e00000| Untracked 
| 800|0x0000000764000000, 0x0000000764200000, 0x0000000764200000|100%| O|  |TAMS 0x0000000764000000, 0x0000000764000000| Untracked 
| 801|0x0000000764200000, 0x0000000764400000, 0x0000000764400000|100%| O|  |TAMS 0x0000000764200000, 0x0000000764200000| Untracked 
| 802|0x0000000764400000, 0x0000000764600000, 0x0000000764600000|100%| O|  |TAMS 0x0000000764400000, 0x0000000764400000| Untracked 
| 803|0x0000000764600000, 0x0000000764800000, 0x0000000764800000|100%| O|  |TAMS 0x0000000764600000, 0x0000000764600000| Untracked 
| 804|0x0000000764800000, 0x0000000764a00000, 0x0000000764a00000|100%| O|  |TAMS 0x0000000764800000, 0x0000000764800000| Untracked 
| 805|0x0000000764a00000, 0x0000000764c00000, 0x0000000764c00000|100%| O|  |TAMS 0x0000000764a00000, 0x0000000764a00000| Untracked 
| 806|0x0000000764c00000, 0x0000000764e00000, 0x0000000764e00000|100%| O|  |TAMS 0x0000000764c00000, 0x0000000764c00000| Untracked 
| 807|0x0000000764e00000, 0x0000000765000000, 0x0000000765000000|100%| O|  |TAMS 0x0000000764e00000, 0x0000000764e00000| Untracked 
| 808|0x0000000765000000, 0x0000000765200000, 0x0000000765200000|100%| O|  |TAMS 0x0000000765000000, 0x0000000765000000| Untracked 
| 809|0x0000000765200000, 0x0000000765400000, 0x0000000765400000|100%| O|  |TAMS 0x0000000765200000, 0x0000000765200000| Untracked 
| 810|0x0000000765400000, 0x0000000765600000, 0x0000000765600000|100%| O|  |TAMS 0x0000000765400000, 0x0000000765400000| Untracked 
| 811|0x0000000765600000, 0x0000000765800000, 0x0000000765800000|100%| O|  |TAMS 0x0000000765600000, 0x0000000765600000| Untracked 
| 812|0x0000000765800000, 0x0000000765a00000, 0x0000000765a00000|100%| O|  |TAMS 0x0000000765800000, 0x0000000765800000| Untracked 
| 813|0x0000000765a00000, 0x0000000765b69600, 0x0000000765c00000| 70%| O|  |TAMS 0x0000000765a00000, 0x0000000765a00000| Untracked 
| 814|0x0000000765c00000, 0x0000000765e00000, 0x0000000765e00000|100%|HS|  |TAMS 0x0000000765c00000, 0x0000000765c00000| Complete 
| 815|0x0000000765e00000, 0x0000000765e00000, 0x0000000766000000|  0%| F|  |TAMS 0x0000000765e00000, 0x0000000765e00000| Untracked 
| 816|0x0000000766000000, 0x0000000766000000, 0x0000000766200000|  0%| F|  |TAMS 0x0000000766000000, 0x0000000766000000| Untracked 
| 817|0x0000000766200000, 0x0000000766200000, 0x0000000766400000|  0%| F|  |TAMS 0x0000000766200000, 0x0000000766200000| Untracked 
| 818|0x0000000766400000, 0x0000000766400000, 0x0000000766600000|  0%| F|  |TAMS 0x0000000766400000, 0x0000000766400000| Untracked 
| 819|0x0000000766600000, 0x0000000766600000, 0x0000000766800000|  0%| F|  |TAMS 0x0000000766600000, 0x0000000766600000| Untracked 
| 820|0x0000000766800000, 0x0000000766800000, 0x0000000766a00000|  0%| F|  |TAMS 0x0000000766800000, 0x0000000766800000| Untracked 
| 821|0x0000000766a00000, 0x0000000766a00000, 0x0000000766c00000|  0%| F|  |TAMS 0x0000000766a00000, 0x0000000766a00000| Untracked 
| 822|0x0000000766c00000, 0x0000000766c00000, 0x0000000766e00000|  0%| F|  |TAMS 0x0000000766c00000, 0x0000000766c00000| Untracked 
| 823|0x0000000766e00000, 0x0000000766e00000, 0x0000000767000000|  0%| F|  |TAMS 0x0000000766e00000, 0x0000000766e00000| Untracked 
| 824|0x0000000767000000, 0x0000000767000000, 0x0000000767200000|  0%| F|  |TAMS 0x0000000767000000, 0x0000000767000000| Untracked 
| 825|0x0000000767200000, 0x0000000767200000, 0x0000000767400000|  0%| F|  |TAMS 0x0000000767200000, 0x0000000767200000| Untracked 
| 826|0x0000000767400000, 0x0000000767400000, 0x0000000767600000|  0%| F|  |TAMS 0x0000000767400000, 0x0000000767400000| Untracked 
| 827|0x0000000767600000, 0x0000000767600000, 0x0000000767800000|  0%| F|  |TAMS 0x0000000767600000, 0x0000000767600000| Untracked 
| 828|0x0000000767800000, 0x0000000767800000, 0x0000000767a00000|  0%| F|  |TAMS 0x0000000767800000, 0x0000000767800000| Untracked 
| 829|0x0000000767a00000, 0x0000000767a00000, 0x0000000767c00000|  0%| F|  |TAMS 0x0000000767a00000, 0x0000000767a00000| Untracked 
| 830|0x0000000767c00000, 0x0000000767c00000, 0x0000000767e00000|  0%| F|  |TAMS 0x0000000767c00000, 0x0000000767c00000| Untracked 
| 831|0x0000000767e00000, 0x0000000767e00000, 0x0000000768000000|  0%| F|  |TAMS 0x0000000767e00000, 0x0000000767e00000| Untracked 
| 832|0x0000000768000000, 0x0000000768000000, 0x0000000768200000|  0%| F|  |TAMS 0x0000000768000000, 0x0000000768000000| Untracked 
| 833|0x0000000768200000, 0x0000000768200000, 0x0000000768400000|  0%| F|  |TAMS 0x0000000768200000, 0x0000000768200000| Untracked 
| 834|0x0000000768400000, 0x0000000768400000, 0x0000000768600000|  0%| F|  |TAMS 0x0000000768400000, 0x0000000768400000| Untracked 
| 835|0x0000000768600000, 0x0000000768600000, 0x0000000768800000|  0%| F|  |TAMS 0x0000000768600000, 0x0000000768600000| Untracked 
| 836|0x0000000768800000, 0x0000000768800000, 0x0000000768a00000|  0%| F|  |TAMS 0x0000000768800000, 0x0000000768800000| Untracked 
| 837|0x0000000768a00000, 0x0000000768a00000, 0x0000000768c00000|  0%| F|  |TAMS 0x0000000768a00000, 0x0000000768a00000| Untracked 
| 838|0x0000000768c00000, 0x0000000768c00000, 0x0000000768e00000|  0%| F|  |TAMS 0x0000000768c00000, 0x0000000768c00000| Untracked 
| 839|0x0000000768e00000, 0x0000000768e00000, 0x0000000769000000|  0%| F|  |TAMS 0x0000000768e00000, 0x0000000768e00000| Untracked 
| 840|0x0000000769000000, 0x0000000769000000, 0x0000000769200000|  0%| F|  |TAMS 0x0000000769000000, 0x0000000769000000| Untracked 
| 841|0x0000000769200000, 0x0000000769200000, 0x0000000769400000|  0%| F|  |TAMS 0x0000000769200000, 0x0000000769200000| Untracked 
| 842|0x0000000769400000, 0x0000000769400000, 0x0000000769600000|  0%| F|  |TAMS 0x0000000769400000, 0x0000000769400000| Untracked 
| 843|0x0000000769600000, 0x0000000769600000, 0x0000000769800000|  0%| F|  |TAMS 0x0000000769600000, 0x0000000769600000| Untracked 
| 844|0x0000000769800000, 0x0000000769800000, 0x0000000769a00000|  0%| F|  |TAMS 0x0000000769800000, 0x0000000769800000| Untracked 
| 845|0x0000000769a00000, 0x0000000769a00000, 0x0000000769c00000|  0%| F|  |TAMS 0x0000000769a00000, 0x0000000769a00000| Untracked 
| 846|0x0000000769c00000, 0x0000000769c00000, 0x0000000769e00000|  0%| F|  |TAMS 0x0000000769c00000, 0x0000000769c00000| Untracked 
| 847|0x0000000769e00000, 0x0000000769e00000, 0x000000076a000000|  0%| F|  |TAMS 0x0000000769e00000, 0x0000000769e00000| Untracked 
| 848|0x000000076a000000, 0x000000076a000000, 0x000000076a200000|  0%| F|  |TAMS 0x000000076a000000, 0x000000076a000000| Untracked 
| 849|0x000000076a200000, 0x000000076a200000, 0x000000076a400000|  0%| F|  |TAMS 0x000000076a200000, 0x000000076a200000| Untracked 
| 850|0x000000076a400000, 0x000000076a400000, 0x000000076a600000|  0%| F|  |TAMS 0x000000076a400000, 0x000000076a400000| Untracked 
| 851|0x000000076a600000, 0x000000076a600000, 0x000000076a800000|  0%| F|  |TAMS 0x000000076a600000, 0x000000076a600000| Untracked 
| 852|0x000000076a800000, 0x000000076a800000, 0x000000076aa00000|  0%| F|  |TAMS 0x000000076a800000, 0x000000076a800000| Untracked 
| 853|0x000000076aa00000, 0x000000076aa00000, 0x000000076ac00000|  0%| F|  |TAMS 0x000000076aa00000, 0x000000076aa00000| Untracked 
| 854|0x000000076ac00000, 0x000000076ac00000, 0x000000076ae00000|  0%| F|  |TAMS 0x000000076ac00000, 0x000000076ac00000| Untracked 
| 855|0x000000076ae00000, 0x000000076ae00000, 0x000000076b000000|  0%| F|  |TAMS 0x000000076ae00000, 0x000000076ae00000| Untracked 
| 856|0x000000076b000000, 0x000000076b000000, 0x000000076b200000|  0%| F|  |TAMS 0x000000076b000000, 0x000000076b000000| Untracked 
| 857|0x000000076b200000, 0x000000076b200000, 0x000000076b400000|  0%| F|  |TAMS 0x000000076b200000, 0x000000076b200000| Untracked 
| 858|0x000000076b400000, 0x000000076b400000, 0x000000076b600000|  0%| F|  |TAMS 0x000000076b400000, 0x000000076b400000| Untracked 
| 859|0x000000076b600000, 0x000000076b600000, 0x000000076b800000|  0%| F|  |TAMS 0x000000076b600000, 0x000000076b600000| Untracked 
| 860|0x000000076b800000, 0x000000076b800000, 0x000000076ba00000|  0%| F|  |TAMS 0x000000076b800000, 0x000000076b800000| Untracked 
| 861|0x000000076ba00000, 0x000000076ba00000, 0x000000076bc00000|  0%| F|  |TAMS 0x000000076ba00000, 0x000000076ba00000| Untracked 
| 862|0x000000076bc00000, 0x000000076bc00000, 0x000000076be00000|  0%| F|  |TAMS 0x000000076bc00000, 0x000000076bc00000| Untracked 
| 863|0x000000076be00000, 0x000000076be00000, 0x000000076c000000|  0%| F|  |TAMS 0x000000076be00000, 0x000000076be00000| Untracked 
| 864|0x000000076c000000, 0x000000076c000000, 0x000000076c200000|  0%| F|  |TAMS 0x000000076c000000, 0x000000076c000000| Untracked 
| 865|0x000000076c200000, 0x000000076c200000, 0x000000076c400000|  0%| F|  |TAMS 0x000000076c200000, 0x000000076c200000| Untracked 
| 866|0x000000076c400000, 0x000000076c400000, 0x000000076c600000|  0%| F|  |TAMS 0x000000076c400000, 0x000000076c400000| Untracked 
| 867|0x000000076c600000, 0x000000076c600000, 0x000000076c800000|  0%| F|  |TAMS 0x000000076c600000, 0x000000076c600000| Untracked 
| 868|0x000000076c800000, 0x000000076c800000, 0x000000076ca00000|  0%| F|  |TAMS 0x000000076c800000, 0x000000076c800000| Untracked 
| 869|0x000000076ca00000, 0x000000076ca00000, 0x000000076cc00000|  0%| F|  |TAMS 0x000000076ca00000, 0x000000076ca00000| Untracked 
| 870|0x000000076cc00000, 0x000000076cc00000, 0x000000076ce00000|  0%| F|  |TAMS 0x000000076cc00000, 0x000000076cc00000| Untracked 
| 871|0x000000076ce00000, 0x000000076ce00000, 0x000000076d000000|  0%| F|  |TAMS 0x000000076ce00000, 0x000000076ce00000| Untracked 
| 872|0x000000076d000000, 0x000000076d000000, 0x000000076d200000|  0%| F|  |TAMS 0x000000076d000000, 0x000000076d000000| Untracked 
| 873|0x000000076d200000, 0x000000076d200000, 0x000000076d400000|  0%| F|  |TAMS 0x000000076d200000, 0x000000076d200000| Untracked 
| 874|0x000000076d400000, 0x000000076d400000, 0x000000076d600000|  0%| F|  |TAMS 0x000000076d400000, 0x000000076d400000| Untracked 
| 875|0x000000076d600000, 0x000000076d600000, 0x000000076d800000|  0%| F|  |TAMS 0x000000076d600000, 0x000000076d600000| Untracked 
| 876|0x000000076d800000, 0x000000076d800000, 0x000000076da00000|  0%| F|  |TAMS 0x000000076d800000, 0x000000076d800000| Untracked 
| 877|0x000000076da00000, 0x000000076da00000, 0x000000076dc00000|  0%| F|  |TAMS 0x000000076da00000, 0x000000076da00000| Untracked 
| 878|0x000000076dc00000, 0x000000076dc00000, 0x000000076de00000|  0%| F|  |TAMS 0x000000076dc00000, 0x000000076dc00000| Untracked 
| 879|0x000000076de00000, 0x000000076de00000, 0x000000076e000000|  0%| F|  |TAMS 0x000000076de00000, 0x000000076de00000| Untracked 
| 880|0x000000076e000000, 0x000000076e000000, 0x000000076e200000|  0%| F|  |TAMS 0x000000076e000000, 0x000000076e000000| Untracked 
| 881|0x000000076e200000, 0x000000076e200000, 0x000000076e400000|  0%| F|  |TAMS 0x000000076e200000, 0x000000076e200000| Untracked 
| 882|0x000000076e400000, 0x000000076e400000, 0x000000076e600000|  0%| F|  |TAMS 0x000000076e400000, 0x000000076e400000| Untracked 
| 883|0x000000076e600000, 0x000000076e600000, 0x000000076e800000|  0%| F|  |TAMS 0x000000076e600000, 0x000000076e600000| Untracked 
| 884|0x000000076e800000, 0x000000076e800000, 0x000000076ea00000|  0%| F|  |TAMS 0x000000076e800000, 0x000000076e800000| Untracked 
| 885|0x000000076ea00000, 0x000000076ea00000, 0x000000076ec00000|  0%| F|  |TAMS 0x000000076ea00000, 0x000000076ea00000| Untracked 
| 886|0x000000076ec00000, 0x000000076ec00000, 0x000000076ee00000|  0%| F|  |TAMS 0x000000076ec00000, 0x000000076ec00000| Untracked 
| 887|0x000000076ee00000, 0x000000076ee00000, 0x000000076f000000|  0%| F|  |TAMS 0x000000076ee00000, 0x000000076ee00000| Untracked 
| 888|0x000000076f000000, 0x000000076f000000, 0x000000076f200000|  0%| F|  |TAMS 0x000000076f000000, 0x000000076f000000| Untracked 
| 889|0x000000076f200000, 0x000000076f200000, 0x000000076f400000|  0%| F|  |TAMS 0x000000076f200000, 0x000000076f200000| Untracked 
| 890|0x000000076f400000, 0x000000076f400000, 0x000000076f600000|  0%| F|  |TAMS 0x000000076f400000, 0x000000076f400000| Untracked 
| 891|0x000000076f600000, 0x000000076f600000, 0x000000076f800000|  0%| F|  |TAMS 0x000000076f600000, 0x000000076f600000| Untracked 
| 892|0x000000076f800000, 0x000000076f800000, 0x000000076fa00000|  0%| F|  |TAMS 0x000000076f800000, 0x000000076f800000| Untracked 
| 893|0x000000076fa00000, 0x000000076fa00000, 0x000000076fc00000|  0%| F|  |TAMS 0x000000076fa00000, 0x000000076fa00000| Untracked 
| 894|0x000000076fc00000, 0x000000076fc00000, 0x000000076fe00000|  0%| F|  |TAMS 0x000000076fc00000, 0x000000076fc00000| Untracked 
| 895|0x000000076fe00000, 0x000000076fe00000, 0x0000000770000000|  0%| F|  |TAMS 0x000000076fe00000, 0x000000076fe00000| Untracked 
| 896|0x0000000770000000, 0x0000000770000000, 0x0000000770200000|  0%| F|  |TAMS 0x0000000770000000, 0x0000000770000000| Untracked 
| 897|0x0000000770200000, 0x0000000770200000, 0x0000000770400000|  0%| F|  |TAMS 0x0000000770200000, 0x0000000770200000| Untracked 
| 898|0x0000000770400000, 0x0000000770400000, 0x0000000770600000|  0%| F|  |TAMS 0x0000000770400000, 0x0000000770400000| Untracked 
| 899|0x0000000770600000, 0x0000000770600000, 0x0000000770800000|  0%| F|  |TAMS 0x0000000770600000, 0x0000000770600000| Untracked 
| 900|0x0000000770800000, 0x0000000770800000, 0x0000000770a00000|  0%| F|  |TAMS 0x0000000770800000, 0x0000000770800000| Untracked 
| 901|0x0000000770a00000, 0x0000000770a00000, 0x0000000770c00000|  0%| F|  |TAMS 0x0000000770a00000, 0x0000000770a00000| Untracked 
| 902|0x0000000770c00000, 0x0000000770c00000, 0x0000000770e00000|  0%| F|  |TAMS 0x0000000770c00000, 0x0000000770c00000| Untracked 
| 903|0x0000000770e00000, 0x0000000770e00000, 0x0000000771000000|  0%| F|  |TAMS 0x0000000770e00000, 0x0000000770e00000| Untracked 
| 904|0x0000000771000000, 0x0000000771000000, 0x0000000771200000|  0%| F|  |TAMS 0x0000000771000000, 0x0000000771000000| Untracked 
| 905|0x0000000771200000, 0x0000000771200000, 0x0000000771400000|  0%| F|  |TAMS 0x0000000771200000, 0x0000000771200000| Untracked 
| 906|0x0000000771400000, 0x0000000771400000, 0x0000000771600000|  0%| F|  |TAMS 0x0000000771400000, 0x0000000771400000| Untracked 
| 907|0x0000000771600000, 0x0000000771600000, 0x0000000771800000|  0%| F|  |TAMS 0x0000000771600000, 0x0000000771600000| Untracked 
| 908|0x0000000771800000, 0x0000000771800000, 0x0000000771a00000|  0%| F|  |TAMS 0x0000000771800000, 0x0000000771800000| Untracked 
| 909|0x0000000771a00000, 0x0000000771a00000, 0x0000000771c00000|  0%| F|  |TAMS 0x0000000771a00000, 0x0000000771a00000| Untracked 
| 910|0x0000000771c00000, 0x0000000771c00000, 0x0000000771e00000|  0%| F|  |TAMS 0x0000000771c00000, 0x0000000771c00000| Untracked 
| 911|0x0000000771e00000, 0x0000000771e00000, 0x0000000772000000|  0%| F|  |TAMS 0x0000000771e00000, 0x0000000771e00000| Untracked 
| 912|0x0000000772000000, 0x0000000772000000, 0x0000000772200000|  0%| F|  |TAMS 0x0000000772000000, 0x0000000772000000| Untracked 
| 913|0x0000000772200000, 0x0000000772200000, 0x0000000772400000|  0%| F|  |TAMS 0x0000000772200000, 0x0000000772200000| Untracked 
| 914|0x0000000772400000, 0x0000000772400000, 0x0000000772600000|  0%| F|  |TAMS 0x0000000772400000, 0x0000000772400000| Untracked 
| 915|0x0000000772600000, 0x0000000772600000, 0x0000000772800000|  0%| F|  |TAMS 0x0000000772600000, 0x0000000772600000| Untracked 
| 916|0x0000000772800000, 0x0000000772800000, 0x0000000772a00000|  0%| F|  |TAMS 0x0000000772800000, 0x0000000772800000| Untracked 
| 917|0x0000000772a00000, 0x0000000772a00000, 0x0000000772c00000|  0%| F|  |TAMS 0x0000000772a00000, 0x0000000772a00000| Untracked 
| 918|0x0000000772c00000, 0x0000000772c00000, 0x0000000772e00000|  0%| F|  |TAMS 0x0000000772c00000, 0x0000000772c00000| Untracked 
| 919|0x0000000772e00000, 0x0000000772e00000, 0x0000000773000000|  0%| F|  |TAMS 0x0000000772e00000, 0x0000000772e00000| Untracked 
| 920|0x0000000773000000, 0x0000000773000000, 0x0000000773200000|  0%| F|  |TAMS 0x0000000773000000, 0x0000000773000000| Untracked 
| 921|0x0000000773200000, 0x0000000773200000, 0x0000000773400000|  0%| F|  |TAMS 0x0000000773200000, 0x0000000773200000| Untracked 
| 922|0x0000000773400000, 0x0000000773400000, 0x0000000773600000|  0%| F|  |TAMS 0x0000000773400000, 0x0000000773400000| Untracked 
| 923|0x0000000773600000, 0x0000000773600000, 0x0000000773800000|  0%| F|  |TAMS 0x0000000773600000, 0x0000000773600000| Untracked 
| 924|0x0000000773800000, 0x0000000773800000, 0x0000000773a00000|  0%| F|  |TAMS 0x0000000773800000, 0x0000000773800000| Untracked 
| 925|0x0000000773a00000, 0x0000000773a00000, 0x0000000773c00000|  0%| F|  |TAMS 0x0000000773a00000, 0x0000000773a00000| Untracked 
| 926|0x0000000773c00000, 0x0000000773c00000, 0x0000000773e00000|  0%| F|  |TAMS 0x0000000773c00000, 0x0000000773c00000| Untracked 
| 927|0x0000000773e00000, 0x0000000773e00000, 0x0000000774000000|  0%| F|  |TAMS 0x0000000773e00000, 0x0000000773e00000| Untracked 
| 928|0x0000000774000000, 0x0000000774000000, 0x0000000774200000|  0%| F|  |TAMS 0x0000000774000000, 0x0000000774000000| Untracked 
| 929|0x0000000774200000, 0x0000000774200000, 0x0000000774400000|  0%| F|  |TAMS 0x0000000774200000, 0x0000000774200000| Untracked 
| 930|0x0000000774400000, 0x0000000774400000, 0x0000000774600000|  0%| F|  |TAMS 0x0000000774400000, 0x0000000774400000| Untracked 
| 931|0x0000000774600000, 0x0000000774600000, 0x0000000774800000|  0%| F|  |TAMS 0x0000000774600000, 0x0000000774600000| Untracked 
| 932|0x0000000774800000, 0x0000000774800000, 0x0000000774a00000|  0%| F|  |TAMS 0x0000000774800000, 0x0000000774800000| Untracked 
| 933|0x0000000774a00000, 0x0000000774a00000, 0x0000000774c00000|  0%| F|  |TAMS 0x0000000774a00000, 0x0000000774a00000| Untracked 
| 934|0x0000000774c00000, 0x0000000774c00000, 0x0000000774e00000|  0%| F|  |TAMS 0x0000000774c00000, 0x0000000774c00000| Untracked 
| 935|0x0000000774e00000, 0x0000000774e00000, 0x0000000775000000|  0%| F|  |TAMS 0x0000000774e00000, 0x0000000774e00000| Untracked 
| 936|0x0000000775000000, 0x0000000775000000, 0x0000000775200000|  0%| F|  |TAMS 0x0000000775000000, 0x0000000775000000| Untracked 
| 937|0x0000000775200000, 0x0000000775200000, 0x0000000775400000|  0%| F|  |TAMS 0x0000000775200000, 0x0000000775200000| Untracked 
| 938|0x0000000775400000, 0x0000000775400000, 0x0000000775600000|  0%| F|  |TAMS 0x0000000775400000, 0x0000000775400000| Untracked 
| 939|0x0000000775600000, 0x0000000775600000, 0x0000000775800000|  0%| F|  |TAMS 0x0000000775600000, 0x0000000775600000| Untracked 
| 940|0x0000000775800000, 0x0000000775800000, 0x0000000775a00000|  0%| F|  |TAMS 0x0000000775800000, 0x0000000775800000| Untracked 
| 941|0x0000000775a00000, 0x0000000775a00000, 0x0000000775c00000|  0%| F|  |TAMS 0x0000000775a00000, 0x0000000775a00000| Untracked 
| 942|0x0000000775c00000, 0x0000000775c00000, 0x0000000775e00000|  0%| F|  |TAMS 0x0000000775c00000, 0x0000000775c00000| Untracked 
| 943|0x0000000775e00000, 0x0000000775e00000, 0x0000000776000000|  0%| F|  |TAMS 0x0000000775e00000, 0x0000000775e00000| Untracked 
| 944|0x0000000776000000, 0x0000000776000000, 0x0000000776200000|  0%| F|  |TAMS 0x0000000776000000, 0x0000000776000000| Untracked 
| 945|0x0000000776200000, 0x0000000776200000, 0x0000000776400000|  0%| F|  |TAMS 0x0000000776200000, 0x0000000776200000| Untracked 
| 946|0x0000000776400000, 0x0000000776400000, 0x0000000776600000|  0%| F|  |TAMS 0x0000000776400000, 0x0000000776400000| Untracked 
| 947|0x0000000776600000, 0x0000000776600000, 0x0000000776800000|  0%| F|  |TAMS 0x0000000776600000, 0x0000000776600000| Untracked 
| 948|0x0000000776800000, 0x0000000776800000, 0x0000000776a00000|  0%| F|  |TAMS 0x0000000776800000, 0x0000000776800000| Untracked 
| 949|0x0000000776a00000, 0x0000000776a00000, 0x0000000776c00000|  0%| F|  |TAMS 0x0000000776a00000, 0x0000000776a00000| Untracked 
| 950|0x0000000776c00000, 0x0000000776c00000, 0x0000000776e00000|  0%| F|  |TAMS 0x0000000776c00000, 0x0000000776c00000| Untracked 
| 951|0x0000000776e00000, 0x0000000776e00000, 0x0000000777000000|  0%| F|  |TAMS 0x0000000776e00000, 0x0000000776e00000| Untracked 
| 952|0x0000000777000000, 0x0000000777000000, 0x0000000777200000|  0%| F|  |TAMS 0x0000000777000000, 0x0000000777000000| Untracked 
| 953|0x0000000777200000, 0x0000000777200000, 0x0000000777400000|  0%| F|  |TAMS 0x0000000777200000, 0x0000000777200000| Untracked 
| 954|0x0000000777400000, 0x0000000777400000, 0x0000000777600000|  0%| F|  |TAMS 0x0000000777400000, 0x0000000777400000| Untracked 
| 955|0x0000000777600000, 0x0000000777600000, 0x0000000777800000|  0%| F|  |TAMS 0x0000000777600000, 0x0000000777600000| Untracked 
| 956|0x0000000777800000, 0x0000000777800000, 0x0000000777a00000|  0%| F|  |TAMS 0x0000000777800000, 0x0000000777800000| Untracked 
| 957|0x0000000777a00000, 0x0000000777a00000, 0x0000000777c00000|  0%| F|  |TAMS 0x0000000777a00000, 0x0000000777a00000| Untracked 
| 958|0x0000000777c00000, 0x0000000777c00000, 0x0000000777e00000|  0%| F|  |TAMS 0x0000000777c00000, 0x0000000777c00000| Untracked 
| 959|0x0000000777e00000, 0x0000000777e00000, 0x0000000778000000|  0%| F|  |TAMS 0x0000000777e00000, 0x0000000777e00000| Untracked 
| 960|0x0000000778000000, 0x0000000778000000, 0x0000000778200000|  0%| F|  |TAMS 0x0000000778000000, 0x0000000778000000| Untracked 
| 961|0x0000000778200000, 0x0000000778200000, 0x0000000778400000|  0%| F|  |TAMS 0x0000000778200000, 0x0000000778200000| Untracked 
| 962|0x0000000778400000, 0x0000000778400000, 0x0000000778600000|  0%| F|  |TAMS 0x0000000778400000, 0x0000000778400000| Untracked 
| 963|0x0000000778600000, 0x0000000778600000, 0x0000000778800000|  0%| F|  |TAMS 0x0000000778600000, 0x0000000778600000| Untracked 
| 964|0x0000000778800000, 0x0000000778800000, 0x0000000778a00000|  0%| F|  |TAMS 0x0000000778800000, 0x0000000778800000| Untracked 
| 965|0x0000000778a00000, 0x0000000778a00000, 0x0000000778c00000|  0%| F|  |TAMS 0x0000000778a00000, 0x0000000778a00000| Untracked 
| 966|0x0000000778c00000, 0x0000000778c00000, 0x0000000778e00000|  0%| F|  |TAMS 0x0000000778c00000, 0x0000000778c00000| Untracked 
| 967|0x0000000778e00000, 0x0000000778e00000, 0x0000000779000000|  0%| F|  |TAMS 0x0000000778e00000, 0x0000000778e00000| Untracked 
| 968|0x0000000779000000, 0x0000000779000000, 0x0000000779200000|  0%| F|  |TAMS 0x0000000779000000, 0x0000000779000000| Untracked 
| 969|0x0000000779200000, 0x0000000779200000, 0x0000000779400000|  0%| F|  |TAMS 0x0000000779200000, 0x0000000779200000| Untracked 
| 970|0x0000000779400000, 0x0000000779400000, 0x0000000779600000|  0%| F|  |TAMS 0x0000000779400000, 0x0000000779400000| Untracked 
| 971|0x0000000779600000, 0x0000000779600000, 0x0000000779800000|  0%| F|  |TAMS 0x0000000779600000, 0x0000000779600000| Untracked 
| 972|0x0000000779800000, 0x0000000779800000, 0x0000000779a00000|  0%| F|  |TAMS 0x0000000779800000, 0x0000000779800000| Untracked 
| 973|0x0000000779a00000, 0x0000000779a00000, 0x0000000779c00000|  0%| F|  |TAMS 0x0000000779a00000, 0x0000000779a00000| Untracked 
| 974|0x0000000779c00000, 0x0000000779c00000, 0x0000000779e00000|  0%| F|  |TAMS 0x0000000779c00000, 0x0000000779c00000| Untracked 
| 975|0x0000000779e00000, 0x0000000779e00000, 0x000000077a000000|  0%| F|  |TAMS 0x0000000779e00000, 0x0000000779e00000| Untracked 
| 976|0x000000077a000000, 0x000000077a000000, 0x000000077a200000|  0%| F|  |TAMS 0x000000077a000000, 0x000000077a000000| Untracked 
| 977|0x000000077a200000, 0x000000077a200000, 0x000000077a400000|  0%| F|  |TAMS 0x000000077a200000, 0x000000077a200000| Untracked 
| 978|0x000000077a400000, 0x000000077a400000, 0x000000077a600000|  0%| F|  |TAMS 0x000000077a400000, 0x000000077a400000| Untracked 
| 979|0x000000077a600000, 0x000000077a600000, 0x000000077a800000|  0%| F|  |TAMS 0x000000077a600000, 0x000000077a600000| Untracked 
| 980|0x000000077a800000, 0x000000077a800000, 0x000000077aa00000|  0%| F|  |TAMS 0x000000077a800000, 0x000000077a800000| Untracked 
| 981|0x000000077aa00000, 0x000000077aa00000, 0x000000077ac00000|  0%| F|  |TAMS 0x000000077aa00000, 0x000000077aa00000| Untracked 
| 982|0x000000077ac00000, 0x000000077ac00000, 0x000000077ae00000|  0%| F|  |TAMS 0x000000077ac00000, 0x000000077ac00000| Untracked 
| 983|0x000000077ae00000, 0x000000077ae00000, 0x000000077b000000|  0%| F|  |TAMS 0x000000077ae00000, 0x000000077ae00000| Untracked 
| 984|0x000000077b000000, 0x000000077b000000, 0x000000077b200000|  0%| F|  |TAMS 0x000000077b000000, 0x000000077b000000| Untracked 
| 985|0x000000077b200000, 0x000000077b200000, 0x000000077b400000|  0%| F|  |TAMS 0x000000077b200000, 0x000000077b200000| Untracked 
| 986|0x000000077b400000, 0x000000077b400000, 0x000000077b600000|  0%| F|  |TAMS 0x000000077b400000, 0x000000077b400000| Untracked 
| 987|0x000000077b600000, 0x000000077b600000, 0x000000077b800000|  0%| F|  |TAMS 0x000000077b600000, 0x000000077b600000| Untracked 
| 988|0x000000077b800000, 0x000000077b800000, 0x000000077ba00000|  0%| F|  |TAMS 0x000000077b800000, 0x000000077b800000| Untracked 
| 989|0x000000077ba00000, 0x000000077ba00000, 0x000000077bc00000|  0%| F|  |TAMS 0x000000077ba00000, 0x000000077ba00000| Untracked 
| 990|0x000000077bc00000, 0x000000077bc00000, 0x000000077be00000|  0%| F|  |TAMS 0x000000077bc00000, 0x000000077bc00000| Untracked 
| 991|0x000000077be00000, 0x000000077be00000, 0x000000077c000000|  0%| F|  |TAMS 0x000000077be00000, 0x000000077be00000| Untracked 
| 992|0x000000077c000000, 0x000000077c000000, 0x000000077c200000|  0%| F|  |TAMS 0x000000077c000000, 0x000000077c000000| Untracked 
| 993|0x000000077c200000, 0x000000077c200000, 0x000000077c400000|  0%| F|  |TAMS 0x000000077c200000, 0x000000077c200000| Untracked 
| 994|0x000000077c400000, 0x000000077c400000, 0x000000077c600000|  0%| F|  |TAMS 0x000000077c400000, 0x000000077c400000| Untracked 
| 995|0x000000077c600000, 0x000000077c600000, 0x000000077c800000|  0%| F|  |TAMS 0x000000077c600000, 0x000000077c600000| Untracked 
| 996|0x000000077c800000, 0x000000077c800000, 0x000000077ca00000|  0%| F|  |TAMS 0x000000077c800000, 0x000000077c800000| Untracked 
| 997|0x000000077ca00000, 0x000000077ca00000, 0x000000077cc00000|  0%| F|  |TAMS 0x000000077ca00000, 0x000000077ca00000| Untracked 
| 998|0x000000077cc00000, 0x000000077cc00000, 0x000000077ce00000|  0%| F|  |TAMS 0x000000077cc00000, 0x000000077cc00000| Untracked 
| 999|0x000000077ce00000, 0x000000077ce00000, 0x000000077d000000|  0%| F|  |TAMS 0x000000077ce00000, 0x000000077ce00000| Untracked 
|1000|0x000000077d000000, 0x000000077d000000, 0x000000077d200000|  0%| F|  |TAMS 0x000000077d000000, 0x000000077d000000| Untracked 
|1001|0x000000077d200000, 0x000000077d200000, 0x000000077d400000|  0%| F|  |TAMS 0x000000077d200000, 0x000000077d200000| Untracked 
|1002|0x000000077d400000, 0x000000077d400000, 0x000000077d600000|  0%| F|  |TAMS 0x000000077d400000, 0x000000077d400000| Untracked 
|1003|0x000000077d600000, 0x000000077d600000, 0x000000077d800000|  0%| F|  |TAMS 0x000000077d600000, 0x000000077d600000| Untracked 
|1004|0x000000077d800000, 0x000000077d800000, 0x000000077da00000|  0%| F|  |TAMS 0x000000077d800000, 0x000000077d800000| Untracked 
|1005|0x000000077da00000, 0x000000077da00000, 0x000000077dc00000|  0%| F|  |TAMS 0x000000077da00000, 0x000000077da00000| Untracked 
|1006|0x000000077dc00000, 0x000000077dc00000, 0x000000077de00000|  0%| F|  |TAMS 0x000000077dc00000, 0x000000077dc00000| Untracked 
|1007|0x000000077de00000, 0x000000077de00000, 0x000000077e000000|  0%| F|  |TAMS 0x000000077de00000, 0x000000077de00000| Untracked 
|1008|0x000000077e000000, 0x000000077e000000, 0x000000077e200000|  0%| F|  |TAMS 0x000000077e000000, 0x000000077e000000| Untracked 
|1009|0x000000077e200000, 0x000000077e200000, 0x000000077e400000|  0%| F|  |TAMS 0x000000077e200000, 0x000000077e200000| Untracked 
|1010|0x000000077e400000, 0x000000077e400000, 0x000000077e600000|  0%| F|  |TAMS 0x000000077e400000, 0x000000077e400000| Untracked 
|1011|0x000000077e600000, 0x000000077e600000, 0x000000077e800000|  0%| F|  |TAMS 0x000000077e600000, 0x000000077e600000| Untracked 
|1012|0x000000077e800000, 0x000000077e800000, 0x000000077ea00000|  0%| F|  |TAMS 0x000000077e800000, 0x000000077e800000| Untracked 
|1013|0x000000077ea00000, 0x000000077ea00000, 0x000000077ec00000|  0%| F|  |TAMS 0x000000077ea00000, 0x000000077ea00000| Untracked 
|1014|0x000000077ec00000, 0x000000077ec00000, 0x000000077ee00000|  0%| F|  |TAMS 0x000000077ec00000, 0x000000077ec00000| Untracked 
|1015|0x000000077ee00000, 0x000000077ee00000, 0x000000077f000000|  0%| F|  |TAMS 0x000000077ee00000, 0x000000077ee00000| Untracked 
|1016|0x000000077f000000, 0x000000077f000000, 0x000000077f200000|  0%| F|  |TAMS 0x000000077f000000, 0x000000077f000000| Untracked 
|1017|0x000000077f200000, 0x000000077f200000, 0x000000077f400000|  0%| F|  |TAMS 0x000000077f200000, 0x000000077f200000| Untracked 
|1018|0x000000077f400000, 0x000000077f400000, 0x000000077f600000|  0%| F|  |TAMS 0x000000077f400000, 0x000000077f400000| Untracked 
|1019|0x000000077f600000, 0x000000077f600000, 0x000000077f800000|  0%| F|  |TAMS 0x000000077f600000, 0x000000077f600000| Untracked 
|1020|0x000000077f800000, 0x000000077f800000, 0x000000077fa00000|  0%| F|  |TAMS 0x000000077f800000, 0x000000077f800000| Untracked 
|1021|0x000000077fa00000, 0x000000077fa00000, 0x000000077fc00000|  0%| F|  |TAMS 0x000000077fa00000, 0x000000077fa00000| Untracked 
|1022|0x000000077fc00000, 0x000000077fc00000, 0x000000077fe00000|  0%| F|  |TAMS 0x000000077fc00000, 0x000000077fc00000| Untracked 
|1023|0x000000077fe00000, 0x000000077fe00000, 0x0000000780000000|  0%| F|  |TAMS 0x000000077fe00000, 0x000000077fe00000| Untracked 
|1024|0x0000000780000000, 0x0000000780000000, 0x0000000780200000|  0%| F|  |TAMS 0x0000000780000000, 0x0000000780000000| Untracked 
|1025|0x0000000780200000, 0x0000000780200000, 0x0000000780400000|  0%| F|  |TAMS 0x0000000780200000, 0x0000000780200000| Untracked 
|1026|0x0000000780400000, 0x0000000780400000, 0x0000000780600000|  0%| F|  |TAMS 0x0000000780400000, 0x0000000780400000| Untracked 
|1027|0x0000000780600000, 0x0000000780600000, 0x0000000780800000|  0%| F|  |TAMS 0x0000000780600000, 0x0000000780600000| Untracked 
|1028|0x0000000780800000, 0x0000000780800000, 0x0000000780a00000|  0%| F|  |TAMS 0x0000000780800000, 0x0000000780800000| Untracked 
|1029|0x0000000780a00000, 0x0000000780a00000, 0x0000000780c00000|  0%| F|  |TAMS 0x0000000780a00000, 0x0000000780a00000| Untracked 
|1030|0x0000000780c00000, 0x0000000780c00000, 0x0000000780e00000|  0%| F|  |TAMS 0x0000000780c00000, 0x0000000780c00000| Untracked 
|1031|0x0000000780e00000, 0x0000000780e00000, 0x0000000781000000|  0%| F|  |TAMS 0x0000000780e00000, 0x0000000780e00000| Untracked 
|1032|0x0000000781000000, 0x0000000781000000, 0x0000000781200000|  0%| F|  |TAMS 0x0000000781000000, 0x0000000781000000| Untracked 
|1033|0x0000000781200000, 0x0000000781200000, 0x0000000781400000|  0%| F|  |TAMS 0x0000000781200000, 0x0000000781200000| Untracked 
|1034|0x0000000781400000, 0x0000000781400000, 0x0000000781600000|  0%| F|  |TAMS 0x0000000781400000, 0x0000000781400000| Untracked 
|1035|0x0000000781600000, 0x0000000781600000, 0x0000000781800000|  0%| F|  |TAMS 0x0000000781600000, 0x0000000781600000| Untracked 
|1036|0x0000000781800000, 0x0000000781800000, 0x0000000781a00000|  0%| F|  |TAMS 0x0000000781800000, 0x0000000781800000| Untracked 
|1037|0x0000000781a00000, 0x0000000781a00000, 0x0000000781c00000|  0%| F|  |TAMS 0x0000000781a00000, 0x0000000781a00000| Untracked 
|1038|0x0000000781c00000, 0x0000000781c00000, 0x0000000781e00000|  0%| F|  |TAMS 0x0000000781c00000, 0x0000000781c00000| Untracked 
|1039|0x0000000781e00000, 0x0000000781e00000, 0x0000000782000000|  0%| F|  |TAMS 0x0000000781e00000, 0x0000000781e00000| Untracked 
|1040|0x0000000782000000, 0x0000000782000000, 0x0000000782200000|  0%| F|  |TAMS 0x0000000782000000, 0x0000000782000000| Untracked 
|1041|0x0000000782200000, 0x0000000782200000, 0x0000000782400000|  0%| F|  |TAMS 0x0000000782200000, 0x0000000782200000| Untracked 
|1042|0x0000000782400000, 0x0000000782400000, 0x0000000782600000|  0%| F|  |TAMS 0x0000000782400000, 0x0000000782400000| Untracked 
|1043|0x0000000782600000, 0x0000000782600000, 0x0000000782800000|  0%| F|  |TAMS 0x0000000782600000, 0x0000000782600000| Untracked 
|1044|0x0000000782800000, 0x0000000782800000, 0x0000000782a00000|  0%| F|  |TAMS 0x0000000782800000, 0x0000000782800000| Untracked 
|1045|0x0000000782a00000, 0x0000000782a00000, 0x0000000782c00000|  0%| F|  |TAMS 0x0000000782a00000, 0x0000000782a00000| Untracked 
|1046|0x0000000782c00000, 0x0000000782c00000, 0x0000000782e00000|  0%| F|  |TAMS 0x0000000782c00000, 0x0000000782c00000| Untracked 
|1047|0x0000000782e00000, 0x0000000782e00000, 0x0000000783000000|  0%| F|  |TAMS 0x0000000782e00000, 0x0000000782e00000| Untracked 
|1048|0x0000000783000000, 0x0000000783000000, 0x0000000783200000|  0%| F|  |TAMS 0x0000000783000000, 0x0000000783000000| Untracked 
|1049|0x0000000783200000, 0x0000000783200000, 0x0000000783400000|  0%| F|  |TAMS 0x0000000783200000, 0x0000000783200000| Untracked 
|1050|0x0000000783400000, 0x0000000783400000, 0x0000000783600000|  0%| F|  |TAMS 0x0000000783400000, 0x0000000783400000| Untracked 
|1051|0x0000000783600000, 0x0000000783600000, 0x0000000783800000|  0%| F|  |TAMS 0x0000000783600000, 0x0000000783600000| Untracked 
|1052|0x0000000783800000, 0x0000000783800000, 0x0000000783a00000|  0%| F|  |TAMS 0x0000000783800000, 0x0000000783800000| Untracked 
|1053|0x0000000783a00000, 0x0000000783a00000, 0x0000000783c00000|  0%| F|  |TAMS 0x0000000783a00000, 0x0000000783a00000| Untracked 
|1054|0x0000000783c00000, 0x0000000783c00000, 0x0000000783e00000|  0%| F|  |TAMS 0x0000000783c00000, 0x0000000783c00000| Untracked 
|1055|0x0000000783e00000, 0x0000000783e00000, 0x0000000784000000|  0%| F|  |TAMS 0x0000000783e00000, 0x0000000783e00000| Untracked 
|1056|0x0000000784000000, 0x0000000784000000, 0x0000000784200000|  0%| F|  |TAMS 0x0000000784000000, 0x0000000784000000| Untracked 
|1057|0x0000000784200000, 0x0000000784200000, 0x0000000784400000|  0%| F|  |TAMS 0x0000000784200000, 0x0000000784200000| Untracked 
|1058|0x0000000784400000, 0x0000000784400000, 0x0000000784600000|  0%| F|  |TAMS 0x0000000784400000, 0x0000000784400000| Untracked 
|1059|0x0000000784600000, 0x0000000784600000, 0x0000000784800000|  0%| F|  |TAMS 0x0000000784600000, 0x0000000784600000| Untracked 
|1060|0x0000000784800000, 0x0000000784800000, 0x0000000784a00000|  0%| F|  |TAMS 0x0000000784800000, 0x0000000784800000| Untracked 
|1061|0x0000000784a00000, 0x0000000784a00000, 0x0000000784c00000|  0%| F|  |TAMS 0x0000000784a00000, 0x0000000784a00000| Untracked 
|1062|0x0000000784c00000, 0x0000000784c00000, 0x0000000784e00000|  0%| F|  |TAMS 0x0000000784c00000, 0x0000000784c00000| Untracked 
|1063|0x0000000784e00000, 0x0000000784e00000, 0x0000000785000000|  0%| F|  |TAMS 0x0000000784e00000, 0x0000000784e00000| Untracked 
|1064|0x0000000785000000, 0x0000000785000000, 0x0000000785200000|  0%| F|  |TAMS 0x0000000785000000, 0x0000000785000000| Untracked 
|1065|0x0000000785200000, 0x0000000785200000, 0x0000000785400000|  0%| F|  |TAMS 0x0000000785200000, 0x0000000785200000| Untracked 
|1066|0x0000000785400000, 0x0000000785400000, 0x0000000785600000|  0%| F|  |TAMS 0x0000000785400000, 0x0000000785400000| Untracked 
|1067|0x0000000785600000, 0x0000000785600000, 0x0000000785800000|  0%| F|  |TAMS 0x0000000785600000, 0x0000000785600000| Untracked 
|1068|0x0000000785800000, 0x0000000785800000, 0x0000000785a00000|  0%| F|  |TAMS 0x0000000785800000, 0x0000000785800000| Untracked 
|1069|0x0000000785a00000, 0x0000000785a00000, 0x0000000785c00000|  0%| F|  |TAMS 0x0000000785a00000, 0x0000000785a00000| Untracked 
|1070|0x0000000785c00000, 0x0000000785c00000, 0x0000000785e00000|  0%| F|  |TAMS 0x0000000785c00000, 0x0000000785c00000| Untracked 
|1071|0x0000000785e00000, 0x0000000785e00000, 0x0000000786000000|  0%| F|  |TAMS 0x0000000785e00000, 0x0000000785e00000| Untracked 
|1072|0x0000000786000000, 0x0000000786000000, 0x0000000786200000|  0%| F|  |TAMS 0x0000000786000000, 0x0000000786000000| Untracked 
|1073|0x0000000786200000, 0x0000000786200000, 0x0000000786400000|  0%| F|  |TAMS 0x0000000786200000, 0x0000000786200000| Untracked 
|1074|0x0000000786400000, 0x0000000786400000, 0x0000000786600000|  0%| F|  |TAMS 0x0000000786400000, 0x0000000786400000| Untracked 
|1075|0x0000000786600000, 0x0000000786600000, 0x0000000786800000|  0%| F|  |TAMS 0x0000000786600000, 0x0000000786600000| Untracked 
|1076|0x0000000786800000, 0x0000000786800000, 0x0000000786a00000|  0%| F|  |TAMS 0x0000000786800000, 0x0000000786800000| Untracked 
|1077|0x0000000786a00000, 0x0000000786a00000, 0x0000000786c00000|  0%| F|  |TAMS 0x0000000786a00000, 0x0000000786a00000| Untracked 
|1078|0x0000000786c00000, 0x0000000786c00000, 0x0000000786e00000|  0%| F|  |TAMS 0x0000000786c00000, 0x0000000786c00000| Untracked 
|1079|0x0000000786e00000, 0x0000000786e00000, 0x0000000787000000|  0%| F|  |TAMS 0x0000000786e00000, 0x0000000786e00000| Untracked 
|1080|0x0000000787000000, 0x0000000787000000, 0x0000000787200000|  0%| F|  |TAMS 0x0000000787000000, 0x0000000787000000| Untracked 
|1081|0x0000000787200000, 0x0000000787200000, 0x0000000787400000|  0%| F|  |TAMS 0x0000000787200000, 0x0000000787200000| Untracked 
|1082|0x0000000787400000, 0x0000000787400000, 0x0000000787600000|  0%| F|  |TAMS 0x0000000787400000, 0x0000000787400000| Untracked 
|1083|0x0000000787600000, 0x0000000787600000, 0x0000000787800000|  0%| F|  |TAMS 0x0000000787600000, 0x0000000787600000| Untracked 
|1084|0x0000000787800000, 0x0000000787800000, 0x0000000787a00000|  0%| F|  |TAMS 0x0000000787800000, 0x0000000787800000| Untracked 
|1085|0x0000000787a00000, 0x0000000787a00000, 0x0000000787c00000|  0%| F|  |TAMS 0x0000000787a00000, 0x0000000787a00000| Untracked 
|1086|0x0000000787c00000, 0x0000000787c00000, 0x0000000787e00000|  0%| F|  |TAMS 0x0000000787c00000, 0x0000000787c00000| Untracked 
|1087|0x0000000787e00000, 0x0000000787e00000, 0x0000000788000000|  0%| F|  |TAMS 0x0000000787e00000, 0x0000000787e00000| Untracked 
|1088|0x0000000788000000, 0x0000000788000000, 0x0000000788200000|  0%| F|  |TAMS 0x0000000788000000, 0x0000000788000000| Untracked 
|1089|0x0000000788200000, 0x0000000788200000, 0x0000000788400000|  0%| F|  |TAMS 0x0000000788200000, 0x0000000788200000| Untracked 
|1090|0x0000000788400000, 0x0000000788400000, 0x0000000788600000|  0%| F|  |TAMS 0x0000000788400000, 0x0000000788400000| Untracked 
|1091|0x0000000788600000, 0x0000000788600000, 0x0000000788800000|  0%| F|  |TAMS 0x0000000788600000, 0x0000000788600000| Untracked 
|1092|0x0000000788800000, 0x0000000788800000, 0x0000000788a00000|  0%| F|  |TAMS 0x0000000788800000, 0x0000000788800000| Untracked 
|1093|0x0000000788a00000, 0x0000000788a00000, 0x0000000788c00000|  0%| F|  |TAMS 0x0000000788a00000, 0x0000000788a00000| Untracked 
|1094|0x0000000788c00000, 0x0000000788c00000, 0x0000000788e00000|  0%| F|  |TAMS 0x0000000788c00000, 0x0000000788c00000| Untracked 
|1095|0x0000000788e00000, 0x0000000788e00000, 0x0000000789000000|  0%| F|  |TAMS 0x0000000788e00000, 0x0000000788e00000| Untracked 
|1096|0x0000000789000000, 0x0000000789000000, 0x0000000789200000|  0%| F|  |TAMS 0x0000000789000000, 0x0000000789000000| Untracked 
|1097|0x0000000789200000, 0x0000000789200000, 0x0000000789400000|  0%| F|  |TAMS 0x0000000789200000, 0x0000000789200000| Untracked 
|1098|0x0000000789400000, 0x0000000789400000, 0x0000000789600000|  0%| F|  |TAMS 0x0000000789400000, 0x0000000789400000| Untracked 
|1099|0x0000000789600000, 0x0000000789600000, 0x0000000789800000|  0%| F|  |TAMS 0x0000000789600000, 0x0000000789600000| Untracked 
|1100|0x0000000789800000, 0x0000000789800000, 0x0000000789a00000|  0%| F|  |TAMS 0x0000000789800000, 0x0000000789800000| Untracked 
|1101|0x0000000789a00000, 0x0000000789a00000, 0x0000000789c00000|  0%| F|  |TAMS 0x0000000789a00000, 0x0000000789a00000| Untracked 
|1102|0x0000000789c00000, 0x0000000789c00000, 0x0000000789e00000|  0%| F|  |TAMS 0x0000000789c00000, 0x0000000789c00000| Untracked 
|1103|0x0000000789e00000, 0x0000000789e00000, 0x000000078a000000|  0%| F|  |TAMS 0x0000000789e00000, 0x0000000789e00000| Untracked 
|1104|0x000000078a000000, 0x000000078a000000, 0x000000078a200000|  0%| F|  |TAMS 0x000000078a000000, 0x000000078a000000| Untracked 
|1105|0x000000078a200000, 0x000000078a200000, 0x000000078a400000|  0%| F|  |TAMS 0x000000078a200000, 0x000000078a200000| Untracked 
|1106|0x000000078a400000, 0x000000078a400000, 0x000000078a600000|  0%| F|  |TAMS 0x000000078a400000, 0x000000078a400000| Untracked 
|1107|0x000000078a600000, 0x000000078a600000, 0x000000078a800000|  0%| F|  |TAMS 0x000000078a600000, 0x000000078a600000| Untracked 
|1108|0x000000078a800000, 0x000000078a800000, 0x000000078aa00000|  0%| F|  |TAMS 0x000000078a800000, 0x000000078a800000| Untracked 
|1109|0x000000078aa00000, 0x000000078aa00000, 0x000000078ac00000|  0%| F|  |TAMS 0x000000078aa00000, 0x000000078aa00000| Untracked 
|1110|0x000000078ac00000, 0x000000078ac00000, 0x000000078ae00000|  0%| F|  |TAMS 0x000000078ac00000, 0x000000078ac00000| Untracked 
|1111|0x000000078ae00000, 0x000000078ae00000, 0x000000078b000000|  0%| F|  |TAMS 0x000000078ae00000, 0x000000078ae00000| Untracked 
|1112|0x000000078b000000, 0x000000078b000000, 0x000000078b200000|  0%| F|  |TAMS 0x000000078b000000, 0x000000078b000000| Untracked 
|1113|0x000000078b200000, 0x000000078b200000, 0x000000078b400000|  0%| F|  |TAMS 0x000000078b200000, 0x000000078b200000| Untracked 
|1114|0x000000078b400000, 0x000000078b400000, 0x000000078b600000|  0%| F|  |TAMS 0x000000078b400000, 0x000000078b400000| Untracked 
|1115|0x000000078b600000, 0x000000078b600000, 0x000000078b800000|  0%| F|  |TAMS 0x000000078b600000, 0x000000078b600000| Untracked 
|1116|0x000000078b800000, 0x000000078b800000, 0x000000078ba00000|  0%| F|  |TAMS 0x000000078b800000, 0x000000078b800000| Untracked 
|1117|0x000000078ba00000, 0x000000078ba00000, 0x000000078bc00000|  0%| F|  |TAMS 0x000000078ba00000, 0x000000078ba00000| Untracked 
|1118|0x000000078bc00000, 0x000000078bc00000, 0x000000078be00000|  0%| F|  |TAMS 0x000000078bc00000, 0x000000078bc00000| Untracked 
|1119|0x000000078be00000, 0x000000078be00000, 0x000000078c000000|  0%| F|  |TAMS 0x000000078be00000, 0x000000078be00000| Untracked 
|1120|0x000000078c000000, 0x000000078c000000, 0x000000078c200000|  0%| F|  |TAMS 0x000000078c000000, 0x000000078c000000| Untracked 
|1121|0x000000078c200000, 0x000000078c200000, 0x000000078c400000|  0%| F|  |TAMS 0x000000078c200000, 0x000000078c200000| Untracked 
|1122|0x000000078c400000, 0x000000078c400000, 0x000000078c600000|  0%| F|  |TAMS 0x000000078c400000, 0x000000078c400000| Untracked 
|1123|0x000000078c600000, 0x000000078c600000, 0x000000078c800000|  0%| F|  |TAMS 0x000000078c600000, 0x000000078c600000| Untracked 
|1124|0x000000078c800000, 0x000000078c800000, 0x000000078ca00000|  0%| F|  |TAMS 0x000000078c800000, 0x000000078c800000| Untracked 
|1125|0x000000078ca00000, 0x000000078ca00000, 0x000000078cc00000|  0%| F|  |TAMS 0x000000078ca00000, 0x000000078ca00000| Untracked 
|1126|0x000000078cc00000, 0x000000078cc00000, 0x000000078ce00000|  0%| F|  |TAMS 0x000000078cc00000, 0x000000078cc00000| Untracked 
|1127|0x000000078ce00000, 0x000000078ce00000, 0x000000078d000000|  0%| F|  |TAMS 0x000000078ce00000, 0x000000078ce00000| Untracked 
|1128|0x000000078d000000, 0x000000078d000000, 0x000000078d200000|  0%| F|  |TAMS 0x000000078d000000, 0x000000078d000000| Untracked 
|1129|0x000000078d200000, 0x000000078d200000, 0x000000078d400000|  0%| F|  |TAMS 0x000000078d200000, 0x000000078d200000| Untracked 
|1130|0x000000078d400000, 0x000000078d400000, 0x000000078d600000|  0%| F|  |TAMS 0x000000078d400000, 0x000000078d400000| Untracked 
|1131|0x000000078d600000, 0x000000078d600000, 0x000000078d800000|  0%| F|  |TAMS 0x000000078d600000, 0x000000078d600000| Untracked 
|1132|0x000000078d800000, 0x000000078d800000, 0x000000078da00000|  0%| F|  |TAMS 0x000000078d800000, 0x000000078d800000| Untracked 
|1133|0x000000078da00000, 0x000000078da00000, 0x000000078dc00000|  0%| F|  |TAMS 0x000000078da00000, 0x000000078da00000| Untracked 
|1134|0x000000078dc00000, 0x000000078dc00000, 0x000000078de00000|  0%| F|  |TAMS 0x000000078dc00000, 0x000000078dc00000| Untracked 
|1135|0x000000078de00000, 0x000000078de00000, 0x000000078e000000|  0%| F|  |TAMS 0x000000078de00000, 0x000000078de00000| Untracked 
|1136|0x000000078e000000, 0x000000078e000000, 0x000000078e200000|  0%| F|  |TAMS 0x000000078e000000, 0x000000078e000000| Untracked 
|1137|0x000000078e200000, 0x000000078e200000, 0x000000078e400000|  0%| F|  |TAMS 0x000000078e200000, 0x000000078e200000| Untracked 
|1138|0x000000078e400000, 0x000000078e400000, 0x000000078e600000|  0%| F|  |TAMS 0x000000078e400000, 0x000000078e400000| Untracked 
|1139|0x000000078e600000, 0x000000078e600000, 0x000000078e800000|  0%| F|  |TAMS 0x000000078e600000, 0x000000078e600000| Untracked 
|1140|0x000000078e800000, 0x000000078e800000, 0x000000078ea00000|  0%| F|  |TAMS 0x000000078e800000, 0x000000078e800000| Untracked 
|1141|0x000000078ea00000, 0x000000078ea00000, 0x000000078ec00000|  0%| F|  |TAMS 0x000000078ea00000, 0x000000078ea00000| Untracked 
|1142|0x000000078ec00000, 0x000000078ec00000, 0x000000078ee00000|  0%| F|  |TAMS 0x000000078ec00000, 0x000000078ec00000| Untracked 
|1143|0x000000078ee00000, 0x000000078ee00000, 0x000000078f000000|  0%| F|  |TAMS 0x000000078ee00000, 0x000000078ee00000| Untracked 
|1144|0x000000078f000000, 0x000000078f000000, 0x000000078f200000|  0%| F|  |TAMS 0x000000078f000000, 0x000000078f000000| Untracked 
|1145|0x000000078f200000, 0x000000078f200000, 0x000000078f400000|  0%| F|  |TAMS 0x000000078f200000, 0x000000078f200000| Untracked 
|1146|0x000000078f400000, 0x000000078f400000, 0x000000078f600000|  0%| F|  |TAMS 0x000000078f400000, 0x000000078f400000| Untracked 
|1147|0x000000078f600000, 0x000000078f600000, 0x000000078f800000|  0%| F|  |TAMS 0x000000078f600000, 0x000000078f600000| Untracked 
|1148|0x000000078f800000, 0x000000078f800000, 0x000000078fa00000|  0%| F|  |TAMS 0x000000078f800000, 0x000000078f800000| Untracked 
|1149|0x000000078fa00000, 0x000000078fa00000, 0x000000078fc00000|  0%| F|  |TAMS 0x000000078fa00000, 0x000000078fa00000| Untracked 
|1150|0x000000078fc00000, 0x000000078fc00000, 0x000000078fe00000|  0%| F|  |TAMS 0x000000078fc00000, 0x000000078fc00000| Untracked 
|1151|0x000000078fe00000, 0x000000078fe00000, 0x0000000790000000|  0%| F|  |TAMS 0x000000078fe00000, 0x000000078fe00000| Untracked 
|1152|0x0000000790000000, 0x0000000790000000, 0x0000000790200000|  0%| F|  |TAMS 0x0000000790000000, 0x0000000790000000| Untracked 
|1153|0x0000000790200000, 0x0000000790200000, 0x0000000790400000|  0%| F|  |TAMS 0x0000000790200000, 0x0000000790200000| Untracked 
|1154|0x0000000790400000, 0x0000000790400000, 0x0000000790600000|  0%| F|  |TAMS 0x0000000790400000, 0x0000000790400000| Untracked 
|1155|0x0000000790600000, 0x0000000790600000, 0x0000000790800000|  0%| F|  |TAMS 0x0000000790600000, 0x0000000790600000| Untracked 
|1156|0x0000000790800000, 0x0000000790800000, 0x0000000790a00000|  0%| F|  |TAMS 0x0000000790800000, 0x0000000790800000| Untracked 
|1157|0x0000000790a00000, 0x0000000790a00000, 0x0000000790c00000|  0%| F|  |TAMS 0x0000000790a00000, 0x0000000790a00000| Untracked 
|1158|0x0000000790c00000, 0x0000000790c00000, 0x0000000790e00000|  0%| F|  |TAMS 0x0000000790c00000, 0x0000000790c00000| Untracked 
|1159|0x0000000790e00000, 0x0000000790e00000, 0x0000000791000000|  0%| F|  |TAMS 0x0000000790e00000, 0x0000000790e00000| Untracked 
|1160|0x0000000791000000, 0x0000000791000000, 0x0000000791200000|  0%| F|  |TAMS 0x0000000791000000, 0x0000000791000000| Untracked 
|1161|0x0000000791200000, 0x0000000791200000, 0x0000000791400000|  0%| F|  |TAMS 0x0000000791200000, 0x0000000791200000| Untracked 
|1162|0x0000000791400000, 0x0000000791400000, 0x0000000791600000|  0%| F|  |TAMS 0x0000000791400000, 0x0000000791400000| Untracked 
|1163|0x0000000791600000, 0x0000000791600000, 0x0000000791800000|  0%| F|  |TAMS 0x0000000791600000, 0x0000000791600000| Untracked 
|1164|0x0000000791800000, 0x0000000791800000, 0x0000000791a00000|  0%| F|  |TAMS 0x0000000791800000, 0x0000000791800000| Untracked 
|1165|0x0000000791a00000, 0x0000000791a00000, 0x0000000791c00000|  0%| F|  |TAMS 0x0000000791a00000, 0x0000000791a00000| Untracked 
|1166|0x0000000791c00000, 0x0000000791c00000, 0x0000000791e00000|  0%| F|  |TAMS 0x0000000791c00000, 0x0000000791c00000| Untracked 
|1167|0x0000000791e00000, 0x0000000791e00000, 0x0000000792000000|  0%| F|  |TAMS 0x0000000791e00000, 0x0000000791e00000| Untracked 
|1168|0x0000000792000000, 0x0000000792000000, 0x0000000792200000|  0%| F|  |TAMS 0x0000000792000000, 0x0000000792000000| Untracked 
|1169|0x0000000792200000, 0x0000000792200000, 0x0000000792400000|  0%| F|  |TAMS 0x0000000792200000, 0x0000000792200000| Untracked 
|1170|0x0000000792400000, 0x0000000792400000, 0x0000000792600000|  0%| F|  |TAMS 0x0000000792400000, 0x0000000792400000| Untracked 
|1171|0x0000000792600000, 0x0000000792600000, 0x0000000792800000|  0%| F|  |TAMS 0x0000000792600000, 0x0000000792600000| Untracked 
|1172|0x0000000792800000, 0x0000000792800000, 0x0000000792a00000|  0%| F|  |TAMS 0x0000000792800000, 0x0000000792800000| Untracked 
|1173|0x0000000792a00000, 0x0000000792a00000, 0x0000000792c00000|  0%| F|  |TAMS 0x0000000792a00000, 0x0000000792a00000| Untracked 
|1174|0x0000000792c00000, 0x0000000792c00000, 0x0000000792e00000|  0%| F|  |TAMS 0x0000000792c00000, 0x0000000792c00000| Untracked 
|1175|0x0000000792e00000, 0x0000000792e00000, 0x0000000793000000|  0%| F|  |TAMS 0x0000000792e00000, 0x0000000792e00000| Untracked 
|1176|0x0000000793000000, 0x0000000793000000, 0x0000000793200000|  0%| F|  |TAMS 0x0000000793000000, 0x0000000793000000| Untracked 
|1177|0x0000000793200000, 0x0000000793200000, 0x0000000793400000|  0%| F|  |TAMS 0x0000000793200000, 0x0000000793200000| Untracked 
|1178|0x0000000793400000, 0x0000000793400000, 0x0000000793600000|  0%| F|  |TAMS 0x0000000793400000, 0x0000000793400000| Untracked 
|1179|0x0000000793600000, 0x0000000793600000, 0x0000000793800000|  0%| F|  |TAMS 0x0000000793600000, 0x0000000793600000| Untracked 
|1180|0x0000000793800000, 0x0000000793800000, 0x0000000793a00000|  0%| F|  |TAMS 0x0000000793800000, 0x0000000793800000| Untracked 
|1181|0x0000000793a00000, 0x0000000793a00000, 0x0000000793c00000|  0%| F|  |TAMS 0x0000000793a00000, 0x0000000793a00000| Untracked 
|1182|0x0000000793c00000, 0x0000000793c00000, 0x0000000793e00000|  0%| F|  |TAMS 0x0000000793c00000, 0x0000000793c00000| Untracked 
|1183|0x0000000793e00000, 0x0000000793e00000, 0x0000000794000000|  0%| F|  |TAMS 0x0000000793e00000, 0x0000000793e00000| Untracked 
|1184|0x0000000794000000, 0x0000000794000000, 0x0000000794200000|  0%| F|  |TAMS 0x0000000794000000, 0x0000000794000000| Untracked 
|1185|0x0000000794200000, 0x0000000794200000, 0x0000000794400000|  0%| F|  |TAMS 0x0000000794200000, 0x0000000794200000| Untracked 
|1186|0x0000000794400000, 0x0000000794400000, 0x0000000794600000|  0%| F|  |TAMS 0x0000000794400000, 0x0000000794400000| Untracked 
|1187|0x0000000794600000, 0x0000000794600000, 0x0000000794800000|  0%| F|  |TAMS 0x0000000794600000, 0x0000000794600000| Untracked 
|1188|0x0000000794800000, 0x0000000794800000, 0x0000000794a00000|  0%| F|  |TAMS 0x0000000794800000, 0x0000000794800000| Untracked 
|1189|0x0000000794a00000, 0x0000000794a00000, 0x0000000794c00000|  0%| F|  |TAMS 0x0000000794a00000, 0x0000000794a00000| Untracked 
|1190|0x0000000794c00000, 0x0000000794c00000, 0x0000000794e00000|  0%| F|  |TAMS 0x0000000794c00000, 0x0000000794c00000| Untracked 
|1191|0x0000000794e00000, 0x0000000794e00000, 0x0000000795000000|  0%| F|  |TAMS 0x0000000794e00000, 0x0000000794e00000| Untracked 
|1192|0x0000000795000000, 0x0000000795000000, 0x0000000795200000|  0%| F|  |TAMS 0x0000000795000000, 0x0000000795000000| Untracked 
|1193|0x0000000795200000, 0x0000000795200000, 0x0000000795400000|  0%| F|  |TAMS 0x0000000795200000, 0x0000000795200000| Untracked 
|1194|0x0000000795400000, 0x0000000795400000, 0x0000000795600000|  0%| F|  |TAMS 0x0000000795400000, 0x0000000795400000| Untracked 
|1195|0x0000000795600000, 0x0000000795600000, 0x0000000795800000|  0%| F|  |TAMS 0x0000000795600000, 0x0000000795600000| Untracked 
|1196|0x0000000795800000, 0x0000000795800000, 0x0000000795a00000|  0%| F|  |TAMS 0x0000000795800000, 0x0000000795800000| Untracked 
|1197|0x0000000795a00000, 0x0000000795a00000, 0x0000000795c00000|  0%| F|  |TAMS 0x0000000795a00000, 0x0000000795a00000| Untracked 
|1198|0x0000000795c00000, 0x0000000795c00000, 0x0000000795e00000|  0%| F|  |TAMS 0x0000000795c00000, 0x0000000795c00000| Untracked 
|1199|0x0000000795e00000, 0x0000000795e00000, 0x0000000796000000|  0%| F|  |TAMS 0x0000000795e00000, 0x0000000795e00000| Untracked 
|1200|0x0000000796000000, 0x0000000796000000, 0x0000000796200000|  0%| F|  |TAMS 0x0000000796000000, 0x0000000796000000| Untracked 
|1201|0x0000000796200000, 0x0000000796200000, 0x0000000796400000|  0%| F|  |TAMS 0x0000000796200000, 0x0000000796200000| Untracked 
|1202|0x0000000796400000, 0x0000000796400000, 0x0000000796600000|  0%| F|  |TAMS 0x0000000796400000, 0x0000000796400000| Untracked 
|1203|0x0000000796600000, 0x0000000796600000, 0x0000000796800000|  0%| F|  |TAMS 0x0000000796600000, 0x0000000796600000| Untracked 
|1204|0x0000000796800000, 0x0000000796800000, 0x0000000796a00000|  0%| F|  |TAMS 0x0000000796800000, 0x0000000796800000| Untracked 
|1205|0x0000000796a00000, 0x0000000796a00000, 0x0000000796c00000|  0%| F|  |TAMS 0x0000000796a00000, 0x0000000796a00000| Untracked 
|1206|0x0000000796c00000, 0x0000000796c00000, 0x0000000796e00000|  0%| F|  |TAMS 0x0000000796c00000, 0x0000000796c00000| Untracked 
|1207|0x0000000796e00000, 0x0000000796e00000, 0x0000000797000000|  0%| F|  |TAMS 0x0000000796e00000, 0x0000000796e00000| Untracked 
|1208|0x0000000797000000, 0x0000000797000000, 0x0000000797200000|  0%| F|  |TAMS 0x0000000797000000, 0x0000000797000000| Untracked 
|1209|0x0000000797200000, 0x0000000797200000, 0x0000000797400000|  0%| F|  |TAMS 0x0000000797200000, 0x0000000797200000| Untracked 
|1210|0x0000000797400000, 0x0000000797400000, 0x0000000797600000|  0%| F|  |TAMS 0x0000000797400000, 0x0000000797400000| Untracked 
|1211|0x0000000797600000, 0x0000000797600000, 0x0000000797800000|  0%| F|  |TAMS 0x0000000797600000, 0x0000000797600000| Untracked 
|1212|0x0000000797800000, 0x0000000797800000, 0x0000000797a00000|  0%| F|  |TAMS 0x0000000797800000, 0x0000000797800000| Untracked 
|1213|0x0000000797a00000, 0x0000000797a00000, 0x0000000797c00000|  0%| F|  |TAMS 0x0000000797a00000, 0x0000000797a00000| Untracked 
|1214|0x0000000797c00000, 0x0000000797c00000, 0x0000000797e00000|  0%| F|  |TAMS 0x0000000797c00000, 0x0000000797c00000| Untracked 
|1215|0x0000000797e00000, 0x0000000797e00000, 0x0000000798000000|  0%| F|  |TAMS 0x0000000797e00000, 0x0000000797e00000| Untracked 
|1216|0x0000000798000000, 0x0000000798000000, 0x0000000798200000|  0%| F|  |TAMS 0x0000000798000000, 0x0000000798000000| Untracked 
|1217|0x0000000798200000, 0x0000000798200000, 0x0000000798400000|  0%| F|  |TAMS 0x0000000798200000, 0x0000000798200000| Untracked 
|1218|0x0000000798400000, 0x0000000798400000, 0x0000000798600000|  0%| F|  |TAMS 0x0000000798400000, 0x0000000798400000| Untracked 
|1219|0x0000000798600000, 0x0000000798600000, 0x0000000798800000|  0%| F|  |TAMS 0x0000000798600000, 0x0000000798600000| Untracked 
|1220|0x0000000798800000, 0x0000000798800000, 0x0000000798a00000|  0%| F|  |TAMS 0x0000000798800000, 0x0000000798800000| Untracked 
|1221|0x0000000798a00000, 0x0000000798a00000, 0x0000000798c00000|  0%| F|  |TAMS 0x0000000798a00000, 0x0000000798a00000| Untracked 
|1222|0x0000000798c00000, 0x0000000798c00000, 0x0000000798e00000|  0%| F|  |TAMS 0x0000000798c00000, 0x0000000798c00000| Untracked 
|1223|0x0000000798e00000, 0x0000000798e00000, 0x0000000799000000|  0%| F|  |TAMS 0x0000000798e00000, 0x0000000798e00000| Untracked 
|1224|0x0000000799000000, 0x0000000799000000, 0x0000000799200000|  0%| F|  |TAMS 0x0000000799000000, 0x0000000799000000| Untracked 
|1225|0x0000000799200000, 0x0000000799200000, 0x0000000799400000|  0%| F|  |TAMS 0x0000000799200000, 0x0000000799200000| Untracked 
|1226|0x0000000799400000, 0x0000000799400000, 0x0000000799600000|  0%| F|  |TAMS 0x0000000799400000, 0x0000000799400000| Untracked 
|1227|0x0000000799600000, 0x0000000799600000, 0x0000000799800000|  0%| F|  |TAMS 0x0000000799600000, 0x0000000799600000| Untracked 
|1228|0x0000000799800000, 0x0000000799800000, 0x0000000799a00000|  0%| F|  |TAMS 0x0000000799800000, 0x0000000799800000| Untracked 
|1229|0x0000000799a00000, 0x0000000799a00000, 0x0000000799c00000|  0%| F|  |TAMS 0x0000000799a00000, 0x0000000799a00000| Untracked 
|1230|0x0000000799c00000, 0x0000000799c00000, 0x0000000799e00000|  0%| F|  |TAMS 0x0000000799c00000, 0x0000000799c00000| Untracked 
|1231|0x0000000799e00000, 0x0000000799e00000, 0x000000079a000000|  0%| F|  |TAMS 0x0000000799e00000, 0x0000000799e00000| Untracked 
|1232|0x000000079a000000, 0x000000079a000000, 0x000000079a200000|  0%| F|  |TAMS 0x000000079a000000, 0x000000079a000000| Untracked 
|1233|0x000000079a200000, 0x000000079a200000, 0x000000079a400000|  0%| F|  |TAMS 0x000000079a200000, 0x000000079a200000| Untracked 
|1234|0x000000079a400000, 0x000000079a400000, 0x000000079a600000|  0%| F|  |TAMS 0x000000079a400000, 0x000000079a400000| Untracked 
|1235|0x000000079a600000, 0x000000079a600000, 0x000000079a800000|  0%| F|  |TAMS 0x000000079a600000, 0x000000079a600000| Untracked 
|1236|0x000000079a800000, 0x000000079a800000, 0x000000079aa00000|  0%| F|  |TAMS 0x000000079a800000, 0x000000079a800000| Untracked 
|1237|0x000000079aa00000, 0x000000079aa00000, 0x000000079ac00000|  0%| F|  |TAMS 0x000000079aa00000, 0x000000079aa00000| Untracked 
|1238|0x000000079ac00000, 0x000000079ac00000, 0x000000079ae00000|  0%| F|  |TAMS 0x000000079ac00000, 0x000000079ac00000| Untracked 
|1239|0x000000079ae00000, 0x000000079ae00000, 0x000000079b000000|  0%| F|  |TAMS 0x000000079ae00000, 0x000000079ae00000| Untracked 
|1240|0x000000079b000000, 0x000000079b000000, 0x000000079b200000|  0%| F|  |TAMS 0x000000079b000000, 0x000000079b000000| Untracked 
|1241|0x000000079b200000, 0x000000079b200000, 0x000000079b400000|  0%| F|  |TAMS 0x000000079b200000, 0x000000079b200000| Untracked 
|1242|0x000000079b400000, 0x000000079b400000, 0x000000079b600000|  0%| F|  |TAMS 0x000000079b400000, 0x000000079b400000| Untracked 
|1243|0x000000079b600000, 0x000000079b600000, 0x000000079b800000|  0%| F|  |TAMS 0x000000079b600000, 0x000000079b600000| Untracked 
|1244|0x000000079b800000, 0x000000079b800000, 0x000000079ba00000|  0%| F|  |TAMS 0x000000079b800000, 0x000000079b800000| Untracked 
|1245|0x000000079ba00000, 0x000000079ba00000, 0x000000079bc00000|  0%| F|  |TAMS 0x000000079ba00000, 0x000000079ba00000| Untracked 
|1246|0x000000079bc00000, 0x000000079bc00000, 0x000000079be00000|  0%| F|  |TAMS 0x000000079bc00000, 0x000000079bc00000| Untracked 
|1247|0x000000079be00000, 0x000000079be00000, 0x000000079c000000|  0%| F|  |TAMS 0x000000079be00000, 0x000000079be00000| Untracked 
|1248|0x000000079c000000, 0x000000079c000000, 0x000000079c200000|  0%| F|  |TAMS 0x000000079c000000, 0x000000079c000000| Untracked 
|1249|0x000000079c200000, 0x000000079c200000, 0x000000079c400000|  0%| F|  |TAMS 0x000000079c200000, 0x000000079c200000| Untracked 
|1250|0x000000079c400000, 0x000000079c400000, 0x000000079c600000|  0%| F|  |TAMS 0x000000079c400000, 0x000000079c400000| Untracked 
|1251|0x000000079c600000, 0x000000079c600000, 0x000000079c800000|  0%| F|  |TAMS 0x000000079c600000, 0x000000079c600000| Untracked 
|1252|0x000000079c800000, 0x000000079c800000, 0x000000079ca00000|  0%| F|  |TAMS 0x000000079c800000, 0x000000079c800000| Untracked 
|1253|0x000000079ca00000, 0x000000079ca00000, 0x000000079cc00000|  0%| F|  |TAMS 0x000000079ca00000, 0x000000079ca00000| Untracked 
|1254|0x000000079cc00000, 0x000000079cc00000, 0x000000079ce00000|  0%| F|  |TAMS 0x000000079cc00000, 0x000000079cc00000| Untracked 
|1255|0x000000079ce00000, 0x000000079ce00000, 0x000000079d000000|  0%| F|  |TAMS 0x000000079ce00000, 0x000000079ce00000| Untracked 
|1256|0x000000079d000000, 0x000000079d000000, 0x000000079d200000|  0%| F|  |TAMS 0x000000079d000000, 0x000000079d000000| Untracked 
|1257|0x000000079d200000, 0x000000079d200000, 0x000000079d400000|  0%| F|  |TAMS 0x000000079d200000, 0x000000079d200000| Untracked 
|1258|0x000000079d400000, 0x000000079d400000, 0x000000079d600000|  0%| F|  |TAMS 0x000000079d400000, 0x000000079d400000| Untracked 
|1259|0x000000079d600000, 0x000000079d600000, 0x000000079d800000|  0%| F|  |TAMS 0x000000079d600000, 0x000000079d600000| Untracked 
|1260|0x000000079d800000, 0x000000079d800000, 0x000000079da00000|  0%| F|  |TAMS 0x000000079d800000, 0x000000079d800000| Untracked 
|1261|0x000000079da00000, 0x000000079da00000, 0x000000079dc00000|  0%| F|  |TAMS 0x000000079da00000, 0x000000079da00000| Untracked 
|1262|0x000000079dc00000, 0x000000079dc00000, 0x000000079de00000|  0%| F|  |TAMS 0x000000079dc00000, 0x000000079dc00000| Untracked 
|1263|0x000000079de00000, 0x000000079de00000, 0x000000079e000000|  0%| F|  |TAMS 0x000000079de00000, 0x000000079de00000| Untracked 
|1264|0x000000079e000000, 0x000000079e000000, 0x000000079e200000|  0%| F|  |TAMS 0x000000079e000000, 0x000000079e000000| Untracked 
|1265|0x000000079e200000, 0x000000079e200000, 0x000000079e400000|  0%| F|  |TAMS 0x000000079e200000, 0x000000079e200000| Untracked 
|1266|0x000000079e400000, 0x000000079e400000, 0x000000079e600000|  0%| F|  |TAMS 0x000000079e400000, 0x000000079e400000| Untracked 
|1267|0x000000079e600000, 0x000000079e600000, 0x000000079e800000|  0%| F|  |TAMS 0x000000079e600000, 0x000000079e600000| Untracked 
|1268|0x000000079e800000, 0x000000079e800000, 0x000000079ea00000|  0%| F|  |TAMS 0x000000079e800000, 0x000000079e800000| Untracked 
|1269|0x000000079ea00000, 0x000000079ea00000, 0x000000079ec00000|  0%| F|  |TAMS 0x000000079ea00000, 0x000000079ea00000| Untracked 
|1270|0x000000079ec00000, 0x000000079ec00000, 0x000000079ee00000|  0%| F|  |TAMS 0x000000079ec00000, 0x000000079ec00000| Untracked 
|1271|0x000000079ee00000, 0x000000079ee00000, 0x000000079f000000|  0%| F|  |TAMS 0x000000079ee00000, 0x000000079ee00000| Untracked 
|1272|0x000000079f000000, 0x000000079f000000, 0x000000079f200000|  0%| F|  |TAMS 0x000000079f000000, 0x000000079f000000| Untracked 
|1273|0x000000079f200000, 0x000000079f200000, 0x000000079f400000|  0%| F|  |TAMS 0x000000079f200000, 0x000000079f200000| Untracked 
|1274|0x000000079f400000, 0x000000079f400000, 0x000000079f600000|  0%| F|  |TAMS 0x000000079f400000, 0x000000079f400000| Untracked 
|1275|0x000000079f600000, 0x000000079f600000, 0x000000079f800000|  0%| F|  |TAMS 0x000000079f600000, 0x000000079f600000| Untracked 
|1276|0x000000079f800000, 0x000000079f800000, 0x000000079fa00000|  0%| F|  |TAMS 0x000000079f800000, 0x000000079f800000| Untracked 
|1277|0x000000079fa00000, 0x000000079fa00000, 0x000000079fc00000|  0%| F|  |TAMS 0x000000079fa00000, 0x000000079fa00000| Untracked 
|1278|0x000000079fc00000, 0x000000079fc00000, 0x000000079fe00000|  0%| F|  |TAMS 0x000000079fc00000, 0x000000079fc00000| Untracked 
|1279|0x000000079fe00000, 0x000000079fe00000, 0x00000007a0000000|  0%| F|  |TAMS 0x000000079fe00000, 0x000000079fe00000| Untracked 
|1280|0x00000007a0000000, 0x00000007a0000000, 0x00000007a0200000|  0%| F|  |TAMS 0x00000007a0000000, 0x00000007a0000000| Untracked 
|1281|0x00000007a0200000, 0x00000007a0200000, 0x00000007a0400000|  0%| F|  |TAMS 0x00000007a0200000, 0x00000007a0200000| Untracked 
|1282|0x00000007a0400000, 0x00000007a0400000, 0x00000007a0600000|  0%| F|  |TAMS 0x00000007a0400000, 0x00000007a0400000| Untracked 
|1283|0x00000007a0600000, 0x00000007a0600000, 0x00000007a0800000|  0%| F|  |TAMS 0x00000007a0600000, 0x00000007a0600000| Untracked 
|1284|0x00000007a0800000, 0x00000007a0800000, 0x00000007a0a00000|  0%| F|  |TAMS 0x00000007a0800000, 0x00000007a0800000| Untracked 
|1285|0x00000007a0a00000, 0x00000007a0a00000, 0x00000007a0c00000|  0%| F|  |TAMS 0x00000007a0a00000, 0x00000007a0a00000| Untracked 
|1286|0x00000007a0c00000, 0x00000007a0c00000, 0x00000007a0e00000|  0%| F|  |TAMS 0x00000007a0c00000, 0x00000007a0c00000| Untracked 
|1287|0x00000007a0e00000, 0x00000007a0e00000, 0x00000007a1000000|  0%| F|  |TAMS 0x00000007a0e00000, 0x00000007a0e00000| Untracked 
|1288|0x00000007a1000000, 0x00000007a1000000, 0x00000007a1200000|  0%| F|  |TAMS 0x00000007a1000000, 0x00000007a1000000| Untracked 
|1289|0x00000007a1200000, 0x00000007a1200000, 0x00000007a1400000|  0%| F|  |TAMS 0x00000007a1200000, 0x00000007a1200000| Untracked 
|1290|0x00000007a1400000, 0x00000007a1400000, 0x00000007a1600000|  0%| F|  |TAMS 0x00000007a1400000, 0x00000007a1400000| Untracked 
|1291|0x00000007a1600000, 0x00000007a1600000, 0x00000007a1800000|  0%| F|  |TAMS 0x00000007a1600000, 0x00000007a1600000| Untracked 
|1292|0x00000007a1800000, 0x00000007a1800000, 0x00000007a1a00000|  0%| F|  |TAMS 0x00000007a1800000, 0x00000007a1800000| Untracked 
|1293|0x00000007a1a00000, 0x00000007a1a00000, 0x00000007a1c00000|  0%| F|  |TAMS 0x00000007a1a00000, 0x00000007a1a00000| Untracked 
|1294|0x00000007a1c00000, 0x00000007a1c00000, 0x00000007a1e00000|  0%| F|  |TAMS 0x00000007a1c00000, 0x00000007a1c00000| Untracked 
|1295|0x00000007a1e00000, 0x00000007a1e00000, 0x00000007a2000000|  0%| F|  |TAMS 0x00000007a1e00000, 0x00000007a1e00000| Untracked 
|1296|0x00000007a2000000, 0x00000007a2000000, 0x00000007a2200000|  0%| F|  |TAMS 0x00000007a2000000, 0x00000007a2000000| Untracked 
|1297|0x00000007a2200000, 0x00000007a2200000, 0x00000007a2400000|  0%| F|  |TAMS 0x00000007a2200000, 0x00000007a2200000| Untracked 
|1298|0x00000007a2400000, 0x00000007a2400000, 0x00000007a2600000|  0%| F|  |TAMS 0x00000007a2400000, 0x00000007a2400000| Untracked 
|1299|0x00000007a2600000, 0x00000007a2600000, 0x00000007a2800000|  0%| F|  |TAMS 0x00000007a2600000, 0x00000007a2600000| Untracked 
|1300|0x00000007a2800000, 0x00000007a2800000, 0x00000007a2a00000|  0%| F|  |TAMS 0x00000007a2800000, 0x00000007a2800000| Untracked 
|1301|0x00000007a2a00000, 0x00000007a2a00000, 0x00000007a2c00000|  0%| F|  |TAMS 0x00000007a2a00000, 0x00000007a2a00000| Untracked 
|1302|0x00000007a2c00000, 0x00000007a2c00000, 0x00000007a2e00000|  0%| F|  |TAMS 0x00000007a2c00000, 0x00000007a2c00000| Untracked 
|1303|0x00000007a2e00000, 0x00000007a2e00000, 0x00000007a3000000|  0%| F|  |TAMS 0x00000007a2e00000, 0x00000007a2e00000| Untracked 
|1304|0x00000007a3000000, 0x00000007a3000000, 0x00000007a3200000|  0%| F|  |TAMS 0x00000007a3000000, 0x00000007a3000000| Untracked 
|1305|0x00000007a3200000, 0x00000007a3200000, 0x00000007a3400000|  0%| F|  |TAMS 0x00000007a3200000, 0x00000007a3200000| Untracked 
|1306|0x00000007a3400000, 0x00000007a3400000, 0x00000007a3600000|  0%| F|  |TAMS 0x00000007a3400000, 0x00000007a3400000| Untracked 
|1307|0x00000007a3600000, 0x00000007a3600000, 0x00000007a3800000|  0%| F|  |TAMS 0x00000007a3600000, 0x00000007a3600000| Untracked 
|1308|0x00000007a3800000, 0x00000007a3800000, 0x00000007a3a00000|  0%| F|  |TAMS 0x00000007a3800000, 0x00000007a3800000| Untracked 
|1309|0x00000007a3a00000, 0x00000007a3a00000, 0x00000007a3c00000|  0%| F|  |TAMS 0x00000007a3a00000, 0x00000007a3a00000| Untracked 
|1310|0x00000007a3c00000, 0x00000007a3c00000, 0x00000007a3e00000|  0%| F|  |TAMS 0x00000007a3c00000, 0x00000007a3c00000| Untracked 
|1311|0x00000007a3e00000, 0x00000007a3e00000, 0x00000007a4000000|  0%| F|  |TAMS 0x00000007a3e00000, 0x00000007a3e00000| Untracked 
|1312|0x00000007a4000000, 0x00000007a4000000, 0x00000007a4200000|  0%| F|  |TAMS 0x00000007a4000000, 0x00000007a4000000| Untracked 
|1313|0x00000007a4200000, 0x00000007a4200000, 0x00000007a4400000|  0%| F|  |TAMS 0x00000007a4200000, 0x00000007a4200000| Untracked 
|1314|0x00000007a4400000, 0x00000007a4400000, 0x00000007a4600000|  0%| F|  |TAMS 0x00000007a4400000, 0x00000007a4400000| Untracked 
|1315|0x00000007a4600000, 0x00000007a4600000, 0x00000007a4800000|  0%| F|  |TAMS 0x00000007a4600000, 0x00000007a4600000| Untracked 
|1316|0x00000007a4800000, 0x00000007a4800000, 0x00000007a4a00000|  0%| F|  |TAMS 0x00000007a4800000, 0x00000007a4800000| Untracked 
|1317|0x00000007a4a00000, 0x00000007a4a00000, 0x00000007a4c00000|  0%| F|  |TAMS 0x00000007a4a00000, 0x00000007a4a00000| Untracked 
|1318|0x00000007a4c00000, 0x00000007a4c00000, 0x00000007a4e00000|  0%| F|  |TAMS 0x00000007a4c00000, 0x00000007a4c00000| Untracked 
|1319|0x00000007a4e00000, 0x00000007a4e00000, 0x00000007a5000000|  0%| F|  |TAMS 0x00000007a4e00000, 0x00000007a4e00000| Untracked 
|1320|0x00000007a5000000, 0x00000007a5000000, 0x00000007a5200000|  0%| F|  |TAMS 0x00000007a5000000, 0x00000007a5000000| Untracked 
|1321|0x00000007a5200000, 0x00000007a5200000, 0x00000007a5400000|  0%| F|  |TAMS 0x00000007a5200000, 0x00000007a5200000| Untracked 
|1322|0x00000007a5400000, 0x00000007a5400000, 0x00000007a5600000|  0%| F|  |TAMS 0x00000007a5400000, 0x00000007a5400000| Untracked 
|1323|0x00000007a5600000, 0x00000007a5600000, 0x00000007a5800000|  0%| F|  |TAMS 0x00000007a5600000, 0x00000007a5600000| Untracked 
|1324|0x00000007a5800000, 0x00000007a5800000, 0x00000007a5a00000|  0%| F|  |TAMS 0x00000007a5800000, 0x00000007a5800000| Untracked 
|1325|0x00000007a5a00000, 0x00000007a5a00000, 0x00000007a5c00000|  0%| F|  |TAMS 0x00000007a5a00000, 0x00000007a5a00000| Untracked 
|1326|0x00000007a5c00000, 0x00000007a5c00000, 0x00000007a5e00000|  0%| F|  |TAMS 0x00000007a5c00000, 0x00000007a5c00000| Untracked 
|1327|0x00000007a5e00000, 0x00000007a5e00000, 0x00000007a6000000|  0%| F|  |TAMS 0x00000007a5e00000, 0x00000007a5e00000| Untracked 
|1328|0x00000007a6000000, 0x00000007a6000000, 0x00000007a6200000|  0%| F|  |TAMS 0x00000007a6000000, 0x00000007a6000000| Untracked 
|1329|0x00000007a6200000, 0x00000007a6200000, 0x00000007a6400000|  0%| F|  |TAMS 0x00000007a6200000, 0x00000007a6200000| Untracked 
|1330|0x00000007a6400000, 0x00000007a6400000, 0x00000007a6600000|  0%| F|  |TAMS 0x00000007a6400000, 0x00000007a6400000| Untracked 
|1331|0x00000007a6600000, 0x00000007a6600000, 0x00000007a6800000|  0%| F|  |TAMS 0x00000007a6600000, 0x00000007a6600000| Untracked 
|1332|0x00000007a6800000, 0x00000007a6800000, 0x00000007a6a00000|  0%| F|  |TAMS 0x00000007a6800000, 0x00000007a6800000| Untracked 
|1333|0x00000007a6a00000, 0x00000007a6a00000, 0x00000007a6c00000|  0%| F|  |TAMS 0x00000007a6a00000, 0x00000007a6a00000| Untracked 
|1334|0x00000007a6c00000, 0x00000007a6c00000, 0x00000007a6e00000|  0%| F|  |TAMS 0x00000007a6c00000, 0x00000007a6c00000| Untracked 
|1335|0x00000007a6e00000, 0x00000007a6e00000, 0x00000007a7000000|  0%| F|  |TAMS 0x00000007a6e00000, 0x00000007a6e00000| Untracked 
|1336|0x00000007a7000000, 0x00000007a7000000, 0x00000007a7200000|  0%| F|  |TAMS 0x00000007a7000000, 0x00000007a7000000| Untracked 
|1337|0x00000007a7200000, 0x00000007a7200000, 0x00000007a7400000|  0%| F|  |TAMS 0x00000007a7200000, 0x00000007a7200000| Untracked 
|1338|0x00000007a7400000, 0x00000007a7400000, 0x00000007a7600000|  0%| F|  |TAMS 0x00000007a7400000, 0x00000007a7400000| Untracked 
|1339|0x00000007a7600000, 0x00000007a7600000, 0x00000007a7800000|  0%| F|  |TAMS 0x00000007a7600000, 0x00000007a7600000| Untracked 
|1340|0x00000007a7800000, 0x00000007a7800000, 0x00000007a7a00000|  0%| F|  |TAMS 0x00000007a7800000, 0x00000007a7800000| Untracked 
|1341|0x00000007a7a00000, 0x00000007a7a00000, 0x00000007a7c00000|  0%| F|  |TAMS 0x00000007a7a00000, 0x00000007a7a00000| Untracked 
|1342|0x00000007a7c00000, 0x00000007a7c00000, 0x00000007a7e00000|  0%| F|  |TAMS 0x00000007a7c00000, 0x00000007a7c00000| Untracked 
|1343|0x00000007a7e00000, 0x00000007a7e00000, 0x00000007a8000000|  0%| F|  |TAMS 0x00000007a7e00000, 0x00000007a7e00000| Untracked 
|1344|0x00000007a8000000, 0x00000007a8000000, 0x00000007a8200000|  0%| F|  |TAMS 0x00000007a8000000, 0x00000007a8000000| Untracked 
|1345|0x00000007a8200000, 0x00000007a8200000, 0x00000007a8400000|  0%| F|  |TAMS 0x00000007a8200000, 0x00000007a8200000| Untracked 
|1346|0x00000007a8400000, 0x00000007a8400000, 0x00000007a8600000|  0%| F|  |TAMS 0x00000007a8400000, 0x00000007a8400000| Untracked 
|1347|0x00000007a8600000, 0x00000007a8600000, 0x00000007a8800000|  0%| F|  |TAMS 0x00000007a8600000, 0x00000007a8600000| Untracked 
|1348|0x00000007a8800000, 0x00000007a8800000, 0x00000007a8a00000|  0%| F|  |TAMS 0x00000007a8800000, 0x00000007a8800000| Untracked 
|1349|0x00000007a8a00000, 0x00000007a8a00000, 0x00000007a8c00000|  0%| F|  |TAMS 0x00000007a8a00000, 0x00000007a8a00000| Untracked 
|1350|0x00000007a8c00000, 0x00000007a8c00000, 0x00000007a8e00000|  0%| F|  |TAMS 0x00000007a8c00000, 0x00000007a8c00000| Untracked 
|1351|0x00000007a8e00000, 0x00000007a8e00000, 0x00000007a9000000|  0%| F|  |TAMS 0x00000007a8e00000, 0x00000007a8e00000| Untracked 
|1352|0x00000007a9000000, 0x00000007a9000000, 0x00000007a9200000|  0%| F|  |TAMS 0x00000007a9000000, 0x00000007a9000000| Untracked 
|1353|0x00000007a9200000, 0x00000007a9200000, 0x00000007a9400000|  0%| F|  |TAMS 0x00000007a9200000, 0x00000007a9200000| Untracked 
|1354|0x00000007a9400000, 0x00000007a9400000, 0x00000007a9600000|  0%| F|  |TAMS 0x00000007a9400000, 0x00000007a9400000| Untracked 
|1355|0x00000007a9600000, 0x00000007a9600000, 0x00000007a9800000|  0%| F|  |TAMS 0x00000007a9600000, 0x00000007a9600000| Untracked 
|1356|0x00000007a9800000, 0x00000007a9800000, 0x00000007a9a00000|  0%| F|  |TAMS 0x00000007a9800000, 0x00000007a9800000| Untracked 
|1357|0x00000007a9a00000, 0x00000007a9a00000, 0x00000007a9c00000|  0%| F|  |TAMS 0x00000007a9a00000, 0x00000007a9a00000| Untracked 
|1358|0x00000007a9c00000, 0x00000007a9c00000, 0x00000007a9e00000|  0%| F|  |TAMS 0x00000007a9c00000, 0x00000007a9c00000| Untracked 
|1359|0x00000007a9e00000, 0x00000007a9e00000, 0x00000007aa000000|  0%| F|  |TAMS 0x00000007a9e00000, 0x00000007a9e00000| Untracked 
|1360|0x00000007aa000000, 0x00000007aa000000, 0x00000007aa200000|  0%| F|  |TAMS 0x00000007aa000000, 0x00000007aa000000| Untracked 
|1361|0x00000007aa200000, 0x00000007aa200000, 0x00000007aa400000|  0%| F|  |TAMS 0x00000007aa200000, 0x00000007aa200000| Untracked 
|1362|0x00000007aa400000, 0x00000007aa400000, 0x00000007aa600000|  0%| F|  |TAMS 0x00000007aa400000, 0x00000007aa400000| Untracked 
|1363|0x00000007aa600000, 0x00000007aa600000, 0x00000007aa800000|  0%| F|  |TAMS 0x00000007aa600000, 0x00000007aa600000| Untracked 
|1364|0x00000007aa800000, 0x00000007aa800000, 0x00000007aaa00000|  0%| F|  |TAMS 0x00000007aa800000, 0x00000007aa800000| Untracked 
|1365|0x00000007aaa00000, 0x00000007aaa00000, 0x00000007aac00000|  0%| F|  |TAMS 0x00000007aaa00000, 0x00000007aaa00000| Untracked 
|1366|0x00000007aac00000, 0x00000007aac00000, 0x00000007aae00000|  0%| F|  |TAMS 0x00000007aac00000, 0x00000007aac00000| Untracked 
|1367|0x00000007aae00000, 0x00000007aae00000, 0x00000007ab000000|  0%| F|  |TAMS 0x00000007aae00000, 0x00000007aae00000| Untracked 
|1368|0x00000007ab000000, 0x00000007ab000000, 0x00000007ab200000|  0%| F|  |TAMS 0x00000007ab000000, 0x00000007ab000000| Untracked 
|1369|0x00000007ab200000, 0x00000007ab200000, 0x00000007ab400000|  0%| F|  |TAMS 0x00000007ab200000, 0x00000007ab200000| Untracked 
|1370|0x00000007ab400000, 0x00000007ab400000, 0x00000007ab600000|  0%| F|  |TAMS 0x00000007ab400000, 0x00000007ab400000| Untracked 
|1371|0x00000007ab600000, 0x00000007ab600000, 0x00000007ab800000|  0%| F|  |TAMS 0x00000007ab600000, 0x00000007ab600000| Untracked 
|1372|0x00000007ab800000, 0x00000007ab800000, 0x00000007aba00000|  0%| F|  |TAMS 0x00000007ab800000, 0x00000007ab800000| Untracked 
|1373|0x00000007aba00000, 0x00000007aba00000, 0x00000007abc00000|  0%| F|  |TAMS 0x00000007aba00000, 0x00000007aba00000| Untracked 
|1374|0x00000007abc00000, 0x00000007abc00000, 0x00000007abe00000|  0%| F|  |TAMS 0x00000007abc00000, 0x00000007abc00000| Untracked 
|1375|0x00000007abe00000, 0x00000007abe00000, 0x00000007ac000000|  0%| F|  |TAMS 0x00000007abe00000, 0x00000007abe00000| Untracked 
|1376|0x00000007ac000000, 0x00000007ac000000, 0x00000007ac200000|  0%| F|  |TAMS 0x00000007ac000000, 0x00000007ac000000| Untracked 
|1377|0x00000007ac200000, 0x00000007ac200000, 0x00000007ac400000|  0%| F|  |TAMS 0x00000007ac200000, 0x00000007ac200000| Untracked 
|1378|0x00000007ac400000, 0x00000007ac400000, 0x00000007ac600000|  0%| F|  |TAMS 0x00000007ac400000, 0x00000007ac400000| Untracked 
|1379|0x00000007ac600000, 0x00000007ac600000, 0x00000007ac800000|  0%| F|  |TAMS 0x00000007ac600000, 0x00000007ac600000| Untracked 
|1380|0x00000007ac800000, 0x00000007ac800000, 0x00000007aca00000|  0%| F|  |TAMS 0x00000007ac800000, 0x00000007ac800000| Untracked 
|1381|0x00000007aca00000, 0x00000007aca00000, 0x00000007acc00000|  0%| F|  |TAMS 0x00000007aca00000, 0x00000007aca00000| Untracked 
|1382|0x00000007acc00000, 0x00000007acc00000, 0x00000007ace00000|  0%| F|  |TAMS 0x00000007acc00000, 0x00000007acc00000| Untracked 
|1383|0x00000007ace00000, 0x00000007ace00000, 0x00000007ad000000|  0%| F|  |TAMS 0x00000007ace00000, 0x00000007ace00000| Untracked 
|1384|0x00000007ad000000, 0x00000007ad000000, 0x00000007ad200000|  0%| F|  |TAMS 0x00000007ad000000, 0x00000007ad000000| Untracked 
|1385|0x00000007ad200000, 0x00000007ad200000, 0x00000007ad400000|  0%| F|  |TAMS 0x00000007ad200000, 0x00000007ad200000| Untracked 
|1386|0x00000007ad400000, 0x00000007ad400000, 0x00000007ad600000|  0%| F|  |TAMS 0x00000007ad400000, 0x00000007ad400000| Untracked 
|1387|0x00000007ad600000, 0x00000007ad600000, 0x00000007ad800000|  0%| F|  |TAMS 0x00000007ad600000, 0x00000007ad600000| Untracked 
|1388|0x00000007ad800000, 0x00000007ad800000, 0x00000007ada00000|  0%| F|  |TAMS 0x00000007ad800000, 0x00000007ad800000| Untracked 
|1389|0x00000007ada00000, 0x00000007ada00000, 0x00000007adc00000|  0%| F|  |TAMS 0x00000007ada00000, 0x00000007ada00000| Untracked 
|1390|0x00000007adc00000, 0x00000007adc00000, 0x00000007ade00000|  0%| F|  |TAMS 0x00000007adc00000, 0x00000007adc00000| Untracked 
|1391|0x00000007ade00000, 0x00000007ade00000, 0x00000007ae000000|  0%| F|  |TAMS 0x00000007ade00000, 0x00000007ade00000| Untracked 
|1392|0x00000007ae000000, 0x00000007ae000000, 0x00000007ae200000|  0%| F|  |TAMS 0x00000007ae000000, 0x00000007ae000000| Untracked 
|1393|0x00000007ae200000, 0x00000007ae200000, 0x00000007ae400000|  0%| F|  |TAMS 0x00000007ae200000, 0x00000007ae200000| Untracked 
|1394|0x00000007ae400000, 0x00000007ae400000, 0x00000007ae600000|  0%| F|  |TAMS 0x00000007ae400000, 0x00000007ae400000| Untracked 
|1395|0x00000007ae600000, 0x00000007ae600000, 0x00000007ae800000|  0%| F|  |TAMS 0x00000007ae600000, 0x00000007ae600000| Untracked 
|1396|0x00000007ae800000, 0x00000007ae800000, 0x00000007aea00000|  0%| F|  |TAMS 0x00000007ae800000, 0x00000007ae800000| Untracked 
|1397|0x00000007aea00000, 0x00000007aea00000, 0x00000007aec00000|  0%| F|  |TAMS 0x00000007aea00000, 0x00000007aea00000| Untracked 
|1398|0x00000007aec00000, 0x00000007aec00000, 0x00000007aee00000|  0%| F|  |TAMS 0x00000007aec00000, 0x00000007aec00000| Untracked 
|1399|0x00000007aee00000, 0x00000007aee00000, 0x00000007af000000|  0%| F|  |TAMS 0x00000007aee00000, 0x00000007aee00000| Untracked 
|1400|0x00000007af000000, 0x00000007af000000, 0x00000007af200000|  0%| F|  |TAMS 0x00000007af000000, 0x00000007af000000| Untracked 
|1401|0x00000007af200000, 0x00000007af200000, 0x00000007af400000|  0%| F|  |TAMS 0x00000007af200000, 0x00000007af200000| Untracked 
|1402|0x00000007af400000, 0x00000007af400000, 0x00000007af600000|  0%| F|  |TAMS 0x00000007af400000, 0x00000007af400000| Untracked 
|1403|0x00000007af600000, 0x00000007af600000, 0x00000007af800000|  0%| F|  |TAMS 0x00000007af600000, 0x00000007af600000| Untracked 
|1404|0x00000007af800000, 0x00000007af800000, 0x00000007afa00000|  0%| F|  |TAMS 0x00000007af800000, 0x00000007af800000| Untracked 
|1405|0x00000007afa00000, 0x00000007afa00000, 0x00000007afc00000|  0%| F|  |TAMS 0x00000007afa00000, 0x00000007afa00000| Untracked 
|1406|0x00000007afc00000, 0x00000007afc00000, 0x00000007afe00000|  0%| F|  |TAMS 0x00000007afc00000, 0x00000007afc00000| Untracked 
|1407|0x00000007afe00000, 0x00000007afe00000, 0x00000007b0000000|  0%| F|  |TAMS 0x00000007afe00000, 0x00000007afe00000| Untracked 
|1408|0x00000007b0000000, 0x00000007b0000000, 0x00000007b0200000|  0%| F|  |TAMS 0x00000007b0000000, 0x00000007b0000000| Untracked 
|1409|0x00000007b0200000, 0x00000007b0200000, 0x00000007b0400000|  0%| F|  |TAMS 0x00000007b0200000, 0x00000007b0200000| Untracked 
|1410|0x00000007b0400000, 0x00000007b0400000, 0x00000007b0600000|  0%| F|  |TAMS 0x00000007b0400000, 0x00000007b0400000| Untracked 
|1411|0x00000007b0600000, 0x00000007b0600000, 0x00000007b0800000|  0%| F|  |TAMS 0x00000007b0600000, 0x00000007b0600000| Untracked 
|1412|0x00000007b0800000, 0x00000007b0800000, 0x00000007b0a00000|  0%| F|  |TAMS 0x00000007b0800000, 0x00000007b0800000| Untracked 
|1413|0x00000007b0a00000, 0x00000007b0a00000, 0x00000007b0c00000|  0%| F|  |TAMS 0x00000007b0a00000, 0x00000007b0a00000| Untracked 
|1414|0x00000007b0c00000, 0x00000007b0c00000, 0x00000007b0e00000|  0%| F|  |TAMS 0x00000007b0c00000, 0x00000007b0c00000| Untracked 
|1415|0x00000007b0e00000, 0x00000007b0e00000, 0x00000007b1000000|  0%| F|  |TAMS 0x00000007b0e00000, 0x00000007b0e00000| Untracked 
|1416|0x00000007b1000000, 0x00000007b1000000, 0x00000007b1200000|  0%| F|  |TAMS 0x00000007b1000000, 0x00000007b1000000| Untracked 
|1417|0x00000007b1200000, 0x00000007b1200000, 0x00000007b1400000|  0%| F|  |TAMS 0x00000007b1200000, 0x00000007b1200000| Untracked 
|1418|0x00000007b1400000, 0x00000007b1400000, 0x00000007b1600000|  0%| F|  |TAMS 0x00000007b1400000, 0x00000007b1400000| Untracked 
|1419|0x00000007b1600000, 0x00000007b1600000, 0x00000007b1800000|  0%| F|  |TAMS 0x00000007b1600000, 0x00000007b1600000| Untracked 
|1420|0x00000007b1800000, 0x00000007b1800000, 0x00000007b1a00000|  0%| F|  |TAMS 0x00000007b1800000, 0x00000007b1800000| Untracked 
|1421|0x00000007b1a00000, 0x00000007b1a00000, 0x00000007b1c00000|  0%| F|  |TAMS 0x00000007b1a00000, 0x00000007b1a00000| Untracked 
|1422|0x00000007b1c00000, 0x00000007b1c00000, 0x00000007b1e00000|  0%| F|  |TAMS 0x00000007b1c00000, 0x00000007b1c00000| Untracked 
|1423|0x00000007b1e00000, 0x00000007b1e00000, 0x00000007b2000000|  0%| F|  |TAMS 0x00000007b1e00000, 0x00000007b1e00000| Untracked 
|1424|0x00000007b2000000, 0x00000007b2000000, 0x00000007b2200000|  0%| F|  |TAMS 0x00000007b2000000, 0x00000007b2000000| Untracked 
|1425|0x00000007b2200000, 0x00000007b2200000, 0x00000007b2400000|  0%| F|  |TAMS 0x00000007b2200000, 0x00000007b2200000| Untracked 
|1426|0x00000007b2400000, 0x00000007b2400000, 0x00000007b2600000|  0%| F|  |TAMS 0x00000007b2400000, 0x00000007b2400000| Untracked 
|1427|0x00000007b2600000, 0x00000007b2600000, 0x00000007b2800000|  0%| F|  |TAMS 0x00000007b2600000, 0x00000007b2600000| Untracked 
|1428|0x00000007b2800000, 0x00000007b2800000, 0x00000007b2a00000|  0%| F|  |TAMS 0x00000007b2800000, 0x00000007b2800000| Untracked 
|1429|0x00000007b2a00000, 0x00000007b2a00000, 0x00000007b2c00000|  0%| F|  |TAMS 0x00000007b2a00000, 0x00000007b2a00000| Untracked 
|1430|0x00000007b2c00000, 0x00000007b2c00000, 0x00000007b2e00000|  0%| F|  |TAMS 0x00000007b2c00000, 0x00000007b2c00000| Untracked 
|1431|0x00000007b2e00000, 0x00000007b2e00000, 0x00000007b3000000|  0%| F|  |TAMS 0x00000007b2e00000, 0x00000007b2e00000| Untracked 
|1432|0x00000007b3000000, 0x00000007b3000000, 0x00000007b3200000|  0%| F|  |TAMS 0x00000007b3000000, 0x00000007b3000000| Untracked 
|1433|0x00000007b3200000, 0x00000007b3200000, 0x00000007b3400000|  0%| F|  |TAMS 0x00000007b3200000, 0x00000007b3200000| Untracked 
|1434|0x00000007b3400000, 0x00000007b3400000, 0x00000007b3600000|  0%| F|  |TAMS 0x00000007b3400000, 0x00000007b3400000| Untracked 
|1435|0x00000007b3600000, 0x00000007b3600000, 0x00000007b3800000|  0%| F|  |TAMS 0x00000007b3600000, 0x00000007b3600000| Untracked 
|1436|0x00000007b3800000, 0x00000007b3800000, 0x00000007b3a00000|  0%| F|  |TAMS 0x00000007b3800000, 0x00000007b3800000| Untracked 
|1437|0x00000007b3a00000, 0x00000007b3a00000, 0x00000007b3c00000|  0%| F|  |TAMS 0x00000007b3a00000, 0x00000007b3a00000| Untracked 
|1438|0x00000007b3c00000, 0x00000007b3c00000, 0x00000007b3e00000|  0%| F|  |TAMS 0x00000007b3c00000, 0x00000007b3c00000| Untracked 
|1439|0x00000007b3e00000, 0x00000007b3e00000, 0x00000007b4000000|  0%| F|  |TAMS 0x00000007b3e00000, 0x00000007b3e00000| Untracked 
|1440|0x00000007b4000000, 0x00000007b4000000, 0x00000007b4200000|  0%| F|  |TAMS 0x00000007b4000000, 0x00000007b4000000| Untracked 
|1441|0x00000007b4200000, 0x00000007b4200000, 0x00000007b4400000|  0%| F|  |TAMS 0x00000007b4200000, 0x00000007b4200000| Untracked 
|1442|0x00000007b4400000, 0x00000007b4400000, 0x00000007b4600000|  0%| F|  |TAMS 0x00000007b4400000, 0x00000007b4400000| Untracked 
|1443|0x00000007b4600000, 0x00000007b4600000, 0x00000007b4800000|  0%| F|  |TAMS 0x00000007b4600000, 0x00000007b4600000| Untracked 
|1444|0x00000007b4800000, 0x00000007b4800000, 0x00000007b4a00000|  0%| F|  |TAMS 0x00000007b4800000, 0x00000007b4800000| Untracked 
|1445|0x00000007b4a00000, 0x00000007b4a00000, 0x00000007b4c00000|  0%| F|  |TAMS 0x00000007b4a00000, 0x00000007b4a00000| Untracked 
|1446|0x00000007b4c00000, 0x00000007b4c00000, 0x00000007b4e00000|  0%| F|  |TAMS 0x00000007b4c00000, 0x00000007b4c00000| Untracked 
|1447|0x00000007b4e00000, 0x00000007b4e00000, 0x00000007b5000000|  0%| F|  |TAMS 0x00000007b4e00000, 0x00000007b4e00000| Untracked 
|1448|0x00000007b5000000, 0x00000007b5000000, 0x00000007b5200000|  0%| F|  |TAMS 0x00000007b5000000, 0x00000007b5000000| Untracked 
|1449|0x00000007b5200000, 0x00000007b5200000, 0x00000007b5400000|  0%| F|  |TAMS 0x00000007b5200000, 0x00000007b5200000| Untracked 
|1450|0x00000007b5400000, 0x00000007b5400000, 0x00000007b5600000|  0%| F|  |TAMS 0x00000007b5400000, 0x00000007b5400000| Untracked 
|1451|0x00000007b5600000, 0x00000007b5600000, 0x00000007b5800000|  0%| F|  |TAMS 0x00000007b5600000, 0x00000007b5600000| Untracked 
|1452|0x00000007b5800000, 0x00000007b5800000, 0x00000007b5a00000|  0%| F|  |TAMS 0x00000007b5800000, 0x00000007b5800000| Untracked 
|1453|0x00000007b5a00000, 0x00000007b5a00000, 0x00000007b5c00000|  0%| F|  |TAMS 0x00000007b5a00000, 0x00000007b5a00000| Untracked 
|1454|0x00000007b5c00000, 0x00000007b5c00000, 0x00000007b5e00000|  0%| F|  |TAMS 0x00000007b5c00000, 0x00000007b5c00000| Untracked 
|1455|0x00000007b5e00000, 0x00000007b5e00000, 0x00000007b6000000|  0%| F|  |TAMS 0x00000007b5e00000, 0x00000007b5e00000| Untracked 
|1456|0x00000007b6000000, 0x00000007b6000000, 0x00000007b6200000|  0%| F|  |TAMS 0x00000007b6000000, 0x00000007b6000000| Untracked 
|1457|0x00000007b6200000, 0x00000007b6200000, 0x00000007b6400000|  0%| F|  |TAMS 0x00000007b6200000, 0x00000007b6200000| Untracked 
|1458|0x00000007b6400000, 0x00000007b6400000, 0x00000007b6600000|  0%| F|  |TAMS 0x00000007b6400000, 0x00000007b6400000| Untracked 
|1459|0x00000007b6600000, 0x00000007b6600000, 0x00000007b6800000|  0%| F|  |TAMS 0x00000007b6600000, 0x00000007b6600000| Untracked 
|1460|0x00000007b6800000, 0x00000007b6800000, 0x00000007b6a00000|  0%| F|  |TAMS 0x00000007b6800000, 0x00000007b6800000| Untracked 
|1461|0x00000007b6a00000, 0x00000007b6a00000, 0x00000007b6c00000|  0%| F|  |TAMS 0x00000007b6a00000, 0x00000007b6a00000| Untracked 
|1462|0x00000007b6c00000, 0x00000007b6c00000, 0x00000007b6e00000|  0%| F|  |TAMS 0x00000007b6c00000, 0x00000007b6c00000| Untracked 
|1463|0x00000007b6e00000, 0x00000007b6e00000, 0x00000007b7000000|  0%| F|  |TAMS 0x00000007b6e00000, 0x00000007b6e00000| Untracked 
|1464|0x00000007b7000000, 0x00000007b7000000, 0x00000007b7200000|  0%| F|  |TAMS 0x00000007b7000000, 0x00000007b7000000| Untracked 
|1465|0x00000007b7200000, 0x00000007b7200000, 0x00000007b7400000|  0%| F|  |TAMS 0x00000007b7200000, 0x00000007b7200000| Untracked 
|1466|0x00000007b7400000, 0x00000007b7400000, 0x00000007b7600000|  0%| F|  |TAMS 0x00000007b7400000, 0x00000007b7400000| Untracked 
|1467|0x00000007b7600000, 0x00000007b7600000, 0x00000007b7800000|  0%| F|  |TAMS 0x00000007b7600000, 0x00000007b7600000| Untracked 
|1468|0x00000007b7800000, 0x00000007b7800000, 0x00000007b7a00000|  0%| F|  |TAMS 0x00000007b7800000, 0x00000007b7800000| Untracked 
|1469|0x00000007b7a00000, 0x00000007b7a00000, 0x00000007b7c00000|  0%| F|  |TAMS 0x00000007b7a00000, 0x00000007b7a00000| Untracked 
|1470|0x00000007b7c00000, 0x00000007b7c00000, 0x00000007b7e00000|  0%| F|  |TAMS 0x00000007b7c00000, 0x00000007b7c00000| Untracked 
|1471|0x00000007b7e00000, 0x00000007b7e00000, 0x00000007b8000000|  0%| F|  |TAMS 0x00000007b7e00000, 0x00000007b7e00000| Untracked 
|1472|0x00000007b8000000, 0x00000007b8000000, 0x00000007b8200000|  0%| F|  |TAMS 0x00000007b8000000, 0x00000007b8000000| Untracked 
|1473|0x00000007b8200000, 0x00000007b8200000, 0x00000007b8400000|  0%| F|  |TAMS 0x00000007b8200000, 0x00000007b8200000| Untracked 
|1474|0x00000007b8400000, 0x00000007b8400000, 0x00000007b8600000|  0%| F|  |TAMS 0x00000007b8400000, 0x00000007b8400000| Untracked 
|1475|0x00000007b8600000, 0x00000007b8600000, 0x00000007b8800000|  0%| F|  |TAMS 0x00000007b8600000, 0x00000007b8600000| Untracked 
|1476|0x00000007b8800000, 0x00000007b8800000, 0x00000007b8a00000|  0%| F|  |TAMS 0x00000007b8800000, 0x00000007b8800000| Untracked 
|1477|0x00000007b8a00000, 0x00000007b8a00000, 0x00000007b8c00000|  0%| F|  |TAMS 0x00000007b8a00000, 0x00000007b8a00000| Untracked 
|1478|0x00000007b8c00000, 0x00000007b8c00000, 0x00000007b8e00000|  0%| F|  |TAMS 0x00000007b8c00000, 0x00000007b8c00000| Untracked 
|1479|0x00000007b8e00000, 0x00000007b8e00000, 0x00000007b9000000|  0%| F|  |TAMS 0x00000007b8e00000, 0x00000007b8e00000| Untracked 
|1480|0x00000007b9000000, 0x00000007b9000000, 0x00000007b9200000|  0%| F|  |TAMS 0x00000007b9000000, 0x00000007b9000000| Untracked 
|1481|0x00000007b9200000, 0x00000007b9200000, 0x00000007b9400000|  0%| F|  |TAMS 0x00000007b9200000, 0x00000007b9200000| Untracked 
|1482|0x00000007b9400000, 0x00000007b9400000, 0x00000007b9600000|  0%| F|  |TAMS 0x00000007b9400000, 0x00000007b9400000| Untracked 
|1483|0x00000007b9600000, 0x00000007b9600000, 0x00000007b9800000|  0%| F|  |TAMS 0x00000007b9600000, 0x00000007b9600000| Untracked 
|1484|0x00000007b9800000, 0x00000007b9800000, 0x00000007b9a00000|  0%| F|  |TAMS 0x00000007b9800000, 0x00000007b9800000| Untracked 
|1485|0x00000007b9a00000, 0x00000007b9a00000, 0x00000007b9c00000|  0%| F|  |TAMS 0x00000007b9a00000, 0x00000007b9a00000| Untracked 
|1486|0x00000007b9c00000, 0x00000007b9c00000, 0x00000007b9e00000|  0%| F|  |TAMS 0x00000007b9c00000, 0x00000007b9c00000| Untracked 
|1487|0x00000007b9e00000, 0x00000007b9e00000, 0x00000007ba000000|  0%| F|  |TAMS 0x00000007b9e00000, 0x00000007b9e00000| Untracked 
|1488|0x00000007ba000000, 0x00000007ba000000, 0x00000007ba200000|  0%| F|  |TAMS 0x00000007ba000000, 0x00000007ba000000| Untracked 
|1489|0x00000007ba200000, 0x00000007ba200000, 0x00000007ba400000|  0%| F|  |TAMS 0x00000007ba200000, 0x00000007ba200000| Untracked 
|1490|0x00000007ba400000, 0x00000007ba400000, 0x00000007ba600000|  0%| F|  |TAMS 0x00000007ba400000, 0x00000007ba400000| Untracked 
|1491|0x00000007ba600000, 0x00000007ba600000, 0x00000007ba800000|  0%| F|  |TAMS 0x00000007ba600000, 0x00000007ba600000| Untracked 
|1492|0x00000007ba800000, 0x00000007ba800000, 0x00000007baa00000|  0%| F|  |TAMS 0x00000007ba800000, 0x00000007ba800000| Untracked 
|1493|0x00000007baa00000, 0x00000007baa00000, 0x00000007bac00000|  0%| F|  |TAMS 0x00000007baa00000, 0x00000007baa00000| Untracked 
|1494|0x00000007bac00000, 0x00000007bac00000, 0x00000007bae00000|  0%| F|  |TAMS 0x00000007bac00000, 0x00000007bac00000| Untracked 
|1495|0x00000007bae00000, 0x00000007bae00000, 0x00000007bb000000|  0%| F|  |TAMS 0x00000007bae00000, 0x00000007bae00000| Untracked 
|1496|0x00000007bb000000, 0x00000007bb000000, 0x00000007bb200000|  0%| F|  |TAMS 0x00000007bb000000, 0x00000007bb000000| Untracked 
|1497|0x00000007bb200000, 0x00000007bb200000, 0x00000007bb400000|  0%| F|  |TAMS 0x00000007bb200000, 0x00000007bb200000| Untracked 
|1498|0x00000007bb400000, 0x00000007bb400000, 0x00000007bb600000|  0%| F|  |TAMS 0x00000007bb400000, 0x00000007bb400000| Untracked 
|1499|0x00000007bb600000, 0x00000007bb600000, 0x00000007bb800000|  0%| F|  |TAMS 0x00000007bb600000, 0x00000007bb600000| Untracked 
|1500|0x00000007bb800000, 0x00000007bb800000, 0x00000007bba00000|  0%| F|  |TAMS 0x00000007bb800000, 0x00000007bb800000| Untracked 
|1501|0x00000007bba00000, 0x00000007bba00000, 0x00000007bbc00000|  0%| F|  |TAMS 0x00000007bba00000, 0x00000007bba00000| Untracked 
|1502|0x00000007bbc00000, 0x00000007bbc00000, 0x00000007bbe00000|  0%| F|  |TAMS 0x00000007bbc00000, 0x00000007bbc00000| Untracked 
|1503|0x00000007bbe00000, 0x00000007bbe00000, 0x00000007bc000000|  0%| F|  |TAMS 0x00000007bbe00000, 0x00000007bbe00000| Untracked 
|1504|0x00000007bc000000, 0x00000007bc000000, 0x00000007bc200000|  0%| F|  |TAMS 0x00000007bc000000, 0x00000007bc000000| Untracked 
|1505|0x00000007bc200000, 0x00000007bc200000, 0x00000007bc400000|  0%| F|  |TAMS 0x00000007bc200000, 0x00000007bc200000| Untracked 
|1506|0x00000007bc400000, 0x00000007bc400000, 0x00000007bc600000|  0%| F|  |TAMS 0x00000007bc400000, 0x00000007bc400000| Untracked 
|1507|0x00000007bc600000, 0x00000007bc600000, 0x00000007bc800000|  0%| F|  |TAMS 0x00000007bc600000, 0x00000007bc600000| Untracked 
|1508|0x00000007bc800000, 0x00000007bc800000, 0x00000007bca00000|  0%| F|  |TAMS 0x00000007bc800000, 0x00000007bc800000| Untracked 
|1509|0x00000007bca00000, 0x00000007bca00000, 0x00000007bcc00000|  0%| F|  |TAMS 0x00000007bca00000, 0x00000007bca00000| Untracked 
|1510|0x00000007bcc00000, 0x00000007bcc00000, 0x00000007bce00000|  0%| F|  |TAMS 0x00000007bcc00000, 0x00000007bcc00000| Untracked 
|1511|0x00000007bce00000, 0x00000007bce00000, 0x00000007bd000000|  0%| F|  |TAMS 0x00000007bce00000, 0x00000007bce00000| Untracked 
|1512|0x00000007bd000000, 0x00000007bd000000, 0x00000007bd200000|  0%| F|  |TAMS 0x00000007bd000000, 0x00000007bd000000| Untracked 
|1513|0x00000007bd200000, 0x00000007bd200000, 0x00000007bd400000|  0%| F|  |TAMS 0x00000007bd200000, 0x00000007bd200000| Untracked 
|1514|0x00000007bd400000, 0x00000007bd400000, 0x00000007bd600000|  0%| F|  |TAMS 0x00000007bd400000, 0x00000007bd400000| Untracked 
|1515|0x00000007bd600000, 0x00000007bd600000, 0x00000007bd800000|  0%| F|  |TAMS 0x00000007bd600000, 0x00000007bd600000| Untracked 
|1516|0x00000007bd800000, 0x00000007bd800000, 0x00000007bda00000|  0%| F|  |TAMS 0x00000007bd800000, 0x00000007bd800000| Untracked 
|1517|0x00000007bda00000, 0x00000007bda00000, 0x00000007bdc00000|  0%| F|  |TAMS 0x00000007bda00000, 0x00000007bda00000| Untracked 
|1518|0x00000007bdc00000, 0x00000007bdc00000, 0x00000007bde00000|  0%| F|  |TAMS 0x00000007bdc00000, 0x00000007bdc00000| Untracked 
|1519|0x00000007bde00000, 0x00000007bde00000, 0x00000007be000000|  0%| F|  |TAMS 0x00000007bde00000, 0x00000007bde00000| Untracked 
|1520|0x00000007be000000, 0x00000007be000000, 0x00000007be200000|  0%| F|  |TAMS 0x00000007be000000, 0x00000007be000000| Untracked 
|1521|0x00000007be200000, 0x00000007be200000, 0x00000007be400000|  0%| F|  |TAMS 0x00000007be200000, 0x00000007be200000| Untracked 
|1522|0x00000007be400000, 0x00000007be400000, 0x00000007be600000|  0%| F|  |TAMS 0x00000007be400000, 0x00000007be400000| Untracked 
|1523|0x00000007be600000, 0x00000007be600000, 0x00000007be800000|  0%| F|  |TAMS 0x00000007be600000, 0x00000007be600000| Untracked 
|1524|0x00000007be800000, 0x00000007be800000, 0x00000007bea00000|  0%| F|  |TAMS 0x00000007be800000, 0x00000007be800000| Untracked 
|1525|0x00000007bea00000, 0x00000007bea00000, 0x00000007bec00000|  0%| F|  |TAMS 0x00000007bea00000, 0x00000007bea00000| Untracked 
|1526|0x00000007bec00000, 0x00000007bec00000, 0x00000007bee00000|  0%| F|  |TAMS 0x00000007bec00000, 0x00000007bec00000| Untracked 
|1527|0x00000007bee00000, 0x00000007bee00000, 0x00000007bf000000|  0%| F|  |TAMS 0x00000007bee00000, 0x00000007bee00000| Untracked 
|1528|0x00000007bf000000, 0x00000007bf000000, 0x00000007bf200000|  0%| F|  |TAMS 0x00000007bf000000, 0x00000007bf000000| Untracked 
|1529|0x00000007bf200000, 0x00000007bf200000, 0x00000007bf400000|  0%| F|  |TAMS 0x00000007bf200000, 0x00000007bf200000| Untracked 
|1530|0x00000007bf400000, 0x00000007bf400000, 0x00000007bf600000|  0%| F|  |TAMS 0x00000007bf400000, 0x00000007bf400000| Untracked 
|1531|0x00000007bf600000, 0x00000007bf600000, 0x00000007bf800000|  0%| F|  |TAMS 0x00000007bf600000, 0x00000007bf600000| Untracked 
|1532|0x00000007bf800000, 0x00000007bf800000, 0x00000007bfa00000|  0%| F|  |TAMS 0x00000007bf800000, 0x00000007bf800000| Untracked 
|1533|0x00000007bfa00000, 0x00000007bfa00000, 0x00000007bfc00000|  0%| F|  |TAMS 0x00000007bfa00000, 0x00000007bfa00000| Untracked 
|1534|0x00000007bfc00000, 0x00000007bfc00000, 0x00000007bfe00000|  0%| F|  |TAMS 0x00000007bfc00000, 0x00000007bfc00000| Untracked 
|1535|0x00000007bfe00000, 0x00000007bfe00000, 0x00000007c0000000|  0%| F|  |TAMS 0x00000007bfe00000, 0x00000007bfe00000| Untracked 
|1536|0x00000007c0000000, 0x00000007c0000000, 0x00000007c0200000|  0%| F|  |TAMS 0x00000007c0000000, 0x00000007c0000000| Untracked 
|1537|0x00000007c0200000, 0x00000007c0200000, 0x00000007c0400000|  0%| F|  |TAMS 0x00000007c0200000, 0x00000007c0200000| Untracked 
|1538|0x00000007c0400000, 0x00000007c0400000, 0x00000007c0600000|  0%| F|  |TAMS 0x00000007c0400000, 0x00000007c0400000| Untracked 
|1539|0x00000007c0600000, 0x00000007c0600000, 0x00000007c0800000|  0%| F|  |TAMS 0x00000007c0600000, 0x00000007c0600000| Untracked 
|1540|0x00000007c0800000, 0x00000007c0a00000, 0x00000007c0a00000|100%| E|  |TAMS 0x00000007c0800000, 0x00000007c0800000| Complete 
|1541|0x00000007c0a00000, 0x00000007c0c00000, 0x00000007c0c00000|100%| E|CS|TAMS 0x00000007c0a00000, 0x00000007c0a00000| Complete 
|1542|0x00000007c0c00000, 0x00000007c0e00000, 0x00000007c0e00000|100%| E|CS|TAMS 0x00000007c0c00000, 0x00000007c0c00000| Complete 
|1543|0x00000007c0e00000, 0x00000007c1000000, 0x00000007c1000000|100%| E|CS|TAMS 0x00000007c0e00000, 0x00000007c0e00000| Complete 
|1544|0x00000007c1000000, 0x00000007c1200000, 0x00000007c1200000|100%| E|CS|TAMS 0x00000007c1000000, 0x00000007c1000000| Complete 
|1545|0x00000007c1200000, 0x00000007c1400000, 0x00000007c1400000|100%| E|CS|TAMS 0x00000007c1200000, 0x00000007c1200000| Complete 
|1546|0x00000007c1400000, 0x00000007c1600000, 0x00000007c1600000|100%| E|CS|TAMS 0x00000007c1400000, 0x00000007c1400000| Complete 
|1547|0x00000007c1600000, 0x00000007c1800000, 0x00000007c1800000|100%| E|CS|TAMS 0x00000007c1600000, 0x00000007c1600000| Complete 
|1548|0x00000007c1800000, 0x00000007c1a00000, 0x00000007c1a00000|100%| E|CS|TAMS 0x00000007c1800000, 0x00000007c1800000| Complete 
|1549|0x00000007c1a00000, 0x00000007c1c00000, 0x00000007c1c00000|100%| E|CS|TAMS 0x00000007c1a00000, 0x00000007c1a00000| Complete 
|1550|0x00000007c1c00000, 0x00000007c1e00000, 0x00000007c1e00000|100%| E|CS|TAMS 0x00000007c1c00000, 0x00000007c1c00000| Complete 
|1551|0x00000007c1e00000, 0x00000007c2000000, 0x00000007c2000000|100%| E|CS|TAMS 0x00000007c1e00000, 0x00000007c1e00000| Complete 
|1552|0x00000007c2000000, 0x00000007c2200000, 0x00000007c2200000|100%| E|CS|TAMS 0x00000007c2000000, 0x00000007c2000000| Complete 
|1553|0x00000007c2200000, 0x00000007c2400000, 0x00000007c2400000|100%| E|CS|TAMS 0x00000007c2200000, 0x00000007c2200000| Complete 
|1554|0x00000007c2400000, 0x00000007c2600000, 0x00000007c2600000|100%| E|CS|TAMS 0x00000007c2400000, 0x00000007c2400000| Complete 
|1555|0x00000007c2600000, 0x00000007c2800000, 0x00000007c2800000|100%| E|CS|TAMS 0x00000007c2600000, 0x00000007c2600000| Complete 
|1556|0x00000007c2800000, 0x00000007c2a00000, 0x00000007c2a00000|100%| E|CS|TAMS 0x00000007c2800000, 0x00000007c2800000| Complete 
|1557|0x00000007c2a00000, 0x00000007c2c00000, 0x00000007c2c00000|100%| E|CS|TAMS 0x00000007c2a00000, 0x00000007c2a00000| Complete 
|1558|0x00000007c2c00000, 0x00000007c2e00000, 0x00000007c2e00000|100%| E|CS|TAMS 0x00000007c2c00000, 0x00000007c2c00000| Complete 
|1559|0x00000007c2e00000, 0x00000007c3000000, 0x00000007c3000000|100%| E|CS|TAMS 0x00000007c2e00000, 0x00000007c2e00000| Complete 
|1560|0x00000007c3000000, 0x00000007c3200000, 0x00000007c3200000|100%| E|CS|TAMS 0x00000007c3000000, 0x00000007c3000000| Complete 
|1561|0x00000007c3200000, 0x00000007c3400000, 0x00000007c3400000|100%| E|CS|TAMS 0x00000007c3200000, 0x00000007c3200000| Complete 
|1562|0x00000007c3400000, 0x00000007c3600000, 0x00000007c3600000|100%| E|CS|TAMS 0x00000007c3400000, 0x00000007c3400000| Complete 
|1563|0x00000007c3600000, 0x00000007c3800000, 0x00000007c3800000|100%| E|CS|TAMS 0x00000007c3600000, 0x00000007c3600000| Complete 
|1564|0x00000007c3800000, 0x00000007c3a00000, 0x00000007c3a00000|100%| E|CS|TAMS 0x00000007c3800000, 0x00000007c3800000| Complete 
|1565|0x00000007c3a00000, 0x00000007c3c00000, 0x00000007c3c00000|100%| E|CS|TAMS 0x00000007c3a00000, 0x00000007c3a00000| Complete 
|1566|0x00000007c3c00000, 0x00000007c3e00000, 0x00000007c3e00000|100%| E|CS|TAMS 0x00000007c3c00000, 0x00000007c3c00000| Complete 
|1567|0x00000007c3e00000, 0x00000007c4000000, 0x00000007c4000000|100%| E|CS|TAMS 0x00000007c3e00000, 0x00000007c3e00000| Complete 
|1568|0x00000007c4000000, 0x00000007c4200000, 0x00000007c4200000|100%| E|CS|TAMS 0x00000007c4000000, 0x00000007c4000000| Complete 
|1569|0x00000007c4200000, 0x00000007c4400000, 0x00000007c4400000|100%| E|CS|TAMS 0x00000007c4200000, 0x00000007c4200000| Complete 
|1570|0x00000007c4400000, 0x00000007c4600000, 0x00000007c4600000|100%| E|CS|TAMS 0x00000007c4400000, 0x00000007c4400000| Complete 
|1571|0x00000007c4600000, 0x00000007c4800000, 0x00000007c4800000|100%| E|CS|TAMS 0x00000007c4600000, 0x00000007c4600000| Complete 
|1572|0x00000007c4800000, 0x00000007c4a00000, 0x00000007c4a00000|100%| E|CS|TAMS 0x00000007c4800000, 0x00000007c4800000| Complete 
|1573|0x00000007c4a00000, 0x00000007c4c00000, 0x00000007c4c00000|100%| E|CS|TAMS 0x00000007c4a00000, 0x00000007c4a00000| Complete 
|1574|0x00000007c4c00000, 0x00000007c4e00000, 0x00000007c4e00000|100%| E|CS|TAMS 0x00000007c4c00000, 0x00000007c4c00000| Complete 
|1575|0x00000007c4e00000, 0x00000007c5000000, 0x00000007c5000000|100%| E|CS|TAMS 0x00000007c4e00000, 0x00000007c4e00000| Complete 
|1576|0x00000007c5000000, 0x00000007c5200000, 0x00000007c5200000|100%| E|CS|TAMS 0x00000007c5000000, 0x00000007c5000000| Complete 
|1577|0x00000007c5200000, 0x00000007c5400000, 0x00000007c5400000|100%| E|CS|TAMS 0x00000007c5200000, 0x00000007c5200000| Complete 
|1578|0x00000007c5400000, 0x00000007c5600000, 0x00000007c5600000|100%| E|CS|TAMS 0x00000007c5400000, 0x00000007c5400000| Complete 
|1579|0x00000007c5600000, 0x00000007c5800000, 0x00000007c5800000|100%| E|CS|TAMS 0x00000007c5600000, 0x00000007c5600000| Complete 
|1580|0x00000007c5800000, 0x00000007c5a00000, 0x00000007c5a00000|100%| E|CS|TAMS 0x00000007c5800000, 0x00000007c5800000| Complete 
|1581|0x00000007c5a00000, 0x00000007c5c00000, 0x00000007c5c00000|100%| E|CS|TAMS 0x00000007c5a00000, 0x00000007c5a00000| Complete 
|1582|0x00000007c5c00000, 0x00000007c5e00000, 0x00000007c5e00000|100%| E|CS|TAMS 0x00000007c5c00000, 0x00000007c5c00000| Complete 
|1583|0x00000007c5e00000, 0x00000007c6000000, 0x00000007c6000000|100%| E|CS|TAMS 0x00000007c5e00000, 0x00000007c5e00000| Complete 
|1584|0x00000007c6000000, 0x00000007c6200000, 0x00000007c6200000|100%| E|CS|TAMS 0x00000007c6000000, 0x00000007c6000000| Complete 
|1585|0x00000007c6200000, 0x00000007c6400000, 0x00000007c6400000|100%| E|CS|TAMS 0x00000007c6200000, 0x00000007c6200000| Complete 
|1586|0x00000007c6400000, 0x00000007c6600000, 0x00000007c6600000|100%| E|CS|TAMS 0x00000007c6400000, 0x00000007c6400000| Complete 
|1587|0x00000007c6600000, 0x00000007c6800000, 0x00000007c6800000|100%| E|CS|TAMS 0x00000007c6600000, 0x00000007c6600000| Complete 
|1588|0x00000007c6800000, 0x00000007c6a00000, 0x00000007c6a00000|100%| E|CS|TAMS 0x00000007c6800000, 0x00000007c6800000| Complete 
|1589|0x00000007c6a00000, 0x00000007c6c00000, 0x00000007c6c00000|100%| E|CS|TAMS 0x00000007c6a00000, 0x00000007c6a00000| Complete 
|1590|0x00000007c6c00000, 0x00000007c6e00000, 0x00000007c6e00000|100%| E|CS|TAMS 0x00000007c6c00000, 0x00000007c6c00000| Complete 
|1591|0x00000007c6e00000, 0x00000007c7000000, 0x00000007c7000000|100%| E|CS|TAMS 0x00000007c6e00000, 0x00000007c6e00000| Complete 
|1592|0x00000007c7000000, 0x00000007c7200000, 0x00000007c7200000|100%| E|CS|TAMS 0x00000007c7000000, 0x00000007c7000000| Complete 
|1593|0x00000007c7200000, 0x00000007c7400000, 0x00000007c7400000|100%| E|CS|TAMS 0x00000007c7200000, 0x00000007c7200000| Complete 
|1594|0x00000007c7400000, 0x00000007c7600000, 0x00000007c7600000|100%| E|CS|TAMS 0x00000007c7400000, 0x00000007c7400000| Complete 
|1595|0x00000007c7600000, 0x00000007c7800000, 0x00000007c7800000|100%| E|CS|TAMS 0x00000007c7600000, 0x00000007c7600000| Complete 
|1596|0x00000007c7800000, 0x00000007c7a00000, 0x00000007c7a00000|100%| E|CS|TAMS 0x00000007c7800000, 0x00000007c7800000| Complete 
|1597|0x00000007c7a00000, 0x00000007c7c00000, 0x00000007c7c00000|100%| E|CS|TAMS 0x00000007c7a00000, 0x00000007c7a00000| Complete 
|1598|0x00000007c7c00000, 0x00000007c7e00000, 0x00000007c7e00000|100%| E|CS|TAMS 0x00000007c7c00000, 0x00000007c7c00000| Complete 
|1599|0x00000007c7e00000, 0x00000007c8000000, 0x00000007c8000000|100%| E|CS|TAMS 0x00000007c7e00000, 0x00000007c7e00000| Complete 
|1600|0x00000007c8000000, 0x00000007c8200000, 0x00000007c8200000|100%| E|CS|TAMS 0x00000007c8000000, 0x00000007c8000000| Complete 
|1601|0x00000007c8200000, 0x00000007c8400000, 0x00000007c8400000|100%| E|CS|TAMS 0x00000007c8200000, 0x00000007c8200000| Complete 
|1602|0x00000007c8400000, 0x00000007c8600000, 0x00000007c8600000|100%| E|CS|TAMS 0x00000007c8400000, 0x00000007c8400000| Complete 
|1603|0x00000007c8600000, 0x00000007c8800000, 0x00000007c8800000|100%| E|CS|TAMS 0x00000007c8600000, 0x00000007c8600000| Complete 
|1604|0x00000007c8800000, 0x00000007c8a00000, 0x00000007c8a00000|100%| E|CS|TAMS 0x00000007c8800000, 0x00000007c8800000| Complete 
|1605|0x00000007c8a00000, 0x00000007c8c00000, 0x00000007c8c00000|100%| E|CS|TAMS 0x00000007c8a00000, 0x00000007c8a00000| Complete 
|1606|0x00000007c8c00000, 0x00000007c8e00000, 0x00000007c8e00000|100%| E|CS|TAMS 0x00000007c8c00000, 0x00000007c8c00000| Complete 
|1607|0x00000007c8e00000, 0x00000007c9000000, 0x00000007c9000000|100%| E|CS|TAMS 0x00000007c8e00000, 0x00000007c8e00000| Complete 
|1608|0x00000007c9000000, 0x00000007c9200000, 0x00000007c9200000|100%| E|  |TAMS 0x00000007c9000000, 0x00000007c9000000| Complete 
|1609|0x00000007c9200000, 0x00000007c9400000, 0x00000007c9400000|100%| E|CS|TAMS 0x00000007c9200000, 0x00000007c9200000| Complete 
|1610|0x00000007c9400000, 0x00000007c9600000, 0x00000007c9600000|100%| E|CS|TAMS 0x00000007c9400000, 0x00000007c9400000| Complete 
|1611|0x00000007c9600000, 0x00000007c9800000, 0x00000007c9800000|100%| E|CS|TAMS 0x00000007c9600000, 0x00000007c9600000| Complete 
|1612|0x00000007c9800000, 0x00000007c9a00000, 0x00000007c9a00000|100%| E|CS|TAMS 0x00000007c9800000, 0x00000007c9800000| Complete 
|1613|0x00000007c9a00000, 0x00000007c9c00000, 0x00000007c9c00000|100%| E|CS|TAMS 0x00000007c9a00000, 0x00000007c9a00000| Complete 
|1614|0x00000007c9c00000, 0x00000007c9e00000, 0x00000007c9e00000|100%| E|CS|TAMS 0x00000007c9c00000, 0x00000007c9c00000| Complete 
|1615|0x00000007c9e00000, 0x00000007ca000000, 0x00000007ca000000|100%| E|CS|TAMS 0x00000007c9e00000, 0x00000007c9e00000| Complete 
|1616|0x00000007ca000000, 0x00000007ca200000, 0x00000007ca200000|100%| E|CS|TAMS 0x00000007ca000000, 0x00000007ca000000| Complete 
|1617|0x00000007ca200000, 0x00000007ca400000, 0x00000007ca400000|100%| E|CS|TAMS 0x00000007ca200000, 0x00000007ca200000| Complete 
|1618|0x00000007ca400000, 0x00000007ca600000, 0x00000007ca600000|100%| E|CS|TAMS 0x00000007ca400000, 0x00000007ca400000| Complete 
|1619|0x00000007ca600000, 0x00000007ca800000, 0x00000007ca800000|100%| E|CS|TAMS 0x00000007ca600000, 0x00000007ca600000| Complete 
|1620|0x00000007ca800000, 0x00000007caa00000, 0x00000007caa00000|100%| E|CS|TAMS 0x00000007ca800000, 0x00000007ca800000| Complete 
|1621|0x00000007caa00000, 0x00000007cac00000, 0x00000007cac00000|100%| E|CS|TAMS 0x00000007caa00000, 0x00000007caa00000| Complete 
|1622|0x00000007cac00000, 0x00000007cae00000, 0x00000007cae00000|100%| E|CS|TAMS 0x00000007cac00000, 0x00000007cac00000| Complete 
|1623|0x00000007cae00000, 0x00000007cb000000, 0x00000007cb000000|100%| E|CS|TAMS 0x00000007cae00000, 0x00000007cae00000| Complete 
|1624|0x00000007cb000000, 0x00000007cb200000, 0x00000007cb200000|100%| E|CS|TAMS 0x00000007cb000000, 0x00000007cb000000| Complete 
|1625|0x00000007cb200000, 0x00000007cb400000, 0x00000007cb400000|100%| E|CS|TAMS 0x00000007cb200000, 0x00000007cb200000| Complete 
|1626|0x00000007cb400000, 0x00000007cb600000, 0x00000007cb600000|100%| E|CS|TAMS 0x00000007cb400000, 0x00000007cb400000| Complete 
|1627|0x00000007cb600000, 0x00000007cb800000, 0x00000007cb800000|100%| E|CS|TAMS 0x00000007cb600000, 0x00000007cb600000| Complete 
|1628|0x00000007cb800000, 0x00000007cba00000, 0x00000007cba00000|100%| E|CS|TAMS 0x00000007cb800000, 0x00000007cb800000| Complete 
|1629|0x00000007cba00000, 0x00000007cbc00000, 0x00000007cbc00000|100%| E|CS|TAMS 0x00000007cba00000, 0x00000007cba00000| Complete 
|1630|0x00000007cbc00000, 0x00000007cbe00000, 0x00000007cbe00000|100%| E|CS|TAMS 0x00000007cbc00000, 0x00000007cbc00000| Complete 
|1631|0x00000007cbe00000, 0x00000007cc000000, 0x00000007cc000000|100%| E|CS|TAMS 0x00000007cbe00000, 0x00000007cbe00000| Complete 
|1632|0x00000007cc000000, 0x00000007cc200000, 0x00000007cc200000|100%| E|CS|TAMS 0x00000007cc000000, 0x00000007cc000000| Complete 
|1633|0x00000007cc200000, 0x00000007cc400000, 0x00000007cc400000|100%| E|CS|TAMS 0x00000007cc200000, 0x00000007cc200000| Complete 
|1634|0x00000007cc400000, 0x00000007cc600000, 0x00000007cc600000|100%| E|CS|TAMS 0x00000007cc400000, 0x00000007cc400000| Complete 
|1635|0x00000007cc600000, 0x00000007cc800000, 0x00000007cc800000|100%| E|CS|TAMS 0x00000007cc600000, 0x00000007cc600000| Complete 
|1636|0x00000007cc800000, 0x00000007cca00000, 0x00000007cca00000|100%| E|CS|TAMS 0x00000007cc800000, 0x00000007cc800000| Complete 
|1637|0x00000007cca00000, 0x00000007ccc00000, 0x00000007ccc00000|100%| E|CS|TAMS 0x00000007cca00000, 0x00000007cca00000| Complete 
|1638|0x00000007ccc00000, 0x00000007cce00000, 0x00000007cce00000|100%| E|CS|TAMS 0x00000007ccc00000, 0x00000007ccc00000| Complete 
|1639|0x00000007cce00000, 0x00000007cd000000, 0x00000007cd000000|100%| E|CS|TAMS 0x00000007cce00000, 0x00000007cce00000| Complete 
|1640|0x00000007cd000000, 0x00000007cd200000, 0x00000007cd200000|100%| E|CS|TAMS 0x00000007cd000000, 0x00000007cd000000| Complete 
|1641|0x00000007cd200000, 0x00000007cd400000, 0x00000007cd400000|100%| E|CS|TAMS 0x00000007cd200000, 0x00000007cd200000| Complete 
|1642|0x00000007cd400000, 0x00000007cd600000, 0x00000007cd600000|100%| E|CS|TAMS 0x00000007cd400000, 0x00000007cd400000| Complete 
|1643|0x00000007cd600000, 0x00000007cd800000, 0x00000007cd800000|100%| E|CS|TAMS 0x00000007cd600000, 0x00000007cd600000| Complete 
|1644|0x00000007cd800000, 0x00000007cda00000, 0x00000007cda00000|100%| E|CS|TAMS 0x00000007cd800000, 0x00000007cd800000| Complete 
|1645|0x00000007cda00000, 0x00000007cdc00000, 0x00000007cdc00000|100%| E|CS|TAMS 0x00000007cda00000, 0x00000007cda00000| Complete 
|1646|0x00000007cdc00000, 0x00000007cde00000, 0x00000007cde00000|100%| E|CS|TAMS 0x00000007cdc00000, 0x00000007cdc00000| Complete 
|1647|0x00000007cde00000, 0x00000007ce000000, 0x00000007ce000000|100%| E|CS|TAMS 0x00000007cde00000, 0x00000007cde00000| Complete 
|1648|0x00000007ce000000, 0x00000007ce200000, 0x00000007ce200000|100%| E|CS|TAMS 0x00000007ce000000, 0x00000007ce000000| Complete 
|1649|0x00000007ce200000, 0x00000007ce400000, 0x00000007ce400000|100%| E|CS|TAMS 0x00000007ce200000, 0x00000007ce200000| Complete 
|1650|0x00000007ce400000, 0x00000007ce600000, 0x00000007ce600000|100%| E|CS|TAMS 0x00000007ce400000, 0x00000007ce400000| Complete 
|1651|0x00000007ce600000, 0x00000007ce800000, 0x00000007ce800000|100%| E|CS|TAMS 0x00000007ce600000, 0x00000007ce600000| Complete 
|1652|0x00000007ce800000, 0x00000007cea00000, 0x00000007cea00000|100%| E|CS|TAMS 0x00000007ce800000, 0x00000007ce800000| Complete 
|1653|0x00000007cea00000, 0x00000007cec00000, 0x00000007cec00000|100%| E|CS|TAMS 0x00000007cea00000, 0x00000007cea00000| Complete 
|1654|0x00000007cec00000, 0x00000007cee00000, 0x00000007cee00000|100%| E|CS|TAMS 0x00000007cec00000, 0x00000007cec00000| Complete 
|1655|0x00000007cee00000, 0x00000007cf000000, 0x00000007cf000000|100%| E|CS|TAMS 0x00000007cee00000, 0x00000007cee00000| Complete 
|1656|0x00000007cf000000, 0x00000007cf200000, 0x00000007cf200000|100%| E|CS|TAMS 0x00000007cf000000, 0x00000007cf000000| Complete 
|1657|0x00000007cf200000, 0x00000007cf400000, 0x00000007cf400000|100%| E|CS|TAMS 0x00000007cf200000, 0x00000007cf200000| Complete 
|1658|0x00000007cf400000, 0x00000007cf600000, 0x00000007cf600000|100%| E|CS|TAMS 0x00000007cf400000, 0x00000007cf400000| Complete 
|1659|0x00000007cf600000, 0x00000007cf800000, 0x00000007cf800000|100%| E|CS|TAMS 0x00000007cf600000, 0x00000007cf600000| Complete 
|1660|0x00000007cf800000, 0x00000007cfa00000, 0x00000007cfa00000|100%| E|CS|TAMS 0x00000007cf800000, 0x00000007cf800000| Complete 
|1661|0x00000007cfa00000, 0x00000007cfc00000, 0x00000007cfc00000|100%| E|CS|TAMS 0x00000007cfa00000, 0x00000007cfa00000| Complete 
|1662|0x00000007cfc00000, 0x00000007cfe00000, 0x00000007cfe00000|100%| E|CS|TAMS 0x00000007cfc00000, 0x00000007cfc00000| Complete 
|1663|0x00000007cfe00000, 0x00000007d0000000, 0x00000007d0000000|100%| E|CS|TAMS 0x00000007cfe00000, 0x00000007cfe00000| Complete 
|1664|0x00000007d0000000, 0x00000007d0200000, 0x00000007d0200000|100%| E|CS|TAMS 0x00000007d0000000, 0x00000007d0000000| Complete 
|1665|0x00000007d0200000, 0x00000007d0400000, 0x00000007d0400000|100%| E|CS|TAMS 0x00000007d0200000, 0x00000007d0200000| Complete 
|1666|0x00000007d0400000, 0x00000007d0600000, 0x00000007d0600000|100%| E|CS|TAMS 0x00000007d0400000, 0x00000007d0400000| Complete 
|1667|0x00000007d0600000, 0x00000007d0800000, 0x00000007d0800000|100%| E|CS|TAMS 0x00000007d0600000, 0x00000007d0600000| Complete 
|1668|0x00000007d0800000, 0x00000007d0a00000, 0x00000007d0a00000|100%| E|CS|TAMS 0x00000007d0800000, 0x00000007d0800000| Complete 
|1669|0x00000007d0a00000, 0x00000007d0c00000, 0x00000007d0c00000|100%| E|CS|TAMS 0x00000007d0a00000, 0x00000007d0a00000| Complete 
|1670|0x00000007d0c00000, 0x00000007d0e00000, 0x00000007d0e00000|100%| E|CS|TAMS 0x00000007d0c00000, 0x00000007d0c00000| Complete 
|1671|0x00000007d0e00000, 0x00000007d1000000, 0x00000007d1000000|100%| E|CS|TAMS 0x00000007d0e00000, 0x00000007d0e00000| Complete 
|1672|0x00000007d1000000, 0x00000007d1200000, 0x00000007d1200000|100%| E|CS|TAMS 0x00000007d1000000, 0x00000007d1000000| Complete 
|1673|0x00000007d1200000, 0x00000007d1400000, 0x00000007d1400000|100%| E|CS|TAMS 0x00000007d1200000, 0x00000007d1200000| Complete 
|1674|0x00000007d1400000, 0x00000007d1600000, 0x00000007d1600000|100%| E|CS|TAMS 0x00000007d1400000, 0x00000007d1400000| Complete 
|1675|0x00000007d1600000, 0x00000007d1800000, 0x00000007d1800000|100%| E|CS|TAMS 0x00000007d1600000, 0x00000007d1600000| Complete 
|1676|0x00000007d1800000, 0x00000007d1a00000, 0x00000007d1a00000|100%| E|CS|TAMS 0x00000007d1800000, 0x00000007d1800000| Complete 
|1677|0x00000007d1a00000, 0x00000007d1c00000, 0x00000007d1c00000|100%| E|CS|TAMS 0x00000007d1a00000, 0x00000007d1a00000| Complete 
|1678|0x00000007d1c00000, 0x00000007d1e00000, 0x00000007d1e00000|100%| E|CS|TAMS 0x00000007d1c00000, 0x00000007d1c00000| Complete 
|1679|0x00000007d1e00000, 0x00000007d2000000, 0x00000007d2000000|100%| E|CS|TAMS 0x00000007d1e00000, 0x00000007d1e00000| Complete 
|1680|0x00000007d2000000, 0x00000007d2200000, 0x00000007d2200000|100%| E|CS|TAMS 0x00000007d2000000, 0x00000007d2000000| Complete 
|1681|0x00000007d2200000, 0x00000007d2400000, 0x00000007d2400000|100%| E|CS|TAMS 0x00000007d2200000, 0x00000007d2200000| Complete 
|1682|0x00000007d2400000, 0x00000007d2600000, 0x00000007d2600000|100%| E|CS|TAMS 0x00000007d2400000, 0x00000007d2400000| Complete 
|1683|0x00000007d2600000, 0x00000007d2800000, 0x00000007d2800000|100%| E|CS|TAMS 0x00000007d2600000, 0x00000007d2600000| Complete 
|1684|0x00000007d2800000, 0x00000007d2a00000, 0x00000007d2a00000|100%| E|CS|TAMS 0x00000007d2800000, 0x00000007d2800000| Complete 
|1685|0x00000007d2a00000, 0x00000007d2c00000, 0x00000007d2c00000|100%| E|CS|TAMS 0x00000007d2a00000, 0x00000007d2a00000| Complete 
|1686|0x00000007d2c00000, 0x00000007d2e00000, 0x00000007d2e00000|100%| E|CS|TAMS 0x00000007d2c00000, 0x00000007d2c00000| Complete 
|1687|0x00000007d2e00000, 0x00000007d3000000, 0x00000007d3000000|100%| E|CS|TAMS 0x00000007d2e00000, 0x00000007d2e00000| Complete 
|1688|0x00000007d3000000, 0x00000007d3200000, 0x00000007d3200000|100%| E|CS|TAMS 0x00000007d3000000, 0x00000007d3000000| Complete 
|1689|0x00000007d3200000, 0x00000007d3400000, 0x00000007d3400000|100%| E|CS|TAMS 0x00000007d3200000, 0x00000007d3200000| Complete 
|1690|0x00000007d3400000, 0x00000007d3600000, 0x00000007d3600000|100%| E|CS|TAMS 0x00000007d3400000, 0x00000007d3400000| Complete 
|1691|0x00000007d3600000, 0x00000007d3800000, 0x00000007d3800000|100%| E|CS|TAMS 0x00000007d3600000, 0x00000007d3600000| Complete 
|1692|0x00000007d3800000, 0x00000007d3a00000, 0x00000007d3a00000|100%| E|CS|TAMS 0x00000007d3800000, 0x00000007d3800000| Complete 
|1693|0x00000007d3a00000, 0x00000007d3c00000, 0x00000007d3c00000|100%| E|CS|TAMS 0x00000007d3a00000, 0x00000007d3a00000| Complete 
|1694|0x00000007d3c00000, 0x00000007d3e00000, 0x00000007d3e00000|100%| E|CS|TAMS 0x00000007d3c00000, 0x00000007d3c00000| Complete 
|1695|0x00000007d3e00000, 0x00000007d4000000, 0x00000007d4000000|100%| E|CS|TAMS 0x00000007d3e00000, 0x00000007d3e00000| Complete 
|1696|0x00000007d4000000, 0x00000007d4200000, 0x00000007d4200000|100%| E|CS|TAMS 0x00000007d4000000, 0x00000007d4000000| Complete 
|1697|0x00000007d4200000, 0x00000007d4400000, 0x00000007d4400000|100%| E|CS|TAMS 0x00000007d4200000, 0x00000007d4200000| Complete 
|1698|0x00000007d4400000, 0x00000007d4600000, 0x00000007d4600000|100%| E|CS|TAMS 0x00000007d4400000, 0x00000007d4400000| Complete 
|1699|0x00000007d4600000, 0x00000007d4800000, 0x00000007d4800000|100%| E|CS|TAMS 0x00000007d4600000, 0x00000007d4600000| Complete 
|1700|0x00000007d4800000, 0x00000007d4a00000, 0x00000007d4a00000|100%| E|CS|TAMS 0x00000007d4800000, 0x00000007d4800000| Complete 
|1701|0x00000007d4a00000, 0x00000007d4c00000, 0x00000007d4c00000|100%| E|CS|TAMS 0x00000007d4a00000, 0x00000007d4a00000| Complete 
|1702|0x00000007d4c00000, 0x00000007d4e00000, 0x00000007d4e00000|100%| E|CS|TAMS 0x00000007d4c00000, 0x00000007d4c00000| Complete 
|1703|0x00000007d4e00000, 0x00000007d5000000, 0x00000007d5000000|100%| E|CS|TAMS 0x00000007d4e00000, 0x00000007d4e00000| Complete 
|1704|0x00000007d5000000, 0x00000007d5200000, 0x00000007d5200000|100%| E|CS|TAMS 0x00000007d5000000, 0x00000007d5000000| Complete 
|1705|0x00000007d5200000, 0x00000007d5400000, 0x00000007d5400000|100%| E|CS|TAMS 0x00000007d5200000, 0x00000007d5200000| Complete 
|1706|0x00000007d5400000, 0x00000007d5600000, 0x00000007d5600000|100%| E|CS|TAMS 0x00000007d5400000, 0x00000007d5400000| Complete 
|1707|0x00000007d5600000, 0x00000007d5800000, 0x00000007d5800000|100%| E|CS|TAMS 0x00000007d5600000, 0x00000007d5600000| Complete 
|1708|0x00000007d5800000, 0x00000007d5a00000, 0x00000007d5a00000|100%| E|CS|TAMS 0x00000007d5800000, 0x00000007d5800000| Complete 
|1709|0x00000007d5a00000, 0x00000007d5c00000, 0x00000007d5c00000|100%| E|CS|TAMS 0x00000007d5a00000, 0x00000007d5a00000| Complete 
|1710|0x00000007d5c00000, 0x00000007d5e00000, 0x00000007d5e00000|100%| E|CS|TAMS 0x00000007d5c00000, 0x00000007d5c00000| Complete 
|1711|0x00000007d5e00000, 0x00000007d6000000, 0x00000007d6000000|100%| E|CS|TAMS 0x00000007d5e00000, 0x00000007d5e00000| Complete 
|1712|0x00000007d6000000, 0x00000007d6200000, 0x00000007d6200000|100%| E|CS|TAMS 0x00000007d6000000, 0x00000007d6000000| Complete 
|1713|0x00000007d6200000, 0x00000007d6400000, 0x00000007d6400000|100%| E|CS|TAMS 0x00000007d6200000, 0x00000007d6200000| Complete 
|1714|0x00000007d6400000, 0x00000007d6600000, 0x00000007d6600000|100%| E|CS|TAMS 0x00000007d6400000, 0x00000007d6400000| Complete 
|1715|0x00000007d6600000, 0x00000007d6800000, 0x00000007d6800000|100%| E|CS|TAMS 0x00000007d6600000, 0x00000007d6600000| Complete 
|1716|0x00000007d6800000, 0x00000007d6a00000, 0x00000007d6a00000|100%| E|CS|TAMS 0x00000007d6800000, 0x00000007d6800000| Complete 
|1717|0x00000007d6a00000, 0x00000007d6c00000, 0x00000007d6c00000|100%| E|CS|TAMS 0x00000007d6a00000, 0x00000007d6a00000| Complete 
|1718|0x00000007d6c00000, 0x00000007d6e00000, 0x00000007d6e00000|100%| E|CS|TAMS 0x00000007d6c00000, 0x00000007d6c00000| Complete 
|1719|0x00000007d6e00000, 0x00000007d7000000, 0x00000007d7000000|100%| E|CS|TAMS 0x00000007d6e00000, 0x00000007d6e00000| Complete 
|1720|0x00000007d7000000, 0x00000007d7200000, 0x00000007d7200000|100%| E|CS|TAMS 0x00000007d7000000, 0x00000007d7000000| Complete 
|1721|0x00000007d7200000, 0x00000007d7400000, 0x00000007d7400000|100%| E|CS|TAMS 0x00000007d7200000, 0x00000007d7200000| Complete 
|1722|0x00000007d7400000, 0x00000007d7600000, 0x00000007d7600000|100%| E|CS|TAMS 0x00000007d7400000, 0x00000007d7400000| Complete 
|1723|0x00000007d7600000, 0x00000007d7800000, 0x00000007d7800000|100%| E|CS|TAMS 0x00000007d7600000, 0x00000007d7600000| Complete 
|1724|0x00000007d7800000, 0x00000007d7a00000, 0x00000007d7a00000|100%| E|CS|TAMS 0x00000007d7800000, 0x00000007d7800000| Complete 
|1725|0x00000007d7a00000, 0x00000007d7c00000, 0x00000007d7c00000|100%| E|CS|TAMS 0x00000007d7a00000, 0x00000007d7a00000| Complete 
|1726|0x00000007d7c00000, 0x00000007d7e00000, 0x00000007d7e00000|100%| E|CS|TAMS 0x00000007d7c00000, 0x00000007d7c00000| Complete 
|1727|0x00000007d7e00000, 0x00000007d8000000, 0x00000007d8000000|100%| E|CS|TAMS 0x00000007d7e00000, 0x00000007d7e00000| Complete 
|1728|0x00000007d8000000, 0x00000007d8200000, 0x00000007d8200000|100%| E|CS|TAMS 0x00000007d8000000, 0x00000007d8000000| Complete 
|1729|0x00000007d8200000, 0x00000007d8400000, 0x00000007d8400000|100%| E|CS|TAMS 0x00000007d8200000, 0x00000007d8200000| Complete 
|1730|0x00000007d8400000, 0x00000007d8600000, 0x00000007d8600000|100%| E|CS|TAMS 0x00000007d8400000, 0x00000007d8400000| Complete 
|1731|0x00000007d8600000, 0x00000007d8800000, 0x00000007d8800000|100%| E|CS|TAMS 0x00000007d8600000, 0x00000007d8600000| Complete 
|1732|0x00000007d8800000, 0x00000007d8a00000, 0x00000007d8a00000|100%| E|CS|TAMS 0x00000007d8800000, 0x00000007d8800000| Complete 
|1733|0x00000007d8a00000, 0x00000007d8c00000, 0x00000007d8c00000|100%| E|CS|TAMS 0x00000007d8a00000, 0x00000007d8a00000| Complete 
|1734|0x00000007d8c00000, 0x00000007d8e00000, 0x00000007d8e00000|100%| E|CS|TAMS 0x00000007d8c00000, 0x00000007d8c00000| Complete 
|1735|0x00000007d8e00000, 0x00000007d9000000, 0x00000007d9000000|100%| E|CS|TAMS 0x00000007d8e00000, 0x00000007d8e00000| Complete 
|1736|0x00000007d9000000, 0x00000007d9200000, 0x00000007d9200000|100%| E|CS|TAMS 0x00000007d9000000, 0x00000007d9000000| Complete 
|1737|0x00000007d9200000, 0x00000007d9400000, 0x00000007d9400000|100%| E|CS|TAMS 0x00000007d9200000, 0x00000007d9200000| Complete 
|1738|0x00000007d9400000, 0x00000007d9600000, 0x00000007d9600000|100%| E|CS|TAMS 0x00000007d9400000, 0x00000007d9400000| Complete 
|1739|0x00000007d9600000, 0x00000007d9800000, 0x00000007d9800000|100%| E|CS|TAMS 0x00000007d9600000, 0x00000007d9600000| Complete 
|1740|0x00000007d9800000, 0x00000007d9a00000, 0x00000007d9a00000|100%| E|CS|TAMS 0x00000007d9800000, 0x00000007d9800000| Complete 
|1741|0x00000007d9a00000, 0x00000007d9c00000, 0x00000007d9c00000|100%| E|CS|TAMS 0x00000007d9a00000, 0x00000007d9a00000| Complete 
|1742|0x00000007d9c00000, 0x00000007d9e00000, 0x00000007d9e00000|100%| E|CS|TAMS 0x00000007d9c00000, 0x00000007d9c00000| Complete 
|1743|0x00000007d9e00000, 0x00000007da000000, 0x00000007da000000|100%| E|CS|TAMS 0x00000007d9e00000, 0x00000007d9e00000| Complete 
|1744|0x00000007da000000, 0x00000007da200000, 0x00000007da200000|100%| E|CS|TAMS 0x00000007da000000, 0x00000007da000000| Complete 
|1745|0x00000007da200000, 0x00000007da400000, 0x00000007da400000|100%| E|CS|TAMS 0x00000007da200000, 0x00000007da200000| Complete 
|1746|0x00000007da400000, 0x00000007da600000, 0x00000007da600000|100%| E|CS|TAMS 0x00000007da400000, 0x00000007da400000| Complete 
|1747|0x00000007da600000, 0x00000007da800000, 0x00000007da800000|100%| E|CS|TAMS 0x00000007da600000, 0x00000007da600000| Complete 
|1748|0x00000007da800000, 0x00000007daa00000, 0x00000007daa00000|100%| E|CS|TAMS 0x00000007da800000, 0x00000007da800000| Complete 
|1749|0x00000007daa00000, 0x00000007dac00000, 0x00000007dac00000|100%| E|CS|TAMS 0x00000007daa00000, 0x00000007daa00000| Complete 
|1750|0x00000007dac00000, 0x00000007dae00000, 0x00000007dae00000|100%| E|CS|TAMS 0x00000007dac00000, 0x00000007dac00000| Complete 
|1751|0x00000007dae00000, 0x00000007db000000, 0x00000007db000000|100%| E|CS|TAMS 0x00000007dae00000, 0x00000007dae00000| Complete 
|1752|0x00000007db000000, 0x00000007db200000, 0x00000007db200000|100%| E|CS|TAMS 0x00000007db000000, 0x00000007db000000| Complete 
|1753|0x00000007db200000, 0x00000007db400000, 0x00000007db400000|100%| E|CS|TAMS 0x00000007db200000, 0x00000007db200000| Complete 
|1754|0x00000007db400000, 0x00000007db600000, 0x00000007db600000|100%| E|CS|TAMS 0x00000007db400000, 0x00000007db400000| Complete 
|1755|0x00000007db600000, 0x00000007db800000, 0x00000007db800000|100%| E|CS|TAMS 0x00000007db600000, 0x00000007db600000| Complete 
|1756|0x00000007db800000, 0x00000007dba00000, 0x00000007dba00000|100%| E|CS|TAMS 0x00000007db800000, 0x00000007db800000| Complete 
|1757|0x00000007dba00000, 0x00000007dbc00000, 0x00000007dbc00000|100%| E|CS|TAMS 0x00000007dba00000, 0x00000007dba00000| Complete 
|1758|0x00000007dbc00000, 0x00000007dbe00000, 0x00000007dbe00000|100%| E|CS|TAMS 0x00000007dbc00000, 0x00000007dbc00000| Complete 
|1759|0x00000007dbe00000, 0x00000007dc000000, 0x00000007dc000000|100%| E|CS|TAMS 0x00000007dbe00000, 0x00000007dbe00000| Complete 
|1760|0x00000007dc000000, 0x00000007dc200000, 0x00000007dc200000|100%| E|CS|TAMS 0x00000007dc000000, 0x00000007dc000000| Complete 
|1761|0x00000007dc200000, 0x00000007dc400000, 0x00000007dc400000|100%| E|CS|TAMS 0x00000007dc200000, 0x00000007dc200000| Complete 
|1762|0x00000007dc400000, 0x00000007dc600000, 0x00000007dc600000|100%| E|CS|TAMS 0x00000007dc400000, 0x00000007dc400000| Complete 
|1763|0x00000007dc600000, 0x00000007dc800000, 0x00000007dc800000|100%| E|CS|TAMS 0x00000007dc600000, 0x00000007dc600000| Complete 
|1764|0x00000007dc800000, 0x00000007dca00000, 0x00000007dca00000|100%| E|CS|TAMS 0x00000007dc800000, 0x00000007dc800000| Complete 
|1765|0x00000007dca00000, 0x00000007dcc00000, 0x00000007dcc00000|100%| E|CS|TAMS 0x00000007dca00000, 0x00000007dca00000| Complete 
|1766|0x00000007dcc00000, 0x00000007dce00000, 0x00000007dce00000|100%| E|CS|TAMS 0x00000007dcc00000, 0x00000007dcc00000| Complete 
|1767|0x00000007dce00000, 0x00000007dd000000, 0x00000007dd000000|100%| E|CS|TAMS 0x00000007dce00000, 0x00000007dce00000| Complete 
|1768|0x00000007dd000000, 0x00000007dd200000, 0x00000007dd200000|100%| E|CS|TAMS 0x00000007dd000000, 0x00000007dd000000| Complete 
|1769|0x00000007dd200000, 0x00000007dd400000, 0x00000007dd400000|100%| E|CS|TAMS 0x00000007dd200000, 0x00000007dd200000| Complete 
|1770|0x00000007dd400000, 0x00000007dd600000, 0x00000007dd600000|100%| E|CS|TAMS 0x00000007dd400000, 0x00000007dd400000| Complete 
|1771|0x00000007dd600000, 0x00000007dd800000, 0x00000007dd800000|100%| E|CS|TAMS 0x00000007dd600000, 0x00000007dd600000| Complete 
|1772|0x00000007dd800000, 0x00000007dda00000, 0x00000007dda00000|100%| E|CS|TAMS 0x00000007dd800000, 0x00000007dd800000| Complete 
|1773|0x00000007dda00000, 0x00000007ddc00000, 0x00000007ddc00000|100%| E|CS|TAMS 0x00000007dda00000, 0x00000007dda00000| Complete 
|1774|0x00000007ddc00000, 0x00000007dde00000, 0x00000007dde00000|100%| E|CS|TAMS 0x00000007ddc00000, 0x00000007ddc00000| Complete 
|1775|0x00000007dde00000, 0x00000007de000000, 0x00000007de000000|100%| E|CS|TAMS 0x00000007dde00000, 0x00000007dde00000| Complete 
|1776|0x00000007de000000, 0x00000007de200000, 0x00000007de200000|100%| E|CS|TAMS 0x00000007de000000, 0x00000007de000000| Complete 
|1777|0x00000007de200000, 0x00000007de400000, 0x00000007de400000|100%| E|CS|TAMS 0x00000007de200000, 0x00000007de200000| Complete 
|1778|0x00000007de400000, 0x00000007de600000, 0x00000007de600000|100%| E|CS|TAMS 0x00000007de400000, 0x00000007de400000| Complete 
|1779|0x00000007de600000, 0x00000007de800000, 0x00000007de800000|100%| E|CS|TAMS 0x00000007de600000, 0x00000007de600000| Complete 
|1780|0x00000007de800000, 0x00000007dea00000, 0x00000007dea00000|100%| E|CS|TAMS 0x00000007de800000, 0x00000007de800000| Complete 
|1781|0x00000007dea00000, 0x00000007dec00000, 0x00000007dec00000|100%| E|CS|TAMS 0x00000007dea00000, 0x00000007dea00000| Complete 
|1782|0x00000007dec00000, 0x00000007dee00000, 0x00000007dee00000|100%| E|CS|TAMS 0x00000007dec00000, 0x00000007dec00000| Complete 
|1783|0x00000007dee00000, 0x00000007df000000, 0x00000007df000000|100%| E|CS|TAMS 0x00000007dee00000, 0x00000007dee00000| Complete 
|1784|0x00000007df000000, 0x00000007df200000, 0x00000007df200000|100%| E|CS|TAMS 0x00000007df000000, 0x00000007df000000| Complete 
|1785|0x00000007df200000, 0x00000007df400000, 0x00000007df400000|100%| E|CS|TAMS 0x00000007df200000, 0x00000007df200000| Complete 
|1786|0x00000007df400000, 0x00000007df600000, 0x00000007df600000|100%| E|CS|TAMS 0x00000007df400000, 0x00000007df400000| Complete 
|1787|0x00000007df600000, 0x00000007df800000, 0x00000007df800000|100%| E|CS|TAMS 0x00000007df600000, 0x00000007df600000| Complete 
|1788|0x00000007df800000, 0x00000007dfa00000, 0x00000007dfa00000|100%| E|CS|TAMS 0x00000007df800000, 0x00000007df800000| Complete 
|1789|0x00000007dfa00000, 0x00000007dfc00000, 0x00000007dfc00000|100%| E|CS|TAMS 0x00000007dfa00000, 0x00000007dfa00000| Complete 
|1790|0x00000007dfc00000, 0x00000007dfe00000, 0x00000007dfe00000|100%| E|CS|TAMS 0x00000007dfc00000, 0x00000007dfc00000| Complete 
|1791|0x00000007dfe00000, 0x00000007e0000000, 0x00000007e0000000|100%| E|CS|TAMS 0x00000007dfe00000, 0x00000007dfe00000| Complete 
|1792|0x00000007e0000000, 0x00000007e0200000, 0x00000007e0200000|100%| E|CS|TAMS 0x00000007e0000000, 0x00000007e0000000| Complete 
|1793|0x00000007e0200000, 0x00000007e0400000, 0x00000007e0400000|100%| E|CS|TAMS 0x00000007e0200000, 0x00000007e0200000| Complete 
|1794|0x00000007e0400000, 0x00000007e0600000, 0x00000007e0600000|100%| E|CS|TAMS 0x00000007e0400000, 0x00000007e0400000| Complete 
|1795|0x00000007e0600000, 0x00000007e0800000, 0x00000007e0800000|100%| E|CS|TAMS 0x00000007e0600000, 0x00000007e0600000| Complete 
|1796|0x00000007e0800000, 0x00000007e0a00000, 0x00000007e0a00000|100%| E|CS|TAMS 0x00000007e0800000, 0x00000007e0800000| Complete 
|1797|0x00000007e0a00000, 0x00000007e0c00000, 0x00000007e0c00000|100%| E|CS|TAMS 0x00000007e0a00000, 0x00000007e0a00000| Complete 
|1798|0x00000007e0c00000, 0x00000007e0e00000, 0x00000007e0e00000|100%| E|CS|TAMS 0x00000007e0c00000, 0x00000007e0c00000| Complete 
|1799|0x00000007e0e00000, 0x00000007e1000000, 0x00000007e1000000|100%| E|CS|TAMS 0x00000007e0e00000, 0x00000007e0e00000| Complete 
|1800|0x00000007e1000000, 0x00000007e1200000, 0x00000007e1200000|100%| E|CS|TAMS 0x00000007e1000000, 0x00000007e1000000| Complete 
|1801|0x00000007e1200000, 0x00000007e1400000, 0x00000007e1400000|100%| E|CS|TAMS 0x00000007e1200000, 0x00000007e1200000| Complete 
|1802|0x00000007e1400000, 0x00000007e1600000, 0x00000007e1600000|100%| E|CS|TAMS 0x00000007e1400000, 0x00000007e1400000| Complete 
|1803|0x00000007e1600000, 0x00000007e1800000, 0x00000007e1800000|100%| E|CS|TAMS 0x00000007e1600000, 0x00000007e1600000| Complete 
|1804|0x00000007e1800000, 0x00000007e1a00000, 0x00000007e1a00000|100%| E|CS|TAMS 0x00000007e1800000, 0x00000007e1800000| Complete 
|1805|0x00000007e1a00000, 0x00000007e1c00000, 0x00000007e1c00000|100%| E|CS|TAMS 0x00000007e1a00000, 0x00000007e1a00000| Complete 
|1806|0x00000007e1c00000, 0x00000007e1e00000, 0x00000007e1e00000|100%| E|CS|TAMS 0x00000007e1c00000, 0x00000007e1c00000| Complete 
|1807|0x00000007e1e00000, 0x00000007e2000000, 0x00000007e2000000|100%| E|CS|TAMS 0x00000007e1e00000, 0x00000007e1e00000| Complete 
|1808|0x00000007e2000000, 0x00000007e2200000, 0x00000007e2200000|100%| E|CS|TAMS 0x00000007e2000000, 0x00000007e2000000| Complete 
|1809|0x00000007e2200000, 0x00000007e2400000, 0x00000007e2400000|100%| E|CS|TAMS 0x00000007e2200000, 0x00000007e2200000| Complete 
|1810|0x00000007e2400000, 0x00000007e2600000, 0x00000007e2600000|100%| E|CS|TAMS 0x00000007e2400000, 0x00000007e2400000| Complete 
|1811|0x00000007e2600000, 0x00000007e2800000, 0x00000007e2800000|100%| E|CS|TAMS 0x00000007e2600000, 0x00000007e2600000| Complete 
|1812|0x00000007e2800000, 0x00000007e2a00000, 0x00000007e2a00000|100%| E|CS|TAMS 0x00000007e2800000, 0x00000007e2800000| Complete 
|1813|0x00000007e2a00000, 0x00000007e2c00000, 0x00000007e2c00000|100%| E|CS|TAMS 0x00000007e2a00000, 0x00000007e2a00000| Complete 
|1814|0x00000007e2c00000, 0x00000007e2e00000, 0x00000007e2e00000|100%| E|CS|TAMS 0x00000007e2c00000, 0x00000007e2c00000| Complete 
|1815|0x00000007e2e00000, 0x00000007e3000000, 0x00000007e3000000|100%| E|CS|TAMS 0x00000007e2e00000, 0x00000007e2e00000| Complete 
|1816|0x00000007e3000000, 0x00000007e3200000, 0x00000007e3200000|100%| E|CS|TAMS 0x00000007e3000000, 0x00000007e3000000| Complete 
|1817|0x00000007e3200000, 0x00000007e3400000, 0x00000007e3400000|100%| E|CS|TAMS 0x00000007e3200000, 0x00000007e3200000| Complete 
|1818|0x00000007e3400000, 0x00000007e3600000, 0x00000007e3600000|100%| E|CS|TAMS 0x00000007e3400000, 0x00000007e3400000| Complete 
|1819|0x00000007e3600000, 0x00000007e3800000, 0x00000007e3800000|100%| E|CS|TAMS 0x00000007e3600000, 0x00000007e3600000| Complete 
|1820|0x00000007e3800000, 0x00000007e3a00000, 0x00000007e3a00000|100%| E|CS|TAMS 0x00000007e3800000, 0x00000007e3800000| Complete 
|1821|0x00000007e3a00000, 0x00000007e3c00000, 0x00000007e3c00000|100%| E|CS|TAMS 0x00000007e3a00000, 0x00000007e3a00000| Complete 
|1822|0x00000007e3c00000, 0x00000007e3e00000, 0x00000007e3e00000|100%| E|CS|TAMS 0x00000007e3c00000, 0x00000007e3c00000| Complete 
|1823|0x00000007e3e00000, 0x00000007e4000000, 0x00000007e4000000|100%| E|CS|TAMS 0x00000007e3e00000, 0x00000007e3e00000| Complete 
|1824|0x00000007e4000000, 0x00000007e4200000, 0x00000007e4200000|100%| E|CS|TAMS 0x00000007e4000000, 0x00000007e4000000| Complete 
|1825|0x00000007e4200000, 0x00000007e4400000, 0x00000007e4400000|100%| E|CS|TAMS 0x00000007e4200000, 0x00000007e4200000| Complete 
|1826|0x00000007e4400000, 0x00000007e4600000, 0x00000007e4600000|100%| E|CS|TAMS 0x00000007e4400000, 0x00000007e4400000| Complete 
|1827|0x00000007e4600000, 0x00000007e4800000, 0x00000007e4800000|100%| E|CS|TAMS 0x00000007e4600000, 0x00000007e4600000| Complete 
|1828|0x00000007e4800000, 0x00000007e4a00000, 0x00000007e4a00000|100%| E|CS|TAMS 0x00000007e4800000, 0x00000007e4800000| Complete 
|1829|0x00000007e4a00000, 0x00000007e4c00000, 0x00000007e4c00000|100%| E|CS|TAMS 0x00000007e4a00000, 0x00000007e4a00000| Complete 
|1830|0x00000007e4c00000, 0x00000007e4e00000, 0x00000007e4e00000|100%| E|CS|TAMS 0x00000007e4c00000, 0x00000007e4c00000| Complete 
|1831|0x00000007e4e00000, 0x00000007e5000000, 0x00000007e5000000|100%| E|CS|TAMS 0x00000007e4e00000, 0x00000007e4e00000| Complete 
|1832|0x00000007e5000000, 0x00000007e5200000, 0x00000007e5200000|100%| E|CS|TAMS 0x00000007e5000000, 0x00000007e5000000| Complete 
|1833|0x00000007e5200000, 0x00000007e5400000, 0x00000007e5400000|100%| E|CS|TAMS 0x00000007e5200000, 0x00000007e5200000| Complete 
|1834|0x00000007e5400000, 0x00000007e5600000, 0x00000007e5600000|100%| E|CS|TAMS 0x00000007e5400000, 0x00000007e5400000| Complete 
|1835|0x00000007e5600000, 0x00000007e5800000, 0x00000007e5800000|100%| E|CS|TAMS 0x00000007e5600000, 0x00000007e5600000| Complete 
|1836|0x00000007e5800000, 0x00000007e5a00000, 0x00000007e5a00000|100%| E|CS|TAMS 0x00000007e5800000, 0x00000007e5800000| Complete 
|1837|0x00000007e5a00000, 0x00000007e5c00000, 0x00000007e5c00000|100%| E|CS|TAMS 0x00000007e5a00000, 0x00000007e5a00000| Complete 
|1838|0x00000007e5c00000, 0x00000007e5e00000, 0x00000007e5e00000|100%| E|CS|TAMS 0x00000007e5c00000, 0x00000007e5c00000| Complete 
|1839|0x00000007e5e00000, 0x00000007e6000000, 0x00000007e6000000|100%| E|CS|TAMS 0x00000007e5e00000, 0x00000007e5e00000| Complete 
|1840|0x00000007e6000000, 0x00000007e6200000, 0x00000007e6200000|100%| E|CS|TAMS 0x00000007e6000000, 0x00000007e6000000| Complete 
|1841|0x00000007e6200000, 0x00000007e6400000, 0x00000007e6400000|100%| E|CS|TAMS 0x00000007e6200000, 0x00000007e6200000| Complete 
|1842|0x00000007e6400000, 0x00000007e6600000, 0x00000007e6600000|100%| E|CS|TAMS 0x00000007e6400000, 0x00000007e6400000| Complete 
|1843|0x00000007e6600000, 0x00000007e6800000, 0x00000007e6800000|100%| E|CS|TAMS 0x00000007e6600000, 0x00000007e6600000| Complete 
|1844|0x00000007e6800000, 0x00000007e6a00000, 0x00000007e6a00000|100%| E|CS|TAMS 0x00000007e6800000, 0x00000007e6800000| Complete 
|1845|0x00000007e6a00000, 0x00000007e6c00000, 0x00000007e6c00000|100%| E|CS|TAMS 0x00000007e6a00000, 0x00000007e6a00000| Complete 
|1846|0x00000007e6c00000, 0x00000007e6e00000, 0x00000007e6e00000|100%| E|CS|TAMS 0x00000007e6c00000, 0x00000007e6c00000| Complete 
|1847|0x00000007e6e00000, 0x00000007e7000000, 0x00000007e7000000|100%| E|CS|TAMS 0x00000007e6e00000, 0x00000007e6e00000| Complete 
|1848|0x00000007e7000000, 0x00000007e7200000, 0x00000007e7200000|100%| E|CS|TAMS 0x00000007e7000000, 0x00000007e7000000| Complete 
|1849|0x00000007e7200000, 0x00000007e7400000, 0x00000007e7400000|100%| E|CS|TAMS 0x00000007e7200000, 0x00000007e7200000| Complete 
|1850|0x00000007e7400000, 0x00000007e7600000, 0x00000007e7600000|100%| E|CS|TAMS 0x00000007e7400000, 0x00000007e7400000| Complete 
|1851|0x00000007e7600000, 0x00000007e7800000, 0x00000007e7800000|100%| E|CS|TAMS 0x00000007e7600000, 0x00000007e7600000| Complete 
|1852|0x00000007e7800000, 0x00000007e7a00000, 0x00000007e7a00000|100%| E|CS|TAMS 0x00000007e7800000, 0x00000007e7800000| Complete 
|1853|0x00000007e7a00000, 0x00000007e7c00000, 0x00000007e7c00000|100%| E|CS|TAMS 0x00000007e7a00000, 0x00000007e7a00000| Complete 
|1854|0x00000007e7c00000, 0x00000007e7e00000, 0x00000007e7e00000|100%| E|CS|TAMS 0x00000007e7c00000, 0x00000007e7c00000| Complete 
|1855|0x00000007e7e00000, 0x00000007e8000000, 0x00000007e8000000|100%| E|CS|TAMS 0x00000007e7e00000, 0x00000007e7e00000| Complete 
|1856|0x00000007e8000000, 0x00000007e8200000, 0x00000007e8200000|100%| E|CS|TAMS 0x00000007e8000000, 0x00000007e8000000| Complete 
|1857|0x00000007e8200000, 0x00000007e8400000, 0x00000007e8400000|100%| E|CS|TAMS 0x00000007e8200000, 0x00000007e8200000| Complete 
|1858|0x00000007e8400000, 0x00000007e8600000, 0x00000007e8600000|100%| E|CS|TAMS 0x00000007e8400000, 0x00000007e8400000| Complete 
|1859|0x00000007e8600000, 0x00000007e8800000, 0x00000007e8800000|100%| E|CS|TAMS 0x00000007e8600000, 0x00000007e8600000| Complete 
|1860|0x00000007e8800000, 0x00000007e8a00000, 0x00000007e8a00000|100%| E|CS|TAMS 0x00000007e8800000, 0x00000007e8800000| Complete 
|1861|0x00000007e8a00000, 0x00000007e8c00000, 0x00000007e8c00000|100%| E|CS|TAMS 0x00000007e8a00000, 0x00000007e8a00000| Complete 
|1862|0x00000007e8c00000, 0x00000007e8e00000, 0x00000007e8e00000|100%| E|CS|TAMS 0x00000007e8c00000, 0x00000007e8c00000| Complete 
|1863|0x00000007e8e00000, 0x00000007e9000000, 0x00000007e9000000|100%| E|CS|TAMS 0x00000007e8e00000, 0x00000007e8e00000| Complete 
|1864|0x00000007e9000000, 0x00000007e9200000, 0x00000007e9200000|100%| E|CS|TAMS 0x00000007e9000000, 0x00000007e9000000| Complete 
|1865|0x00000007e9200000, 0x00000007e9400000, 0x00000007e9400000|100%| E|CS|TAMS 0x00000007e9200000, 0x00000007e9200000| Complete 
|1866|0x00000007e9400000, 0x00000007e9600000, 0x00000007e9600000|100%| E|CS|TAMS 0x00000007e9400000, 0x00000007e9400000| Complete 
|1867|0x00000007e9600000, 0x00000007e9800000, 0x00000007e9800000|100%| E|CS|TAMS 0x00000007e9600000, 0x00000007e9600000| Complete 
|1868|0x00000007e9800000, 0x00000007e9a00000, 0x00000007e9a00000|100%| E|CS|TAMS 0x00000007e9800000, 0x00000007e9800000| Complete 
|1869|0x00000007e9a00000, 0x00000007e9c00000, 0x00000007e9c00000|100%| E|CS|TAMS 0x00000007e9a00000, 0x00000007e9a00000| Complete 
|1870|0x00000007e9c00000, 0x00000007e9e00000, 0x00000007e9e00000|100%| E|CS|TAMS 0x00000007e9c00000, 0x00000007e9c00000| Complete 
|1871|0x00000007e9e00000, 0x00000007ea000000, 0x00000007ea000000|100%| E|CS|TAMS 0x00000007e9e00000, 0x00000007e9e00000| Complete 
|1872|0x00000007ea000000, 0x00000007ea200000, 0x00000007ea200000|100%| E|CS|TAMS 0x00000007ea000000, 0x00000007ea000000| Complete 
|1873|0x00000007ea200000, 0x00000007ea400000, 0x00000007ea400000|100%| E|CS|TAMS 0x00000007ea200000, 0x00000007ea200000| Complete 
|1874|0x00000007ea400000, 0x00000007ea600000, 0x00000007ea600000|100%| E|CS|TAMS 0x00000007ea400000, 0x00000007ea400000| Complete 
|1875|0x00000007ea600000, 0x00000007ea800000, 0x00000007ea800000|100%| E|CS|TAMS 0x00000007ea600000, 0x00000007ea600000| Complete 
|1876|0x00000007ea800000, 0x00000007eaa00000, 0x00000007eaa00000|100%| E|CS|TAMS 0x00000007ea800000, 0x00000007ea800000| Complete 
|1877|0x00000007eaa00000, 0x00000007eac00000, 0x00000007eac00000|100%| E|CS|TAMS 0x00000007eaa00000, 0x00000007eaa00000| Complete 
|1878|0x00000007eac00000, 0x00000007eae00000, 0x00000007eae00000|100%| E|CS|TAMS 0x00000007eac00000, 0x00000007eac00000| Complete 
|1879|0x00000007eae00000, 0x00000007eb000000, 0x00000007eb000000|100%| E|CS|TAMS 0x00000007eae00000, 0x00000007eae00000| Complete 
|1880|0x00000007eb000000, 0x00000007eb200000, 0x00000007eb200000|100%| E|CS|TAMS 0x00000007eb000000, 0x00000007eb000000| Complete 
|1881|0x00000007eb200000, 0x00000007eb400000, 0x00000007eb400000|100%| E|CS|TAMS 0x00000007eb200000, 0x00000007eb200000| Complete 
|1882|0x00000007eb400000, 0x00000007eb600000, 0x00000007eb600000|100%| E|CS|TAMS 0x00000007eb400000, 0x00000007eb400000| Complete 
|1883|0x00000007eb600000, 0x00000007eb800000, 0x00000007eb800000|100%| E|CS|TAMS 0x00000007eb600000, 0x00000007eb600000| Complete 
|1884|0x00000007eb800000, 0x00000007eba00000, 0x00000007eba00000|100%| E|CS|TAMS 0x00000007eb800000, 0x00000007eb800000| Complete 
|1885|0x00000007eba00000, 0x00000007ebc00000, 0x00000007ebc00000|100%| E|CS|TAMS 0x00000007eba00000, 0x00000007eba00000| Complete 
|1886|0x00000007ebc00000, 0x00000007ebe00000, 0x00000007ebe00000|100%| E|CS|TAMS 0x00000007ebc00000, 0x00000007ebc00000| Complete 
|1887|0x00000007ebe00000, 0x00000007ec000000, 0x00000007ec000000|100%| E|CS|TAMS 0x00000007ebe00000, 0x00000007ebe00000| Complete 
|1888|0x00000007ec000000, 0x00000007ec200000, 0x00000007ec200000|100%| E|CS|TAMS 0x00000007ec000000, 0x00000007ec000000| Complete 
|1889|0x00000007ec200000, 0x00000007ec400000, 0x00000007ec400000|100%| E|CS|TAMS 0x00000007ec200000, 0x00000007ec200000| Complete 
|1890|0x00000007ec400000, 0x00000007ec600000, 0x00000007ec600000|100%| E|CS|TAMS 0x00000007ec400000, 0x00000007ec400000| Complete 
|1891|0x00000007ec600000, 0x00000007ec800000, 0x00000007ec800000|100%| E|CS|TAMS 0x00000007ec600000, 0x00000007ec600000| Complete 
|1892|0x00000007ec800000, 0x00000007eca00000, 0x00000007eca00000|100%| E|CS|TAMS 0x00000007ec800000, 0x00000007ec800000| Complete 
|1893|0x00000007eca00000, 0x00000007ecc00000, 0x00000007ecc00000|100%| E|CS|TAMS 0x00000007eca00000, 0x00000007eca00000| Complete 
|1894|0x00000007ecc00000, 0x00000007ece00000, 0x00000007ece00000|100%| E|CS|TAMS 0x00000007ecc00000, 0x00000007ecc00000| Complete 
|1895|0x00000007ece00000, 0x00000007ed000000, 0x00000007ed000000|100%| E|CS|TAMS 0x00000007ece00000, 0x00000007ece00000| Complete 
|1896|0x00000007ed000000, 0x00000007ed200000, 0x00000007ed200000|100%| E|CS|TAMS 0x00000007ed000000, 0x00000007ed000000| Complete 
|1897|0x00000007ed200000, 0x00000007ed400000, 0x00000007ed400000|100%| E|CS|TAMS 0x00000007ed200000, 0x00000007ed200000| Complete 
|1898|0x00000007ed400000, 0x00000007ed600000, 0x00000007ed600000|100%| E|CS|TAMS 0x00000007ed400000, 0x00000007ed400000| Complete 
|1899|0x00000007ed600000, 0x00000007ed800000, 0x00000007ed800000|100%| E|CS|TAMS 0x00000007ed600000, 0x00000007ed600000| Complete 
|1900|0x00000007ed800000, 0x00000007eda00000, 0x00000007eda00000|100%| E|CS|TAMS 0x00000007ed800000, 0x00000007ed800000| Complete 
|1901|0x00000007eda00000, 0x00000007edc00000, 0x00000007edc00000|100%| E|CS|TAMS 0x00000007eda00000, 0x00000007eda00000| Complete 
|1902|0x00000007edc00000, 0x00000007ede00000, 0x00000007ede00000|100%| E|CS|TAMS 0x00000007edc00000, 0x00000007edc00000| Complete 
|1903|0x00000007ede00000, 0x00000007ee000000, 0x00000007ee000000|100%| E|CS|TAMS 0x00000007ede00000, 0x00000007ede00000| Complete 
|1904|0x00000007ee000000, 0x00000007ee200000, 0x00000007ee200000|100%| E|CS|TAMS 0x00000007ee000000, 0x00000007ee000000| Complete 
|1905|0x00000007ee200000, 0x00000007ee400000, 0x00000007ee400000|100%| E|CS|TAMS 0x00000007ee200000, 0x00000007ee200000| Complete 
|1906|0x00000007ee400000, 0x00000007ee600000, 0x00000007ee600000|100%| E|CS|TAMS 0x00000007ee400000, 0x00000007ee400000| Complete 
|1907|0x00000007ee600000, 0x00000007ee800000, 0x00000007ee800000|100%| E|CS|TAMS 0x00000007ee600000, 0x00000007ee600000| Complete 
|1908|0x00000007ee800000, 0x00000007eea00000, 0x00000007eea00000|100%| E|CS|TAMS 0x00000007ee800000, 0x00000007ee800000| Complete 
|1909|0x00000007eea00000, 0x00000007eec00000, 0x00000007eec00000|100%| E|CS|TAMS 0x00000007eea00000, 0x00000007eea00000| Complete 
|1910|0x00000007eec00000, 0x00000007eee00000, 0x00000007eee00000|100%| E|CS|TAMS 0x00000007eec00000, 0x00000007eec00000| Complete 
|1911|0x00000007eee00000, 0x00000007ef000000, 0x00000007ef000000|100%| E|CS|TAMS 0x00000007eee00000, 0x00000007eee00000| Complete 
|1912|0x00000007ef000000, 0x00000007ef200000, 0x00000007ef200000|100%| E|CS|TAMS 0x00000007ef000000, 0x00000007ef000000| Complete 
|1913|0x00000007ef200000, 0x00000007ef400000, 0x00000007ef400000|100%| E|CS|TAMS 0x00000007ef200000, 0x00000007ef200000| Complete 
|1914|0x00000007ef400000, 0x00000007ef600000, 0x00000007ef600000|100%| E|CS|TAMS 0x00000007ef400000, 0x00000007ef400000| Complete 
|1915|0x00000007ef600000, 0x00000007ef800000, 0x00000007ef800000|100%| E|CS|TAMS 0x00000007ef600000, 0x00000007ef600000| Complete 
|1916|0x00000007ef800000, 0x00000007efa00000, 0x00000007efa00000|100%| E|CS|TAMS 0x00000007ef800000, 0x00000007ef800000| Complete 
|1917|0x00000007efa00000, 0x00000007efc00000, 0x00000007efc00000|100%| E|CS|TAMS 0x00000007efa00000, 0x00000007efa00000| Complete 
|1918|0x00000007efc00000, 0x00000007efe00000, 0x00000007efe00000|100%| E|CS|TAMS 0x00000007efc00000, 0x00000007efc00000| Complete 
|1919|0x00000007efe00000, 0x00000007f0000000, 0x00000007f0000000|100%| E|CS|TAMS 0x00000007efe00000, 0x00000007efe00000| Complete 
|1920|0x00000007f0000000, 0x00000007f0200000, 0x00000007f0200000|100%| E|CS|TAMS 0x00000007f0000000, 0x00000007f0000000| Complete 
|1921|0x00000007f0200000, 0x00000007f0400000, 0x00000007f0400000|100%| E|CS|TAMS 0x00000007f0200000, 0x00000007f0200000| Complete 
|1922|0x00000007f0400000, 0x00000007f0600000, 0x00000007f0600000|100%| E|CS|TAMS 0x00000007f0400000, 0x00000007f0400000| Complete 
|1923|0x00000007f0600000, 0x00000007f0800000, 0x00000007f0800000|100%| E|CS|TAMS 0x00000007f0600000, 0x00000007f0600000| Complete 
|1924|0x00000007f0800000, 0x00000007f0a00000, 0x00000007f0a00000|100%| E|CS|TAMS 0x00000007f0800000, 0x00000007f0800000| Complete 
|1925|0x00000007f0a00000, 0x00000007f0c00000, 0x00000007f0c00000|100%| E|CS|TAMS 0x00000007f0a00000, 0x00000007f0a00000| Complete 
|1926|0x00000007f0c00000, 0x00000007f0e00000, 0x00000007f0e00000|100%| E|CS|TAMS 0x00000007f0c00000, 0x00000007f0c00000| Complete 
|1927|0x00000007f0e00000, 0x00000007f1000000, 0x00000007f1000000|100%| E|CS|TAMS 0x00000007f0e00000, 0x00000007f0e00000| Complete 
|1928|0x00000007f1000000, 0x00000007f1200000, 0x00000007f1200000|100%| E|CS|TAMS 0x00000007f1000000, 0x00000007f1000000| Complete 
|1929|0x00000007f1200000, 0x00000007f1400000, 0x00000007f1400000|100%| E|CS|TAMS 0x00000007f1200000, 0x00000007f1200000| Complete 
|1930|0x00000007f1400000, 0x00000007f1600000, 0x00000007f1600000|100%| E|CS|TAMS 0x00000007f1400000, 0x00000007f1400000| Complete 
|1931|0x00000007f1600000, 0x00000007f1800000, 0x00000007f1800000|100%| E|CS|TAMS 0x00000007f1600000, 0x00000007f1600000| Complete 
|1932|0x00000007f1800000, 0x00000007f1a00000, 0x00000007f1a00000|100%| E|CS|TAMS 0x00000007f1800000, 0x00000007f1800000| Complete 
|1933|0x00000007f1a00000, 0x00000007f1c00000, 0x00000007f1c00000|100%| E|CS|TAMS 0x00000007f1a00000, 0x00000007f1a00000| Complete 
|1934|0x00000007f1c00000, 0x00000007f1e00000, 0x00000007f1e00000|100%| E|CS|TAMS 0x00000007f1c00000, 0x00000007f1c00000| Complete 
|1935|0x00000007f1e00000, 0x00000007f2000000, 0x00000007f2000000|100%| E|CS|TAMS 0x00000007f1e00000, 0x00000007f1e00000| Complete 
|1936|0x00000007f2000000, 0x00000007f2200000, 0x00000007f2200000|100%| E|CS|TAMS 0x00000007f2000000, 0x00000007f2000000| Complete 
|1937|0x00000007f2200000, 0x00000007f2400000, 0x00000007f2400000|100%| E|CS|TAMS 0x00000007f2200000, 0x00000007f2200000| Complete 
|1938|0x00000007f2400000, 0x00000007f2600000, 0x00000007f2600000|100%| E|CS|TAMS 0x00000007f2400000, 0x00000007f2400000| Complete 
|1939|0x00000007f2600000, 0x00000007f2800000, 0x00000007f2800000|100%| E|CS|TAMS 0x00000007f2600000, 0x00000007f2600000| Complete 
|1940|0x00000007f2800000, 0x00000007f2a00000, 0x00000007f2a00000|100%| E|CS|TAMS 0x00000007f2800000, 0x00000007f2800000| Complete 
|1941|0x00000007f2a00000, 0x00000007f2c00000, 0x00000007f2c00000|100%| E|CS|TAMS 0x00000007f2a00000, 0x00000007f2a00000| Complete 
|1942|0x00000007f2c00000, 0x00000007f2e00000, 0x00000007f2e00000|100%| E|CS|TAMS 0x00000007f2c00000, 0x00000007f2c00000| Complete 
|1943|0x00000007f2e00000, 0x00000007f3000000, 0x00000007f3000000|100%| E|CS|TAMS 0x00000007f2e00000, 0x00000007f2e00000| Complete 
|1944|0x00000007f3000000, 0x00000007f3200000, 0x00000007f3200000|100%| E|CS|TAMS 0x00000007f3000000, 0x00000007f3000000| Complete 
|1945|0x00000007f3200000, 0x00000007f3400000, 0x00000007f3400000|100%| E|CS|TAMS 0x00000007f3200000, 0x00000007f3200000| Complete 
|1946|0x00000007f3400000, 0x00000007f3600000, 0x00000007f3600000|100%| E|CS|TAMS 0x00000007f3400000, 0x00000007f3400000| Complete 
|1947|0x00000007f3600000, 0x00000007f3800000, 0x00000007f3800000|100%| E|CS|TAMS 0x00000007f3600000, 0x00000007f3600000| Complete 
|1948|0x00000007f3800000, 0x00000007f3a00000, 0x00000007f3a00000|100%| E|CS|TAMS 0x00000007f3800000, 0x00000007f3800000| Complete 
|1949|0x00000007f3a00000, 0x00000007f3c00000, 0x00000007f3c00000|100%| E|CS|TAMS 0x00000007f3a00000, 0x00000007f3a00000| Complete 
|1950|0x00000007f3c00000, 0x00000007f3e00000, 0x00000007f3e00000|100%| S|CS|TAMS 0x00000007f3c00000, 0x00000007f3c00000| Complete 
|1951|0x00000007f3e00000, 0x00000007f4000000, 0x00000007f4000000|100%| S|CS|TAMS 0x00000007f3e00000, 0x00000007f3e00000| Complete 
|1952|0x00000007f4000000, 0x00000007f4200000, 0x00000007f4200000|100%| S|CS|TAMS 0x00000007f4000000, 0x00000007f4000000| Complete 
|1953|0x00000007f4200000, 0x00000007f4400000, 0x00000007f4400000|100%| S|CS|TAMS 0x00000007f4200000, 0x00000007f4200000| Complete 
|1954|0x00000007f4400000, 0x00000007f4600000, 0x00000007f4600000|100%| E|CS|TAMS 0x00000007f4400000, 0x00000007f4400000| Complete 
|1955|0x00000007f4600000, 0x00000007f4800000, 0x00000007f4800000|100%| E|CS|TAMS 0x00000007f4600000, 0x00000007f4600000| Complete 
|1956|0x00000007f4800000, 0x00000007f4a00000, 0x00000007f4a00000|100%| E|CS|TAMS 0x00000007f4800000, 0x00000007f4800000| Complete 
|1957|0x00000007f4a00000, 0x00000007f4c00000, 0x00000007f4c00000|100%| E|CS|TAMS 0x00000007f4a00000, 0x00000007f4a00000| Complete 
|1958|0x00000007f4c00000, 0x00000007f4e00000, 0x00000007f4e00000|100%| E|CS|TAMS 0x00000007f4c00000, 0x00000007f4c00000| Complete 
|1959|0x00000007f4e00000, 0x00000007f5000000, 0x00000007f5000000|100%| E|CS|TAMS 0x00000007f4e00000, 0x00000007f4e00000| Complete 
|1960|0x00000007f5000000, 0x00000007f5200000, 0x00000007f5200000|100%| E|CS|TAMS 0x00000007f5000000, 0x00000007f5000000| Complete 
|1961|0x00000007f5200000, 0x00000007f5400000, 0x00000007f5400000|100%| E|CS|TAMS 0x00000007f5200000, 0x00000007f5200000| Complete 
|1962|0x00000007f5400000, 0x00000007f5600000, 0x00000007f5600000|100%| E|CS|TAMS 0x00000007f5400000, 0x00000007f5400000| Complete 
|1963|0x00000007f5600000, 0x00000007f5800000, 0x00000007f5800000|100%| E|CS|TAMS 0x00000007f5600000, 0x00000007f5600000| Complete 
|1964|0x00000007f5800000, 0x00000007f5a00000, 0x00000007f5a00000|100%| E|CS|TAMS 0x00000007f5800000, 0x00000007f5800000| Complete 
|1965|0x00000007f5a00000, 0x00000007f5c00000, 0x00000007f5c00000|100%| E|CS|TAMS 0x00000007f5a00000, 0x00000007f5a00000| Complete 
|1966|0x00000007f5c00000, 0x00000007f5e00000, 0x00000007f5e00000|100%| E|CS|TAMS 0x00000007f5c00000, 0x00000007f5c00000| Complete 
|1967|0x00000007f5e00000, 0x00000007f6000000, 0x00000007f6000000|100%| E|CS|TAMS 0x00000007f5e00000, 0x00000007f5e00000| Complete 
|1968|0x00000007f6000000, 0x00000007f6200000, 0x00000007f6200000|100%| E|CS|TAMS 0x00000007f6000000, 0x00000007f6000000| Complete 
|1969|0x00000007f6200000, 0x00000007f6400000, 0x00000007f6400000|100%| E|CS|TAMS 0x00000007f6200000, 0x00000007f6200000| Complete 
|1970|0x00000007f6400000, 0x00000007f6600000, 0x00000007f6600000|100%| E|CS|TAMS 0x00000007f6400000, 0x00000007f6400000| Complete 
|1971|0x00000007f6600000, 0x00000007f6800000, 0x00000007f6800000|100%| E|CS|TAMS 0x00000007f6600000, 0x00000007f6600000| Complete 
|1972|0x00000007f6800000, 0x00000007f6a00000, 0x00000007f6a00000|100%| E|CS|TAMS 0x00000007f6800000, 0x00000007f6800000| Complete 
|1973|0x00000007f6a00000, 0x00000007f6c00000, 0x00000007f6c00000|100%| E|CS|TAMS 0x00000007f6a00000, 0x00000007f6a00000| Complete 
|1974|0x00000007f6c00000, 0x00000007f6e00000, 0x00000007f6e00000|100%| E|CS|TAMS 0x00000007f6c00000, 0x00000007f6c00000| Complete 
|1975|0x00000007f6e00000, 0x00000007f7000000, 0x00000007f7000000|100%| E|CS|TAMS 0x00000007f6e00000, 0x00000007f6e00000| Complete 
|1976|0x00000007f7000000, 0x00000007f7200000, 0x00000007f7200000|100%| E|CS|TAMS 0x00000007f7000000, 0x00000007f7000000| Complete 
|1977|0x00000007f7200000, 0x00000007f7400000, 0x00000007f7400000|100%| E|CS|TAMS 0x00000007f7200000, 0x00000007f7200000| Complete 
|1978|0x00000007f7400000, 0x00000007f7600000, 0x00000007f7600000|100%| E|CS|TAMS 0x00000007f7400000, 0x00000007f7400000| Complete 
|1979|0x00000007f7600000, 0x00000007f7800000, 0x00000007f7800000|100%| E|CS|TAMS 0x00000007f7600000, 0x00000007f7600000| Complete 
|1980|0x00000007f7800000, 0x00000007f7a00000, 0x00000007f7a00000|100%| E|CS|TAMS 0x00000007f7800000, 0x00000007f7800000| Complete 
|1981|0x00000007f7a00000, 0x00000007f7c00000, 0x00000007f7c00000|100%| E|CS|TAMS 0x00000007f7a00000, 0x00000007f7a00000| Complete 
|1982|0x00000007f7c00000, 0x00000007f7e00000, 0x00000007f7e00000|100%| E|CS|TAMS 0x00000007f7c00000, 0x00000007f7c00000| Complete 
|1983|0x00000007f7e00000, 0x00000007f8000000, 0x00000007f8000000|100%| E|CS|TAMS 0x00000007f7e00000, 0x00000007f7e00000| Complete 
|1984|0x00000007f8000000, 0x00000007f8200000, 0x00000007f8200000|100%| E|CS|TAMS 0x00000007f8000000, 0x00000007f8000000| Complete 
|1985|0x00000007f8200000, 0x00000007f8400000, 0x00000007f8400000|100%| E|CS|TAMS 0x00000007f8200000, 0x00000007f8200000| Complete 
|1986|0x00000007f8400000, 0x00000007f8600000, 0x00000007f8600000|100%| E|CS|TAMS 0x00000007f8400000, 0x00000007f8400000| Complete 
|1987|0x00000007f8600000, 0x00000007f8800000, 0x00000007f8800000|100%| E|CS|TAMS 0x00000007f8600000, 0x00000007f8600000| Complete 
|1988|0x00000007f8800000, 0x00000007f8a00000, 0x00000007f8a00000|100%| E|CS|TAMS 0x00000007f8800000, 0x00000007f8800000| Complete 
|1989|0x00000007f8a00000, 0x00000007f8c00000, 0x00000007f8c00000|100%| E|CS|TAMS 0x00000007f8a00000, 0x00000007f8a00000| Complete 
|1990|0x00000007f8c00000, 0x00000007f8e00000, 0x00000007f8e00000|100%| E|CS|TAMS 0x00000007f8c00000, 0x00000007f8c00000| Complete 
|1991|0x00000007f8e00000, 0x00000007f9000000, 0x00000007f9000000|100%| E|CS|TAMS 0x00000007f8e00000, 0x00000007f8e00000| Complete 
|1992|0x00000007f9000000, 0x00000007f9200000, 0x00000007f9200000|100%| E|CS|TAMS 0x00000007f9000000, 0x00000007f9000000| Complete 
|1993|0x00000007f9200000, 0x00000007f9400000, 0x00000007f9400000|100%| E|CS|TAMS 0x00000007f9200000, 0x00000007f9200000| Complete 
|1994|0x00000007f9400000, 0x00000007f9600000, 0x00000007f9600000|100%| E|CS|TAMS 0x00000007f9400000, 0x00000007f9400000| Complete 
|1995|0x00000007f9600000, 0x00000007f9800000, 0x00000007f9800000|100%| E|CS|TAMS 0x00000007f9600000, 0x00000007f9600000| Complete 
|1996|0x00000007f9800000, 0x00000007f9a00000, 0x00000007f9a00000|100%| E|CS|TAMS 0x00000007f9800000, 0x00000007f9800000| Complete 
|1997|0x00000007f9a00000, 0x00000007f9c00000, 0x00000007f9c00000|100%| E|CS|TAMS 0x00000007f9a00000, 0x00000007f9a00000| Complete 
|1998|0x00000007f9c00000, 0x00000007f9e00000, 0x00000007f9e00000|100%| E|CS|TAMS 0x00000007f9c00000, 0x00000007f9c00000| Complete 
|1999|0x00000007f9e00000, 0x00000007fa000000, 0x00000007fa000000|100%| E|CS|TAMS 0x00000007f9e00000, 0x00000007f9e00000| Complete 
|2000|0x00000007fa000000, 0x00000007fa200000, 0x00000007fa200000|100%| E|CS|TAMS 0x00000007fa000000, 0x00000007fa000000| Complete 
|2001|0x00000007fa200000, 0x00000007fa400000, 0x00000007fa400000|100%| E|CS|TAMS 0x00000007fa200000, 0x00000007fa200000| Complete 
|2002|0x00000007fa400000, 0x00000007fa600000, 0x00000007fa600000|100%| E|CS|TAMS 0x00000007fa400000, 0x00000007fa400000| Complete 
|2003|0x00000007fa600000, 0x00000007fa800000, 0x00000007fa800000|100%| E|CS|TAMS 0x00000007fa600000, 0x00000007fa600000| Complete 
|2004|0x00000007fa800000, 0x00000007faa00000, 0x00000007faa00000|100%| E|CS|TAMS 0x00000007fa800000, 0x00000007fa800000| Complete 
|2005|0x00000007faa00000, 0x00000007fac00000, 0x00000007fac00000|100%| E|CS|TAMS 0x00000007faa00000, 0x00000007faa00000| Complete 
|2006|0x00000007fac00000, 0x00000007fae00000, 0x00000007fae00000|100%| E|CS|TAMS 0x00000007fac00000, 0x00000007fac00000| Complete 
|2007|0x00000007fae00000, 0x00000007fb000000, 0x00000007fb000000|100%| E|CS|TAMS 0x00000007fae00000, 0x00000007fae00000| Complete 
|2008|0x00000007fb000000, 0x00000007fb200000, 0x00000007fb200000|100%| E|CS|TAMS 0x00000007fb000000, 0x00000007fb000000| Complete 
|2009|0x00000007fb200000, 0x00000007fb400000, 0x00000007fb400000|100%| E|CS|TAMS 0x00000007fb200000, 0x00000007fb200000| Complete 
|2010|0x00000007fb400000, 0x00000007fb600000, 0x00000007fb600000|100%| E|CS|TAMS 0x00000007fb400000, 0x00000007fb400000| Complete 
|2011|0x00000007fb600000, 0x00000007fb800000, 0x00000007fb800000|100%| E|CS|TAMS 0x00000007fb600000, 0x00000007fb600000| Complete 
|2012|0x00000007fb800000, 0x00000007fba00000, 0x00000007fba00000|100%| E|CS|TAMS 0x00000007fb800000, 0x00000007fb800000| Complete 
|2013|0x00000007fba00000, 0x00000007fbc00000, 0x00000007fbc00000|100%| E|CS|TAMS 0x00000007fba00000, 0x00000007fba00000| Complete 
|2014|0x00000007fbc00000, 0x00000007fbe00000, 0x00000007fbe00000|100%| E|CS|TAMS 0x00000007fbc00000, 0x00000007fbc00000| Complete 
|2015|0x00000007fbe00000, 0x00000007fc000000, 0x00000007fc000000|100%| E|CS|TAMS 0x00000007fbe00000, 0x00000007fbe00000| Complete 
|2016|0x00000007fc000000, 0x00000007fc200000, 0x00000007fc200000|100%| E|CS|TAMS 0x00000007fc000000, 0x00000007fc000000| Complete 
|2017|0x00000007fc200000, 0x00000007fc400000, 0x00000007fc400000|100%| E|CS|TAMS 0x00000007fc200000, 0x00000007fc200000| Complete 
|2018|0x00000007fc400000, 0x00000007fc600000, 0x00000007fc600000|100%| E|CS|TAMS 0x00000007fc400000, 0x00000007fc400000| Complete 
|2019|0x00000007fc600000, 0x00000007fc800000, 0x00000007fc800000|100%| E|CS|TAMS 0x00000007fc600000, 0x00000007fc600000| Complete 
|2020|0x00000007fc800000, 0x00000007fca00000, 0x00000007fca00000|100%| E|CS|TAMS 0x00000007fc800000, 0x00000007fc800000| Complete 
|2021|0x00000007fca00000, 0x00000007fcc00000, 0x00000007fcc00000|100%| E|CS|TAMS 0x00000007fca00000, 0x00000007fca00000| Complete 
|2022|0x00000007fcc00000, 0x00000007fce00000, 0x00000007fce00000|100%| E|CS|TAMS 0x00000007fcc00000, 0x00000007fcc00000| Complete 
|2023|0x00000007fce00000, 0x00000007fd000000, 0x00000007fd000000|100%| E|CS|TAMS 0x00000007fce00000, 0x00000007fce00000| Complete 
|2024|0x00000007fd000000, 0x00000007fd200000, 0x00000007fd200000|100%| E|CS|TAMS 0x00000007fd000000, 0x00000007fd000000| Complete 
|2025|0x00000007fd200000, 0x00000007fd400000, 0x00000007fd400000|100%| E|CS|TAMS 0x00000007fd200000, 0x00000007fd200000| Complete 
|2026|0x00000007fd400000, 0x00000007fd600000, 0x00000007fd600000|100%| E|CS|TAMS 0x00000007fd400000, 0x00000007fd400000| Complete 
|2027|0x00000007fd600000, 0x00000007fd800000, 0x00000007fd800000|100%| E|CS|TAMS 0x00000007fd600000, 0x00000007fd600000| Complete 
|2028|0x00000007fd800000, 0x00000007fda00000, 0x00000007fda00000|100%| E|CS|TAMS 0x00000007fd800000, 0x00000007fd800000| Complete 
|2043|0x00000007ff600000, 0x00000007ff800000, 0x00000007ff800000|100%| E|CS|TAMS 0x00000007ff600000, 0x00000007ff600000| Complete 
|2044|0x00000007ff800000, 0x00000007ffa00000, 0x00000007ffa00000|100%| E|CS|TAMS 0x00000007ff800000, 0x00000007ff800000| Complete 
|2045|0x00000007ffa00000, 0x00000007ffc00000, 0x00000007ffc00000|100%| E|CS|TAMS 0x00000007ffa00000, 0x00000007ffa00000| Complete 
|2046|0x00000007ffc00000, 0x00000007ffd6c000, 0x00000007ffe00000| 71%|OA|  |TAMS 0x00000007ffd6c000, 0x00000007ffd6c000| Untracked 
|2047|0x00000007ffe00000, 0x00000007ffe70000, 0x0000000800000000| 21%|CA|  |TAMS 0x00000007ffe70000, 0x00000007ffe70000| Untracked 

Card table byte_map: [0x00000001089e8000,0x00000001091e8000] _byte_map_base: 0x00000001051e8000

Marking Bits (Prev, Next): (CMBitMap*) 0x000000011180a610, (CMBitMap*) 0x000000011180a650
 Prev Bits: [0x00000001099e8000, 0x000000010d9e8000)
 Next Bits: [0x0000000112800000, 0x0000000116800000)

Polling page: 0x0000000100d1c000

Metaspace:

Usage:
  Non-class:    268.41 MB used.
      Class:     55.58 MB used.
       Both:    323.99 MB used.

Virtual space:
  Non-class space:      320.00 MB reserved,     269.81 MB ( 84%) committed,  5 nodes.
      Class space:        1.00 GB reserved,      56.62 MB (  6%) committed,  1 nodes.
             Both:        1.31 GB reserved,     326.44 MB ( 24%) committed. 

Chunk freelists:
   Non-Class:  2.09 MB
       Class:  7.39 MB
        Both:  9.48 MB

MaxMetaspaceSize: unlimited
CompressedClassSpaceSize: 1.00 GB
Initial GC threshold: 21.00 MB
Current GC threshold: 522.19 MB
CDS: on
MetaspaceReclaimPolicy: balanced
 - commit_granule_bytes: 65536.
 - commit_granule_words: 8192.
 - virtual_space_node_default_size: 8388608.
 - enlarge_chunks_in_place: 1.
 - new_chunks_are_fully_committed: 0.
 - uncommit_free_chunks: 1.
 - use_allocation_guard: 0.
 - handle_deallocations: 1.


Internal statistics:

num_allocs_failed_limit: 39.
num_arena_births: 4068.
num_arena_deaths: 18.
num_vsnodes_births: 6.
num_vsnodes_deaths: 0.
num_space_committed: 5211.
num_space_uncommitted: 0.
num_chunks_returned_to_freelist: 63.
num_chunks_taken_from_freelist: 17032.
num_chunk_merges: 44.
num_chunk_splits: 12289.
num_chunks_enlarged: 9824.
num_inconsistent_stats: 0.

CodeHeap 'non-profiled nmethods': size=120032Kb used=31982Kb max_used=32395Kb free=88049Kb
 bounds [0x000000013fac8000, 0x0000000141a78000, 0x0000000147000000]
CodeHeap 'profiled nmethods': size=120016Kb used=55589Kb max_used=56620Kb free=64426Kb
 bounds [0x0000000138000000, 0x000000013b750000, 0x000000013f534000]
CodeHeap 'non-nmethods': size=5712Kb used=3334Kb max_used=3485Kb free=2377Kb
 bounds [0x000000013f534000, 0x000000013f8b4000, 0x000000013fac8000]
 total_blobs=34782 nmethods=31479 adapters=3218
 compilation: enabled
              stopped_count=0, restarted_count=0
 full_count=0

Compilation events (20 events):
Event: 672.633 Thread 0x00000001218df200 66510       1       net.minecraft.class_638$class_5271::method_217 (5 bytes)
Event: 672.633 Thread 0x00000001218df200 nmethod 66510 0x000000014188ac10 code [0x000000014188ad80, 0x000000014188ae18]
Event: 672.633 Thread 0x00000001218df200 66507       1       com.simibubi.create.content.contraptions.bearing.WindmillBearingBlockEntity::isWindmill (2 bytes)
Event: 672.633 Thread 0x00000001218df200 nmethod 66507 0x000000014188a890 code [0x000000014188aa00, 0x000000014188aad8]
Event: 672.633 Thread 0x00000001218df200 66508       1       com.simibubi.create.content.contraptions.bearing.BearingContraption::getSailBlocks (5 bytes)
Event: 672.633 Thread 0x00000001218df200 nmethod 66508 0x0000000140ea2390 code [0x0000000140ea2500, 0x0000000140ea2598]
Event: 672.634 Thread 0x00000001218df200 66511       2       it.unimi.dsi.fastutil.longs.Long2ReferenceOpenHashMap$MapIterator::hasNext (13 bytes)
Event: 672.634 Thread 0x00000001218dec00 nmethod 66158 0x0000000140ad2b90 code [0x0000000140ad2d40, 0x0000000140ad2f30]
Event: 672.634 Thread 0x00000001218dec00 66437       4       it.unimi.dsi.fastutil.ints.Int2ObjectLinkedOpenHashMap$MapIterator::hasNext (14 bytes)
Event: 672.634 Thread 0x00000001218df200 nmethod 66511 0x000000013815cb90 code [0x000000013815cd00, 0x000000013815ce18]
Event: 672.634 Thread 0x00000001218dec00 nmethod 66437 0x0000000140ad2890 code [0x0000000140ad2a00, 0x0000000140ad2a90]
Event: 672.634 Thread 0x00000001218dec00 66496       4       java.util.concurrent.ConcurrentLinkedDeque::isEmpty (13 bytes)
Event: 672.638 Thread 0x00000001218dec00 nmethod 66496 0x0000000140bd6890 code [0x0000000140bd6a40, 0x0000000140bd6b90]
Event: 672.638 Thread 0x00000001218dec00 66141       4       net.minecraft.class_3727::method_27866 (40 bytes)
Event: 672.643 Thread 0x00000001218dec00 nmethod 66141 0x0000000141338390 code [0x0000000141338580, 0x0000000141338920]
Event: 672.643 Thread 0x00000001218dec00 66150       4       java.lang.Class::getSimpleName (26 bytes)
Event: 672.683 Thread 0x00000001218dec00 nmethod 66150 0x000000014199db90 code [0x000000014199e080, 0x00000001419a0120]
Event: 672.683 Thread 0x00000001218dec00 66139       4       net.minecraft.class_3727$$Lambda$1271/0x000000e001669588::test (8 bytes)
Event: 672.684 Thread 0x00000001218dec00 nmethod 66139 0x0000000140ea1f90 code [0x0000000140ea2140, 0x0000000140ea21f0]
Event: 672.684 Thread 0x00000001218dec00 66152       4       net.minecraft.class_634::method_11155 (352 bytes)

GC Heap History (20 events):
Event: 643.737 GC heap before
{Heap before GC invocations=127 (full 0):
 garbage-first heap   total 4147200K, used 1637781K [0x0000000700000000, 0x0000000800000000)
  region size 2048K, 101 young (206848K), 4 survivors (8192K)
 Metaspace       used 319181K, committed 321600K, reserved 1376256K
  class space    used 55114K, committed 56128K, reserved 1048576K
}
Event: 643.769 GC heap after
{Heap after GC invocations=128 (full 0):
 garbage-first heap   total 4157440K, used 1430907K [0x0000000700000000, 0x0000000800000000)
  region size 2048K, 5 young (10240K), 5 survivors (10240K)
 Metaspace       used 319181K, committed 321600K, reserved 1376256K
  class space    used 55114K, committed 56128K, reserved 1048576K
}
Event: 644.174 GC heap before
{Heap before GC invocations=128 (full 0):
 garbage-first heap   total 4157440K, used 1625467K [0x0000000700000000, 0x0000000800000000)
  region size 2048K, 101 young (206848K), 5 survivors (10240K)
 Metaspace       used 319773K, committed 322176K, reserved 1376256K
  class space    used 55227K, committed 56256K, reserved 1048576K
}
Event: 644.210 GC heap after
{Heap after GC invocations=129 (full 0):
 garbage-first heap   total 4157440K, used 1437182K [0x0000000700000000, 0x0000000800000000)
  region size 2048K, 9 young (18432K), 9 survivors (18432K)
 Metaspace       used 319773K, committed 322176K, reserved 1376256K
  class space    used 55227K, committed 56256K, reserved 1048576K
}
Event: 653.820 GC heap before
{Heap before GC invocations=129 (full 0):
 garbage-first heap   total 4157440K, used 3159550K [0x0000000700000000, 0x0000000800000000)
  region size 2048K, 852 young (1744896K), 9 survivors (18432K)
 Metaspace       used 325345K, committed 327808K, reserved 1376256K
  class space    used 56033K, committed 57088K, reserved 1048576K
}
Event: 654.611 GC heap after
{Heap after GC invocations=130 (full 0):
 garbage-first heap   total 4157440K, used 1614002K [0x0000000700000000, 0x0000000800000000)
  region size 2048K, 95 young (194560K), 95 survivors (194560K)
 Metaspace       used 325345K, committed 327808K, reserved 1376256K
  class space    used 56033K, committed 57088K, reserved 1048576K
}
Event: 655.666 GC heap before
{Heap before GC invocations=130 (full 0):
 garbage-first heap   total 4157440K, used 1626290K [0x0000000700000000, 0x0000000800000000)
  region size 2048K, 101 young (206848K), 95 survivors (194560K)
 Metaspace       used 325347K, committed 327808K, reserved 1376256K
  class space    used 56033K, committed 57088K, reserved 1048576K
}
Event: 656.205 GC heap after
{Heap after GC invocations=131 (full 0):
 garbage-first heap   total 4157440K, used 1620720K [0x0000000700000000, 0x0000000800000000)
  region size 2048K, 5 young (10240K), 5 survivors (10240K)
 Metaspace       used 325347K, committed 327808K, reserved 1376256K
  class space    used 56033K, committed 57088K, reserved 1048576K
}
Event: 656.992 GC heap before
{Heap before GC invocations=131 (full 0):
 garbage-first heap   total 4157440K, used 1860336K [0x0000000700000000, 0x0000000800000000)
  region size 2048K, 121 young (247808K), 5 survivors (10240K)
 Metaspace       used 325514K, committed 327936K, reserved 1376256K
  class space    used 56059K, committed 57088K, reserved 1048576K
}
Event: 657.061 GC heap after
{Heap after GC invocations=132 (full 0):
 garbage-first heap   total 4157440K, used 1630126K [0x0000000700000000, 0x0000000800000000)
  region size 2048K, 10 young (20480K), 10 survivors (20480K)
 Metaspace       used 325514K, committed 327936K, reserved 1376256K
  class space    used 56059K, committed 57088K, reserved 1048576K
}
Event: 658.445 GC heap before
{Heap before GC invocations=132 (full 0):
 garbage-first heap   total 4157440K, used 1818542K [0x0000000700000000, 0x0000000800000000)
  region size 2048K, 101 young (206848K), 10 survivors (20480K)
 Metaspace       used 325881K, committed 328320K, reserved 1376256K
  class space    used 56140K, committed 57216K, reserved 1048576K
}
Event: 658.514 GC heap after
{Heap after GC invocations=133 (full 0):
 garbage-first heap   total 4165632K, used 1637180K [0x0000000700000000, 0x0000000800000000)
  region size 2048K, 6 young (12288K), 6 survivors (12288K)
 Metaspace       used 325881K, committed 328320K, reserved 1376256K
  class space    used 56140K, committed 57216K, reserved 1048576K
}
Event: 659.862 GC heap before
{Heap before GC invocations=133 (full 0):
 garbage-first heap   total 4165632K, used 2026300K [0x0000000700000000, 0x0000000800000000)
  region size 2048K, 189 young (387072K), 6 survivors (12288K)
 Metaspace       used 327002K, committed 329472K, reserved 1376256K
  class space    used 56335K, committed 57408K, reserved 1048576K
}
Event: 659.882 GC heap after
{Heap after GC invocations=134 (full 0):
 garbage-first heap   total 4165632K, used 1639332K [0x0000000700000000, 0x0000000800000000)
  region size 2048K, 8 young (16384K), 8 survivors (16384K)
 Metaspace       used 327002K, committed 329472K, reserved 1376256K
  class space    used 56335K, committed 57408K, reserved 1048576K
}
Event: 664.213 GC heap before
{Heap before GC invocations=134 (full 0):
 garbage-first heap   total 4165632K, used 2210724K [0x0000000700000000, 0x0000000800000000)
  region size 2048K, 270 young (552960K), 8 survivors (16384K)
 Metaspace       used 328448K, committed 330880K, reserved 1376256K
  class space    used 56551K, committed 57600K, reserved 1048576K
}
Event: 664.254 GC heap after
{Heap after GC invocations=135 (full 0):
 garbage-first heap   total 4165632K, used 1649822K [0x0000000700000000, 0x0000000800000000)
  region size 2048K, 13 young (26624K), 13 survivors (26624K)
 Metaspace       used 328448K, committed 330880K, reserved 1376256K
  class space    used 56551K, committed 57600K, reserved 1048576K
}
Event: 666.256 GC heap before
{Heap before GC invocations=135 (full 0):
 garbage-first heap   total 4165632K, used 2176158K [0x0000000700000000, 0x0000000800000000)
  region size 2048K, 262 young (536576K), 13 survivors (26624K)
 Metaspace       used 329558K, committed 332032K, reserved 1376256K
  class space    used 56680K, committed 57728K, reserved 1048576K
}
Event: 666.291 GC heap after
{Heap after GC invocations=136 (full 0):
 garbage-first heap   total 4165632K, used 1670302K [0x0000000700000000, 0x0000000800000000)
  region size 2048K, 23 young (47104K), 23 survivors (47104K)
 Metaspace       used 329558K, committed 332032K, reserved 1376256K
  class space    used 56680K, committed 57728K, reserved 1048576K
}
Event: 666.720 GC heap before
{Heap before GC invocations=136 (full 0):
 garbage-first heap   total 4165632K, used 1827998K [0x0000000700000000, 0x0000000800000000)
  region size 2048K, 101 young (206848K), 23 survivors (47104K)
 Metaspace       used 329671K, committed 332160K, reserved 1376256K
  class space    used 56698K, committed 57792K, reserved 1048576K
}
Event: 666.806 GC heap after
{Heap after GC invocations=137 (full 0):
 garbage-first heap   total 4165632K, used 1676564K [0x0000000700000000, 0x0000000800000000)
  region size 2048K, 4 young (8192K), 4 survivors (8192K)
 Metaspace       used 329671K, committed 332160K, reserved 1376256K
  class space    used 56698K, committed 57792K, reserved 1048576K
}

Dll operation events (20 events):
Event: 2.231 Loaded shared library /Users/stefano.deblasi/Library/Application Support/ModrinthApp/meta/natives/1.20.1-0.18.4/liblwjgl.dylib
Event: 7.109 Loaded shared library /Users/stefano.deblasi/Library/Application Support/ModrinthApp/meta/natives/1.20.1-0.18.4/liblwjgl_opengl.dylib
Event: 20.019 Loaded shared library /Users/stefano.deblasi/Library/Application Support/ModrinthApp/meta/java_versions/zulu17.64.17-ca-jre17.0.18-macosx_aarch64/zulu-17.jre/Contents/Home/lib/libawt.dylib
Event: 20.110 Loaded shared library /Users/stefano.deblasi/Library/Application Support/ModrinthApp/meta/java_versions/zulu17.64.17-ca-jre17.0.18-macosx_aarch64/zulu-17.jre/Contents/Home/lib/libawt_lwawt.dylib
Event: 22.934 Loaded shared library /private/var/folders/pd/smzmx_zx7rdfpvpjh7md1gdc0000gp/T/native-8812442752556108566.dylib
Event: 23.139 Loaded shared library /private/var/folders/pd/smzmx_zx7rdfpvpjh7md1gdc0000gp/T/native-15006236826152762676.dylib
Event: 24.000 Loading shared library /Users/stefano.deblasi/Library/Application Support/ModrinthApp/meta/java_versions/zulu17.64.17-ca-jre17.0.18-macosx_aarch64/zulu-17.jre/Contents/Home/lib/libpowergridNative5.dylib failed, dlopen(/Users/stefano.deblasi/Library/Applic
Event: 24.000 Loading shared library /Users/stefano.deblasi/Library/Application Support/ModrinthApp/meta/java_versions/zulu17.64.17-ca-jre17.0.18-macosx_aarch64/zulu-17.jre/Contents/Home/lib/libpowergridNative5.jnilib failed, dlopen(/Users/stefano.deblasi/Library/Appli
Event: 24.001 Loading shared library /Users/stefano.deblasi/Library/Application Support/ModrinthApp/meta/natives/1.20.1-0.18.4/libpowergridNative5.dylib failed, dlopen(/Users/stefano.deblasi/Library/Application Support/ModrinthApp/meta/natives/1.20.1-0.18.4/libpowergri
Event: 24.001 Loading shared library /Users/stefano.deblasi/Library/Application Support/ModrinthApp/meta/natives/1.20.1-0.18.4/libpowergridNative5.jnilib failed, dlopen(/Users/stefano.deblasi/Library/Application Support/ModrinthApp/meta/natives/1.20.1-0.18.4/libpowergr
Event: 28.215 Loaded shared library /private/var/folders/pd/smzmx_zx7rdfpvpjh7md1gdc0000gp/T/libzstd-jni_dh-1.5.7-68092570543943723469.dylib
Event: 28.607 Loaded shared library /private/var/folders/pd/smzmx_zx7rdfpvpjh7md1gdc0000gp/T/sqlite-3.47.2.0-17faaf22-1670-441a-8cc3-792726606df6-libsqlitejdbc.dylib
Event: 31.158 Loaded shared library /private/var/folders/pd/smzmx_zx7rdfpvpjh7md1gdc0000gp/T/libopus4j-1eb5d9e3e7c729c7d3e18224b0a53fb6/libopus4j.dylib
Event: 31.169 Loaded shared library /private/var/folders/pd/smzmx_zx7rdfpvpjh7md1gdc0000gp/T/librnnoise4j-dd0bc92191c29275673e4f820630aa49/librnnoise4j.dylib
Event: 31.185 Loaded shared library /private/var/folders/pd/smzmx_zx7rdfpvpjh7md1gdc0000gp/T/libspeex4j-f75720920af514f7fd1a458b9748f906/libspeex4j.dylib
Event: 31.191 Loaded shared library /private/var/folders/pd/smzmx_zx7rdfpvpjh7md1gdc0000gp/T/liblame4j-616f7ca627be4f4f2d2039debf359014/liblame4j.dylib
Event: 32.311 Loaded shared library /private/var/folders/pd/smzmx_zx7rdfpvpjh7md1gdc0000gp/T/libjcocoa3182480627008660054.dylib
Event: 34.377 Loaded shared library /Users/stefano.deblasi/Library/Application Support/ModrinthApp/meta/natives/1.20.1-0.18.4/liblwjgl_stb.dylib
Event: 38.667 Loaded shared library /Users/stefano.deblasi/Library/Application Support/ModrinthApp/profiles/GDCModpack 1.0.0/mods/mcef-libraries/macos_arm64/jcef_app.app/Contents/Java/libjcef.dylib
Event: 38.841 Loaded shared library /Users/stefano.deblasi/Library/Application Support/ModrinthApp/meta/java_versions/zulu17.64.17-ca-jre17.0.18-macosx_aarch64/zulu-17.jre/Contents/Home/lib/libfontmanager.dylib

Deoptimization events (20 events):
Event: 672.281 Thread 0x0000000121818c00 Uncommon trap: trap_request=0xffffffde fr.pc=0x0000000141a36fd8 relative=0x0000000000000098
Event: 672.281 Thread 0x0000000121818c00 Uncommon trap: reason=class_check action=maybe_recompile pc=0x0000000141a36fd8 method=net.minecraft.class_1297.method_31483()Lnet/minecraft/class_1297; @ 4 c2
Event: 672.281 Thread 0x0000000121818c00 DEOPT PACKING pc=0x0000000141a36fd8 sp=0x000000016f16fea0
Event: 672.281 Thread 0x0000000121818c00 DEOPT UNPACKING pc=0x000000013f57b91c sp=0x000000016f16fe40 mode 2
Event: 672.293 Thread 0x0000000121818c00 Uncommon trap: trap_request=0xffffff6e fr.pc=0x0000000140a1806c relative=0x000000000000012c
Event: 672.293 Thread 0x0000000121818c00 Uncommon trap: reason=loop_limit_check action=maybe_recompile pc=0x0000000140a1806c method=it.unimi.dsi.fastutil.objects.Reference2ObjectArrayMap.get(Ljava/lang/Object;)Ljava/lang/Object; @ 14 c2
Event: 672.293 Thread 0x0000000121818c00 DEOPT PACKING pc=0x0000000140a1806c sp=0x000000016f170080
Event: 672.293 Thread 0x0000000121818c00 DEOPT UNPACKING pc=0x000000013f57b91c sp=0x000000016f170010 mode 2
Event: 672.713 Thread 0x0000000121818c00 Uncommon trap: trap_request=0xffffffde fr.pc=0x0000000140c33f70 relative=0x0000000000000630
Event: 672.713 Thread 0x0000000121818c00 Uncommon trap: reason=class_check action=maybe_recompile pc=0x0000000140c33f70 method=java.util.stream.Collectors$$Lambda$640/0x000000e0013c3f90.accept(Ljava/lang/Object;Ljava/lang/Object;)V @ 1 c2
Event: 672.713 Thread 0x0000000121818c00 DEOPT PACKING pc=0x0000000140c33f70 sp=0x000000016f16fb60
Event: 672.713 Thread 0x0000000121818c00 DEOPT UNPACKING pc=0x000000013f57b91c sp=0x000000016f16fb00 mode 2
Event: 672.713 Thread 0x0000000121818c00 Uncommon trap: trap_request=0xffffffde fr.pc=0x0000000140c33f70 relative=0x0000000000000630
Event: 672.713 Thread 0x0000000121818c00 Uncommon trap: reason=class_check action=maybe_recompile pc=0x0000000140c33f70 method=java.util.stream.Collectors$$Lambda$640/0x000000e0013c3f90.accept(Ljava/lang/Object;Ljava/lang/Object;)V @ 1 c2
Event: 672.713 Thread 0x0000000121818c00 DEOPT PACKING pc=0x0000000140c33f70 sp=0x000000016f16fb60
Event: 672.713 Thread 0x0000000121818c00 DEOPT UNPACKING pc=0x000000013f57b91c sp=0x000000016f16fb00 mode 2
Event: 672.716 Thread 0x0000000121818c00 Uncommon trap: trap_request=0xffffffde fr.pc=0x000000014198b89c relative=0x000000000000019c
Event: 672.716 Thread 0x0000000121818c00 Uncommon trap: reason=class_check action=maybe_recompile pc=0x000000014198b89c method=java.util.Collection.removeIf(Ljava/util/function/Predicate;)Z @ 39 c2
Event: 672.716 Thread 0x0000000121818c00 DEOPT PACKING pc=0x000000014198b89c sp=0x000000016f16fc60
Event: 672.716 Thread 0x0000000121818c00 DEOPT UNPACKING pc=0x000000013f57b91c sp=0x000000016f16fc00 mode 2

Classes loaded (20 events):
Event: 649.470 Loading class java/util/stream/ReduceOps$16
Event: 649.471 Loading class java/util/stream/ReduceOps$16 done
Event: 649.472 Loading class java/util/stream/ReduceOps$13ReducingSink
Event: 649.472 Loading class java/util/stream/Sink$OfDouble
Event: 649.472 Loading class java/util/stream/Sink$OfDouble done
Event: 649.472 Loading class java/util/stream/ReduceOps$13ReducingSink done
Event: 649.472 Loading class java/util/stream/ReferencePipeline$6$1
Event: 649.473 Loading class java/util/stream/ReferencePipeline$6$1 done
Event: 656.273 Loading class java/util/concurrent/ConcurrentHashMap$EntrySpliterator
Event: 656.275 Loading class java/util/concurrent/ConcurrentHashMap$EntrySpliterator done
Event: 658.026 Loading class java/util/IdentityHashMap$KeySpliterator
Event: 658.027 Loading class java/util/IdentityHashMap$KeySpliterator done
Event: 659.764 Loading class java/util/WeakHashMap$EntrySet
Event: 659.765 Loading class java/util/WeakHashMap$EntrySet done
Event: 659.765 Loading class java/util/WeakHashMap$EntryIterator
Event: 659.766 Loading class java/util/WeakHashMap$EntryIterator done
Event: 663.807 Loading class java/lang/invoke/VarHandleLongs$Array
Event: 663.809 Loading class java/lang/invoke/VarHandleLongs$Array done
Event: 667.605 Loading class sun/security/rsa/RSASignature$SHA1withRSA
Event: 667.608 Loading class sun/security/rsa/RSASignature$SHA1withRSA done

Classes unloaded (9 events):
Event: 43.957 Thread 0x0000000122107a90 Unloading class 0x000000e003d72c00 'java/lang/invoke/LambdaForm$DMH+0x000000e003d72c00'
Event: 43.957 Thread 0x0000000122107a90 Unloading class 0x000000e003d72800 'java/lang/invoke/LambdaForm$DMH+0x000000e003d72800'
Event: 43.957 Thread 0x0000000122107a90 Unloading class 0x000000e003d72000 'java/lang/invoke/LambdaForm$MH+0x000000e003d72000'
Event: 43.957 Thread 0x0000000122107a90 Unloading class 0x000000e003d71c00 'java/lang/invoke/LambdaForm$MH+0x000000e003d71c00'
Event: 43.958 Thread 0x0000000122107a90 Unloading class 0x000000e003d71000 'java/lang/invoke/LambdaForm$DMH+0x000000e003d71000'
Event: 43.958 Thread 0x0000000122107a90 Unloading class 0x000000e003d70c00 'java/lang/invoke/LambdaForm$DMH+0x000000e003d70c00'
Event: 43.958 Thread 0x0000000122107a90 Unloading class 0x000000e003d70000 'java/lang/invoke/LambdaForm$DMH+0x000000e003d70000'
Event: 628.776 Thread 0x0000000122107a90 Unloading class 0x000000e004491800 'java/lang/invoke/LambdaForm$DMH+0x000000e004491800'
Event: 628.776 Thread 0x0000000122107a90 Unloading class 0x000000e004491000 'java/lang/invoke/LambdaForm$DMH+0x000000e004491000'

Classes redefined (2 events):
Event: 2.116 Thread 0x0000000122107a90 redefined class name=net.fabricmc.loader.impl.launch.knot.KnotClassDelegate, count=1
Event: 2.156 Thread 0x0000000122107a90 redefined class name=net.fabricmc.loader.impl.FabricLoaderImpl, count=1

Internal exceptions (20 events):
Event: 665.182 Thread 0x0000000121818c00 Implicit null exception at 0x0000000141338984 to 0x00000001413389c8
Event: 665.696 Thread 0x0000000121818c00 Exception <a 'java/lang/NoSuchMethodError'{0x00000007e4dddc78}: 'int java.lang.invoke.DirectMethodHandle$Holder.invokeInterface(java.lang.Object, java.lang.Object, long)'> (0x00000007e4dddc78) 
thrown [src/hotspot/share/interpreter/linkResolver.cpp, line 759]
Event: 665.818 Thread 0x0000000116f4d200 Exception <a 'java/lang/NoSuchMethodError'{0x00000007f0a0d3e0}: 'java.lang.Object java.lang.invoke.DirectMethodHandle$Holder.invokeSpecial(java.lang.Object, java.lang.Object, java.lang.Object, float, java.lang.Object, java.lang.Object)'> (0x00000007f0a0d3e0) 
thrown [src/hotspot/share/interpreter/linkResolver.cpp, line 759]
Event: 665.818 Thread 0x00000001168a8e00 Exception <a 'java/lang/NoSuchMethodError'{0x00000007ea8d9ed8}: 'java.lang.Object java.lang.invoke.DirectMethodHandle$Holder.invokeSpecial(java.lang.Object, java.lang.Object, java.lang.Object, float, java.lang.Object, java.lang.Object)'> (0x00000007ea8d9ed8) 
thrown [src/hotspot/share/interpreter/linkResolver.cpp, line 759]
Event: 665.818 Thread 0x0000000116808200 Exception <a 'java/lang/NoSuchMethodError'{0x00000007f9c05078}: 'java.lang.Object java.lang.invoke.DirectMethodHandle$Holder.invokeSpecial(java.lang.Object, java.lang.Object, java.lang.Object, float, java.lang.Object, java.lang.Object)'> (0x00000007f9c05078) 
thrown [src/hotspot/share/interpreter/linkResolver.cpp, line 759]
Event: 665.829 Thread 0x00000001168a8e00 Exception <a 'java/lang/IncompatibleClassChangeError'{0x00000007ea8fc188}: Found class java.lang.Object, but interface was expected> (0x00000007ea8fc188) 
thrown [src/hotspot/share/interpreter/linkResolver.cpp, line 826]
Event: 665.993 Thread 0x0000000116915200 Exception <a 'java/lang/NoSuchMethodError'{0x00000007e4023410}: 'void java.lang.invoke.DirectMethodHandle$Holder.invokeVirtual(java.lang.Object, java.lang.Object, long)'> (0x00000007e4023410) 
thrown [src/hotspot/share/interpreter/linkResolver.cpp, line 759]
Event: 666.297 Thread 0x0000000121818c00 Exception <a 'java/lang/NoSuchMethodError'{0x00000007ff8fc3b8}: 'java.lang.Object java.lang.invoke.DirectMethodHandle$Holder.invokeSpecial(java.lang.Object, java.lang.Object, long, java.lang.Object, java.lang.Object, java.lang.Object, java.lang.Object, java.lang.Object, java.lang.Object, java.lang.Object)'> (0x00000007ff8fc3b8) 
thrown [src/hotspot/share/interpreter/linkResolver.cpp, line 759]
Event: 666.297 Thread 0x0000000121818c00 Exception <a 'java/lang/NoSuchMethodError'{0x00000007ff900e80}: 'java.lang.Object java.lang.invoke.DelegatingMethodHandle$Holder.reinvoke_L(java.lang.Object, long, java.lang.Object, java.lang.Object, java.lang.Object, java.lang.Object, java.lang.Object, java.lang.Object, java.lang.Object)'> (0x00000007ff900e80) 
thrown [src/hotspot/share/interpreter/linkResolver.cpp, line 759]
Event: 666.819 Thread 0x0000000112295400 Implicit null exception at 0x000000014135b818 to 0x000000014135bb2c
Event: 668.051 Thread 0x0000000121818c00 Exception <a 'java/lang/IncompatibleClassChangeError'{0x00000007e7ce16f0}: Found class java.lang.Object, but interface was expected> (0x00000007e7ce16f0) 
thrown [src/hotspot/share/interpreter/linkResolver.cpp, line 826]
Event: 670.356 Thread 0x0000000116f4d200 Implicit null exception at 0x0000000140c72f80 to 0x0000000140c74574
Event: 670.364 Thread 0x0000000116915200 Exception <a 'java/lang/NoSuchMethodError'{0x00000007d6d40c08}: 'int java.lang.invoke.DelegatingMethodHandle$Holder.reinvoke_L(java.lang.Object, float, float)'> (0x00000007d6d40c08) 
thrown [src/hotspot/share/interpreter/linkResolver.cpp, line 759]
Event: 670.431 Thread 0x0000000121818c00 Implicit null exception at 0x00000001419151b0 to 0x000000014191599c
Event: 670.451 Thread 0x0000000121818c00 Exception <a 'java/lang/NoSuchMethodError'{0x00000007cc19f750}: 'void java.lang.invoke.DirectMethodHandle$Holder.invokeSpecial(java.lang.Object, java.lang.Object, int, int)'> (0x00000007cc19f750) 
thrown [src/hotspot/share/interpreter/linkResolver.cpp, line 759]
Event: 671.943 Thread 0x0000000121818c00 Exception <a 'java/lang/NoSuchMethodError'{0x00000007c5cbe9e8}: 'java.lang.Object java.lang.invoke.DirectMethodHandle$Holder.invokeInterface(java.lang.Object, java.lang.Object, int, int, int)'> (0x00000007c5cbe9e8) 
thrown [src/hotspot/share/interpreter/linkResolver.cpp, line 759]
Event: 671.943 Thread 0x0000000121818c00 Exception <a 'java/lang/NoSuchMethodError'{0x00000007c5cc23c8}: 'java.lang.Object java.lang.invoke.DelegatingMethodHandle$Holder.reinvoke_L(java.lang.Object, java.lang.Object, int, int, int)'> (0x00000007c5cc23c8) 
thrown [src/hotspot/share/interpreter/linkResolver.cpp, line 759]
Event: 671.968 Thread 0x0000000121818c00 Exception <a 'java/lang/NoSuchMethodError'{0x00000007c5cd6998}: 'void java.lang.invoke.DirectMethodHandle$Holder.invokeInterface(java.lang.Object, java.lang.Object, int, int, int)'> (0x00000007c5cd6998) 
thrown [src/hotspot/share/interpreter/linkResolver.cpp, line 759]
Event: 671.969 Thread 0x0000000121818c00 Exception <a 'java/lang/NoSuchMethodError'{0x00000007c5cda5d0}: 'void java.lang.invoke.DelegatingMethodHandle$Holder.reinvoke_L(java.lang.Object, java.lang.Object, int, int, int)'> (0x00000007c5cda5d0) 
thrown [src/hotspot/share/interpreter/linkResolver.cpp, line 759]
Event: 672.216 Thread 0x0000000121818c00 Exception <a 'java/lang/NoSuchMethodError'{0x00000007c58831c8}: 'void java.lang.invoke.DirectMethodHandle$Holder.invokeSpecial(java.lang.Object, java.lang.Object, java.lang.Object, java.lang.Object, double, double, double, double, double, double)'> (0x00000007c58831c8) 
thrown [src/hotspot/share/interpreter/linkResolver.cpp, line 759]

VM Operations (20 events):
Event: 669.764 Executing VM operation: ICBufferFull
Event: 669.978 Executing VM operation: ICBufferFull done
Event: 670.315 Executing VM operation: HandshakeAllThreads
Event: 670.351 Executing VM operation: HandshakeAllThreads done
Event: 670.439 Executing VM operation: ICBufferFull
Event: 670.495 Executing VM operation: ICBufferFull done
Event: 670.974 Executing VM operation: HandshakeAllThreads
Event: 670.986 Executing VM operation: HandshakeAllThreads done
Event: 671.483 Executing VM operation: ICBufferFull
Event: 671.485 Executing VM operation: ICBufferFull done
Event: 671.770 Executing VM operation: HandshakeAllThreads
Event: 671.772 Executing VM operation: HandshakeAllThreads done
Event: 671.874 Executing VM operation: ICBufferFull
Event: 671.878 Executing VM operation: ICBufferFull done
Event: 672.290 Executing VM operation: ICBufferFull
Event: 672.291 Executing VM operation: ICBufferFull done
Event: 672.499 Executing VM operation: ICBufferFull
Event: 672.503 Executing VM operation: ICBufferFull done
Event: 672.524 Executing VM operation: HandshakeAllThreads
Event: 672.527 Executing VM operation: HandshakeAllThreads done

Memory protections (20 events):
Event: 645.055 Protecting memory [0x00000004bfbac000,0x00000004bfbb8000] with protection modes 0
Event: 645.060 Protecting memory [0x00000004bfdb8000,0x00000004bfdc4000] with protection modes 0
Event: 645.064 Protecting memory [0x00000006b685c000,0x00000006b6868000] with protection modes 0
Event: 645.064 Protecting memory [0x00000006b6a68000,0x00000006b6a74000] with protection modes 0
Event: 645.064 Protecting memory [0x00000006b6c74000,0x00000006b6c80000] with protection modes 0
Event: 645.065 Protecting memory [0x00000006b6e80000,0x00000006b6e8c000] with protection modes 0
Event: 645.165 Protecting memory [0x00000006b708c000,0x00000006b7098000] with protection modes 0
Event: 645.175 Protecting memory [0x00000006b7298000,0x00000006b72a4000] with protection modes 0
Event: 645.176 Protecting memory [0x00000006b74a4000,0x00000006b74b0000] with protection modes 0
Event: 648.045 Protecting memory [0x00000006c7b18000,0x00000006c7b24000] with protection modes 0
Event: 648.045 Protecting memory [0x00000006c7d24000,0x00000006c7d30000] with protection modes 0
Event: 648.049 Protecting memory [0x00000006c7f30000,0x00000006c7f3c000] with protection modes 0
Event: 650.353 Protecting memory [0x00000006ffca0000,0x00000006ffcac000] with protection modes 0
Event: 650.611 Protecting memory [0x0000000806424000,0x0000000806430000] with protection modes 0
Event: 650.875 Protecting memory [0x000000080ac4c000,0x000000080ac58000] with protection modes 0
Event: 651.134 Protecting memory [0x000000081087c000,0x0000000810888000] with protection modes 0
Event: 651.399 Protecting memory [0x00000008182b8000,0x00000008182c4000] with protection modes 0
Event: 651.645 Protecting memory [0x000000081e8ec000,0x000000081e8f8000] with protection modes 0
Event: 656.594 Protecting memory [0x0000000828b38000,0x0000000828b44000] with protection modes 0
Event: 656.616 Protecting memory [0x0000000828d44000,0x0000000828d50000] with protection modes 0

Nmethod flushes (20 events):
Event: 672.723 Thread 0x00000001218df800 flushing  nmethod 0x000000013a9b4410
Event: 672.727 Thread 0x00000001218df800 flushing  nmethod 0x000000013a9faf90
Event: 672.728 Thread 0x00000001218df800 flushing  nmethod 0x000000013aa4b010
Event: 672.728 Thread 0x00000001218df800 flushing  nmethod 0x000000013aa76b10
Event: 672.730 Thread 0x00000001218df800 flushing  nmethod 0x000000013aaa2190
Event: 672.730 Thread 0x00000001218df800 flushing  nmethod 0x000000013aaa2790
Event: 672.731 Thread 0x00000001218df800 flushing  nmethod 0x000000013aabc410
Event: 672.732 Thread 0x00000001218df800 flushing  nmethod 0x000000013aaf3110
Event: 672.732 Thread 0x00000001218df800 flushing  nmethod 0x000000013aaf8090
Event: 672.732 Thread 0x00000001218df800 flushing  nmethod 0x000000013aaf8510
Event: 672.732 Thread 0x00000001218df800 flushing  nmethod 0x000000013ab1ab10
Event: 672.732 Thread 0x00000001218df800 flushing  nmethod 0x000000013ab2aa90
Event: 672.733 Thread 0x00000001218df800 flushing  nmethod 0x000000013ab32f10
Event: 672.733 Thread 0x00000001218df800 flushing  nmethod 0x000000013ab3e310
Event: 672.733 Thread 0x00000001218df800 flushing  nmethod 0x000000013ab41c10
Event: 672.733 Thread 0x00000001218df800 flushing  nmethod 0x000000013ab46c10
Event: 672.733 Thread 0x00000001218df800 flushing  nmethod 0x000000013ab4b910
Event: 672.733 Thread 0x00000001218df800 flushing  nmethod 0x000000013ab4be10
Event: 672.733 Thread 0x00000001218df800 flushing  nmethod 0x000000013ab4c590
Event: 672.733 Thread 0x00000001218df800 flushing  nmethod 0x000000013ab4e710

Events (20 events):
Event: 645.055 Thread 0x00000003cd383e00 Thread added: 0x00000003e1550400
Event: 645.060 Thread 0x00000003cd383e00 Thread added: 0x00000003abed6200
Event: 645.064 Thread 0x00000003cd383e00 Thread added: 0x00000003cdb74800
Event: 645.064 Thread 0x00000003cd383e00 Thread added: 0x00000003c9e2b400
Event: 645.064 Thread 0x00000003cd383e00 Thread added: 0x00000003abe24000
Event: 645.064 Thread 0x00000003cdb74800 Thread added: 0x00000003e0e66400
Event: 645.165 Thread 0x00000003e0e66400 Thread added: 0x000000011115cc00
Event: 645.173 Thread 0x00000003e0e66400 Thread added: 0x0000000116fd9200
Event: 645.176 Thread 0x00000003e0e66400 Thread added: 0x00000001168f2000
Event: 648.045 Thread 0x0000000121818c00 Thread added: 0x00000003c9fba600
Event: 648.045 Thread 0x0000000121818c00 Thread added: 0x00000003c9ca3200
Event: 648.048 Thread 0x0000000121818c00 Thread added: 0x00000003b340e000
Event: 650.353 Thread 0x00000003c9e2b400 Thread added: 0x0000000111659000
Event: 650.611 Thread 0x0000000111218600 Thread added: 0x00000003cdbe9000
Event: 650.874 Thread 0x00000003c9e1d800 Thread added: 0x00000001234c7400
Event: 651.134 Thread 0x00000003cd383e00 Thread added: 0x00000003cdb64200
Event: 651.399 Thread 0x00000003cd383e00 Thread added: 0x00000003e1480600
Event: 651.645 Thread 0x00000003cdb74800 Thread added: 0x00000003cd613200
Event: 656.594 Thread 0x0000000121818c00 Thread added: 0x00000003dbf34800
Event: 656.616 Thread 0x0000000121818c00 Thread added: 0x00000003c6213e00


Dynamic libraries:
0x0000000100cc8000 	/Users/stefano.deblasi/Library/Application Support/ModrinthApp/meta/java_versions/zulu17.64.17-ca-jre17.0.18-macosx_aarch64/zulu-17.jre/Contents/Home/lib/libjli.dylib
0x00000001a0b1a000 	/System/Library/Frameworks/Cocoa.framework/Versions/A/Cocoa
0x0000000186063000 	/System/Library/Frameworks/AppKit.framework/Versions/C/AppKit
0x00000001896ac000 	/System/Library/Frameworks/CoreData.framework/Versions/A/CoreData
0x0000000183463000 	/System/Library/Frameworks/Foundation.framework/Versions/C/Foundation
0x00000001915eb000 	/usr/lib/libSystem.B.dylib
0x0000000187793000 	/System/Library/PrivateFrameworks/UIFoundation.framework/Versions/A/UIFoundation
0x0000000238077000 	/System/Library/PrivateFrameworks/CollectionViewCore.framework/Versions/A/CollectionViewCore
0x000000018e9b7000 	/System/Library/PrivateFrameworks/XCTTargetBootstrap.framework/Versions/A/XCTTargetBootstrap
0x0000000193f68000 	/System/Library/PrivateFrameworks/InternationalSupport.framework/Versions/A/InternationalSupport
0x00000001942c2000 	/System/Library/PrivateFrameworks/UserActivity.framework/Versions/A/UserActivity
0x0000000189d3c000 	/System/Library/PrivateFrameworks/BaseBoard.framework/Versions/A/BaseBoard
0x000000024081b000 	/System/Library/PrivateFrameworks/FrontBoard.framework/Versions/A/FrontBoard
0x000000019b96e000 	/System/Library/PrivateFrameworks/FrontBoardServices.framework/Versions/A/FrontBoardServices
0x000000027c098000 	/usr/lib/libRosetta.dylib
0x000000026f99d000 	/System/Library/PrivateFrameworks/UIIntelligenceSupport.framework/Versions/A/UIIntelligenceSupport
0x000000022d01a000 	/System/Library/Frameworks/SwiftUICore.framework/Versions/A/SwiftUICore
0x0000000275f17000 	/System/Library/PrivateFrameworks/WritingTools.framework/Versions/A/WritingTools
0x0000000274d6d000 	/System/Library/PrivateFrameworks/WindowManagement.framework/Versions/A/WindowManagement
0x00000001830c2000 	/System/Library/Frameworks/SystemConfiguration.framework/Versions/A/SystemConfiguration
0x0000000193285000 	/usr/lib/libspindump.dylib
0x000000018794e000 	/System/Library/Frameworks/UniformTypeIdentifiers.framework/Versions/A/UniformTypeIdentifiers
0x0000000190896000 	/usr/lib/libbsm.0.dylib
0x000000018c0c4000 	/usr/lib/libapp_launch_measurement.dylib
0x000000018b3ca000 	/System/Library/PrivateFrameworks/CoreAnalytics.framework/Versions/A/CoreAnalytics
0x000000018c0c8000 	/System/Library/PrivateFrameworks/CoreAutoLayout.framework/Versions/A/CoreAutoLayout
0x000000018df02000 	/System/Library/Frameworks/Metal.framework/Versions/A/Metal
0x000000018f302000 	/usr/lib/liblangid.dylib
0x000000018e9bd000 	/System/Library/PrivateFrameworks/CoreSVG.framework/Versions/A/CoreSVG
0x00000001883af000 	/System/Library/PrivateFrameworks/SkyLight.framework/Versions/A/SkyLight
0x0000000240554000 	/System/Library/PrivateFrameworks/FocusEngine.framework/Versions/A/FocusEngine
0x0000000188948000 	/System/Library/Frameworks/CoreGraphics.framework/Versions/A/CoreGraphics
0x000000023e163000 	/System/Library/PrivateFrameworks/DesignLibrary.framework/Versions/A/DesignLibrary
0x0000000199c34000 	/System/Library/Frameworks/Accelerate.framework/Versions/A/Accelerate
0x000000019307b000 	/System/Library/PrivateFrameworks/IconServices.framework/Versions/A/IconServices
0x000000018deda000 	/System/Library/Frameworks/IOSurface.framework/Versions/A/IOSurface
0x000000018b3fa000 	/usr/lib/libDiagnosticMessagesClient.dylib
0x0000000191534000 	/usr/lib/libz.1.dylib
0x000000019df57000 	/System/Library/Frameworks/ApplicationServices.framework/Versions/A/ApplicationServices
0x000000018e9a2000 	/System/Library/PrivateFrameworks/DFRFoundation.framework/Versions/A/DFRFoundation
0x00000001858b2000 	/usr/lib/libicucore.A.dylib
0x00000001954fe000 	/System/Library/Frameworks/AudioToolbox.framework/Versions/A/AudioToolbox
0x0000000194270000 	/System/Library/PrivateFrameworks/DataDetectorsCore.framework/Versions/A/DataDetectorsCore
0x0000000270583000 	/System/Library/PrivateFrameworks/UpdateCycle.framework/Versions/A/UpdateCycle
0x00000001b2128000 	/System/Library/PrivateFrameworks/TextInput.framework/Versions/A/TextInput
0x00000001882f1000 	/usr/lib/libMobileGestalt.dylib
0x000000018e69e000 	/System/Library/Frameworks/Carbon.framework/Versions/A/Frameworks/HIToolbox.framework/Versions/A/HIToolbox
0x000000018b92f000 	/System/Library/Frameworks/QuartzCore.framework/Versions/A/QuartzCore
0x000000018548d000 	/System/Library/Frameworks/Security.framework/Versions/A/Security
0x00000001995b3000 	/System/Library/Frameworks/Carbon.framework/Versions/A/Frameworks/SpeechRecognition.framework/Versions/A/SpeechRecognition
0x000000018bd93000 	/System/Library/PrivateFrameworks/CoreUI.framework/Versions/A/CoreUI
0x0000000184ce1000 	/System/Library/Frameworks/CoreAudio.framework/Versions/A/CoreAudio
0x000000018b4ee000 	/System/Library/Frameworks/DiskArbitration.framework/Versions/A/DiskArbitration
0x0000000193742000 	/System/Library/PrivateFrameworks/MultitouchSupport.framework/Versions/A/MultitouchSupport
0x00000001882ef000 	/usr/lib/libenergytrace.dylib
0x00000001a5655000 	/System/Library/PrivateFrameworks/RenderBox.framework/Versions/A/RenderBox
0x0000000185f0a000 	/System/Library/Frameworks/IOKit.framework/Versions/A/IOKit
0x00000001999bd000 	/System/Library/Frameworks/CoreServices.framework/Versions/A/CoreServices
0x000000018c055000 	/System/Library/PrivateFrameworks/PerformanceAnalysis.framework/Versions/A/PerformanceAnalysis
0x00000001e7db0000 	/System/Library/Frameworks/OpenGL.framework/Versions/A/OpenGL
0x000000018c112000 	/usr/lib/libxml2.2.dylib
0x0000000190777000 	/System/Library/PrivateFrameworks/MobileKeyBag.framework/Versions/A/MobileKeyBag
0x000000018177c000 	/usr/lib/libobjc.A.dylib
0x0000000181ae0000 	/usr/lib/libc++.1.dylib
0x000000019993a000 	/System/Library/Frameworks/Accessibility.framework/Versions/A/Accessibility
0x00000001890a2000 	/System/Library/Frameworks/ColorSync.framework/Versions/A/ColorSync
0x0000000181c11000 	/System/Library/Frameworks/CoreFoundation.framework/Versions/A/CoreFoundation
0x000000018ed44000 	/System/Library/Frameworks/CoreImage.framework/Versions/A/CoreImage
0x0000000184ab4000 	/System/Library/Frameworks/CoreText.framework/Versions/A/CoreText
0x0000000227601000 	/System/Library/Frameworks/CoreTransferable.framework/Versions/A/CoreTransferable
0x0000000227b3d000 	/System/Library/Frameworks/DataDetection.framework/Versions/A/DataDetection
0x0000000227b52000 	/System/Library/Frameworks/DeveloperToolsSupport.framework/Versions/A/DeveloperToolsSupport
0x000000018e9fb000 	/System/Library/Frameworks/ImageIO.framework/Versions/A/ImageIO
0x000000022df8f000 	/System/Library/Frameworks/Symbols.framework/Versions/A/Symbols
0x00000001b72fc000 	/System/Library/PrivateFrameworks/AttributeGraph.framework/Versions/A/AttributeGraph
0x000000019ba4d000 	/System/Library/PrivateFrameworks/BoardServices.framework/Versions/A/BoardServices
0x00000001db991000 	/System/Library/PrivateFrameworks/FeatureFlags.framework/Versions/A/FeatureFlags
0x000000024973b000 	/System/Library/PrivateFrameworks/Gestures.framework/Versions/A/Gestures
0x00000001915f0000 	/System/Library/PrivateFrameworks/SoftLinking.framework/Versions/A/SoftLinking
0x00000001c5afd000 	/usr/lib/swift/libswiftAccelerate.dylib
0x00000001bbfdf000 	/usr/lib/swift/libswiftCompression.dylib
0x0000000194e66000 	/usr/lib/swift/libswiftCore.dylib
0x00000001ae40c000 	/usr/lib/swift/libswiftCoreFoundation.dylib
0x00000001ae465000 	/usr/lib/swift/libswiftCoreImage.dylib
0x000000019b6e9000 	/usr/lib/swift/libswiftDispatch.dylib
0x00000001ae466000 	/usr/lib/swift/libswiftIOKit.dylib
0x00000001bbfd2000 	/usr/lib/swift/libswiftMetal.dylib
0x00000001cb2e0000 	/usr/lib/swift/libswiftOSLog.dylib
0x000000019e5a7000 	/usr/lib/swift/libswiftObjectiveC.dylib
0x000000027d2d6000 	/usr/lib/swift/libswiftObservation.dylib
0x00000001c1295000 	/usr/lib/swift/libswiftQuartzCore.dylib
0x000000027d415000 	/usr/lib/swift/libswiftSynchronization.dylib
0x00000001c5aee000 	/usr/lib/swift/libswiftUniformTypeIdentifiers.dylib
0x00000001ae41e000 	/usr/lib/swift/libswiftXPC.dylib
0x000000027d44f000 	/usr/lib/swift/libswift_Builtin_float.dylib
0x000000027d452000 	/usr/lib/swift/libswift_Concurrency.dylib
0x000000019e5ab000 	/usr/lib/swift/libswiftos.dylib
0x00000001b1ebd000 	/usr/lib/swift/libswiftsimd.dylib
0x0000000191817000 	/usr/lib/libcompression.dylib
0x0000000193ec8000 	/System/Library/PrivateFrameworks/TextureIO.framework/Versions/A/TextureIO
0x000000018924e000 	/System/Library/Frameworks/ApplicationServices.framework/Versions/A/Frameworks/HIServices.framework/Versions/A/HIServices
0x0000000192d04000 	/usr/lib/libate.dylib
0x00000001915e5000 	/usr/lib/system/libcache.dylib
0x00000001915a0000 	/usr/lib/system/libcommonCrypto.dylib
0x00000001915cb000 	/usr/lib/system/libcompiler_rt.dylib
0x00000001915c0000 	/usr/lib/system/libcopyfile.dylib
0x000000018191a000 	/usr/lib/system/libcorecrypto.dylib
0x0000000181a13000 	/usr/lib/system/libdispatch.dylib
0x00000001817d0000 	/usr/lib/system/libdyld.dylib
0x00000001915db000 	/usr/lib/system/libkeymgr.dylib
0x0000000191583000 	/usr/lib/system/libmacho.dylib
0x000000019086e000 	/usr/lib/system/libquarantine.dylib
0x00000001915d8000 	/usr/lib/system/libremovefile.dylib
0x0000000188372000 	/usr/lib/system/libsystem_asl.dylib
0x00000001818a0000 	/usr/lib/system/libsystem_blocks.dylib
0x0000000181a5d000 	/usr/lib/system/libsystem_c.dylib
0x00000001915cf000 	/usr/lib/system/libsystem_collections.dylib
0x000000018f2ef000 	/usr/lib/system/libsystem_configuration.dylib
0x000000018dea1000 	/usr/lib/system/libsystem_containermanager.dylib
0x0000000190ff1000 	/usr/lib/system/libsystem_coreservices.dylib
0x0000000185b84000 	/usr/lib/system/libsystem_darwin.dylib
0x000000027d7a5000 	/usr/lib/system/libsystem_darwindirectory.dylib
0x00000001915dc000 	/usr/lib/system/libsystem_dnssd.dylib
0x000000027d7a9000 	/usr/lib/system/libsystem_eligibility.dylib
0x0000000181a5a000 	/usr/lib/system/libsystem_featureflags.dylib
0x0000000181be1000 	/usr/lib/system/libsystem_info.dylib
0x0000000191544000 	/usr/lib/system/libsystem_m.dylib
0x00000001819c7000 	/usr/lib/system/libsystem_malloc.dylib
0x00000001882d4000 	/usr/lib/system/libsystem_networkextension.dylib
0x0000000185ff5000 	/usr/lib/system/libsystem_notify.dylib
0x000000018f2f4000 	/usr/lib/system/libsystem_sandbox.dylib
0x000000027d7b3000 	/usr/lib/system/libsystem_sanitizers.dylib
0x00000001915d4000 	/usr/lib/system/libsystem_secinit.dylib
0x0000000181b8e000 	/usr/lib/system/libsystem_kernel.dylib
0x0000000181bd8000 	/usr/lib/system/libsystem_platform.dylib
0x0000000181bcb000 	/usr/lib/system/libsystem_pthread.dylib
0x0000000189f1f000 	/usr/lib/system/libsystem_symptoms.dylib
0x00000001818f9000 	/usr/lib/system/libsystem_trace.dylib
0x000000027d7bb000 	/usr/lib/system/libsystem_trial.dylib
0x00000001915ae000 	/usr/lib/system/libunwind.dylib
0x00000001818a4000 	/usr/lib/system/libxpc.dylib
0x0000000181b73000 	/usr/lib/libc++abi.dylib
0x000000027cfe6000 	/usr/lib/libswiftPrespecialized.dylib
0x00000001915ed000 	/usr/lib/libfakelink.dylib
0x0000000187f18000 	/System/Library/Frameworks/CFNetwork.framework/Versions/A/CFNetwork
0x0000000191641000 	/usr/lib/libarchive.2.dylib
0x00000001976c8000 	/System/Library/Frameworks/Combine.framework/Versions/A/Combine
0x000000023809c000 	/System/Library/PrivateFrameworks/CollectionsInternal.framework/Versions/A/CollectionsInternal
0x000000025ebd7000 	/System/Library/PrivateFrameworks/ReflectionInternal.framework/Versions/A/ReflectionInternal
0x000000025fa63000 	/System/Library/PrivateFrameworks/RuntimeInternal.framework/Versions/A/RuntimeInternal
0x00000001ab2c6000 	/usr/lib/swift/libswiftDarwin.dylib
0x000000027d41d000 	/usr/lib/swift/libswiftSystem.dylib
0x000000027d4dc000 	/usr/lib/swift/libswift_DarwinFoundation1.dylib
0x000000027d5bd000 	/usr/lib/swift/libswift_StringProcessing.dylib
0x0000000185e89000 	/System/Library/PrivateFrameworks/CoreServicesInternal.framework/Versions/A/CoreServicesInternal
0x00000001915b8000 	/usr/lib/liboah.dylib
0x000000019d9f5000 	/System/Library/PrivateFrameworks/DiskImages.framework/Versions/A/DiskImages
0x00000001aad89000 	/System/Library/Frameworks/NetFS.framework/Versions/A/NetFS
0x000000018c08c000 	/System/Library/Frameworks/CoreServices.framework/Versions/A/Frameworks/FSEvents.framework/Versions/A/FSEvents
0x0000000185b8f000 	/System/Library/Frameworks/CoreServices.framework/Versions/A/Frameworks/CarbonCore.framework/Versions/A/CarbonCore
0x000000018b462000 	/System/Library/Frameworks/CoreServices.framework/Versions/A/Frameworks/Metadata.framework/Versions/A/Metadata
0x0000000190ff8000 	/System/Library/Frameworks/CoreServices.framework/Versions/A/Frameworks/OSServices.framework/Versions/A/OSServices
0x0000000191739000 	/System/Library/Frameworks/CoreServices.framework/Versions/A/Frameworks/SearchKit.framework/Versions/A/SearchKit
0x0000000189e99000 	/System/Library/Frameworks/CoreServices.framework/Versions/A/Frameworks/AE.framework/Versions/A/AE
0x000000018215a000 	/System/Library/Frameworks/CoreServices.framework/Versions/A/Frameworks/LaunchServices.framework/Versions/A/LaunchServices
0x0000000192b5a000 	/System/Library/Frameworks/CoreServices.framework/Versions/A/Frameworks/DictionaryServices.framework/Versions/A/DictionaryServices
0x000000018c09a000 	/System/Library/Frameworks/CoreServices.framework/Versions/A/Frameworks/SharedFileList.framework/Versions/A/SharedFileList
0x00000001917ce000 	/usr/lib/libapple_nghttp2.dylib
0x0000000189ab3000 	/usr/lib/libsqlite3.dylib
0x000000019dc3d000 	/System/Library/PrivateFrameworks/AppSupport.framework/Versions/A/AppSupport
0x0000000195b97000 	/System/Library/Frameworks/GSS.framework/Versions/A/GSS
0x0000000189e2d000 	/System/Library/PrivateFrameworks/RunningBoardServices.framework/Versions/A/RunningBoardServices
0x000000019e535000 	/System/Library/PrivateFrameworks/StreamingZip.framework/Versions/A/StreamingZip
0x0000000189f28000 	/System/Library/Frameworks/Network.framework/Versions/A/Network
0x0000000191587000 	/usr/lib/system/libkxld.dylib
0x0000000233946000 	/System/Library/PrivateFrameworks/AppleKeyStore.framework/Versions/A/AppleKeyStore
0x000000027bd7c000 	/usr/lib/libCoreEntitlements.dylib
0x0000000254b32000 	/System/Library/PrivateFrameworks/MessageSecurity.framework/Versions/A/MessageSecurity
0x0000000189a97000 	/System/Library/PrivateFrameworks/ProtocolBuffer.framework/Versions/A/ProtocolBuffer
0x000000019aaef000 	/System/Library/PrivateFrameworks/SymptomDiagnosticReporter.framework/Versions/A/SymptomDiagnosticReporter
0x0000000192d9e000 	/System/Library/PrivateFrameworks/CrashReporterSupport.framework/Versions/A/CrashReporterSupport
0x0000000190fd8000 	/System/Library/PrivateFrameworks/AppleFSCompression.framework/Versions/A/AppleFSCompression
0x000000019087e000 	/usr/lib/libcoretls.dylib
0x0000000192bd1000 	/usr/lib/libcoretls_cfhelpers.dylib
0x0000000191810000 	/usr/lib/libpam.2.dylib
0x0000000192c43000 	/usr/lib/libxar.1.dylib
0x0000000192bd3000 	/System/Library/PrivateFrameworks/APFS.framework/Versions/A/APFS
0x000000026a48f000 	/System/Library/PrivateFrameworks/SwiftASN1Internal.framework/Versions/A/SwiftASN1Internal
0x0000000192c52000 	/usr/lib/libutil.dylib
0x000000018f2fd000 	/System/Library/PrivateFrameworks/AppleSystemInfo.framework/Versions/A/AppleSystemInfo
0x0000000190566000 	/System/Library/PrivateFrameworks/IOMobileFramebuffer.framework/Versions/A/IOMobileFramebuffer
0x00000001ae2d2000 	/System/Library/PrivateFrameworks/LoggingSupport.framework/Versions/A/LoggingSupport
0x0000000195bfa000 	/System/Library/PrivateFrameworks/MobileAsset.framework/Versions/A/MobileAsset
0x000000019aaff000 	/System/Library/PrivateFrameworks/PowerLog.framework/Versions/A/PowerLog
0x000000022ceb8000 	/System/Library/Frameworks/SwiftData.framework/Versions/A/SwiftData
0x000000018c2be000 	/System/Library/PrivateFrameworks/UserManagement.framework/Versions/A/UserManagement
0x0000000187e43000 	/usr/lib/libboringssl.dylib
0x0000000189f0d000 	/usr/lib/libdns_services.dylib
0x00000001ad30b000 	/usr/lib/libquic.dylib
0x0000000194df6000 	/usr/lib/libusrtcp.dylib
0x0000000234739000 	/System/Library/PrivateFrameworks/AtomicsInternal.framework/Versions/A/AtomicsInternal
0x00000001d3b18000 	/System/Library/PrivateFrameworks/InternalSwiftProtobuf.framework/Versions/A/InternalSwiftProtobuf
0x000000027d2ad000 	/usr/lib/swift/libswiftDistributed.dylib
0x000000018f2fb000 	/System/Library/PrivateFrameworks/AggregateDictionary.framework/Versions/A/AggregateDictionary
0x0000000234ec9000 	/System/Library/PrivateFrameworks/BiomeLibrary.framework/Versions/A/BiomeLibrary
0x00000001bcfa6000 	/System/Library/PrivateFrameworks/BiomeStreams.framework/Versions/A/BiomeStreams
0x00000001b91dd000 	/System/Library/PrivateFrameworks/BiomeFoundation.framework/Versions/A/BiomeFoundation
0x00000001c305a000 	/System/Library/PrivateFrameworks/BiomePubSub.framework/Versions/A/BiomePubSub
0x000000019f559000 	/System/Library/PrivateFrameworks/ProactiveSupport.framework/Versions/A/ProactiveSupport
0x0000000192bb2000 	/usr/lib/liblzma.5.dylib
0x000000019df58000 	/System/Library/PrivateFrameworks/InternationalTextSearch.framework/Versions/A/InternationalTextSearch
0x00000001b56fa000 	/System/Library/PrivateFrameworks/SoftwareUpdateCoreSupport.framework/Versions/A/SoftwareUpdateCoreSupport
0x00000001bda28000 	/System/Library/PrivateFrameworks/SoftwareUpdateCoreConnect.framework/Versions/A/SoftwareUpdateCoreConnect
0x000000019daf3000 	/System/Library/PrivateFrameworks/RemoteServiceDiscovery.framework/Versions/A/RemoteServiceDiscovery
0x00000001b52f1000 	/System/Library/PrivateFrameworks/MSUDataAccessor.framework/Versions/A/MSUDataAccessor
0x00000001b042a000 	/usr/lib/libbootpolicy.dylib
0x000000019db0a000 	/System/Library/PrivateFrameworks/RemoteXPC.framework/Versions/A/RemoteXPC
0x00000001bce72000 	/usr/lib/libFDR.dylib
0x00000001c2c7b000 	/usr/lib/libamsupport.dylib
0x000000027c090000 	/usr/lib/libReverseProxyDevice.dylib
0x00000002332a0000 	/System/Library/PrivateFrameworks/AppleDeviceQuerySupport.framework/Versions/A/AppleDeviceQuerySupport
0x00000001c5cfd000 	/usr/lib/libpartition2_dynamic.dylib
0x00000001917aa000 	/System/Library/PrivateFrameworks/AppleSauce.framework/Versions/A/AppleSauce
0x000000027bc1d000 	/usr/lib/libAppleArchive.dylib
0x0000000190fe4000 	/usr/lib/libbz2.1.0.dylib
0x000000018b4f8000 	/System/Library/Frameworks/Accelerate.framework/Versions/A/Frameworks/vImage.framework/Versions/A/vImage
0x0000000199997000 	/System/Library/Frameworks/Accelerate.framework/Versions/A/Frameworks/vecLib.framework/Versions/A/vecLib
0x0000000192c89000 	/System/Library/Frameworks/Accelerate.framework/Versions/A/Frameworks/vecLib.framework/Versions/A/libvMisc.dylib
0x000000018265a000 	/System/Library/Frameworks/Accelerate.framework/Versions/A/Frameworks/vecLib.framework/Versions/A/libBLAS.dylib
0x000000018c1f9000 	/System/Library/Frameworks/CoreVideo.framework/Versions/A/CoreVideo
0x000000019579f000 	/System/Library/Frameworks/ApplicationServices.framework/Versions/A/Frameworks/ATS.framework/Versions/A/ATS
0x0000000193e51000 	/System/Library/Frameworks/ApplicationServices.framework/Versions/A/Frameworks/PrintCore.framework/Versions/A/PrintCore
0x0000000195b60000 	/System/Library/Frameworks/ApplicationServices.framework/Versions/A/Frameworks/QD.framework/Versions/A/QD
0x0000000195b5b000 	/System/Library/Frameworks/ApplicationServices.framework/Versions/A/Frameworks/ColorSyncLegacy.framework/Versions/A/ColorSyncLegacy
0x0000000195771000 	/System/Library/Frameworks/ApplicationServices.framework/Versions/A/Frameworks/SpeechSynthesis.framework/Versions/A/SpeechSynthesis
0x000000018e3cc000 	/System/Library/PrivateFrameworks/FontServices.framework/libFontParser.dylib
0x000000019d819000 	/System/Library/PrivateFrameworks/BackBoardServices.framework/Versions/A/BackBoardServices
0x0000000234de5000 	/System/Library/PrivateFrameworks/BackBoardHIDEventFoundation.framework/Versions/A/BackBoardHIDEventFoundation
0x00000001845c5000 	/System/Library/Frameworks/CoreDisplay.framework/Versions/A/CoreDisplay
0x0000000193788000 	/System/Library/Frameworks/VideoToolbox.framework/Versions/A/VideoToolbox
0x000000019180e000 	/System/Library/Frameworks/MetalPerformanceShaders.framework/Versions/A/MetalPerformanceShaders
0x000000025dcb4000 	/System/Library/PrivateFrameworks/ProDisplayLibrary.framework/Versions/A/ProDisplayLibrary
0x00000001a15e3000 	/System/Library/PrivateFrameworks/IOSurfaceAccelerator.framework/Versions/A/IOSurfaceAccelerator
0x000000018def7000 	/System/Library/PrivateFrameworks/IOAccelerator.framework/Versions/A/IOAccelerator
0x000000018e20f000 	/System/Library/Frameworks/CoreMedia.framework/Versions/A/CoreMedia
0x000000018838a000 	/System/Library/PrivateFrameworks/TCC.framework/Versions/A/TCC
0x0000000193740000 	/System/Library/PrivateFrameworks/WatchdogClient.framework/Versions/A/WatchdogClient
0x00000001c30b8000 	/System/Library/PrivateFrameworks/BiomeStorage.framework/Versions/A/BiomeStorage
0x000000024f6da000 	/System/Library/PrivateFrameworks/IntelligencePlatformLibrary.framework/Versions/A/IntelligencePlatformLibrary
0x000000025cfc1000 	/System/Library/PrivateFrameworks/PoirotSchematizer.framework/Versions/A/PoirotSchematizer
0x000000023570e000 	/System/Library/PrivateFrameworks/BiomeSync.framework/Versions/A/BiomeSync
0x0000000234eaf000 	/System/Library/PrivateFrameworks/BiomeDSL.framework/Versions/A/BiomeDSL
0x000000025d02b000 	/System/Library/PrivateFrameworks/PoirotUDFs.framework/Versions/A/PoirotUDFs
0x000000025cf90000 	/System/Library/PrivateFrameworks/PoirotSQLite.framework/Versions/A/PoirotSQLite
0x000000019bf6a000 	/System/Library/PrivateFrameworks/CoreTime.framework/Versions/A/CoreTime
0x0000000191626000 	/usr/lib/libiconv.2.dylib
0x0000000191582000 	/usr/lib/libcharset.1.dylib
0x000000027d51d000 	/usr/lib/swift/libswift_RegexParser.dylib
0x0000000236d17000 	/System/Library/PrivateFrameworks/CascadeSets.framework/Versions/A/CascadeSets
0x0000000195d67000 	/System/Library/PrivateFrameworks/CorePhoneNumbers.framework/Versions/A/CorePhoneNumbers
0x000000019360a000 	/System/Library/PrivateFrameworks/AppleJPEG.framework/Versions/A/AppleJPEG
0x0000000192ff6000 	/usr/lib/libexpat.1.dylib
0x0000000193d24000 	/System/Library/Frameworks/ImageIO.framework/Versions/A/Resources/libPng.dylib
0x0000000193d50000 	/System/Library/Frameworks/ImageIO.framework/Versions/A/Resources/libTIFF.dylib
0x0000000193e3a000 	/System/Library/Frameworks/ImageIO.framework/Versions/A/Resources/libGIF.dylib
0x000000019364f000 	/System/Library/Frameworks/ImageIO.framework/Versions/A/Resources/libJP2.dylib
0x0000000193de0000 	/System/Library/Frameworks/ImageIO.framework/Versions/A/Resources/libJPEG.dylib
0x0000000193dd7000 	/System/Library/Frameworks/ImageIO.framework/Versions/A/Resources/libRadiance.dylib
0x0000000245f02000 	/System/Library/PrivateFrameworks/GPUCompiler.framework/Versions/32023/Libraries/libllvm-flatbuffers.dylib
0x000000024080e000 	/System/Library/PrivateFrameworks/FramePacing.framework/Versions/A/FramePacing
0x00000001e7da2000 	/System/Library/Frameworks/OpenGL.framework/Versions/A/Libraries/libCoreFSCache.dylib
0x000000024194f000 	/System/Library/PrivateFrameworks/GPUCompiler.framework/Versions/32023/Libraries/libGPUCompilerUtils.dylib
0x000000019bb1a000 	/System/Library/PrivateFrameworks/GraphicsServices.framework/Versions/A/GraphicsServices
0x000000019f6e5000 	/System/Library/PrivateFrameworks/ASEProcessing.framework/Versions/A/ASEProcessing
0x00000001cf334000 	/System/Library/PrivateFrameworks/Symbolication.framework/Versions/A/Symbolication
0x000000025cbb1000 	/System/Library/PrivateFrameworks/PhotosensitivityProcessing.framework/Versions/A/PhotosensitivityProcessing
0x0000000193227000 	/System/Library/PrivateFrameworks/GraphVisualizer.framework/Versions/A/GraphVisualizer
0x00000001e7e01000 	/System/Library/Frameworks/OpenGL.framework/Versions/A/Libraries/libGLU.dylib
0x00000001e7dc4000 	/System/Library/Frameworks/OpenGL.framework/Versions/A/Libraries/libGFXShared.dylib
0x0000000225ed8000 	/System/Library/Frameworks/OpenGL.framework/Versions/A/Libraries/libGL.dylib
0x00000001e7dcd000 	/System/Library/Frameworks/OpenGL.framework/Versions/A/Libraries/libGLImage.dylib
0x00000001e7dc1000 	/System/Library/Frameworks/OpenGL.framework/Versions/A/Libraries/libCVMSPluginSupport.dylib
0x00000001e7daa000 	/System/Library/Frameworks/OpenGL.framework/Versions/A/Libraries/libCoreVMClient.dylib
0x0000000240719000 	/System/Library/PrivateFrameworks/FontServices.framework/Versions/A/FontServices
0x0000000193237000 	/System/Library/PrivateFrameworks/OTSVG.framework/Versions/A/OTSVG
0x000000018bd40000 	/System/Library/Frameworks/ApplicationServices.framework/Versions/A/Frameworks/ATS.framework/Versions/A/Resources/libFontRegistry.dylib
0x000000027c5a0000 	/usr/lib/libhvf.dylib
0x00000002599e6000 	/System/Library/PrivateFrameworks/ParsingInternal.framework/Versions/A/ParsingInternal
0x000000024071d000 	/System/Library/PrivateFrameworks/FontServices.framework/libXTFontStaticRegistryData.dylib
0x000000018f23c000 	/System/Library/Frameworks/MetalPerformanceShaders.framework/Versions/A/Frameworks/MPSCore.framework/Versions/A/MPSCore
0x0000000190f43000 	/System/Library/Frameworks/MetalPerformanceShaders.framework/Versions/A/Frameworks/MPSImage.framework/Versions/A/MPSImage
0x0000000190921000 	/System/Library/Frameworks/MetalPerformanceShaders.framework/Versions/A/Frameworks/MPSNeuralNetwork.framework/Versions/A/MPSNeuralNetwork
0x0000000190d59000 	/System/Library/Frameworks/MetalPerformanceShaders.framework/Versions/A/Frameworks/MPSMatrix.framework/Versions/A/MPSMatrix
0x0000000190b6e000 	/System/Library/Frameworks/MetalPerformanceShaders.framework/Versions/A/Frameworks/MPSRayIntersector.framework/Versions/A/MPSRayIntersector
0x0000000190d8b000 	/System/Library/Frameworks/MetalPerformanceShaders.framework/Versions/A/Frameworks/MPSNDArray.framework/Versions/A/MPSNDArray
0x0000000229e7c000 	/System/Library/Frameworks/MetalPerformanceShaders.framework/Versions/A/Frameworks/MPSFunctions.framework/Versions/A/MPSFunctions
0x0000000229e5d000 	/System/Library/Frameworks/MetalPerformanceShaders.framework/Versions/A/Frameworks/MPSBenchmarkLoop.framework/Versions/A/MPSBenchmarkLoop
0x0000000182475000 	/System/Library/PrivateFrameworks/MetalTools.framework/Versions/A/MetalTools
0x00000001b3562000 	/System/Library/PrivateFrameworks/IOAccelMemoryInfo.framework/Versions/A/IOAccelMemoryInfo
0x00000001c168b000 	/System/Library/PrivateFrameworks/kperf.framework/Versions/A/kperf
0x00000001ae3e8000 	/System/Library/PrivateFrameworks/GPURawCounter.framework/Versions/A/GPURawCounter
0x000000019be53000 	/System/Library/PrivateFrameworks/CoreSymbolication.framework/Versions/A/CoreSymbolication
0x00000001ae35f000 	/System/Library/PrivateFrameworks/MallocStackLogging.framework/Versions/A/MallocStackLogging
0x000000019be30000 	/System/Library/PrivateFrameworks/DebugSymbols.framework/Versions/A/DebugSymbols
0x00000001bfef4000 	/System/Library/PrivateFrameworks/OSAnalytics.framework/Versions/A/OSAnalytics
0x000000023e615000 	/System/Library/PrivateFrameworks/DeviceRecovery.framework/Versions/A/DeviceRecovery
0x0000000227c97000 	/System/Library/Frameworks/ExtensionFoundation.framework/Versions/A/ExtensionFoundation
0x0000000193278000 	/System/Library/PrivateFrameworks/AppServerSupport.framework/Versions/A/AppServerSupport
0x0000000192ef5000 	/System/Library/PrivateFrameworks/PlugInKit.framework/Versions/A/PlugInKit
0x000000019078f000 	/System/Library/PrivateFrameworks/AssertionServices.framework/Versions/A/AssertionServices
0x000000019301b000 	/System/Library/PrivateFrameworks/IconFoundation.framework/Versions/A/IconFoundation
0x000000024c5de000 	/System/Library/PrivateFrameworks/IconRendering.framework/Versions/A/IconRendering
0x000000025fc14000 	/System/Library/PrivateFrameworks/SFSymbols.framework/Versions/A/SFSymbols
0x00000001846e9000 	/System/Library/PrivateFrameworks/AudioToolboxCore.framework/Versions/A/AudioToolboxCore
0x00000001956d9000 	/System/Library/PrivateFrameworks/AudioSession.framework/Versions/A/AudioSession
0x00000001a092d000 	/System/Library/Frameworks/CoreMIDI.framework/Versions/A/CoreMIDI
0x0000000195758000 	/usr/lib/libAudioStatistics.dylib
0x000000018e1e6000 	/System/Library/PrivateFrameworks/caulk.framework/Versions/A/caulk
0x0000000193cfe000 	/usr/lib/libAudioToolboxUtility.dylib
0x00000001ae3ec000 	/usr/lib/swift/libswiftCoreAudio.dylib
0x00000001b4b53000 	/usr/lib/swift/libswiftCoreMIDI.dylib
0x0000000195b69000 	/System/Library/PrivateFrameworks/perfdata.framework/Versions/A/perfdata
0x00000001ad409000 	/System/Library/PrivateFrameworks/SystemPolicy.framework/Versions/A/SystemPolicy
0x0000000195a0e000 	/usr/lib/libSMC.dylib
0x0000000195b77000 	/usr/lib/libperfcheck.dylib
0x00000002347f9000 	/System/Library/PrivateFrameworks/AudioAnalytics.framework/Versions/A/AudioAnalytics
0x000000027d4e0000 	/usr/lib/swift/libswift_DarwinFoundation2.dylib
0x000000027d4e1000 	/usr/lib/swift/libswift_DarwinFoundation3.dylib
0x00000001d3819000 	/System/Library/Frameworks/OSLog.framework/Versions/A/OSLog
0x00000001ae391000 	/usr/lib/libmis.dylib
0x0000000193138000 	/System/Library/PrivateFrameworks/MediaExperience.framework/Versions/A/MediaExperience
0x00000001954a7000 	/System/Library/PrivateFrameworks/AudioSession.framework/libSessionUtility.dylib
0x0000000193e40000 	/System/Library/PrivateFrameworks/CMCaptureCore.framework/Versions/A/CMCaptureCore
0x000000019a9de000 	/System/Library/Frameworks/CoreBluetooth.framework/Versions/A/CoreBluetooth
0x00000001905fb000 	/System/Library/PrivateFrameworks/CoreUtils.framework/Versions/A/CoreUtils
0x00000001a637b000 	/System/Library/PrivateFrameworks/HID.framework/Versions/A/HID
0x000000023da17000 	/System/Library/PrivateFrameworks/CoreUtilsExtras.framework/Versions/A/CoreUtilsExtras
0x000000024c540000 	/System/Library/PrivateFrameworks/IO80211.framework/Versions/A/IO80211
0x0000000197421000 	/System/Library/Frameworks/IOBluetooth.framework/Versions/A/IOBluetooth
0x00000002343e7000 	/System/Library/PrivateFrameworks/ArgumentParserInternal.framework/Versions/A/ArgumentParserInternal
0x0000000192d95000 	/usr/lib/libIOReport.dylib
0x000000019079e000 	/System/Library/Frameworks/SecurityFoundation.framework/Versions/A/SecurityFoundation
0x0000000182e39000 	/System/Library/PrivateFrameworks/Lexicon.framework/Versions/A/Lexicon
0x0000000190909000 	/usr/lib/libgermantok.dylib
0x000000018f426000 	/System/Library/PrivateFrameworks/LinguisticData.framework/Versions/A/LinguisticData
0x000000019abf1000 	/System/Library/PrivateFrameworks/MediaKit.framework/Versions/A/MediaKit
0x000000019ab3c000 	/System/Library/Frameworks/DiscRecording.framework/Versions/A/DiscRecording
0x0000000193011000 	/usr/lib/libheimdal-asn1.dylib
0x000000019e50b000 	/System/Library/Frameworks/AudioUnit.framework/Versions/A/AudioUnit
0x000000018c05f000 	/System/Library/Frameworks/OpenDirectory.framework/Versions/A/OpenDirectory
0x000000018c06d000 	/System/Library/Frameworks/OpenDirectory.framework/Versions/A/Frameworks/CFOpenDirectory.framework/Versions/A/CFOpenDirectory
0x000000022625c000 	/System/Library/Frameworks/AVFAudio.framework/Versions/A/AVFAudio
0x00000001a7345000 	/usr/lib/libAccessibility.dylib
0x000000025026e000 	/System/Library/PrivateFrameworks/IsolatedCoreAudioClient.framework/Versions/A/IsolatedCoreAudioClient
0x00000001c9b3a000 	/usr/lib/swift/libswiftCoreMedia.dylib
0x000000026da37000 	/System/Library/PrivateFrameworks/Tightbeam.framework/Versions/A/Tightbeam
0x0000000239927000 	/System/Library/PrivateFrameworks/CoreAudioOrchestration.framework/Versions/A/CoreAudioOrchestration
0x00000001c6249000 	/System/Library/PrivateFrameworks/AFKUser.framework/Versions/A/AFKUser
0x0000000199c84000 	/System/Library/Frameworks/MediaAccessibility.framework/Versions/A/MediaAccessibility
0x0000000271c23000 	/System/Library/PrivateFrameworks/VideoToolboxParavirtualizationSupport.framework/Versions/A/VideoToolboxParavirtualizationSupport
0x0000000192fad000 	/System/Library/PrivateFrameworks/AppleVA.framework/Versions/A/AppleVA
0x0000000193dd2000 	/System/Library/PrivateFrameworks/GPUWrangler.framework/Versions/A/GPUWrangler
0x0000000193db2000 	/System/Library/PrivateFrameworks/IOPresentment.framework/Versions/A/IOPresentment
0x0000000193dda000 	/System/Library/PrivateFrameworks/DSExternalDisplay.framework/Versions/A/DSExternalDisplay
0x000000023423e000 	/System/Library/PrivateFrameworks/AppleMobileFileIntegrity.framework/Versions/A/AppleMobileFileIntegrity
0x000000027c11d000 	/usr/lib/libTLE.dylib
0x00000001e4ae1000 	/System/Library/PrivateFrameworks/ConfigProfileHelper.framework/Versions/A/ConfigProfileHelper
0x00000001d9901000 	/usr/lib/libedit.3.dylib
0x00000002517ef000 	/System/Library/PrivateFrameworks/MIL.framework/Versions/A/MIL
0x00000001b3525000 	/usr/lib/libncurses.5.4.dylib
0x0000000190530000 	/System/Library/PrivateFrameworks/CoreEmoji.framework/Versions/A/CoreEmoji
0x0000000183156000 	/usr/lib/libCRFSuite.dylib
0x000000018f304000 	/System/Library/PrivateFrameworks/CoreNLP.framework/Versions/A/CoreNLP
0x00000001908a8000 	/usr/lib/libmecab.dylib
0x00000001917a1000 	/usr/lib/libThaiTokenizer.dylib
0x00000001d3cd8000 	/System/Library/PrivateFrameworks/HIDDisplay.framework/Versions/A/HIDDisplay
0x0000000193e0c000 	/System/Library/Frameworks/ApplicationServices.framework/Versions/A/Frameworks/ATSUI.framework/Versions/A/ATSUI
0x0000000195aef000 	/usr/lib/libcups.2.dylib
0x0000000195b85000 	/System/Library/Frameworks/Kerberos.framework/Versions/A/Kerberos
0x00000001957e7000 	/usr/lib/libresolv.9.dylib
0x000000019328c000 	/System/Library/PrivateFrameworks/Heimdal.framework/Versions/A/Heimdal
0x000000019e50a000 	/System/Library/Frameworks/Kerberos.framework/Versions/A/Libraries/libHeimdalProxy.dylib
0x0000000195be9000 	/System/Library/PrivateFrameworks/CommonAuth.framework/Versions/A/CommonAuth
0x00000001a7240000 	/System/Library/PrivateFrameworks/AXCoreUtilities.framework/Versions/A/AXCoreUtilities
0x000000027bb37000 	/usr/lib/libAXSafeCategoryBundle.dylib
0x0000000190415000 	/System/Library/Frameworks/Accelerate.framework/Versions/A/Frameworks/vecLib.framework/Versions/A/libvDSP.dylib
0x00000001918ee000 	/System/Library/Frameworks/Accelerate.framework/Versions/A/Frameworks/vecLib.framework/Versions/A/libLAPACK.dylib
0x000000019090c000 	/System/Library/Frameworks/Accelerate.framework/Versions/A/Frameworks/vecLib.framework/Versions/A/libLinearAlgebra.dylib
0x00000001917e7000 	/System/Library/Frameworks/Accelerate.framework/Versions/A/Frameworks/vecLib.framework/Versions/A/libSparseBLAS.dylib
0x00000001918e9000 	/System/Library/Frameworks/Accelerate.framework/Versions/A/Frameworks/vecLib.framework/Versions/A/libQuadrature.dylib
0x000000018f42d000 	/System/Library/Frameworks/Accelerate.framework/Versions/A/Frameworks/vecLib.framework/Versions/A/libBNNS.dylib
0x0000000182f4f000 	/System/Library/Frameworks/Accelerate.framework/Versions/A/Frameworks/vecLib.framework/Versions/A/libSparse.dylib
0x0000000195b4e000 	/System/Library/PrivateFrameworks/NetAuth.framework/Versions/A/NetAuth
0x000000018c27d000 	/System/Library/PrivateFrameworks/login.framework/Versions/A/Frameworks/loginsupport.framework/Versions/A/loginsupport
0x0000000190872000 	/usr/lib/libCheckFix.dylib
0x000000018b3fc000 	/System/Library/PrivateFrameworks/MetadataUtilities.framework/Versions/A/MetadataUtilities
0x000000024cff9000 	/System/Library/PrivateFrameworks/InstalledContentLibrary.framework/Versions/A/InstalledContentLibrary
0x0000000185eca000 	/System/Library/PrivateFrameworks/CoreServicesStore.framework/Versions/A/CoreServicesStore
0x00000001c1792000 	/System/Library/PrivateFrameworks/MobileSystemServices.framework/Versions/A/MobileSystemServices
0x0000000192c56000 	/usr/lib/libxslt.1.dylib
0x0000000190831000 	/System/Library/PrivateFrameworks/BackgroundTaskManagement.framework/Versions/A/BackgroundTaskManagement
0x000000019dbb5000 	/usr/lib/libcurl.4.dylib
0x000000027c356000 	/usr/lib/libcrypto.46.dylib
0x000000027cf73000 	/usr/lib/libssl.48.dylib
0x000000019d88b000 	/System/Library/Frameworks/LDAP.framework/Versions/A/LDAP
0x000000019d8c7000 	/System/Library/PrivateFrameworks/TrustEvaluationAgent.framework/Versions/A/TrustEvaluationAgent
0x0000000195804000 	/usr/lib/libsasl2.2.dylib
0x00000001ab2c5000 	/usr/lib/swift/libswiftCoreGraphics.dylib
0x000000019a380000 	/usr/lib/swift/libswiftFoundation.dylib
0x00000001e449e000 	/usr/lib/swift/libswiftSwiftOnoneSupport.dylib
0x000000027d652000 	/usr/lib/swift/libswiftsys_time.dylib
0x00000001cfaf1000 	/System/Library/PrivateFrameworks/CoreMaterial.framework/Versions/A/CoreMaterial
0x000000027d398000 	/usr/lib/swift/libswiftSpatial.dylib
0x000000027c11a000 	/usr/lib/libSpatial.dylib
0x000000027ba55000 	/System/Library/SubFrameworks/UIUtilities.framework/Versions/A/UIUtilities
0x0000000102028000 	/Users/stefano.deblasi/Library/Application Support/ModrinthApp/meta/java_versions/zulu17.64.17-ca-jre17.0.18-macosx_aarch64/zulu-17.jre/Contents/Home/lib/server/libjvm.dylib
0x0000000100d30000 	/Users/stefano.deblasi/Library/Application Support/ModrinthApp/meta/java_versions/zulu17.64.17-ca-jre17.0.18-macosx_aarch64/zulu-17.jre/Contents/Home/lib/libjimage.dylib
0x0000000100d5c000 	/Users/stefano.deblasi/Library/Application Support/ModrinthApp/meta/java_versions/zulu17.64.17-ca-jre17.0.18-macosx_aarch64/zulu-17.jre/Contents/Home/lib/libinstrument.dylib
0x0000000100da8000 	/Users/stefano.deblasi/Library/Application Support/ModrinthApp/meta/java_versions/zulu17.64.17-ca-jre17.0.18-macosx_aarch64/zulu-17.jre/Contents/Home/lib/libjava.dylib
0x0000000100f68000 	/Users/stefano.deblasi/Library/Application Support/ModrinthApp/meta/java_versions/zulu17.64.17-ca-jre17.0.18-macosx_aarch64/zulu-17.jre/Contents/Home/lib/libzip.dylib
0x0000000100ddc000 	/Users/stefano.deblasi/Library/Application Support/ModrinthApp/meta/java_versions/zulu17.64.17-ca-jre17.0.18-macosx_aarch64/zulu-17.jre/Contents/Home/lib/libnio.dylib
0x0000000101264000 	/Users/stefano.deblasi/Library/Application Support/ModrinthApp/meta/java_versions/zulu17.64.17-ca-jre17.0.18-macosx_aarch64/zulu-17.jre/Contents/Home/lib/libnet.dylib
0x0000000100f40000 	/Users/stefano.deblasi/Library/Application Support/ModrinthApp/meta/java_versions/zulu17.64.17-ca-jre17.0.18-macosx_aarch64/zulu-17.jre/Contents/Home/lib/libextnet.dylib
0x0000000100f54000 	/Users/stefano.deblasi/Library/Application Support/ModrinthApp/meta/java_versions/zulu17.64.17-ca-jre17.0.18-macosx_aarch64/zulu-17.jre/Contents/Home/lib/libmanagement.dylib
0x0000000100f90000 	/Users/stefano.deblasi/Library/Application Support/ModrinthApp/meta/java_versions/zulu17.64.17-ca-jre17.0.18-macosx_aarch64/zulu-17.jre/Contents/Home/lib/libmanagement_ext.dylib
0x0000000101288000 	/Users/stefano.deblasi/Library/Application Support/ModrinthApp/meta/java_versions/zulu17.64.17-ca-jre17.0.18-macosx_aarch64/zulu-17.jre/Contents/Home/lib/libverify.dylib
0x00000001012cc000 	/Users/stefano.deblasi/Library/Application Support/ModrinthApp/meta/natives/1.20.1-0.18.4/jna11946607130759915980.tmp
0x000000010fa30000 	/Users/stefano.deblasi/Library/Application Support/ModrinthApp/meta/natives/1.20.1-0.18.4/liblwjgl.dylib
0x000000010fa78000 	/Users/stefano.deblasi/Library/Application Support/ModrinthApp/meta/natives/1.20.1-0.18.4/libglfw.dylib
0x000000010fab4000 	/Users/stefano.deblasi/Library/Application Support/ModrinthApp/meta/natives/1.20.1-0.18.4/libjemalloc.dylib
0x000000022652c000 	/System/Library/Frameworks/AppIntents.framework/Versions/A/AppIntents
0x000000022c730000 	/System/Library/Frameworks/RelevanceKit.framework/Versions/A/RelevanceKit
0x00000001913e6000 	/System/Library/Frameworks/CoreSpotlight.framework/Versions/A/CoreSpotlight
0x0000000251302000 	/System/Library/PrivateFrameworks/LinkServices.framework/Versions/A/LinkServices
0x000000023eb30000 	/System/Library/PrivateFrameworks/DoNotDisturb.framework/Versions/A/DoNotDisturb
0x000000025115d000 	/System/Library/PrivateFrameworks/LinkMetadata.framework/Versions/A/LinkMetadata
0x00000001ae413000 	/usr/lib/swift/libswiftIntents.dylib
0x00000001b367f000 	/System/Library/PrivateFrameworks/IntentsCore.framework/Versions/A/IntentsCore
0x0000000234cd3000 	/System/Library/PrivateFrameworks/AvailabilityKit.framework/Versions/A/AvailabilityKit
0x0000000232047000 	/System/Library/PrivateFrameworks/AppIntentSchemas.framework/Versions/A/AppIntentSchemas
0x0000000246470000 	/System/Library/PrivateFrameworks/GRDBInternal.framework/Versions/A/GRDBInternal
0x0000000269c42000 	/System/Library/PrivateFrameworks/StatusKit.framework/Versions/A/StatusKit
0x000000019af20000 	/System/Library/PrivateFrameworks/GenerationalStorage.framework/Versions/A/GenerationalStorage
0x000000019ad48000 	/System/Library/Frameworks/FileProvider.framework/Versions/A/FileProvider
0x0000000187965000 	/System/Library/PrivateFrameworks/DesktopServicesPriv.framework/Versions/A/DesktopServicesPriv
0x0000000189c9b000 	/System/Library/Frameworks/Accounts.framework/Versions/A/Accounts
0x00000001ade7f000 	/System/Library/PrivateFrameworks/FTServices.framework/Versions/A/FTServices
0x00000001a633a000 	/System/Library/PrivateFrameworks/CloudServices.framework/Versions/A/CloudServices
0x000000019d3da000 	/System/Library/PrivateFrameworks/CoreWiFi.framework/Versions/A/CoreWiFi
0x000000018dc21000 	/System/Library/Frameworks/CoreLocation.framework/Versions/A/CoreLocation
0x000000019cd71000 	/System/Library/Frameworks/Intents.framework/Versions/A/Intents
0x000000022eeea000 	/System/Library/Frameworks/_LocationEssentials.framework/Versions/A/_LocationEssentials
0x0000000191395000 	/System/Library/Frameworks/UserNotifications.framework/Versions/A/UserNotifications
0x000000019702c000 	/System/Library/PrivateFrameworks/Sharing.framework/Versions/A/Sharing
0x0000000196bad000 	/System/Library/PrivateFrameworks/IDSFoundation.framework/Versions/A/IDSFoundation
0x000000019d3d9000 	/System/Library/PrivateFrameworks/Apple80211.framework/Versions/A/Apple80211
0x000000019102b000 	/System/Library/PrivateFrameworks/AuthKit.framework/Versions/A/AuthKit
0x0000000190578000 	/System/Library/Frameworks/CoreWLAN.framework/Versions/A/CoreWLAN
0x00000001b4b34000 	/usr/lib/swift/libswiftCoreLocation.dylib
0x00000001953f5000 	/System/Library/PrivateFrameworks/IMFoundation.framework/Versions/A/IMFoundation
0x00000001a668f000 	/System/Library/PrivateFrameworks/Marco.framework/Versions/A/Marco
0x0000000189d25000 	/System/Library/PrivateFrameworks/CommonUtilities.framework/Versions/A/CommonUtilities
0x00000001a30b8000 	/System/Library/PrivateFrameworks/Engram.framework/Versions/A/Engram
0x000000027d2f7000 	/usr/lib/swift/libswiftRegexBuilder.dylib
0x00000001a3056000 	/usr/lib/libtidy.A.dylib
0x0000000193594000 	/System/Library/PrivateFrameworks/Bom.framework/Versions/A/Bom
0x0000000195825000 	/usr/lib/libParallelCompression.dylib
0x00000001dba16000 	/System/Library/PrivateFrameworks/WiFiPeerToPeer.framework/Versions/A/WiFiPeerToPeer
0x000000027ca88000 	/usr/lib/libmrc.dylib
0x000000024c5aa000 	/System/Library/PrivateFrameworks/IPConfiguration.framework/Versions/A/IPConfiguration
0x00000001cfab3000 	/System/Library/PrivateFrameworks/Netrb.framework/Versions/A/Netrb
0x0000000195817000 	/System/Library/PrivateFrameworks/MultiverseSupport.framework/Versions/A/MultiverseSupport
0x000000019ac23000 	/System/Library/PrivateFrameworks/DiskManagement.framework/Versions/A/DiskManagement
0x000000019ab2f000 	/System/Library/PrivateFrameworks/AppleIDAuthSupport.framework/Versions/A/AppleIDAuthSupport
0x000000022f7ca000 	/System/Library/PrivateFrameworks/AAAFoundation.framework/Versions/A/AAAFoundation
0x0000000195d25000 	/System/Library/PrivateFrameworks/KeychainCircle.framework/Versions/A/KeychainCircle
0x00000001a7236000 	/System/Library/PrivateFrameworks/URLFormatting.framework/Versions/A/URLFormatting
0x000000019dba9000 	/usr/lib/libcsfde.dylib
0x0000000192f3f000 	/usr/lib/libCoreStorage.dylib
0x00000001974f8000 	/System/Library/PrivateFrameworks/ProtectedCloudStorage.framework/Versions/A/ProtectedCloudStorage
0x000000019dba4000 	/System/Library/PrivateFrameworks/EFILogin.framework/Versions/A/EFILogin
0x000000019af47000 	/System/Library/PrivateFrameworks/OctagonTrust.framework/Versions/A/OctagonTrust
0x00000001977bf000 	/System/Library/PrivateFrameworks/GeoServices.framework/Versions/A/GeoServices
0x000000019546e000 	/System/Library/PrivateFrameworks/LocationSupport.framework/Versions/A/LocationSupport
0x0000000249595000 	/System/Library/PrivateFrameworks/GeoServicesCore.framework/Versions/A/GeoServicesCore
0x00000001a7234000 	/System/Library/PrivateFrameworks/PhoneNumbers.framework/Versions/A/PhoneNumbers
0x00000002516e0000 	/System/Library/PrivateFrameworks/LocationLogEncryption.framework/Versions/A/LocationLogEncryption
0x00000001969ce000 	/System/Library/PrivateFrameworks/IDS.framework/Versions/A/IDS
0x00000001d66d7000 	/System/Library/Frameworks/CryptoKit.framework/Versions/A/CryptoKit
0x000000019e506000 	/System/Library/PrivateFrameworks/CryptoKitCBridging.framework/Versions/A/CryptoKitCBridging
0x000000019bb2c000 	/System/Library/Frameworks/CryptoTokenKit.framework/Versions/A/CryptoTokenKit
0x00000001bc9cb000 	/System/Library/PrivateFrameworks/FTAWD.framework/Versions/A/FTAWD
0x0000000186007000 	/usr/lib/libsandbox.1.dylib
0x0000000192f37000 	/usr/lib/libMatch.1.dylib
0x000000019e5c9000 	/System/Library/PrivateFrameworks/IntentsFoundation.framework/Versions/A/IntentsFoundation
0x000000018bf1c000 	/System/Library/PrivateFrameworks/ViewBridge.framework/Versions/A/ViewBridge
0x000000027bb3b000 	/usr/lib/libAccessibilityBaseImplementations.dylib
0x0000000117fe8000 	/usr/lib/libobjc-trampolines.dylib
0x0000000275f1c000 	/System/Library/PrivateFrameworks/WritingToolsUI.framework/Versions/A/WritingToolsUI
0x0000000248f7b000 	/System/Library/PrivateFrameworks/GenerativeAssistantSettings.framework/Versions/A/GenerativeAssistantSettings
0x000000026b9b6000 	/System/Library/PrivateFrameworks/TextComposer.framework/Versions/A/TextComposer
0x0000000248f52000 	/System/Library/PrivateFrameworks/GenerativeAssistantCommon.framework/Versions/A/GenerativeAssistantCommon
0x00000001b5bb5000 	/System/Library/Frameworks/SwiftUI.framework/Versions/A/SwiftUI
0x000000022ee33000 	/System/Library/Frameworks/_AuthenticationServices_SwiftUI.framework/Versions/A/_AuthenticationServices_SwiftUI
0x0000000231d7c000 	/System/Library/PrivateFrameworks/Anvil.framework/Versions/A/Anvil
0x00000001b5163000 	/System/Library/PrivateFrameworks/AppStoreDaemon.framework/Versions/A/AppStoreDaemon
0x00000001a0b6e000 	/System/Library/PrivateFrameworks/AppleMediaServices.framework/Versions/A/AppleMediaServices
0x0000000249420000 	/System/Library/PrivateFrameworks/GenerativePartnerServiceUI.framework/Versions/A/GenerativePartnerServiceUI
0x00000001e3a0f000 	/System/Library/PrivateFrameworks/JetEngine.framework/Versions/A/JetEngine
0x000000026b893000 	/System/Library/PrivateFrameworks/TextAnimationSupport.framework/Versions/A/TextAnimationSupport
0x000000025eb4a000 	/System/Library/PrivateFrameworks/RecapPerformanceTesting.framework/Versions/A/RecapPerformanceTesting
0x00000001aece4000 	/System/Library/PrivateFrameworks/SignpostCollection.framework/Versions/A/SignpostCollection
0x0000000234b8b000 	/System/Library/PrivateFrameworks/AuthenticationServicesCore.framework/Versions/A/AuthenticationServicesCore
0x00000001b8541000 	/System/Library/Frameworks/AuthenticationServices.framework/Versions/A/AuthenticationServices
0x0000000192ed1000 	/System/Library/PrivateFrameworks/SharedWebCredentials.framework/Versions/A/SharedWebCredentials
0x00000001afb82000 	/System/Library/PrivateFrameworks/SafariCore.framework/Versions/A/SafariCore
0x00000001b806c000 	/System/Library/PrivateFrameworks/SafariFoundation.framework/Versions/A/SafariFoundation
0x000000019a640000 	/System/Library/Frameworks/Contacts.framework/Versions/A/Contacts
0x0000000235dd3000 	/System/Library/PrivateFrameworks/CBORLibrary.framework/Versions/A/CBORLibrary
0x0000000236dba000 	/System/Library/PrivateFrameworks/Chirp.framework/Versions/A/Chirp
0x00000002379b7000 	/System/Library/PrivateFrameworks/CloudSubscriptionFeatures.framework/Versions/A/CloudSubscriptionFeatures
0x000000019a381000 	/System/Library/PrivateFrameworks/ContactsFoundation.framework/Versions/A/ContactsFoundation
0x00000001e4e11000 	/System/Library/PrivateFrameworks/RemoteManagement.framework/Versions/A/RemoteManagement
0x000000025eed8000 	/System/Library/PrivateFrameworks/RemoteManagementModel.framework/Versions/A/RemoteManagementModel
0x000000025ef69000 	/System/Library/PrivateFrameworks/RemoteManagementStore.framework/Versions/A/RemoteManagementStore
0x0000000197607000 	/usr/lib/libxcselect.dylib
0x00000001b7fdb000 	/System/Library/PrivateFrameworks/DifferentialPrivacy.framework/Versions/A/DifferentialPrivacy
0x0000000253a39000 	/System/Library/PrivateFrameworks/ManagedSettingsObjC.framework/Versions/A/ManagedSettingsObjC
0x00000002516e5000 	/System/Library/PrivateFrameworks/LockdownMode.framework/Versions/A/LockdownMode
0x0000000270877000 	/System/Library/PrivateFrameworks/VDAF.framework/Versions/A/VDAF
0x000000019a459000 	/System/Library/PrivateFrameworks/ContactsPersistence.framework/Versions/A/ContactsPersistence
0x00000001995b7000 	/System/Library/PrivateFrameworks/AppleLDAP.framework/Versions/A/AppleLDAP
0x000000019df5b000 	/System/Library/Frameworks/ClassKit.framework/Versions/A/ClassKit
0x00000001a0201000 	/System/Library/PrivateFrameworks/CoreSuggestions.framework/Versions/A/CoreSuggestions
0x000000019bada000 	/System/Library/PrivateFrameworks/vCard.framework/Versions/A/vCard
0x0000000238640000 	/System/Library/PrivateFrameworks/ContactsMetrics.framework/Versions/A/ContactsMetrics
0x000000019334d000 	/System/Library/PrivateFrameworks/login.framework/Versions/A/login
0x0000000253a33000 	/System/Library/PrivateFrameworks/ManagedOrganizationContacts.framework/Versions/A/ManagedOrganizationContacts
0x000000018c700000 	/System/Library/PrivateFrameworks/CloudDocs.framework/Versions/A/CloudDocs
0x00000001a6bf6000 	/System/Library/PrivateFrameworks/ProactiveEventTracker.framework/Versions/A/ProactiveEventTracker
0x00000001958c7000 	/System/Library/PrivateFrameworks/CoreFollowUp.framework/Versions/A/CoreFollowUp
0x000000019f720000 	/System/Library/PrivateFrameworks/ConfigurationProfiles.framework/Versions/A/ConfigurationProfiles
0x000000023dc9b000 	/System/Library/PrivateFrameworks/DMCUtilities.framework/Versions/A/DMCUtilities
0x0000000251766000 	/System/Library/PrivateFrameworks/MDMClientLibrary.framework/Versions/A/MDMClientLibrary
0x000000025ef5d000 	/System/Library/PrivateFrameworks/RemoteManagementProtocol.framework/Versions/A/RemoteManagementProtocol
0x000000027bef5000 	/usr/lib/libEndpointSecuritySystem.dylib
0x0000000199c9c000 	/System/Library/PrivateFrameworks/SystemAdministration.framework/Versions/A/SystemAdministration
0x00000001a4b88000 	/System/Library/PrivateFrameworks/PowerlogControl.framework/Versions/A/PowerlogControl
0x00000001a4b8a000 	/usr/lib/libUniversalAccess.dylib
0x00000001a15ee000 	/System/Library/PrivateFrameworks/FamilyControls.framework/Versions/A/FamilyControls
0x000000019958c000 	/System/Library/Frameworks/DirectoryService.framework/Versions/A/DirectoryService
0x000000019dc37000 	/System/Library/PrivateFrameworks/LoginUIKit.framework/Versions/A/Frameworks/LoginUICore.framework/Versions/A/LoginUICore
0x0000000193592000 	/usr/lib/libodfde.dylib
0x00000001a15e8000 	/System/Library/PrivateFrameworks/UniversalAccess.framework/Versions/A/Libraries/libUAPreferences.dylib
0x00000001a1612000 	/System/Library/PrivateFrameworks/CommerceKit.framework/Versions/A/Frameworks/CommerceCore.framework/Versions/A/CommerceCore
0x000000023dc07000 	/System/Library/PrivateFrameworks/DEPClientLibrary.framework/Versions/A/DEPClientLibrary
0x000000023dc30000 	/System/Library/PrivateFrameworks/DMCEnrollmentLibrary.framework/Versions/A/DMCEnrollmentLibrary
0x00000001a4c6c000 	/System/Library/PrivateFrameworks/SetupAssistantFramework.framework/Versions/A/SetupAssistantFramework
0x000000019e342000 	/System/Library/PrivateFrameworks/AuthKitUI.framework/Versions/A/AuthKitUI
0x000000019dc81000 	/System/Library/PrivateFrameworks/AppSSO.framework/Versions/A/AppSSO
0x00000001b4ebf000 	/System/Library/PrivateFrameworks/LocalAuthenticationUI.framework/Versions/A/LocalAuthenticationUI
0x000000025cc0d000 	/System/Library/PrivateFrameworks/PlatformSSO.framework/Versions/A/PlatformSSO
0x000000025ccfa000 	/System/Library/PrivateFrameworks/PlatformSSOCore.framework/Versions/A/PlatformSSOCore
0x0000000229084000 	/System/Library/Frameworks/LocalAuthenticationEmbeddedUI.framework/Versions/A/LocalAuthenticationEmbeddedUI
0x00000001b597a000 	/System/Library/PrivateFrameworks/AOSUI.framework/Versions/A/AOSUI
0x00000001a69be000 	/System/Library/Frameworks/ContactsUI.framework/Versions/A/ContactsUI
0x000000019a8cf000 	/System/Library/PrivateFrameworks/FamilyCircle.framework/Versions/A/FamilyCircle
0x00000001c37b1000 	/System/Library/Frameworks/LinkPresentation.framework/Versions/A/LinkPresentation
0x00000001a6576000 	/System/Library/PrivateFrameworks/IASUtilities.framework/Versions/A/IASUtilities
0x000000024c473000 	/System/Library/PrivateFrameworks/IASUtilitiesCore.framework/Versions/A/IASUtilitiesCore
0x00000001aecf4000 	/System/Library/PrivateFrameworks/OnBoardingKit.framework/Versions/A/OnBoardingKit
0x000000025efd3000 	/System/Library/PrivateFrameworks/RemoteUI.framework/Versions/A/RemoteUI
0x00000001ab3a5000 	/System/Library/Frameworks/WebKit.framework/Versions/A/WebKit
0x00000001a30f8000 	/System/Library/Frameworks/JavaScriptCore.framework/Versions/A/JavaScriptCore
0x0000000250af4000 	/System/Library/PrivateFrameworks/LiftUI.framework/Versions/A/LiftUI
0x0000000261610000 	/System/Library/PrivateFrameworks/Settings.framework/Versions/A/Settings
0x0000000276529000 	/System/Library/PrivateFrameworks/_IconServices_SwiftUI.framework/Versions/A/_IconServices_SwiftUI
0x0000000226fa0000 	/System/Library/Frameworks/BrowserEngineCore.framework/Versions/A/BrowserEngineCore
0x00000001a0501000 	/System/Library/Frameworks/WebKit.framework/Versions/A/Frameworks/WebKitLegacy.framework/Versions/A/WebKitLegacy
0x00000001acdd9000 	/System/Library/Frameworks/Carbon.framework/Versions/A/Carbon
0x000000019e2ea000 	/System/Library/PrivateFrameworks/CorePrediction.framework/Versions/A/CorePrediction
0x000000018d00b000 	/System/Library/Frameworks/WebKit.framework/Versions/A/Frameworks/WebCore.framework/Versions/A/Frameworks/libwebrtc.dylib
0x00000001ab32f000 	/System/Library/PrivateFrameworks/SafariSafeBrowsing.framework/Versions/A/SafariSafeBrowsing
0x000000019588d000 	/System/Library/Frameworks/SecurityInterface.framework/Versions/A/SecurityInterface
0x00000001aecf3000 	/System/Library/PrivateFrameworks/WebInspectorUI.framework/Versions/A/WebInspectorUI
0x00000001a737b000 	/System/Library/Frameworks/WebKit.framework/Versions/A/Frameworks/WebCore.framework/Versions/A/WebCore
0x00000001a30f1000 	/System/Library/Frameworks/Carbon.framework/Versions/A/Frameworks/CommonPanels.framework/Versions/A/CommonPanels
0x000000019dba0000 	/System/Library/Frameworks/Carbon.framework/Versions/A/Frameworks/Help.framework/Versions/A/Help
0x00000001a30f5000 	/System/Library/Frameworks/Carbon.framework/Versions/A/Frameworks/ImageCapture.framework/Versions/A/ImageCapture
0x00000001a30d0000 	/System/Library/Frameworks/Carbon.framework/Versions/A/Frameworks/OpenScripting.framework/Versions/A/OpenScripting
0x00000001a30f0000 	/System/Library/Frameworks/Carbon.framework/Versions/A/Frameworks/Ink.framework/Versions/A/Ink
0x00000001a30ed000 	/System/Library/Frameworks/Carbon.framework/Versions/A/Frameworks/SecurityHI.framework/Versions/A/SecurityHI
0x000000027bf78000 	/usr/lib/libInterpreterSecurity.dylib
0x00000001c33c8000 	/System/Library/PrivateFrameworks/XprotectFramework.framework/Versions/A/XprotectFramework
0x00000001a6690000 	/System/Library/PrivateFrameworks/yara.framework/Versions/A/yara
0x000000022e9b1000 	/System/Library/Frameworks/WebKit.framework/Versions/A/Frameworks/WebCore.framework/Versions/A/Frameworks/libANGLE-shared.dylib
0x00000002747c5000 	/System/Library/PrivateFrameworks/WebGPU.framework/Versions/A/WebGPU
0x00000001b0bcd000 	/System/Library/Frameworks/SceneKit.framework/Versions/A/SceneKit
0x00000001c1feb000 	/System/Library/Frameworks/ModelIO.framework/Versions/A/ModelIO
0x00000001975e9000 	/System/Library/Frameworks/MetalKit.framework/Versions/A/MetalKit
0x00000001998bd000 	/System/Library/Frameworks/GLKit.framework/Versions/A/GLKit
0x000000027d92b000 	/usr/lib/usd/libusd_ms.dylib
0x000000026fc5c000 	/System/Library/PrivateFrameworks/USDLib_FormatLoaderProxy.framework/Versions/A/USDLib_FormatLoaderProxy
0x000000027d64d000 	/usr/lib/swift/libswift_errno.dylib
0x00000001ade60000 	/System/Library/PrivateFrameworks/CoreOptimization.framework/Versions/A/CoreOptimization
0x0000000227dcc000 	/System/Library/Frameworks/ExtensionKit.framework/Versions/A/ExtensionKit
0x00000002378f6000 	/System/Library/PrivateFrameworks/CloudSettings.framework/Versions/A/CloudSettings
0x0000000227e10000 	/System/Library/Frameworks/FSKit.framework/Versions/A/FSKit
0x0000000251491000 	/System/Library/PrivateFrameworks/LiveFS.framework/Versions/A/LiveFS
0x00000001a02d2000 	/System/Library/Frameworks/EventKit.framework/Versions/A/EventKit
0x00000001aef08000 	/System/Library/PrivateFrameworks/SearchFoundation.framework/Versions/A/SearchFoundation
0x00000001c586b000 	/System/Library/PrivateFrameworks/Email.framework/Versions/A/Email
0x00000001ada62000 	/System/Library/PrivateFrameworks/CoreRoutine.framework/Versions/A/CoreRoutine
0x00000001e477f000 	/System/Library/PrivateFrameworks/VoiceShortcutClient.framework/Versions/A/VoiceShortcutClient
0x00000001bd55a000 	/System/Library/PrivateFrameworks/Categories.framework/Versions/A/Categories
0x00000001b5829000 	/System/Library/PrivateFrameworks/ChronoServices.framework/Versions/A/ChronoServices
0x0000000236878000 	/System/Library/PrivateFrameworks/CalendarDatabase.framework/Versions/A/CalendarDatabase
0x00000002367c2000 	/System/Library/PrivateFrameworks/CalendarDaemon.framework/Versions/A/CalendarDaemon
0x000000019f644000 	/System/Library/PrivateFrameworks/CalendarFoundation.framework/Versions/A/CalendarFoundation
0x000000019f600000 	/System/Library/PrivateFrameworks/iCalendar.framework/Versions/A/iCalendar
0x000000023de9a000 	/System/Library/PrivateFrameworks/DataAccessExpress.framework/Versions/A/DataAccessExpress
0x00000001a6b20000 	/System/Library/PrivateFrameworks/ContactsAutocomplete.framework/Versions/A/ContactsAutocomplete
0x000000027d437000 	/usr/lib/swift/libswiftVideoToolbox.dylib
0x00000001b5776000 	/System/Library/PrivateFrameworks/FTClientServices.framework/Versions/A/FTClientServices
0x0000000259051000 	/System/Library/PrivateFrameworks/OSEligibility.framework/Versions/A/OSEligibility
0x000000026a21d000 	/System/Library/PrivateFrameworks/StorageContainersPrivate.framework/Versions/A/StorageContainersPrivate
0x000000027d2a8000 	/usr/lib/swift/libswiftCoreMediaIO.dylib
0x00000001a6400000 	/System/Library/PrivateFrameworks/CoreDAV.framework/Versions/A/CoreDAV
0x00000001a01a2000 	/System/Library/PrivateFrameworks/CalDAV.framework/Versions/A/CalDAV
0x00000001ab02c000 	/System/Library/PrivateFrameworks/TelephonyUtilities.framework/Versions/A/TelephonyUtilities
0x0000000229041000 	/System/Library/Frameworks/LiveCommunicationKit.framework/Versions/A/LiveCommunicationKit
0x00000002381f3000 	/System/Library/PrivateFrameworks/CommunicationTrust.framework/Versions/A/CommunicationTrust
0x00000001af994000 	/System/Library/Frameworks/CallKit.framework/Versions/A/CallKit
0x000000019a8c7000 	/System/Library/PrivateFrameworks/CommunicationsFilter.framework/Versions/A/CommunicationsFilter
0x00000001d9a3c000 	/System/Library/PrivateFrameworks/IMTransferServices.framework/Versions/A/IMTransferServices
0x00000001ade79000 	/System/Library/PrivateFrameworks/IncomingCallFilter.framework/Versions/A/IncomingCallFilter
0x00000002577a2000 	/System/Library/PrivateFrameworks/NeighborhoodActivityConduit.framework/Versions/A/NeighborhoodActivityConduit
0x00000001b1ed5000 	/System/Library/PrivateFrameworks/CallHistory.framework/Versions/A/CallHistory
0x000000027bd68000 	/usr/lib/libBASupport.dylib
0x0000000236c90000 	/System/Library/PrivateFrameworks/CallsUtilities.framework/Versions/A/CallsUtilities
0x0000000236c9b000 	/System/Library/PrivateFrameworks/CallsXPC.framework/Versions/A/CallsXPC
0x00000001e4f72000 	/usr/lib/swift/libswiftCallKit.dylib
0x0000000236c83000 	/System/Library/PrivateFrameworks/CallsPersistence.framework/Versions/A/CallsPersistence
0x000000022ca07000 	/System/Library/Frameworks/SensitiveContentAnalysis.framework/Versions/A/SensitiveContentAnalysis
0x00000001b2f0b000 	/System/Library/PrivateFrameworks/PeopleSuggester.framework/Versions/A/PeopleSuggester
0x00000001bc363000 	/System/Library/PrivateFrameworks/SpotlightReceiver.framework/Versions/A/SpotlightReceiver
0x00000002764f0000 	/System/Library/PrivateFrameworks/_AppIntentsServices_AppIntents.framework/Versions/A/_AppIntentsServices_AppIntents
0x00000002320b0000 	/System/Library/PrivateFrameworks/AppIntentsServices.framework/Versions/A/AppIntentsServices
0x000000019f5e8000 	/System/Library/PrivateFrameworks/CoreRecents.framework/Versions/A/CoreRecents
0x0000000228516000 	/System/Library/Frameworks/GeoToolbox.framework/Versions/A/GeoToolbox
0x000000022eeb6000 	/System/Library/Frameworks/_GeoToolbox_AppIntents.framework/Versions/A/_GeoToolbox_AppIntents
0x00000001cf4e6000 	/System/Library/PrivateFrameworks/DiagnosticRequest.framework/Versions/A/DiagnosticRequest
0x0000000276434000 	/System/Library/PrivateFrameworks/XPCDistributed.framework/Versions/A/XPCDistributed
0x000000025ebe0000 	/System/Library/PrivateFrameworks/RegulatoryDomain.framework/Versions/A/RegulatoryDomain
0x0000000199995000 	/usr/lib/libCTGreenTeaLogger.dylib
0x00000002516b7000 	/System/Library/PrivateFrameworks/LocalStatusKit.framework/Versions/A/LocalStatusKit
0x00000001aaf18000 	/System/Library/PrivateFrameworks/CoreParsec.framework/Versions/A/CoreParsec
0x00000001c585f000 	/System/Library/PrivateFrameworks/EmailAddressing.framework/Versions/A/EmailAddressing
0x00000001c185a000 	/System/Library/PrivateFrameworks/EmailCore.framework/Versions/A/EmailCore
0x00000001c2888000 	/System/Library/PrivateFrameworks/EmailFoundation.framework/Versions/A/EmailFoundation
0x000000025a796000 	/System/Library/PrivateFrameworks/PegasusAPI.framework/Versions/A/PegasusAPI
0x000000025b2e7000 	/System/Library/PrivateFrameworks/PegasusConfiguration.framework/Versions/A/PegasusConfiguration
0x000000026e4ca000 	/System/Library/PrivateFrameworks/ToolKit.framework/Versions/A/ToolKit
0x000000025f368000 	/System/Library/PrivateFrameworks/ReplicatorEngine.framework/Versions/A/ReplicatorEngine
0x000000025f50a000 	/System/Library/PrivateFrameworks/ReplicatorServices.framework/Versions/A/ReplicatorServices
0x000000026b187000 	/System/Library/PrivateFrameworks/SystemWake.framework/Versions/A/SystemWake
0x00000001afb68000 	/System/Library/PrivateFrameworks/ContextKit.framework/Versions/A/ContextKit
0x000000023878c000 	/System/Library/PrivateFrameworks/ContextKitCore.framework/Versions/A/ContextKitCore
0x00000001ae0ff000 	/System/Library/Frameworks/LocalAuthentication.framework/Support/DaemonUtils.framework/Versions/A/DaemonUtils
0x000000025164c000 	/System/Library/PrivateFrameworks/LocalAuthenticationCoreUI.framework/Versions/A/LocalAuthenticationCoreUI
0x00000001b1520000 	/System/Library/PrivateFrameworks/BridgeXPC.framework/Versions/A/BridgeXPC
0x00000001aedd0000 	/System/Library/PrivateFrameworks/CoreKDL.framework/Versions/A/CoreKDL
0x00000001ad402000 	/System/Library/PrivateFrameworks/EmbeddedOSSupportHost.framework/Versions/A/EmbeddedOSSupportHost
0x00000001a20d0000 	/System/Library/PrivateFrameworks/LoginUIKit.framework/Versions/A/LoginUIKit
0x00000001bda55000 	/System/Library/PrivateFrameworks/StorageKit.framework/Versions/A/StorageKit
0x00000001e6783000 	/System/Library/Frameworks/DeviceCheck.framework/Versions/A/DeviceCheck
0x00000001bdace000 	/System/Library/PrivateFrameworks/CoreWLANKit.framework/Versions/A/CoreWLANKit
0x0000000273b4d000 	/System/Library/PrivateFrameworks/Wallpaper.framework/Versions/A/Wallpaper
0x000000027d2c3000 	/usr/lib/swift/libswiftGLKit.dylib
0x000000027d2ce000 	/usr/lib/swift/libswiftMetalKit.dylib
0x000000027d2d2000 	/usr/lib/swift/libswiftModelIO.dylib
0x000000027d395000 	/usr/lib/swift/libswiftSceneKit.dylib
0x000000023e800000 	/System/Library/PrivateFrameworks/DiskImages2.framework/Versions/A/DiskImages2
0x00000001c679a000 	/System/Library/PrivateFrameworks/DynamicDesktop.framework/Versions/A/DynamicDesktop
0x0000000273cdc000 	/System/Library/PrivateFrameworks/WallpaperFoundation.framework/Versions/A/WallpaperFoundation
0x0000000273d39000 	/System/Library/PrivateFrameworks/WallpaperTypes.framework/Versions/A/WallpaperTypes
0x00000001db799000 	/System/Library/PrivateFrameworks/SystemDesktopAppearance.framework/Versions/A/SystemDesktopAppearance
0x00000002795cf000 	/System/Library/PrivateFrameworks/icloudMCCKit.framework/Versions/A/icloudMCCKit
0x0000000233008000 	/System/Library/PrivateFrameworks/AppleAccountUI.framework/Versions/A/AppleAccountUI
0x00000001cfabd000 	/System/Library/PrivateFrameworks/PreferencePanesSupport.framework/Versions/A/PreferencePanesSupport
0x00000001b5b2c000 	/System/Library/PrivateFrameworks/FindMyDeviceUI.framework/Versions/A/FindMyDeviceUI
0x0000000277216000 	/System/Library/PrivateFrameworks/iCloudQuotaUI.framework/Versions/A/iCloudQuotaUI
0x00000001cfc71000 	/System/Library/PrivateFrameworks/CoreCDPUI.framework/Versions/A/CoreCDPUI
0x00000001af8c3000 	/System/Library/PrivateFrameworks/CoreFollowUpUI.framework/Versions/A/CoreFollowUpUI
0x00000001bc5e2000 	/System/Library/PrivateFrameworks/IMCore.framework/Versions/A/IMCore
0x00000001a4bf1000 	/System/Library/PrivateFrameworks/CoreCDP.framework/Versions/A/CoreCDP
0x00000001a0b59000 	/System/Library/PrivateFrameworks/AskPermission.framework/Versions/A/AskPermission
0x00000001b35f0000 	/System/Library/Frameworks/Quartz.framework/Versions/A/Quartz
0x00000001c002f000 	/System/Library/PrivateFrameworks/CloudPhotoServicesConfiguration.framework/Versions/A/CloudPhotoServicesConfiguration
0x00000001b1cfa000 	/System/Library/PrivateFrameworks/CommerceKit.framework/Versions/A/CommerceKit
0x00000001c192a000 	/System/Library/PrivateFrameworks/FindMyMac.framework/Versions/A/FindMyMac
0x00000001c17fd000 	/System/Library/Frameworks/PreferencePanes.framework/Versions/A/PreferencePanes
0x00000001b4faa000 	/System/Library/Frameworks/AddressBook.framework/Versions/A/AddressBook
0x000000019fa41000 	/System/Library/PrivateFrameworks/AOSAccounts.framework/Versions/A/AOSAccounts
0x0000000199c96000 	/System/Library/PrivateFrameworks/AppleSRP.framework/Versions/A/AppleSRP
0x00000001ae015000 	/System/Library/Frameworks/SafariServices.framework/Versions/A/SafariServices
0x000000019e51a000 	/System/Library/PrivateFrameworks/NetFSServer.framework/Versions/A/NetFSServer
0x00000001b0aa7000 	/System/Library/Frameworks/PDFKit.framework/Versions/A/PDFKit
0x000000022dfa9000 	/System/Library/Frameworks/TabularData.framework/Versions/A/TabularData
0x000000027d2e9000 	/usr/lib/swift/libswiftPassKit.dylib
0x00000001d3c14000 	/System/Library/Frameworks/PassKit.framework/Versions/A/PassKit
0x00000001a21da000 	/System/Library/PrivateFrameworks/PassKitCore.framework/Versions/A/PassKitCore
0x000000025a0b4000 	/System/Library/PrivateFrameworks/PassKitMacHelperTemp.framework/Versions/A/PassKitMacHelperTemp
0x000000027bcb8000 	/usr/lib/libAppleSSE.dylib
0x00000001ae14b000 	/System/Library/PrivateFrameworks/BiometricKit.framework/Versions/A/BiometricKit
0x000000025fb0e000 	/System/Library/PrivateFrameworks/SEService.framework/Versions/A/SEService
0x0000000227ed5000 	/System/Library/Frameworks/FinanceKit.framework/Versions/A/FinanceKit
0x00000001b369f000 	/System/Library/PrivateFrameworks/NearField.framework/Versions/A/NearField
0x000000027c0b7000 	/usr/lib/libSESShared.dylib
0x000000025fd76000 	/System/Library/PrivateFrameworks/STSXPCHelperClient.framework/Versions/A/STSXPCHelperClient
0x00000001b53b6000 	/usr/lib/libnfshared.dylib
0x000000026af0f000 	/System/Library/PrivateFrameworks/Symptoms.framework/Versions/A/Frameworks/SymptomPresentationFeed.framework/Versions/A/SymptomPresentationFeed
0x00000002339ed000 	/System/Library/PrivateFrameworks/AppleMediaServicesKitInternal.framework/Versions/A/AppleMediaServicesKitInternal
0x0000000234691000 	/System/Library/PrivateFrameworks/AsyncAlgorithmsInternal.framework/Versions/A/AsyncAlgorithmsInternal
0x000000026ac51000 	/System/Library/PrivateFrameworks/SymptomShared.framework/Versions/A/SymptomShared
0x00000001d6944000 	/System/Library/PrivateFrameworks/PassKitUIFoundation.framework/Versions/A/PassKitUIFoundation
0x00000001995c9000 	/System/Library/Frameworks/MapKit.framework/Versions/A/MapKit
0x00000002494cb000 	/System/Library/PrivateFrameworks/GeoAnalytics.framework/Versions/A/GeoAnalytics
0x00000001b53e4000 	/System/Library/PrivateFrameworks/Navigation.framework/Versions/A/Navigation
0x00000001bf077000 	/System/Library/PrivateFrameworks/VectorKit.framework/Versions/A/VectorKit
0x00000001a6641000 	/System/Library/PrivateFrameworks/VirtualGarage.framework/Versions/A/VirtualGarage
0x00000001b55c3000 	/System/Library/Frameworks/ExternalAccessory.framework/ExternalAccessory
0x00000001b55de000 	/System/Library/PrivateFrameworks/IAP.framework/Versions/A/IAP
0x0000000199885000 	/System/Library/PrivateFrameworks/IOPlatformPluginFamily.framework/Versions/A/IOPlatformPluginFamily
0x0000000234cd6000 	/System/Library/PrivateFrameworks/AvatarKit.framework/Versions/A/AvatarKit
0x0000000234d95000 	/System/Library/PrivateFrameworks/AvatarPersistence.framework/Versions/A/AvatarPersistence
0x000000022e330000 	/System/Library/Frameworks/TipKit.framework/Versions/A/TipKit
0x00000001a1cde000 	/System/Library/PrivateFrameworks/IMSharedUtilities.framework/Versions/A/IMSharedUtilities
0x000000027d288000 	/usr/lib/swift/libswiftAppleArchive.dylib
0x0000000270977000 	/System/Library/PrivateFrameworks/VFX.framework/Versions/A/VFX
0x00000001d181a000 	/System/Library/PrivateFrameworks/AppleCVA.framework/Versions/A/AppleCVA
0x0000000234d94000 	/System/Library/PrivateFrameworks/AvatarKitContent.framework/Versions/A/AvatarKitContent
0x0000000229dea000 	/System/Library/Frameworks/MetalFX.framework/Versions/A/MetalFX
0x0000000238308000 	/System/Library/PrivateFrameworks/CompositorNonUI.framework/Versions/A/CompositorNonUI
0x000000022625b000 	/System/Library/Frameworks/ARKit.framework/Versions/A/ARKit
0x0000000230a21000 	/System/Library/PrivateFrameworks/ARKitCore.framework/Versions/A/ARKitCore
0x000000027bdb2000 	/usr/lib/libDisplayWarpSupport.dylib
0x0000000239a56000 	/System/Library/PrivateFrameworks/CoreComposite.framework/Versions/A/CoreComposite
0x000000027c1eb000 	/usr/lib/libchannel.dylib
0x000000027cee5000 	/usr/lib/librealtime_safety.dylib
0x0000000230aae000 	/System/Library/PrivateFrameworks/ARKitFoundation.framework/Versions/A/ARKitFoundation
0x00000002330a6000 	/System/Library/PrivateFrameworks/AppleDepth.framework/Versions/A/AppleDepth
0x000000023321c000 	/System/Library/PrivateFrameworks/AppleDepthCore.framework/Versions/A/AppleDepthCore
0x00000001999be000 	/System/Library/PrivateFrameworks/CoreAppleCVA.framework/Versions/A/CoreAppleCVA
0x00000001a676f000 	/System/Library/PrivateFrameworks/ContactsUICore.framework/Versions/A/ContactsUICore
0x00000001adf81000 	/System/Library/PrivateFrameworks/ContactsDonation.framework/Versions/A/ContactsDonation
0x00000001ad838000 	/System/Library/PrivateFrameworks/DataDetectors.framework/Versions/A/DataDetectors
0x00000001a018e000 	/System/Library/Frameworks/MediaLibrary.framework/Versions/A/MediaLibrary
0x000000019a8b6000 	/System/Library/PrivateFrameworks/PersonaKit.framework/Versions/A/PersonaKit
0x00000001a675d000 	/System/Library/PrivateFrameworks/PersonaUI.framework/Versions/A/PersonaUI
0x00000001c121f000 	/System/Library/PrivateFrameworks/Transparency.framework/Versions/A/Transparency
0x0000000240254000 	/System/Library/PrivateFrameworks/FindMyLocate.framework/Versions/A/FindMyLocate
0x00000001af842000 	/System/Library/PrivateFrameworks/IntlPreferences.framework/Versions/A/IntlPreferences
0x000000024012d000 	/System/Library/PrivateFrameworks/FindMyCommon.framework/Versions/A/FindMyCommon
0x000000023ff1d000 	/System/Library/PrivateFrameworks/FindMyBase.framework/Versions/A/FindMyBase
0x000000022b687000 	/System/Library/Frameworks/NearbyInteraction.framework/Versions/A/NearbyInteraction
0x000000019a4d7000 	/System/Library/PrivateFrameworks/AddressBookCore.framework/Versions/A/AddressBookCore
0x00000001b5141000 	/System/Library/PrivateFrameworks/ToneKit.framework/Versions/A/ToneKit
0x00000001af889000 	/System/Library/PrivateFrameworks/ToneLibrary.framework/Versions/A/ToneLibrary
0x000000023860d000 	/System/Library/PrivateFrameworks/ContactsAccounts.framework/Versions/A/ContactsAccounts
0x00000001b350b000 	/System/Library/PrivateFrameworks/Lookup.framework/Versions/A/Lookup
0x000000022bf6c000 	/System/Library/Frameworks/QuickLookUI.framework/Versions/A/QuickLookUI
0x000000022c981000 	/System/Library/Frameworks/ScreenCaptureKit.framework/Versions/A/ScreenCaptureKit
0x00000001b05bb000 	/System/Library/Frameworks/Quartz.framework/Versions/A/Frameworks/QuartzComposer.framework/Versions/A/QuartzComposer
0x00000001af819000 	/System/Library/Frameworks/Quartz.framework/Versions/A/Frameworks/QuartzFilters.framework/Versions/A/QuartzFilters
0x00000001ae8c5000 	/System/Library/Frameworks/Quartz.framework/Versions/A/Frameworks/ImageKit.framework/Versions/A/ImageKit
0x0000000226068000 	/System/Library/Frameworks/OpenCL.framework/Versions/A/OpenCL
0x00000001acdd8000 	/System/Library/PrivateFrameworks/CorePDF.framework/Versions/A/CorePDF
0x0000000197580000 	/System/Library/Frameworks/QuickLook.framework/Versions/A/QuickLook
0x00000001a20cb000 	/System/Library/PrivateFrameworks/DisplayServices.framework/Versions/A/DisplayServices
0x00000001af79e000 	/System/Library/Frameworks/ImageCaptureCore.framework/Versions/A/ImageCaptureCore
0x0000000272983000 	/System/Library/PrivateFrameworks/VisionKitCore.framework/Versions/A/VisionKitCore
0x00000001aaee8000 	/System/Library/PrivateFrameworks/QuickLookSupport.framework/Versions/A/QuickLookSupport
0x000000025431a000 	/System/Library/PrivateFrameworks/MediaAnalysisServices.framework/Versions/A/MediaAnalysisServices
0x00000001b24f6000 	/System/Library/PrivateFrameworks/PhotoLibraryServices.framework/Versions/A/PhotoLibraryServices
0x00000001af3b6000 	/System/Library/Frameworks/Photos.framework/Versions/A/Photos
0x00000001c3ba3000 	/System/Library/PrivateFrameworks/PhotosFormats.framework/Versions/A/PhotosFormats
0x00000001c005a000 	/System/Library/PrivateFrameworks/CloudPhotoLibrary.framework/Versions/A/CloudPhotoLibrary
0x00000001c9432000 	/System/Library/PrivateFrameworks/CloudPhotoServices.framework/Versions/A/CloudPhotoServices
0x00000001c59d0000 	/System/Library/PrivateFrameworks/CoreMediaStream.framework/Versions/A/CoreMediaStream
0x000000019af77000 	/System/Library/PrivateFrameworks/CPAnalytics.framework/Versions/A/CPAnalytics
0x00000001c1f23000 	/System/Library/PrivateFrameworks/MediaConversionService.framework/Versions/A/MediaConversionService
0x00000001a1cca000 	/System/Library/PrivateFrameworks/PhotoFoundation.framework/Versions/A/PhotoFoundation
0x000000025b8cf000 	/System/Library/PrivateFrameworks/PhotoLibraryServicesCore.framework/Versions/A/PhotoLibraryServicesCore
0x00000001bbcef000 	/System/Library/PrivateFrameworks/MMCS.framework/Versions/A/MMCS
0x000000019ffe7000 	/System/Library/PrivateFrameworks/ChunkingLibrary.framework/Versions/A/ChunkingLibrary
0x0000000199c63000 	/System/Library/PrivateFrameworks/AssetCacheServices.framework/Versions/A/AssetCacheServices
0x000000019bc2b000 	/System/Library/PrivateFrameworks/AVFoundationCF.framework/Versions/A/AVFoundationCF
0x00000001d9937000 	/usr/lib/swift/libswiftDemangle.dylib
0x000000024c657000 	/System/Library/PrivateFrameworks/ImageCaptureDevices.framework/Versions/A/ImageCaptureDevices
0x00000001adaf5000 	/System/Library/PrivateFrameworks/MediaStream.framework/Versions/A/MediaStream
0x00000001c23c5000 	/System/Library/PrivateFrameworks/NeutrinoCore.framework/Versions/A/NeutrinoCore
0x00000001895b4000 	/System/Library/PrivateFrameworks/NLP.framework/Versions/A/NLP
0x00000001c81c5000 	/System/Library/PrivateFrameworks/PhotoImaging.framework/Versions/A/PhotoImaging
0x00000001c93f3000 	/System/Library/PrivateFrameworks/PhotosImagingFoundation.framework/Versions/A/PhotosImagingFoundation
0x000000025c47b000 	/System/Library/PrivateFrameworks/PhotosIntelligenceCore.framework/Versions/A/PhotosIntelligenceCore
0x000000019c066000 	/System/Library/PrivateFrameworks/EmbeddedAcousticRecognition.framework/Versions/A/EmbeddedAcousticRecognition
0x00000001b7344000 	/System/Library/PrivateFrameworks/EmojiFoundation.framework/Versions/A/EmojiFoundation
0x00000001c02d3000 	/System/Library/PrivateFrameworks/SDAPI.framework/Versions/A/SDAPI
0x00000001c9441000 	/System/Library/PrivateFrameworks/AutoLoop.framework/Versions/A/AutoLoop
0x000000025d058000 	/System/Library/PrivateFrameworks/Portrait.framework/Versions/A/Portrait
0x00000002408e4000 	/System/Library/PrivateFrameworks/FusionTracker.framework/Versions/A/FusionTracker
0x00000001b0055000 	/System/Library/PrivateFrameworks/iTunesCloud.framework/Versions/A/iTunesCloud
0x00000001b9234000 	/System/Library/PrivateFrameworks/DAAPKit.framework/Versions/A/DAAPKit
0x00000001ab264000 	/System/Library/PrivateFrameworks/DeviceManagement.framework/Versions/A/DeviceManagement
0x00000001cf437000 	/System/Library/PrivateFrameworks/ScreenTimeUI.framework/Versions/A/ScreenTimeUI
0x00000001ad832000 	/System/Library/PrivateFrameworks/QuickLookNonBaseSystem.framework/Versions/A/QuickLookNonBaseSystem
0x00000001ae057000 	/System/Library/PrivateFrameworks/Catalyst.framework/Versions/A/Catalyst
0x00000001afa3b000 	/System/Library/PrivateFrameworks/ScreenTimeCore.framework/Versions/A/ScreenTimeCore
0x00000001c3053000 	/System/Library/PrivateFrameworks/ScreenTimeServiceUI.framework/Versions/A/ScreenTimeServiceUI
0x00000001bbe7f000 	/System/Library/PrivateFrameworks/ConfigurationEngineModel.framework/Versions/A/ConfigurationEngineModel
0x00000001bf030000 	/System/Library/PrivateFrameworks/UsageTracking.framework/Versions/A/UsageTracking
0x0000000227b68000 	/System/Library/Frameworks/DeviceActivity.framework/Versions/A/DeviceActivity
0x00000001bf000000 	/System/Library/PrivateFrameworks/KnowledgeMonitor.framework/Versions/A/KnowledgeMonitor
0x00000001d68ea000 	/System/Library/PrivateFrameworks/BluetoothManager.framework/Versions/A/BluetoothManager
0x000000022916f000 	/System/Library/Frameworks/ManagedSettings.framework/Versions/A/ManagedSettings
0x0000000253a7a000 	/System/Library/PrivateFrameworks/ManagedSettingsSupport.framework/Versions/A/ManagedSettingsSupport
0x00000001d3ce4000 	/System/Library/Frameworks/ReplayKit.framework/Versions/A/ReplayKit
0x00000001a308a000 	/System/Library/PrivateFrameworks/MarkupUI.framework/Versions/A/MarkupUI
0x00000001ad80a000 	/System/Library/PrivateFrameworks/SidecarCore.framework/Versions/A/SidecarCore
0x00000001b0470000 	/System/Library/PrivateFrameworks/AnnotationKit.framework/Versions/A/AnnotationKit
0x00000001aeb0a000 	/System/Library/Frameworks/PencilKit.framework/Versions/A/PencilKit
0x00000001aeccf000 	/System/Library/PrivateFrameworks/SidecarUI.framework/Versions/A/SidecarUI
0x00000001ae467000 	/System/Library/PrivateFrameworks/CoreHandwriting.framework/Versions/A/CoreHandwriting
0x000000018318b000 	/usr/lib/libmecabra.dylib
0x00000001a6d2e000 	/System/Library/PrivateFrameworks/Calculate.framework/Versions/A/Calculate
0x0000000192c81000 	/usr/lib/libChineseTokenizer.dylib
0x00000001e4d36000 	/System/Library/PrivateFrameworks/ScreenReaderCore.framework/Versions/A/ScreenReaderCore
0x000000026a1af000 	/System/Library/PrivateFrameworks/StocksKit.framework/Versions/A/StocksKit
0x00000001a5d2b000 	/System/Library/PrivateFrameworks/OAuth.framework/Versions/A/OAuth
0x0000000269ea0000 	/System/Library/PrivateFrameworks/StocksCore.framework/Versions/A/StocksCore
0x000000026b47f000 	/System/Library/PrivateFrameworks/TeaFoundation.framework/Versions/A/TeaFoundation
0x000000026b661000 	/System/Library/PrivateFrameworks/TeaSettings.framework/Versions/A/TeaSettings
0x00000001dafff000 	/System/Library/PrivateFrameworks/NewsCore.framework/Versions/A/NewsCore
0x000000026b41b000 	/System/Library/PrivateFrameworks/TeaDB.framework/Versions/A/TeaDB
0x00000001d79fe000 	/System/Library/PrivateFrameworks/RemoteConfiguration.framework/Versions/A/RemoteConfiguration
0x00000001dac0a000 	/System/Library/PrivateFrameworks/NewsTransport.framework/Versions/A/NewsTransport
0x00000001dafef000 	/System/Library/PrivateFrameworks/NewsFoundation.framework/Versions/A/NewsFoundation
0x0000000257da8000 	/System/Library/PrivateFrameworks/NewsURLBucket.framework/Versions/A/NewsURLBucket
0x00000001b20ef000 	/System/Library/PrivateFrameworks/MobileInstallation.framework/Versions/A/MobileInstallation
0x000000022e49d000 	/System/Library/Frameworks/Translation.framework/Versions/A/Translation
0x00000001cae43000 	/System/Library/PrivateFrameworks/RevealCore.framework/Versions/A/RevealCore
0x00000001cae37000 	/System/Library/PrivateFrameworks/Reveal.framework/Versions/A/Reveal
0x00000001c2d1d000 	/System/Library/Frameworks/Speech.framework/Versions/A/Speech
0x000000022f901000 	/System/Library/PrivateFrameworks/AIMLExperimentationAnalytics.framework/Versions/A/AIMLExperimentationAnalytics
0x0000000231c5f000 	/System/Library/PrivateFrameworks/AlgorithmsInternal.framework/Versions/A/AlgorithmsInternal
0x000000026ecb3000 	/System/Library/PrivateFrameworks/TranslationUIServices.framework/Versions/A/TranslationUIServices
0x000000026db9f000 	/System/Library/PrivateFrameworks/TipKitCore.framework/Versions/A/TipKitCore
0x00000001b73c8000 	/System/Library/PrivateFrameworks/CoreCDPInternal.framework/Versions/A/CoreCDPInternal
0x000000024ce33000 	/System/Library/PrivateFrameworks/InputAnalytics.framework/Versions/A/InputAnalytics
0x00000001bce61000 	/System/Library/Frameworks/InstantMessage.framework/Versions/A/InstantMessage
0x00000001b4eb8000 	/System/Library/PrivateFrameworks/IDSKVStore.framework/Versions/A/IDSKVStore
0x00000001b4b97000 	/System/Library/PrivateFrameworks/IMDPersistence.framework/Versions/A/IMDPersistence
0x000000027086d000 	/System/Library/PrivateFrameworks/UserSafety.framework/Versions/A/UserSafety
0x00000001d5af8000 	/System/Library/PrivateFrameworks/BlastDoor.framework/Versions/A/BlastDoor
0x00000002512d2000 	/System/Library/PrivateFrameworks/LinkPresentationStyleSheetParsing.framework/Versions/A/LinkPresentationStyleSheetParsing
0x000000025d209000 	/System/Library/PrivateFrameworks/PosterFoundation.framework/Versions/A/PosterFoundation
0x000000025d297000 	/System/Library/PrivateFrameworks/PosterModel.framework/Versions/A/PosterModel
0x000000025d272000 	/System/Library/PrivateFrameworks/PosterFuturesKit.framework/Versions/A/PosterFuturesKit
0x000000023fd14000 	/System/Library/PrivateFrameworks/FeedbackService.framework/Versions/A/FeedbackService
0x00000001aded8000 	/System/Library/PrivateFrameworks/CoreSDB.framework/Versions/A/CoreSDB
0x000000023447a000 	/System/Library/PrivateFrameworks/AskToCore.framework/Versions/A/AskToCore
0x00000001cfc6e000 	/System/Library/PrivateFrameworks/MachineSettings.framework/Versions/A/MachineSettings
0x00000001c177f000 	/System/Library/PrivateFrameworks/BezelServices.framework/Versions/A/BezelServices
0x00000001b92c0000 	/System/Library/PrivateFrameworks/SPOwner.framework/Versions/A/SPOwner
0x00000001b1d5f000 	/System/Library/PrivateFrameworks/FMCore.framework/Versions/A/FMCore
0x00000001b1559000 	/System/Library/PrivateFrameworks/AppleMediaServicesUI.framework/Versions/A/AppleMediaServicesUI
0x000000027716e000 	/System/Library/PrivateFrameworks/iCloudQuota.framework/Versions/A/iCloudQuota
0x00000001a66da000 	/System/Library/PrivateFrameworks/CoreRecognition.framework/Versions/A/CoreRecognition
0x00000001c1835000 	/System/Library/PrivateFrameworks/InAppMessages.framework/Versions/A/InAppMessages
0x00000001e3927000 	/System/Library/PrivateFrameworks/JetUI.framework/Versions/A/JetUI
0x00000002505b3000 	/System/Library/PrivateFrameworks/JetPack.framework/Versions/A/JetPack
0x00000001c182c000 	/System/Library/PrivateFrameworks/InAppMessagesCore.framework/Versions/A/InAppMessagesCore
0x0000000276539000 	/System/Library/PrivateFrameworks/_JetEngine_SwiftUI.framework/Versions/A/_JetEngine_SwiftUI
0x000000026af38000 	/System/Library/PrivateFrameworks/Synapse.framework/Versions/A/Synapse
0x000000023661c000 	/System/Library/PrivateFrameworks/CSExattrCrypto.framework/Versions/A/CSExattrCrypto
0x00000001b31f4000 	/System/Library/PrivateFrameworks/StoreFoundation.framework/Versions/A/StoreFoundation
0x00000001b1d59000 	/System/Library/PrivateFrameworks/ServerInformation.framework/Versions/A/ServerInformation
0x00000001b178f000 	/System/Library/PrivateFrameworks/Install.framework/Frameworks/DistributionKit.framework/Versions/A/DistributionKit
0x00000001aacbc000 	/System/Library/PrivateFrameworks/PackageKit.framework/Versions/A/PackageKit
0x00000001b17b2000 	/System/Library/PrivateFrameworks/OSPersonalization.framework/Versions/A/OSPersonalization
0x00000001b377e000 	/System/Library/PrivateFrameworks/BridgeOSSoftwareUpdate.framework/Versions/A/BridgeOSSoftwareUpdate
0x00000001ae36f000 	/System/Library/PrivateFrameworks/StorageManagement.framework/Versions/A/StorageManagement
0x00000001c2ba3000 	/usr/lib/libauthinstall.dylib
0x00000001b3787000 	/System/Library/PrivateFrameworks/InstallerDiagnostics.framework/Versions/A/InstallerDiagnostics
0x00000001c321f000 	/usr/lib/libcrypto.42.dylib
0x000000027d7ef000 	/usr/lib/updaters/libAppleTconUARPUpdater.dylib
0x000000027d912000 	/usr/lib/updaters/libT200Updater.dylib
0x00000001b376c000 	/System/Library/PrivateFrameworks/GPUInfo.framework/Versions/A/GPUInfo
0x00000001c1930000 	/System/Library/PrivateFrameworks/MobileActivationMacOS.framework/Versions/A/MobileActivationMacOS
0x00000001a5c6d000 	/System/Library/PrivateFrameworks/AccountsDaemon.framework/Versions/A/AccountsDaemon
0x00000002493fd000 	/System/Library/PrivateFrameworks/GenerativePartnerService.framework/Versions/A/GenerativePartnerService
0x0000000195cd6000 	/System/Library/PrivateFrameworks/CacheDelete.framework/Versions/A/CacheDelete
0x000000019e63e000 	/System/Library/Frameworks/QuickLookThumbnailing.framework/Versions/A/QuickLookThumbnailing
0x00000001b37cb000 	/System/Library/PrivateFrameworks/AOSKit.framework/Versions/A/AOSKit
0x0000000192db2000 	/System/Library/PrivateFrameworks/AppSSOCore.framework/Versions/A/AppSSOCore
0x00000001ad1e2000 	/System/Library/Frameworks/AVFoundation.framework/Versions/A/AVFoundation
0x0000000234e2e000 	/System/Library/PrivateFrameworks/BackgroundSystemTasks.framework/Versions/A/BackgroundSystemTasks
0x000000019e554000 	/System/Library/PrivateFrameworks/DuetActivityScheduler.framework/Versions/A/DuetActivityScheduler
0x00000001bff89000 	/System/Library/PrivateFrameworks/NetworkServiceProxy.framework/Versions/A/NetworkServiceProxy
0x00000001998f7000 	/usr/lib/libnetworkextension.dylib
0x000000019bf75000 	/System/Library/PrivateFrameworks/Rapport.framework/Versions/A/Rapport
0x000000026ac61000 	/System/Library/PrivateFrameworks/Symptoms.framework/Versions/A/Frameworks/SymptomAnalytics.framework/Versions/A/SymptomAnalytics
0x000000019670a000 	/System/Library/Frameworks/NetworkExtension.framework/Versions/A/NetworkExtension
0x000000019cd1b000 	/System/Library/PrivateFrameworks/CoreDuetContext.framework/Versions/A/CoreDuetContext
0x0000000187c0f000 	/System/Library/PrivateFrameworks/CoreDuet.framework/Versions/A/CoreDuet
0x00000001a1a24000 	/System/Library/PrivateFrameworks/AssistantServices.framework/Versions/A/AssistantServices
0x000000019bd6f000 	/System/Library/PrivateFrameworks/SAObjects.framework/Versions/A/SAObjects
0x00000001a161f000 	/System/Library/PrivateFrameworks/MediaRemote.framework/Versions/A/MediaRemote
0x00000001b3cbf000 	/System/Library/PrivateFrameworks/SiriInstrumentation.framework/Versions/A/SiriInstrumentation
0x0000000261c20000 	/System/Library/PrivateFrameworks/SiriAnalytics.framework/Versions/A/SiriAnalytics
0x0000000267ac2000 	/System/Library/PrivateFrameworks/SiriTTSService.framework/Versions/A/SiriTTSService
0x000000026255c000 	/System/Library/PrivateFrameworks/SiriCrossDeviceArbitration.framework/Versions/A/SiriCrossDeviceArbitration
0x00000001b152b000 	/System/Library/PrivateFrameworks/FeedbackLogger.framework/Versions/A/FeedbackLogger
0x000000023f8c1000 	/System/Library/PrivateFrameworks/FaceTimeNameUtility.framework/Versions/A/FaceTimeNameUtility
0x00000002625b0000 	/System/Library/PrivateFrameworks/SiriCrossDeviceArbitrationFeedback.framework/Versions/A/SiriCrossDeviceArbitrationFeedback
0x00000002492b9000 	/System/Library/PrivateFrameworks/GenerativeModels.framework/Versions/A/GenerativeModels
0x00000002263a1000 	/System/Library/Frameworks/AVRouting.framework/Versions/A/AVRouting
0x00000001a64ed000 	/System/Library/PrivateFrameworks/MediaServices.framework/Versions/A/MediaServices
0x0000000194330000 	/System/Library/Frameworks/MediaToolbox.framework/Versions/A/MediaToolbox
0x000000019ad19000 	/System/Library/PrivateFrameworks/CoreAVCHD.framework/Versions/A/CoreAVCHD
0x000000019ad15000 	/System/Library/PrivateFrameworks/Mangrove.framework/Versions/A/Mangrove
0x0000000236438000 	/System/Library/PrivateFrameworks/CMPhoto.framework/Versions/A/CMPhoto
0x000000019b4fa000 	/System/Library/Frameworks/CoreTelephony.framework/Versions/A/CoreTelephony
0x000000019ad08000 	/System/Library/PrivateFrameworks/CoreAUC.framework/Versions/A/CoreAUC
0x0000000233771000 	/System/Library/PrivateFrameworks/AppleJPEGXL.framework/Versions/A/AppleJPEGXL
0x0000000195d77000 	/usr/lib/libTelephonyUtilDynamic.dylib
0x000000019bbad000 	/System/Library/Frameworks/LocalAuthentication.framework/Versions/A/LocalAuthentication
0x0000000251508000 	/System/Library/PrivateFrameworks/LocalAuthenticationCore.framework/Versions/A/LocalAuthenticationCore
0x000000025168d000 	/System/Library/PrivateFrameworks/LocalAuthenticationCredentialServices.framework/Versions/A/LocalAuthenticationCredentialServices
0x000000019bc19000 	/System/Library/Frameworks/LocalAuthentication.framework/Support/SharedUtils.framework/Versions/A/SharedUtils
0x00000001931fb000 	/System/Library/PrivateFrameworks/PersistentConnection.framework/Versions/A/PersistentConnection
0x00000002692d5000 	/System/Library/PrivateFrameworks/SonicFoundation.framework/Versions/A/SonicFoundation
0x000000023e125000 	/System/Library/PrivateFrameworks/Dendrite.framework/Versions/A/Dendrite
0x00000001b5b7f000 	/usr/lib/libtailspin.dylib
0x00000001c9551000 	/System/Library/PrivateFrameworks/Osprey.framework/Versions/A/Osprey
0x000000026711d000 	/System/Library/PrivateFrameworks/SiriTTS.framework/Versions/A/SiriTTS
0x00000001adf9e000 	/System/Library/Frameworks/NaturalLanguage.framework/Versions/A/NaturalLanguage
0x0000000265f03000 	/System/Library/PrivateFrameworks/SiriPowerInstrumentation.framework/Versions/A/SiriPowerInstrumentation
0x00000001aee5f000 	/System/Library/PrivateFrameworks/Trial.framework/Versions/A/Trial
0x00000001aede1000 	/System/Library/PrivateFrameworks/TrialProto.framework/Versions/A/TrialProto
0x000000026ff5a000 	/System/Library/PrivateFrameworks/UnifiedAssetFramework.framework/Versions/A/UnifiedAssetFramework
0x00000001cb577000 	/usr/lib/swift/libswiftAVFoundation.dylib
0x00000001db99d000 	/usr/lib/swift/libswiftNaturalLanguage.dylib
0x000000026b419000 	/System/Library/PrivateFrameworks/TailspinSymbolication.framework/Versions/A/TailspinSymbolication
0x000000023dd64000 	/System/Library/PrivateFrameworks/Darwinup.framework/Versions/A/Darwinup
0x00000001c1f5e000 	/System/Library/PrivateFrameworks/SignpostSupport.framework/Versions/A/SignpostSupport
0x00000001ade65000 	/System/Library/PrivateFrameworks/FeatureFlagsSupport.framework/Versions/A/FeatureFlagsSupport
0x00000001c1691000 	/System/Library/PrivateFrameworks/ktrace.framework/Versions/A/ktrace
0x00000001c218d000 	/System/Library/PrivateFrameworks/SampleAnalysis.framework/Versions/A/SampleAnalysis
0x00000001cae11000 	/System/Library/PrivateFrameworks/kperfdata.framework/Versions/A/kperfdata
0x00000001976c1000 	/usr/lib/libdscsym.dylib
0x00000001cb2cd000 	/System/Library/PrivateFrameworks/BulkSymbolication.framework/Versions/A/BulkSymbolication
0x000000019e68a000 	/System/Library/PrivateFrameworks/Espresso.framework/Versions/A/Espresso
0x000000018c7e1000 	/System/Library/Frameworks/CoreML.framework/Versions/A/CoreML
0x00000001e50dd000 	/System/Library/PrivateFrameworks/ANECompiler.framework/Versions/A/ANECompiler
0x00000001a0777000 	/System/Library/PrivateFrameworks/AppleNeuralEngine.framework/Versions/A/AppleNeuralEngine
0x0000000229e91000 	/System/Library/Frameworks/MetalPerformanceShadersGraph.framework/Versions/A/MetalPerformanceShadersGraph
0x0000000251f94000 	/System/Library/PrivateFrameworks/MLCompilerServices.framework/Versions/A/MLCompilerServices
0x000000019f526000 	/System/Library/PrivateFrameworks/ANEServices.framework/Versions/A/ANEServices
0x0000000258e03000 	/System/Library/PrivateFrameworks/ODIE.framework/Versions/A/ODIE
0x0000000251f38000 	/System/Library/PrivateFrameworks/MLCompilerRuntime.framework/Versions/A/MLCompilerRuntime
0x0000000190bc3000 	/System/Library/Frameworks/MLCompute.framework/Versions/A/MLCompute
0x0000000251eba000 	/System/Library/PrivateFrameworks/MLAssetIO.framework/Versions/A/MLAssetIO
0x000000027d2c7000 	/usr/lib/swift/libswiftMLCompute.dylib
0x000000019b700000 	/System/Library/PrivateFrameworks/AVFCore.framework/Versions/A/AVFCore
0x00000001a4c7d000 	/System/Library/PrivateFrameworks/AVFCapture.framework/Versions/A/AVFCapture
0x0000000236221000 	/System/Library/PrivateFrameworks/CMImaging.framework/Versions/A/CMImaging
0x00000001a4ec6000 	/System/Library/PrivateFrameworks/Quagga.framework/Versions/A/Quagga
0x00000001a4ffa000 	/System/Library/PrivateFrameworks/CMCapture.framework/Versions/A/CMCapture
0x00000001958fd000 	/System/Library/Frameworks/CoreMediaIO.framework/Versions/A/CoreMediaIO
0x000000023615d000 	/System/Library/PrivateFrameworks/CMCaptureDevice.framework/Versions/A/CMCaptureDevice
0x0000000193371000 	/System/Library/PrivateFrameworks/CoreBrightness.framework/Versions/A/CoreBrightness
0x0000000237232000 	/System/Library/PrivateFrameworks/CinematicFraming.framework/Versions/A/CinematicFraming
0x00000001c860f000 	/System/Library/PrivateFrameworks/CPMS.framework/Versions/A/CPMS
0x000000026b10f000 	/System/Library/PrivateFrameworks/SystemStatus.framework/Versions/A/SystemStatus
0x00000001acdda000 	/System/Library/Frameworks/CoreMotion.framework/Versions/A/CoreMotion
0x00000001bcf1f000 	/System/Library/PrivateFrameworks/TimeSync.framework/Versions/A/TimeSync
0x000000023ea42000 	/System/Library/PrivateFrameworks/DistributedSensing.framework/Versions/A/DistributedSensing
0x00000001b84ff000 	/System/Library/PrivateFrameworks/MobileBluetooth.framework/Versions/A/MobileBluetooth
0x00000001bec18000 	/System/Library/PrivateFrameworks/IOKitten.framework/Versions/A/IOKitten
0x0000000184407000 	/System/Library/PrivateFrameworks/LanguageModeling.framework/Versions/A/LanguageModeling
0x00000001893bb000 	/System/Library/PrivateFrameworks/Montreal.framework/Versions/A/Montreal
0x000000019162e000 	/usr/lib/libcmph.dylib
0x0000000249392000 	/System/Library/PrivateFrameworks/GenerativeModelsFoundation.framework/Versions/A/GenerativeModelsFoundation
0x000000026df07000 	/System/Library/PrivateFrameworks/TokenGeneration.framework/Versions/A/TokenGeneration
0x0000000249175000 	/System/Library/PrivateFrameworks/GenerativeFunctions.framework/Versions/A/GenerativeFunctions
0x00000002491c1000 	/System/Library/PrivateFrameworks/GenerativeFunctionsFoundation.framework/Versions/A/GenerativeFunctionsFoundation
0x00000002556e0000 	/System/Library/PrivateFrameworks/ModelCatalog.framework/Versions/A/ModelCatalog
0x00000002610cd000 	/System/Library/PrivateFrameworks/SensitiveContentAnalysisML.framework/Versions/A/SensitiveContentAnalysisML
0x0000000249256000 	/System/Library/PrivateFrameworks/GenerativeFunctionsInstrumentation.framework/Versions/A/GenerativeFunctionsInstrumentation
0x000000025e31b000 	/System/Library/PrivateFrameworks/PromptKit.framework/Versions/A/PromptKit
0x000000025ddf8000 	/System/Library/PrivateFrameworks/ProactiveDaemonSupport.framework/Versions/A/ProactiveDaemonSupport
0x0000000255ac2000 	/System/Library/PrivateFrameworks/ModelManagerServices.framework/Versions/A/ModelManagerServices
0x000000026e155000 	/System/Library/PrivateFrameworks/TokenGenerationCore.framework/Versions/A/TokenGenerationCore
0x000000023369e000 	/System/Library/PrivateFrameworks/AppleIntelligenceReporting.framework/Versions/A/AppleIntelligenceReporting
0x0000000233306000 	/System/Library/PrivateFrameworks/AppleFlatBuffers.framework/Versions/A/AppleFlatBuffers
0x0000000261306000 	/System/Library/PrivateFrameworks/SentencePieceInternal.framework/Versions/A/SentencePieceInternal
0x0000000199cdb000 	/System/Library/Frameworks/Vision.framework/Versions/A/Vision
0x000000023d73c000 	/System/Library/PrivateFrameworks/CoreSceneUnderstanding.framework/Versions/A/CoreSceneUnderstanding
0x0000000272937000 	/System/Library/PrivateFrameworks/VisionCore.framework/Versions/A/VisionCore
0x00000001b74a0000 	/System/Library/Frameworks/Vision.framework/libfaceCore.dylib
0x00000001b7fc3000 	/System/Library/PrivateFrameworks/Futhark.framework/Versions/A/Futhark
0x00000001bbd9b000 	/System/Library/PrivateFrameworks/InertiaCam.framework/Versions/A/InertiaCam
0x00000001b7d4b000 	/System/Library/PrivateFrameworks/TextRecognition.framework/Versions/A/TextRecognition
0x0000000192dd3000 	/System/Library/PrivateFrameworks/CVNLP.framework/Versions/A/CVNLP
0x000000018c280000 	/System/Library/PrivateFrameworks/ApplePushService.framework/Versions/A/ApplePushService
0x000000018c2eb000 	/System/Library/Frameworks/CloudKit.framework/Versions/A/CloudKit
0x000000019f6e4000 	/System/Library/PrivateFrameworks/CoreDuetDaemonProtocol.framework/Versions/A/CoreDuetDaemonProtocol
0x00000001c4762000 	/System/Library/PrivateFrameworks/DeviceIdentity.framework/Versions/A/DeviceIdentity
0x000000022cb98000 	/System/Library/Frameworks/SharedWithYouCore.framework/Versions/A/SharedWithYouCore
0x0000000237ada000 	/System/Library/PrivateFrameworks/CloudTelemetry.framework/Versions/A/CloudTelemetry
0x000000019e022000 	/System/Library/PrivateFrameworks/AppleAccount.framework/Versions/A/AppleAccount
0x000000019e5e3000 	/System/Library/PrivateFrameworks/C2.framework/Versions/A/C2
0x000000023774c000 	/System/Library/PrivateFrameworks/CloudCoreInternal.framework/Versions/A/CloudCoreInternal
0x00000002374f1000 	/System/Library/PrivateFrameworks/CloudAsset.framework/Versions/A/CloudAsset
0x000000019e5da000 	/System/Library/Frameworks/PushKit.framework/Versions/A/PushKit
0x0000000237afa000 	/System/Library/PrivateFrameworks/CloudTelemetryTools.framework/Versions/A/CloudTelemetryTools
0x00000001a04d4000 	/System/Library/PrivateFrameworks/RTCReporting.framework/Versions/A/RTCReporting
0x000000022f7e7000 	/System/Library/PrivateFrameworks/AAAFoundationSwift.framework/Versions/A/AAAFoundationSwift
0x000000019e2ad000 	/System/Library/PrivateFrameworks/AppleIDSSOAuthentication.framework/Versions/A/AppleIDSSOAuthentication
0x00000001b309f000 	/System/Library/PrivateFrameworks/CaptiveNetwork.framework/Versions/A/CaptiveNetwork
0x000000019dab3000 	/System/Library/PrivateFrameworks/EAP8021X.framework/Versions/A/EAP8021X
0x000000023db4a000 	/System/Library/PrivateFrameworks/CryptoKitPrivate.framework/Versions/A/CryptoKitPrivate
0x00000001ad432000 	/System/Library/PrivateFrameworks/FindMyDevice.framework/Versions/A/FindMyDevice
0x00000001a21ba000 	/System/Library/PrivateFrameworks/FMCoreLite.framework/Versions/A/FMCoreLite
0x0000000190863000 	/System/Library/Frameworks/ServiceManagement.framework/Versions/A/ServiceManagement
0x000000022edf4000 	/System/Library/Frameworks/_AppIntents_AppKit.framework/Versions/A/_AppIntents_AppKit
0x00000001b4b19000 	/System/Library/Frameworks/Accelerate.framework/Versions/A/Frameworks/vImage.framework/Versions/A/Libraries/libCGInterfaces.dylib
0x00000001c2156000 	/System/Library/PrivateFrameworks/UIKitServices.framework/Versions/A/UIKitServices
0x0000000155700000 	/System/Library/Extensions/AGXMetalG16G_B0.bundle/Contents/MacOS/AGXMetalG16G_B0
0x00000001a638e000 	/System/Library/PrivateFrameworks/IOGPU.framework/Versions/A/IOGPU
0x0000000225ee2000 	/System/Library/Frameworks/OpenGL.framework/Versions/A/Resources/GLEngine.bundle/GLEngine
0x0000000225d84000 	/System/Library/Frameworks/OpenGL.framework/Versions/A/Libraries/libGLProgrammability.dylib
0x000000012144c000 	/System/Library/Extensions/AppleMetalOpenGLRenderer.bundle/Contents/MacOS/AppleMetalOpenGLRenderer
0x0000000226043000 	/System/Library/Frameworks/OpenGL.framework/Versions/A/Resources/GLRendererFloat.bundle/GLRendererFloat
0x000000026bc2a000 	/System/Library/PrivateFrameworks/TextInputUI.framework/Versions/A/TextInputUI
0x000000026bc5e000 	/System/Library/PrivateFrameworks/TextInputUIMacHelper.framework/Versions/A/TextInputUIMacHelper
0x00000002698cf000 	/System/Library/PrivateFrameworks/SpotlightKnowledge.framework/Versions/A/SpotlightKnowledge
0x000000023eef0000 	/System/Library/PrivateFrameworks/DocumentUnderstandingClient.framework/Versions/A/DocumentUnderstandingClient
0x00000002698b6000 	/System/Library/PrivateFrameworks/SpotlightEmbedding.framework/Versions/A/SpotlightEmbedding
0x0000000187bb2000 	/System/Library/PrivateFrameworks/SpotlightLinguistics.framework/Versions/A/SpotlightLinguistics
0x0000000269a83000 	/System/Library/PrivateFrameworks/SpotlightResources.framework/Versions/A/SpotlightResources
0x000000019fa9b000 	/System/Library/PrivateFrameworks/SpotlightIndex.framework/Versions/A/SpotlightIndex
0x00000001b3063000 	/System/Library/PrivateFrameworks/DataDeliveryServices.framework/Versions/A/DataDeliveryServices
0x000000023726b000 	/System/Library/PrivateFrameworks/CipherML.framework/Versions/A/CipherML
0x000000025b342000 	/System/Library/PrivateFrameworks/PegasusKit.framework/Versions/A/PegasusKit
0x000000026a852000 	/System/Library/PrivateFrameworks/SwiftSQLite.framework/Versions/A/SwiftSQLite
0x0000000147df0000 	/Users/stefano.deblasi/Library/Application Support/ModrinthApp/meta/natives/1.20.1-0.18.4/liblwjgl_opengl.dylib
0x00000001561e4000 	/Users/stefano.deblasi/Library/Application Support/ModrinthApp/meta/java_versions/zulu17.64.17-ca-jre17.0.18-macosx_aarch64/zulu-17.jre/Contents/Home/lib/libawt.dylib
0x0000000155670000 	/Users/stefano.deblasi/Library/Application Support/ModrinthApp/meta/java_versions/zulu17.64.17-ca-jre17.0.18-macosx_aarch64/zulu-17.jre/Contents/Home/lib/libmlib_image.dylib
0x0000000228ff5000 	/System/Library/Frameworks/JavaRuntimeSupport.framework/Versions/A/JavaRuntimeSupport
0x00000001563bc000 	/Users/stefano.deblasi/Library/Application Support/ModrinthApp/meta/java_versions/zulu17.64.17-ca-jre17.0.18-macosx_aarch64/zulu-17.jre/Contents/Home/lib/libawt_lwawt.dylib
0x0000000155630000 	/Users/stefano.deblasi/Library/Application Support/ModrinthApp/meta/java_versions/zulu17.64.17-ca-jre17.0.18-macosx_aarch64/zulu-17.jre/Contents/Home/lib/libosxapp.dylib
0x00000001ab32c000 	/System/Library/Frameworks/ExceptionHandling.framework/Versions/A/ExceptionHandling
0x0000000155618000 	/private/var/folders/pd/smzmx_zx7rdfpvpjh7md1gdc0000gp/T/native-8812442752556108566.dylib
0x000000015560c000 	/private/var/folders/pd/smzmx_zx7rdfpvpjh7md1gdc0000gp/T/native-15006236826152762676.dylib
0x0000000157c04000 	/private/var/folders/pd/smzmx_zx7rdfpvpjh7md1gdc0000gp/T/libzstd-jni_dh-1.5.7-68092570543943723469.dylib
0x0000000157ca8000 	/private/var/folders/pd/smzmx_zx7rdfpvpjh7md1gdc0000gp/T/sqlite-3.47.2.0-17faaf22-1670-441a-8cc3-792726606df6-libsqlitejdbc.dylib
0x00000001562fc000 	/private/var/folders/pd/smzmx_zx7rdfpvpjh7md1gdc0000gp/T/libopus4j-1eb5d9e3e7c729c7d3e18224b0a53fb6/libopus4j.dylib
0x0000000156294000 	/private/var/folders/pd/smzmx_zx7rdfpvpjh7md1gdc0000gp/T/librnnoise4j-dd0bc92191c29275673e4f820630aa49/librnnoise4j.dylib
0x00000001562b0000 	/private/var/folders/pd/smzmx_zx7rdfpvpjh7md1gdc0000gp/T/libspeex4j-f75720920af514f7fd1a458b9748f906/libspeex4j.dylib
0x0000000157db8000 	/private/var/folders/pd/smzmx_zx7rdfpvpjh7md1gdc0000gp/T/liblame4j-616f7ca627be4f4f2d2039debf359014/liblame4j.dylib
0x0000000147e3c000 	/private/var/folders/pd/smzmx_zx7rdfpvpjh7md1gdc0000gp/T/libjcocoa3182480627008660054.dylib
0x00000001b80c2000 	/System/Library/CoreServices/RawCamera.bundle/Contents/MacOS/RawCamera
0x0000000157e04000 	/Users/stefano.deblasi/Library/Application Support/ModrinthApp/meta/natives/1.20.1-0.18.4/libopenal.dylib
0x00000001bd56d000 	/System/Library/PrivateFrameworks/TextToSpeech.framework/Versions/A/TextToSpeech
0x00000001c26d2000 	/System/Library/PrivateFrameworks/AXAssetLoader.framework/Versions/A/AXAssetLoader
0x000000023109b000 	/System/Library/PrivateFrameworks/AccessibilityUtilities.framework/Versions/A/AccessibilityUtilities
0x00000001ad6d9000 	/System/Library/PrivateFrameworks/AccessibilitySharedSupport.framework/Versions/A/AccessibilitySharedSupport
0x00000001cf487000 	/System/Library/PrivateFrameworks/AXRuntime.framework/Versions/A/AXRuntime
0x00000001b30ad000 	/System/Library/PrivateFrameworks/UniversalAccess.framework/Versions/A/UniversalAccess
0x000000026015f000 	/System/Library/PrivateFrameworks/Sage.framework/Versions/A/Sage
0x00000001c1681000 	/System/Library/PrivateFrameworks/AccessibilitySupport.framework/Versions/A/AccessibilitySupport
0x00000001c31da000 	/System/Library/PrivateFrameworks/UniversalAccess.framework/Versions/A/Frameworks/UniversalAccessCore.framework/Versions/A/UniversalAccessCore
0x00000001cb2a5000 	/System/Library/PrivateFrameworks/AccessibilitySupport.framework/Versions/A/Frameworks/AccessibilityEvents.framework/Versions/A/AccessibilityEvents
0x00000001c22ed000 	/System/Library/PrivateFrameworks/AccessibilitySupport.framework/Versions/A/Frameworks/AccessibilityFoundation.framework/Versions/A/AccessibilityFoundation
0x00000001cb1d5000 	/System/Library/PrivateFrameworks/AccessibilitySupport.framework/Versions/A/Frameworks/AccessibilityKit.framework/Versions/A/AccessibilityKit
0x00000001cb23f000 	/System/Library/PrivateFrameworks/AccessibilitySupport.framework/Versions/A/Frameworks/AccessibilityVisuals.framework/Versions/A/AccessibilityVisuals
0x000000019bd3a000 	/System/Library/PrivateFrameworks/BatteryUIKit.framework/Versions/A/BatteryUIKit
0x0000000270353000 	/System/Library/PrivateFrameworks/UniversalControl.framework/Versions/A/UniversalControl
0x000000019e50c000 	/usr/lib/libScreenReader.dylib
0x0000000321f4c000 	/Users/stefano.deblasi/Library/Application Support/ModrinthApp/meta/natives/1.20.1-0.18.4/liblwjgl_stb.dylib
0x0000000345c78000 	/Users/stefano.deblasi/Library/Application Support/ModrinthApp/profiles/GDCModpack 1.0.0/mods/mcef-libraries/macos_arm64/jcef_app.app/Contents/Java/libjcef.dylib
0x0000000352b3c000 	/Users/stefano.deblasi/Library/Application Support/ModrinthApp/profiles/GDCModpack 1.0.0/mods/mcef-libraries/macos_arm64/jcef_app.app/Contents/Frameworks/Chromium Embedded Framework.framework/Chromium Embedded Framework
0x000000019ddca000 	/System/Library/Frameworks/GameController.framework/Versions/A/GameController
0x000000024705b000 	/System/Library/PrivateFrameworks/GameControllerFoundation.framework/Versions/A/GameControllerFoundation
0x00000002470ff000 	/System/Library/PrivateFrameworks/GameControllerSettings.framework/Versions/A/GameControllerSettings
0x000000019bcb6000 	/System/Library/Frameworks/CoreHaptics.framework/Versions/A/CoreHaptics
0x00000001d65c7000 	/System/Library/Frameworks/ForceFeedback.framework/Versions/A/ForceFeedback
0x00000001afd5f000 	/System/Library/Frameworks/MediaPlayer.framework/Versions/A/MediaPlayer
0x00000001db992000 	/System/Library/Frameworks/ScreenTime.framework/Versions/A/ScreenTime
0x00000001bbfce000 	/usr/lib/libpmenergy.dylib
0x00000001cfb37000 	/usr/lib/libpmsample.dylib
0x00000001c1298000 	/System/Library/PrivateFrameworks/NetworkStatistics.framework/Versions/A/NetworkStatistics
0x00000001b1221000 	/System/Library/PrivateFrameworks/MusicLibrary.framework/Versions/A/MusicLibrary
0x0000000345ec0000 	/Users/stefano.deblasi/Library/Application Support/ModrinthApp/meta/java_versions/zulu17.64.17-ca-jre17.0.18-macosx_aarch64/zulu-17.jre/Contents/Home/lib/libfontmanager.dylib
0x000000032f158000 	/Users/stefano.deblasi/Library/Application Support/ModrinthApp/meta/java_versions/zulu17.64.17-ca-jre17.0.18-macosx_aarch64/zulu-17.jre/Contents/Home/lib/libfreetype.dylib
0x00000001b80b2000 	/System/Library/PrivateFrameworks/SafariPlatformSupport.framework/Versions/A/SafariPlatformSupport
0x00000003d298c000 	/System/Library/Components/CoreAudio.component/Contents/MacOS/CoreAudio


VM Arguments:
jvm_args: -Djava.library.path=/Users/stefano.deblasi/Library/Application Support/ModrinthApp/meta/natives/1.20.1-0.18.4 -Djna.tmpdir=/Users/stefano.deblasi/Library/Application Support/ModrinthApp/meta/natives/1.20.1-0.18.4 -Dorg.lwjgl.system.SharedLibraryExtractPath=/Users/stefano.deblasi/Library/Application Support/ModrinthApp/meta/natives/1.20.1-0.18.4 -Dio.netty.native.workdir=/Users/stefano.deblasi/Library/Application Support/ModrinthApp/meta/natives/1.20.1-0.18.4 -Dminecraft.launcher.brand=theseus -Dminecraft.launcher.version=0.13.24 -DFabricMcEmu=net.minecraft.client.main.Main -Xmx4096M -Dlog4j.configurationFile=/Users/stefano.deblasi/Library/Application Support/ModrinthApp/meta/log_configs/client-1.12.xml -javaagent:/private/var/folders/pd/smzmx_zx7rdfpvpjh7md1gdc0000gp/T/.tmpyDN1l3/theseus.jar -Dmodrinth.internal.ipc.host=127.0.0.1 -Dmodrinth.internal.ipc.port=58055 -Dmodrinth.internal.quickPlay.serverVersion=BUILTIN --add-opens=java.base/java.lang.reflect=ALL-UNNAMED 
java_command: com.modrinth.theseus.MinecraftLaunch net.fabricmc.loader.impl.launch.knot.KnotClient --username sd3rl0 --version 1.20.1 --gameDir /Users/stefano.deblasi/Library/Application Support/ModrinthApp/profiles/GDCModpack 1.0.0 --assetsDir /Users/stefano.deblasi/Library/Application Support/ModrinthApp/meta/assets --assetIndex 5 --uuid 74fef846dc6e471595886d9aeeb5e8e5 --accessToken eyJraWQiOiIwNDkxODEiLCJhbGciOiJSUzI1NiJ9.eyJ4dWlkIjoiMjUzNTQwNzczMzU5MjE1NSIsImFnZyI6IkFkdWx0Iiwic3ViIjoiYThkNGE2ZTMtMzRhNC00YzQyLThkYjctZDdmZTE0YzljNDU4IiwiYXV0aCI6IlhCT1giLCJucyI6ImRlZmF1bHQiLCJyb2xlcyI6W10sImlzcyI6ImF1dGhlbnRpY2F0aW9uIiwiZmxhZ3MiOlsibXVsdGlwbGF5ZXIiXSwicHJvZmlsZXMiOnsibWMiOiI3NGZlZjg0Ni1kYzZlLTQ3MTUtOTU4OC02ZDlhZWViNWU4ZTUifSwicG1pZCI6ImM2MWE4OTg0LTU5MDAtNTY0NS05YzA0LWI3ZDg5OWUwOTg4NSIsInBsYXRmb3JtIjoiUENfTEFVTkNIRVIiLCJ0aWQiOiJFOTlCMCIsInBmZCI6W3sidHlwZSI6Im1jIiwiaWQiOiI3NGZlZjg0Ni1kYzZlLTQ3MTUtOTU4OC02ZDlhZWViNWU4ZTUiLCJuYW1lIjoic2QzcmwwIn1dLCJ4aWQiOiIyNTM1NDA3NzMzNTkyMTU1IiwibmJmIjoxNzgwMjM1NDQxLCJleHAiOjE3ODAzMjE4NDEsImlhdCI6MTc4MDIzNTQ0MSwiYWlkIjoiMDAwMDAwMDAtMDAwMC0wMDAwLTAwMDAtMDAwMDQwMmI1MzI4In0.4RHcOjxDttE3q9cwH5FHv4Z0kV0WdLh_K1ONrBF_j-yfx8uusuZMPZ1gEI5QHF65rymVRTvPwCvBrBZxzNA5DxsBLX2cDkQv1hsIgVVanYJr2SeonQJQlKnbxxuQBJ97nY_TigWvxuBUpdo6ejI5zwzQl4Nae4Q2gpCFieruN8pHlsCDmXtU9E58YX-zcc7uRslynE2RxOJVygSl102U0_XQ9jYIKb42Ms9laYZOv7yM3aj4rgVoM4tJ-lYAz3l1-BEBIrzBxlJ_nJm6JCEfwBapww11yMMGZZFXreK5ZlCR3JPgk1dXBiSxiBDkDcoO5uYbgbqoNlC-fI3bcjN6bw --clientId c4502edb-87c6-40cb-b595-64a280cf8906 --xuid 0 --userType msa --versionType release --width 854 --height 480
java_class_path (initial): /private/var/folders/pd/smzmx_zx7rdfpvpjh7md1gdc0000gp/T/.tmpyDN1l3/theseus.jar:/Users/stefano.deblasi/Library/Application Support/ModrinthApp/meta/versions/1.20.1-0.18.4/1.20.1-0.18.4.jar:/Users/stefano.deblasi/Library/Application Support/ModrinthApp/meta/libraries/ca/weblite/java-objc-bridge/1.1/java-objc-bridge-1.1.jar:/Users/stefano.deblasi/Library/Application Support/ModrinthApp/meta/libraries/com/github/oshi/oshi-core/6.2.2/oshi-core-6.2.2.jar:/Users/stefano.deblasi/Library/Application Support/ModrinthApp/meta/libraries/com/google/code/gson/gson/2.10/gson-2.10.jar:/Users/stefano.deblasi/Library/Application Support/ModrinthApp/meta/libraries/com/google/guava/failureaccess/1.0.1/failureaccess-1.0.1.jar:/Users/stefano.deblasi/Library/Application Support/ModrinthApp/meta/libraries/com/google/guava/guava/31.1-jre/guava-31.1-jre.jar:/Users/stefano.deblasi/Library/Application Support/ModrinthApp/meta/libraries/com/ibm/icu/icu4j/71.1/icu4j-71.1.jar:/Users/stefano.deblasi/Library/Application Support/ModrinthApp/meta/libraries/com/mojang/authlib/4.0.43/authlib-4.0.43.jar:/Users/stefano.deblasi/Library/Application Support/ModrinthApp/meta/libraries/com/mojang/blocklist/1.0.10/blocklist-1.0.10.jar:/Users/stefano.deblasi/Library/Application Support/ModrinthApp/meta/libraries/com/mojang/brigadier/1.1.8/brigadier-1.1.8.jar:/Users/stefano.deblasi/Library/Application Support/ModrinthApp/meta/libraries/com/mojang/datafixerupper/6.0.8/datafixerupper-6.0.8.jar:/Users/stefano.deblasi/Library/Application Support/ModrinthApp/meta/libraries/com/mojang/logging/1.1.1/logging-1.1.1.jar:/Users/stefano.deblasi/Library/Application Support/ModrinthApp/meta/libraries/com/mojang/patchy/2.2.10/patchy-2.2.10.jar:/Users/stefano.deblasi/Library/Application Support/ModrinthApp/meta/libraries/com/mojang/text2speech/1.17.9/text2speech-1.17.9.jar:/Users/stefano.deblasi/Library/Application Support/ModrinthApp/meta/libraries/commons-codec/commons-codec/1.15/commons-codec-1.
Launcher Type: SUN_STANDARD

[Global flags]
     intx CICompilerCount                          = 4                                         {product} {ergonomic}
     uint ConcGCThreads                            = 2                                         {product} {ergonomic}
     uint G1ConcRefinementThreads                  = 9                                         {product} {ergonomic}
   size_t G1HeapRegionSize                         = 2097152                                   {product} {ergonomic}
    uintx GCDrainStackTargetSize                   = 64                                        {product} {ergonomic}
   size_t InitialHeapSize                          = 268435456                                 {product} {ergonomic}
   size_t MarkStackSize                            = 4194304                                   {product} {ergonomic}
   size_t MaxHeapSize                              = 4294967296                                {product} {command line}
   size_t MaxNewSize                               = 2575302656                                {product} {ergonomic}
   size_t MinHeapDeltaBytes                        = 2097152                                   {product} {ergonomic}
   size_t MinHeapSize                              = 8388608                                   {product} {ergonomic}
    uintx NonNMethodCodeHeapSize                   = 5839564                                {pd product} {ergonomic}
    uintx NonProfiledCodeHeapSize                  = 122909338                              {pd product} {ergonomic}
    uintx ProfiledCodeHeapSize                     = 122909338                              {pd product} {ergonomic}
    uintx ReservedCodeCacheSize                    = 251658240                              {pd product} {ergonomic}
     bool SegmentedCodeCache                       = true                                      {product} {ergonomic}
   size_t SoftMaxHeapSize                          = 4294967296                             {manageable} {ergonomic}
     bool UseCompressedClassPointers               = true                           {product lp64_product} {ergonomic}
     bool UseCompressedOops                        = true                           {product lp64_product} {ergonomic}
     bool UseG1GC                                  = true                                      {product} {ergonomic}
     bool UseNUMA                                  = false                                     {product} {ergonomic}
     bool UseNUMAInterleaving                      = false                                     {product} {ergonomic}

Logging:
Log output configuration:
 #0: stdout all=warning uptime,level,tags
 #1: stderr all=off uptime,level,tags

Environment Variables:
PATH=/usr/bin:/bin:/usr/sbin:/sbin
SHELL=/bin/zsh
TMPDIR=/var/folders/pd/smzmx_zx7rdfpvpjh7md1gdc0000gp/T/

Active Locale:
LC_ALL=C
LC_COLLATE=C
LC_CTYPE=C
LC_MESSAGES=C
LC_MONETARY=C
LC_NUMERIC=C
LC_TIME=C

Signal Handlers:
   SIGSEGV: crash_handler in libjvm.dylib, mask=11100110000111110111111111111111, flags=SA_RESTART|SA_SIGINFO, unblocked
    SIGBUS: crash_handler in libjvm.dylib, mask=11100110000111110111111111111111, flags=SA_RESTART|SA_SIGINFO, unblocked
    SIGFPE: crash_handler in libjvm.dylib, mask=11100110000111110111111111111111, flags=SA_RESTART|SA_SIGINFO, unblocked
   SIGPIPE: javaSignalHandler in libjvm.dylib, mask=11100110000111110111111111111111, flags=SA_RESTART|SA_SIGINFO, blocked
   SIGXFSZ: javaSignalHandler in libjvm.dylib, mask=11100110000111110111111111111111, flags=SA_RESTART|SA_SIGINFO, blocked
    SIGILL: crash_handler in libjvm.dylib, mask=11100110000111110111111111111111, flags=SA_RESTART|SA_SIGINFO, unblocked
   SIGUSR2: SR_handler in libjvm.dylib, mask=00000000000000000000000000000000, flags=SA_RESTART|SA_SIGINFO, blocked
    SIGHUP: UserHandler in libjvm.dylib, mask=11100110000111110111111111111111, flags=SA_RESTART|SA_SIGINFO, blocked
    SIGINT: UserHandler in libjvm.dylib, mask=11100110000111110111111111111111, flags=SA_RESTART|SA_SIGINFO, blocked
   SIGTERM: UserHandler in libjvm.dylib, mask=11100110000111110111111111111111, flags=SA_RESTART|SA_SIGINFO, blocked
   SIGQUIT: UserHandler in libjvm.dylib, mask=11100110000111110111111111111111, flags=SA_RESTART|SA_SIGINFO, blocked
   SIGTRAP: crash_handler in libjvm.dylib, mask=11100110000111110111111111111111, flags=SA_RESTART|SA_SIGINFO, unblocked


Periodic native trim disabled


---------------  S Y S T E M  ---------------

OS:
uname: Darwin 25.2.0 Darwin Kernel Version 25.2.0: Tue Nov 18 21:08:48 PST 2025; root:xnu-12377.61.12~1/RELEASE_ARM64_T8132 arm64
OS uptime: 10 days 4:47 hours
rlimit (soft/hard): STACK 8176k/65520k , CORE 0k/infinity , NPROC 2666/4000 , NOFILE 1048576/infinity , AS infinity/infinity , CPU infinity/infinity , DATA infinity/infinity , FSIZE infinity/infinity , MEMLOCK infinity/infinity , RSS infinity/infinity
load average: 11.99 7.93 8.05

CPU: total 10 (initial active 10) 0x61:0x0:0x6f5129ac:0, fp, simd, crc, lse
machdep.cpu.brand_string:Apple M4
hw.cachelinesize:128
hw.l1icachesize:131072
hw.l1dcachesize:65536
hw.l2cachesize:4194304

Memory: 16k page, physical 16777216k(192288k free), swap 16777216k(1386880k free)

vm_info: OpenJDK 64-Bit Server VM (17.0.18+8-LTS) for bsd-aarch64 JRE (17.0.18+8-LTS) (Zulu17.64+17-CA), built on Jan 23 2026 09:57:18 by "tester" with clang Apple LLVM 12.0.5 (clang-1205.0.22.11)

END.
