#
# A fatal error has been detected by the Java Runtime Environment:
#
#  SIGSEGV (0xb) at pc=0x0000000225ff9b50, pid=82894, tid=259
#
# JRE version: OpenJDK Runtime Environment Zulu17.64+17-CA (17.0.18+8) (build 17.0.18+8-LTS)
# Java VM: OpenJDK 64-Bit Server VM Zulu17.64+17-CA (17.0.18+8-LTS, mixed mode, sharing, tiered, compressed oops, compressed class ptrs, g1 gc, bsd-aarch64)
# Problematic frame:
# C  [GLEngine+0x117b50]  gleRunVertexSubmitImmediate+0x1940
#
# No core dump will be written. Core dumps have been disabled. To enable core dumping, try "ulimit -c unlimited" before starting Java again
#
# If you would like to submit a bug report, please visit:
#   http://www.azul.com/support/
# The crash happened outside the Java Virtual Machine in native code.
# See problematic frame for where to report the bug.
#

---------------  S U M M A R Y ------------

Command Line: -Djava.library.path=/Users/stefano.deblasi/Library/Application Support/ModrinthApp/meta/natives/1.20.1-0.18.4 -Djna.tmpdir=/Users/stefano.deblasi/Library/Application Support/ModrinthApp/meta/natives/1.20.1-0.18.4 -Dorg.lwjgl.system.SharedLibraryExtractPath=/Users/stefano.deblasi/Library/Application Support/ModrinthApp/meta/natives/1.20.1-0.18.4 -Dio.netty.native.workdir=/Users/stefano.deblasi/Library/Application Support/ModrinthApp/meta/natives/1.20.1-0.18.4 -Dminecraft.launcher.brand=theseus -Dminecraft.launcher.version=0.13.24 -DFabricMcEmu=net.minecraft.client.main.Main -Xmx4096M -Dlog4j.configurationFile=/Users/stefano.deblasi/Library/Application Support/ModrinthApp/meta/log_configs/client-1.12.xml -javaagent:/private/var/folders/pd/smzmx_zx7rdfpvpjh7md1gdc0000gp/T/.tmpDvDlme/theseus.jar -Dmodrinth.internal.ipc.host=127.0.0.1 -Dmodrinth.internal.ipc.port=54257 -Dmodrinth.internal.quickPlay.serverVersion=BUILTIN --add-opens=java.base/java.lang.reflect=ALL-UNNAMED com.modrinth.theseus.MinecraftLaunch net.fabricmc.loader.impl.launch.knot.KnotClient --username sd3rl0 --version 1.20.1 --gameDir /Users/stefano.deblasi/Library/Application Support/ModrinthApp/profiles/GDCModpack 1.0.0 --assetsDir /Users/stefano.deblasi/Library/Application Support/ModrinthApp/meta/assets --assetIndex 5 --uuid 74fef846dc6e471595886d9aeeb5e8e5 --accessToken eyJraWQiOiIwNDkxODEiLCJhbGciOiJSUzI1NiJ9.eyJ4dWlkIjoiMjUzNTQwNzczMzU5MjE1NSIsImFnZyI6IkFkdWx0Iiwic3ViIjoiYThkNGE2ZTMtMzRhNC00YzQyLThkYjctZDdmZTE0YzljNDU4IiwiYXV0aCI6IlhCT1giLCJucyI6ImRlZmF1bHQiLCJyb2xlcyI6W10sImlzcyI6ImF1dGhlbnRpY2F0aW9uIiwiZmxhZ3MiOlsibXVsdGlwbGF5ZXIiXSwicHJvZmlsZXMiOnsibWMiOiI3NGZlZjg0Ni1kYzZlLTQ3MTUtOTU4OC02ZDlhZWViNWU4ZTUifSwicG1pZCI6ImM2MWE4OTg0LTU5MDAtNTY0NS05YzA0LWI3ZDg5OWUwOTg4NSIsInBsYXRmb3JtIjoiUENfTEFVTkNIRVIiLCJ0aWQiOiJFOTlCMCIsInBmZCI6W3sidHlwZSI6Im1jIiwiaWQiOiI3NGZlZjg0Ni1kYzZlLTQ3MTUtOTU4OC02ZDlhZWViNWU4ZTUiLCJuYW1lIjoic2QzcmwwIn1dLCJ4aWQiOiIyNTM1NDA3NzMzNTkyMTU1IiwibmJmIjoxNzgwMjM1NDQxLCJleHAiOjE3ODAzMjE4NDEsImlhdCI6MTc4MDIzNTQ0MSwiYWlkIjoiMDAwMDAwMDAtMDAwMC0wMDAwLTAwMDAtMDAwMDQwMmI1MzI4In0.4RHcOjxDttE3q9cwH5FHv4Z0kV0WdLh_K1ONrBF_j-yfx8uusuZMPZ1gEI5QHF65rymVRTvPwCvBrBZxzNA5DxsBLX2cDkQv1hsIgVVanYJr2SeonQJQlKnbxxuQBJ97nY_TigWvxuBUpdo6ejI5zwzQl4Nae4Q2gpCFieruN8pHlsCDmXtU9E58YX-zcc7uRslynE2RxOJVygSl102U0_XQ9jYIKb42Ms9laYZOv7yM3aj4rgVoM4tJ-lYAz3l1-BEBIrzBxlJ_nJm6JCEfwBapww11yMMGZZFXreK5ZlCR3JPgk1dXBiSxiBDkDcoO5uYbgbqoNlC-fI3bcjN6bw --clientId c4502edb-87c6-40cb-b595-64a280cf8906 --xuid 0 --userType msa --versionType release --width 854 --height 480

Host: "Mac16,1" arm64, 10 cores, 16G, Darwin 25.2.0, macOS 26.2 (25C56)
Time: Mon Jun  1 00:03:14 2026 CEST elapsed time: 1309.646951 seconds (0d 0h 21m 49s)

---------------  T H R E A D  ---------------

Current thread (0x000000014a008800):  JavaThread "Render thread" [_thread_in_native, id=259, stack(0x000000016eb44000,0x000000016f340000)]

Stack: [0x000000016eb44000,0x000000016f340000],  sp=0x000000016f3379a0,  free space=8142k
Native frames: (J=compiled Java code, j=interpreted, Vv=VM code, C=native code)
C  [GLEngine+0x117b50]  gleRunVertexSubmitImmediate+0x1940
C  [GLEngine+0x157834]  gleDrawArraysOrElements_ExecCore+0x248
C  [GLEngine+0xb0c94]  glDrawElementsInstanced_GL3Exec+0x1e0
J 420699  org.lwjgl.opengl.GL31C.nglDrawElementsInstanced(IIIJI)V (0 bytes) @ 0x00000001139243cc [0x0000000113924340+0x000000000000008c]
C  0x0000000763645650

Java frames: (J=compiled Java code, j=interpreted, Vv=VM code)
J 420699  org.lwjgl.opengl.GL31C.nglDrawElementsInstanced(IIIJI)V (0 bytes) @ 0x00000001139243cc [0x0000000113924340+0x000000000000008c]
J 427351 c2 org.lwjgl.opengl.GL31.glDrawElementsInstanced(IIIJI)V (10 bytes) @ 0x0000000112c60b58 [0x0000000112c60b40+0x0000000000000018]
J 420702 c2 com.seibel.distanthorizons.core.render.renderer.generic.GenericObjectRenderer.renderBoxGroupInstanced(Lcom/seibel/distanthorizons/api/interfaces/override/rendering/IDhApiGenericObjectShaderProgram;Lcom/seibel/distanthorizons/api/methods/events/sharedParameterObjects/DhApiRenderParam;Lcom/seibel/distanthorizons/core/render/renderer/generic/RenderableBoxGroup;Lcom/seibel/distanthorizons/core/util/math/Vec3d;Lcom/seibel/distanthorizons/core/wrapperInterfaces/minecraft/IProfilerWrapper;)V (280 bytes) @ 0x0000000113aeb430 [0x0000000113aeae80+0x00000000000005b0]
J 420603 c2 com.seibel.distanthorizons.core.render.renderer.generic.GenericObjectRenderer.render(Lcom/seibel/distanthorizons/api/methods/events/sharedParameterObjects/DhApiRenderParam;Lcom/seibel/distanthorizons/core/wrapperInterfaces/minecraft/IProfilerWrapper;Z)V (484 bytes) @ 0x0000000113ace91c [0x0000000113ace540+0x00000000000003dc]
J 670748 c2 com.seibel.distanthorizons.core.render.renderer.LodRenderer.renderLodPass(Lcom/seibel/distanthorizons/core/render/renderer/RenderParams;Lcom/seibel/distanthorizons/core/wrapperInterfaces/minecraft/IProfilerWrapper;Z)V (760 bytes) @ 0x0000000113bd9c2c [0x0000000113bd8b80+0x00000000000010ac]
J 670878 c2 com.seibel.distanthorizons.core.api.internal.ClientApi.renderLodLayer(Z)V (629 bytes) @ 0x00000001120b4da8 [0x00000001120b4580+0x0000000000000828]
J 124291 c1 com.seibel.distanthorizons.fabric.FabricClientProxy.lambda$registerEvents$6(Lnet/fabricmc/fabric/api/client/rendering/v1/WorldRenderContext;)V (77 bytes) @ 0x000000010b5ca27c [0x000000010b5c9e80+0x00000000000003fc]
J 124290 c1 com.seibel.distanthorizons.fabric.FabricClientProxy$$Lambda$18314+0x000000f803572948.afterSetup(Lnet/fabricmc/fabric/api/client/rendering/v1/WorldRenderContext;)V (9 bytes) @ 0x000000010c037164 [0x000000010c0370c0+0x00000000000000a4]
j  net.minecraft.class_761.handler$eho000$fabric-rendering-v1$afterTerrainSetup(Lnet/minecraft/class_4184;Lnet/minecraft/class_4604;ZZLorg/spongepowered/asm/mixin/injection/callback/CallbackInfo;)V+21
j  net.minecraft.class_761.method_3273(Lnet/minecraft/class_4184;Lnet/minecraft/class_4604;ZZ)V+65
J 784772 c2 net.minecraft.class_761.method_22710(Lnet/minecraft/class_4587;FJZLnet/minecraft/class_4184;Lnet/minecraft/class_757;Lnet/minecraft/class_765;Lorg/joml/Matrix4f;)V (4643 bytes) @ 0x00000001137f9324 [0x00000001137f7d00+0x0000000000001624]
J 850291 c2 net.minecraft.class_757.method_3188(FJLnet/minecraft/class_4587;)V (878 bytes) @ 0x0000000114067884 [0x0000000114066980+0x0000000000000f04]
J 1226841 c1 net.minecraft.class_757.method_3192(FJZ)V (1347 bytes) @ 0x000000010bc06b6c [0x000000010bc054c0+0x00000000000016ac]
J 1226864 c1 net.minecraft.class_310.method_1523(Z)V (1210 bytes) @ 0x000000010cb688b4 [0x000000010cb65040+0x0000000000003874]
j  net.minecraft.class_310.method_1514()V+118
j  net.minecraft.client.main.Main.main([Ljava/lang/String;)V+1565
j  java.lang.invoke.LambdaForm$DMH+0x000000f801098000.invokeStaticInit(Ljava/lang/Object;Ljava/lang/Object;)V+10 java.base@17.0.18
j  java.lang.invoke.LambdaForm$MH+0x000000f801360000.invokeExact_MT(Ljava/lang/Object;Ljava/lang/Object;Ljava/lang/Object;)V+19 java.base@17.0.18
j  net.fabricmc.loader.impl.game.minecraft.MinecraftGameProvider.launch(Ljava/lang/ClassLoader;)V+74
j  net.fabricmc.loader.impl.launch.knot.Knot.launch([Ljava/lang/String;Lnet/fabricmc/api/EnvType;)V+40
j  net.fabricmc.loader.impl.launch.knot.KnotClient.main([Ljava/lang/String;)V+4
v  ~StubRoutines::call_stub
j  jdk.internal.reflect.NativeMethodAccessorImpl.invoke0(Ljava/lang/reflect/Method;Ljava/lang/Object;[Ljava/lang/Object;)Ljava/lang/Object;+0 java.base@17.0.18
j  jdk.internal.reflect.NativeMethodAccessorImpl.invoke(Ljava/lang/Object;[Ljava/lang/Object;)Ljava/lang/Object;+133 java.base@17.0.18
j  jdk.internal.reflect.DelegatingMethodAccessorImpl.invoke(Ljava/lang/Object;[Ljava/lang/Object;)Ljava/lang/Object;+6 java.base@17.0.18
j  java.lang.reflect.Method.invoke(Ljava/lang/Object;[Ljava/lang/Object;)Ljava/lang/Object;+59 java.base@17.0.18
j  com.modrinth.theseus.MinecraftLaunch.relaunch(Ljava/lang/String;[Ljava/lang/String;)V+164
j  com.modrinth.theseus.MinecraftLaunch.main([Ljava/lang/String;)V+90
v  ~StubRoutines::call_stub

siginfo: si_signo: 11 (SIGSEGV), si_code: 2 (SEGV_ACCERR), si_addr: 0x0000000000000018

Registers:
 x0=0x000000016f337a60  x1=0x000000016f337a50  x2=0x0000000040400028  x3=0x0000000000000000
 x4=0x0000000000000000  x5=0x0000600003188ec0  x6=0x0000000000002a00  x7=0x0000000000000403
 x8=0x0000000000000018  x9=0x0000001800110d06 x10=0x0000000000000000 x11=0x0000000000000002
x12=0x00000001585d0000 x13=0x00000000ffffffff x14=0x0000000000000000 x15=0x0000000000000038
x16=0x0000000225ff97b4 x17=0x0000000225ff8c18 x18=0x0000000000000000 x19=0x0000600003188ec0
x20=0x0000000000000001 x21=0x0000000000000003 x22=0x00000000fffffffe x23=0x00000c330004100e
x24=0x0000000000000006 x25=0x00000000ffffffff x26=0x0000000000000030 x27=0x0000000000000038
x28=0x0000000000000000  fp=0x000000016f337b40  lr=0x0000000225ff8ea0  sp=0x000000016f3379a0
pc=0x0000000225ff9b50 cpsr=0x0000000060000000

Register to memory mapping:

 x0=0x000000016f337a60 is pointing into the stack for thread: 0x000000014a008800
 x1=0x000000016f337a50 is pointing into the stack for thread: 0x000000014a008800
 x2=0x0000000040400028 is an unknown value
 x3=0x0 is NULL
 x4=0x0 is NULL
 x5=0x0000600003188ec0 points into unknown readable memory: 0x0000001800110d06 | 06 0d 11 00 18 00 00 00
 x6=0x0000000000002a00 is an unknown value
 x7=0x0000000000000403 is an unknown value
 x8=0x0000000000000018 is an unknown value
 x9=0x0000001800110d06 is an unknown value
x10=0x0 is NULL
x11=0x0000000000000002 is an unknown value
x12=0x00000001585d0000 points into unknown readable memory: 0x0000000000000000 | 00 00 00 00 00 00 00 00
x13=0x00000000ffffffff is an unknown value
x14=0x0 is NULL
x15=0x0000000000000038 is an unknown value
x16=0x0000000225ff97b4: gleRunVertexSubmitImmediate+0x15a4 in /System/Library/Frameworks/OpenGL.framework/Versions/A/Resources/GLEngine.bundle/GLEngine at 0x0000000225ee2000
x17=0x0000000225ff8c18: gleRunVertexSubmitImmediate+0xa08 in /System/Library/Frameworks/OpenGL.framework/Versions/A/Resources/GLEngine.bundle/GLEngine at 0x0000000225ee2000
x18=0x0 is NULL
x19=0x0000600003188ec0 points into unknown readable memory: 0x0000001800110d06 | 06 0d 11 00 18 00 00 00
x20=0x0000000000000001 is an unknown value
x21=0x0000000000000003 is an unknown value
x22=0x00000000fffffffe is an unknown value
x23=0x00000c330004100e is an unknown value
x24=0x0000000000000006 is an unknown value
x25=0x00000000ffffffff is an unknown value
x26=0x0000000000000030 is an unknown value
x27=0x0000000000000038 is an unknown value
x28=0x0 is NULL


Top of Stack: (sp=0x000000016f3379a0)
0x000000016f3379a0:   447fc000447fc000 40400000447fc000
0x000000016f3379b0:   0000000000000000 ffffffecfffffff6
0x000000016f3379c0:   ffffffeaffffffea ffffffe2ffffffea
0x000000016f3379d0:   0000000000000000 00000001585da278
0x000000016f3379e0:   0000000000000000 000000016f337a80
0x000000016f3379f0:   00000000fffffffe 00000001585d0000
0x000000016f337a00:   0000000000000000 0000000000000000
0x000000016f337a10:   00000000000000d8 0000000000000000
0x000000016f337a20:   0000000000000002 0000000000000000
0x000000016f337a30:   0000000000000000 0000000139d35a80
0x000000016f337a40:   0000000000000000 0000000000000000
0x000000016f337a50:   3dd0d0d13dd0d0d1 3f8000003e189899
0x000000016f337a60:   0000000000000018 0000000326624000
0x000000016f337a70:   0000000326624990 0000000433ba0000
0x000000016f337a80:   00000001585d3e70 00000001585d4080
0x000000016f337a90:   00000003deb093c0 0000000000000024
0x000000016f337aa0:   1b1cbad450aa000d 00000001585eae80
0x000000016f337ab0:   0000000000000000 0000000000000000
0x000000016f337ac0:   0000000000000000 0000000000000000
0x000000016f337ad0:   0000000000000000 0000000080000000
0x000000016f337ae0:   000000003f434129 000000003f5be3f9
0x000000016f337af0:   00000001585da280 00000001585dac48
0x000000016f337b00:   0000000000000024 0000000000000000
0x000000016f337b10:   00000003deb09218 0000000000000024
0x000000016f337b20:   0000000000000000 0000000000000004
0x000000016f337b30:   0000000000000024 00000001585d0000
0x000000016f337b40:   000000016f337c50 0000000226039834
0x000000016f337b50:   00000003deb09028 00000003deb09440
0x000000016f337b60:   00000001585d5144 00000000000000f9
0x000000016f337b70:   0000000000000000 000000016b338000
0x000000016f337b80:   0000000170540000 0000000361144000
0x000000016f337b90:   000000016b25c000 00000003463fc000 

Instructions: (pc=0x0000000225ff9b50)
0x0000000225ff9a50:   a0 00 00 54 3f 15 00 71 a1 59 ff 54 1f 0d 00 b9
0x0000000225ff9a60:   cb fa ff 17 29 00 80 52 09 0d 00 b9 c8 fa ff 17
0x0000000225ff9a70:   3f 15 00 71 c3 58 ff 54 1f 05 00 f9 c4 fa ff 17
0x0000000225ff9a80:   3f 11 00 71 41 f1 ff 54 09 f0 e7 d2 09 05 00 f9
0x0000000225ff9a90:   bf fa ff 17 00 0d 00 bd bd fa ff 17 bf 0e 00 71
0x0000000225ff9aa0:   60 05 00 54 bf 12 00 71 41 98 ff 54 1c 00 80 52
0x0000000225ff9ab0:   00 01 c0 3d e0 2f 80 3d bd fc ff 17 4b 11 c0 5a
0x0000000225ff9ac0:   6c 11 00 52 4d 01 80 52 ac 01 0c 4b 2c 21 cc 1a
0x0000000225ff9ad0:   0d 60 a8 52 ab 5d 0b 4b 8c 21 1f 12 5f 01 00 71
0x0000000225ff9ae0:   eb 03 8b 1a ea 03 8c 1a 03 00 00 14 0c 00 a7 52
0x0000000225ff9af0:   8b 35 0b 0b 6a 35 0a 2a 29 7d 0f 53 2a 01 01 33
0x0000000225ff9b00:   ea b3 00 b9 bf 0a 00 71 e3 0a 00 54 09 05 40 79
0x0000000225ff9b10:   2a 25 00 12 2b 11 16 72 60 02 00 54 0c 80 8f 52
0x0000000225ff9b20:   7f 01 0c 6b 81 03 00 54 5f 01 00 71 0a 00 b0 12
0x0000000225ff9b30:   0b f0 af 52 6a 01 8a 1a 1a 00 00 14 1c 00 80 52
0x0000000225ff9b40:   00 01 40 bd e0 b3 00 bd 99 fc ff 17 1c 00 80 52
0x0000000225ff9b50:   00 01 40 fd e0 5b 00 fd 00 09 40 bd e0 bb 00 bd
0x0000000225ff9b60:   93 fc ff 17 4b 11 c0 5a 6c 11 00 52 4d 01 80 52
0x0000000225ff9b70:   ac 01 0c 4b 2c 21 cc 1a 0d 60 a8 52 ab 5d 0b 4b
0x0000000225ff9b80:   8c 21 1f 12 5f 01 00 71 eb 03 8b 1a ea 03 8c 1a
0x0000000225ff9b90:   03 00 00 14 0c 00 a7 52 8b 35 0b 0b 6a 35 0a 2a
0x0000000225ff9ba0:   29 7d 0f 53 2a 01 01 33 ea b7 00 b9 bf 0a 00 71
0x0000000225ff9bb0:   a0 05 00 54 09 09 40 79 2a 25 00 12 2b 11 16 72
0x0000000225ff9bc0:   20 01 00 54 0c 80 8f 52 7f 01 0c 6b 41 02 00 54
0x0000000225ff9bd0:   5f 01 00 71 0a 00 b0 12 0b f0 af 52 6a 01 8a 1a
0x0000000225ff9be0:   10 00 00 14 4b 11 c0 5a 6c 11 00 52 4d 01 80 52
0x0000000225ff9bf0:   ac 01 0c 4b 2c 21 cc 1a 0d 60 a8 52 ab 5d 0b 4b
0x0000000225ff9c00:   8c 21 1f 12 5f 01 00 71 eb 03 8b 1a ea 03 8c 1a
0x0000000225ff9c10:   03 00 00 14 0c 00 a7 52 8b 35 0b 0b 6a 35 0a 2a
0x0000000225ff9c20:   29 7d 0f 53 2a 01 01 33 ea bb 00 b9 bf 12 00 71
0x0000000225ff9c30:   a3 01 00 54 08 0d 40 79 09 25 00 12 0a 11 16 72
0x0000000225ff9c40:   80 01 00 54 0b 80 8f 52 5f 01 0b 6b 61 02 00 54 


Stack slot to memory mapping:
stack at sp + 0 slots: 0x447fc000447fc000 is an unknown value
stack at sp + 1 slots: 0x40400000447fc000 is an unknown value
stack at sp + 2 slots: 0x0 is NULL
stack at sp + 3 slots: 0xffffffecfffffff6 is an unknown value
stack at sp + 4 slots: 0xffffffeaffffffea is an unknown value
stack at sp + 5 slots: 0xffffffe2ffffffea is an unknown value
stack at sp + 6 slots: 0x0 is NULL
stack at sp + 7 slots: 0x00000001585da278 points into unknown readable memory: 0x00000001585f0500 | 00 05 5f 58 01 00 00 00


Compiled method (n/a) 1309718 420699     n 0       org.lwjgl.opengl.GL31C::nglDrawElementsInstanced (native)
 total in heap  [0x0000000113924190,0x00000001139244f0] = 864
 relocation     [0x00000001139242e8,0x0000000113924318] = 48
 main code      [0x0000000113924340,0x00000001139244d8] = 408
 oops           [0x00000001139244d8,0x00000001139244e8] = 16
 metadata       [0x00000001139244e8,0x00000001139244f0] = 8

[Constant Pool (empty)]

[MachCode]
[Entry Point]
  # {method} {0x00000003312a5078} 'nglDrawElementsInstanced' '(IIIJI)V' in 'org/lwjgl/opengl/GL31C'
  # parm0:    c_rarg1   = int
  # parm1:    c_rarg2   = int
  # parm2:    c_rarg3   = int
  # parm3:    c_rarg4:c_rarg4 
                        = long
  # parm4:    c_rarg5   = int
  #           [sp+0x60]  (sp of caller)
  0x0000000113924340: 2808 40b9 | 3f01 086b | 4000 0054 

  0x000000011392434c: ;   {runtime_call ic_miss_stub}
  0x000000011392434c: 2d92 eb16 
[Verified Entry Point]
  0x0000000113924350: 1f20 03d5 | e953 40d1 | 3f01 00f9 | fd7b bfa9 | fd03 0091 | ff43 01d1 | a67c 4093 | e503 04aa 
  0x0000000113924370: 647c 4093 | 437c 4093 | 227c 4093 

  0x000000011392437c: ;   {oop(a 'java/lang/Class'{0x00000007203b1388} = 'org/lwjgl/opengl/GL31C')}
  0x000000011392437c: 0171 82d2 | 6107 a4f2 | e100 c0f2 | e123 00f9 | e103 0191 | e801 0010 | 8853 01f9 | e803 0091 
  0x000000011392439c: 884f 01f9 

  0x00000001139243a0: ;   {external_word}
  0x00000001139243a0: 4881 f7f0 | 0809 6b39 | 0806 0035 | 80e3 0a91 | e803 7eb2 | 8903 0d91 | 28fd 9f88 

  0x00000001139243bc: ;   {runtime_call}
  0x00000001139243bc: 8864 94d2 | 08e3 a7f2 | 2800 c0f2 | 0001 3fd6 | a800 80d2 | 8843 03b9 | bf3b 03d5 | 8823 0d91 
  0x00000001139243dc: 08fd dfc8 | bf03 08eb | 6803 0054 | 8833 43b9 | 2803 0035 | e803 7db2 | 8903 0d91 | 28fd 9f88 
  0x00000001139243fc: 88c3 4e39 | 1f09 0071 | c001 0054 

  0x0000000113924408: ;   {external_word}
  0x0000000113924408: 4881 f7f0 | 0809 6b39 | e804 0035 | 9f4f 01f9 | 9f53 01f9 | 826f 40f9 | 5f80 00f9 | bf03 0091 
  0x0000000113924428: fd7b c1a8 | 8807 40f9 | 4800 00b5 | c003 5fd6 

  0x0000000113924438: ;   {runtime_call StubRoutines (1)}
  0x0000000113924438: 128f ea16 

  0x000000011392443c: ;   {runtime_call SharedRuntime::reguard_yellow_pages()}
  0x000000011392443c: 881b 99d2 | 884a a0f2 | 2800 c0f2 | 0001 3fd6 | efff ff17 | e003 1caa 

  0x0000000113924454: ;   {runtime_call JavaThread::check_special_condition_for_native_trans(JavaThread*)}
  0x0000000113924454: 08c0 96d2 | 284d a0f2 | 2800 c0f2 | 0001 3fd6 | e3ff ff17 | e10b bda9 | e313 01a9 | e51b 02a9 
  0x0000000113924474: ;   {metadata({method} {0x00000003312a5078} 'nglDrawElementsInstanced' '(IIIJI)V' in 'org/lwjgl/opengl/GL31C')}
  0x0000000113924474: 010f 8ad2 | 4125 a6f2 | 6100 c0f2 | e003 1caa | e833 bfa9 | 88eb 94d2 | 884a a0f2 | 2800 c0f2 
  0x0000000113924494: 0001 3fd6 | e833 c1a8 | e313 41a9 | e51b 42a9 | e10b c3a8 | c1ff ff17 

  0x00000001139244ac: ;   {metadata({method} {0x00000003312a5078} 'nglDrawElementsInstanced' '(IIIJI)V' in 'org/lwjgl/opengl/GL31C')}
  0x00000001139244ac: 010f 8ad2 | 4125 a6f2 | 6100 c0f2 | e003 1caa | e833 bfa9 | 88ff 94d2 | 884a a0f2 | 2800 c0f2 
  0x00000001139244cc: 0001 3fd6 | e833 c1a8 | d0ff ff17 
[/MachCode]


Compiled method (c2) 1309722 427351       4       org.lwjgl.opengl.GL31::glDrawElementsInstanced (10 bytes)
 total in heap  [0x0000000112c60990,0x0000000112c60c90] = 768
 relocation     [0x0000000112c60ae8,0x0000000112c60b10] = 40
 main code      [0x0000000112c60b40,0x0000000112c60bc0] = 128
 stub code      [0x0000000112c60bc0,0x0000000112c60c00] = 64
 oops           [0x0000000112c60c00,0x0000000112c60c08] = 8
 metadata       [0x0000000112c60c08,0x0000000112c60c20] = 24
 scopes data    [0x0000000112c60c20,0x0000000112c60c40] = 32
 scopes pcs     [0x0000000112c60c40,0x0000000112c60c70] = 48
 dependencies   [0x0000000112c60c70,0x0000000112c60c78] = 8
 handler table  [0x0000000112c60c78,0x0000000112c60c90] = 24

[Constant Pool (empty)]

[MachCode]
[Verified Entry Point]
  # {method} {0x00000001237dfe48} 'glDrawElementsInstanced' '(IIIJI)V' in 'org/lwjgl/opengl/GL31'
  # parm0:    c_rarg1   = int
  # parm1:    c_rarg2   = int
  # parm2:    c_rarg3   = int
  # parm3:    c_rarg4:c_rarg4 
                        = long
  # parm4:    c_rarg5   = int
  #           [sp+0x20]  (sp of caller)
  0x0000000112c60b40: 1f20 03d5 | e953 40d1 | 3f01 00f9 | ff83 00d1 | fd7b 01a9 

  0x0000000112c60b54: ; ImmutableOopMap {}
                      ;*invokestatic nglDrawElementsInstanced {reexecute=0 rethrow=0 return_oop=0}
                      ; - org.lwjgl.opengl.GL31C::glDrawElementsInstanced@6 (line 209)
                      ; - org.lwjgl.opengl.GL31::glDrawElementsInstanced@6 (line 208)
                      ;   {static_call}
  0x0000000112c60b54: ff0d 3394 | fd7b 41a9 | ff83 0091 

  0x0000000112c60b60: ;   {poll_return}
  0x0000000112c60b60: 88a7 41f9 | ff63 28eb | c800 0054 | c003 5fd6 | e103 00aa | fd7b 41a9 | ff83 0091 

  0x0000000112c60b7c: ;   {runtime_call _rethrow_Java}
  0x0000000112c60b7c: 119f 2117 

  0x0000000112c60b80: ;   {internal_word}
  0x0000000112c60b80: 08ff ff10 | 88b3 01f9 

  0x0000000112c60b88: ;   {runtime_call SafepointBlob}
  0x0000000112c60b88: 9eb9 1e17 | 0000 0000 | 0000 0000 | 0000 0000 | 0000 0000 | 0000 0000 | 0000 0000 | 0000 0000 
  0x0000000112c60ba8: 0000 0000 | 0000 0000 | 0000 0000 | 0000 0000 | 0000 0000 | 0000 0000 
[Stub Code]
  0x0000000112c60bc0: ;   {no_reloc}
  0x0000000112c60bc0: 4800 0058 | 0001 1fd6 | 5043 9213 | 0100 0000 

  0x0000000112c60bd0: ;   {static_stub}
  0x0000000112c60bd0: df3f 03d5 

  0x0000000112c60bd4: ;   {metadata(NULL)}
  0x0000000112c60bd4: 0c00 80d2 | 0c00 a0f2 | 0c00 c0f2 | 0800 80d2 | 0800 a0f2 | 0800 c0f2 | 0001 1fd6 
[Exception Handler]
  0x0000000112c60bf0: ;   {runtime_call ExceptionBlob}
  0x0000000112c60bf0: c45d 2117 
[Deopt Handler Code]
  0x0000000112c60bf4: 1e00 0010 

  0x0000000112c60bf8: ;   {runtime_call DeoptimizationBlob}
  0x0000000112c60bf8: 52ba 1e17 | 0000 0000 
[/MachCode]


Compiled method (c2) 1309723 420702       4       com.seibel.distanthorizons.core.render.renderer.generic.GenericObjectRenderer::renderBoxGroupInstanced (280 bytes)
 total in heap  [0x0000000113aea910,0x0000000113aed190] = 10368
 relocation     [0x0000000113aeaa68,0x0000000113aeae28] = 960
 constants      [0x0000000113aeae40,0x0000000113aeae80] = 64
 main code      [0x0000000113aeae80,0x0000000113aeb6c0] = 2112
 stub code      [0x0000000113aeb6c0,0x0000000113aebf60] = 2208
 oops           [0x0000000113aebf60,0x0000000113aebfb8] = 88
 metadata       [0x0000000113aebfb8,0x0000000113aec2d0] = 792
 scopes data    [0x0000000113aec2d0,0x0000000113aec8f0] = 1568
 scopes pcs     [0x0000000113aec8f0,0x0000000113aecd20] = 1072
 dependencies   [0x0000000113aecd20,0x0000000113aecdc0] = 160
 handler table  [0x0000000113aecdc0,0x0000000113aed138] = 888
 nul chk table  [0x0000000113aed138,0x0000000113aed190] = 88


[Constant Pool]
             Address          hex4                    hex8      
  0x0000000113aeae40:   0x00000000      0x3fb0000000000000      
  0x0000000113aeae44:   0x3fb00000                              
  0x0000000113aeae48:   0x00000000      0x0000000000000000      
  0x0000000113aeae4c:   0x00000000                              
  0x0000000113aeae50:   0x00000000      0x0000000000000000      
  0x0000000113aeae54:   0x00000000                              
  0x0000000113aeae58:   0x00000000      0x0000000000000000      
  0x0000000113aeae5c:   0x00000000                              
  0x0000000113aeae60:   0x00000000      0x0000000000000000      
  0x0000000113aeae64:   0x00000000                              
  0x0000000113aeae68:   0x00000000      0x0000000000000000      
  0x0000000113aeae6c:   0x00000000                              
  0x0000000113aeae70:   0x00000000      0x0000000000000000      
  0x0000000113aeae74:   0x00000000                              
  0x0000000113aeae78:   0x00000000      0x0000000000000000      
  0x0000000113aeae7c:   0x00000000                              

[MachCode]
[Entry Point]
  # {method} {0x0000000334865580} 'renderBoxGroupInstanced' '(Lcom/seibel/distanthorizons/api/interfaces/override/rendering/IDhApiGenericObjectShaderProgram;Lcom/seibel/distanthorizons/api/methods/events/sharedParameterObjects/DhApiRenderParam;Lcom/seibel/distanthorizons/core/render/renderer/generic/RenderableBoxGroup;Lcom/seibel/distanthorizons/core/util/math/Vec3d;Lcom/seibel/distanthorizons/core/wrapperInterfaces/minecraft/IProfilerWrapper;)V' in 'com/seibel/distanthorizons/core/render/renderer/generic/GenericObjectRenderer'
  # this:     c_rarg1:c_rarg1 
                        = 'com/seibel/distanthorizons/core/render/renderer/generic/GenericObjectRenderer'
  # parm0:    c_rarg2:c_rarg2 
                        = 'com/seibel/distanthorizons/api/interfaces/override/rendering/IDhApiGenericObjectShaderProgram'
  # parm1:    c_rarg3:c_rarg3 
                        = 'com/seibel/distanthorizons/api/methods/events/sharedParameterObjects/DhApiRenderParam'
  # parm2:    c_rarg4:c_rarg4 
                        = 'com/seibel/distanthorizons/core/render/renderer/generic/RenderableBoxGroup'
  # parm3:    c_rarg5:c_rarg5 
                        = 'com/seibel/distanthorizons/core/util/math/Vec3d'
  # parm4:    c_rarg6:c_rarg6 
                        = 'com/seibel/distanthorizons/core/wrapperInterfaces/minecraft/IProfilerWrapper'
  #           [sp+0x60]  (sp of caller)
  0x0000000113aeae80: ;   {no_reloc}
  0x0000000113aeae80: 2808 40b9 | 3f01 086b | 4000 0054 

  0x0000000113aeae8c: ;   {runtime_call ic_miss_stub}
  0x0000000113aeae8c: 5d77 e416 
[Verified Entry Point]
  0x0000000113aeae90: 1f20 03d5 | e953 40d1 | 3f01 00f9 | ff83 01d1 | fd7b 05a9 | e10b 00a9 | e30b 00f9 | e513 00f9 
  0x0000000113aeaeb0: ; implicit exception: dispatches to 0x0000000113aeb510
  0x0000000113aeaeb0: ca08 40b9 

  0x0000000113aeaeb4: ;   {metadata('loaderCommon/fabric/com/seibel/distanthorizons/common/wrappers/minecraft/ProfilerWrapper')}
  0x0000000113aeaeb4: 0c8b a0d2 | 0c42 9af2 | 5f01 0c6b | 612c 0054 | ed03 06aa | ab0d 40b9 | 7df1 7dd3 

  0x0000000113aeaed0: ; implicit exception: dispatches to 0x0000000113aeb518
  0x0000000113aeaed0: aa0b 40b9 

  0x0000000113aeaed4: ;   {metadata('net/minecraft/class_3694')}
  0x0000000113aeaed4: 2c36 a0d2 | 0c00 90f2 | 5f01 0c6b | 212c 0054 | 042b 00b4 | 8a4b 41f9 | 4a01 40f9 | fd03 04aa 
  0x0000000113aeaef4: ea0f 00f9 | ed17 00f9 | e103 04aa 

  0x0000000113aeaf00: ; ImmutableOopMap {rfp=Oop [0]=Oop [8]=Oop [16]=Oop [24]=Oop [32]=Oop [40]=Oop }
                      ;*invokevirtual updateVertexAttributeData {reexecute=0 rethrow=0 return_oop=0}
                      ; - com.seibel.distanthorizons.core.render.renderer.generic.GenericObjectRenderer::renderBoxGroupInstanced@11 (line 523)
                      ;   {optimized virtual_call}
  0x0000000113aeaf00: 040f 0394 | ed03 1daa | ab51 40b9 | 63f1 7dd3 | 032d 00b4 | e107 40f9 

  0x0000000113aeaf18: ; implicit exception: dispatches to 0x0000000113aeb520
  0x0000000113aeaf18: 2a08 40b9 

  0x0000000113aeaf1c: ;   {metadata('net/irisshaders/iris/compat/dh/IrisGenericRenderProgram')}
  0x0000000113aeaf1c: cc88 a0d2 | 0cc2 95f2 | 5f01 0c6b | 6126 0054 | ed07 00f9 | e11b 00f9 

  0x0000000113aeaf34: ;   {oop(a 'java/lang/Class'{0x0000000725b1a9e8} = 'de/keksuccino/fancymenu/util/rendering/RenderingUtils')}
  0x0000000113aeaf34: 1d3d 95d2 | 3db6 a4f2 | fd00 c0f2 | e20b 40f9 

  0x0000000113aeaf44: ; ImmutableOopMap {rfp=Oop [0]=Oop [8]=Oop [24]=Oop [32]=Oop [40]=Oop [48]=Oop }
                      ;*invokevirtual bind {reexecute=0 rethrow=0 return_oop=0}
                      ; - net.irisshaders.iris.compat.dh.IrisGenericRenderProgram::fillIndirectUniformData@2 (line 283)
                      ; - com.seibel.distanthorizons.core.render.renderer.generic.GenericObjectRenderer::renderBoxGroupInstanced@37 (line 531)
                      ;   {optimized virtual_call}
  0x0000000113aeaf44: ef77 e496 | abab 40b9 | 7f01 0071 | 6d00 0054 | ec0f 40f9 | 1e00 0014 

  0x0000000113aeaf5c: ;   {oop(a 'com/mojang/blaze3d/platform/GlStateManager$class_1026'{0x000000071dba81a8})}
  0x0000000113aeaf5c: 0a35 90d2 | 4ab7 a3f2 | ea00 c0f2 | 4b15 40b9 

  0x0000000113aeaf6c: ;   {oop(a 'java/lang/Class'{0x0000000719cdeb20} = 'com/mojang/blaze3d/systems/RenderSystem')}
  0x0000000113aeaf6c: 0a64 9dd2 | aa39 a3f2 | ea00 c0f2 | 6df1 7dd3 

  0x0000000113aeaf7c: ;   {oop(a 'java/lang/Class'{0x0000000719cdeb20} = 'com/mojang/blaze3d/systems/RenderSystem')}
  0x0000000113aeaf7c: 0b64 9dd2 | ab39 a3f2 | eb00 c0f2 | 4a81 40b9 | 7d11 4439 | 4af1 7dd3 | 5d2b 0035 | ec0f 40f9 
  0x0000000113aeaf9c: 9f01 0aeb | 2128 0054 

  0x0000000113aeafa4: ; implicit exception: dispatches to 0x0000000113aeb564
  0x0000000113aeafa4: bd45 4039 | aa41 4039 | dd2a 0035 | 5f05 0071 | e000 0054 | ea03 0032 | aa41 0039 | fd03 0caa 
  0x0000000113aeafc4: a10d 40b9 

  0x0000000113aeafc8: ; ImmutableOopMap {rfp=Oop [0]=Oop [8]=Oop [32]=Oop [40]=Oop [48]=Oop }
                      ;*invokestatic glEnable {reexecute=0 rethrow=0 return_oop=0}
                      ; - org.lwjgl.opengl.GL11::glEnable@1 (line 724)
                      ; - com.mojang.blaze3d.platform.GlStateManager$class_1018::method_4470@49 (line 879)
                      ; - com.mojang.blaze3d.platform.GlStateManager$class_1018::method_4471@2 (line 871)
                      ; - com.mojang.blaze3d.platform.GlStateManager::_enableDepthTest@9 (line 73)
                      ; - com.mojang.blaze3d.systems.RenderSystem::enableDepthTest@27 (line 258)
                      ; - net.irisshaders.iris.compat.dh.IrisGenericRenderProgram::fillIndirectUniformData@5 (line 284)
                      ; - com.seibel.distanthorizons.core.render.renderer.generic.GenericObjectRenderer::renderBoxGroupInstanced@37 (line 531)
                      ;   {static_call}
  0x0000000113aeafc8: 4e79 e496 | ec03 1daa 

  0x0000000113aeafd0: ;   {oop(a 'java/lang/Class'{0x0000000719cdeb20} = 'com/mojang/blaze3d/systems/RenderSystem')}
  0x0000000113aeafd0: 0a64 9dd2 | aa39 a3f2 | ea00 c0f2 | 4b81 40b9 

  0x0000000113aeafe0: ;   {oop(a 'com/mojang/blaze3d/platform/GlStateManager$class_1026'{0x000000071dba81a8})}
  0x0000000113aeafe0: 0a35 90d2 | 4ab7 a3f2 | ea00 c0f2 | 6bf1 7dd3 | 4a0d 40b9 | 9f01 0beb | 0125 0054 | 5f0d 0871 
  0x0000000113aeb000: c11e 0054 | fd07 40f9 | ab4f 40b9 | 6af1 7dd3 

  0x0000000113aeb010: ; implicit exception: dispatches to 0x0000000113aeb54c
  0x0000000113aeb010: 5009 40fd | 5111 40fd | 520d 40fd 

  0x0000000113aeb01c: ;   {section_word}
  0x0000000113aeb01c: 33f1 ff5c | 310a 731e | 100a 731e | 520a 731e | 3142 651e | 1042 651e | 5242 651e | 2402 781e 
  0x0000000113aeb03c: ea1b 40f9 | 0202 781e | f307 00fd | 4125 40b9 | 4302 781e 

  0x0000000113aeb050: ; ImmutableOopMap {rfp=Oop [0]=Oop [32]=Oop [40]=Oop [48]=Oop }
                      ;*invokestatic glUniform3i {reexecute=0 rethrow=0 return_oop=0}
                      ; - net.irisshaders.iris.compat.dh.IrisGenericRenderProgram::setUniform@13 (line 345)
                      ; - net.irisshaders.iris.compat.dh.IrisGenericRenderProgram::fillIndirectUniformData@62 (line 286)
                      ; - com.seibel.distanthorizons.core.render.renderer.generic.GenericObjectRenderer::renderBoxGroupInstanced@37 (line 531)
                      ;   {static_call}
  0x0000000113aeb050: 2c79 e496 | aa4f 40b9 | 4af1 7dd3 

  0x0000000113aeb05c: ; implicit exception: dispatches to 0x0000000113aeb554
  0x0000000113aeb05c: 5009 40fd | 520d 40fd | 5111 40fd | f507 40fd | 130a 751e | 540a 751e | 350a 751e | b542 651e 
  0x0000000113aeb07c: 7342 651e | 9442 651e | 1610 661e | b50a 761e | 730a 761e | 940a 761e | 313a 751e | 103a 731e 
  0x0000000113aeb09c: 523a 741e | ea1b 40f9 | 2242 621e | f60b 00fd | 0042 621e | fd0f 00f9 | 4129 40b9 | 4142 621e 
  0x0000000113aeb0bc: ; ImmutableOopMap {rfp=Oop [0]=Oop [24]=Oop [32]=Oop [40]=Oop [48]=Oop }
                      ;*invokestatic glUniform3f {reexecute=0 rethrow=0 return_oop=0}
                      ; - net.irisshaders.iris.compat.dh.IrisGenericRenderProgram::setUniform@13 (line 341)
                      ; - net.irisshaders.iris.compat.dh.IrisGenericRenderProgram::fillIndirectUniformData@113 (line 292)
                      ; - com.seibel.distanthorizons.core.render.renderer.generic.GenericObjectRenderer::renderBoxGroupInstanced@37 (line 531)
                      ;   {static_call}
  0x0000000113aeb0bc: 1179 e496 | fd13 40f9 

  0x0000000113aeb0c4: ; implicit exception: dispatches to 0x0000000113aeb55c
  0x0000000113aeb0c4: b00b 40fd | b20f 40fd | b113 40fd | f307 40fd | 520a 731e | 310a 731e | 100a 731e | 5242 651e 
  0x0000000113aeb0e4: 3142 651e | 1042 651e | 4302 781e | 2402 781e | ea1b 40f9 | 412d 40b9 | 0202 781e 

  0x0000000113aeb100: ; ImmutableOopMap {rfp=Oop [0]=Oop [24]=Oop [40]=Oop [48]=Oop }
                      ;*invokestatic glUniform3i {reexecute=0 rethrow=0 return_oop=0}
                      ; - net.irisshaders.iris.compat.dh.IrisGenericRenderProgram::setUniform@13 (line 345)
                      ; - net.irisshaders.iris.compat.dh.IrisGenericRenderProgram::fillIndirectUniformData@152 (line 299)
                      ; - com.seibel.distanthorizons.core.render.renderer.generic.GenericObjectRenderer::renderBoxGroupInstanced@37 (line 531)
                      ;   {static_call}
  0x0000000113aeb100: 0079 e496 | b00b 40fd | b20f 40fd | b113 40fd | f507 40fd | 130a 751e | 540a 751e | 350a 751e 
  0x0000000113aeb120: 7342 651e | 9442 651e | b542 651e | f60b 40fd | 730a 761e | 940a 761e | b50a 761e | 103a 731e 
  0x0000000113aeb140: 523a 741e | 313a 751e | 0042 621e | 4142 621e | ea1b 40f9 | 4131 40b9 | 2242 621e 

  0x0000000113aeb15c: ; ImmutableOopMap {[0]=Oop [24]=Oop [40]=Oop [48]=Oop }
                      ;*invokestatic glUniform3f {reexecute=0 rethrow=0 return_oop=0}
                      ; - net.irisshaders.iris.compat.dh.IrisGenericRenderProgram::setUniform@13 (line 341)
                      ; - net.irisshaders.iris.compat.dh.IrisGenericRenderProgram::fillIndirectUniformData@191 (line 305)
                      ; - com.seibel.distanthorizons.core.render.renderer.generic.GenericObjectRenderer::renderBoxGroupInstanced@37 (line 531)
                      ;   {static_call}
  0x0000000113aeb15c: e978 e496 | ea1b 40f9 | 413d 40b9 | ea0f 40f9 | 4231 40b9 

  0x0000000113aeb170: ; ImmutableOopMap {[0]=Oop [24]=Oop [40]=Oop [48]=Oop }
                      ;*invokestatic glUniform1i {reexecute=0 rethrow=0 return_oop=0}
                      ; - net.irisshaders.iris.compat.dh.IrisGenericRenderProgram::setUniform@2 (line 333)
                      ; - net.irisshaders.iris.compat.dh.IrisGenericRenderProgram::fillIndirectUniformData@205 (line 311)
                      ; - com.seibel.distanthorizons.core.render.renderer.generic.GenericObjectRenderer::renderBoxGroupInstanced@37 (line 531)
                      ;   {static_call}
  0x0000000113aeb170: e478 e496 | ea1b 40f9 | 410d 40b9 | ea0f 40f9 | 422d 40b9 

  0x0000000113aeb184: ; ImmutableOopMap {[0]=Oop [24]=Oop [40]=Oop }
                      ;*invokestatic glUniform1i {reexecute=0 rethrow=0 return_oop=0}
                      ; - net.irisshaders.iris.compat.dh.IrisGenericRenderProgram::setUniform@2 (line 333)
                      ; - net.irisshaders.iris.compat.dh.IrisGenericRenderProgram::fillIndirectUniformData@219 (line 313)
                      ; - com.seibel.distanthorizons.core.render.renderer.generic.GenericObjectRenderer::renderBoxGroupInstanced@37 (line 531)
                      ;   {static_call}
  0x0000000113aeb184: df78 e496 | ed17 40f9 | ab0d 40b9 | 7df1 7dd3 

  0x0000000113aeb194: ; implicit exception: dispatches to 0x0000000113aeb534
  0x0000000113aeb194: aa0b 40b9 

  0x0000000113aeb198: ;   {metadata('net/minecraft/class_3694')}
  0x0000000113aeb198: 2c36 a0d2 | 0c00 90f2 | 5f01 0c6b | 8116 0054 | ea0f 40f9 | ed13 00f9 | 4235 40b9 | 4112 9152 
  0x0000000113aeb1b8: ; ImmutableOopMap {[0]=Oop [24]=Oop [32]=Oop }
                      ;*invokestatic glBindBuffer {reexecute=0 rethrow=0 return_oop=0}
                      ; - org.lwjgl.opengl.GL15::glBindBuffer@2 (line 129)
                      ; - com.seibel.distanthorizons.core.render.renderer.generic.GenericObjectRenderer::renderBoxGroupInstanced@59 (line 541)
                      ;   {static_call}
  0x0000000113aeb1b8: 0672 0497 | e103 0032 

  0x0000000113aeb1c0: ; ImmutableOopMap {[0]=Oop [24]=Oop [32]=Oop }
                      ;*invokestatic glEnableVertexAttribArray {reexecute=0 rethrow=0 return_oop=0}
                      ; - org.lwjgl.opengl.GL20::glEnableVertexAttribArray@1 (line 1935)
                      ; - com.seibel.distanthorizons.core.render.renderer.generic.GenericObjectRenderer::renderBoxGroupInstanced@63 (line 542)
                      ;   {static_call}
  0x0000000113aeb1c0: 44a0 7497 | e503 1c32 | e103 0032 | e203 1e32 | c380 8252 | e403 1f2a | e603 1faa 

  0x0000000113aeb1dc: ; ImmutableOopMap {[0]=Oop [24]=Oop [32]=Oop }
                      ;*invokestatic nglVertexAttribPointer {reexecute=0 rethrow=0 return_oop=0}
                      ; - org.lwjgl.opengl.GL20C::glVertexAttribPointer@8 (line 1892)
                      ; - org.lwjgl.opengl.GL20::glVertexAttribPointer@8 (line 1868)
                      ; - com.seibel.distanthorizons.core.render.renderer.generic.GenericObjectRenderer::renderBoxGroupInstanced@75 (line 543)
                      ;   {static_call}
  0x0000000113aeb1dc: dd48 7597 | ea03 40f9 | 5d39 4039 | 5d17 0034 | fd03 0aaa | e103 0032 | e203 0032 

  0x0000000113aeb1f8: ; ImmutableOopMap {rfp=Oop [0]=Oop [24]=Oop [32]=Oop }
                      ;*invokestatic glVertexAttribDivisor {reexecute=0 rethrow=0 return_oop=0}
                      ; - org.lwjgl.opengl.GL33::glVertexAttribDivisor@2 (line 614)
                      ; - com.seibel.distanthorizons.core.render.renderer.generic.GenericObjectRenderer::vertexAttribDivisor@9 (line 594)
                      ; - com.seibel.distanthorizons.core.render.renderer.generic.GenericObjectRenderer::renderBoxGroupInstanced@81 (line 544)
                      ;   {static_call}
  0x0000000113aeb1f8: 567e 5d97 | ea0f 40f9 | 4221 40b9 | 4112 9152 

  0x0000000113aeb208: ; ImmutableOopMap {rfp=Oop [0]=Oop [24]=Oop [32]=Oop }
                      ;*invokestatic glBindBuffer {reexecute=0 rethrow=0 return_oop=0}
                      ; - org.lwjgl.opengl.GL15::glBindBuffer@2 (line 129)
                      ; - com.seibel.distanthorizons.core.render.renderer.generic.GenericObjectRenderer::renderBoxGroupInstanced@91 (line 546)
                      ;   {static_call}
  0x0000000113aeb208: f271 0497 | e103 1f32 

  0x0000000113aeb210: ; ImmutableOopMap {rfp=Oop [0]=Oop [24]=Oop [32]=Oop }
                      ;*invokestatic glEnableVertexAttribArray {reexecute=0 rethrow=0 return_oop=0}
                      ; - org.lwjgl.opengl.GL20::glEnableVertexAttribArray@1 (line 1935)
                      ; - com.seibel.distanthorizons.core.render.renderer.generic.GenericObjectRenderer::renderBoxGroupInstanced@95 (line 547)
                      ;   {static_call}
  0x0000000113aeb210: 30a0 7497 | ea03 1daa | 5d39 4039 | fd15 0034 | fd03 0aaa | e103 1f32 | e203 0032 

  0x0000000113aeb22c: ; ImmutableOopMap {rfp=Oop [0]=Oop [24]=Oop [32]=Oop }
                      ;*invokestatic glVertexAttribDivisor {reexecute=0 rethrow=0 return_oop=0}
                      ; - org.lwjgl.opengl.GL33::glVertexAttribDivisor@2 (line 614)
                      ; - com.seibel.distanthorizons.core.render.renderer.generic.GenericObjectRenderer::vertexAttribDivisor@9 (line 594)
                      ; - com.seibel.distanthorizons.core.render.renderer.generic.GenericObjectRenderer::renderBoxGroupInstanced@101 (line 548)
                      ;   {static_call}
  0x0000000113aeb22c: 497e 5d97 | e103 1f32 | e207 0032 | c380 8252 | e403 1f2a | e507 1e32 | e603 1faa 

  0x0000000113aeb248: ; ImmutableOopMap {rfp=Oop [0]=Oop [24]=Oop [32]=Oop }
                      ;*invokestatic nglVertexAttribPointer {reexecute=0 rethrow=0 return_oop=0}
                      ; - org.lwjgl.opengl.GL20C::glVertexAttribPointer@8 (line 1892)
                      ; - org.lwjgl.opengl.GL20::glVertexAttribPointer@8 (line 1868)
                      ; - com.seibel.distanthorizons.core.render.renderer.generic.GenericObjectRenderer::renderBoxGroupInstanced@113 (line 549)
                      ;   {static_call}
  0x0000000113aeb248: c248 7597 | ea0f 40f9 | 4225 40b9 | 4112 9152 

  0x0000000113aeb258: ; ImmutableOopMap {rfp=Oop [0]=Oop [24]=Oop [32]=Oop }
                      ;*invokestatic glBindBuffer {reexecute=0 rethrow=0 return_oop=0}
                      ; - org.lwjgl.opengl.GL15::glBindBuffer@2 (line 129)
                      ; - com.seibel.distanthorizons.core.render.renderer.generic.GenericObjectRenderer::renderBoxGroupInstanced@123 (line 551)
                      ;   {static_call}
  0x0000000113aeb258: de71 0497 | e107 0032 

  0x0000000113aeb260: ; ImmutableOopMap {rfp=Oop [0]=Oop [24]=Oop [32]=Oop }
                      ;*invokestatic glEnableVertexAttribArray {reexecute=0 rethrow=0 return_oop=0}
                      ; - org.lwjgl.opengl.GL20::glEnableVertexAttribArray@1 (line 1935)
                      ; - com.seibel.distanthorizons.core.render.renderer.generic.GenericObjectRenderer::renderBoxGroupInstanced@127 (line 552)
                      ;   {static_call}
  0x0000000113aeb260: 1ca0 7497 | ea03 1daa | 5d39 4039 | bd13 0034 | fd03 0aaa | e107 0032 | e203 0032 

  0x0000000113aeb27c: ; ImmutableOopMap {rfp=Oop [0]=Oop [24]=Oop [32]=Oop }
                      ;*invokestatic glVertexAttribDivisor {reexecute=0 rethrow=0 return_oop=0}
                      ; - org.lwjgl.opengl.GL33::glVertexAttribDivisor@2 (line 614)
                      ; - com.seibel.distanthorizons.core.render.renderer.generic.GenericObjectRenderer::vertexAttribDivisor@9 (line 594)
                      ; - com.seibel.distanthorizons.core.render.renderer.generic.GenericObjectRenderer::renderBoxGroupInstanced@133 (line 553)
                      ;   {static_call}
  0x0000000113aeb27c: 357e 5d97 | 8380 8252 | e107 0032 | e207 0032 | e407 1e32 | e503 1faa 

  0x0000000113aeb294: ; ImmutableOopMap {rfp=Oop [0]=Oop [24]=Oop [32]=Oop }
                      ;*invokestatic nglVertexAttribIPointer {reexecute=0 rethrow=0 return_oop=0}
                      ; - org.lwjgl.opengl.GL30C::glVertexAttribIPointer@6 (line 964)
                      ; - org.lwjgl.opengl.GL30::glVertexAttribIPointer@6 (line 972)
                      ; - com.seibel.distanthorizons.core.render.renderer.generic.GenericObjectRenderer::renderBoxGroupInstanced@144 (line 554)
                      ;   {static_call}
  0x0000000113aeb294: 4f4e 2c97 | ea0f 40f9 | 4229 40b9 | 4112 9152 

  0x0000000113aeb2a4: ; ImmutableOopMap {rfp=Oop [0]=Oop [24]=Oop [32]=Oop }
                      ;*invokestatic glBindBuffer {reexecute=0 rethrow=0 return_oop=0}
                      ; - org.lwjgl.opengl.GL15::glBindBuffer@2 (line 129)
                      ; - com.seibel.distanthorizons.core.render.renderer.generic.GenericObjectRenderer::renderBoxGroupInstanced@154 (line 556)
                      ;   {static_call}
  0x0000000113aeb2a4: cb71 0497 | e103 1e32 

  0x0000000113aeb2ac: ; ImmutableOopMap {rfp=Oop [0]=Oop [24]=Oop [32]=Oop }
                      ;*invokestatic glEnableVertexAttribArray {reexecute=0 rethrow=0 return_oop=0}
                      ; - org.lwjgl.opengl.GL20::glEnableVertexAttribArray@1 (line 1935)
                      ; - com.seibel.distanthorizons.core.render.renderer.generic.GenericObjectRenderer::renderBoxGroupInstanced@158 (line 557)
                      ;   {static_call}
  0x0000000113aeb2ac: 09a0 7497 | ea03 1daa | 5d39 4039 | 9d11 0034 | fd03 0aaa | e103 1e32 | e203 0032 

  0x0000000113aeb2c8: ; ImmutableOopMap {rfp=Oop [24]=Oop [32]=Oop }
                      ;*invokestatic glVertexAttribDivisor {reexecute=0 rethrow=0 return_oop=0}
                      ; - org.lwjgl.opengl.GL33::glVertexAttribDivisor@2 (line 614)
                      ; - com.seibel.distanthorizons.core.render.renderer.generic.GenericObjectRenderer::vertexAttribDivisor@9 (line 594)
                      ; - com.seibel.distanthorizons.core.render.renderer.generic.GenericObjectRenderer::renderBoxGroupInstanced@164 (line 558)
                      ;   {static_call}
  0x0000000113aeb2c8: 227e 5d97 | e103 1e32 | e207 0032 | c380 8252 | e403 1f2a | e507 1e32 | e603 1faa 

  0x0000000113aeb2e4: ; ImmutableOopMap {rfp=Oop [24]=Oop [32]=Oop }
                      ;*invokestatic nglVertexAttribPointer {reexecute=0 rethrow=0 return_oop=0}
                      ; - org.lwjgl.opengl.GL20C::glVertexAttribPointer@8 (line 1892)
                      ; - org.lwjgl.opengl.GL20::glVertexAttribPointer@8 (line 1868)
                      ; - com.seibel.distanthorizons.core.render.renderer.generic.GenericObjectRenderer::renderBoxGroupInstanced@176 (line 559)
                      ;   {static_call}
  0x0000000113aeb2e4: 9b48 7597 | ea0f 40f9 | 421d 40b9 | 4112 9152 

  0x0000000113aeb2f4: ; ImmutableOopMap {rfp=Oop [24]=Oop [32]=Oop }
                      ;*invokestatic glBindBuffer {reexecute=0 rethrow=0 return_oop=0}
                      ; - org.lwjgl.opengl.GL15::glBindBuffer@2 (line 129)
                      ; - com.seibel.distanthorizons.core.render.renderer.generic.GenericObjectRenderer::renderBoxGroupInstanced@186 (line 561)
                      ;   {static_call}
  0x0000000113aeb2f4: b771 0497 | a100 8052 

  0x0000000113aeb2fc: ; ImmutableOopMap {rfp=Oop [24]=Oop [32]=Oop }
                      ;*invokestatic glEnableVertexAttribArray {reexecute=0 rethrow=0 return_oop=0}
                      ; - org.lwjgl.opengl.GL20::glEnableVertexAttribArray@1 (line 1935)
                      ; - com.seibel.distanthorizons.core.render.renderer.generic.GenericObjectRenderer::renderBoxGroupInstanced@190 (line 562)
                      ;   {static_call}
  0x0000000113aeb2fc: f59f 7497 | ea03 1daa | 5d39 4039 | 5d0f 0034 | a100 8052 | e203 0032 

  0x0000000113aeb314: ; ImmutableOopMap {[24]=Oop [32]=Oop }
                      ;*invokestatic glVertexAttribDivisor {reexecute=0 rethrow=0 return_oop=0}
                      ; - org.lwjgl.opengl.GL33::glVertexAttribDivisor@2 (line 614)
                      ; - com.seibel.distanthorizons.core.render.renderer.generic.GenericObjectRenderer::vertexAttribDivisor@9 (line 594)
                      ; - com.seibel.distanthorizons.core.render.renderer.generic.GenericObjectRenderer::renderBoxGroupInstanced@196 (line 563)
                      ;   {static_call}
  0x0000000113aeb314: 0f7e 5d97 | 0380 8252 | a100 8052 | e203 0032 | e403 0032 | e503 1faa 

  0x0000000113aeb32c: ; ImmutableOopMap {[24]=Oop [32]=Oop }
                      ;*invokestatic nglVertexAttribIPointer {reexecute=0 rethrow=0 return_oop=0}
                      ; - org.lwjgl.opengl.GL30C::glVertexAttribIPointer@6 (line 964)
                      ; - org.lwjgl.opengl.GL30::glVertexAttribIPointer@6 (line 972)
                      ; - com.seibel.distanthorizons.core.render.renderer.generic.GenericObjectRenderer::renderBoxGroupInstanced@206 (line 564)
                      ;   {static_call}
  0x0000000113aeb32c: 294e 2c97 | ed13 40f9 | ab0d 40b9 | 7df1 7dd3 

  0x0000000113aeb33c: ; implicit exception: dispatches to 0x0000000113aeb53c
  0x0000000113aeb33c: aa0b 40b9 

  0x0000000113aeb340: ;   {metadata('net/minecraft/class_3694')}
  0x0000000113aeb340: 2c36 a0d2 | 0c00 90f2 | 5f01 0c6b | ee0f 40f9 | c519 40b9 | 4109 0054 | bf00 0071 | ec05 0054 
  0x0000000113aeb360: 7df1 7dd3 | ab0b 40b9 

  0x0000000113aeb368: ;   {metadata('net/minecraft/class_3694')}
  0x0000000113aeb368: 2a36 a0d2 | 0a00 90f2 | 7f01 0a6b | 8108 0054 | fd03 0daa | e103 0032 

  0x0000000113aeb380: ; ImmutableOopMap {rfp=Oop }
                      ;*invokestatic glDisableVertexAttribArray {reexecute=0 rethrow=0 return_oop=0}
                      ; - org.lwjgl.opengl.GL20::glDisableVertexAttribArray@1 (line 1948)
                      ; - com.seibel.distanthorizons.core.render.renderer.generic.GenericObjectRenderer::renderBoxGroupInstanced@253 (line 578)
                      ;   {static_call}
  0x0000000113aeb380: 147d 5d97 | e103 1f32 

  0x0000000113aeb388: ; ImmutableOopMap {rfp=Oop }
                      ;*invokestatic glDisableVertexAttribArray {reexecute=0 rethrow=0 return_oop=0}
                      ; - org.lwjgl.opengl.GL20::glDisableVertexAttribArray@1 (line 1948)
                      ; - com.seibel.distanthorizons.core.render.renderer.generic.GenericObjectRenderer::renderBoxGroupInstanced@257 (line 579)
                      ;   {static_call}
  0x0000000113aeb388: 127d 5d97 | e107 0032 

  0x0000000113aeb390: ; ImmutableOopMap {rfp=Oop }
                      ;*invokestatic glDisableVertexAttribArray {reexecute=0 rethrow=0 return_oop=0}
                      ; - org.lwjgl.opengl.GL20::glDisableVertexAttribArray@1 (line 1948)
                      ; - com.seibel.distanthorizons.core.render.renderer.generic.GenericObjectRenderer::renderBoxGroupInstanced@261 (line 580)
                      ;   {static_call}
  0x0000000113aeb390: 107d 5d97 | e103 1e32 

  0x0000000113aeb398: ; ImmutableOopMap {rfp=Oop }
                      ;*invokestatic glDisableVertexAttribArray {reexecute=0 rethrow=0 return_oop=0}
                      ; - org.lwjgl.opengl.GL20::glDisableVertexAttribArray@1 (line 1948)
                      ; - com.seibel.distanthorizons.core.render.renderer.generic.GenericObjectRenderer::renderBoxGroupInstanced@265 (line 581)
                      ;   {static_call}
  0x0000000113aeb398: 0e7d 5d97 | a100 8052 

  0x0000000113aeb3a0: ; ImmutableOopMap {rfp=Oop }
                      ;*invokestatic glDisableVertexAttribArray {reexecute=0 rethrow=0 return_oop=0}
                      ; - org.lwjgl.opengl.GL20::glDisableVertexAttribArray@1 (line 1948)
                      ; - com.seibel.distanthorizons.core.render.renderer.generic.GenericObjectRenderer::renderBoxGroupInstanced@269 (line 582)
                      ;   {static_call}
  0x0000000113aeb3a0: 0c7d 5d97 | aa0f 40b9 | 5df1 7dd3 

  0x0000000113aeb3ac: ; implicit exception: dispatches to 0x0000000113aeb544
  0x0000000113aeb3ac: ab0b 40b9 

  0x0000000113aeb3b0: ;   {metadata('net/minecraft/class_3694')}
  0x0000000113aeb3b0: 2a36 a0d2 | 0a00 90f2 | 7f01 0a6b | a106 0054 | fd7b 45a9 | ff83 0191 

  0x0000000113aeb3c8: ;   {poll_return}
  0x0000000113aeb3c8: 88a7 41f9 | ff63 28eb | 6815 0054 | c003 5fd6 | 6140 8052 

  0x0000000113aeb3dc: ;   {oop(a 'com/mojang/blaze3d/platform/GlStateManager$class_1026'{0x000000071dba81a8})}
  0x0000000113aeb3dc: 0a35 90d2 | 4ab7 a3f2 | ea00 c0f2 | 410d 00b9 

  0x0000000113aeb3ec: ; ImmutableOopMap {[0]=Oop [8]=Oop [32]=Oop [40]=Oop [48]=Oop }
                      ;*invokestatic glDepthFunc {reexecute=0 rethrow=0 return_oop=0}
                      ; - org.lwjgl.opengl.GL11::glDepthFunc@1 (line 1767)
                      ; - com.mojang.blaze3d.platform.GlStateManager::_depthFunc@21 (line 80)
                      ; - com.mojang.blaze3d.systems.RenderSystem::depthFunc@4 (line 291)
                      ; - net.irisshaders.iris.compat.dh.IrisGenericRenderProgram::fillIndirectUniformData@11 (line 285)
                      ; - com.seibel.distanthorizons.core.render.renderer.generic.GenericObjectRenderer::renderBoxGroupInstanced@37 (line 531)
                      ;   {static_call}
  0x0000000113aeb3ec: 4578 e496 | 05ff ff17 | ed0f 00f9 | e20b 40f9 | e403 0daa | e513 40f9 | 0934 84d2 | 898c a0f2 
  0x0000000113aeb40c: 091f c0f2 

  0x0000000113aeb410: ; ImmutableOopMap {rfp=Oop [0]=Oop [24]=Oop [40]=Oop }
                      ;*invokeinterface fillIndirectUniformData {reexecute=0 rethrow=0 return_oop=0}
                      ; - com.seibel.distanthorizons.core.render.renderer.generic.GenericObjectRenderer::renderBoxGroupInstanced@37 (line 531)
                      ;   {virtual_call}
  0x0000000113aeb410: 6c75 0394 | 5dff ff17 | 8204 8052 | a380 8252 | fd03 0daa | e103 1e32 | e403 1faa 

  0x0000000113aeb42c: ; ImmutableOopMap {rfp=Oop }
                      ;*invokestatic glDrawElementsInstanced {reexecute=0 rethrow=0 return_oop=0}
                      ; - com.seibel.distanthorizons.core.render.renderer.generic.GenericObjectRenderer::renderBoxGroupInstanced@239 (line 571)
                      ;   {static_call}
  0x0000000113aeb42c: c5d5 c597 | ed03 1daa | ab0d 40b9 | 4bf9 ff35 | 2101 8012 

  0x0000000113aeb440: ; ImmutableOopMap {}
                      ;*invokeinterface method_15405 {reexecute=0 rethrow=0 return_oop=0}
                      ; - loaderCommon.fabric.com.seibel.distanthorizons.common.wrappers.minecraft.ProfilerWrapper::popPush@5 (line 43)
                      ; - com.seibel.distanthorizons.core.render.renderer.generic.GenericObjectRenderer::renderBoxGroupInstanced@247 (line 576)
                      ;   {runtime_call UncommonTrapBlob}
  0x0000000113aeb440: 1091 e496 | 2101 8012 

  0x0000000113aeb448: ; ImmutableOopMap {}
                      ;*invokevirtual updateVertexAttributeData {reexecute=0 rethrow=0 return_oop=0}
                      ; - com.seibel.distanthorizons.core.render.renderer.generic.GenericObjectRenderer::renderBoxGroupInstanced@11 (line 523)
                      ;   {runtime_call UncommonTrapBlob}
  0x0000000113aeb448: 0e91 e496 | fd03 40f9 | 2104 8012 | e20f 00a9 | e417 01a9 | e617 00f9 

  0x0000000113aeb460: ; ImmutableOopMap {rfp=Oop [0]=Oop [8]=Oop [16]=Oop [24]=Oop [40]=Oop }
                      ;*invokeinterface push {reexecute=0 rethrow=0 return_oop=0}
                      ; - com.seibel.distanthorizons.core.render.renderer.generic.GenericObjectRenderer::renderBoxGroupInstanced@5 (line 522)
                      ;   {runtime_call UncommonTrapBlob}
  0x0000000113aeb460: 0891 e496 | 2104 8012 | e40f 00f9 | ed17 00f9 

  0x0000000113aeb470: ; ImmutableOopMap {rfp=Oop [0]=Oop [8]=Oop [16]=Oop [24]=Oop [32]=Oop [40]=Oop }
                      ;*invokeinterface method_15396 {reexecute=0 rethrow=0 return_oop=0}
                      ; - loaderCommon.fabric.com.seibel.distanthorizons.common.wrappers.minecraft.ProfilerWrapper::push@5 (line 39)
                      ; - com.seibel.distanthorizons.core.render.renderer.generic.GenericObjectRenderer::renderBoxGroupInstanced@5 (line 522)
                      ;   {runtime_call UncommonTrapBlob}
  0x0000000113aeb470: 0491 e496 | 2104 8012 

  0x0000000113aeb478: ; ImmutableOopMap {rfp=Oop [0]=Oop [24]=Oop [40]=Oop }
                      ;*invokeinterface method_15405 {reexecute=0 rethrow=0 return_oop=0}
                      ; - loaderCommon.fabric.com.seibel.distanthorizons.common.wrappers.minecraft.ProfilerWrapper::popPush@5 (line 43)
                      ; - com.seibel.distanthorizons.core.render.renderer.generic.GenericObjectRenderer::renderBoxGroupInstanced@47 (line 539)
                      ;   {runtime_call UncommonTrapBlob}
  0x0000000113aeb478: 0291 e496 | 2104 8012 

  0x0000000113aeb480: ; ImmutableOopMap {rfp=Oop [24]=Oop [32]=Oop }
                      ;*invokeinterface method_15405 {reexecute=0 rethrow=0 return_oop=0}
                      ; - loaderCommon.fabric.com.seibel.distanthorizons.common.wrappers.minecraft.ProfilerWrapper::popPush@5 (line 43)
                      ; - com.seibel.distanthorizons.core.render.renderer.generic.GenericObjectRenderer::renderBoxGroupInstanced@214 (line 568)
                      ;   {runtime_call UncommonTrapBlob}
  0x0000000113aeb480: 0091 e496 | ed03 00f9 | 2104 8012 

  0x0000000113aeb48c: ; ImmutableOopMap {rfp=Oop [0]=Oop }
                      ;*invokeinterface method_15405 {reexecute=0 rethrow=0 return_oop=0}
                      ; - loaderCommon.fabric.com.seibel.distanthorizons.common.wrappers.minecraft.ProfilerWrapper::popPush@5 (line 43)
                      ; - com.seibel.distanthorizons.core.render.renderer.generic.GenericObjectRenderer::renderBoxGroupInstanced@247 (line 576)
                      ;   {runtime_call UncommonTrapBlob}
  0x0000000113aeb48c: fd90 e496 | 2104 8012 

  0x0000000113aeb494: ; ImmutableOopMap {rfp=Oop }
                      ;*invokeinterface method_15407 {reexecute=0 rethrow=0 return_oop=0}
                      ; - loaderCommon.fabric.com.seibel.distanthorizons.common.wrappers.minecraft.ProfilerWrapper::pop@4 (line 47)
                      ; - com.seibel.distanthorizons.core.render.renderer.generic.GenericObjectRenderer::renderBoxGroupInstanced@274 (line 584)
                      ;   {runtime_call UncommonTrapBlob}
  0x0000000113aeb494: fb90 e496 | 4117 8012 | fd03 40f9 

  0x0000000113aeb4a0: ; ImmutableOopMap {rfp=Oop [8]=Oop [32]=Oop [40]=Oop [48]=Oop }
                      ;*ifne {reexecute=1 rethrow=0 return_oop=0}
                      ; - (reexecute) com.mojang.blaze3d.systems.RenderSystem::assertOnRenderThread@3 (line 172)
                      ; - com.mojang.blaze3d.systems.RenderSystem::depthFunc@0 (line 285)
                      ; - net.irisshaders.iris.compat.dh.IrisGenericRenderProgram::fillIndirectUniformData@11 (line 285)
                      ; - com.seibel.distanthorizons.core.render.renderer.generic.GenericObjectRenderer::renderBoxGroupInstanced@37 (line 531)
                      ;   {runtime_call UncommonTrapBlob}
  0x0000000113aeb4a0: f890 e496 | 4117 8012 | fd03 40f9 

  0x0000000113aeb4ac: ; ImmutableOopMap {rfp=Oop [8]=Oop [32]=Oop [40]=Oop [48]=Oop }
                      ;*ifeq {reexecute=1 rethrow=0 return_oop=0}
                      ; - (reexecute) com.mojang.blaze3d.systems.RenderSystem::assertOnRenderThreadOrInit@9 (line 165)
                      ; - com.mojang.blaze3d.platform.GlStateManager::_enableDepthTest@0 (line 72)
                      ; - com.mojang.blaze3d.systems.RenderSystem::enableDepthTest@27 (line 258)
                      ; - net.irisshaders.iris.compat.dh.IrisGenericRenderProgram::fillIndirectUniformData@5 (line 284)
                      ; - com.seibel.distanthorizons.core.render.renderer.generic.GenericObjectRenderer::renderBoxGroupInstanced@37 (line 531)
                      ;   {runtime_call UncommonTrapBlob}
  0x0000000113aeb4ac: f590 e496 | fd23 40a9 | e803 00f9 | e80b 40f9 | e807 00f9 | 4117 8012 | ed0b 00f9 | e31b 00f9 
  0x0000000113aeb4cc: ; ImmutableOopMap {rfp=Oop [0]=Oop [8]=Oop [16]=Oop [32]=Oop [40]=Oop [48]=Oop }
                      ;*ifnonnull {reexecute=1 rethrow=0 return_oop=0}
                      ; - (reexecute) com.seibel.distanthorizons.core.render.renderer.generic.GenericObjectRenderer::renderBoxGroupInstanced@22 (line 526)
                      ;   {runtime_call UncommonTrapBlob}
  0x0000000113aeb4cc: ed90 e496 | 4117 8012 

  0x0000000113aeb4d4: ; ImmutableOopMap {[0]=Oop [24]=Oop [32]=Oop }
                      ;*ifeq {reexecute=1 rethrow=0 return_oop=0}
                      ; - (reexecute) com.seibel.distanthorizons.core.render.renderer.generic.GenericObjectRenderer::vertexAttribDivisor@4 (line 592)
                      ; - com.seibel.distanthorizons.core.render.renderer.generic.GenericObjectRenderer::renderBoxGroupInstanced@81 (line 544)
                      ;   {runtime_call UncommonTrapBlob}
  0x0000000113aeb4d4: eb90 e496 | 4117 8012 

  0x0000000113aeb4dc: ; ImmutableOopMap {[0]=Oop [24]=Oop [32]=Oop }
                      ;*ifeq {reexecute=1 rethrow=0 return_oop=0}
                      ; - (reexecute) com.seibel.distanthorizons.core.render.renderer.generic.GenericObjectRenderer::vertexAttribDivisor@4 (line 592)
                      ; - com.seibel.distanthorizons.core.render.renderer.generic.GenericObjectRenderer::renderBoxGroupInstanced@101 (line 548)
                      ;   {runtime_call UncommonTrapBlob}
  0x0000000113aeb4dc: e990 e496 | 4117 8012 

  0x0000000113aeb4e4: ; ImmutableOopMap {[0]=Oop [24]=Oop [32]=Oop }
                      ;*ifeq {reexecute=1 rethrow=0 return_oop=0}
                      ; - (reexecute) com.seibel.distanthorizons.core.render.renderer.generic.GenericObjectRenderer::vertexAttribDivisor@4 (line 592)
                      ; - com.seibel.distanthorizons.core.render.renderer.generic.GenericObjectRenderer::renderBoxGroupInstanced@133 (line 553)
                      ;   {runtime_call UncommonTrapBlob}
  0x0000000113aeb4e4: e790 e496 | 4117 8012 

  0x0000000113aeb4ec: ; ImmutableOopMap {[0]=Oop [24]=Oop [32]=Oop }
                      ;*ifeq {reexecute=1 rethrow=0 return_oop=0}
                      ; - (reexecute) com.seibel.distanthorizons.core.render.renderer.generic.GenericObjectRenderer::vertexAttribDivisor@4 (line 592)
                      ; - com.seibel.distanthorizons.core.render.renderer.generic.GenericObjectRenderer::renderBoxGroupInstanced@164 (line 558)
                      ;   {runtime_call UncommonTrapBlob}
  0x0000000113aeb4ec: e590 e496 | 4117 8012 | ea07 00f9 

  0x0000000113aeb4f8: ; ImmutableOopMap {[8]=Oop [24]=Oop [32]=Oop }
                      ;*ifeq {reexecute=1 rethrow=0 return_oop=0}
                      ; - (reexecute) com.seibel.distanthorizons.core.render.renderer.generic.GenericObjectRenderer::vertexAttribDivisor@4 (line 592)
                      ; - com.seibel.distanthorizons.core.render.renderer.generic.GenericObjectRenderer::renderBoxGroupInstanced@196 (line 563)
                      ;   {runtime_call UncommonTrapBlob}
  0x0000000113aeb4f8: e290 e496 | 4117 8012 

  0x0000000113aeb500: ; ImmutableOopMap {[0]=Oop [8]=Oop [32]=Oop [40]=Oop [48]=Oop }
                      ;*ifne {reexecute=1 rethrow=0 return_oop=0}
                      ; - (reexecute) com.mojang.blaze3d.systems.RenderSystem::assertOnGameThreadOrInit@3 (line 158)
                      ; - com.mojang.blaze3d.systems.RenderSystem::enableDepthTest@24 (line 254)
                      ; - net.irisshaders.iris.compat.dh.IrisGenericRenderProgram::fillIndirectUniformData@5 (line 284)
                      ; - com.seibel.distanthorizons.core.render.renderer.generic.GenericObjectRenderer::renderBoxGroupInstanced@37 (line 531)
                      ;   {runtime_call UncommonTrapBlob}
  0x0000000113aeb500: e090 e496 | ed1f 00f9 | 4117 8012 

  0x0000000113aeb50c: ; ImmutableOopMap {[0]=Oop [8]=Oop [32]=Oop [40]=Oop [48]=Oop [56]=Oop }
                      ;*ifeq {reexecute=1 rethrow=0 return_oop=0}
                      ; - (reexecute) com.mojang.blaze3d.platform.GlStateManager$class_1018::handler$fii000$iris$setUnknownState@4 (line 960)
                      ; - com.mojang.blaze3d.platform.GlStateManager$class_1018::method_4470@14
                      ; - com.mojang.blaze3d.platform.GlStateManager$class_1018::method_4471@2 (line 871)
                      ; - com.mojang.blaze3d.platform.GlStateManager::_enableDepthTest@9 (line 73)
                      ; - com.mojang.blaze3d.systems.RenderSystem::enableDepthTest@27 (line 258)
                      ; - net.irisshaders.iris.compat.dh.IrisGenericRenderProgram::fillIndirectUniformData@5 (line 284)
                      ; - com.seibel.distanthorizons.core.render.renderer.generic.GenericObjectRenderer::renderBoxGroupInstanced@37 (line 531)
                      ;   {runtime_call UncommonTrapBlob}
  0x0000000113aeb50c: dd90 e496 | 2101 8012 

  0x0000000113aeb514: ; ImmutableOopMap {}
                      ;*invokeinterface push {reexecute=0 rethrow=0 return_oop=0}
                      ; - com.seibel.distanthorizons.core.render.renderer.generic.GenericObjectRenderer::renderBoxGroupInstanced@5 (line 522)
                      ;   {runtime_call UncommonTrapBlob}
  0x0000000113aeb514: db90 e496 | 2101 8012 

  0x0000000113aeb51c: ; ImmutableOopMap {}
                      ;*invokeinterface method_15396 {reexecute=0 rethrow=0 return_oop=0}
                      ; - loaderCommon.fabric.com.seibel.distanthorizons.common.wrappers.minecraft.ProfilerWrapper::push@5 (line 39)
                      ; - com.seibel.distanthorizons.core.render.renderer.generic.GenericObjectRenderer::renderBoxGroupInstanced@5 (line 522)
                      ;   {runtime_call UncommonTrapBlob}
  0x0000000113aeb51c: d990 e496 | 2101 8012 | fd0b 40f9 | ed03 00f9 | e30f 00f9 

  0x0000000113aeb530: ; ImmutableOopMap {rfp=Oop [0]=Oop [24]=Oop [32]=Oop }
                      ;*invokeinterface fillIndirectUniformData {reexecute=0 rethrow=0 return_oop=0}
                      ; - com.seibel.distanthorizons.core.render.renderer.generic.GenericObjectRenderer::renderBoxGroupInstanced@37 (line 531)
                      ;   {runtime_call UncommonTrapBlob}
  0x0000000113aeb530: d490 e496 | 2101 8012 

  0x0000000113aeb538: ; ImmutableOopMap {}
                      ;*invokeinterface method_15405 {reexecute=0 rethrow=0 return_oop=0}
                      ; - loaderCommon.fabric.com.seibel.distanthorizons.common.wrappers.minecraft.ProfilerWrapper::popPush@5 (line 43)
                      ; - com.seibel.distanthorizons.core.render.renderer.generic.GenericObjectRenderer::renderBoxGroupInstanced@47 (line 539)
                      ;   {runtime_call UncommonTrapBlob}
  0x0000000113aeb538: d290 e496 | 2101 8012 

  0x0000000113aeb540: ; ImmutableOopMap {}
                      ;*invokeinterface method_15405 {reexecute=0 rethrow=0 return_oop=0}
                      ; - loaderCommon.fabric.com.seibel.distanthorizons.common.wrappers.minecraft.ProfilerWrapper::popPush@5 (line 43)
                      ; - com.seibel.distanthorizons.core.render.renderer.generic.GenericObjectRenderer::renderBoxGroupInstanced@214 (line 568)
                      ;   {runtime_call UncommonTrapBlob}
  0x0000000113aeb540: d090 e496 | 2101 8012 

  0x0000000113aeb548: ; ImmutableOopMap {}
                      ;*invokeinterface method_15407 {reexecute=0 rethrow=0 return_oop=0}
                      ; - loaderCommon.fabric.com.seibel.distanthorizons.common.wrappers.minecraft.ProfilerWrapper::pop@4 (line 47)
                      ; - com.seibel.distanthorizons.core.render.renderer.generic.GenericObjectRenderer::renderBoxGroupInstanced@274 (line 584)
                      ;   {runtime_call UncommonTrapBlob}
  0x0000000113aeb548: ce90 e496 | 2101 8012 

  0x0000000113aeb550: ; ImmutableOopMap {}
                      ;*getfield x {reexecute=1 rethrow=0 return_oop=0}
                      ; - (reexecute) com.seibel.distanthorizons.core.render.renderer.generic.RenderableBoxGroup::getOriginBlockPos@8 (line 92)
                      ; - net.irisshaders.iris.compat.dh.IrisGenericRenderProgram::fillIndirectUniformData@24 (line 288)
                      ; - com.seibel.distanthorizons.core.render.renderer.generic.GenericObjectRenderer::renderBoxGroupInstanced@37 (line 531)
                      ;   {runtime_call UncommonTrapBlob}
  0x0000000113aeb550: cc90 e496 | 2101 8012 

  0x0000000113aeb558: ; ImmutableOopMap {}
                      ;*getfield x {reexecute=1 rethrow=0 return_oop=0}
                      ; - (reexecute) com.seibel.distanthorizons.core.render.renderer.generic.RenderableBoxGroup::getOriginBlockPos@8 (line 92)
                      ; - net.irisshaders.iris.compat.dh.IrisGenericRenderProgram::fillIndirectUniformData@75 (line 294)
                      ; - com.seibel.distanthorizons.core.render.renderer.generic.GenericObjectRenderer::renderBoxGroupInstanced@37 (line 531)
                      ;   {runtime_call UncommonTrapBlob}
  0x0000000113aeb558: ca90 e496 | 2101 8012 

  0x0000000113aeb560: ; ImmutableOopMap {}
                      ;*getfield x {reexecute=1 rethrow=0 return_oop=0}
                      ; - (reexecute) net.irisshaders.iris.compat.dh.IrisGenericRenderProgram::fillIndirectUniformData@127 (line 299)
                      ; - com.seibel.distanthorizons.core.render.renderer.generic.GenericObjectRenderer::renderBoxGroupInstanced@37 (line 531)
                      ;   {runtime_call UncommonTrapBlob}
  0x0000000113aeb560: c890 e496 | 2101 8012 

  0x0000000113aeb568: ; ImmutableOopMap {}
                      ;*invokevirtual method_4471 {reexecute=0 rethrow=0 return_oop=0}
                      ; - com.mojang.blaze3d.platform.GlStateManager::_enableDepthTest@9 (line 73)
                      ; - com.mojang.blaze3d.systems.RenderSystem::enableDepthTest@27 (line 258)
                      ; - net.irisshaders.iris.compat.dh.IrisGenericRenderProgram::fillIndirectUniformData@5 (line 284)
                      ; - com.seibel.distanthorizons.core.render.renderer.generic.GenericObjectRenderer::renderBoxGroupInstanced@37 (line 531)
                      ;   {runtime_call UncommonTrapBlob}
  0x0000000113aeb568: c690 e496 | e103 00aa | 4000 0014 | e103 00aa | 3e00 0014 | 3c00 0014 | 3b00 0014 | 3a00 0014 
  0x0000000113aeb588: 3900 0014 | 3800 0014 | 3700 0014 | 3600 0014 | 3500 0014 | e103 00aa | 3400 0014 | e103 00aa 
  0x0000000113aeb5a8: 3200 0014 | e103 00aa | 3000 0014 | e103 00aa | 2e00 0014 | e103 00aa | 2c00 0014 | e103 00aa 
  0x0000000113aeb5c8: 2a00 0014 | e103 00aa | 2800 0014 | e103 00aa | 2600 0014 | e103 00aa | 2400 0014 | e103 00aa 
  0x0000000113aeb5e8: 2200 0014 | e103 00aa | 2000 0014 | e103 00aa | 1e00 0014 | e103 00aa | 1c00 0014 | e103 00aa 
  0x0000000113aeb608: 1a00 0014 | e103 00aa | 1800 0014 | e103 00aa | 1600 0014 | e103 00aa | 1400 0014 | e103 00aa 
  0x0000000113aeb628: 1200 0014 | e103 00aa | 1000 0014 | e103 00aa | 0e00 0014 | e103 00aa | 0c00 0014 | e103 00aa 
  0x0000000113aeb648: 0a00 0014 | e103 00aa | 0800 0014 | e103 00aa | 0600 0014 | e103 00aa | 0400 0014 | e103 00aa 
  0x0000000113aeb668: 0200 0014 | e103 00aa | fd7b 45a9 | ff83 0191 

  0x0000000113aeb678: ;   {runtime_call _rethrow_Java}
  0x0000000113aeb678: 5274 e716 

  0x0000000113aeb67c: ;   {internal_word}
  0x0000000113aeb67c: 68ea ff10 | 88b3 01f9 

  0x0000000113aeb684: ;   {runtime_call SafepointBlob}
  0x0000000113aeb684: df8e e416 | 0000 0000 | 0000 0000 | 0000 0000 | 0000 0000 | 0000 0000 | 0000 0000 | 0000 0000 
  0x0000000113aeb6a4: 0000 0000 | 0000 0000 | 0000 0000 | 0000 0000 | 0000 0000 | 0000 0000 | 0000 0000 
[Stub Code]
  0x0000000113aeb6c0: ;   {no_reloc}
  0x0000000113aeb6c0: 4800 0058 | 0001 1fd6 | 10eb ba13 | 0100 0000 

  0x0000000113aeb6d0: ;   {static_stub}
  0x0000000113aeb6d0: df3f 03d5 

  0x0000000113aeb6d4: ;   {metadata(NULL)}
  0x0000000113aeb6d4: 0c00 80d2 | 0c00 a0f2 | 0c00 c0f2 | 0800 80d2 | 0800 a0f2 | 0800 c0f2 | 0001 1fd6 

  0x0000000113aeb6f0: ;   {trampoline_stub}
  0x0000000113aeb6f0: 4800 0058 | 0001 1fd6 | 008f 400f | 0100 0000 

  0x0000000113aeb700: ;   {static_stub}
  0x0000000113aeb700: df3f 03d5 

  0x0000000113aeb704: ;   {metadata(NULL)}
  0x0000000113aeb704: 0c00 80d2 | 0c00 a0f2 | 0c00 c0f2 | 0800 80d2 | 0800 a0f2 | 0800 c0f2 | 0001 1fd6 

  0x0000000113aeb720: ;   {trampoline_stub}
  0x0000000113aeb720: 4800 0058 | 0001 1fd6 | 0095 400f | 0100 0000 

  0x0000000113aeb730: ;   {static_stub}
  0x0000000113aeb730: df3f 03d5 

  0x0000000113aeb734: ;   {metadata(NULL)}
  0x0000000113aeb734: 0c00 80d2 | 0c00 a0f2 | 0c00 c0f2 | 0800 80d2 | 0800 a0f2 | 0800 c0f2 | 0001 1fd6 

  0x0000000113aeb750: ;   {trampoline_stub}
  0x0000000113aeb750: 4800 0058 | 0001 1fd6 | 0095 400f | 0100 0000 

  0x0000000113aeb760: ;   {static_stub}
  0x0000000113aeb760: df3f 03d5 

  0x0000000113aeb764: ;   {metadata(NULL)}
  0x0000000113aeb764: 0c00 80d2 | 0c00 a0f2 | 0c00 c0f2 | 0800 80d2 | 0800 a0f2 | 0800 c0f2 | 0001 1fd6 

  0x0000000113aeb780: ;   {trampoline_stub}
  0x0000000113aeb780: 4800 0058 | 0001 1fd6 | 0095 400f | 0100 0000 

  0x0000000113aeb790: ;   {static_stub}
  0x0000000113aeb790: df3f 03d5 

  0x0000000113aeb794: ;   {metadata(NULL)}
  0x0000000113aeb794: 0c00 80d2 | 0c00 a0f2 | 0c00 c0f2 | 0800 80d2 | 0800 a0f2 | 0800 c0f2 | 0001 1fd6 

  0x0000000113aeb7b0: ;   {trampoline_stub}
  0x0000000113aeb7b0: 4800 0058 | 0001 1fd6 | 0095 400f | 0100 0000 

  0x0000000113aeb7c0: ;   {static_stub}
  0x0000000113aeb7c0: df3f 03d5 

  0x0000000113aeb7c4: ;   {metadata(NULL)}
  0x0000000113aeb7c4: 0c00 80d2 | 0c00 a0f2 | 0c00 c0f2 | 0800 80d2 | 0800 a0f2 | 0800 c0f2 | 0001 1fd6 

  0x0000000113aeb7e0: ;   {trampoline_stub}
  0x0000000113aeb7e0: 4800 0058 | 0001 1fd6 | 0095 400f | 0100 0000 

  0x0000000113aeb7f0: ;   {static_stub}
  0x0000000113aeb7f0: df3f 03d5 

  0x0000000113aeb7f4: ;   {metadata(NULL)}
  0x0000000113aeb7f4: 0c00 80d2 | 0c00 a0f2 | 0c00 c0f2 | 0800 80d2 | 0800 a0f2 | 0800 c0f2 | 0001 1fd6 

  0x0000000113aeb810: ;   {trampoline_stub}
  0x0000000113aeb810: 4800 0058 | 0001 1fd6 | 0095 400f | 0100 0000 

  0x0000000113aeb820: ;   {static_stub}
  0x0000000113aeb820: df3f 03d5 

  0x0000000113aeb824: ;   {metadata(NULL)}
  0x0000000113aeb824: 0c00 80d2 | 0c00 a0f2 | 0c00 c0f2 | 0800 80d2 | 0800 a0f2 | 0800 c0f2 | 0001 1fd6 

  0x0000000113aeb840: ;   {trampoline_stub}
  0x0000000113aeb840: 4800 0058 | 0001 1fd6 | 0095 400f | 0100 0000 

  0x0000000113aeb850: ;   {static_stub}
  0x0000000113aeb850: df3f 03d5 

  0x0000000113aeb854: ;   {metadata(NULL)}
  0x0000000113aeb854: 0c00 80d2 | 0c00 a0f2 | 0c00 c0f2 | 0800 80d2 | 0800 a0f2 | 0800 c0f2 | 0001 1fd6 

  0x0000000113aeb870: ;   {trampoline_stub}
  0x0000000113aeb870: 4800 0058 | 0001 1fd6 | d079 c00f | 0100 0000 

  0x0000000113aeb880: ;   {static_stub}
  0x0000000113aeb880: df3f 03d5 

  0x0000000113aeb884: ;   {metadata(NULL)}
  0x0000000113aeb884: 0c00 80d2 | 0c00 a0f2 | 0c00 c0f2 | 0800 80d2 | 0800 a0f2 | 0800 c0f2 | 0001 1fd6 

  0x0000000113aeb8a0: ;   {trampoline_stub}
  0x0000000113aeb8a0: 4800 0058 | 0001 1fd6 | d032 8111 | 0100 0000 

  0x0000000113aeb8b0: ;   {static_stub}
  0x0000000113aeb8b0: df3f 03d5 

  0x0000000113aeb8b4: ;   {metadata(NULL)}
  0x0000000113aeb8b4: 0c00 80d2 | 0c00 a0f2 | 0c00 c0f2 | 0800 80d2 | 0800 a0f2 | 0800 c0f2 | 0001 1fd6 

  0x0000000113aeb8d0: ;   {trampoline_stub}
  0x0000000113aeb8d0: 4800 0058 | 0001 1fd6 | 50d5 8311 | 0100 0000 

  0x0000000113aeb8e0: ;   {static_stub}
  0x0000000113aeb8e0: df3f 03d5 

  0x0000000113aeb8e4: ;   {metadata(NULL)}
  0x0000000113aeb8e4: 0c00 80d2 | 0c00 a0f2 | 0c00 c0f2 | 0800 80d2 | 0800 a0f2 | 0800 c0f2 | 0001 1fd6 

  0x0000000113aeb900: ;   {trampoline_stub}
  0x0000000113aeb900: 4800 0058 | 0001 1fd6 | 50ab 2411 | 0100 0000 

  0x0000000113aeb910: ;   {static_stub}
  0x0000000113aeb910: df3f 03d5 

  0x0000000113aeb914: ;   {metadata(NULL)}
  0x0000000113aeb914: 0c00 80d2 | 0c00 a0f2 | 0c00 c0f2 | 0800 80d2 | 0800 a0f2 | 0800 c0f2 | 0001 1fd6 

  0x0000000113aeb930: ;   {trampoline_stub}
  0x0000000113aeb930: 4800 0058 | 0001 1fd6 | d079 c00f | 0100 0000 

  0x0000000113aeb940: ;   {static_stub}
  0x0000000113aeb940: df3f 03d5 

  0x0000000113aeb944: ;   {metadata(NULL)}
  0x0000000113aeb944: 0c00 80d2 | 0c00 a0f2 | 0c00 c0f2 | 0800 80d2 | 0800 a0f2 | 0800 c0f2 | 0001 1fd6 

  0x0000000113aeb960: ;   {trampoline_stub}
  0x0000000113aeb960: 4800 0058 | 0001 1fd6 | d032 8111 | 0100 0000 

  0x0000000113aeb970: ;   {static_stub}
  0x0000000113aeb970: df3f 03d5 

  0x0000000113aeb974: ;   {metadata(NULL)}
  0x0000000113aeb974: 0c00 80d2 | 0c00 a0f2 | 0c00 c0f2 | 0800 80d2 | 0800 a0f2 | 0800 c0f2 | 0001 1fd6 

  0x0000000113aeb990: ;   {trampoline_stub}
  0x0000000113aeb990: 4800 0058 | 0001 1fd6 | 50ab 2411 | 0100 0000 

  0x0000000113aeb9a0: ;   {static_stub}
  0x0000000113aeb9a0: df3f 03d5 

  0x0000000113aeb9a4: ;   {metadata(NULL)}
  0x0000000113aeb9a4: 0c00 80d2 | 0c00 a0f2 | 0c00 c0f2 | 0800 80d2 | 0800 a0f2 | 0800 c0f2 | 0001 1fd6 

  0x0000000113aeb9c0: ;   {trampoline_stub}
  0x0000000113aeb9c0: 4800 0058 | 0001 1fd6 | 50d5 8311 | 0100 0000 

  0x0000000113aeb9d0: ;   {static_stub}
  0x0000000113aeb9d0: df3f 03d5 

  0x0000000113aeb9d4: ;   {metadata(NULL)}
  0x0000000113aeb9d4: 0c00 80d2 | 0c00 a0f2 | 0c00 c0f2 | 0800 80d2 | 0800 a0f2 | 0800 c0f2 | 0001 1fd6 

  0x0000000113aeb9f0: ;   {trampoline_stub}
  0x0000000113aeb9f0: 4800 0058 | 0001 1fd6 | d079 c00f | 0100 0000 

  0x0000000113aeba00: ;   {static_stub}
  0x0000000113aeba00: df3f 03d5 

  0x0000000113aeba04: ;   {metadata(NULL)}
  0x0000000113aeba04: 0c00 80d2 | 0c00 a0f2 | 0c00 c0f2 | 0800 80d2 | 0800 a0f2 | 0800 c0f2 | 0001 1fd6 

  0x0000000113aeba20: ;   {trampoline_stub}
  0x0000000113aeba20: 4800 0058 | 0001 1fd6 | d032 8111 | 0100 0000 

  0x0000000113aeba30: ;   {static_stub}
  0x0000000113aeba30: df3f 03d5 

  0x0000000113aeba34: ;   {metadata(NULL)}
  0x0000000113aeba34: 0c00 80d2 | 0c00 a0f2 | 0c00 c0f2 | 0800 80d2 | 0800 a0f2 | 0800 c0f2 | 0001 1fd6 

  0x0000000113aeba50: ;   {trampoline_stub}
  0x0000000113aeba50: 4800 0058 | 0001 1fd6 | 50ab 2411 | 0100 0000 

  0x0000000113aeba60: ;   {static_stub}
  0x0000000113aeba60: df3f 03d5 

  0x0000000113aeba64: ;   {metadata(NULL)}
  0x0000000113aeba64: 0c00 80d2 | 0c00 a0f2 | 0c00 c0f2 | 0800 80d2 | 0800 a0f2 | 0800 c0f2 | 0001 1fd6 

  0x0000000113aeba80: ;   {trampoline_stub}
  0x0000000113aeba80: 4800 0058 | 0001 1fd6 | d0eb 5f10 | 0100 0000 

  0x0000000113aeba90: ;   {static_stub}
  0x0000000113aeba90: df3f 03d5 

  0x0000000113aeba94: ;   {metadata(NULL)}
  0x0000000113aeba94: 0c00 80d2 | 0c00 a0f2 | 0c00 c0f2 | 0800 80d2 | 0800 a0f2 | 0800 c0f2 | 0001 1fd6 

  0x0000000113aebab0: ;   {trampoline_stub}
  0x0000000113aebab0: 4800 0058 | 0001 1fd6 | d079 c00f | 0100 0000 

  0x0000000113aebac0: ;   {static_stub}
  0x0000000113aebac0: df3f 03d5 

  0x0000000113aebac4: ;   {metadata(NULL)}
  0x0000000113aebac4: 0c00 80d2 | 0c00 a0f2 | 0c00 c0f2 | 0800 80d2 | 0800 a0f2 | 0800 c0f2 | 0001 1fd6 

  0x0000000113aebae0: ;   {trampoline_stub}
  0x0000000113aebae0: 4800 0058 | 0001 1fd6 | d032 8111 | 0100 0000 

  0x0000000113aebaf0: ;   {static_stub}
  0x0000000113aebaf0: df3f 03d5 

  0x0000000113aebaf4: ;   {metadata(NULL)}
  0x0000000113aebaf4: 0c00 80d2 | 0c00 a0f2 | 0c00 c0f2 | 0800 80d2 | 0800 a0f2 | 0800 c0f2 | 0001 1fd6 

  0x0000000113aebb10: ;   {trampoline_stub}
  0x0000000113aebb10: 4800 0058 | 0001 1fd6 | 50ab 2411 | 0100 0000 

  0x0000000113aebb20: ;   {static_stub}
  0x0000000113aebb20: df3f 03d5 

  0x0000000113aebb24: ;   {metadata(NULL)}
  0x0000000113aebb24: 0c00 80d2 | 0c00 a0f2 | 0c00 c0f2 | 0800 80d2 | 0800 a0f2 | 0800 c0f2 | 0001 1fd6 

  0x0000000113aebb40: ;   {trampoline_stub}
  0x0000000113aebb40: 4800 0058 | 0001 1fd6 | 50d5 8311 | 0100 0000 

  0x0000000113aebb50: ;   {static_stub}
  0x0000000113aebb50: df3f 03d5 

  0x0000000113aebb54: ;   {metadata(NULL)}
  0x0000000113aebb54: 0c00 80d2 | 0c00 a0f2 | 0c00 c0f2 | 0800 80d2 | 0800 a0f2 | 0800 c0f2 | 0001 1fd6 

  0x0000000113aebb70: ;   {trampoline_stub}
  0x0000000113aebb70: 4800 0058 | 0001 1fd6 | d079 c00f | 0100 0000 

  0x0000000113aebb80: ;   {static_stub}
  0x0000000113aebb80: df3f 03d5 

  0x0000000113aebb84: ;   {metadata(NULL)}
  0x0000000113aebb84: 0c00 80d2 | 0c00 a0f2 | 0c00 c0f2 | 0800 80d2 | 0800 a0f2 | 0800 c0f2 | 0001 1fd6 

  0x0000000113aebba0: ;   {trampoline_stub}
  0x0000000113aebba0: 4800 0058 | 0001 1fd6 | d032 8111 | 0100 0000 

  0x0000000113aebbb0: ;   {static_stub}
  0x0000000113aebbb0: df3f 03d5 

  0x0000000113aebbb4: ;   {metadata(NULL)}
  0x0000000113aebbb4: 0c00 80d2 | 0c00 a0f2 | 0c00 c0f2 | 0800 80d2 | 0800 a0f2 | 0800 c0f2 | 0001 1fd6 

  0x0000000113aebbd0: ;   {trampoline_stub}
  0x0000000113aebbd0: 4800 0058 | 0001 1fd6 | 50ab 2411 | 0100 0000 

  0x0000000113aebbe0: ;   {static_stub}
  0x0000000113aebbe0: df3f 03d5 

  0x0000000113aebbe4: ;   {metadata(NULL)}
  0x0000000113aebbe4: 0c00 80d2 | 0c00 a0f2 | 0c00 c0f2 | 0800 80d2 | 0800 a0f2 | 0800 c0f2 | 0001 1fd6 

  0x0000000113aebc00: ;   {trampoline_stub}
  0x0000000113aebc00: 4800 0058 | 0001 1fd6 | d0eb 5f10 | 0100 0000 

  0x0000000113aebc10: ;   {static_stub}
  0x0000000113aebc10: df3f 03d5 

  0x0000000113aebc14: ;   {metadata(NULL)}
  0x0000000113aebc14: 0c00 80d2 | 0c00 a0f2 | 0c00 c0f2 | 0800 80d2 | 0800 a0f2 | 0800 c0f2 | 0001 1fd6 

  0x0000000113aebc30: ;   {trampoline_stub}
  0x0000000113aebc30: 4800 0058 | 0001 1fd6 | d0a7 2411 | 0100 0000 

  0x0000000113aebc40: ;   {static_stub}
  0x0000000113aebc40: df3f 03d5 

  0x0000000113aebc44: ;   {metadata(NULL)}
  0x0000000113aebc44: 0c00 80d2 | 0c00 a0f2 | 0c00 c0f2 | 0800 80d2 | 0800 a0f2 | 0800 c0f2 | 0001 1fd6 

  0x0000000113aebc60: ;   {trampoline_stub}
  0x0000000113aebc60: 4800 0058 | 0001 1fd6 | d0a7 2411 | 0100 0000 

  0x0000000113aebc70: ;   {static_stub}
  0x0000000113aebc70: df3f 03d5 

  0x0000000113aebc74: ;   {metadata(NULL)}
  0x0000000113aebc74: 0c00 80d2 | 0c00 a0f2 | 0c00 c0f2 | 0800 80d2 | 0800 a0f2 | 0800 c0f2 | 0001 1fd6 

  0x0000000113aebc90: ;   {trampoline_stub}
  0x0000000113aebc90: 4800 0058 | 0001 1fd6 | d0a7 2411 | 0100 0000 

  0x0000000113aebca0: ;   {static_stub}
  0x0000000113aebca0: df3f 03d5 

  0x0000000113aebca4: ;   {metadata(NULL)}
  0x0000000113aebca4: 0c00 80d2 | 0c00 a0f2 | 0c00 c0f2 | 0800 80d2 | 0800 a0f2 | 0800 c0f2 | 0001 1fd6 

  0x0000000113aebcc0: ;   {trampoline_stub}
  0x0000000113aebcc0: 4800 0058 | 0001 1fd6 | d0a7 2411 | 0100 0000 

  0x0000000113aebcd0: ;   {static_stub}
  0x0000000113aebcd0: df3f 03d5 

  0x0000000113aebcd4: ;   {metadata(NULL)}
  0x0000000113aebcd4: 0c00 80d2 | 0c00 a0f2 | 0c00 c0f2 | 0800 80d2 | 0800 a0f2 | 0800 c0f2 | 0001 1fd6 

  0x0000000113aebcf0: ;   {trampoline_stub}
  0x0000000113aebcf0: 4800 0058 | 0001 1fd6 | d0a7 2411 | 0100 0000 

  0x0000000113aebd00: ;   {static_stub}
  0x0000000113aebd00: df3f 03d5 

  0x0000000113aebd04: ;   {metadata(NULL)}
  0x0000000113aebd04: 0c00 80d2 | 0c00 a0f2 | 0c00 c0f2 | 0800 80d2 | 0800 a0f2 | 0800 c0f2 | 0001 1fd6 

  0x0000000113aebd20: ;   {trampoline_stub}
  0x0000000113aebd20: 4800 0058 | 0001 1fd6 | 0095 400f | 0100 0000 

  0x0000000113aebd30: ;   {static_stub}
  0x0000000113aebd30: df3f 03d5 

  0x0000000113aebd34: ;   {metadata(NULL)}
  0x0000000113aebd34: 0c00 80d2 | 0c00 a0f2 | 0c00 c0f2 | 0800 80d2 | 0800 a0f2 | 0800 c0f2 | 0001 1fd6 

  0x0000000113aebd50: ;   {trampoline_stub}
  0x0000000113aebd50: 4800 0058 | 0001 1fd6 | c089 bc13 | 0100 0000 

  0x0000000113aebd60: ;   {trampoline_stub}
  0x0000000113aebd60: 4800 0058 | 0001 1fd6 | 400b c612 | 0100 0000 

  0x0000000113aebd70: ;   {static_stub}
  0x0000000113aebd70: df3f 03d5 

  0x0000000113aebd74: ;   {metadata({method} {0x00000001237dfe48} 'glDrawElementsInstanced' '(IIIJI)V' in 'org/lwjgl/opengl/GL31')}
  0x0000000113aebd74: 0cc9 9fd2 | ac6f a4f2 | 2c00 c0f2 | 0869 9ed2 | 88ec a1f2 | 2800 c0f2 | 0001 1fd6 

  0x0000000113aebd90: ;   {trampoline_stub}
  0x0000000113aebd90: 4800 0058 | 0001 1fd6 | 80f8 400f | 0100 0000 

  0x0000000113aebda0: ;   {trampoline_stub}
  0x0000000113aebda0: 4800 0058 | 0001 1fd6 | 80f8 400f | 0100 0000 

  0x0000000113aebdb0: ;   {trampoline_stub}
  0x0000000113aebdb0: 4800 0058 | 0001 1fd6 | 80f8 400f | 0100 0000 

  0x0000000113aebdc0: ;   {trampoline_stub}
  0x0000000113aebdc0: 4800 0058 | 0001 1fd6 | 80f8 400f | 0100 0000 

  0x0000000113aebdd0: ;   {trampoline_stub}
  0x0000000113aebdd0: 4800 0058 | 0001 1fd6 | 80f8 400f | 0100 0000 

  0x0000000113aebde0: ;   {trampoline_stub}
  0x0000000113aebde0: 4800 0058 | 0001 1fd6 | 80f8 400f | 0100 0000 

  0x0000000113aebdf0: ;   {trampoline_stub}
  0x0000000113aebdf0: 4800 0058 | 0001 1fd6 | 80f8 400f | 0100 0000 

  0x0000000113aebe00: ;   {trampoline_stub}
  0x0000000113aebe00: 4800 0058 | 0001 1fd6 | 80f8 400f | 0100 0000 

  0x0000000113aebe10: ;   {trampoline_stub}
  0x0000000113aebe10: 4800 0058 | 0001 1fd6 | 80f8 400f | 0100 0000 

  0x0000000113aebe20: ;   {trampoline_stub}
  0x0000000113aebe20: 4800 0058 | 0001 1fd6 | 80f8 400f | 0100 0000 

  0x0000000113aebe30: ;   {trampoline_stub}
  0x0000000113aebe30: 4800 0058 | 0001 1fd6 | 80f8 400f | 0100 0000 

  0x0000000113aebe40: ;   {trampoline_stub}
  0x0000000113aebe40: 4800 0058 | 0001 1fd6 | 80f8 400f | 0100 0000 

  0x0000000113aebe50: ;   {trampoline_stub}
  0x0000000113aebe50: 4800 0058 | 0001 1fd6 | 80f8 400f | 0100 0000 

  0x0000000113aebe60: ;   {trampoline_stub}
  0x0000000113aebe60: 4800 0058 | 0001 1fd6 | 80f8 400f | 0100 0000 

  0x0000000113aebe70: ;   {trampoline_stub}
  0x0000000113aebe70: 4800 0058 | 0001 1fd6 | 80f8 400f | 0100 0000 

  0x0000000113aebe80: ;   {trampoline_stub}
  0x0000000113aebe80: 4800 0058 | 0001 1fd6 | 80f8 400f | 0100 0000 

  0x0000000113aebe90: ;   {trampoline_stub}
  0x0000000113aebe90: 4800 0058 | 0001 1fd6 | 80f8 400f | 0100 0000 

  0x0000000113aebea0: ;   {trampoline_stub}
  0x0000000113aebea0: 4800 0058 | 0001 1fd6 | 80f8 400f | 0100 0000 

  0x0000000113aebeb0: ;   {trampoline_stub}
  0x0000000113aebeb0: 4800 0058 | 0001 1fd6 | 80f8 400f | 0100 0000 

  0x0000000113aebec0: ;   {trampoline_stub}
  0x0000000113aebec0: 4800 0058 | 0001 1fd6 | 80f8 400f | 0100 0000 

  0x0000000113aebed0: ;   {trampoline_stub}
  0x0000000113aebed0: 4800 0058 | 0001 1fd6 | 80f8 400f | 0100 0000 

  0x0000000113aebee0: ;   {trampoline_stub}
  0x0000000113aebee0: 4800 0058 | 0001 1fd6 | 80f8 400f | 0100 0000 

  0x0000000113aebef0: ;   {trampoline_stub}
  0x0000000113aebef0: 4800 0058 | 0001 1fd6 | 80f8 400f | 0100 0000 

  0x0000000113aebf00: ;   {trampoline_stub}
  0x0000000113aebf00: 4800 0058 | 0001 1fd6 | 80f8 400f | 0100 0000 

  0x0000000113aebf10: ;   {trampoline_stub}
  0x0000000113aebf10: 4800 0058 | 0001 1fd6 | 80f8 400f | 0100 0000 

  0x0000000113aebf20: ;   {trampoline_stub}
  0x0000000113aebf20: 4800 0058 | 0001 1fd6 | 80f8 400f | 0100 0000 

  0x0000000113aebf30: ;   {trampoline_stub}
  0x0000000113aebf30: 4800 0058 | 0001 1fd6 | 80f8 400f | 0100 0000 

  0x0000000113aebf40: ;   {trampoline_stub}
  0x0000000113aebf40: 4800 0058 | 0001 1fd6 | 80f8 400f | 0100 0000 
[Exception Handler]
  0x0000000113aebf50: ;   {runtime_call ExceptionBlob}
  0x0000000113aebf50: ec30 e716 
[Deopt Handler Code]
  0x0000000113aebf54: 1e00 0010 

  0x0000000113aebf58: ;   {runtime_call DeoptimizationBlob}
  0x0000000113aebf58: 7a8d e416 | 0000 0000 
[/MachCode]


---------------  P R O C E S S  ---------------

Threads class SMR info:
_java_thread_list=0x00006000049a26c0, length=125, elements={
0x000000014a008800, 0x000000014c01f600, 0x000000014c021e00, 0x000000014a00a000,
0x000000014a091a00, 0x000000014a092000, 0x000000014a83f400, 0x000000014a83fa00,
0x000000014a83d400, 0x000000014a83e400, 0x000000014c022400, 0x000000014c808c00,
0x000000014c845600, 0x0000000127191e00, 0x000000014a9ebc00, 0x0000000126cd0600,
0x000000014c1f5600, 0x000000014f226c00, 0x0000000126f7de00, 0x0000000126ff3400,
0x000000014f200200, 0x000000014f21a200, 0x000000012765ce00, 0x00000001490f7800,
0x000000014946de00, 0x00000001395ec800, 0x00000001395ece00, 0x0000000126f73000,
0x000000014f669c00, 0x000000014f0afe00, 0x00000001395da200, 0x000000014f0b0a00,
0x000000014f0b1c00, 0x00000001491a3a00, 0x000000014f0c3800, 0x0000000139634000,
0x000000014f0ba200, 0x0000000127661800, 0x0000000139607c00, 0x0000000127493a00,
0x000000014cfb4200, 0x00000001492b1e00, 0x000000013fbe1000, 0x000000014f026400,
0x000000014f0c3200, 0x000000013f88e400, 0x000000014f76f600, 0x0000000139600000,
0x00000001490f5600, 0x000000013ff37800, 0x000000014f668800, 0x000000013939d200,
0x000000013fbe5600, 0x000000014ab20200, 0x00000001390c8a00, 0x000000014d020600,
0x000000014d01ba00, 0x0000000126f80a00, 0x000000014965d200, 0x000000014d039e00,
0x000000014928b800, 0x0000000381cb0e00, 0x0000000139391a00, 0x00000003ddebb400,
0x00000003de231a00, 0x00000003ddecd200, 0x00000003cb5cfc00, 0x000000013f8cae00,
0x00000003c8f49400, 0x000000014ab39c00, 0x00000003de9bb400, 0x0000000127cf9000,
0x00000003e8fe4000, 0x0000000126150800, 0x000000014b915200, 0x00000003f88f7600,
0x000000014e103a00, 0x000000014eb39200, 0x00000003e8ad3400, 0x000000038d7f6000,
0x00000001394fd200, 0x000000013967aa00, 0x000000052a7b1400, 0x000000038d1b8200,
0x00000003cb630600, 0x000000046791dc00, 0x000000038d6a7000, 0x000000052a7fe600,
0x00000003cb6dfc00, 0x000000052a377000, 0x000000014c9bea00, 0x000000014def9600,
0x00000003de234e00, 0x00000003c8e51800, 0x000000014f6a3600, 0x00000001273d6000,
0x00000001393c5800, 0x00000003deae5e00, 0x0000000139287600, 0x00000003dec69200,
0x00000003cdfc3200, 0x00000003cb623c00, 0x00000003ce7af000, 0x00000003e8821a00,
0x0000000467a66600, 0x00000003961e9c00, 0x00000003e8db1600, 0x000000012668f800,
0x00000003e627e600, 0x00000003deeadc00, 0x00000003e6200600, 0x000000037c417800,
0x00000001390b0000, 0x0000000478176200, 0x000000014d85d800, 0x0000000478111e00,
0x00000003e8936a00, 0x000000052a77fc00, 0x000000014bf30e00, 0x00000003ddec2200,
0x000000014bc06e00, 0x0000000478155200, 0x00000003cde88e00, 0x00000003cad70600,
0x000000014d3e7e00
}

Java Threads: ( => current thread )
=>0x000000014a008800 JavaThread "Render thread" [_thread_in_native, id=259, stack(0x000000016eb44000,0x000000016f340000)]
  0x000000014c01f600 JavaThread "Reference Handler" daemon [_thread_blocked, id=23299, stack(0x0000000170018000,0x000000017021b000)]
  0x000000014c021e00 JavaThread "Finalizer" daemon [_thread_blocked, id=31747, stack(0x0000000170224000,0x0000000170427000)]
  0x000000014a00a000 JavaThread "Signal Dispatcher" daemon [_thread_blocked, id=29955, stack(0x0000000170548000,0x000000017074b000)]
  0x000000014a091a00 JavaThread "Service Thread" daemon [_thread_blocked, id=25091, stack(0x0000000170754000,0x0000000170957000)]
  0x000000014a092000 JavaThread "Monitor Deflation Thread" daemon [_thread_blocked, id=25347, stack(0x0000000170960000,0x0000000170b63000)]
  0x000000014a83f400 JavaThread "C2 CompilerThread0" daemon [_thread_in_native, id=25859, stack(0x0000000170b6c000,0x0000000170d6f000)]
  0x000000014a83fa00 JavaThread "C1 CompilerThread0" daemon [_thread_blocked, id=26115, stack(0x0000000170d78000,0x0000000170f7b000)]
  0x000000014a83d400 JavaThread "Sweeper thread" daemon [_thread_blocked, id=28931, stack(0x0000000170f84000,0x0000000171187000)]
  0x000000014a83e400 JavaThread "Common-Cleaner" daemon [_thread_blocked, id=28675, stack(0x0000000171190000,0x0000000171393000)]
  0x000000014c022400 JavaThread "Notification Thread" daemon [_thread_blocked, id=26883, stack(0x000000017139c000,0x000000017159f000)]
  0x000000014c808c00 JavaThread "Theseus RPC Main" daemon [_thread_blocked, id=27651, stack(0x00000001717b4000,0x00000001719b7000)]
  0x000000014c845600 JavaThread "Theseus RPC Read" daemon [_thread_in_native, id=32771, stack(0x00000001719c0000,0x0000000171bc3000)]
  0x0000000127191e00 JavaThread "JNA Cleaner" daemon [_thread_blocked, id=63499, stack(0x0000000173874000,0x0000000173a77000)]
  0x000000014a9ebc00 JavaThread "Attach Listener" daemon [_thread_blocked, id=38927, stack(0x0000000173a80000,0x0000000173c83000)]
  0x0000000126cd0600 JavaThread "Cleaner-0" daemon [_thread_blocked, id=44043, stack(0x0000000173c8c000,0x0000000173e8f000)]
  0x000000014c1f5600 JavaThread "EarlyLoadingScreen Scheduler" daemon [_thread_blocked, id=82979, stack(0x00000001740c8000,0x00000001742cb000)]
  0x000000014f226c00 JavaThread "Timer hack thread" daemon [_thread_blocked, id=119491, stack(0x0000000176fd4000,0x00000001771d7000)]
  0x0000000126f7de00 JavaThread "DH-Log Ticker Thread[0]" daemon [_thread_blocked, id=94759, stack(0x0000000177de4000,0x0000000177fe7000)]
  0x0000000126ff3400 JavaThread "Yggdrasil Key Fetcher" daemon [_thread_blocked, id=118531, stack(0x0000000321ad0000,0x0000000321cd3000)]
  0x000000014f200200 JavaThread "HttpClient-1-SelectorManager" daemon [_thread_in_native, id=118051, stack(0x0000000326004000,0x0000000326207000)]
  0x000000014f21a200 JavaThread "HttpClient-3-SelectorManager" daemon [_thread_in_native, id=116227, stack(0x0000000326834000,0x0000000326a37000)]
  0x000000012765ce00 JavaThread "config-file-watcher-0-0" daemon [_thread_blocked, id=104963, stack(0x0000000326e58000,0x000000032705b000)]
  0x00000001490f7800 JavaThread "FileSystemWatcher" daemon [_thread_blocked, id=105219, stack(0x0000000327064000,0x0000000327267000)]
  0x000000014946de00 JavaThread "FileWatcher-1-thread-1" daemon [_thread_blocked, id=104467, stack(0x0000000326a40000,0x0000000326c43000)]
  0x00000001395ec800 JavaThread "FileSystemWatcher" daemon [_thread_blocked, id=106251, stack(0x0000000327aa0000,0x0000000327ca3000)]
  0x00000001395ece00 JavaThread "PointBlank-ConfigWatcher" daemon [_thread_blocked, id=106523, stack(0x0000000327cac000,0x0000000327eaf000)]
  0x0000000126f73000 JavaThread "FileSystemWatcher" daemon [_thread_blocked, id=113155, stack(0x0000000327eb8000,0x00000003280bb000)]
  0x000000014f669c00 JavaThread "PointBlank-ConfigWatcher" daemon [_thread_blocked, id=112899, stack(0x00000003280c4000,0x00000003282c7000)]
  0x000000014f0afe00 JavaThread "HttpClient-4-SelectorManager" daemon [_thread_in_native, id=107267, stack(0x00000003282d0000,0x00000003284d3000)]
  0x00000001395da200 JavaThread "HttpClient-5-SelectorManager" daemon [_thread_in_native, id=112131, stack(0x00000003284dc000,0x00000003286df000)]
  0x000000014f0b0a00 JavaThread "MineSkinClient/scheduler" daemon [_thread_blocked, id=111619, stack(0x00000003286e8000,0x00000003288eb000)]
  0x000000014f0b1c00 JavaThread "ConfigSaver" daemon [_thread_blocked, id=111363, stack(0x00000003288f4000,0x0000000328af7000)]
  0x00000001491a3a00 JavaThread "ConfigSaver" daemon [_thread_blocked, id=110355, stack(0x0000000328d0c000,0x0000000328f0f000)]
  0x000000014f0c3800 JavaThread "WorldEdit Session Manager" [_thread_blocked, id=108291, stack(0x000000032d004000,0x000000032d207000)]
  0x0000000139634000 JavaThread "DH-ApplyConfigPresetTimer" daemon [_thread_blocked, id=109827, stack(0x000000032d210000,0x000000032d413000)]
  0x000000014f0ba200 JavaThread "HttpClient-6-SelectorManager" daemon [_thread_in_native, id=108803, stack(0x000000032d41c000,0x000000032d61f000)]
  0x0000000127661800 JavaThread "HttpClient-7-SelectorManager" daemon [_thread_in_native, id=131587, stack(0x000000032dc4c000,0x000000032de4f000)]
  0x0000000139607c00 JavaThread "Worker-Main-1" daemon [_thread_blocked, id=131843, stack(0x000000032de58000,0x000000032e05b000)]
  0x0000000127493a00 JavaThread "pointblank:state_ticker_thread" daemon [_thread_blocked, id=132355, stack(0x000000032e064000,0x000000032e267000)]
  0x000000014cfb4200 JavaThread "FileSystemWatcher" daemon [_thread_blocked, id=172547, stack(0x000000032e688000,0x000000032e88b000)]
  0x00000001492b1e00 JavaThread "replaymod-config-watcher" daemon [_thread_blocked, id=133123, stack(0x000000032e894000,0x000000032ea97000)]
  0x000000013fbe1000 JavaThread "Worker-Main-2" daemon [_thread_blocked, id=172051, stack(0x000000032eaa0000,0x000000032eca3000)]
  0x000000014f026400 JavaThread "spark-monitoring-thread" daemon [_thread_blocked, id=133891, stack(0x000000032f4dc000,0x000000032f6df000)]
  0x000000014f0c3200 JavaThread "spark-worker-pool-1-thread-1" daemon [_thread_blocked, id=134147, stack(0x000000032f6e8000,0x000000032f8eb000)]
  0x000000013f88e400 JavaThread "Cleaner-1" daemon [_thread_blocked, id=169475, stack(0x000000032fb00000,0x000000032fd03000)]
  0x000000014f76f600 JavaThread "Cleaner-2" daemon [_thread_blocked, id=168963, stack(0x000000032fd0c000,0x000000032ff0f000)]
  0x0000000139600000 JavaThread "Cleaner-3" daemon [_thread_blocked, id=135171, stack(0x000000032ff18000,0x000000033011b000)]
  0x00000001490f5600 JavaThread "Cleaner-4" daemon [_thread_blocked, id=168451, stack(0x0000000330124000,0x0000000330327000)]
  0x000000013ff37800 JavaThread "Thread-18" [_thread_blocked, id=134675, stack(0x000000032f8f4000,0x000000032faf7000)]
  0x000000014f668800 JavaThread "Cleaner-5" daemon [_thread_blocked, id=135683, stack(0x0000000330330000,0x0000000330533000)]
  0x000000013939d200 JavaThread "DH-RenderCacheClearConfigTimer" daemon [_thread_blocked, id=166663, stack(0x0000000343f4c000,0x000000034414f000)]
  0x000000013fbe5600 JavaThread "FancyMenu-JsonPlaceholder-Cleanup" daemon [_thread_blocked, id=252195, stack(0x0000000343d40000,0x0000000343f43000)]
  0x000000014ab20200 JavaThread "pool-14-thread-1" [_thread_blocked, id=185611, stack(0x0000000344158000,0x000000034435b000)]
  0x00000001390c8a00 JavaThread "pool-15-thread-1" [_thread_blocked, id=186115, stack(0x0000000344364000,0x0000000344567000)]
  0x000000014d020600 JavaThread "Worker-Main-5" daemon [_thread_blocked, id=171271, stack(0x000000032eeb8000,0x000000032f0bb000)]
  0x000000014d01ba00 JavaThread "Worker-Main-6" daemon [_thread_blocked, id=173583, stack(0x0000000344570000,0x0000000344773000)]
  0x0000000126f80a00 JavaThread "Thread-31" [_thread_blocked, id=248871, stack(0x0000000345270000,0x0000000345473000)]
  0x000000014965d200 JavaThread "Thread-32" [_thread_blocked, id=188419, stack(0x0000000345804000,0x0000000345a07000)]
  0x000000014d039e00 JavaThread "IO-Worker-10" [_thread_blocked, id=247819, stack(0x0000000367698000,0x000000036789b000)]
  0x000000014928b800 JavaThread "Java2D Disposer" daemon [_thread_blocked, id=24843, stack(0x0000000368ca8000,0x0000000368eab000)]
  0x0000000381cb0e00 JavaThread "lava-daemon-pool-manager-6-thread-1" daemon [_thread_blocked, id=131083, stack(0x000000032d834000,0x000000032da37000)]
  0x0000000139391a00 JavaThread "Cleaner-6" daemon [_thread_blocked, id=209283, stack(0x0000000347fd4000,0x00000003481d7000)]
  0x00000003ddebb400 JavaThread "pool-19-thread-1" [_thread_blocked, id=227099, stack(0x0000000348238000,0x000000034843b000)]
  0x00000003de231a00 JavaThread "Netty Client IO #0" daemon [_thread_in_native, id=226755, stack(0x00000003dd480000,0x00000003dd683000)]
  0x00000003ddecd200 JavaThread "Netty Client IO #1" daemon [_thread_in_native, id=226067, stack(0x0000000383ffc000,0x00000003841ff000)]
  0x00000003cb5cfc00 JavaThread "Netty Client IO #2" daemon [_thread_in_native, id=225547, stack(0x0000000381310000,0x0000000381513000)]
  0x000000013f8cae00 JavaThread "Flywheel Task Executor #0" [_thread_blocked, id=212227, stack(0x00000003f7894000,0x00000003f7a97000)]
  0x00000003c8f49400 JavaThread "Flywheel Task Executor #1" [_thread_blocked, id=212483, stack(0x00000003f7aa0000,0x00000003f7ca3000)]
  0x000000014ab39c00 JavaThread "Flywheel Task Executor #2" [_thread_blocked, id=212739, stack(0x00000003f7cac000,0x00000003f7eaf000)]
  0x00000003de9bb400 JavaThread "Flywheel Task Executor #3" [_thread_blocked, id=224259, stack(0x00000003f7eb8000,0x00000003f80bb000)]
  0x0000000127cf9000 JavaThread "DH-delayed save cache cleaner Thread[0]" daemon [_thread_blocked, id=213767, stack(0x00000003f82d0000,0x00000003f84d3000)]
  0x00000003e8fe4000 JavaThread "DH-Phantom Array Recycler Thread[0]" daemon [_thread_blocked, id=214275, stack(0x00000003f84dc000,0x00000003f86df000)]
  0x0000000126150800 JavaThread "REI-ReloadPlugins" daemon [_thread_blocked, id=217091, stack(0x00000003faa68000,0x00000003fac6b000)]
  0x000000014b915200 JavaThread "DH-GLBuffer Cleanup Thread[0]" daemon [_thread_blocked, id=220419, stack(0x00000003fd484000,0x00000003fd687000)]
  0x00000003f88f7600 JavaThread "Telemetry-Sender-#1" [_thread_blocked, id=262659, stack(0x0000000434054000,0x0000000434257000)]
  0x000000014e103a00 JavaThread "lava-daemon-pool-info-loader-5-thread-1" daemon [_thread_blocked, id=117267, stack(0x000000032641c000,0x000000032661f000)]
  0x000000014eb39200 JavaThread "lava-daemon-pool-playback-4-thread-1" daemon [_thread_blocked, id=264451, stack(0x0000000524ca4000,0x0000000524ea7000)]
  0x00000003e8ad3400 JavaThread "otyacraftengine-player-info-loader" daemon [_thread_blocked, id=266755, stack(0x0000000443518000,0x000000044371b000)]
  0x000000038d7f6000 JavaThread "IMP-Music-Loader-3" daemon [_thread_blocked, id=114695, stack(0x00000003d0c5c000,0x00000003d0e5f000)]
  0x00000001394fd200 JavaThread "ForkJoinPool.commonPool-worker-11" daemon [_thread_blocked, id=218147, stack(0x0000000439c30000,0x0000000439e33000)]
  0x000000013967aa00 JavaThread "ForkJoinPool.commonPool-worker-12" daemon [_thread_blocked, id=342755, stack(0x000000043bb4c000,0x000000043bd4f000)]
  0x000000052a7b1400 JavaThread "DH-Cleanup Thread[0]" [_thread_blocked, id=222227, stack(0x00000003f941c000,0x00000003f961f000)]
  0x000000038d1b8200 JavaThread "IMP-Music-Loader-4" daemon [_thread_blocked, id=263951, stack(0x00000003cbc08000,0x00000003cbe0b000)]
  0x00000003cb630600 JavaThread "Netty Client IO #3" daemon [_thread_in_native, id=211027, stack(0x00000003658c0000,0x0000000365ac3000)]
  0x000000046791dc00 JavaThread "Netty Client IO #4" daemon [_thread_in_native, id=211603, stack(0x00000003654c0000,0x00000003656c3000)]
  0x000000038d6a7000 JavaThread "Sound engine" daemon [_thread_blocked, id=217875, stack(0x0000000362b00000,0x0000000362d03000)]
  0x000000052a7fe600 JavaThread "Chunk Render Task Executor #0" [_thread_blocked, id=211435, stack(0x00000003652b4000,0x00000003654b7000)]
  0x00000003cb6dfc00 JavaThread "Chunk Render Task Executor #1" [_thread_blocked, id=217771, stack(0x0000000382ff4000,0x00000003831f7000)]
  0x000000052a377000 JavaThread "Chunk Render Task Executor #2" [_thread_blocked, id=116787, stack(0x0000000383200000,0x0000000383403000)]
  0x000000014c9bea00 JavaThread "Chunk Render Task Executor #3" [_thread_blocked, id=115507, stack(0x00000003cbffc000,0x00000003cc1ff000)]
  0x000000014def9600 JavaThread "DH-ClientTickTimer" daemon [_thread_blocked, id=344591, stack(0x00000003cc9d4000,0x00000003ccbd7000)]
  0x00000003de234e00 JavaThread "DH-Update Propagate Queue [f9p48rt6rre72@minecraft:overworld] Thread[0]" [_thread_blocked, id=216075, stack(0x00000003ccbe4000,0x00000003ccde7000)]
  0x00000003c8e51800 JavaThread "DH-Full Data Migration Thread[0]" [_thread_blocked, id=216339, stack(0x00000003cf508000,0x00000003cf70b000)]
  0x000000014f6a3600 JavaThread "DH-Request Module Ticker [f9p48rt6rre72@minecraft:overworld] Thread[0]" daemon [_thread_blocked, id=216595, stack(0x00000003cf714000,0x00000003cf917000)]
  0x00000001273d6000 JavaThread "DH-Render Loader Thread[0]" [_thread_in_Java, id=215311, stack(0x00000003cf920000,0x00000003cfb23000)]
  0x00000001393c5800 JavaThread "DH-Render Loader Thread[1]" [_thread_in_Java, id=221703, stack(0x00000003d0584000,0x00000003d0787000)]
  0x00000003deae5e00 JavaThread "DH-Render Loader Thread[2]" [_thread_in_Java, id=215815, stack(0x00000003e3fc4000,0x00000003e41c7000)]
  0x0000000139287600 JavaThread "DH-Render Loader Thread[3]" [_thread_in_Java, id=264975, stack(0x00000003e41d0000,0x00000003e43d3000)]
  0x00000003dec69200 JavaThread "DH-Render Loader Thread[4]" [_thread_in_Java, id=265735, stack(0x00000003e43dc000,0x00000003e45df000)]
  0x00000003cdfc3200 JavaThread "DH-Render Loader Thread[5]" [_thread_in_Java, id=346131, stack(0x00000003e47c8000,0x00000003e49cb000)]
  0x00000003cb623c00 JavaThread "DH-Beacon Culling Thread[0]" [_thread_blocked, id=262931, stack(0x00000003e49d4000,0x00000003e4bd7000)]
  0x00000003ce7af000 JavaThread "ForkJoinPool.commonPool-worker-13" daemon [_thread_blocked, id=346639, stack(0x00000003e4be0000,0x00000003e4de3000)]
  0x00000003e8821a00 JavaThread "ForkJoinPool.commonPool-worker-14" daemon [_thread_blocked, id=263183, stack(0x00000003e6804000,0x00000003e6a07000)]
  0x0000000467a66600 JavaThread "ForkJoinPool.commonPool-worker-15" daemon [_thread_blocked, id=346899, stack(0x00000003e6a10000,0x00000003e6c13000)]
  0x00000003961e9c00 JavaThread "ForkJoinPool.commonPool-worker-16" daemon [_thread_blocked, id=73043, stack(0x00000003e6c1c000,0x00000003e6e1f000)]
  0x00000003e8db1600 JavaThread "ForkJoinPool.commonPool-worker-17" daemon [_thread_blocked, id=347667, stack(0x00000003ec604000,0x00000003ec807000)]
  0x000000012668f800 JavaThread "ForkJoinPool.commonPool-worker-18" daemon [_thread_blocked, id=130851, stack(0x00000003ec810000,0x00000003eca13000)]
  0x00000003e627e600 JavaThread "ForkJoinPool.commonPool-worker-19" daemon [_thread_blocked, id=127259, stack(0x00000003eca1c000,0x00000003ecc1f000)]
  0x00000003deeadc00 JavaThread "REI-Cache-2" daemon [_thread_blocked, id=120971, stack(0x00000003ecc28000,0x00000003ece2b000)]
  0x00000003e6200600 JavaThread "REI-Cache-3" daemon [_thread_blocked, id=208443, stack(0x00000003ee344000,0x00000003ee547000)]
  0x000000037c417800 JavaThread "DH-IO Thread[0]" [_thread_blocked, id=189515, stack(0x00000003ee550000,0x00000003ee753000)]
  0x00000001390b0000 JavaThread "DH-LOD Builder Thread[0]" [_thread_blocked, id=254771, stack(0x00000003eed54000,0x00000003eef57000)]
  0x0000000478176200 JavaThread "DH-IO Thread[1]" [_thread_blocked, id=348671, stack(0x00000003f0e4c000,0x00000003f104f000)]
  0x000000014d85d800 JavaThread "DH-IO Thread[2]" [_thread_blocked, id=343355, stack(0x00000003f1058000,0x00000003f125b000)]
  0x0000000478111e00 JavaThread "DH-IO Thread[3]" [_thread_blocked, id=345639, stack(0x00000003f1574000,0x00000003f1777000)]
  0x00000003e8936a00 JavaThread "DH-LOD Builder Thread[1]" [_thread_blocked, id=345355, stack(0x00000003f1780000,0x00000003f1983000)]
  0x000000052a77fc00 JavaThread "DH-LOD Builder Thread[2]" [_thread_blocked, id=222987, stack(0x00000003f198c000,0x00000003f1b8f000)]
  0x000000014bf30e00 JavaThread "DH-LOD Builder Thread[3]" [_thread_blocked, id=223759, stack(0x00000003f251c000,0x00000003f271f000)]
  0x00000003ddec2200 JavaThread "DH-IO Thread[4]" [_thread_blocked, id=56127, stack(0x00000003f2728000,0x00000003f292b000)]
  0x000000014bc06e00 JavaThread "DH-IO Thread[5]" [_thread_blocked, id=249931, stack(0x00000003f2934000,0x00000003f2b37000)]
  0x0000000478155200 JavaThread "DH-LOD Builder Thread[4]" [_thread_blocked, id=171715, stack(0x00000003f3080000,0x00000003f3283000)]
  0x00000003cde88e00 JavaThread "DH-LOD Builder Thread[5]" [_thread_blocked, id=55123, stack(0x00000003f3b34000,0x00000003f3d37000)]
  0x00000003cad70600 JavaThread "VoiceChatAuthenticationThread" daemon [_thread_blocked, id=266191, stack(0x00000003f3f98000,0x00000003f419b000)]
  0x000000014d3e7e00 JavaThread "VoiceChatConnectionThread" daemon [_thread_in_native, id=187435, stack(0x00000003f41a4000,0x00000003f43a7000)]

Other Threads:
  0x0000000149f07b80 VMThread "VM Thread" [stack: 0x000000016fe0c000,0x000000017000f000] [id=17923]
  0x000000014b50c3b0 WatcherThread [stack: 0x00000001715a8000,0x00000001717ab000] [id=28163]
  0x0000000149f06e60 GCTaskThread "GC Thread#0" [stack: 0x000000016f3d0000,0x000000016f5d3000] [id=12291]
  0x0000000149f13520 GCTaskThread "GC Thread#1" [stack: 0x0000000171bcc000,0x0000000171dcf000] [id=33283]
  0x0000000149f139b0 GCTaskThread "GC Thread#2" [stack: 0x0000000171dd8000,0x0000000171fdb000] [id=43267]
  0x0000000149f13e40 GCTaskThread "GC Thread#3" [stack: 0x0000000171fe4000,0x00000001721e7000] [id=33795]
  0x0000000149f146c0 GCTaskThread "GC Thread#4" [stack: 0x00000001721f0000,0x00000001723f3000] [id=34307]
  0x0000000149f14f40 GCTaskThread "GC Thread#5" [stack: 0x00000001723fc000,0x00000001725ff000] [id=42755]
  0x000000014b52f9c0 GCTaskThread "GC Thread#6" [stack: 0x00000001748d4000,0x0000000174ad7000] [id=44291]
  0x000000014b52fe50 GCTaskThread "GC Thread#7" [stack: 0x0000000174ae0000,0x0000000174ce3000] [id=44803]
  0x000000014b534dc0 GCTaskThread "GC Thread#8" [stack: 0x0000000173668000,0x000000017386b000] [id=38163]
  0x0000000149e04c60 ConcurrentGCThread "G1 Main Marker" [stack: 0x000000016f5dc000,0x000000016f7df000] [id=14339]
  0x0000000149e054f0 ConcurrentGCThread "G1 Conc#0" [stack: 0x000000016f7e8000,0x000000016f9eb000] [id=12803]
  0x000000014b3203e0 ConcurrentGCThread "G1 Conc#1" [stack: 0x000000017345c000,0x000000017365f000] [id=64283]
  0x000000014b5059f0 ConcurrentGCThread "G1 Refine#0" [stack: 0x000000016f9f4000,0x000000016fbf7000] [id=13315]
  0x000000014b222890 ConcurrentGCThread "G1 Refine#1" [stack: 0x0000000172608000,0x000000017280b000] [id=42499]
  0x000000014b6057e0 ConcurrentGCThread "G1 Refine#2" [stack: 0x0000000172814000,0x0000000172a17000] [id=35587]
  0x000000014b605ad0 ConcurrentGCThread "G1 Refine#3" [stack: 0x0000000172a20000,0x0000000172c23000] [id=41731]
  0x000000014b605ef0 ConcurrentGCThread "G1 Refine#4" [stack: 0x0000000172c2c000,0x0000000172e2f000] [id=36355]
  0x000000014b30f830 ConcurrentGCThread "G1 Refine#5" [stack: 0x0000000172e38000,0x000000017303b000] [id=40963]
  0x000000014b404dd0 ConcurrentGCThread "G1 Refine#6" [stack: 0x0000000173044000,0x0000000173247000] [id=40195]
  0x0000000149e07d70 ConcurrentGCThread "G1 Refine#7" [stack: 0x0000000173250000,0x0000000173453000] [id=36867]
  0x000000014b013d30 ConcurrentGCThread "G1 Refine#8" [stack: 0x0000000174520000,0x0000000174723000] [id=74303]
  0x000000014b5062a0 ConcurrentGCThread "G1 Service" [stack: 0x000000016fc00000,0x000000016fe03000] [id=21507]

Threads with active compile tasks:
C2 CompilerThread0  1309762 1229378       4       java.util.stream.ReferencePipeline::allMatch (18 bytes)

VM state: not at safepoint (normal execution)

VM Mutex/Monitor currently owned by a thread: None

Heap address: 0x0000000700000000, size: 4096 MB, Compressed Oops mode: Zero based, Oop shift amount: 3

CDS archive(s) mapped at: [0x000000f800000000-0x000000f800a88000-0x000000f800a88000), size 11042816, SharedBaseAddress: 0x000000f800000000, ArchiveRelocationMode: 1.
Compressed class space mapped at: 0x000000f801000000-0x000000f841000000, reserved size: 1073741824
Narrow klass base: 0x000000f800000000, Narrow klass shift: 0, Narrow klass range: 0x100000000

GC Precious Log:
 CPUs: 10 total, 10 available
 Memory: 16384M
 Large Page Support: Disabled
 NUMA Support: Disabled
 Compressed Oops: Enabled (Zero based)
 Heap Region Size: 2M
 Heap Min Capacity: 8M
 Heap Initial Capacity: 256M
 Heap Max Capacity: 4G
 Pre-touch: Disabled
 Parallel Workers: 9
 Concurrent Workers: 2
 Concurrent Refinement Workers: 9
 Periodic GC: Disabled

Heap:
 garbage-first heap   total 4194304K, used 2346731K [0x0000000700000000, 0x0000000800000000)
  region size 2048K, 217 young (444416K), 7 survivors (14336K)
 Metaspace       used 360280K, committed 362944K, reserved 1376256K
  class space    used 59768K, committed 60928K, reserved 1048576K

Heap Regions: E=young(eden), S=young(survivor), O=old, HS=humongous(starts), HC=humongous(continues), CS=collection set, F=free, OA=open archive, CA=closed archive, TAMS=top-at-mark-start (previous, next)
|   0|0x0000000700000000, 0x0000000700200000, 0x0000000700200000|100%|HS|  |TAMS 0x0000000700200000, 0x0000000700000000| Complete 
|   1|0x0000000700200000, 0x0000000700400000, 0x0000000700400000|100%| O|  |TAMS 0x0000000700400000, 0x0000000700200000| Untracked 
|   2|0x0000000700400000, 0x0000000700600000, 0x0000000700600000|100%| O|  |TAMS 0x0000000700600000, 0x0000000700400000| Untracked 
|   3|0x0000000700600000, 0x0000000700800000, 0x0000000700800000|100%|HS|  |TAMS 0x0000000700800000, 0x0000000700600000| Complete 
|   4|0x0000000700800000, 0x00000007009f82c8, 0x0000000700a00000| 98%| O|  |TAMS 0x00000007009f82c8, 0x0000000700800000| Untracked 
|   5|0x0000000700a00000, 0x0000000700c00000, 0x0000000700c00000|100%| O|  |TAMS 0x0000000700c00000, 0x0000000700a00000| Untracked 
|   6|0x0000000700c00000, 0x0000000700e00000, 0x0000000700e00000|100%| O|  |TAMS 0x0000000700e00000, 0x0000000700c00000| Untracked 
|   7|0x0000000700e00000, 0x0000000701000000, 0x0000000701000000|100%| O|  |TAMS 0x0000000701000000, 0x0000000700e00000| Untracked 
|   8|0x0000000701000000, 0x0000000701200000, 0x0000000701200000|100%| O|  |TAMS 0x0000000701200000, 0x0000000701000000| Untracked 
|   9|0x0000000701200000, 0x0000000701400000, 0x0000000701400000|100%| O|  |TAMS 0x0000000701400000, 0x0000000701200000| Untracked 
|  10|0x0000000701400000, 0x0000000701600000, 0x0000000701600000|100%| O|  |TAMS 0x0000000701600000, 0x0000000701400000| Untracked 
|  11|0x0000000701600000, 0x0000000701800000, 0x0000000701800000|100%| O|  |TAMS 0x0000000701800000, 0x0000000701600000| Untracked 
|  12|0x0000000701800000, 0x0000000701a00000, 0x0000000701a00000|100%| O|  |TAMS 0x0000000701a00000, 0x0000000701800000| Untracked 
|  13|0x0000000701a00000, 0x0000000701c00000, 0x0000000701c00000|100%| O|  |TAMS 0x0000000701c00000, 0x0000000701a00000| Untracked 
|  14|0x0000000701c00000, 0x0000000701e00000, 0x0000000701e00000|100%| O|  |TAMS 0x0000000701e00000, 0x0000000701c00000| Untracked 
|  15|0x0000000701e00000, 0x0000000701fffff8, 0x0000000702000000| 99%| O|  |TAMS 0x0000000701fffff8, 0x0000000701e00000| Untracked 
|  16|0x0000000702000000, 0x0000000702200000, 0x0000000702200000|100%| O|  |TAMS 0x0000000702200000, 0x0000000702000000| Untracked 
|  17|0x0000000702200000, 0x0000000702400000, 0x0000000702400000|100%| O|  |TAMS 0x0000000702400000, 0x0000000702200000| Untracked 
|  18|0x0000000702400000, 0x00000007025fffd0, 0x0000000702600000| 99%| O|  |TAMS 0x00000007025fffd0, 0x0000000702400000| Untracked 
|  19|0x0000000702600000, 0x0000000702800000, 0x0000000702800000|100%| O|  |TAMS 0x0000000702800000, 0x0000000702600000| Untracked 
|  20|0x0000000702800000, 0x0000000702a00000, 0x0000000702a00000|100%| O|  |TAMS 0x0000000702a00000, 0x0000000702800000| Untracked 
|  21|0x0000000702a00000, 0x0000000702bfffc8, 0x0000000702c00000| 99%| O|  |TAMS 0x0000000702bfffc8, 0x0000000702a00000| Untracked 
|  22|0x0000000702c00000, 0x0000000702dffff0, 0x0000000702e00000| 99%| O|  |TAMS 0x0000000702dffff0, 0x0000000702c00000| Untracked 
|  23|0x0000000702e00000, 0x0000000702fffff8, 0x0000000703000000| 99%| O|  |TAMS 0x0000000702fffff8, 0x0000000702e00000| Untracked 
|  24|0x0000000703000000, 0x0000000703200000, 0x0000000703200000|100%| O|  |TAMS 0x0000000703200000, 0x0000000703000000| Untracked 
|  25|0x0000000703200000, 0x0000000703400000, 0x0000000703400000|100%| O|  |TAMS 0x0000000703400000, 0x0000000703200000| Untracked 
|  26|0x0000000703400000, 0x00000007035fffd8, 0x0000000703600000| 99%| O|  |TAMS 0x00000007035fffd8, 0x0000000703400000| Untracked 
|  27|0x0000000703600000, 0x00000007037ffff8, 0x0000000703800000| 99%| O|  |TAMS 0x00000007037ffff8, 0x0000000703600000| Untracked 
|  28|0x0000000703800000, 0x0000000703a00000, 0x0000000703a00000|100%|HS|  |TAMS 0x0000000703a00000, 0x0000000703800000| Complete 
|  29|0x0000000703a00000, 0x0000000703c00000, 0x0000000703c00000|100%|HC|  |TAMS 0x0000000703c00000, 0x0000000703a00000| Complete 
|  30|0x0000000703c00000, 0x0000000703e00000, 0x0000000703e00000|100%| O|  |TAMS 0x0000000703e00000, 0x0000000703c00000| Untracked 
|  31|0x0000000703e00000, 0x0000000704000000, 0x0000000704000000|100%| O|  |TAMS 0x0000000704000000, 0x0000000703e00000| Untracked 
|  32|0x0000000704000000, 0x00000007041fffc8, 0x0000000704200000| 99%| O|  |TAMS 0x00000007041fffc8, 0x0000000704000000| Untracked 
|  33|0x0000000704200000, 0x0000000704400000, 0x0000000704400000|100%| O|  |TAMS 0x0000000704400000, 0x0000000704200000| Untracked 
|  34|0x0000000704400000, 0x0000000704600000, 0x0000000704600000|100%| O|  |TAMS 0x0000000704600000, 0x0000000704400000| Untracked 
|  35|0x0000000704600000, 0x0000000704800000, 0x0000000704800000|100%| O|  |TAMS 0x0000000704800000, 0x0000000704600000| Untracked 
|  36|0x0000000704800000, 0x00000007049ffff8, 0x0000000704a00000| 99%| O|  |TAMS 0x00000007049ffff8, 0x0000000704800000| Untracked 
|  37|0x0000000704a00000, 0x0000000704c00000, 0x0000000704c00000|100%|HS|  |TAMS 0x0000000704c00000, 0x0000000704a00000| Untracked 
|  38|0x0000000704c00000, 0x0000000704e00000, 0x0000000704e00000|100%|HC|  |TAMS 0x0000000704e00000, 0x0000000704c00000| Untracked 
|  39|0x0000000704e00000, 0x0000000704ffffc0, 0x0000000705000000| 99%| O|  |TAMS 0x0000000704ffffc0, 0x0000000704e00000| Untracked 
|  40|0x0000000705000000, 0x0000000705200000, 0x0000000705200000|100%| O|  |TAMS 0x0000000705200000, 0x0000000705000000| Untracked 
|  41|0x0000000705200000, 0x00000007053ffff8, 0x0000000705400000| 99%| O|  |TAMS 0x00000007053ffff8, 0x0000000705200000| Untracked 
|  42|0x0000000705400000, 0x00000007055fffe8, 0x0000000705600000| 99%| O|  |TAMS 0x00000007055fffe8, 0x0000000705400000| Untracked 
|  43|0x0000000705600000, 0x0000000705800000, 0x0000000705800000|100%|HS|  |TAMS 0x0000000705800000, 0x0000000705600000| Untracked 
|  44|0x0000000705800000, 0x00000007059ffff8, 0x0000000705a00000| 99%| O|  |TAMS 0x00000007059ffff8, 0x0000000705800000| Untracked 
|  45|0x0000000705a00000, 0x0000000705c00000, 0x0000000705c00000|100%| O|  |TAMS 0x0000000705c00000, 0x0000000705a00000| Untracked 
|  46|0x0000000705c00000, 0x0000000705dffff0, 0x0000000705e00000| 99%| O|  |TAMS 0x0000000705dffff0, 0x0000000705c00000| Untracked 
|  47|0x0000000705e00000, 0x0000000705ffb818, 0x0000000706000000| 99%| O|  |TAMS 0x0000000705ffb818, 0x0000000705e00000| Untracked 
|  48|0x0000000706000000, 0x00000007061ffff8, 0x0000000706200000| 99%| O|  |TAMS 0x00000007061ffff8, 0x0000000706000000| Untracked 
|  49|0x0000000706200000, 0x0000000706400000, 0x0000000706400000|100%| O|  |TAMS 0x0000000706400000, 0x0000000706200000| Untracked 
|  50|0x0000000706400000, 0x00000007065ffdb8, 0x0000000706600000| 99%| O|  |TAMS 0x00000007065ffdb8, 0x0000000706400000| Untracked 
|  51|0x0000000706600000, 0x00000007067ffff8, 0x0000000706800000| 99%| O|  |TAMS 0x00000007067ffff8, 0x0000000706600000| Untracked 
|  52|0x0000000706800000, 0x00000007069ffff0, 0x0000000706a00000| 99%| O|  |TAMS 0x00000007069ffff0, 0x0000000706800000| Untracked 
|  53|0x0000000706a00000, 0x0000000706c00000, 0x0000000706c00000|100%| O|  |TAMS 0x0000000706c00000, 0x0000000706a00000| Untracked 
|  54|0x0000000706c00000, 0x0000000706dfc9a0, 0x0000000706e00000| 99%| O|  |TAMS 0x0000000706dfc9a0, 0x0000000706c00000| Untracked 
|  55|0x0000000706e00000, 0x0000000706ffffb8, 0x0000000707000000| 99%| O|  |TAMS 0x0000000706ffffb8, 0x0000000706e00000| Untracked 
|  56|0x0000000707000000, 0x0000000707200000, 0x0000000707200000|100%| O|  |TAMS 0x0000000707200000, 0x0000000707000000| Untracked 
|  57|0x0000000707200000, 0x0000000707400000, 0x0000000707400000|100%|HS|  |TAMS 0x0000000707400000, 0x0000000707200000| Complete 
|  58|0x0000000707400000, 0x0000000707600000, 0x0000000707600000|100%| O|  |TAMS 0x0000000707600000, 0x0000000707400000| Untracked 
|  59|0x0000000707600000, 0x0000000707800000, 0x0000000707800000|100%|HS|  |TAMS 0x0000000707800000, 0x0000000707600000| Untracked 
|  60|0x0000000707800000, 0x0000000707a00000, 0x0000000707a00000|100%|HC|  |TAMS 0x0000000707a00000, 0x0000000707800000| Untracked 
|  61|0x0000000707a00000, 0x0000000707befdb8, 0x0000000707c00000| 96%| O|  |TAMS 0x0000000707befdb8, 0x0000000707a00000| Untracked 
|  62|0x0000000707c00000, 0x0000000707dffff8, 0x0000000707e00000| 99%| O|  |TAMS 0x0000000707dffff8, 0x0000000707c00000| Untracked 
|  63|0x0000000707e00000, 0x0000000707fe6498, 0x0000000708000000| 94%| O|  |TAMS 0x0000000707fe6498, 0x0000000707e00000| Untracked 
|  64|0x0000000708000000, 0x0000000708200000, 0x0000000708200000|100%| O|  |TAMS 0x0000000708200000, 0x0000000708000000| Untracked 
|  65|0x0000000708200000, 0x0000000708400000, 0x0000000708400000|100%| O|  |TAMS 0x0000000708400000, 0x0000000708200000| Untracked 
|  66|0x0000000708400000, 0x0000000708600000, 0x0000000708600000|100%|HS|  |TAMS 0x0000000708600000, 0x0000000708400000| Complete 
|  67|0x0000000708600000, 0x00000007087fc3e8, 0x0000000708800000| 99%| O|  |TAMS 0x00000007087fc3e8, 0x0000000708600000| Untracked 
|  68|0x0000000708800000, 0x0000000708a00000, 0x0000000708a00000|100%| O|  |TAMS 0x0000000708a00000, 0x0000000708800000| Untracked 
|  69|0x0000000708a00000, 0x0000000708bfffe0, 0x0000000708c00000| 99%| O|  |TAMS 0x0000000708bfffe0, 0x0000000708a00000| Untracked 
|  70|0x0000000708c00000, 0x0000000708e00000, 0x0000000708e00000|100%| O|  |TAMS 0x0000000708e00000, 0x0000000708c00000| Untracked 
|  71|0x0000000708e00000, 0x0000000709000000, 0x0000000709000000|100%| O|  |TAMS 0x0000000709000000, 0x0000000708e00000| Untracked 
|  72|0x0000000709000000, 0x0000000709200000, 0x0000000709200000|100%| O|  |TAMS 0x0000000709200000, 0x0000000709000000| Untracked 
|  73|0x0000000709200000, 0x00000007093fffc8, 0x0000000709400000| 99%| O|  |TAMS 0x00000007093fffc8, 0x0000000709200000| Untracked 
|  74|0x0000000709400000, 0x0000000709600000, 0x0000000709600000|100%|HS|  |TAMS 0x0000000709600000, 0x0000000709400000| Complete 
|  75|0x0000000709600000, 0x0000000709800000, 0x0000000709800000|100%|HC|  |TAMS 0x0000000709800000, 0x0000000709600000| Complete 
|  76|0x0000000709800000, 0x00000007099fffe8, 0x0000000709a00000| 99%| O|  |TAMS 0x00000007099fffe8, 0x0000000709800000| Untracked 
|  77|0x0000000709a00000, 0x0000000709bfffd0, 0x0000000709c00000| 99%| O|  |TAMS 0x0000000709bfffd0, 0x0000000709a00000| Untracked 
|  78|0x0000000709c00000, 0x0000000709dfffd8, 0x0000000709e00000| 99%| O|  |TAMS 0x0000000709dfffd8, 0x0000000709c00000| Untracked 
|  79|0x0000000709e00000, 0x000000070a000000, 0x000000070a000000|100%| O|  |TAMS 0x000000070a000000, 0x0000000709e00000| Untracked 
|  80|0x000000070a000000, 0x000000070a1ffff8, 0x000000070a200000| 99%| O|  |TAMS 0x000000070a1ffff8, 0x000000070a000000| Untracked 
|  81|0x000000070a200000, 0x000000070a400000, 0x000000070a400000|100%|HS|  |TAMS 0x000000070a400000, 0x000000070a200000| Complete 
|  82|0x000000070a400000, 0x000000070a5fffe0, 0x000000070a600000| 99%| O|  |TAMS 0x000000070a5fffe0, 0x000000070a400000| Untracked 
|  83|0x000000070a600000, 0x000000070a800000, 0x000000070a800000|100%| O|  |TAMS 0x000000070a800000, 0x000000070a600000| Untracked 
|  84|0x000000070a800000, 0x000000070aa00000, 0x000000070aa00000|100%| O|  |TAMS 0x000000070aa00000, 0x000000070a800000| Untracked 
|  85|0x000000070aa00000, 0x000000070abfffe0, 0x000000070ac00000| 99%| O|  |TAMS 0x000000070abfffe0, 0x000000070aa00000| Untracked 
|  86|0x000000070ac00000, 0x000000070ae00000, 0x000000070ae00000|100%| O|  |TAMS 0x000000070ae00000, 0x000000070ac00000| Untracked 
|  87|0x000000070ae00000, 0x000000070b000000, 0x000000070b000000|100%| O|  |TAMS 0x000000070b000000, 0x000000070ae00000| Untracked 
|  88|0x000000070b000000, 0x000000070b200000, 0x000000070b200000|100%| O|  |TAMS 0x000000070b200000, 0x000000070b000000| Untracked 
|  89|0x000000070b200000, 0x000000070b400000, 0x000000070b400000|100%|HS|  |TAMS 0x000000070b400000, 0x000000070b200000| Complete 
|  90|0x000000070b400000, 0x000000070b600000, 0x000000070b600000|100%|HC|  |TAMS 0x000000070b600000, 0x000000070b400000| Complete 
|  91|0x000000070b600000, 0x000000070b7ffff8, 0x000000070b800000| 99%| O|  |TAMS 0x000000070b7ffff8, 0x000000070b600000| Untracked 
|  92|0x000000070b800000, 0x000000070b9fffe8, 0x000000070ba00000| 99%| O|  |TAMS 0x000000070b9fffe8, 0x000000070b800000| Untracked 
|  93|0x000000070ba00000, 0x000000070bc00000, 0x000000070bc00000|100%| O|  |TAMS 0x000000070bc00000, 0x000000070ba00000| Untracked 
|  94|0x000000070bc00000, 0x000000070bdfffe8, 0x000000070be00000| 99%| O|  |TAMS 0x000000070bdfffe8, 0x000000070bc00000| Untracked 
|  95|0x000000070be00000, 0x000000070bffffe8, 0x000000070c000000| 99%| O|  |TAMS 0x000000070bffffe8, 0x000000070be00000| Untracked 
|  96|0x000000070c000000, 0x000000070c200000, 0x000000070c200000|100%| O|  |TAMS 0x000000070c200000, 0x000000070c000000| Untracked 
|  97|0x000000070c200000, 0x000000070c3fffe0, 0x000000070c400000| 99%| O|  |TAMS 0x000000070c3fffe0, 0x000000070c200000| Untracked 
|  98|0x000000070c400000, 0x000000070c600000, 0x000000070c600000|100%| O|  |TAMS 0x000000070c600000, 0x000000070c400000| Untracked 
|  99|0x000000070c600000, 0x000000070c7ff5b0, 0x000000070c800000| 99%| O|  |TAMS 0x000000070c7ff5b0, 0x000000070c600000| Untracked 
| 100|0x000000070c800000, 0x000000070c9ffff0, 0x000000070ca00000| 99%| O|  |TAMS 0x000000070c9ffff0, 0x000000070c800000| Untracked 
| 101|0x000000070ca00000, 0x000000070cc00000, 0x000000070cc00000|100%| O|  |TAMS 0x000000070cc00000, 0x000000070ca00000| Untracked 
| 102|0x000000070cc00000, 0x000000070cdfffe0, 0x000000070ce00000| 99%| O|  |TAMS 0x000000070cdfffe0, 0x000000070cc00000| Untracked 
| 103|0x000000070ce00000, 0x000000070d000000, 0x000000070d000000|100%| O|  |TAMS 0x000000070d000000, 0x000000070ce00000| Untracked 
| 104|0x000000070d000000, 0x000000070d1ffff8, 0x000000070d200000| 99%| O|  |TAMS 0x000000070d1ffff8, 0x000000070d000000| Untracked 
| 105|0x000000070d200000, 0x000000070d3fff48, 0x000000070d400000| 99%| O|  |TAMS 0x000000070d3fff48, 0x000000070d200000| Untracked 
| 106|0x000000070d400000, 0x000000070d600000, 0x000000070d600000|100%| O|  |TAMS 0x000000070d600000, 0x000000070d400000| Untracked 
| 107|0x000000070d600000, 0x000000070d800000, 0x000000070d800000|100%| O|  |TAMS 0x000000070d800000, 0x000000070d600000| Untracked 
| 108|0x000000070d800000, 0x000000070da00000, 0x000000070da00000|100%| O|  |TAMS 0x000000070da00000, 0x000000070d800000| Untracked 
| 109|0x000000070da00000, 0x000000070dbfffe0, 0x000000070dc00000| 99%| O|  |TAMS 0x000000070dbfffe0, 0x000000070da00000| Untracked 
| 110|0x000000070dc00000, 0x000000070de00000, 0x000000070de00000|100%| O|  |TAMS 0x000000070de00000, 0x000000070dc00000| Untracked 
| 111|0x000000070de00000, 0x000000070dffff98, 0x000000070e000000| 99%| O|  |TAMS 0x000000070dffff98, 0x000000070de00000| Untracked 
| 112|0x000000070e000000, 0x000000070e200000, 0x000000070e200000|100%|HS|  |TAMS 0x000000070e200000, 0x000000070e000000| Complete 
| 113|0x000000070e200000, 0x000000070e400000, 0x000000070e400000|100%|HC|  |TAMS 0x000000070e400000, 0x000000070e200000| Complete 
| 114|0x000000070e400000, 0x000000070e600000, 0x000000070e600000|100%|HS|  |TAMS 0x000000070e600000, 0x000000070e400000| Complete 
| 115|0x000000070e600000, 0x000000070e800000, 0x000000070e800000|100%|HC|  |TAMS 0x000000070e800000, 0x000000070e600000| Complete 
| 116|0x000000070e800000, 0x000000070ea00000, 0x000000070ea00000|100%|HC|  |TAMS 0x000000070ea00000, 0x000000070e800000| Complete 
| 117|0x000000070ea00000, 0x000000070ec00000, 0x000000070ec00000|100%|HC|  |TAMS 0x000000070ec00000, 0x000000070ea00000| Complete 
| 118|0x000000070ec00000, 0x000000070ee00000, 0x000000070ee00000|100%|HC|  |TAMS 0x000000070ee00000, 0x000000070ec00000| Complete 
| 119|0x000000070ee00000, 0x000000070f000000, 0x000000070f000000|100%|HC|  |TAMS 0x000000070f000000, 0x000000070ee00000| Complete 
| 120|0x000000070f000000, 0x000000070f1ffff0, 0x000000070f200000| 99%| O|  |TAMS 0x000000070f1ffff0, 0x000000070f000000| Untracked 
| 121|0x000000070f200000, 0x000000070f3ffff8, 0x000000070f400000| 99%| O|  |TAMS 0x000000070f3ffff8, 0x000000070f200000| Untracked 
| 122|0x000000070f400000, 0x000000070f5ffff8, 0x000000070f600000| 99%| O|  |TAMS 0x000000070f5ffff8, 0x000000070f400000| Untracked 
| 123|0x000000070f600000, 0x000000070f800000, 0x000000070f800000|100%| O|  |TAMS 0x000000070f800000, 0x000000070f600000| Untracked 
| 124|0x000000070f800000, 0x000000070fa00000, 0x000000070fa00000|100%| O|  |TAMS 0x000000070fa00000, 0x000000070f800000| Untracked 
| 125|0x000000070fa00000, 0x000000070fbffff0, 0x000000070fc00000| 99%| O|  |TAMS 0x000000070fbffff0, 0x000000070fa00000| Untracked 
| 126|0x000000070fc00000, 0x000000070fdfffc8, 0x000000070fe00000| 99%| O|  |TAMS 0x000000070fdfffc8, 0x000000070fc00000| Untracked 
| 127|0x000000070fe00000, 0x000000070ffffff0, 0x0000000710000000| 99%| O|  |TAMS 0x000000070ffffff0, 0x000000070fe00000| Untracked 
| 128|0x0000000710000000, 0x0000000710200000, 0x0000000710200000|100%| O|  |TAMS 0x0000000710200000, 0x0000000710000000| Untracked 
| 129|0x0000000710200000, 0x0000000710400000, 0x0000000710400000|100%| O|  |TAMS 0x0000000710400000, 0x0000000710200000| Untracked 
| 130|0x0000000710400000, 0x0000000710600000, 0x0000000710600000|100%| O|  |TAMS 0x0000000710600000, 0x0000000710400000| Untracked 
| 131|0x0000000710600000, 0x0000000710800000, 0x0000000710800000|100%| O|  |TAMS 0x0000000710800000, 0x0000000710600000| Untracked 
| 132|0x0000000710800000, 0x0000000710a00000, 0x0000000710a00000|100%| O|  |TAMS 0x0000000710a00000, 0x0000000710800000| Untracked 
| 133|0x0000000710a00000, 0x0000000710c00000, 0x0000000710c00000|100%| O|  |TAMS 0x0000000710c00000, 0x0000000710a00000| Untracked 
| 134|0x0000000710c00000, 0x0000000710e00000, 0x0000000710e00000|100%| O|  |TAMS 0x0000000710e00000, 0x0000000710c00000| Untracked 
| 135|0x0000000710e00000, 0x0000000711000000, 0x0000000711000000|100%| O|  |TAMS 0x0000000711000000, 0x0000000710e00000| Untracked 
| 136|0x0000000711000000, 0x0000000711200000, 0x0000000711200000|100%| O|  |TAMS 0x0000000711200000, 0x0000000711000000| Untracked 
| 137|0x0000000711200000, 0x0000000711400000, 0x0000000711400000|100%| O|  |TAMS 0x0000000711400000, 0x0000000711200000| Untracked 
| 138|0x0000000711400000, 0x0000000711600000, 0x0000000711600000|100%| O|  |TAMS 0x0000000711600000, 0x0000000711400000| Untracked 
| 139|0x0000000711600000, 0x0000000711800000, 0x0000000711800000|100%| O|  |TAMS 0x0000000711800000, 0x0000000711600000| Untracked 
| 140|0x0000000711800000, 0x0000000711a00000, 0x0000000711a00000|100%| O|  |TAMS 0x0000000711a00000, 0x0000000711800000| Untracked 
| 141|0x0000000711a00000, 0x0000000711bfffa0, 0x0000000711c00000| 99%| O|  |TAMS 0x0000000711bfffa0, 0x0000000711a00000| Untracked 
| 142|0x0000000711c00000, 0x0000000711dffff8, 0x0000000711e00000| 99%| O|  |TAMS 0x0000000711dffff8, 0x0000000711c00000| Untracked 
| 143|0x0000000711e00000, 0x0000000712000000, 0x0000000712000000|100%| O|  |TAMS 0x0000000712000000, 0x0000000711e00000| Untracked 
| 144|0x0000000712000000, 0x0000000712200000, 0x0000000712200000|100%| O|  |TAMS 0x0000000712200000, 0x0000000712000000| Untracked 
| 145|0x0000000712200000, 0x00000007123fffc0, 0x0000000712400000| 99%| O|  |TAMS 0x00000007123fffc0, 0x0000000712200000| Untracked 
| 146|0x0000000712400000, 0x00000007125ffff8, 0x0000000712600000| 99%| O|  |TAMS 0x00000007125ffff8, 0x0000000712400000| Untracked 
| 147|0x0000000712600000, 0x00000007127ff9c8, 0x0000000712800000| 99%| O|  |TAMS 0x00000007127ff9c8, 0x0000000712600000| Untracked 
| 148|0x0000000712800000, 0x00000007129ffff0, 0x0000000712a00000| 99%| O|  |TAMS 0x00000007129ffff0, 0x0000000712800000| Untracked 
| 149|0x0000000712a00000, 0x0000000712bfffe8, 0x0000000712c00000| 99%| O|  |TAMS 0x0000000712bfffe8, 0x0000000712a00000| Untracked 
| 150|0x0000000712c00000, 0x0000000712dfffc0, 0x0000000712e00000| 99%| O|  |TAMS 0x0000000712dfffc0, 0x0000000712c00000| Untracked 
| 151|0x0000000712e00000, 0x0000000712fffff0, 0x0000000713000000| 99%| O|  |TAMS 0x0000000712fffff0, 0x0000000712e00000| Untracked 
| 152|0x0000000713000000, 0x00000007131fffe8, 0x0000000713200000| 99%| O|  |TAMS 0x00000007131fffe8, 0x0000000713000000| Untracked 
| 153|0x0000000713200000, 0x00000007133fff98, 0x0000000713400000| 99%| O|  |TAMS 0x00000007133fff98, 0x0000000713200000| Untracked 
| 154|0x0000000713400000, 0x0000000713600000, 0x0000000713600000|100%| O|  |TAMS 0x0000000713600000, 0x0000000713400000| Untracked 
| 155|0x0000000713600000, 0x00000007137d1cd0, 0x0000000713800000| 90%| O|  |TAMS 0x00000007137d1cd0, 0x0000000713600000| Untracked 
| 156|0x0000000713800000, 0x00000007139fffa0, 0x0000000713a00000| 99%| O|  |TAMS 0x00000007139fffa0, 0x0000000713800000| Untracked 
| 157|0x0000000713a00000, 0x0000000713bffff0, 0x0000000713c00000| 99%| O|  |TAMS 0x0000000713bffff0, 0x0000000713a00000| Untracked 
| 158|0x0000000713c00000, 0x0000000713dfffb0, 0x0000000713e00000| 99%| O|  |TAMS 0x0000000713dfffb0, 0x0000000713c00000| Untracked 
| 159|0x0000000713e00000, 0x0000000714000000, 0x0000000714000000|100%| O|  |TAMS 0x0000000714000000, 0x0000000713e00000| Untracked 
| 160|0x0000000714000000, 0x00000007141ffff8, 0x0000000714200000| 99%| O|  |TAMS 0x00000007141ffff8, 0x0000000714000000| Untracked 
| 161|0x0000000714200000, 0x00000007143ffff8, 0x0000000714400000| 99%| O|  |TAMS 0x00000007143ffff8, 0x0000000714200000| Untracked 
| 162|0x0000000714400000, 0x00000007145fffd8, 0x0000000714600000| 99%| O|  |TAMS 0x00000007145fffd8, 0x0000000714400000| Untracked 
| 163|0x0000000714600000, 0x00000007147ffe20, 0x0000000714800000| 99%| O|  |TAMS 0x00000007147ffe20, 0x0000000714600000| Untracked 
| 164|0x0000000714800000, 0x00000007149ffff0, 0x0000000714a00000| 99%| O|  |TAMS 0x00000007149ffff0, 0x0000000714800000| Untracked 
| 165|0x0000000714a00000, 0x0000000714c00000, 0x0000000714c00000|100%| O|  |TAMS 0x0000000714c00000, 0x0000000714a00000| Untracked 
| 166|0x0000000714c00000, 0x0000000714e00000, 0x0000000714e00000|100%| O|  |TAMS 0x0000000714e00000, 0x0000000714c00000| Untracked 
| 167|0x0000000714e00000, 0x0000000715000000, 0x0000000715000000|100%| O|  |TAMS 0x0000000715000000, 0x0000000714e00000| Untracked 
| 168|0x0000000715000000, 0x00000007151fffe8, 0x0000000715200000| 99%| O|  |TAMS 0x00000007151fffe8, 0x0000000715000000| Untracked 
| 169|0x0000000715200000, 0x0000000715400000, 0x0000000715400000|100%| O|  |TAMS 0x0000000715400000, 0x0000000715200000| Untracked 
| 170|0x0000000715400000, 0x00000007155fffb8, 0x0000000715600000| 99%| O|  |TAMS 0x00000007155fffb8, 0x0000000715400000| Untracked 
| 171|0x0000000715600000, 0x00000007157ffff8, 0x0000000715800000| 99%| O|  |TAMS 0x00000007157ffff8, 0x0000000715600000| Untracked 
| 172|0x0000000715800000, 0x00000007159fffd0, 0x0000000715a00000| 99%| O|  |TAMS 0x00000007159fffd0, 0x0000000715800000| Untracked 
| 173|0x0000000715a00000, 0x0000000715c00000, 0x0000000715c00000|100%| O|  |TAMS 0x0000000715c00000, 0x0000000715a00000| Untracked 
| 174|0x0000000715c00000, 0x0000000715e00000, 0x0000000715e00000|100%| O|  |TAMS 0x0000000715e00000, 0x0000000715c00000| Untracked 
| 175|0x0000000715e00000, 0x0000000716000000, 0x0000000716000000|100%| O|  |TAMS 0x0000000716000000, 0x0000000715e00000| Untracked 
| 176|0x0000000716000000, 0x00000007161ffff0, 0x0000000716200000| 99%| O|  |TAMS 0x00000007161ffff0, 0x0000000716000000| Untracked 
| 177|0x0000000716200000, 0x00000007163ffff8, 0x0000000716400000| 99%| O|  |TAMS 0x00000007163ffff8, 0x0000000716200000| Untracked 
| 178|0x0000000716400000, 0x0000000716600000, 0x0000000716600000|100%| O|  |TAMS 0x0000000716600000, 0x0000000716400000| Untracked 
| 179|0x0000000716600000, 0x00000007167fffe8, 0x0000000716800000| 99%| O|  |TAMS 0x00000007167fffe8, 0x0000000716600000| Untracked 
| 180|0x0000000716800000, 0x00000007169fffe0, 0x0000000716a00000| 99%| O|  |TAMS 0x00000007169fffe0, 0x0000000716800000| Untracked 
| 181|0x0000000716a00000, 0x0000000716bffff0, 0x0000000716c00000| 99%| O|  |TAMS 0x0000000716bffff0, 0x0000000716a00000| Untracked 
| 182|0x0000000716c00000, 0x0000000716e00000, 0x0000000716e00000|100%| O|  |TAMS 0x0000000716e00000, 0x0000000716c00000| Untracked 
| 183|0x0000000716e00000, 0x0000000716fffff0, 0x0000000717000000| 99%| O|  |TAMS 0x0000000716fffff0, 0x0000000716e00000| Untracked 
| 184|0x0000000717000000, 0x00000007171ffff0, 0x0000000717200000| 99%| O|  |TAMS 0x00000007171ffff0, 0x0000000717000000| Untracked 
| 185|0x0000000717200000, 0x0000000717400000, 0x0000000717400000|100%| O|  |TAMS 0x0000000717400000, 0x0000000717200000| Untracked 
| 186|0x0000000717400000, 0x00000007175ffff8, 0x0000000717600000| 99%| O|  |TAMS 0x00000007175ffff8, 0x0000000717400000| Untracked 
| 187|0x0000000717600000, 0x0000000717800000, 0x0000000717800000|100%| O|  |TAMS 0x0000000717800000, 0x0000000717600000| Untracked 
| 188|0x0000000717800000, 0x00000007179ffff8, 0x0000000717a00000| 99%| O|  |TAMS 0x00000007179ffff8, 0x0000000717800000| Untracked 
| 189|0x0000000717a00000, 0x0000000717bffff8, 0x0000000717c00000| 99%| O|  |TAMS 0x0000000717bffff8, 0x0000000717a00000| Untracked 
| 190|0x0000000717c00000, 0x0000000717dfffb0, 0x0000000717e00000| 99%| O|  |TAMS 0x0000000717dfffb0, 0x0000000717c00000| Untracked 
| 191|0x0000000717e00000, 0x0000000717fffff0, 0x0000000718000000| 99%| O|  |TAMS 0x0000000717fffff0, 0x0000000717e00000| Untracked 
| 192|0x0000000718000000, 0x00000007181ffff0, 0x0000000718200000| 99%| O|  |TAMS 0x00000007181ffff0, 0x0000000718000000| Untracked 
| 193|0x0000000718200000, 0x00000007183fffa0, 0x0000000718400000| 99%| O|  |TAMS 0x00000007183fffa0, 0x0000000718200000| Untracked 
| 194|0x0000000718400000, 0x0000000718600000, 0x0000000718600000|100%| O|  |TAMS 0x0000000718600000, 0x0000000718400000| Untracked 
| 195|0x0000000718600000, 0x00000007187fffc0, 0x0000000718800000| 99%| O|  |TAMS 0x00000007187fffc0, 0x0000000718600000| Untracked 
| 196|0x0000000718800000, 0x00000007189fffc0, 0x0000000718a00000| 99%| O|  |TAMS 0x00000007189fffc0, 0x0000000718800000| Untracked 
| 197|0x0000000718a00000, 0x0000000718bffff0, 0x0000000718c00000| 99%| O|  |TAMS 0x0000000718bffff0, 0x0000000718a00000| Untracked 
| 198|0x0000000718c00000, 0x0000000718dfffd0, 0x0000000718e00000| 99%| O|  |TAMS 0x0000000718dfffd0, 0x0000000718c00000| Untracked 
| 199|0x0000000718e00000, 0x0000000718ffffb0, 0x0000000719000000| 99%| O|  |TAMS 0x0000000718ffffb0, 0x0000000718e00000| Untracked 
| 200|0x0000000719000000, 0x00000007191ffff0, 0x0000000719200000| 99%| O|  |TAMS 0x00000007191ffff0, 0x0000000719000000| Untracked 
| 201|0x0000000719200000, 0x00000007193ffff0, 0x0000000719400000| 99%| O|  |TAMS 0x00000007193ffff0, 0x0000000719200000| Untracked 
| 202|0x0000000719400000, 0x00000007195fffe8, 0x0000000719600000| 99%| O|  |TAMS 0x00000007195fffe8, 0x0000000719400000| Untracked 
| 203|0x0000000719600000, 0x0000000719800000, 0x0000000719800000|100%| O|  |TAMS 0x0000000719800000, 0x0000000719600000| Untracked 
| 204|0x0000000719800000, 0x00000007199ffff0, 0x0000000719a00000| 99%| O|  |TAMS 0x00000007199ffff0, 0x0000000719800000| Untracked 
| 205|0x0000000719a00000, 0x0000000719bfffd8, 0x0000000719c00000| 99%| O|  |TAMS 0x0000000719bfffd8, 0x0000000719a00000| Untracked 
| 206|0x0000000719c00000, 0x0000000719dfffc0, 0x0000000719e00000| 99%| O|  |TAMS 0x0000000719dfffc0, 0x0000000719c00000| Untracked 
| 207|0x0000000719e00000, 0x0000000719fffff0, 0x000000071a000000| 99%| O|  |TAMS 0x0000000719fffff0, 0x0000000719e00000| Untracked 
| 208|0x000000071a000000, 0x000000071a1fffc0, 0x000000071a200000| 99%| O|  |TAMS 0x000000071a1fffc0, 0x000000071a000000| Untracked 
| 209|0x000000071a200000, 0x000000071a3fffe0, 0x000000071a400000| 99%| O|  |TAMS 0x000000071a3fffe0, 0x000000071a200000| Untracked 
| 210|0x000000071a400000, 0x000000071a5ffff0, 0x000000071a600000| 99%| O|  |TAMS 0x000000071a5ffff0, 0x000000071a400000| Untracked 
| 211|0x000000071a600000, 0x000000071a7fffe8, 0x000000071a800000| 99%| O|  |TAMS 0x000000071a7fffe8, 0x000000071a600000| Untracked 
| 212|0x000000071a800000, 0x000000071a9ffff8, 0x000000071aa00000| 99%| O|  |TAMS 0x000000071a9ffff8, 0x000000071a800000| Untracked 
| 213|0x000000071aa00000, 0x000000071abffff0, 0x000000071ac00000| 99%| O|  |TAMS 0x000000071abffff0, 0x000000071aa00000| Untracked 
| 214|0x000000071ac00000, 0x000000071adfffe8, 0x000000071ae00000| 99%| O|  |TAMS 0x000000071adfffe8, 0x000000071ac00000| Untracked 
| 215|0x000000071ae00000, 0x000000071af96758, 0x000000071b000000| 79%| O|  |TAMS 0x000000071af96758, 0x000000071ae00000| Untracked 
| 216|0x000000071b000000, 0x000000071b1ffff8, 0x000000071b200000| 99%| O|  |TAMS 0x000000071b1ffff8, 0x000000071b000000| Untracked 
| 217|0x000000071b200000, 0x000000071b400000, 0x000000071b400000|100%| O|  |TAMS 0x000000071b400000, 0x000000071b200000| Untracked 
| 218|0x000000071b400000, 0x000000071b600000, 0x000000071b600000|100%| O|  |TAMS 0x000000071b600000, 0x000000071b400000| Untracked 
| 219|0x000000071b600000, 0x000000071b800000, 0x000000071b800000|100%| O|  |TAMS 0x000000071b800000, 0x000000071b600000| Untracked 
| 220|0x000000071b800000, 0x000000071ba00000, 0x000000071ba00000|100%| O|  |TAMS 0x000000071ba00000, 0x000000071b800000| Untracked 
| 221|0x000000071ba00000, 0x000000071bbe7ca0, 0x000000071bc00000| 95%| O|  |TAMS 0x000000071bbe7ca0, 0x000000071ba00000| Untracked 
| 222|0x000000071bc00000, 0x000000071be00000, 0x000000071be00000|100%|HS|  |TAMS 0x000000071be00000, 0x000000071bc00000| Untracked 
| 223|0x000000071be00000, 0x000000071bfe5348, 0x000000071c000000| 94%| O|  |TAMS 0x000000071bfe5348, 0x000000071be00000| Untracked 
| 224|0x000000071c000000, 0x000000071c200000, 0x000000071c200000|100%| O|  |TAMS 0x000000071c200000, 0x000000071c000000| Untracked 
| 225|0x000000071c200000, 0x000000071c3ffff8, 0x000000071c400000| 99%| O|  |TAMS 0x000000071c3ffff8, 0x000000071c200000| Untracked 
| 226|0x000000071c400000, 0x000000071c600000, 0x000000071c600000|100%| O|  |TAMS 0x000000071c600000, 0x000000071c400000| Untracked 
| 227|0x000000071c600000, 0x000000071c800000, 0x000000071c800000|100%| O|  |TAMS 0x000000071c800000, 0x000000071c600000| Untracked 
| 228|0x000000071c800000, 0x000000071ca00000, 0x000000071ca00000|100%| O|  |TAMS 0x000000071ca00000, 0x000000071c800000| Untracked 
| 229|0x000000071ca00000, 0x000000071cc00000, 0x000000071cc00000|100%| O|  |TAMS 0x000000071cc00000, 0x000000071ca00000| Untracked 
| 230|0x000000071cc00000, 0x000000071ce00000, 0x000000071ce00000|100%| O|  |TAMS 0x000000071ce00000, 0x000000071cc00000| Untracked 
| 231|0x000000071ce00000, 0x000000071d000000, 0x000000071d000000|100%| O|  |TAMS 0x000000071d000000, 0x000000071ce00000| Untracked 
| 232|0x000000071d000000, 0x000000071d200000, 0x000000071d200000|100%| O|  |TAMS 0x000000071d200000, 0x000000071d000000| Untracked 
| 233|0x000000071d200000, 0x000000071d400000, 0x000000071d400000|100%| O|  |TAMS 0x000000071d400000, 0x000000071d200000| Untracked 
| 234|0x000000071d400000, 0x000000071d600000, 0x000000071d600000|100%| O|  |TAMS 0x000000071d600000, 0x000000071d400000| Untracked 
| 235|0x000000071d600000, 0x000000071d800000, 0x000000071d800000|100%| O|  |TAMS 0x000000071d800000, 0x000000071d600000| Untracked 
| 236|0x000000071d800000, 0x000000071da00000, 0x000000071da00000|100%| O|  |TAMS 0x000000071da00000, 0x000000071d800000| Untracked 
| 237|0x000000071da00000, 0x000000071dbfffe8, 0x000000071dc00000| 99%| O|  |TAMS 0x000000071dbfffe8, 0x000000071da00000| Untracked 
| 238|0x000000071dc00000, 0x000000071de00000, 0x000000071de00000|100%| O|  |TAMS 0x000000071de00000, 0x000000071dc00000| Untracked 
| 239|0x000000071de00000, 0x000000071e000000, 0x000000071e000000|100%| O|  |TAMS 0x000000071e000000, 0x000000071de00000| Untracked 
| 240|0x000000071e000000, 0x000000071e200000, 0x000000071e200000|100%| O|  |TAMS 0x000000071e200000, 0x000000071e000000| Untracked 
| 241|0x000000071e200000, 0x000000071e400000, 0x000000071e400000|100%| O|  |TAMS 0x000000071e400000, 0x000000071e200000| Untracked 
| 242|0x000000071e400000, 0x000000071e600000, 0x000000071e600000|100%| O|  |TAMS 0x000000071e600000, 0x000000071e400000| Untracked 
| 243|0x000000071e600000, 0x000000071e800000, 0x000000071e800000|100%| O|  |TAMS 0x000000071e800000, 0x000000071e600000| Untracked 
| 244|0x000000071e800000, 0x000000071ea00000, 0x000000071ea00000|100%| O|  |TAMS 0x000000071ea00000, 0x000000071e800000| Untracked 
| 245|0x000000071ea00000, 0x000000071ec00000, 0x000000071ec00000|100%| O|  |TAMS 0x000000071ec00000, 0x000000071ea00000| Untracked 
| 246|0x000000071ec00000, 0x000000071ee00000, 0x000000071ee00000|100%| O|  |TAMS 0x000000071ee00000, 0x000000071ec00000| Untracked 
| 247|0x000000071ee00000, 0x000000071f000000, 0x000000071f000000|100%| O|  |TAMS 0x000000071f000000, 0x000000071ee00000| Untracked 
| 248|0x000000071f000000, 0x000000071f200000, 0x000000071f200000|100%| O|  |TAMS 0x000000071f200000, 0x000000071f000000| Untracked 
| 249|0x000000071f200000, 0x000000071f400000, 0x000000071f400000|100%| O|  |TAMS 0x000000071f400000, 0x000000071f200000| Untracked 
| 250|0x000000071f400000, 0x000000071f5fffd8, 0x000000071f600000| 99%| O|  |TAMS 0x000000071f5fffd8, 0x000000071f400000| Untracked 
| 251|0x000000071f600000, 0x000000071f800000, 0x000000071f800000|100%| O|  |TAMS 0x000000071f800000, 0x000000071f600000| Untracked 
| 252|0x000000071f800000, 0x000000071fa00000, 0x000000071fa00000|100%| O|  |TAMS 0x000000071fa00000, 0x000000071f800000| Untracked 
| 253|0x000000071fa00000, 0x000000071fbfffc8, 0x000000071fc00000| 99%| O|  |TAMS 0x000000071fbfffc8, 0x000000071fa00000| Untracked 
| 254|0x000000071fc00000, 0x000000071fdffff0, 0x000000071fe00000| 99%| O|  |TAMS 0x000000071fdffff0, 0x000000071fc00000| Untracked 
| 255|0x000000071fe00000, 0x0000000720000000, 0x0000000720000000|100%| O|  |TAMS 0x0000000720000000, 0x000000071fe00000| Untracked 
| 256|0x0000000720000000, 0x0000000720200000, 0x0000000720200000|100%| O|  |TAMS 0x0000000720200000, 0x0000000720000000| Untracked 
| 257|0x0000000720200000, 0x00000007203ffff0, 0x0000000720400000| 99%| O|  |TAMS 0x00000007203ffff0, 0x0000000720200000| Untracked 
| 258|0x0000000720400000, 0x0000000720600000, 0x0000000720600000|100%|HS|  |TAMS 0x0000000720600000, 0x0000000720400000| Untracked 
| 259|0x0000000720600000, 0x0000000720800000, 0x0000000720800000|100%|HC|  |TAMS 0x0000000720800000, 0x0000000720600000| Untracked 
| 260|0x0000000720800000, 0x0000000720a00000, 0x0000000720a00000|100%|HC|  |TAMS 0x0000000720a00000, 0x0000000720800000| Untracked 
| 261|0x0000000720a00000, 0x0000000720c00000, 0x0000000720c00000|100%|HS|  |TAMS 0x0000000720c00000, 0x0000000720a00000| Complete 
| 262|0x0000000720c00000, 0x0000000720e00000, 0x0000000720e00000|100%|HC|  |TAMS 0x0000000720e00000, 0x0000000720c00000| Complete 
| 263|0x0000000720e00000, 0x0000000721000000, 0x0000000721000000|100%|HC|  |TAMS 0x0000000721000000, 0x0000000720e00000| Complete 
| 264|0x0000000721000000, 0x00000007211ffff0, 0x0000000721200000| 99%| O|  |TAMS 0x00000007211ffff0, 0x0000000721000000| Untracked 
| 265|0x0000000721200000, 0x00000007213ffff8, 0x0000000721400000| 99%| O|  |TAMS 0x00000007213ffff8, 0x0000000721200000| Untracked 
| 266|0x0000000721400000, 0x00000007215ffff8, 0x0000000721600000| 99%| O|  |TAMS 0x00000007215ffff8, 0x0000000721400000| Untracked 
| 267|0x0000000721600000, 0x00000007217ffff8, 0x0000000721800000| 99%| O|  |TAMS 0x00000007217ffff8, 0x0000000721600000| Untracked 
| 268|0x0000000721800000, 0x00000007219ffef8, 0x0000000721a00000| 99%| O|  |TAMS 0x00000007219ffef8, 0x0000000721800000| Untracked 
| 269|0x0000000721a00000, 0x0000000721bff7d8, 0x0000000721c00000| 99%| O|  |TAMS 0x0000000721bff7d8, 0x0000000721a00000| Untracked 
| 270|0x0000000721c00000, 0x0000000721dfffe0, 0x0000000721e00000| 99%| O|  |TAMS 0x0000000721dfffe0, 0x0000000721c00000| Untracked 
| 271|0x0000000721e00000, 0x0000000721fffff0, 0x0000000722000000| 99%| O|  |TAMS 0x0000000721fffff0, 0x0000000721e00000| Untracked 
| 272|0x0000000722000000, 0x00000007221fffd8, 0x0000000722200000| 99%| O|  |TAMS 0x00000007221fffd8, 0x0000000722000000| Untracked 
| 273|0x0000000722200000, 0x0000000722400000, 0x0000000722400000|100%| O|  |TAMS 0x0000000722400000, 0x0000000722200000| Untracked 
| 274|0x0000000722400000, 0x00000007225fffc0, 0x0000000722600000| 99%| O|  |TAMS 0x00000007225fffc0, 0x0000000722400000| Untracked 
| 275|0x0000000722600000, 0x0000000722800000, 0x0000000722800000|100%| O|  |TAMS 0x0000000722800000, 0x0000000722600000| Untracked 
| 276|0x0000000722800000, 0x00000007229fffe8, 0x0000000722a00000| 99%| O|  |TAMS 0x00000007229fffe8, 0x0000000722800000| Untracked 
| 277|0x0000000722a00000, 0x0000000722c00000, 0x0000000722c00000|100%| O|  |TAMS 0x0000000722c00000, 0x0000000722a00000| Untracked 
| 278|0x0000000722c00000, 0x0000000722e00000, 0x0000000722e00000|100%| O|  |TAMS 0x0000000722e00000, 0x0000000722c00000| Untracked 
| 279|0x0000000722e00000, 0x0000000723000000, 0x0000000723000000|100%| O|  |TAMS 0x0000000723000000, 0x0000000722e00000| Untracked 
| 280|0x0000000723000000, 0x00000007231ffff0, 0x0000000723200000| 99%| O|  |TAMS 0x00000007231ffff0, 0x0000000723000000| Untracked 
| 281|0x0000000723200000, 0x00000007233fb9e0, 0x0000000723400000| 99%| O|  |TAMS 0x00000007233fb9e0, 0x0000000723200000| Untracked 
| 282|0x0000000723400000, 0x00000007235fffe0, 0x0000000723600000| 99%| O|  |TAMS 0x00000007235fffe0, 0x0000000723400000| Untracked 
| 283|0x0000000723600000, 0x00000007237ffff8, 0x0000000723800000| 99%| O|  |TAMS 0x00000007237ffff8, 0x0000000723600000| Untracked 
| 284|0x0000000723800000, 0x00000007239d71e8, 0x0000000723a00000| 92%| O|  |TAMS 0x00000007239d71e8, 0x0000000723800000| Untracked 
| 285|0x0000000723a00000, 0x0000000723bdeda8, 0x0000000723c00000| 93%| O|  |TAMS 0x0000000723bdeda8, 0x0000000723a00000| Untracked 
| 286|0x0000000723c00000, 0x0000000723dffea0, 0x0000000723e00000| 99%| O|  |TAMS 0x0000000723dffea0, 0x0000000723c00000| Untracked 
| 287|0x0000000723e00000, 0x0000000723fffff0, 0x0000000724000000| 99%| O|  |TAMS 0x0000000723fffff0, 0x0000000723e00000| Untracked 
| 288|0x0000000724000000, 0x0000000724200000, 0x0000000724200000|100%| O|  |TAMS 0x0000000724200000, 0x0000000724000000| Untracked 
| 289|0x0000000724200000, 0x0000000724400000, 0x0000000724400000|100%| O|  |TAMS 0x0000000724400000, 0x0000000724200000| Untracked 
| 290|0x0000000724400000, 0x00000007245fe630, 0x0000000724600000| 99%| O|  |TAMS 0x00000007245fe630, 0x0000000724400000| Untracked 
| 291|0x0000000724600000, 0x00000007247fff70, 0x0000000724800000| 99%| O|  |TAMS 0x00000007247fff70, 0x0000000724600000| Untracked 
| 292|0x0000000724800000, 0x00000007249fffe8, 0x0000000724a00000| 99%| O|  |TAMS 0x00000007249fffe8, 0x0000000724800000| Untracked 
| 293|0x0000000724a00000, 0x0000000724bfff90, 0x0000000724c00000| 99%| O|  |TAMS 0x0000000724bfff90, 0x0000000724a00000| Untracked 
| 294|0x0000000724c00000, 0x0000000724df0f78, 0x0000000724e00000| 97%| O|  |TAMS 0x0000000724df0f78, 0x0000000724c00000| Untracked 
| 295|0x0000000724e00000, 0x0000000724fffff0, 0x0000000725000000| 99%| O|  |TAMS 0x0000000724fffff0, 0x0000000724e00000| Untracked 
| 296|0x0000000725000000, 0x00000007251ffff0, 0x0000000725200000| 99%| O|  |TAMS 0x00000007251ffff0, 0x0000000725000000| Untracked 
| 297|0x0000000725200000, 0x0000000725400000, 0x0000000725400000|100%| O|  |TAMS 0x0000000725400000, 0x0000000725200000| Untracked 
| 298|0x0000000725400000, 0x0000000725600000, 0x0000000725600000|100%| O|  |TAMS 0x0000000725600000, 0x0000000725400000| Untracked 
| 299|0x0000000725600000, 0x0000000725800000, 0x0000000725800000|100%| O|  |TAMS 0x0000000725800000, 0x0000000725600000| Untracked 
| 300|0x0000000725800000, 0x0000000725a00000, 0x0000000725a00000|100%| O|  |TAMS 0x0000000725a00000, 0x0000000725800000| Untracked 
| 301|0x0000000725a00000, 0x0000000725c00000, 0x0000000725c00000|100%| O|  |TAMS 0x0000000725c00000, 0x0000000725a00000| Untracked 
| 302|0x0000000725c00000, 0x0000000725dffff0, 0x0000000725e00000| 99%| O|  |TAMS 0x0000000725dffff0, 0x0000000725c00000| Untracked 
| 303|0x0000000725e00000, 0x0000000725ff56f0, 0x0000000726000000| 97%| O|  |TAMS 0x0000000725ff56f0, 0x0000000725e00000| Untracked 
| 304|0x0000000726000000, 0x0000000726200000, 0x0000000726200000|100%| O|  |TAMS 0x0000000726200000, 0x0000000726000000| Untracked 
| 305|0x0000000726200000, 0x00000007263ffff0, 0x0000000726400000| 99%| O|  |TAMS 0x00000007263ffff0, 0x0000000726200000| Untracked 
| 306|0x0000000726400000, 0x0000000726600000, 0x0000000726600000|100%| O|  |TAMS 0x0000000726600000, 0x0000000726400000| Untracked 
| 307|0x0000000726600000, 0x00000007267ffff0, 0x0000000726800000| 99%| O|  |TAMS 0x00000007267ffff0, 0x0000000726600000| Untracked 
| 308|0x0000000726800000, 0x00000007269ffff0, 0x0000000726a00000| 99%| O|  |TAMS 0x00000007269ffff0, 0x0000000726800000| Untracked 
| 309|0x0000000726a00000, 0x0000000726bfff50, 0x0000000726c00000| 99%| O|  |TAMS 0x0000000726bfff50, 0x0000000726a00000| Untracked 
| 310|0x0000000726c00000, 0x0000000726df0078, 0x0000000726e00000| 96%| O|  |TAMS 0x0000000726df0078, 0x0000000726c00000| Untracked 
| 311|0x0000000726e00000, 0x0000000727000000, 0x0000000727000000|100%| O|  |TAMS 0x0000000727000000, 0x0000000726e00000| Untracked 
| 312|0x0000000727000000, 0x00000007271fffe8, 0x0000000727200000| 99%| O|  |TAMS 0x00000007271fffe8, 0x0000000727000000| Untracked 
| 313|0x0000000727200000, 0x00000007273ffff0, 0x0000000727400000| 99%| O|  |TAMS 0x00000007273ffff0, 0x0000000727200000| Untracked 
| 314|0x0000000727400000, 0x00000007275fffc8, 0x0000000727600000| 99%| O|  |TAMS 0x00000007275fffc8, 0x0000000727400000| Untracked 
| 315|0x0000000727600000, 0x0000000727800000, 0x0000000727800000|100%| O|  |TAMS 0x0000000727800000, 0x0000000727600000| Untracked 
| 316|0x0000000727800000, 0x00000007279fff38, 0x0000000727a00000| 99%| O|  |TAMS 0x00000007279fff38, 0x0000000727800000| Untracked 
| 317|0x0000000727a00000, 0x0000000727c00000, 0x0000000727c00000|100%| O|  |TAMS 0x0000000727c00000, 0x0000000727a00000| Untracked 
| 318|0x0000000727c00000, 0x0000000727dffff8, 0x0000000727e00000| 99%| O|  |TAMS 0x0000000727dffff8, 0x0000000727c00000| Untracked 
| 319|0x0000000727e00000, 0x0000000727fe64a0, 0x0000000728000000| 94%| O|  |TAMS 0x0000000727fe64a0, 0x0000000727e00000| Untracked 
| 320|0x0000000728000000, 0x00000007281ffff0, 0x0000000728200000| 99%| O|  |TAMS 0x00000007281ffff0, 0x0000000728000000| Untracked 
| 321|0x0000000728200000, 0x0000000728400000, 0x0000000728400000|100%| O|  |TAMS 0x0000000728400000, 0x0000000728200000| Untracked 
| 322|0x0000000728400000, 0x00000007285ffff0, 0x0000000728600000| 99%| O|  |TAMS 0x00000007285ffff0, 0x0000000728400000| Untracked 
| 323|0x0000000728600000, 0x00000007287ffff0, 0x0000000728800000| 99%| O|  |TAMS 0x00000007287ffff0, 0x0000000728600000| Untracked 
| 324|0x0000000728800000, 0x00000007289c2ea8, 0x0000000728a00000| 88%| O|  |TAMS 0x00000007289c2ea8, 0x0000000728800000| Untracked 
| 325|0x0000000728a00000, 0x0000000728bffff8, 0x0000000728c00000| 99%| O|  |TAMS 0x0000000728bffff8, 0x0000000728a00000| Untracked 
| 326|0x0000000728c00000, 0x0000000728dfff00, 0x0000000728e00000| 99%| O|  |TAMS 0x0000000728dfff00, 0x0000000728c00000| Untracked 
| 327|0x0000000728e00000, 0x0000000728ffffa0, 0x0000000729000000| 99%| O|  |TAMS 0x0000000728ffffa0, 0x0000000728e00000| Untracked 
| 328|0x0000000729000000, 0x00000007291fffc0, 0x0000000729200000| 99%| O|  |TAMS 0x00000007291fffc0, 0x0000000729000000| Untracked 
| 329|0x0000000729200000, 0x00000007293ff8d0, 0x0000000729400000| 99%| O|  |TAMS 0x00000007293ff8d0, 0x0000000729200000| Untracked 
| 330|0x0000000729400000, 0x00000007295fffe0, 0x0000000729600000| 99%| O|  |TAMS 0x00000007295fffe0, 0x0000000729400000| Untracked 
| 331|0x0000000729600000, 0x00000007297ffe18, 0x0000000729800000| 99%| O|  |TAMS 0x00000007297ffe18, 0x0000000729600000| Untracked 
| 332|0x0000000729800000, 0x00000007299d0620, 0x0000000729a00000| 90%| O|  |TAMS 0x00000007299d0620, 0x0000000729800000| Untracked 
| 333|0x0000000729a00000, 0x0000000729bffff8, 0x0000000729c00000| 99%| O|  |TAMS 0x0000000729bffff8, 0x0000000729a00000| Untracked 
| 334|0x0000000729c00000, 0x0000000729e00000, 0x0000000729e00000|100%| O|  |TAMS 0x0000000729e00000, 0x0000000729c00000| Untracked 
| 335|0x0000000729e00000, 0x0000000729fffff0, 0x000000072a000000| 99%| O|  |TAMS 0x0000000729fffff0, 0x0000000729e00000| Untracked 
| 336|0x000000072a000000, 0x000000072a200000, 0x000000072a200000|100%| O|  |TAMS 0x000000072a200000, 0x000000072a000000| Untracked 
| 337|0x000000072a200000, 0x000000072a3fff30, 0x000000072a400000| 99%| O|  |TAMS 0x000000072a3fff30, 0x000000072a200000| Untracked 
| 338|0x000000072a400000, 0x000000072a5ffcf8, 0x000000072a600000| 99%| O|  |TAMS 0x000000072a5ffcf8, 0x000000072a400000| Untracked 
| 339|0x000000072a600000, 0x000000072a7ffea8, 0x000000072a800000| 99%| O|  |TAMS 0x000000072a7ffea8, 0x000000072a600000| Untracked 
| 340|0x000000072a800000, 0x000000072aa00000, 0x000000072aa00000|100%| O|  |TAMS 0x000000072aa00000, 0x000000072a800000| Untracked 
| 341|0x000000072aa00000, 0x000000072abffff8, 0x000000072ac00000| 99%| O|  |TAMS 0x000000072abffff8, 0x000000072aa00000| Untracked 
| 342|0x000000072ac00000, 0x000000072ae00000, 0x000000072ae00000|100%| O|  |TAMS 0x000000072ae00000, 0x000000072ac00000| Untracked 
| 343|0x000000072ae00000, 0x000000072b000000, 0x000000072b000000|100%| O|  |TAMS 0x000000072b000000, 0x000000072ae00000| Untracked 
| 344|0x000000072b000000, 0x000000072b19ff18, 0x000000072b200000| 81%| O|  |TAMS 0x000000072b19ff18, 0x000000072b000000| Untracked 
| 345|0x000000072b200000, 0x000000072b3fffb0, 0x000000072b400000| 99%| O|  |TAMS 0x000000072b3fffb0, 0x000000072b200000| Untracked 
| 346|0x000000072b400000, 0x000000072b5ffff0, 0x000000072b600000| 99%| O|  |TAMS 0x000000072b5ffff0, 0x000000072b400000| Untracked 
| 347|0x000000072b600000, 0x000000072b7fffb8, 0x000000072b800000| 99%| O|  |TAMS 0x000000072b7fffb8, 0x000000072b600000| Untracked 
| 348|0x000000072b800000, 0x000000072ba00000, 0x000000072ba00000|100%| O|  |TAMS 0x000000072ba00000, 0x000000072b800000| Untracked 
| 349|0x000000072ba00000, 0x000000072bbffff8, 0x000000072bc00000| 99%| O|  |TAMS 0x000000072bbffff8, 0x000000072ba00000| Untracked 
| 350|0x000000072bc00000, 0x000000072bdfffd0, 0x000000072be00000| 99%| O|  |TAMS 0x000000072bdfffd0, 0x000000072bc00000| Untracked 
| 351|0x000000072be00000, 0x000000072bffffe0, 0x000000072c000000| 99%| O|  |TAMS 0x000000072bffffe0, 0x000000072be00000| Untracked 
| 352|0x000000072c000000, 0x000000072c1ffff8, 0x000000072c200000| 99%| O|  |TAMS 0x000000072c1ffff8, 0x000000072c000000| Untracked 
| 353|0x000000072c200000, 0x000000072c3ad980, 0x000000072c400000| 83%| O|  |TAMS 0x000000072c3ad980, 0x000000072c200000| Untracked 
| 354|0x000000072c400000, 0x000000072c5ffe98, 0x000000072c600000| 99%| O|  |TAMS 0x000000072c5ffe98, 0x000000072c400000| Untracked 
| 355|0x000000072c600000, 0x000000072c7fffe0, 0x000000072c800000| 99%| O|  |TAMS 0x000000072c7fffe0, 0x000000072c600000| Untracked 
| 356|0x000000072c800000, 0x000000072c9ffef8, 0x000000072ca00000| 99%| O|  |TAMS 0x000000072c9ffef8, 0x000000072c800000| Untracked 
| 357|0x000000072ca00000, 0x000000072cbff3d0, 0x000000072cc00000| 99%| O|  |TAMS 0x000000072cbff3d0, 0x000000072ca00000| Untracked 
| 358|0x000000072cc00000, 0x000000072ce00000, 0x000000072ce00000|100%| O|  |TAMS 0x000000072ce00000, 0x000000072cc00000| Untracked 
| 359|0x000000072ce00000, 0x000000072cfffff0, 0x000000072d000000| 99%| O|  |TAMS 0x000000072cfffff0, 0x000000072ce00000| Untracked 
| 360|0x000000072d000000, 0x000000072d1ffff0, 0x000000072d200000| 99%| O|  |TAMS 0x000000072d1ffff0, 0x000000072d000000| Untracked 
| 361|0x000000072d200000, 0x000000072d3ffff8, 0x000000072d400000| 99%| O|  |TAMS 0x000000072d3ffff8, 0x000000072d200000| Untracked 
| 362|0x000000072d400000, 0x000000072d5ff638, 0x000000072d600000| 99%| O|  |TAMS 0x000000072d5ff638, 0x000000072d400000| Untracked 
| 363|0x000000072d600000, 0x000000072d800000, 0x000000072d800000|100%| O|  |TAMS 0x000000072d800000, 0x000000072d600000| Untracked 
| 364|0x000000072d800000, 0x000000072d9ffff8, 0x000000072da00000| 99%| O|  |TAMS 0x000000072d9ffff8, 0x000000072d800000| Untracked 
| 365|0x000000072da00000, 0x000000072dbf3e10, 0x000000072dc00000| 97%| O|  |TAMS 0x000000072dbf3e10, 0x000000072da00000| Untracked 
| 366|0x000000072dc00000, 0x000000072ddffff0, 0x000000072de00000| 99%| O|  |TAMS 0x000000072ddffff0, 0x000000072dc00000| Untracked 
| 367|0x000000072de00000, 0x000000072e000000, 0x000000072e000000|100%| O|  |TAMS 0x000000072e000000, 0x000000072de00000| Untracked 
| 368|0x000000072e000000, 0x000000072e1fffd8, 0x000000072e200000| 99%| O|  |TAMS 0x000000072e1fffd8, 0x000000072e000000| Untracked 
| 369|0x000000072e200000, 0x000000072e3b9f90, 0x000000072e400000| 86%| O|  |TAMS 0x000000072e3b9f90, 0x000000072e200000| Untracked 
| 370|0x000000072e400000, 0x000000072e600000, 0x000000072e600000|100%| O|  |TAMS 0x000000072e600000, 0x000000072e400000| Untracked 
| 371|0x000000072e600000, 0x000000072e7ff748, 0x000000072e800000| 99%| O|  |TAMS 0x000000072e7ff748, 0x000000072e600000| Untracked 
| 372|0x000000072e800000, 0x000000072ea00000, 0x000000072ea00000|100%| O|  |TAMS 0x000000072ea00000, 0x000000072e800000| Untracked 
| 373|0x000000072ea00000, 0x000000072ebffff8, 0x000000072ec00000| 99%| O|  |TAMS 0x000000072ebffff8, 0x000000072ea00000| Untracked 
| 374|0x000000072ec00000, 0x000000072ee00000, 0x000000072ee00000|100%| O|  |TAMS 0x000000072ee00000, 0x000000072ec00000| Untracked 
| 375|0x000000072ee00000, 0x000000072efff8b0, 0x000000072f000000| 99%| O|  |TAMS 0x000000072efff8b0, 0x000000072ee00000| Untracked 
| 376|0x000000072f000000, 0x000000072f200000, 0x000000072f200000|100%| O|  |TAMS 0x000000072f200000, 0x000000072f000000| Untracked 
| 377|0x000000072f200000, 0x000000072f400000, 0x000000072f400000|100%| O|  |TAMS 0x000000072f400000, 0x000000072f200000| Untracked 
| 378|0x000000072f400000, 0x000000072f600000, 0x000000072f600000|100%| O|  |TAMS 0x000000072f600000, 0x000000072f400000| Untracked 
| 379|0x000000072f600000, 0x000000072f800000, 0x000000072f800000|100%| O|  |TAMS 0x000000072f800000, 0x000000072f600000| Untracked 
| 380|0x000000072f800000, 0x000000072fa00000, 0x000000072fa00000|100%| O|  |TAMS 0x000000072fa00000, 0x000000072f800000| Untracked 
| 381|0x000000072fa00000, 0x000000072fbffff8, 0x000000072fc00000| 99%| O|  |TAMS 0x000000072fbffff8, 0x000000072fa00000| Untracked 
| 382|0x000000072fc00000, 0x000000072fe00000, 0x000000072fe00000|100%| O|  |TAMS 0x000000072fe00000, 0x000000072fc00000| Untracked 
| 383|0x000000072fe00000, 0x0000000730000000, 0x0000000730000000|100%| O|  |TAMS 0x0000000730000000, 0x000000072fe00000| Untracked 
| 384|0x0000000730000000, 0x0000000730200000, 0x0000000730200000|100%| O|  |TAMS 0x0000000730200000, 0x0000000730000000| Untracked 
| 385|0x0000000730200000, 0x00000007303fff20, 0x0000000730400000| 99%| O|  |TAMS 0x00000007303fff20, 0x0000000730200000| Untracked 
| 386|0x0000000730400000, 0x0000000730600000, 0x0000000730600000|100%| O|  |TAMS 0x0000000730600000, 0x0000000730400000| Untracked 
| 387|0x0000000730600000, 0x00000007307ffff8, 0x0000000730800000| 99%| O|  |TAMS 0x00000007307ffff8, 0x0000000730600000| Untracked 
| 388|0x0000000730800000, 0x0000000730a00000, 0x0000000730a00000|100%| O|  |TAMS 0x0000000730a00000, 0x0000000730800000| Untracked 
| 389|0x0000000730a00000, 0x0000000730bfdb18, 0x0000000730c00000| 99%| O|  |TAMS 0x0000000730bfdb18, 0x0000000730a00000| Untracked 
| 390|0x0000000730c00000, 0x0000000730dffec0, 0x0000000730e00000| 99%| O|  |TAMS 0x0000000730dffec0, 0x0000000730c00000| Untracked 
| 391|0x0000000730e00000, 0x0000000731000000, 0x0000000731000000|100%| O|  |TAMS 0x0000000731000000, 0x0000000730e00000| Untracked 
| 392|0x0000000731000000, 0x00000007311ffff8, 0x0000000731200000| 99%| O|  |TAMS 0x00000007311ffff8, 0x0000000731000000| Untracked 
| 393|0x0000000731200000, 0x0000000731400000, 0x0000000731400000|100%| O|  |TAMS 0x0000000731400000, 0x0000000731200000| Untracked 
| 394|0x0000000731400000, 0x0000000731600000, 0x0000000731600000|100%| O|  |TAMS 0x0000000731600000, 0x0000000731400000| Untracked 
| 395|0x0000000731600000, 0x00000007317e4428, 0x0000000731800000| 94%| O|  |TAMS 0x00000007317e4428, 0x0000000731600000| Untracked 
| 396|0x0000000731800000, 0x00000007319ff288, 0x0000000731a00000| 99%| O|  |TAMS 0x00000007319ff288, 0x0000000731800000| Untracked 
| 397|0x0000000731a00000, 0x0000000731bd7040, 0x0000000731c00000| 91%| O|  |TAMS 0x0000000731bd7040, 0x0000000731a00000| Untracked 
| 398|0x0000000731c00000, 0x0000000731dffff8, 0x0000000731e00000| 99%| O|  |TAMS 0x0000000731dffff8, 0x0000000731c00000| Untracked 
| 399|0x0000000731e00000, 0x0000000731ffffd8, 0x0000000732000000| 99%| O|  |TAMS 0x0000000731ffffd8, 0x0000000731e00000| Untracked 
| 400|0x0000000732000000, 0x00000007321fffe8, 0x0000000732200000| 99%| O|  |TAMS 0x00000007321fffe8, 0x0000000732000000| Untracked 
| 401|0x0000000732200000, 0x00000007323fffd0, 0x0000000732400000| 99%| O|  |TAMS 0x00000007323fffd0, 0x0000000732200000| Untracked 
| 402|0x0000000732400000, 0x0000000732600000, 0x0000000732600000|100%| O|  |TAMS 0x0000000732600000, 0x0000000732400000| Untracked 
| 403|0x0000000732600000, 0x00000007327fffe0, 0x0000000732800000| 99%| O|  |TAMS 0x00000007327fffe0, 0x0000000732600000| Untracked 
| 404|0x0000000732800000, 0x00000007329ffff0, 0x0000000732a00000| 99%| O|  |TAMS 0x00000007329ffff0, 0x0000000732800000| Untracked 
| 405|0x0000000732a00000, 0x0000000732bfffe0, 0x0000000732c00000| 99%| O|  |TAMS 0x0000000732bfffe0, 0x0000000732a00000| Untracked 
| 406|0x0000000732c00000, 0x0000000732dfff60, 0x0000000732e00000| 99%| O|  |TAMS 0x0000000732dfff60, 0x0000000732c00000| Untracked 
| 407|0x0000000732e00000, 0x0000000732fffff0, 0x0000000733000000| 99%| O|  |TAMS 0x0000000732fffff0, 0x0000000732e00000| Untracked 
| 408|0x0000000733000000, 0x00000007331fff60, 0x0000000733200000| 99%| O|  |TAMS 0x00000007331fff60, 0x0000000733000000| Untracked 
| 409|0x0000000733200000, 0x0000000733400000, 0x0000000733400000|100%| O|  |TAMS 0x0000000733400000, 0x0000000733200000| Untracked 
| 410|0x0000000733400000, 0x0000000733600000, 0x0000000733600000|100%| O|  |TAMS 0x0000000733600000, 0x0000000733400000| Untracked 
| 411|0x0000000733600000, 0x00000007337d0648, 0x0000000733800000| 90%| O|  |TAMS 0x00000007337d0648, 0x0000000733600000| Untracked 
| 412|0x0000000733800000, 0x0000000733a00000, 0x0000000733a00000|100%| O|  |TAMS 0x0000000733a00000, 0x0000000733800000| Untracked 
| 413|0x0000000733a00000, 0x0000000733c00000, 0x0000000733c00000|100%| O|  |TAMS 0x0000000733c00000, 0x0000000733a00000| Untracked 
| 414|0x0000000733c00000, 0x0000000733d8b460, 0x0000000733e00000| 77%| O|  |TAMS 0x0000000733d8b460, 0x0000000733c00000| Untracked 
| 415|0x0000000733e00000, 0x0000000733fd9a60, 0x0000000734000000| 92%| O|  |TAMS 0x0000000733fd9a60, 0x0000000733e00000| Untracked 
| 416|0x0000000734000000, 0x00000007341fffe0, 0x0000000734200000| 99%| O|  |TAMS 0x00000007341fffe0, 0x0000000734000000| Untracked 
| 417|0x0000000734200000, 0x00000007343ffff8, 0x0000000734400000| 99%| O|  |TAMS 0x00000007343ffff8, 0x0000000734200000| Untracked 
| 418|0x0000000734400000, 0x0000000734600000, 0x0000000734600000|100%| O|  |TAMS 0x0000000734600000, 0x0000000734400000| Untracked 
| 419|0x0000000734600000, 0x0000000734800000, 0x0000000734800000|100%| O|  |TAMS 0x0000000734800000, 0x0000000734600000| Untracked 
| 420|0x0000000734800000, 0x0000000734a00000, 0x0000000734a00000|100%| O|  |TAMS 0x0000000734a00000, 0x0000000734800000| Untracked 
| 421|0x0000000734a00000, 0x0000000734bfffe8, 0x0000000734c00000| 99%| O|  |TAMS 0x0000000734bfffe8, 0x0000000734a00000| Untracked 
| 422|0x0000000734c00000, 0x0000000734e00000, 0x0000000734e00000|100%| O|  |TAMS 0x0000000734e00000, 0x0000000734c00000| Untracked 
| 423|0x0000000734e00000, 0x0000000734fffff8, 0x0000000735000000| 99%| O|  |TAMS 0x0000000734fffff8, 0x0000000734e00000| Untracked 
| 424|0x0000000735000000, 0x00000007351fffe0, 0x0000000735200000| 99%| O|  |TAMS 0x00000007351fffe0, 0x0000000735000000| Untracked 
| 425|0x0000000735200000, 0x00000007353fff88, 0x0000000735400000| 99%| O|  |TAMS 0x00000007353fff88, 0x0000000735200000| Untracked 
| 426|0x0000000735400000, 0x0000000735600000, 0x0000000735600000|100%| O|  |TAMS 0x0000000735600000, 0x0000000735400000| Untracked 
| 427|0x0000000735600000, 0x00000007357ffff8, 0x0000000735800000| 99%| O|  |TAMS 0x00000007357ffff8, 0x0000000735600000| Untracked 
| 428|0x0000000735800000, 0x0000000735a00000, 0x0000000735a00000|100%| O|  |TAMS 0x0000000735a00000, 0x0000000735800000| Untracked 
| 429|0x0000000735a00000, 0x0000000735bfff80, 0x0000000735c00000| 99%| O|  |TAMS 0x0000000735bfff80, 0x0000000735a00000| Untracked 
| 430|0x0000000735c00000, 0x0000000735dffca8, 0x0000000735e00000| 99%| O|  |TAMS 0x0000000735dffca8, 0x0000000735c00000| Untracked 
| 431|0x0000000735e00000, 0x0000000736000000, 0x0000000736000000|100%| O|  |TAMS 0x0000000736000000, 0x0000000735e00000| Untracked 
| 432|0x0000000736000000, 0x0000000736200000, 0x0000000736200000|100%| O|  |TAMS 0x0000000736200000, 0x0000000736000000| Untracked 
| 433|0x0000000736200000, 0x00000007363fffe0, 0x0000000736400000| 99%| O|  |TAMS 0x00000007363fffe0, 0x0000000736200000| Untracked 
| 434|0x0000000736400000, 0x00000007365ffff8, 0x0000000736600000| 99%| O|  |TAMS 0x00000007365ffff8, 0x0000000736400000| Untracked 
| 435|0x0000000736600000, 0x00000007367ffff8, 0x0000000736800000| 99%| O|  |TAMS 0x00000007367ffff8, 0x0000000736600000| Untracked 
| 436|0x0000000736800000, 0x00000007369fc380, 0x0000000736a00000| 99%| O|  |TAMS 0x00000007369fc380, 0x0000000736800000| Untracked 
| 437|0x0000000736a00000, 0x0000000736bfffd8, 0x0000000736c00000| 99%| O|  |TAMS 0x0000000736bfffd8, 0x0000000736a00000| Untracked 
| 438|0x0000000736c00000, 0x0000000736dfffd8, 0x0000000736e00000| 99%| O|  |TAMS 0x0000000736dfffd8, 0x0000000736c00000| Untracked 
| 439|0x0000000736e00000, 0x0000000737000000, 0x0000000737000000|100%| O|  |TAMS 0x0000000737000000, 0x0000000736e00000| Untracked 
| 440|0x0000000737000000, 0x00000007371fffa8, 0x0000000737200000| 99%| O|  |TAMS 0x00000007371fffa8, 0x0000000737000000| Untracked 
| 441|0x0000000737200000, 0x00000007373ff038, 0x0000000737400000| 99%| O|  |TAMS 0x00000007373ff038, 0x0000000737200000| Untracked 
| 442|0x0000000737400000, 0x00000007375fff28, 0x0000000737600000| 99%| O|  |TAMS 0x00000007375fff28, 0x0000000737400000| Untracked 
| 443|0x0000000737600000, 0x0000000737800000, 0x0000000737800000|100%| O|  |TAMS 0x0000000737800000, 0x0000000737600000| Untracked 
| 444|0x0000000737800000, 0x00000007379fffe8, 0x0000000737a00000| 99%| O|  |TAMS 0x00000007379fffe8, 0x0000000737800000| Untracked 
| 445|0x0000000737a00000, 0x0000000737bfffd0, 0x0000000737c00000| 99%| O|  |TAMS 0x0000000737bfffd0, 0x0000000737a00000| Untracked 
| 446|0x0000000737c00000, 0x0000000737dff9d8, 0x0000000737e00000| 99%| O|  |TAMS 0x0000000737dff9d8, 0x0000000737c00000| Untracked 
| 447|0x0000000737e00000, 0x0000000738000000, 0x0000000738000000|100%| O|  |TAMS 0x0000000738000000, 0x0000000737e00000| Untracked 
| 448|0x0000000738000000, 0x0000000738200000, 0x0000000738200000|100%| O|  |TAMS 0x0000000738200000, 0x0000000738000000| Untracked 
| 449|0x0000000738200000, 0x00000007383fffd8, 0x0000000738400000| 99%| O|  |TAMS 0x00000007383fffd8, 0x0000000738200000| Untracked 
| 450|0x0000000738400000, 0x0000000738600000, 0x0000000738600000|100%| O|  |TAMS 0x0000000738600000, 0x0000000738400000| Untracked 
| 451|0x0000000738600000, 0x00000007387fffc0, 0x0000000738800000| 99%| O|  |TAMS 0x00000007387fffc0, 0x0000000738600000| Untracked 
| 452|0x0000000738800000, 0x0000000738a00000, 0x0000000738a00000|100%| O|  |TAMS 0x0000000738a00000, 0x0000000738800000| Untracked 
| 453|0x0000000738a00000, 0x0000000738bfffc8, 0x0000000738c00000| 99%| O|  |TAMS 0x0000000738bfffc8, 0x0000000738a00000| Untracked 
| 454|0x0000000738c00000, 0x0000000738e00000, 0x0000000738e00000|100%| O|  |TAMS 0x0000000738e00000, 0x0000000738c00000| Untracked 
| 455|0x0000000738e00000, 0x0000000738ffffd8, 0x0000000739000000| 99%| O|  |TAMS 0x0000000738ffffd8, 0x0000000738e00000| Untracked 
| 456|0x0000000739000000, 0x00000007391ffff0, 0x0000000739200000| 99%| O|  |TAMS 0x00000007391ffff0, 0x0000000739000000| Untracked 
| 457|0x0000000739200000, 0x0000000739400000, 0x0000000739400000|100%| O|  |TAMS 0x0000000739400000, 0x0000000739200000| Untracked 
| 458|0x0000000739400000, 0x00000007395fffe0, 0x0000000739600000| 99%| O|  |TAMS 0x00000007395fffe0, 0x0000000739400000| Untracked 
| 459|0x0000000739600000, 0x00000007397ffff0, 0x0000000739800000| 99%| O|  |TAMS 0x00000007397ffff0, 0x0000000739600000| Untracked 
| 460|0x0000000739800000, 0x00000007399fffd8, 0x0000000739a00000| 99%| O|  |TAMS 0x00000007399fffd8, 0x0000000739800000| Untracked 
| 461|0x0000000739a00000, 0x0000000739bfffe0, 0x0000000739c00000| 99%| O|  |TAMS 0x0000000739bfffe0, 0x0000000739a00000| Untracked 
| 462|0x0000000739c00000, 0x0000000739e00000, 0x0000000739e00000|100%| O|  |TAMS 0x0000000739e00000, 0x0000000739c00000| Untracked 
| 463|0x0000000739e00000, 0x0000000739ffe4d8, 0x000000073a000000| 99%| O|  |TAMS 0x0000000739ffe4d8, 0x0000000739e00000| Untracked 
| 464|0x000000073a000000, 0x000000073a200000, 0x000000073a200000|100%| O|  |TAMS 0x000000073a200000, 0x000000073a000000| Untracked 
| 465|0x000000073a200000, 0x000000073a3fffa8, 0x000000073a400000| 99%| O|  |TAMS 0x000000073a3fffa8, 0x000000073a200000| Untracked 
| 466|0x000000073a400000, 0x000000073a5fff80, 0x000000073a600000| 99%| O|  |TAMS 0x000000073a5fff80, 0x000000073a400000| Untracked 
| 467|0x000000073a600000, 0x000000073a7fffa0, 0x000000073a800000| 99%| O|  |TAMS 0x000000073a7fffa0, 0x000000073a600000| Untracked 
| 468|0x000000073a800000, 0x000000073a9ffff0, 0x000000073aa00000| 99%| O|  |TAMS 0x000000073a9ffff0, 0x000000073a800000| Untracked 
| 469|0x000000073aa00000, 0x000000073ac00000, 0x000000073ac00000|100%| O|  |TAMS 0x000000073ac00000, 0x000000073aa00000| Untracked 
| 470|0x000000073ac00000, 0x000000073adffff8, 0x000000073ae00000| 99%| O|  |TAMS 0x000000073adffff8, 0x000000073ac00000| Untracked 
| 471|0x000000073ae00000, 0x000000073affffa8, 0x000000073b000000| 99%| O|  |TAMS 0x000000073affffa8, 0x000000073ae00000| Untracked 
| 472|0x000000073b000000, 0x000000073b200000, 0x000000073b200000|100%| O|  |TAMS 0x000000073b200000, 0x000000073b000000| Untracked 
| 473|0x000000073b200000, 0x000000073b3f9f90, 0x000000073b400000| 98%| O|  |TAMS 0x000000073b3f9f90, 0x000000073b200000| Untracked 
| 474|0x000000073b400000, 0x000000073b5fe090, 0x000000073b600000| 99%| O|  |TAMS 0x000000073b5fe090, 0x000000073b400000| Untracked 
| 475|0x000000073b600000, 0x000000073b7ffff0, 0x000000073b800000| 99%| O|  |TAMS 0x000000073b7ffff0, 0x000000073b600000| Untracked 
| 476|0x000000073b800000, 0x000000073b9ffff0, 0x000000073ba00000| 99%| O|  |TAMS 0x000000073b9ffff0, 0x000000073b800000| Untracked 
| 477|0x000000073ba00000, 0x000000073bbfffd0, 0x000000073bc00000| 99%| O|  |TAMS 0x000000073bbfffd0, 0x000000073ba00000| Untracked 
| 478|0x000000073bc00000, 0x000000073bdfcd00, 0x000000073be00000| 99%| O|  |TAMS 0x000000073bdfcd00, 0x000000073bc00000| Untracked 
| 479|0x000000073be00000, 0x000000073bfffff8, 0x000000073c000000| 99%| O|  |TAMS 0x000000073bfffff8, 0x000000073be00000| Untracked 
| 480|0x000000073c000000, 0x000000073c1fffd0, 0x000000073c200000| 99%| O|  |TAMS 0x000000073c1fffd0, 0x000000073c000000| Untracked 
| 481|0x000000073c200000, 0x000000073c400000, 0x000000073c400000|100%| O|  |TAMS 0x000000073c400000, 0x000000073c200000| Untracked 
| 482|0x000000073c400000, 0x000000073c5fffc8, 0x000000073c600000| 99%| O|  |TAMS 0x000000073c5fffc8, 0x000000073c400000| Untracked 
| 483|0x000000073c600000, 0x000000073c800000, 0x000000073c800000|100%| O|  |TAMS 0x000000073c800000, 0x000000073c600000| Untracked 
| 484|0x000000073c800000, 0x000000073c9ffff0, 0x000000073ca00000| 99%| O|  |TAMS 0x000000073c9ffff0, 0x000000073c800000| Untracked 
| 485|0x000000073ca00000, 0x000000073cbffff8, 0x000000073cc00000| 99%| O|  |TAMS 0x000000073cbffff8, 0x000000073ca00000| Untracked 
| 486|0x000000073cc00000, 0x000000073ce00000, 0x000000073ce00000|100%| O|  |TAMS 0x000000073ce00000, 0x000000073cc00000| Untracked 
| 487|0x000000073ce00000, 0x000000073d000000, 0x000000073d000000|100%| O|  |TAMS 0x000000073d000000, 0x000000073ce00000| Untracked 
| 488|0x000000073d000000, 0x000000073d1fffe0, 0x000000073d200000| 99%| O|  |TAMS 0x000000073d1fffe0, 0x000000073d000000| Untracked 
| 489|0x000000073d200000, 0x000000073d400000, 0x000000073d400000|100%| O|  |TAMS 0x000000073d400000, 0x000000073d200000| Untracked 
| 490|0x000000073d400000, 0x000000073d600000, 0x000000073d600000|100%| O|  |TAMS 0x000000073d600000, 0x000000073d400000| Untracked 
| 491|0x000000073d600000, 0x000000073d800000, 0x000000073d800000|100%| O|  |TAMS 0x000000073d800000, 0x000000073d600000| Untracked 
| 492|0x000000073d800000, 0x000000073da00000, 0x000000073da00000|100%| O|  |TAMS 0x000000073da00000, 0x000000073d800000| Untracked 
| 493|0x000000073da00000, 0x000000073dc00000, 0x000000073dc00000|100%| O|  |TAMS 0x000000073dc00000, 0x000000073da00000| Untracked 
| 494|0x000000073dc00000, 0x000000073de00000, 0x000000073de00000|100%| O|  |TAMS 0x000000073de00000, 0x000000073dc00000| Untracked 
| 495|0x000000073de00000, 0x000000073e000000, 0x000000073e000000|100%| O|  |TAMS 0x000000073e000000, 0x000000073de00000| Untracked 
| 496|0x000000073e000000, 0x000000073e1fff78, 0x000000073e200000| 99%| O|  |TAMS 0x000000073e1fff78, 0x000000073e000000| Untracked 
| 497|0x000000073e200000, 0x000000073e3fffd8, 0x000000073e400000| 99%| O|  |TAMS 0x000000073e3fffd8, 0x000000073e200000| Untracked 
| 498|0x000000073e400000, 0x000000073e600000, 0x000000073e600000|100%| O|  |TAMS 0x000000073e600000, 0x000000073e400000| Untracked 
| 499|0x000000073e600000, 0x000000073e7ff760, 0x000000073e800000| 99%| O|  |TAMS 0x000000073e7ff760, 0x000000073e600000| Untracked 
| 500|0x000000073e800000, 0x000000073e9ffff0, 0x000000073ea00000| 99%| O|  |TAMS 0x000000073e9ffff0, 0x000000073e800000| Untracked 
| 501|0x000000073ea00000, 0x000000073ebffff8, 0x000000073ec00000| 99%| O|  |TAMS 0x000000073ebffff8, 0x000000073ea00000| Untracked 
| 502|0x000000073ec00000, 0x000000073ee00000, 0x000000073ee00000|100%| O|  |TAMS 0x000000073ee00000, 0x000000073ec00000| Untracked 
| 503|0x000000073ee00000, 0x000000073f000000, 0x000000073f000000|100%| O|  |TAMS 0x000000073f000000, 0x000000073ee00000| Untracked 
| 504|0x000000073f000000, 0x000000073f1ffe60, 0x000000073f200000| 99%| O|  |TAMS 0x000000073f1ffe60, 0x000000073f000000| Untracked 
| 505|0x000000073f200000, 0x000000073f3fffe0, 0x000000073f400000| 99%| O|  |TAMS 0x000000073f3fffe0, 0x000000073f200000| Untracked 
| 506|0x000000073f400000, 0x000000073f5fffc0, 0x000000073f600000| 99%| O|  |TAMS 0x000000073f5fffc0, 0x000000073f400000| Untracked 
| 507|0x000000073f600000, 0x000000073f7fffc0, 0x000000073f800000| 99%| O|  |TAMS 0x000000073f7fffc0, 0x000000073f600000| Untracked 
| 508|0x000000073f800000, 0x000000073f9fffc8, 0x000000073fa00000| 99%| O|  |TAMS 0x000000073f9fffc8, 0x000000073f800000| Untracked 
| 509|0x000000073fa00000, 0x000000073fbffff0, 0x000000073fc00000| 99%| O|  |TAMS 0x000000073fbffff0, 0x000000073fa00000| Untracked 
| 510|0x000000073fc00000, 0x000000073fdd9af0, 0x000000073fe00000| 92%| O|  |TAMS 0x000000073fdd9af0, 0x000000073fc00000| Untracked 
| 511|0x000000073fe00000, 0x000000073fffff90, 0x0000000740000000| 99%| O|  |TAMS 0x000000073fffff90, 0x000000073fe00000| Untracked 
| 512|0x0000000740000000, 0x00000007401f6568, 0x0000000740200000| 98%| O|  |TAMS 0x00000007401f6568, 0x0000000740000000| Untracked 
| 513|0x0000000740200000, 0x0000000740400000, 0x0000000740400000|100%| O|  |TAMS 0x0000000740400000, 0x0000000740200000| Untracked 
| 514|0x0000000740400000, 0x0000000740600000, 0x0000000740600000|100%| O|  |TAMS 0x0000000740600000, 0x0000000740400000| Untracked 
| 515|0x0000000740600000, 0x00000007407fffe8, 0x0000000740800000| 99%| O|  |TAMS 0x00000007407fffe8, 0x0000000740600000| Untracked 
| 516|0x0000000740800000, 0x0000000740a00000, 0x0000000740a00000|100%| O|  |TAMS 0x0000000740a00000, 0x0000000740800000| Untracked 
| 517|0x0000000740a00000, 0x0000000740bffff0, 0x0000000740c00000| 99%| O|  |TAMS 0x0000000740bffff0, 0x0000000740a00000| Untracked 
| 518|0x0000000740c00000, 0x0000000740dfffd8, 0x0000000740e00000| 99%| O|  |TAMS 0x0000000740dfffd8, 0x0000000740c00000| Untracked 
| 519|0x0000000740e00000, 0x0000000740fffe88, 0x0000000741000000| 99%| O|  |TAMS 0x0000000740fffe88, 0x0000000740e00000| Untracked 
| 520|0x0000000741000000, 0x0000000741200000, 0x0000000741200000|100%| O|  |TAMS 0x0000000741200000, 0x0000000741000000| Untracked 
| 521|0x0000000741200000, 0x00000007413ff158, 0x0000000741400000| 99%| O|  |TAMS 0x00000007413ff158, 0x0000000741200000| Untracked 
| 522|0x0000000741400000, 0x00000007415fffe8, 0x0000000741600000| 99%| O|  |TAMS 0x00000007415fffe8, 0x0000000741400000| Untracked 
| 523|0x0000000741600000, 0x00000007417ffff8, 0x0000000741800000| 99%| O|  |TAMS 0x00000007417ffff8, 0x0000000741600000| Untracked 
| 524|0x0000000741800000, 0x00000007419fffb8, 0x0000000741a00000| 99%| O|  |TAMS 0x00000007419fffb8, 0x0000000741800000| Untracked 
| 525|0x0000000741a00000, 0x0000000741c00000, 0x0000000741c00000|100%|HS|  |TAMS 0x0000000741c00000, 0x0000000741a00000| Untracked 
| 526|0x0000000741c00000, 0x0000000741e00000, 0x0000000741e00000|100%|HC|  |TAMS 0x0000000741e00000, 0x0000000741c00000| Untracked 
| 527|0x0000000741e00000, 0x0000000742000000, 0x0000000742000000|100%|HC|  |TAMS 0x0000000742000000, 0x0000000741e00000| Untracked 
| 528|0x0000000742000000, 0x0000000742200000, 0x0000000742200000|100%|HS|  |TAMS 0x0000000742200000, 0x0000000742000000| Complete 
| 529|0x0000000742200000, 0x0000000742400000, 0x0000000742400000|100%|HC|  |TAMS 0x0000000742400000, 0x0000000742200000| Complete 
| 530|0x0000000742400000, 0x0000000742600000, 0x0000000742600000|100%|HC|  |TAMS 0x0000000742600000, 0x0000000742400000| Complete 
| 531|0x0000000742600000, 0x00000007427fffd0, 0x0000000742800000| 99%| O|  |TAMS 0x00000007427fffd0, 0x0000000742600000| Untracked 
| 532|0x0000000742800000, 0x00000007429fffe0, 0x0000000742a00000| 99%| O|  |TAMS 0x00000007429fffe0, 0x0000000742800000| Untracked 
| 533|0x0000000742a00000, 0x0000000742bfff78, 0x0000000742c00000| 99%| O|  |TAMS 0x0000000742bfff78, 0x0000000742a00000| Untracked 
| 534|0x0000000742c00000, 0x0000000742e00000, 0x0000000742e00000|100%| O|  |TAMS 0x0000000742e00000, 0x0000000742c00000| Untracked 
| 535|0x0000000742e00000, 0x0000000742ffffe0, 0x0000000743000000| 99%| O|  |TAMS 0x0000000742ffffe0, 0x0000000742e00000| Untracked 
| 536|0x0000000743000000, 0x00000007431b50b0, 0x0000000743200000| 85%| O|  |TAMS 0x00000007431b50b0, 0x0000000743000000| Untracked 
| 537|0x0000000743200000, 0x0000000743400000, 0x0000000743400000|100%| O|  |TAMS 0x0000000743400000, 0x0000000743200000| Untracked 
| 538|0x0000000743400000, 0x0000000743600000, 0x0000000743600000|100%| O|  |TAMS 0x0000000743600000, 0x0000000743400000| Untracked 
| 539|0x0000000743600000, 0x00000007437c6898, 0x0000000743800000| 88%| O|  |TAMS 0x00000007437c6898, 0x0000000743600000| Untracked 
| 540|0x0000000743800000, 0x0000000743a00000, 0x0000000743a00000|100%| O|  |TAMS 0x0000000743a00000, 0x0000000743800000| Untracked 
| 541|0x0000000743a00000, 0x0000000743bfffb8, 0x0000000743c00000| 99%| O|  |TAMS 0x0000000743bfffb8, 0x0000000743a00000| Untracked 
| 542|0x0000000743c00000, 0x0000000743dfffa8, 0x0000000743e00000| 99%| O|  |TAMS 0x0000000743dfffa8, 0x0000000743c00000| Untracked 
| 543|0x0000000743e00000, 0x0000000743ffffe0, 0x0000000744000000| 99%| O|  |TAMS 0x0000000743ffffe0, 0x0000000743e00000| Untracked 
| 544|0x0000000744000000, 0x0000000744200000, 0x0000000744200000|100%| O|  |TAMS 0x0000000744200000, 0x0000000744000000| Untracked 
| 545|0x0000000744200000, 0x0000000744400000, 0x0000000744400000|100%| O|  |TAMS 0x0000000744400000, 0x0000000744200000| Untracked 
| 546|0x0000000744400000, 0x00000007445fff90, 0x0000000744600000| 99%| O|  |TAMS 0x00000007445fff90, 0x0000000744400000| Untracked 
| 547|0x0000000744600000, 0x00000007447ffff0, 0x0000000744800000| 99%| O|  |TAMS 0x00000007447ffff0, 0x0000000744600000| Untracked 
| 548|0x0000000744800000, 0x0000000744a00000, 0x0000000744a00000|100%| O|  |TAMS 0x0000000744a00000, 0x0000000744800000| Untracked 
| 549|0x0000000744a00000, 0x0000000744bfffe0, 0x0000000744c00000| 99%| O|  |TAMS 0x0000000744bfffe0, 0x0000000744a00000| Untracked 
| 550|0x0000000744c00000, 0x0000000744dfff20, 0x0000000744e00000| 99%| O|  |TAMS 0x0000000744dfff20, 0x0000000744c00000| Untracked 
| 551|0x0000000744e00000, 0x0000000744ffffe0, 0x0000000745000000| 99%| O|  |TAMS 0x0000000744ffffe0, 0x0000000744e00000| Untracked 
| 552|0x0000000745000000, 0x00000007451fff80, 0x0000000745200000| 99%| O|  |TAMS 0x00000007451fff80, 0x0000000745000000| Untracked 
| 553|0x0000000745200000, 0x00000007453fffd8, 0x0000000745400000| 99%| O|  |TAMS 0x00000007453fffd8, 0x0000000745200000| Untracked 
| 554|0x0000000745400000, 0x00000007455fbeb0, 0x0000000745600000| 99%| O|  |TAMS 0x00000007455fbeb0, 0x0000000745400000| Untracked 
| 555|0x0000000745600000, 0x00000007457ff0b0, 0x0000000745800000| 99%| O|  |TAMS 0x00000007457ff0b0, 0x0000000745600000| Untracked 
| 556|0x0000000745800000, 0x00000007459fffe8, 0x0000000745a00000| 99%| O|  |TAMS 0x00000007459fffe8, 0x0000000745800000| Untracked 
| 557|0x0000000745a00000, 0x0000000745c00000, 0x0000000745c00000|100%| O|  |TAMS 0x0000000745c00000, 0x0000000745a00000| Untracked 
| 558|0x0000000745c00000, 0x0000000745dffff8, 0x0000000745e00000| 99%| O|  |TAMS 0x0000000745dffff8, 0x0000000745c00000| Untracked 
| 559|0x0000000745e00000, 0x0000000745ffff98, 0x0000000746000000| 99%| O|  |TAMS 0x0000000745ffff98, 0x0000000745e00000| Untracked 
| 560|0x0000000746000000, 0x00000007461ffff8, 0x0000000746200000| 99%| O|  |TAMS 0x00000007461ffff8, 0x0000000746000000| Untracked 
| 561|0x0000000746200000, 0x00000007463ffff0, 0x0000000746400000| 99%| O|  |TAMS 0x00000007463ffff0, 0x0000000746200000| Untracked 
| 562|0x0000000746400000, 0x00000007465ffff0, 0x0000000746600000| 99%| O|  |TAMS 0x00000007465ffff0, 0x0000000746400000| Untracked 
| 563|0x0000000746600000, 0x00000007467fffe8, 0x0000000746800000| 99%| O|  |TAMS 0x00000007467fffe8, 0x0000000746600000| Untracked 
| 564|0x0000000746800000, 0x00000007469fffe0, 0x0000000746a00000| 99%| O|  |TAMS 0x00000007469fffe0, 0x0000000746800000| Untracked 
| 565|0x0000000746a00000, 0x0000000746bffff8, 0x0000000746c00000| 99%| O|  |TAMS 0x0000000746bffff8, 0x0000000746a00000| Untracked 
| 566|0x0000000746c00000, 0x0000000746dfffb0, 0x0000000746e00000| 99%| O|  |TAMS 0x0000000746dfffb0, 0x0000000746c00000| Untracked 
| 567|0x0000000746e00000, 0x0000000746ffffb0, 0x0000000747000000| 99%| O|  |TAMS 0x0000000746ffffb0, 0x0000000746e00000| Untracked 
| 568|0x0000000747000000, 0x00000007471ffff8, 0x0000000747200000| 99%| O|  |TAMS 0x00000007471ffff8, 0x0000000747000000| Untracked 
| 569|0x0000000747200000, 0x00000007473ffea0, 0x0000000747400000| 99%| O|  |TAMS 0x00000007473ffea0, 0x0000000747200000| Untracked 
| 570|0x0000000747400000, 0x0000000747600000, 0x0000000747600000|100%| O|  |TAMS 0x0000000747600000, 0x0000000747400000| Untracked 
| 571|0x0000000747600000, 0x0000000747800000, 0x0000000747800000|100%| O|  |TAMS 0x0000000747800000, 0x0000000747600000| Untracked 
| 572|0x0000000747800000, 0x0000000747a00000, 0x0000000747a00000|100%| O|  |TAMS 0x0000000747a00000, 0x0000000747800000| Untracked 
| 573|0x0000000747a00000, 0x0000000747bfffc8, 0x0000000747c00000| 99%| O|  |TAMS 0x0000000747bfffc8, 0x0000000747a00000| Untracked 
| 574|0x0000000747c00000, 0x0000000747dffff0, 0x0000000747e00000| 99%| O|  |TAMS 0x0000000747dffff0, 0x0000000747c00000| Untracked 
| 575|0x0000000747e00000, 0x0000000747ffffe0, 0x0000000748000000| 99%| O|  |TAMS 0x0000000747ffffe0, 0x0000000747e00000| Untracked 
| 576|0x0000000748000000, 0x00000007481d1900, 0x0000000748200000| 90%| O|  |TAMS 0x00000007481d1900, 0x0000000748000000| Untracked 
| 577|0x0000000748200000, 0x00000007483ffff0, 0x0000000748400000| 99%| O|  |TAMS 0x00000007483ffff0, 0x0000000748200000| Untracked 
| 578|0x0000000748400000, 0x0000000748600000, 0x0000000748600000|100%| O|  |TAMS 0x0000000748400000, 0x0000000748400000| Untracked 
| 579|0x0000000748600000, 0x0000000748800000, 0x0000000748800000|100%| O|  |TAMS 0x0000000748600000, 0x0000000748600000| Untracked 
| 580|0x0000000748800000, 0x00000007489fffe0, 0x0000000748a00000| 99%| O|  |TAMS 0x00000007489fffe0, 0x0000000748800000| Untracked 
| 581|0x0000000748a00000, 0x0000000748bffff0, 0x0000000748c00000| 99%| O|  |TAMS 0x0000000748bffff0, 0x0000000748a00000| Untracked 
| 582|0x0000000748c00000, 0x0000000748dffef8, 0x0000000748e00000| 99%| O|  |TAMS 0x0000000748dffef8, 0x0000000748c00000| Untracked 
| 583|0x0000000748e00000, 0x0000000748fffca0, 0x0000000749000000| 99%| O|  |TAMS 0x0000000748fffca0, 0x0000000748e00000| Untracked 
| 584|0x0000000749000000, 0x0000000749200000, 0x0000000749200000|100%| O|  |TAMS 0x0000000749200000, 0x0000000749000000| Untracked 
| 585|0x0000000749200000, 0x00000007493fffe0, 0x0000000749400000| 99%| O|  |TAMS 0x00000007493fffe0, 0x0000000749200000| Untracked 
| 586|0x0000000749400000, 0x00000007495ffff0, 0x0000000749600000| 99%| O|  |TAMS 0x00000007495ffff0, 0x0000000749400000| Untracked 
| 587|0x0000000749600000, 0x00000007497fffe8, 0x0000000749800000| 99%| O|  |TAMS 0x00000007497fffe8, 0x0000000749600000| Untracked 
| 588|0x0000000749800000, 0x0000000749a00000, 0x0000000749a00000|100%| O|  |TAMS 0x0000000749a00000, 0x0000000749800000| Untracked 
| 589|0x0000000749a00000, 0x0000000749c00000, 0x0000000749c00000|100%| O|  |TAMS 0x0000000749c00000, 0x0000000749a00000| Untracked 
| 590|0x0000000749c00000, 0x0000000749dfffd0, 0x0000000749e00000| 99%| O|  |TAMS 0x0000000749dfffd0, 0x0000000749c00000| Untracked 
| 591|0x0000000749e00000, 0x0000000749fffff8, 0x000000074a000000| 99%| O|  |TAMS 0x0000000749fffff8, 0x0000000749e00000| Untracked 
| 592|0x000000074a000000, 0x000000074a1ffa58, 0x000000074a200000| 99%| O|  |TAMS 0x000000074a1ffa58, 0x000000074a000000| Untracked 
| 593|0x000000074a200000, 0x000000074a400000, 0x000000074a400000|100%| O|  |TAMS 0x000000074a400000, 0x000000074a200000| Untracked 
| 594|0x000000074a400000, 0x000000074a5fffd8, 0x000000074a600000| 99%| O|  |TAMS 0x000000074a5fffd8, 0x000000074a400000| Untracked 
| 595|0x000000074a600000, 0x000000074a800000, 0x000000074a800000|100%| O|  |TAMS 0x000000074a800000, 0x000000074a600000| Untracked 
| 596|0x000000074a800000, 0x000000074a99dcd0, 0x000000074aa00000| 80%| O|  |TAMS 0x000000074a99dcd0, 0x000000074a800000| Untracked 
| 597|0x000000074aa00000, 0x000000074ac00000, 0x000000074ac00000|100%| O|  |TAMS 0x000000074ac00000, 0x000000074aa00000| Untracked 
| 598|0x000000074ac00000, 0x000000074adffff0, 0x000000074ae00000| 99%| O|  |TAMS 0x000000074adffff0, 0x000000074ac00000| Untracked 
| 599|0x000000074ae00000, 0x000000074b000000, 0x000000074b000000|100%| O|  |TAMS 0x000000074b000000, 0x000000074ae00000| Untracked 
| 600|0x000000074b000000, 0x000000074b200000, 0x000000074b200000|100%| O|  |TAMS 0x000000074b200000, 0x000000074b000000| Untracked 
| 601|0x000000074b200000, 0x000000074b400000, 0x000000074b400000|100%| O|  |TAMS 0x000000074b400000, 0x000000074b200000| Untracked 
| 602|0x000000074b400000, 0x000000074b600000, 0x000000074b600000|100%| O|  |TAMS 0x000000074b600000, 0x000000074b400000| Untracked 
| 603|0x000000074b600000, 0x000000074b800000, 0x000000074b800000|100%| O|  |TAMS 0x000000074b800000, 0x000000074b600000| Untracked 
| 604|0x000000074b800000, 0x000000074ba00000, 0x000000074ba00000|100%| O|  |TAMS 0x000000074ba00000, 0x000000074b800000| Untracked 
| 605|0x000000074ba00000, 0x000000074bbffef8, 0x000000074bc00000| 99%| O|  |TAMS 0x000000074bbffef8, 0x000000074ba00000| Untracked 
| 606|0x000000074bc00000, 0x000000074be00000, 0x000000074be00000|100%| O|  |TAMS 0x000000074be00000, 0x000000074bc00000| Untracked 
| 607|0x000000074be00000, 0x000000074c000000, 0x000000074c000000|100%| O|  |TAMS 0x000000074c000000, 0x000000074be00000| Untracked 
| 608|0x000000074c000000, 0x000000074c200000, 0x000000074c200000|100%| O|  |TAMS 0x000000074c200000, 0x000000074c000000| Untracked 
| 609|0x000000074c200000, 0x000000074c3fda98, 0x000000074c400000| 99%| O|  |TAMS 0x000000074c3fda98, 0x000000074c200000| Untracked 
| 610|0x000000074c400000, 0x000000074c5fe170, 0x000000074c600000| 99%| O|  |TAMS 0x000000074c5fe170, 0x000000074c400000| Untracked 
| 611|0x000000074c600000, 0x000000074c7ff858, 0x000000074c800000| 99%| O|  |TAMS 0x000000074c7ff858, 0x000000074c600000| Untracked 
| 612|0x000000074c800000, 0x000000074c9fffe8, 0x000000074ca00000| 99%| O|  |TAMS 0x000000074c9fffe8, 0x000000074c800000| Untracked 
| 613|0x000000074ca00000, 0x000000074cc00000, 0x000000074cc00000|100%| O|  |TAMS 0x000000074cc00000, 0x000000074ca00000| Untracked 
| 614|0x000000074cc00000, 0x000000074ce00000, 0x000000074ce00000|100%| O|  |TAMS 0x000000074cc00000, 0x000000074cc00000| Untracked 
| 615|0x000000074ce00000, 0x000000074d000000, 0x000000074d000000|100%| O|  |TAMS 0x000000074d000000, 0x000000074ce00000| Untracked 
| 616|0x000000074d000000, 0x000000074d200000, 0x000000074d200000|100%| O|  |TAMS 0x000000074d200000, 0x000000074d000000| Untracked 
| 617|0x000000074d200000, 0x000000074d3fff98, 0x000000074d400000| 99%| O|  |TAMS 0x000000074d3fff98, 0x000000074d200000| Untracked 
| 618|0x000000074d400000, 0x000000074d5ffff8, 0x000000074d600000| 99%| O|  |TAMS 0x000000074d5ffff8, 0x000000074d400000| Untracked 
| 619|0x000000074d600000, 0x000000074d800000, 0x000000074d800000|100%| O|  |TAMS 0x000000074d800000, 0x000000074d600000| Untracked 
| 620|0x000000074d800000, 0x000000074d9fffe8, 0x000000074da00000| 99%| O|  |TAMS 0x000000074d9fffe8, 0x000000074d800000| Untracked 
| 621|0x000000074da00000, 0x000000074dbffff8, 0x000000074dc00000| 99%| O|  |TAMS 0x000000074dbffff8, 0x000000074da00000| Untracked 
| 622|0x000000074dc00000, 0x000000074ddfffe8, 0x000000074de00000| 99%| O|  |TAMS 0x000000074ddfffe8, 0x000000074dc00000| Untracked 
| 623|0x000000074de00000, 0x000000074e000000, 0x000000074e000000|100%| O|  |TAMS 0x000000074e000000, 0x000000074de00000| Untracked 
| 624|0x000000074e000000, 0x000000074e200000, 0x000000074e200000|100%| O|  |TAMS 0x000000074e000000, 0x000000074e000000| Untracked 
| 625|0x000000074e200000, 0x000000074e3ffff0, 0x000000074e400000| 99%| O|  |TAMS 0x000000074e3ffff0, 0x000000074e200000| Untracked 
| 626|0x000000074e400000, 0x000000074e600000, 0x000000074e600000|100%| O|  |TAMS 0x000000074e600000, 0x000000074e400000| Untracked 
| 627|0x000000074e600000, 0x000000074e800000, 0x000000074e800000|100%| O|  |TAMS 0x000000074e800000, 0x000000074e600000| Untracked 
| 628|0x000000074e800000, 0x000000074e9b6028, 0x000000074ea00000| 85%| O|  |TAMS 0x000000074e9b6028, 0x000000074e800000| Untracked 
| 629|0x000000074ea00000, 0x000000074eba4eb0, 0x000000074ec00000| 82%| O|  |TAMS 0x000000074eba4eb0, 0x000000074ea00000| Untracked 
| 630|0x000000074ec00000, 0x000000074ee00000, 0x000000074ee00000|100%| O|  |TAMS 0x000000074ee00000, 0x000000074ec00000| Untracked 
| 631|0x000000074ee00000, 0x000000074f000000, 0x000000074f000000|100%| O|  |TAMS 0x000000074f000000, 0x000000074ee00000| Untracked 
| 632|0x000000074f000000, 0x000000074f1e8cd8, 0x000000074f200000| 95%| O|  |TAMS 0x000000074f1e8cd8, 0x000000074f000000| Untracked 
| 633|0x000000074f200000, 0x000000074f3bce88, 0x000000074f400000| 86%| O|  |TAMS 0x000000074f3bce88, 0x000000074f200000| Untracked 
| 634|0x000000074f400000, 0x000000074f5b16e8, 0x000000074f600000| 84%| O|  |TAMS 0x000000074f5b16e8, 0x000000074f400000| Untracked 
| 635|0x000000074f600000, 0x000000074f7fffd8, 0x000000074f800000| 99%| O|  |TAMS 0x000000074f7fffd8, 0x000000074f600000| Untracked 
| 636|0x000000074f800000, 0x000000074f9ffff0, 0x000000074fa00000| 99%| O|  |TAMS 0x000000074f9ffff0, 0x000000074f800000| Untracked 
| 637|0x000000074fa00000, 0x000000074fbfffe0, 0x000000074fc00000| 99%| O|  |TAMS 0x000000074fbfffe0, 0x000000074fa00000| Untracked 
| 638|0x000000074fc00000, 0x000000074fdffff8, 0x000000074fe00000| 99%| O|  |TAMS 0x000000074fdffff8, 0x000000074fc00000| Untracked 
| 639|0x000000074fe00000, 0x000000074fffffe8, 0x0000000750000000| 99%| O|  |TAMS 0x000000074fffffe8, 0x000000074fe00000| Untracked 
| 640|0x0000000750000000, 0x00000007501d9498, 0x0000000750200000| 92%| O|  |TAMS 0x00000007501d9498, 0x0000000750000000| Untracked 
| 641|0x0000000750200000, 0x0000000750400000, 0x0000000750400000|100%| O|  |TAMS 0x0000000750400000, 0x0000000750200000| Untracked 
| 642|0x0000000750400000, 0x00000007505d4c40, 0x0000000750600000| 91%| O|  |TAMS 0x00000007505d4c40, 0x0000000750400000| Untracked 
| 643|0x0000000750600000, 0x00000007507ffff8, 0x0000000750800000| 99%| O|  |TAMS 0x00000007507ffff8, 0x0000000750600000| Untracked 
| 644|0x0000000750800000, 0x00000007509f1760, 0x0000000750a00000| 97%| O|  |TAMS 0x00000007509f1760, 0x0000000750800000| Untracked 
| 645|0x0000000750a00000, 0x0000000750bdbe90, 0x0000000750c00000| 92%| O|  |TAMS 0x0000000750bdbe90, 0x0000000750a00000| Untracked 
| 646|0x0000000750c00000, 0x0000000750dffff8, 0x0000000750e00000| 99%| O|  |TAMS 0x0000000750dffff8, 0x0000000750c00000| Untracked 
| 647|0x0000000750e00000, 0x0000000750ffffe0, 0x0000000751000000| 99%| O|  |TAMS 0x0000000750ffffe0, 0x0000000750e00000| Untracked 
| 648|0x0000000751000000, 0x00000007511ffff0, 0x0000000751200000| 99%| O|  |TAMS 0x00000007511ffff0, 0x0000000751000000| Untracked 
| 649|0x0000000751200000, 0x0000000751400000, 0x0000000751400000|100%| O|  |TAMS 0x0000000751400000, 0x0000000751200000| Untracked 
| 650|0x0000000751400000, 0x00000007515b8d50, 0x0000000751600000| 86%| O|  |TAMS 0x00000007515b8d50, 0x0000000751400000| Untracked 
| 651|0x0000000751600000, 0x00000007517c42a8, 0x0000000751800000| 88%| O|  |TAMS 0x00000007517c42a8, 0x0000000751600000| Untracked 
| 652|0x0000000751800000, 0x0000000751a00000, 0x0000000751a00000|100%| O|  |TAMS 0x0000000751a00000, 0x0000000751800000| Untracked 
| 653|0x0000000751a00000, 0x0000000751c00000, 0x0000000751c00000|100%| O|  |TAMS 0x0000000751c00000, 0x0000000751a00000| Untracked 
| 654|0x0000000751c00000, 0x0000000751dfffe0, 0x0000000751e00000| 99%| O|  |TAMS 0x0000000751dfffe0, 0x0000000751c00000| Untracked 
| 655|0x0000000751e00000, 0x0000000752000000, 0x0000000752000000|100%| O|  |TAMS 0x0000000752000000, 0x0000000751e00000| Untracked 
| 656|0x0000000752000000, 0x00000007521a8d68, 0x0000000752200000| 82%| O|  |TAMS 0x00000007521a8d68, 0x0000000752000000| Untracked 
| 657|0x0000000752200000, 0x00000007523d9238, 0x0000000752400000| 92%| O|  |TAMS 0x00000007523d9238, 0x0000000752200000| Untracked 
| 658|0x0000000752400000, 0x00000007525d4c40, 0x0000000752600000| 91%| O|  |TAMS 0x00000007525d4c40, 0x0000000752400000| Untracked 
| 659|0x0000000752600000, 0x0000000752800000, 0x0000000752800000|100%| O|  |TAMS 0x0000000752800000, 0x0000000752600000| Untracked 
| 660|0x0000000752800000, 0x0000000752a00000, 0x0000000752a00000|100%| O|  |TAMS 0x0000000752800000, 0x0000000752800000| Untracked 
| 661|0x0000000752a00000, 0x0000000752bfff10, 0x0000000752c00000| 99%| O|  |TAMS 0x0000000752bfff10, 0x0000000752a00000| Untracked 
| 662|0x0000000752c00000, 0x0000000752dffff0, 0x0000000752e00000| 99%| O|  |TAMS 0x0000000752dffff0, 0x0000000752c00000| Untracked 
| 663|0x0000000752e00000, 0x0000000752fd4c40, 0x0000000753000000| 91%| O|  |TAMS 0x0000000752fd4c40, 0x0000000752e00000| Untracked 
| 664|0x0000000753000000, 0x00000007530f9368, 0x0000000753200000| 48%| O|  |TAMS 0x00000007530f9368, 0x0000000753000000| Untracked 
| 665|0x0000000753200000, 0x0000000753400000, 0x0000000753400000|100%| O|  |TAMS 0x0000000753200000, 0x0000000753200000| Untracked 
| 666|0x0000000753400000, 0x0000000753600000, 0x0000000753600000|100%| O|  |TAMS 0x0000000753600000, 0x0000000753400000| Untracked 
| 667|0x0000000753600000, 0x00000007537ffe20, 0x0000000753800000| 99%| O|  |TAMS 0x00000007537ffe20, 0x0000000753600000| Untracked 
| 668|0x0000000753800000, 0x00000007539ffff8, 0x0000000753a00000| 99%| O|  |TAMS 0x00000007539ffff8, 0x0000000753800000| Untracked 
| 669|0x0000000753a00000, 0x0000000753c00000, 0x0000000753c00000|100%| O|  |TAMS 0x0000000753c00000, 0x0000000753a00000| Untracked 
| 670|0x0000000753c00000, 0x0000000753e00000, 0x0000000753e00000|100%| O|  |TAMS 0x0000000753e00000, 0x0000000753c00000| Untracked 
| 671|0x0000000753e00000, 0x0000000753fbdb18, 0x0000000754000000| 87%| O|  |TAMS 0x0000000753fbdb18, 0x0000000753e00000| Untracked 
| 672|0x0000000754000000, 0x0000000754200000, 0x0000000754200000|100%| O|  |TAMS 0x0000000754200000, 0x0000000754000000| Untracked 
| 673|0x0000000754200000, 0x00000007543fffe8, 0x0000000754400000| 99%| O|  |TAMS 0x00000007543fffe8, 0x0000000754200000| Untracked 
| 674|0x0000000754400000, 0x0000000754600000, 0x0000000754600000|100%| O|  |TAMS 0x0000000754400000, 0x0000000754400000| Untracked 
| 675|0x0000000754600000, 0x0000000754800000, 0x0000000754800000|100%| O|  |TAMS 0x0000000754600000, 0x0000000754600000| Untracked 
| 676|0x0000000754800000, 0x00000007549d4c40, 0x0000000754a00000| 91%| O|  |TAMS 0x00000007549d4c40, 0x0000000754800000| Untracked 
| 677|0x0000000754a00000, 0x0000000754c00000, 0x0000000754c00000|100%| O|  |TAMS 0x0000000754c00000, 0x0000000754a00000| Untracked 
| 678|0x0000000754c00000, 0x0000000754dd4c40, 0x0000000754e00000| 91%| O|  |TAMS 0x0000000754dd4c40, 0x0000000754c00000| Untracked 
| 679|0x0000000754e00000, 0x0000000754ffff98, 0x0000000755000000| 99%| O|  |TAMS 0x0000000754ffff98, 0x0000000754e00000| Untracked 
| 680|0x0000000755000000, 0x00000007551fffd0, 0x0000000755200000| 99%| O|  |TAMS 0x00000007551fffd0, 0x0000000755000000| Untracked 
| 681|0x0000000755200000, 0x00000007553ffff0, 0x0000000755400000| 99%| O|  |TAMS 0x00000007553ffff0, 0x0000000755200000| Untracked 
| 682|0x0000000755400000, 0x00000007555eda58, 0x0000000755600000| 96%| O|  |TAMS 0x00000007555eda58, 0x0000000755400000| Untracked 
| 683|0x0000000755600000, 0x00000007557fffe8, 0x0000000755800000| 99%| O|  |TAMS 0x00000007557fffe8, 0x0000000755600000| Untracked 
| 684|0x0000000755800000, 0x0000000755977080, 0x0000000755a00000| 73%| O|  |TAMS 0x0000000755977080, 0x0000000755800000| Untracked 
| 685|0x0000000755a00000, 0x0000000755c00000, 0x0000000755c00000|100%| O|  |TAMS 0x0000000755c00000, 0x0000000755a00000| Untracked 
| 686|0x0000000755c00000, 0x0000000755e00000, 0x0000000755e00000|100%| O|  |TAMS 0x0000000755e00000, 0x0000000755c00000| Untracked 
| 687|0x0000000755e00000, 0x0000000756000000, 0x0000000756000000|100%| O|  |TAMS 0x0000000756000000, 0x0000000755e00000| Untracked 
| 688|0x0000000756000000, 0x0000000756200000, 0x0000000756200000|100%| O|  |TAMS 0x0000000756200000, 0x0000000756000000| Untracked 
| 689|0x0000000756200000, 0x00000007563bdc80, 0x0000000756400000| 87%| O|  |TAMS 0x00000007563bdc80, 0x0000000756200000| Untracked 
| 690|0x0000000756400000, 0x0000000756600000, 0x0000000756600000|100%| O|  |TAMS 0x0000000756400000, 0x0000000756400000| Untracked 
| 691|0x0000000756600000, 0x0000000756800000, 0x0000000756800000|100%| O|  |TAMS 0x0000000756600000, 0x0000000756600000| Untracked 
| 692|0x0000000756800000, 0x00000007569ffab0, 0x0000000756a00000| 99%| O|  |TAMS 0x00000007569ffab0, 0x0000000756800000| Untracked 
| 693|0x0000000756a00000, 0x0000000756bd4c40, 0x0000000756c00000| 91%| O|  |TAMS 0x0000000756bd4c40, 0x0000000756a00000| Untracked 
| 694|0x0000000756c00000, 0x0000000756dfffa0, 0x0000000756e00000| 99%| O|  |TAMS 0x0000000756dfffa0, 0x0000000756c00000| Untracked 
| 695|0x0000000756e00000, 0x0000000756fd4c40, 0x0000000757000000| 91%| O|  |TAMS 0x0000000756fd4c40, 0x0000000756e00000| Untracked 
| 696|0x0000000757000000, 0x00000007571ffff8, 0x0000000757200000| 99%| O|  |TAMS 0x00000007571ffff8, 0x0000000757000000| Untracked 
| 697|0x0000000757200000, 0x00000007573bc920, 0x0000000757400000| 86%| O|  |TAMS 0x00000007573bc920, 0x0000000757200000| Untracked 
| 698|0x0000000757400000, 0x0000000757600000, 0x0000000757600000|100%| O|  |TAMS 0x0000000757400000, 0x0000000757400000| Untracked 
| 699|0x0000000757600000, 0x0000000757800000, 0x0000000757800000|100%| O|  |TAMS 0x0000000757600000, 0x0000000757600000| Untracked 
| 700|0x0000000757800000, 0x0000000757a00000, 0x0000000757a00000|100%|HS|  |TAMS 0x0000000757800000, 0x0000000757800000| Complete 
| 701|0x0000000757a00000, 0x0000000757bfffe0, 0x0000000757c00000| 99%| O|  |TAMS 0x0000000757bfffe0, 0x0000000757a00000| Untracked 
| 702|0x0000000757c00000, 0x0000000757e00000, 0x0000000757e00000|100%|HS|  |TAMS 0x0000000757e00000, 0x0000000757c00000| Untracked 
| 703|0x0000000757e00000, 0x0000000758000000, 0x0000000758000000|100%|HC|  |TAMS 0x0000000758000000, 0x0000000757e00000| Untracked 
| 704|0x0000000758000000, 0x0000000758200000, 0x0000000758200000|100%|HC|  |TAMS 0x0000000758200000, 0x0000000758000000| Untracked 
| 705|0x0000000758200000, 0x0000000758400000, 0x0000000758400000|100%| O|  |TAMS 0x0000000758200000, 0x0000000758200000| Untracked 
| 706|0x0000000758400000, 0x0000000758600000, 0x0000000758600000|100%| O|  |TAMS 0x0000000758600000, 0x0000000758400000| Untracked 
| 707|0x0000000758600000, 0x0000000758800000, 0x0000000758800000|100%| O|  |TAMS 0x0000000758800000, 0x0000000758600000| Untracked 
| 708|0x0000000758800000, 0x0000000758a00000, 0x0000000758a00000|100%| O|  |TAMS 0x0000000758a00000, 0x0000000758800000| Untracked 
| 709|0x0000000758a00000, 0x0000000758bffff8, 0x0000000758c00000| 99%| O|  |TAMS 0x0000000758bffff8, 0x0000000758a00000| Untracked 
| 710|0x0000000758c00000, 0x0000000758e00000, 0x0000000758e00000|100%| O|  |TAMS 0x0000000758e00000, 0x0000000758c00000| Untracked 
| 711|0x0000000758e00000, 0x0000000759000000, 0x0000000759000000|100%| O|  |TAMS 0x0000000759000000, 0x0000000758e00000| Untracked 
| 712|0x0000000759000000, 0x00000007591d4c40, 0x0000000759200000| 91%| O|  |TAMS 0x00000007591d4c40, 0x0000000759000000| Untracked 
| 713|0x0000000759200000, 0x0000000759400000, 0x0000000759400000|100%| O|  |TAMS 0x0000000759400000, 0x0000000759200000| Untracked 
| 714|0x0000000759400000, 0x0000000759600000, 0x0000000759600000|100%|HS|  |TAMS 0x0000000759400000, 0x0000000759400000| Complete 
| 715|0x0000000759600000, 0x00000007597fffe8, 0x0000000759800000| 99%| O|  |TAMS 0x00000007597fffe8, 0x0000000759600000| Untracked 
| 716|0x0000000759800000, 0x00000007599ffff8, 0x0000000759a00000| 99%| O|  |TAMS 0x00000007599ffff8, 0x0000000759800000| Untracked 
| 717|0x0000000759a00000, 0x0000000759c00000, 0x0000000759c00000|100%| O|  |TAMS 0x0000000759c00000, 0x0000000759a00000| Untracked 
| 718|0x0000000759c00000, 0x0000000759d533b8, 0x0000000759e00000| 66%| O|  |TAMS 0x0000000759d533b8, 0x0000000759c00000| Untracked 
| 719|0x0000000759e00000, 0x000000075a000000, 0x000000075a000000|100%| O|  |TAMS 0x0000000759e00000, 0x0000000759e00000| Untracked 
| 720|0x000000075a000000, 0x000000075a200000, 0x000000075a200000|100%| O|  |TAMS 0x000000075a200000, 0x000000075a000000| Untracked 
| 721|0x000000075a200000, 0x000000075a400000, 0x000000075a400000|100%| O|  |TAMS 0x000000075a400000, 0x000000075a200000| Untracked 
| 722|0x000000075a400000, 0x000000075a600000, 0x000000075a600000|100%| O|  |TAMS 0x000000075a400000, 0x000000075a400000| Untracked 
| 723|0x000000075a600000, 0x000000075a7d4c40, 0x000000075a800000| 91%| O|  |TAMS 0x000000075a7d4c40, 0x000000075a600000| Untracked 
| 724|0x000000075a800000, 0x000000075aa00000, 0x000000075aa00000|100%| O|  |TAMS 0x000000075a800000, 0x000000075a800000| Untracked 
| 725|0x000000075aa00000, 0x000000075ab5d3b8, 0x000000075ac00000| 68%| O|  |TAMS 0x000000075ab5d3b8, 0x000000075aa00000| Untracked 
| 726|0x000000075ac00000, 0x000000075ae00000, 0x000000075ae00000|100%| O|  |TAMS 0x000000075ac00000, 0x000000075ac00000| Untracked 
| 727|0x000000075ae00000, 0x000000075afe6578, 0x000000075b000000| 94%| O|  |TAMS 0x000000075afe6578, 0x000000075ae00000| Untracked 
| 728|0x000000075b000000, 0x000000075b200000, 0x000000075b200000|100%| O|  |TAMS 0x000000075b000000, 0x000000075b000000| Untracked 
| 729|0x000000075b200000, 0x000000075b400000, 0x000000075b400000|100%| O|  |TAMS 0x000000075b400000, 0x000000075b200000| Untracked 
| 730|0x000000075b400000, 0x000000075b5d4c40, 0x000000075b600000| 91%| O|  |TAMS 0x000000075b5d4c40, 0x000000075b400000| Untracked 
| 731|0x000000075b600000, 0x000000075b7fffe0, 0x000000075b800000| 99%| O|  |TAMS 0x000000075b7fffe0, 0x000000075b600000| Untracked 
| 732|0x000000075b800000, 0x000000075ba00000, 0x000000075ba00000|100%| O|  |TAMS 0x000000075b800000, 0x000000075b800000| Untracked 
| 733|0x000000075ba00000, 0x000000075bc00000, 0x000000075bc00000|100%| O|  |TAMS 0x000000075bc00000, 0x000000075ba00000| Untracked 
| 734|0x000000075bc00000, 0x000000075be00000, 0x000000075be00000|100%| O|  |TAMS 0x000000075bc00000, 0x000000075bc00000| Untracked 
| 735|0x000000075be00000, 0x000000075c000000, 0x000000075c000000|100%| O|  |TAMS 0x000000075c000000, 0x000000075be00000| Untracked 
| 736|0x000000075c000000, 0x000000075c200000, 0x000000075c200000|100%| O|  |TAMS 0x000000075c000000, 0x000000075c000000| Untracked 
| 737|0x000000075c200000, 0x000000075c400000, 0x000000075c400000|100%| O|  |TAMS 0x000000075c400000, 0x000000075c200000| Untracked 
| 738|0x000000075c400000, 0x000000075c5ffff8, 0x000000075c600000| 99%| O|  |TAMS 0x000000075c5ffff8, 0x000000075c400000| Untracked 
| 739|0x000000075c600000, 0x000000075c800000, 0x000000075c800000|100%| O|  |TAMS 0x000000075c800000, 0x000000075c600000| Untracked 
| 740|0x000000075c800000, 0x000000075c9fffb8, 0x000000075ca00000| 99%| O|  |TAMS 0x000000075c9fffb8, 0x000000075c800000| Untracked 
| 741|0x000000075ca00000, 0x000000075cc00000, 0x000000075cc00000|100%| O|  |TAMS 0x000000075ca00000, 0x000000075ca00000| Untracked 
| 742|0x000000075cc00000, 0x000000075ce00000, 0x000000075ce00000|100%| O|  |TAMS 0x000000075cc00000, 0x000000075cc00000| Untracked 
| 743|0x000000075ce00000, 0x000000075d000000, 0x000000075d000000|100%| O|  |TAMS 0x000000075ce00000, 0x000000075ce00000| Untracked 
| 744|0x000000075d000000, 0x000000075d200000, 0x000000075d200000|100%| O|  |TAMS 0x000000075d200000, 0x000000075d000000| Untracked 
| 745|0x000000075d200000, 0x000000075d400000, 0x000000075d400000|100%| O|  |TAMS 0x000000075d200000, 0x000000075d200000| Untracked 
| 746|0x000000075d400000, 0x000000075d600000, 0x000000075d600000|100%| O|  |TAMS 0x000000075d400000, 0x000000075d400000| Untracked 
| 747|0x000000075d600000, 0x000000075d800000, 0x000000075d800000|100%| O|  |TAMS 0x000000075d800000, 0x000000075d600000| Untracked 
| 748|0x000000075d800000, 0x000000075da00000, 0x000000075da00000|100%| O|  |TAMS 0x000000075d800000, 0x000000075d800000| Untracked 
| 749|0x000000075da00000, 0x000000075dbded40, 0x000000075dc00000| 93%| O|  |TAMS 0x000000075dbded40, 0x000000075da00000| Untracked 
| 750|0x000000075dc00000, 0x000000075de00000, 0x000000075de00000|100%| O|  |TAMS 0x000000075dc00000, 0x000000075dc00000| Untracked 
| 751|0x000000075de00000, 0x000000075dfd4c40, 0x000000075e000000| 91%| O|  |TAMS 0x000000075dfd4c40, 0x000000075de00000| Untracked 
| 752|0x000000075e000000, 0x000000075e200000, 0x000000075e200000|100%| O|  |TAMS 0x000000075e000000, 0x000000075e000000| Untracked 
| 753|0x000000075e200000, 0x000000075e400000, 0x000000075e400000|100%| O|  |TAMS 0x000000075e200000, 0x000000075e200000| Untracked 
| 754|0x000000075e400000, 0x000000075e600000, 0x000000075e600000|100%| O|  |TAMS 0x000000075e400000, 0x000000075e400000| Untracked 
| 755|0x000000075e600000, 0x000000075e800000, 0x000000075e800000|100%| O|  |TAMS 0x000000075e800000, 0x000000075e600000| Untracked 
| 756|0x000000075e800000, 0x000000075ea00000, 0x000000075ea00000|100%| O|  |TAMS 0x000000075ea00000, 0x000000075e800000| Untracked 
| 757|0x000000075ea00000, 0x000000075ebfffd8, 0x000000075ec00000| 99%| O|  |TAMS 0x000000075ebfffd8, 0x000000075ea00000| Untracked 
| 758|0x000000075ec00000, 0x000000075ee00000, 0x000000075ee00000|100%|HS|  |TAMS 0x000000075ee00000, 0x000000075ec00000| Untracked 
| 759|0x000000075ee00000, 0x000000075f000000, 0x000000075f000000|100%|HC|  |TAMS 0x000000075f000000, 0x000000075ee00000| Untracked 
| 760|0x000000075f000000, 0x000000075f200000, 0x000000075f200000|100%|HC|  |TAMS 0x000000075f200000, 0x000000075f000000| Untracked 
| 761|0x000000075f200000, 0x000000075f400000, 0x000000075f400000|100%|HC|  |TAMS 0x000000075f400000, 0x000000075f200000| Untracked 
| 762|0x000000075f400000, 0x000000075f600000, 0x000000075f600000|100%|HC|  |TAMS 0x000000075f600000, 0x000000075f400000| Untracked 
| 763|0x000000075f600000, 0x000000075f800000, 0x000000075f800000|100%| O|  |TAMS 0x000000075f600000, 0x000000075f600000| Untracked 
| 764|0x000000075f800000, 0x000000075fa00000, 0x000000075fa00000|100%| O|  |TAMS 0x000000075f800000, 0x000000075f800000| Untracked 
| 765|0x000000075fa00000, 0x000000075fb91578, 0x000000075fc00000| 78%| O|  |TAMS 0x000000075fb91578, 0x000000075fa00000| Untracked 
| 766|0x000000075fc00000, 0x000000075fe00000, 0x000000075fe00000|100%| O|  |TAMS 0x000000075fc00000, 0x000000075fc00000| Untracked 
| 767|0x000000075fe00000, 0x0000000760000000, 0x0000000760000000|100%| O|  |TAMS 0x000000075fe00000, 0x000000075fe00000| Untracked 
| 768|0x0000000760000000, 0x0000000760200000, 0x0000000760200000|100%| O|  |TAMS 0x0000000760000000, 0x0000000760000000| Untracked 
| 769|0x0000000760200000, 0x0000000760400000, 0x0000000760400000|100%| O|  |TAMS 0x0000000760400000, 0x0000000760200000| Untracked 
| 770|0x0000000760400000, 0x0000000760600000, 0x0000000760600000|100%| O|  |TAMS 0x0000000760600000, 0x0000000760400000| Untracked 
| 771|0x0000000760600000, 0x0000000760800000, 0x0000000760800000|100%| O|  |TAMS 0x0000000760600000, 0x0000000760600000| Untracked 
| 772|0x0000000760800000, 0x0000000760a00000, 0x0000000760a00000|100%| O|  |TAMS 0x0000000760a00000, 0x0000000760800000| Untracked 
| 773|0x0000000760a00000, 0x0000000760bf4070, 0x0000000760c00000| 97%| O|  |TAMS 0x0000000760bf4070, 0x0000000760a00000| Untracked 
| 774|0x0000000760c00000, 0x0000000760e00000, 0x0000000760e00000|100%| O|  |TAMS 0x0000000760e00000, 0x0000000760c00000| Untracked 
| 775|0x0000000760e00000, 0x0000000761000000, 0x0000000761000000|100%| O|  |TAMS 0x0000000760e00000, 0x0000000760e00000| Untracked 
| 776|0x0000000761000000, 0x0000000761200000, 0x0000000761200000|100%| O|  |TAMS 0x0000000761200000, 0x0000000761000000| Untracked 
| 777|0x0000000761200000, 0x0000000761400000, 0x0000000761400000|100%| O|  |TAMS 0x0000000761400000, 0x0000000761200000| Untracked 
| 778|0x0000000761400000, 0x00000007615ffff8, 0x0000000761600000| 99%| O|  |TAMS 0x00000007615ffff8, 0x0000000761400000| Untracked 
| 779|0x0000000761600000, 0x0000000761800000, 0x0000000761800000|100%| O|  |TAMS 0x0000000761800000, 0x0000000761600000| Untracked 
| 780|0x0000000761800000, 0x0000000761a00000, 0x0000000761a00000|100%| O|  |TAMS 0x0000000761a00000, 0x0000000761800000| Untracked 
| 781|0x0000000761a00000, 0x0000000761c00000, 0x0000000761c00000|100%| O|  |TAMS 0x0000000761c00000, 0x0000000761a00000| Untracked 
| 782|0x0000000761c00000, 0x0000000761e00000, 0x0000000761e00000|100%| O|  |TAMS 0x0000000761e00000, 0x0000000761c00000| Untracked 
| 783|0x0000000761e00000, 0x0000000762000000, 0x0000000762000000|100%| O|  |TAMS 0x0000000762000000, 0x0000000761e00000| Untracked 
| 784|0x0000000762000000, 0x0000000762200000, 0x0000000762200000|100%| O|  |TAMS 0x0000000762000000, 0x0000000762000000| Untracked 
| 785|0x0000000762200000, 0x0000000762400000, 0x0000000762400000|100%| O|  |TAMS 0x0000000762400000, 0x0000000762200000| Untracked 
| 786|0x0000000762400000, 0x0000000762600000, 0x0000000762600000|100%| O|  |TAMS 0x0000000762600000, 0x0000000762400000| Untracked 
| 787|0x0000000762600000, 0x0000000762800000, 0x0000000762800000|100%| O|  |TAMS 0x0000000762800000, 0x0000000762600000| Untracked 
| 788|0x0000000762800000, 0x0000000762a00000, 0x0000000762a00000|100%| O|  |TAMS 0x0000000762a00000, 0x0000000762800000| Untracked 
| 789|0x0000000762a00000, 0x0000000762c00000, 0x0000000762c00000|100%| O|  |TAMS 0x0000000762c00000, 0x0000000762a00000| Untracked 
| 790|0x0000000762c00000, 0x0000000762e00000, 0x0000000762e00000|100%| O|  |TAMS 0x0000000762e00000, 0x0000000762c00000| Untracked 
| 791|0x0000000762e00000, 0x0000000763000000, 0x0000000763000000|100%| O|  |TAMS 0x0000000763000000, 0x0000000762e00000| Untracked 
| 792|0x0000000763000000, 0x0000000763200000, 0x0000000763200000|100%| O|  |TAMS 0x0000000763200000, 0x0000000763000000| Untracked 
| 793|0x0000000763200000, 0x0000000763400000, 0x0000000763400000|100%| O|  |TAMS 0x0000000763400000, 0x0000000763200000| Untracked 
| 794|0x0000000763400000, 0x0000000763600000, 0x0000000763600000|100%| O|  |TAMS 0x0000000763600000, 0x0000000763400000| Untracked 
| 795|0x0000000763600000, 0x0000000763800000, 0x0000000763800000|100%| O|  |TAMS 0x0000000763800000, 0x0000000763600000| Untracked 
| 796|0x0000000763800000, 0x0000000763a00000, 0x0000000763a00000|100%| O|  |TAMS 0x0000000763800000, 0x0000000763800000| Untracked 
| 797|0x0000000763a00000, 0x0000000763c00000, 0x0000000763c00000|100%| O|  |TAMS 0x0000000763a00000, 0x0000000763a00000| Untracked 
| 798|0x0000000763c00000, 0x0000000763df5408, 0x0000000763e00000| 97%| O|  |TAMS 0x0000000763df5408, 0x0000000763c00000| Untracked 
| 799|0x0000000763e00000, 0x0000000764000000, 0x0000000764000000|100%| O|  |TAMS 0x0000000763e00000, 0x0000000763e00000| Untracked 
| 800|0x0000000764000000, 0x0000000764200000, 0x0000000764200000|100%| O|  |TAMS 0x0000000764200000, 0x0000000764000000| Untracked 
| 801|0x0000000764200000, 0x0000000764400000, 0x0000000764400000|100%| O|  |TAMS 0x0000000764200000, 0x0000000764200000| Untracked 
| 802|0x0000000764400000, 0x00000007645ff7c8, 0x0000000764600000| 99%| O|  |TAMS 0x00000007645ff7c8, 0x0000000764400000| Untracked 
| 803|0x0000000764600000, 0x0000000764800000, 0x0000000764800000|100%| O|  |TAMS 0x0000000764600000, 0x0000000764600000| Untracked 
| 804|0x0000000764800000, 0x0000000764a00000, 0x0000000764a00000|100%| O|  |TAMS 0x0000000764800000, 0x0000000764800000| Untracked 
| 805|0x0000000764a00000, 0x0000000764c00000, 0x0000000764c00000|100%| O|  |TAMS 0x0000000764c00000, 0x0000000764a00000| Untracked 
| 806|0x0000000764c00000, 0x0000000764e00000, 0x0000000764e00000|100%| O|  |TAMS 0x0000000764e00000, 0x0000000764c00000| Untracked 
| 807|0x0000000764e00000, 0x0000000765000000, 0x0000000765000000|100%| O|  |TAMS 0x0000000765000000, 0x0000000764e00000| Untracked 
| 808|0x0000000765000000, 0x0000000765200000, 0x0000000765200000|100%| O|  |TAMS 0x0000000765200000, 0x0000000765000000| Untracked 
| 809|0x0000000765200000, 0x0000000765400000, 0x0000000765400000|100%| O|  |TAMS 0x0000000765200000, 0x0000000765200000| Untracked 
| 810|0x0000000765400000, 0x0000000765600000, 0x0000000765600000|100%| O|  |TAMS 0x0000000765600000, 0x0000000765400000| Untracked 
| 811|0x0000000765600000, 0x0000000765800000, 0x0000000765800000|100%| O|  |TAMS 0x0000000765800000, 0x0000000765600000| Untracked 
| 812|0x0000000765800000, 0x0000000765a00000, 0x0000000765a00000|100%| O|  |TAMS 0x0000000765a00000, 0x0000000765800000| Untracked 
| 813|0x0000000765a00000, 0x0000000765c00000, 0x0000000765c00000|100%| O|  |TAMS 0x0000000765c00000, 0x0000000765a00000| Untracked 
| 814|0x0000000765c00000, 0x0000000765e00000, 0x0000000765e00000|100%| O|  |TAMS 0x0000000765e00000, 0x0000000765c00000| Untracked 
| 815|0x0000000765e00000, 0x0000000766000000, 0x0000000766000000|100%| O|  |TAMS 0x0000000766000000, 0x0000000765e00000| Untracked 
| 816|0x0000000766000000, 0x0000000766200000, 0x0000000766200000|100%| O|  |TAMS 0x0000000766000000, 0x0000000766000000| Untracked 
| 817|0x0000000766200000, 0x0000000766400000, 0x0000000766400000|100%| O|  |TAMS 0x0000000766400000, 0x0000000766200000| Untracked 
| 818|0x0000000766400000, 0x0000000766600000, 0x0000000766600000|100%| O|  |TAMS 0x0000000766600000, 0x0000000766400000| Untracked 
| 819|0x0000000766600000, 0x0000000766800000, 0x0000000766800000|100%| O|  |TAMS 0x0000000766800000, 0x0000000766600000| Untracked 
| 820|0x0000000766800000, 0x0000000766a00000, 0x0000000766a00000|100%| O|  |TAMS 0x0000000766a00000, 0x0000000766800000| Untracked 
| 821|0x0000000766a00000, 0x0000000766c00000, 0x0000000766c00000|100%| O|  |TAMS 0x0000000766c00000, 0x0000000766a00000| Untracked 
| 822|0x0000000766c00000, 0x0000000766e00000, 0x0000000766e00000|100%| O|  |TAMS 0x0000000766e00000, 0x0000000766c00000| Untracked 
| 823|0x0000000766e00000, 0x0000000767000000, 0x0000000767000000|100%| O|  |TAMS 0x0000000767000000, 0x0000000766e00000| Untracked 
| 824|0x0000000767000000, 0x0000000767200000, 0x0000000767200000|100%| O|  |TAMS 0x0000000767200000, 0x0000000767000000| Untracked 
| 825|0x0000000767200000, 0x0000000767400000, 0x0000000767400000|100%| O|  |TAMS 0x0000000767400000, 0x0000000767200000| Untracked 
| 826|0x0000000767400000, 0x0000000767600000, 0x0000000767600000|100%| O|  |TAMS 0x0000000767600000, 0x0000000767400000| Untracked 
| 827|0x0000000767600000, 0x0000000767800000, 0x0000000767800000|100%| O|  |TAMS 0x0000000767800000, 0x0000000767600000| Untracked 
| 828|0x0000000767800000, 0x0000000767a00000, 0x0000000767a00000|100%| O|  |TAMS 0x0000000767a00000, 0x0000000767800000| Untracked 
| 829|0x0000000767a00000, 0x0000000767c00000, 0x0000000767c00000|100%| O|  |TAMS 0x0000000767c00000, 0x0000000767a00000| Untracked 
| 830|0x0000000767c00000, 0x0000000767e00000, 0x0000000767e00000|100%| O|  |TAMS 0x0000000767e00000, 0x0000000767c00000| Untracked 
| 831|0x0000000767e00000, 0x0000000768000000, 0x0000000768000000|100%| O|  |TAMS 0x0000000768000000, 0x0000000767e00000| Untracked 
| 832|0x0000000768000000, 0x0000000768200000, 0x0000000768200000|100%| O|  |TAMS 0x0000000768200000, 0x0000000768000000| Untracked 
| 833|0x0000000768200000, 0x0000000768400000, 0x0000000768400000|100%| O|  |TAMS 0x0000000768400000, 0x0000000768200000| Untracked 
| 834|0x0000000768400000, 0x0000000768600000, 0x0000000768600000|100%| O|  |TAMS 0x0000000768600000, 0x0000000768400000| Untracked 
| 835|0x0000000768600000, 0x0000000768800000, 0x0000000768800000|100%| O|  |TAMS 0x0000000768800000, 0x0000000768600000| Untracked 
| 836|0x0000000768800000, 0x0000000768a00000, 0x0000000768a00000|100%| O|  |TAMS 0x0000000768a00000, 0x0000000768800000| Untracked 
| 837|0x0000000768a00000, 0x0000000768c00000, 0x0000000768c00000|100%| O|  |TAMS 0x0000000768c00000, 0x0000000768a00000| Untracked 
| 838|0x0000000768c00000, 0x0000000768e00000, 0x0000000768e00000|100%| O|  |TAMS 0x0000000768e00000, 0x0000000768c00000| Untracked 
| 839|0x0000000768e00000, 0x0000000769000000, 0x0000000769000000|100%| O|  |TAMS 0x0000000768e00000, 0x0000000768e00000| Untracked 
| 840|0x0000000769000000, 0x0000000769200000, 0x0000000769200000|100%| O|  |TAMS 0x0000000769200000, 0x0000000769000000| Untracked 
| 841|0x0000000769200000, 0x0000000769400000, 0x0000000769400000|100%| O|  |TAMS 0x0000000769200000, 0x0000000769200000| Untracked 
| 842|0x0000000769400000, 0x0000000769600000, 0x0000000769600000|100%| O|  |TAMS 0x0000000769600000, 0x0000000769400000| Untracked 
| 843|0x0000000769600000, 0x0000000769800000, 0x0000000769800000|100%| O|  |TAMS 0x0000000769800000, 0x0000000769600000| Untracked 
| 844|0x0000000769800000, 0x0000000769a00000, 0x0000000769a00000|100%| O|  |TAMS 0x0000000769a00000, 0x0000000769800000| Untracked 
| 845|0x0000000769a00000, 0x0000000769c00000, 0x0000000769c00000|100%| O|  |TAMS 0x0000000769c00000, 0x0000000769a00000| Untracked 
| 846|0x0000000769c00000, 0x0000000769e00000, 0x0000000769e00000|100%| O|  |TAMS 0x0000000769e00000, 0x0000000769c00000| Untracked 
| 847|0x0000000769e00000, 0x000000076a000000, 0x000000076a000000|100%| O|  |TAMS 0x000000076a000000, 0x0000000769e00000| Untracked 
| 848|0x000000076a000000, 0x000000076a200000, 0x000000076a200000|100%| O|  |TAMS 0x000000076a200000, 0x000000076a000000| Untracked 
| 849|0x000000076a200000, 0x000000076a400000, 0x000000076a400000|100%| O|  |TAMS 0x000000076a400000, 0x000000076a200000| Untracked 
| 850|0x000000076a400000, 0x000000076a600000, 0x000000076a600000|100%| O|  |TAMS 0x000000076a600000, 0x000000076a400000| Untracked 
| 851|0x000000076a600000, 0x000000076a800000, 0x000000076a800000|100%| O|  |TAMS 0x000000076a600000, 0x000000076a600000| Untracked 
| 852|0x000000076a800000, 0x000000076aa00000, 0x000000076aa00000|100%| O|  |TAMS 0x000000076a800000, 0x000000076a800000| Untracked 
| 853|0x000000076aa00000, 0x000000076ac00000, 0x000000076ac00000|100%| O|  |TAMS 0x000000076ac00000, 0x000000076aa00000| Untracked 
| 854|0x000000076ac00000, 0x000000076ae00000, 0x000000076ae00000|100%| O|  |TAMS 0x000000076ae00000, 0x000000076ac00000| Untracked 
| 855|0x000000076ae00000, 0x000000076b000000, 0x000000076b000000|100%| O|  |TAMS 0x000000076b000000, 0x000000076ae00000| Untracked 
| 856|0x000000076b000000, 0x000000076b200000, 0x000000076b200000|100%| O|  |TAMS 0x000000076b200000, 0x000000076b000000| Untracked 
| 857|0x000000076b200000, 0x000000076b400000, 0x000000076b400000|100%| O|  |TAMS 0x000000076b400000, 0x000000076b200000| Untracked 
| 858|0x000000076b400000, 0x000000076b600000, 0x000000076b600000|100%| O|  |TAMS 0x000000076b400000, 0x000000076b400000| Untracked 
| 859|0x000000076b600000, 0x000000076b800000, 0x000000076b800000|100%| O|  |TAMS 0x000000076b600000, 0x000000076b600000| Untracked 
| 860|0x000000076b800000, 0x000000076ba00000, 0x000000076ba00000|100%| O|  |TAMS 0x000000076ba00000, 0x000000076b800000| Untracked 
| 861|0x000000076ba00000, 0x000000076bc00000, 0x000000076bc00000|100%| O|  |TAMS 0x000000076bc00000, 0x000000076ba00000| Untracked 
| 862|0x000000076bc00000, 0x000000076be00000, 0x000000076be00000|100%| O|  |TAMS 0x000000076be00000, 0x000000076bc00000| Untracked 
| 863|0x000000076be00000, 0x000000076c000000, 0x000000076c000000|100%| O|  |TAMS 0x000000076c000000, 0x000000076be00000| Untracked 
| 864|0x000000076c000000, 0x000000076c200000, 0x000000076c200000|100%| O|  |TAMS 0x000000076c000000, 0x000000076c000000| Untracked 
| 865|0x000000076c200000, 0x000000076c3ffff0, 0x000000076c400000| 99%| O|  |TAMS 0x000000076c3ffff0, 0x000000076c200000| Untracked 
| 866|0x000000076c400000, 0x000000076c600000, 0x000000076c600000|100%| O|  |TAMS 0x000000076c400000, 0x000000076c400000| Untracked 
| 867|0x000000076c600000, 0x000000076c800000, 0x000000076c800000|100%| O|  |TAMS 0x000000076c600000, 0x000000076c600000| Untracked 
| 868|0x000000076c800000, 0x000000076ca00000, 0x000000076ca00000|100%| O|  |TAMS 0x000000076c800000, 0x000000076c800000| Untracked 
| 869|0x000000076ca00000, 0x000000076cc00000, 0x000000076cc00000|100%| O|  |TAMS 0x000000076ca00000, 0x000000076ca00000| Untracked 
| 870|0x000000076cc00000, 0x000000076ce00000, 0x000000076ce00000|100%| O|  |TAMS 0x000000076ce00000, 0x000000076cc00000| Untracked 
| 871|0x000000076ce00000, 0x000000076d000000, 0x000000076d000000|100%| O|  |TAMS 0x000000076ce00000, 0x000000076ce00000| Untracked 
| 872|0x000000076d000000, 0x000000076d200000, 0x000000076d200000|100%| O|  |TAMS 0x000000076d000000, 0x000000076d000000| Untracked 
| 873|0x000000076d200000, 0x000000076d400000, 0x000000076d400000|100%| O|  |TAMS 0x000000076d400000, 0x000000076d200000| Untracked 
| 874|0x000000076d400000, 0x000000076d600000, 0x000000076d600000|100%| O|  |TAMS 0x000000076d400000, 0x000000076d400000| Untracked 
| 875|0x000000076d600000, 0x000000076d800000, 0x000000076d800000|100%| O|  |TAMS 0x000000076d600000, 0x000000076d600000| Untracked 
| 876|0x000000076d800000, 0x000000076d9c2e10, 0x000000076da00000| 88%| O|  |TAMS 0x000000076d9c2e10, 0x000000076d800000| Untracked 
| 877|0x000000076da00000, 0x000000076dc00000, 0x000000076dc00000|100%| O|  |TAMS 0x000000076da00000, 0x000000076da00000| Untracked 
| 878|0x000000076dc00000, 0x000000076de00000, 0x000000076de00000|100%| O|  |TAMS 0x000000076dc00000, 0x000000076dc00000| Untracked 
| 879|0x000000076de00000, 0x000000076e000000, 0x000000076e000000|100%| O|  |TAMS 0x000000076de00000, 0x000000076de00000| Untracked 
| 880|0x000000076e000000, 0x000000076e200000, 0x000000076e200000|100%| O|  |TAMS 0x000000076e000000, 0x000000076e000000| Untracked 
| 881|0x000000076e200000, 0x000000076e400000, 0x000000076e400000|100%| O|  |TAMS 0x000000076e200000, 0x000000076e200000| Untracked 
| 882|0x000000076e400000, 0x000000076e600000, 0x000000076e600000|100%| O|  |TAMS 0x000000076e600000, 0x000000076e400000| Untracked 
| 883|0x000000076e600000, 0x000000076e800000, 0x000000076e800000|100%| O|  |TAMS 0x000000076e800000, 0x000000076e600000| Untracked 
| 884|0x000000076e800000, 0x000000076ea00000, 0x000000076ea00000|100%| O|  |TAMS 0x000000076ea00000, 0x000000076e800000| Untracked 
| 885|0x000000076ea00000, 0x000000076ec00000, 0x000000076ec00000|100%| O|  |TAMS 0x000000076ea00000, 0x000000076ea00000| Untracked 
| 886|0x000000076ec00000, 0x000000076ee00000, 0x000000076ee00000|100%| O|  |TAMS 0x000000076ec00000, 0x000000076ec00000| Untracked 
| 887|0x000000076ee00000, 0x000000076f000000, 0x000000076f000000|100%| O|  |TAMS 0x000000076f000000, 0x000000076ee00000| Untracked 
| 888|0x000000076f000000, 0x000000076f200000, 0x000000076f200000|100%| O|  |TAMS 0x000000076f200000, 0x000000076f000000| Untracked 
| 889|0x000000076f200000, 0x000000076f400000, 0x000000076f400000|100%| O|  |TAMS 0x000000076f400000, 0x000000076f200000| Untracked 
| 890|0x000000076f400000, 0x000000076f600000, 0x000000076f600000|100%| O|  |TAMS 0x000000076f600000, 0x000000076f400000| Untracked 
| 891|0x000000076f600000, 0x000000076f800000, 0x000000076f800000|100%| O|  |TAMS 0x000000076f800000, 0x000000076f600000| Untracked 
| 892|0x000000076f800000, 0x000000076fa00000, 0x000000076fa00000|100%| O|  |TAMS 0x000000076f800000, 0x000000076f800000| Untracked 
| 893|0x000000076fa00000, 0x000000076fc00000, 0x000000076fc00000|100%| O|  |TAMS 0x000000076fa00000, 0x000000076fa00000| Untracked 
| 894|0x000000076fc00000, 0x000000076fe00000, 0x000000076fe00000|100%|HS|  |TAMS 0x000000076fc00000, 0x000000076fc00000| Complete 
| 895|0x000000076fe00000, 0x0000000770000000, 0x0000000770000000|100%|HC|  |TAMS 0x000000076fe00000, 0x000000076fe00000| Complete 
| 896|0x0000000770000000, 0x0000000770200000, 0x0000000770200000|100%| O|  |TAMS 0x0000000770200000, 0x0000000770000000| Untracked 
| 897|0x0000000770200000, 0x0000000770400000, 0x0000000770400000|100%| O|  |TAMS 0x0000000770400000, 0x0000000770200000| Untracked 
| 898|0x0000000770400000, 0x0000000770600000, 0x0000000770600000|100%| O|  |TAMS 0x0000000770400000, 0x0000000770400000| Untracked 
| 899|0x0000000770600000, 0x0000000770800000, 0x0000000770800000|100%| O|  |TAMS 0x0000000770600000, 0x0000000770600000| Untracked 
| 900|0x0000000770800000, 0x0000000770a00000, 0x0000000770a00000|100%| O|  |TAMS 0x0000000770800000, 0x0000000770800000| Untracked 
| 901|0x0000000770a00000, 0x0000000770c00000, 0x0000000770c00000|100%| O|  |TAMS 0x0000000770a00000, 0x0000000770a00000| Untracked 
| 902|0x0000000770c00000, 0x0000000770e00000, 0x0000000770e00000|100%| O|  |TAMS 0x0000000770c00000, 0x0000000770c00000| Untracked 
| 903|0x0000000770e00000, 0x0000000771000000, 0x0000000771000000|100%| O|  |TAMS 0x0000000770e00000, 0x0000000770e00000| Untracked 
| 904|0x0000000771000000, 0x0000000771200000, 0x0000000771200000|100%| O|  |TAMS 0x0000000771200000, 0x0000000771000000| Untracked 
| 905|0x0000000771200000, 0x0000000771400000, 0x0000000771400000|100%| O|  |TAMS 0x0000000771400000, 0x0000000771200000| Untracked 
| 906|0x0000000771400000, 0x0000000771600000, 0x0000000771600000|100%| O|  |TAMS 0x0000000771600000, 0x0000000771400000| Untracked 
| 907|0x0000000771600000, 0x0000000771800000, 0x0000000771800000|100%| O|  |TAMS 0x0000000771600000, 0x0000000771600000| Untracked 
| 908|0x0000000771800000, 0x0000000771a00000, 0x0000000771a00000|100%| O|  |TAMS 0x0000000771a00000, 0x0000000771800000| Untracked 
| 909|0x0000000771a00000, 0x0000000771c00000, 0x0000000771c00000|100%| O|  |TAMS 0x0000000771a00000, 0x0000000771a00000| Untracked 
| 910|0x0000000771c00000, 0x0000000771e00000, 0x0000000771e00000|100%| O|  |TAMS 0x0000000771e00000, 0x0000000771c00000| Untracked 
| 911|0x0000000771e00000, 0x0000000772000000, 0x0000000772000000|100%| O|  |TAMS 0x0000000771e00000, 0x0000000771e00000| Untracked 
| 912|0x0000000772000000, 0x0000000772200000, 0x0000000772200000|100%| O|  |TAMS 0x0000000772000000, 0x0000000772000000| Untracked 
| 913|0x0000000772200000, 0x0000000772400000, 0x0000000772400000|100%| O|  |TAMS 0x0000000772200000, 0x0000000772200000| Untracked 
| 914|0x0000000772400000, 0x0000000772600000, 0x0000000772600000|100%| O|  |TAMS 0x0000000772400000, 0x0000000772400000| Untracked 
| 915|0x0000000772600000, 0x0000000772800000, 0x0000000772800000|100%| O|  |TAMS 0x0000000772800000, 0x0000000772600000| Untracked 
| 916|0x0000000772800000, 0x0000000772a00000, 0x0000000772a00000|100%| O|  |TAMS 0x0000000772800000, 0x0000000772800000| Untracked 
| 917|0x0000000772a00000, 0x0000000772c00000, 0x0000000772c00000|100%| O|  |TAMS 0x0000000772a00000, 0x0000000772a00000| Untracked 
| 918|0x0000000772c00000, 0x0000000772e00000, 0x0000000772e00000|100%| O|  |TAMS 0x0000000772c00000, 0x0000000772c00000| Untracked 
| 919|0x0000000772e00000, 0x0000000773000000, 0x0000000773000000|100%| O|  |TAMS 0x0000000772e00000, 0x0000000772e00000| Untracked 
| 920|0x0000000773000000, 0x0000000773200000, 0x0000000773200000|100%| O|  |TAMS 0x0000000773000000, 0x0000000773000000| Untracked 
| 921|0x0000000773200000, 0x00000007732d0e00, 0x0000000773400000| 40%| O|  |TAMS 0x0000000773200000, 0x0000000773200000| Untracked 
| 922|0x0000000773400000, 0x0000000773400000, 0x0000000773600000|  0%| F|  |TAMS 0x0000000773400000, 0x0000000773400000| Untracked 
| 923|0x0000000773600000, 0x0000000773800000, 0x0000000773800000|100%| O|  |TAMS 0x0000000773800000, 0x0000000773600000| Untracked 
| 924|0x0000000773800000, 0x0000000773a00000, 0x0000000773a00000|100%| O|  |TAMS 0x0000000773a00000, 0x0000000773800000| Untracked 
| 925|0x0000000773a00000, 0x0000000773a00000, 0x0000000773c00000|  0%| F|  |TAMS 0x0000000773a00000, 0x0000000773a00000| Untracked 
| 926|0x0000000773c00000, 0x0000000773c00000, 0x0000000773e00000|  0%| F|  |TAMS 0x0000000773c00000, 0x0000000773c00000| Untracked 
| 927|0x0000000773e00000, 0x0000000773e00000, 0x0000000774000000|  0%| F|  |TAMS 0x0000000773e00000, 0x0000000773e00000| Untracked 
| 928|0x0000000774000000, 0x0000000774000000, 0x0000000774200000|  0%| F|  |TAMS 0x0000000774000000, 0x0000000774000000| Untracked 
| 929|0x0000000774200000, 0x0000000774200000, 0x0000000774400000|  0%| F|  |TAMS 0x0000000774200000, 0x0000000774200000| Untracked 
| 930|0x0000000774400000, 0x0000000774400000, 0x0000000774600000|  0%| F|  |TAMS 0x0000000774400000, 0x0000000774400000| Untracked 
| 931|0x0000000774600000, 0x0000000774600000, 0x0000000774800000|  0%| F|  |TAMS 0x0000000774600000, 0x0000000774600000| Untracked 
| 932|0x0000000774800000, 0x0000000774800000, 0x0000000774a00000|  0%| F|  |TAMS 0x0000000774800000, 0x0000000774800000| Untracked 
| 933|0x0000000774a00000, 0x0000000774a00000, 0x0000000774c00000|  0%| F|  |TAMS 0x0000000774a00000, 0x0000000774a00000| Untracked 
| 934|0x0000000774c00000, 0x0000000774c00000, 0x0000000774e00000|  0%| F|  |TAMS 0x0000000774c00000, 0x0000000774c00000| Untracked 
| 935|0x0000000774e00000, 0x0000000774e00000, 0x0000000775000000|  0%| F|  |TAMS 0x0000000774e00000, 0x0000000774e00000| Untracked 
| 936|0x0000000775000000, 0x0000000775000000, 0x0000000775200000|  0%| F|  |TAMS 0x0000000775000000, 0x0000000775000000| Untracked 
| 937|0x0000000775200000, 0x0000000775200000, 0x0000000775400000|  0%| F|  |TAMS 0x0000000775200000, 0x0000000775200000| Untracked 
| 938|0x0000000775400000, 0x0000000775400000, 0x0000000775600000|  0%| F|  |TAMS 0x0000000775400000, 0x0000000775400000| Untracked 
| 939|0x0000000775600000, 0x0000000775600000, 0x0000000775800000|  0%| F|  |TAMS 0x0000000775600000, 0x0000000775600000| Untracked 
| 940|0x0000000775800000, 0x0000000775800000, 0x0000000775a00000|  0%| F|  |TAMS 0x0000000775800000, 0x0000000775800000| Untracked 
| 941|0x0000000775a00000, 0x0000000775a00000, 0x0000000775c00000|  0%| F|  |TAMS 0x0000000775a00000, 0x0000000775a00000| Untracked 
| 942|0x0000000775c00000, 0x0000000775c00000, 0x0000000775e00000|  0%| F|  |TAMS 0x0000000775c00000, 0x0000000775c00000| Untracked 
| 943|0x0000000775e00000, 0x0000000775e00000, 0x0000000776000000|  0%| F|  |TAMS 0x0000000775e00000, 0x0000000775e00000| Untracked 
| 944|0x0000000776000000, 0x0000000776000000, 0x0000000776200000|  0%| F|  |TAMS 0x0000000776000000, 0x0000000776000000| Untracked 
| 945|0x0000000776200000, 0x0000000776200000, 0x0000000776400000|  0%| F|  |TAMS 0x0000000776200000, 0x0000000776200000| Untracked 
| 946|0x0000000776400000, 0x0000000776400000, 0x0000000776600000|  0%| F|  |TAMS 0x0000000776400000, 0x0000000776400000| Untracked 
| 947|0x0000000776600000, 0x0000000776600000, 0x0000000776800000|  0%| F|  |TAMS 0x0000000776600000, 0x0000000776600000| Untracked 
| 948|0x0000000776800000, 0x0000000776800000, 0x0000000776a00000|  0%| F|  |TAMS 0x0000000776800000, 0x0000000776800000| Untracked 
| 949|0x0000000776a00000, 0x0000000776a00000, 0x0000000776c00000|  0%| F|  |TAMS 0x0000000776a00000, 0x0000000776a00000| Untracked 
| 950|0x0000000776c00000, 0x0000000776c00000, 0x0000000776e00000|  0%| F|  |TAMS 0x0000000776c00000, 0x0000000776c00000| Untracked 
| 951|0x0000000776e00000, 0x0000000776e00000, 0x0000000777000000|  0%| F|  |TAMS 0x0000000776e00000, 0x0000000776e00000| Untracked 
| 952|0x0000000777000000, 0x0000000777000000, 0x0000000777200000|  0%| F|  |TAMS 0x0000000777000000, 0x0000000777000000| Untracked 
| 953|0x0000000777200000, 0x0000000777200000, 0x0000000777400000|  0%| F|  |TAMS 0x0000000777200000, 0x0000000777200000| Untracked 
| 954|0x0000000777400000, 0x0000000777400000, 0x0000000777600000|  0%| F|  |TAMS 0x0000000777400000, 0x0000000777400000| Untracked 
| 955|0x0000000777600000, 0x0000000777600000, 0x0000000777800000|  0%| F|  |TAMS 0x0000000777600000, 0x0000000777600000| Untracked 
| 956|0x0000000777800000, 0x0000000777800000, 0x0000000777a00000|  0%| F|  |TAMS 0x0000000777800000, 0x0000000777800000| Untracked 
| 957|0x0000000777a00000, 0x0000000777a00000, 0x0000000777c00000|  0%| F|  |TAMS 0x0000000777a00000, 0x0000000777a00000| Untracked 
| 958|0x0000000777c00000, 0x0000000777c00000, 0x0000000777e00000|  0%| F|  |TAMS 0x0000000777c00000, 0x0000000777c00000| Untracked 
| 959|0x0000000777e00000, 0x0000000777e00000, 0x0000000778000000|  0%| F|  |TAMS 0x0000000777e00000, 0x0000000777e00000| Untracked 
| 960|0x0000000778000000, 0x0000000778000000, 0x0000000778200000|  0%| F|  |TAMS 0x0000000778000000, 0x0000000778000000| Untracked 
| 961|0x0000000778200000, 0x0000000778200000, 0x0000000778400000|  0%| F|  |TAMS 0x0000000778200000, 0x0000000778200000| Untracked 
| 962|0x0000000778400000, 0x0000000778400000, 0x0000000778600000|  0%| F|  |TAMS 0x0000000778400000, 0x0000000778400000| Untracked 
| 963|0x0000000778600000, 0x0000000778600000, 0x0000000778800000|  0%| F|  |TAMS 0x0000000778600000, 0x0000000778600000| Untracked 
| 964|0x0000000778800000, 0x0000000778800000, 0x0000000778a00000|  0%| F|  |TAMS 0x0000000778800000, 0x0000000778800000| Untracked 
| 965|0x0000000778a00000, 0x0000000778a00000, 0x0000000778c00000|  0%| F|  |TAMS 0x0000000778a00000, 0x0000000778a00000| Untracked 
| 966|0x0000000778c00000, 0x0000000778c00000, 0x0000000778e00000|  0%| F|  |TAMS 0x0000000778c00000, 0x0000000778c00000| Untracked 
| 967|0x0000000778e00000, 0x0000000778e00000, 0x0000000779000000|  0%| F|  |TAMS 0x0000000778e00000, 0x0000000778e00000| Untracked 
| 968|0x0000000779000000, 0x0000000779000000, 0x0000000779200000|  0%| F|  |TAMS 0x0000000779000000, 0x0000000779000000| Untracked 
| 969|0x0000000779200000, 0x0000000779200000, 0x0000000779400000|  0%| F|  |TAMS 0x0000000779200000, 0x0000000779200000| Untracked 
| 970|0x0000000779400000, 0x0000000779400000, 0x0000000779600000|  0%| F|  |TAMS 0x0000000779400000, 0x0000000779400000| Untracked 
| 971|0x0000000779600000, 0x0000000779600000, 0x0000000779800000|  0%| F|  |TAMS 0x0000000779600000, 0x0000000779600000| Untracked 
| 972|0x0000000779800000, 0x0000000779800000, 0x0000000779a00000|  0%| F|  |TAMS 0x0000000779800000, 0x0000000779800000| Untracked 
| 973|0x0000000779a00000, 0x0000000779a00000, 0x0000000779c00000|  0%| F|  |TAMS 0x0000000779a00000, 0x0000000779a00000| Untracked 
| 974|0x0000000779c00000, 0x0000000779c00000, 0x0000000779e00000|  0%| F|  |TAMS 0x0000000779c00000, 0x0000000779c00000| Untracked 
| 975|0x0000000779e00000, 0x0000000779e00000, 0x000000077a000000|  0%| F|  |TAMS 0x0000000779e00000, 0x0000000779e00000| Untracked 
| 976|0x000000077a000000, 0x000000077a000000, 0x000000077a200000|  0%| F|  |TAMS 0x000000077a000000, 0x000000077a000000| Untracked 
| 977|0x000000077a200000, 0x000000077a200000, 0x000000077a400000|  0%| F|  |TAMS 0x000000077a200000, 0x000000077a200000| Untracked 
| 978|0x000000077a400000, 0x000000077a400000, 0x000000077a600000|  0%| F|  |TAMS 0x000000077a400000, 0x000000077a400000| Untracked 
| 979|0x000000077a600000, 0x000000077a600000, 0x000000077a800000|  0%| F|  |TAMS 0x000000077a600000, 0x000000077a600000| Untracked 
| 980|0x000000077a800000, 0x000000077a800000, 0x000000077aa00000|  0%| F|  |TAMS 0x000000077a800000, 0x000000077a800000| Untracked 
| 981|0x000000077aa00000, 0x000000077aa00000, 0x000000077ac00000|  0%| F|  |TAMS 0x000000077aa00000, 0x000000077aa00000| Untracked 
| 982|0x000000077ac00000, 0x000000077ac00000, 0x000000077ae00000|  0%| F|  |TAMS 0x000000077ac00000, 0x000000077ac00000| Untracked 
| 983|0x000000077ae00000, 0x000000077ae00000, 0x000000077b000000|  0%| F|  |TAMS 0x000000077ae00000, 0x000000077ae00000| Untracked 
| 984|0x000000077b000000, 0x000000077b000000, 0x000000077b200000|  0%| F|  |TAMS 0x000000077b000000, 0x000000077b000000| Untracked 
| 985|0x000000077b200000, 0x000000077b200000, 0x000000077b400000|  0%| F|  |TAMS 0x000000077b200000, 0x000000077b200000| Untracked 
| 986|0x000000077b400000, 0x000000077b400000, 0x000000077b600000|  0%| F|  |TAMS 0x000000077b400000, 0x000000077b400000| Untracked 
| 987|0x000000077b600000, 0x000000077b600000, 0x000000077b800000|  0%| F|  |TAMS 0x000000077b600000, 0x000000077b600000| Untracked 
| 988|0x000000077b800000, 0x000000077b800000, 0x000000077ba00000|  0%| F|  |TAMS 0x000000077b800000, 0x000000077b800000| Untracked 
| 989|0x000000077ba00000, 0x000000077ba00000, 0x000000077bc00000|  0%| F|  |TAMS 0x000000077ba00000, 0x000000077ba00000| Untracked 
| 990|0x000000077bc00000, 0x000000077bc00000, 0x000000077be00000|  0%| F|  |TAMS 0x000000077bc00000, 0x000000077bc00000| Untracked 
| 991|0x000000077be00000, 0x000000077be00000, 0x000000077c000000|  0%| F|  |TAMS 0x000000077be00000, 0x000000077be00000| Untracked 
| 992|0x000000077c000000, 0x000000077c000000, 0x000000077c200000|  0%| F|  |TAMS 0x000000077c000000, 0x000000077c000000| Untracked 
| 993|0x000000077c200000, 0x000000077c200000, 0x000000077c400000|  0%| F|  |TAMS 0x000000077c200000, 0x000000077c200000| Untracked 
| 994|0x000000077c400000, 0x000000077c400000, 0x000000077c600000|  0%| F|  |TAMS 0x000000077c400000, 0x000000077c400000| Untracked 
| 995|0x000000077c600000, 0x000000077c600000, 0x000000077c800000|  0%| F|  |TAMS 0x000000077c600000, 0x000000077c600000| Untracked 
| 996|0x000000077c800000, 0x000000077ca00000, 0x000000077ca00000|100%| O|  |TAMS 0x000000077ca00000, 0x000000077c800000| Untracked 
| 997|0x000000077ca00000, 0x000000077ca00000, 0x000000077cc00000|  0%| F|  |TAMS 0x000000077ca00000, 0x000000077ca00000| Untracked 
| 998|0x000000077cc00000, 0x000000077cc00000, 0x000000077ce00000|  0%| F|  |TAMS 0x000000077cc00000, 0x000000077cc00000| Untracked 
| 999|0x000000077ce00000, 0x000000077d000000, 0x000000077d000000|100%| O|  |TAMS 0x000000077d000000, 0x000000077ce00000| Untracked 
|1000|0x000000077d000000, 0x000000077d000000, 0x000000077d200000|  0%| F|  |TAMS 0x000000077d000000, 0x000000077d000000| Untracked 
|1001|0x000000077d200000, 0x000000077d200000, 0x000000077d400000|  0%| F|  |TAMS 0x000000077d200000, 0x000000077d200000| Untracked 
|1002|0x000000077d400000, 0x000000077d400000, 0x000000077d600000|  0%| F|  |TAMS 0x000000077d400000, 0x000000077d400000| Untracked 
|1003|0x000000077d600000, 0x000000077d600000, 0x000000077d800000|  0%| F|  |TAMS 0x000000077d600000, 0x000000077d600000| Untracked 
|1004|0x000000077d800000, 0x000000077d800000, 0x000000077da00000|  0%| F|  |TAMS 0x000000077d800000, 0x000000077d800000| Untracked 
|1005|0x000000077da00000, 0x000000077dc00000, 0x000000077dc00000|100%| O|  |TAMS 0x000000077dc00000, 0x000000077da00000| Untracked 
|1006|0x000000077dc00000, 0x000000077dc00000, 0x000000077de00000|  0%| F|  |TAMS 0x000000077dc00000, 0x000000077dc00000| Untracked 
|1007|0x000000077de00000, 0x000000077de00000, 0x000000077e000000|  0%| F|  |TAMS 0x000000077de00000, 0x000000077de00000| Untracked 
|1008|0x000000077e000000, 0x000000077e000000, 0x000000077e200000|  0%| F|  |TAMS 0x000000077e000000, 0x000000077e000000| Untracked 
|1009|0x000000077e200000, 0x000000077e200000, 0x000000077e400000|  0%| F|  |TAMS 0x000000077e200000, 0x000000077e200000| Untracked 
|1010|0x000000077e400000, 0x000000077e400000, 0x000000077e600000|  0%| F|  |TAMS 0x000000077e400000, 0x000000077e400000| Untracked 
|1011|0x000000077e600000, 0x000000077e600000, 0x000000077e800000|  0%| F|  |TAMS 0x000000077e600000, 0x000000077e600000| Untracked 
|1012|0x000000077e800000, 0x000000077e800000, 0x000000077ea00000|  0%| F|  |TAMS 0x000000077e800000, 0x000000077e800000| Untracked 
|1013|0x000000077ea00000, 0x000000077ea00000, 0x000000077ec00000|  0%| F|  |TAMS 0x000000077ea00000, 0x000000077ea00000| Untracked 
|1014|0x000000077ec00000, 0x000000077ec00000, 0x000000077ee00000|  0%| F|  |TAMS 0x000000077ec00000, 0x000000077ec00000| Untracked 
|1015|0x000000077ee00000, 0x000000077ee00000, 0x000000077f000000|  0%| F|  |TAMS 0x000000077ee00000, 0x000000077ee00000| Untracked 
|1016|0x000000077f000000, 0x000000077f000000, 0x000000077f200000|  0%| F|  |TAMS 0x000000077f000000, 0x000000077f000000| Untracked 
|1017|0x000000077f200000, 0x000000077f200000, 0x000000077f400000|  0%| F|  |TAMS 0x000000077f200000, 0x000000077f200000| Untracked 
|1018|0x000000077f400000, 0x000000077f400000, 0x000000077f600000|  0%| F|  |TAMS 0x000000077f400000, 0x000000077f400000| Untracked 
|1019|0x000000077f600000, 0x000000077f600000, 0x000000077f800000|  0%| F|  |TAMS 0x000000077f600000, 0x000000077f600000| Untracked 
|1020|0x000000077f800000, 0x000000077f800000, 0x000000077fa00000|  0%| F|  |TAMS 0x000000077f800000, 0x000000077f800000| Untracked 
|1021|0x000000077fa00000, 0x000000077fa00000, 0x000000077fc00000|  0%| F|  |TAMS 0x000000077fa00000, 0x000000077fa00000| Untracked 
|1022|0x000000077fc00000, 0x000000077fc00000, 0x000000077fe00000|  0%| F|  |TAMS 0x000000077fc00000, 0x000000077fc00000| Untracked 
|1023|0x000000077fe00000, 0x000000077fe00000, 0x0000000780000000|  0%| F|  |TAMS 0x000000077fe00000, 0x000000077fe00000| Untracked 
|1024|0x0000000780000000, 0x0000000780000000, 0x0000000780200000|  0%| F|  |TAMS 0x0000000780000000, 0x0000000780000000| Untracked 
|1025|0x0000000780200000, 0x0000000780200000, 0x0000000780400000|  0%| F|  |TAMS 0x0000000780200000, 0x0000000780200000| Untracked 
|1026|0x0000000780400000, 0x0000000780400000, 0x0000000780600000|  0%| F|  |TAMS 0x0000000780400000, 0x0000000780400000| Untracked 
|1027|0x0000000780600000, 0x0000000780600000, 0x0000000780800000|  0%| F|  |TAMS 0x0000000780600000, 0x0000000780600000| Untracked 
|1028|0x0000000780800000, 0x0000000780a00000, 0x0000000780a00000|100%| O|  |TAMS 0x0000000780a00000, 0x0000000780800000| Untracked 
|1029|0x0000000780a00000, 0x0000000780a00000, 0x0000000780c00000|  0%| F|  |TAMS 0x0000000780a00000, 0x0000000780a00000| Untracked 
|1030|0x0000000780c00000, 0x0000000780c00000, 0x0000000780e00000|  0%| F|  |TAMS 0x0000000780c00000, 0x0000000780c00000| Untracked 
|1031|0x0000000780e00000, 0x0000000780e00000, 0x0000000781000000|  0%| F|  |TAMS 0x0000000780e00000, 0x0000000780e00000| Untracked 
|1032|0x0000000781000000, 0x0000000781000000, 0x0000000781200000|  0%| F|  |TAMS 0x0000000781000000, 0x0000000781000000| Untracked 
|1033|0x0000000781200000, 0x0000000781200000, 0x0000000781400000|  0%| F|  |TAMS 0x0000000781200000, 0x0000000781200000| Untracked 
|1034|0x0000000781400000, 0x0000000781400000, 0x0000000781600000|  0%| F|  |TAMS 0x0000000781400000, 0x0000000781400000| Untracked 
|1035|0x0000000781600000, 0x0000000781600000, 0x0000000781800000|  0%| F|  |TAMS 0x0000000781600000, 0x0000000781600000| Untracked 
|1036|0x0000000781800000, 0x0000000781800000, 0x0000000781a00000|  0%| F|  |TAMS 0x0000000781800000, 0x0000000781800000| Untracked 
|1037|0x0000000781a00000, 0x0000000781a00000, 0x0000000781c00000|  0%| F|  |TAMS 0x0000000781a00000, 0x0000000781a00000| Untracked 
|1038|0x0000000781c00000, 0x0000000781c00000, 0x0000000781e00000|  0%| F|  |TAMS 0x0000000781c00000, 0x0000000781c00000| Untracked 
|1039|0x0000000781e00000, 0x0000000781e00000, 0x0000000782000000|  0%| F|  |TAMS 0x0000000781e00000, 0x0000000781e00000| Untracked 
|1040|0x0000000782000000, 0x0000000782000000, 0x0000000782200000|  0%| F|  |TAMS 0x0000000782000000, 0x0000000782000000| Untracked 
|1041|0x0000000782200000, 0x0000000782200000, 0x0000000782400000|  0%| F|  |TAMS 0x0000000782200000, 0x0000000782200000| Untracked 
|1042|0x0000000782400000, 0x0000000782400000, 0x0000000782600000|  0%| F|  |TAMS 0x0000000782400000, 0x0000000782400000| Untracked 
|1043|0x0000000782600000, 0x0000000782600000, 0x0000000782800000|  0%| F|  |TAMS 0x0000000782600000, 0x0000000782600000| Untracked 
|1044|0x0000000782800000, 0x0000000782800000, 0x0000000782a00000|  0%| F|  |TAMS 0x0000000782800000, 0x0000000782800000| Untracked 
|1045|0x0000000782a00000, 0x0000000782a00000, 0x0000000782c00000|  0%| F|  |TAMS 0x0000000782a00000, 0x0000000782a00000| Untracked 
|1046|0x0000000782c00000, 0x0000000782c00000, 0x0000000782e00000|  0%| F|  |TAMS 0x0000000782c00000, 0x0000000782c00000| Untracked 
|1047|0x0000000782e00000, 0x0000000782e00000, 0x0000000783000000|  0%| F|  |TAMS 0x0000000782e00000, 0x0000000782e00000| Untracked 
|1048|0x0000000783000000, 0x0000000783000000, 0x0000000783200000|  0%| F|  |TAMS 0x0000000783000000, 0x0000000783000000| Untracked 
|1049|0x0000000783200000, 0x0000000783200000, 0x0000000783400000|  0%| F|  |TAMS 0x0000000783200000, 0x0000000783200000| Untracked 
|1050|0x0000000783400000, 0x0000000783400000, 0x0000000783600000|  0%| F|  |TAMS 0x0000000783400000, 0x0000000783400000| Untracked 
|1051|0x0000000783600000, 0x0000000783600000, 0x0000000783800000|  0%| F|  |TAMS 0x0000000783600000, 0x0000000783600000| Untracked 
|1052|0x0000000783800000, 0x0000000783800000, 0x0000000783a00000|  0%| F|  |TAMS 0x0000000783800000, 0x0000000783800000| Untracked 
|1053|0x0000000783a00000, 0x0000000783a00000, 0x0000000783c00000|  0%| F|  |TAMS 0x0000000783a00000, 0x0000000783a00000| Untracked 
|1054|0x0000000783c00000, 0x0000000783c00000, 0x0000000783e00000|  0%| F|  |TAMS 0x0000000783c00000, 0x0000000783c00000| Untracked 
|1055|0x0000000783e00000, 0x0000000783e00000, 0x0000000784000000|  0%| F|  |TAMS 0x0000000783e00000, 0x0000000783e00000| Untracked 
|1056|0x0000000784000000, 0x0000000784000000, 0x0000000784200000|  0%| F|  |TAMS 0x0000000784000000, 0x0000000784000000| Untracked 
|1057|0x0000000784200000, 0x0000000784200000, 0x0000000784400000|  0%| F|  |TAMS 0x0000000784200000, 0x0000000784200000| Untracked 
|1058|0x0000000784400000, 0x0000000784400000, 0x0000000784600000|  0%| F|  |TAMS 0x0000000784400000, 0x0000000784400000| Untracked 
|1059|0x0000000784600000, 0x0000000784600000, 0x0000000784800000|  0%| F|  |TAMS 0x0000000784600000, 0x0000000784600000| Untracked 
|1060|0x0000000784800000, 0x0000000784800000, 0x0000000784a00000|  0%| F|  |TAMS 0x0000000784800000, 0x0000000784800000| Untracked 
|1061|0x0000000784a00000, 0x0000000784a00000, 0x0000000784c00000|  0%| F|  |TAMS 0x0000000784a00000, 0x0000000784a00000| Untracked 
|1062|0x0000000784c00000, 0x0000000784c00000, 0x0000000784e00000|  0%| F|  |TAMS 0x0000000784c00000, 0x0000000784c00000| Untracked 
|1063|0x0000000784e00000, 0x0000000784e00000, 0x0000000785000000|  0%| F|  |TAMS 0x0000000784e00000, 0x0000000784e00000| Untracked 
|1064|0x0000000785000000, 0x0000000785000000, 0x0000000785200000|  0%| F|  |TAMS 0x0000000785000000, 0x0000000785000000| Untracked 
|1065|0x0000000785200000, 0x0000000785200000, 0x0000000785400000|  0%| F|  |TAMS 0x0000000785200000, 0x0000000785200000| Untracked 
|1066|0x0000000785400000, 0x0000000785400000, 0x0000000785600000|  0%| F|  |TAMS 0x0000000785400000, 0x0000000785400000| Untracked 
|1067|0x0000000785600000, 0x0000000785600000, 0x0000000785800000|  0%| F|  |TAMS 0x0000000785600000, 0x0000000785600000| Untracked 
|1068|0x0000000785800000, 0x0000000785800000, 0x0000000785a00000|  0%| F|  |TAMS 0x0000000785800000, 0x0000000785800000| Untracked 
|1069|0x0000000785a00000, 0x0000000785a00000, 0x0000000785c00000|  0%| F|  |TAMS 0x0000000785a00000, 0x0000000785a00000| Untracked 
|1070|0x0000000785c00000, 0x0000000785c00000, 0x0000000785e00000|  0%| F|  |TAMS 0x0000000785c00000, 0x0000000785c00000| Untracked 
|1071|0x0000000785e00000, 0x0000000785e00000, 0x0000000786000000|  0%| F|  |TAMS 0x0000000785e00000, 0x0000000785e00000| Untracked 
|1072|0x0000000786000000, 0x0000000786000000, 0x0000000786200000|  0%| F|  |TAMS 0x0000000786000000, 0x0000000786000000| Untracked 
|1073|0x0000000786200000, 0x0000000786200000, 0x0000000786400000|  0%| F|  |TAMS 0x0000000786200000, 0x0000000786200000| Untracked 
|1074|0x0000000786400000, 0x0000000786400000, 0x0000000786600000|  0%| F|  |TAMS 0x0000000786400000, 0x0000000786400000| Untracked 
|1075|0x0000000786600000, 0x0000000786600000, 0x0000000786800000|  0%| F|  |TAMS 0x0000000786600000, 0x0000000786600000| Untracked 
|1076|0x0000000786800000, 0x0000000786800000, 0x0000000786a00000|  0%| F|  |TAMS 0x0000000786800000, 0x0000000786800000| Untracked 
|1077|0x0000000786a00000, 0x0000000786a00000, 0x0000000786c00000|  0%| F|  |TAMS 0x0000000786a00000, 0x0000000786a00000| Untracked 
|1078|0x0000000786c00000, 0x0000000786c00000, 0x0000000786e00000|  0%| F|  |TAMS 0x0000000786c00000, 0x0000000786c00000| Untracked 
|1079|0x0000000786e00000, 0x0000000786e00000, 0x0000000787000000|  0%| F|  |TAMS 0x0000000786e00000, 0x0000000786e00000| Untracked 
|1080|0x0000000787000000, 0x0000000787000000, 0x0000000787200000|  0%| F|  |TAMS 0x0000000787000000, 0x0000000787000000| Untracked 
|1081|0x0000000787200000, 0x0000000787200000, 0x0000000787400000|  0%| F|  |TAMS 0x0000000787200000, 0x0000000787200000| Untracked 
|1082|0x0000000787400000, 0x0000000787400000, 0x0000000787600000|  0%| F|  |TAMS 0x0000000787400000, 0x0000000787400000| Untracked 
|1083|0x0000000787600000, 0x0000000787600000, 0x0000000787800000|  0%| F|  |TAMS 0x0000000787600000, 0x0000000787600000| Untracked 
|1084|0x0000000787800000, 0x0000000787800000, 0x0000000787a00000|  0%| F|  |TAMS 0x0000000787800000, 0x0000000787800000| Untracked 
|1085|0x0000000787a00000, 0x0000000787a00000, 0x0000000787c00000|  0%| F|  |TAMS 0x0000000787a00000, 0x0000000787a00000| Untracked 
|1086|0x0000000787c00000, 0x0000000787c00000, 0x0000000787e00000|  0%| F|  |TAMS 0x0000000787c00000, 0x0000000787c00000| Untracked 
|1087|0x0000000787e00000, 0x0000000787e00000, 0x0000000788000000|  0%| F|  |TAMS 0x0000000787e00000, 0x0000000787e00000| Untracked 
|1088|0x0000000788000000, 0x0000000788000000, 0x0000000788200000|  0%| F|  |TAMS 0x0000000788000000, 0x0000000788000000| Untracked 
|1089|0x0000000788200000, 0x0000000788200000, 0x0000000788400000|  0%| F|  |TAMS 0x0000000788200000, 0x0000000788200000| Untracked 
|1090|0x0000000788400000, 0x0000000788400000, 0x0000000788600000|  0%| F|  |TAMS 0x0000000788400000, 0x0000000788400000| Untracked 
|1091|0x0000000788600000, 0x0000000788600000, 0x0000000788800000|  0%| F|  |TAMS 0x0000000788600000, 0x0000000788600000| Untracked 
|1092|0x0000000788800000, 0x0000000788800000, 0x0000000788a00000|  0%| F|  |TAMS 0x0000000788800000, 0x0000000788800000| Untracked 
|1093|0x0000000788a00000, 0x0000000788a00000, 0x0000000788c00000|  0%| F|  |TAMS 0x0000000788a00000, 0x0000000788a00000| Untracked 
|1094|0x0000000788c00000, 0x0000000788c00000, 0x0000000788e00000|  0%| F|  |TAMS 0x0000000788c00000, 0x0000000788c00000| Untracked 
|1095|0x0000000788e00000, 0x0000000788e00000, 0x0000000789000000|  0%| F|  |TAMS 0x0000000788e00000, 0x0000000788e00000| Untracked 
|1096|0x0000000789000000, 0x0000000789000000, 0x0000000789200000|  0%| F|  |TAMS 0x0000000789000000, 0x0000000789000000| Untracked 
|1097|0x0000000789200000, 0x0000000789200000, 0x0000000789400000|  0%| F|  |TAMS 0x0000000789200000, 0x0000000789200000| Untracked 
|1098|0x0000000789400000, 0x0000000789400000, 0x0000000789600000|  0%| F|  |TAMS 0x0000000789400000, 0x0000000789400000| Untracked 
|1099|0x0000000789600000, 0x0000000789600000, 0x0000000789800000|  0%| F|  |TAMS 0x0000000789600000, 0x0000000789600000| Untracked 
|1100|0x0000000789800000, 0x0000000789800000, 0x0000000789a00000|  0%| F|  |TAMS 0x0000000789800000, 0x0000000789800000| Untracked 
|1101|0x0000000789a00000, 0x0000000789a00000, 0x0000000789c00000|  0%| F|  |TAMS 0x0000000789a00000, 0x0000000789a00000| Untracked 
|1102|0x0000000789c00000, 0x0000000789c00000, 0x0000000789e00000|  0%| F|  |TAMS 0x0000000789c00000, 0x0000000789c00000| Untracked 
|1103|0x0000000789e00000, 0x0000000789e00000, 0x000000078a000000|  0%| F|  |TAMS 0x0000000789e00000, 0x0000000789e00000| Untracked 
|1104|0x000000078a000000, 0x000000078a000000, 0x000000078a200000|  0%| F|  |TAMS 0x000000078a000000, 0x000000078a000000| Untracked 
|1105|0x000000078a200000, 0x000000078a200000, 0x000000078a400000|  0%| F|  |TAMS 0x000000078a200000, 0x000000078a200000| Untracked 
|1106|0x000000078a400000, 0x000000078a400000, 0x000000078a600000|  0%| F|  |TAMS 0x000000078a400000, 0x000000078a400000| Untracked 
|1107|0x000000078a600000, 0x000000078a600000, 0x000000078a800000|  0%| F|  |TAMS 0x000000078a600000, 0x000000078a600000| Untracked 
|1108|0x000000078a800000, 0x000000078a800000, 0x000000078aa00000|  0%| F|  |TAMS 0x000000078a800000, 0x000000078a800000| Untracked 
|1109|0x000000078aa00000, 0x000000078aa00000, 0x000000078ac00000|  0%| F|  |TAMS 0x000000078aa00000, 0x000000078aa00000| Untracked 
|1110|0x000000078ac00000, 0x000000078ac00000, 0x000000078ae00000|  0%| F|  |TAMS 0x000000078ac00000, 0x000000078ac00000| Untracked 
|1111|0x000000078ae00000, 0x000000078ae00000, 0x000000078b000000|  0%| F|  |TAMS 0x000000078ae00000, 0x000000078ae00000| Untracked 
|1112|0x000000078b000000, 0x000000078b000000, 0x000000078b200000|  0%| F|  |TAMS 0x000000078b000000, 0x000000078b000000| Untracked 
|1113|0x000000078b200000, 0x000000078b200000, 0x000000078b400000|  0%| F|  |TAMS 0x000000078b200000, 0x000000078b200000| Untracked 
|1114|0x000000078b400000, 0x000000078b400000, 0x000000078b600000|  0%| F|  |TAMS 0x000000078b400000, 0x000000078b400000| Untracked 
|1115|0x000000078b600000, 0x000000078b600000, 0x000000078b800000|  0%| F|  |TAMS 0x000000078b600000, 0x000000078b600000| Untracked 
|1116|0x000000078b800000, 0x000000078b800000, 0x000000078ba00000|  0%| F|  |TAMS 0x000000078b800000, 0x000000078b800000| Untracked 
|1117|0x000000078ba00000, 0x000000078ba00000, 0x000000078bc00000|  0%| F|  |TAMS 0x000000078ba00000, 0x000000078ba00000| Untracked 
|1118|0x000000078bc00000, 0x000000078bc00000, 0x000000078be00000|  0%| F|  |TAMS 0x000000078bc00000, 0x000000078bc00000| Untracked 
|1119|0x000000078be00000, 0x000000078be00000, 0x000000078c000000|  0%| F|  |TAMS 0x000000078be00000, 0x000000078be00000| Untracked 
|1120|0x000000078c000000, 0x000000078c000000, 0x000000078c200000|  0%| F|  |TAMS 0x000000078c000000, 0x000000078c000000| Untracked 
|1121|0x000000078c200000, 0x000000078c200000, 0x000000078c400000|  0%| F|  |TAMS 0x000000078c200000, 0x000000078c200000| Untracked 
|1122|0x000000078c400000, 0x000000078c400000, 0x000000078c600000|  0%| F|  |TAMS 0x000000078c400000, 0x000000078c400000| Untracked 
|1123|0x000000078c600000, 0x000000078c600000, 0x000000078c800000|  0%| F|  |TAMS 0x000000078c600000, 0x000000078c600000| Untracked 
|1124|0x000000078c800000, 0x000000078c800000, 0x000000078ca00000|  0%| F|  |TAMS 0x000000078c800000, 0x000000078c800000| Untracked 
|1125|0x000000078ca00000, 0x000000078ca00000, 0x000000078cc00000|  0%| F|  |TAMS 0x000000078ca00000, 0x000000078ca00000| Untracked 
|1126|0x000000078cc00000, 0x000000078cc00000, 0x000000078ce00000|  0%| F|  |TAMS 0x000000078cc00000, 0x000000078cc00000| Untracked 
|1127|0x000000078ce00000, 0x000000078ce00000, 0x000000078d000000|  0%| F|  |TAMS 0x000000078ce00000, 0x000000078ce00000| Untracked 
|1128|0x000000078d000000, 0x000000078d000000, 0x000000078d200000|  0%| F|  |TAMS 0x000000078d000000, 0x000000078d000000| Untracked 
|1129|0x000000078d200000, 0x000000078d200000, 0x000000078d400000|  0%| F|  |TAMS 0x000000078d200000, 0x000000078d200000| Untracked 
|1130|0x000000078d400000, 0x000000078d400000, 0x000000078d600000|  0%| F|  |TAMS 0x000000078d400000, 0x000000078d400000| Untracked 
|1131|0x000000078d600000, 0x000000078d600000, 0x000000078d800000|  0%| F|  |TAMS 0x000000078d600000, 0x000000078d600000| Untracked 
|1132|0x000000078d800000, 0x000000078d800000, 0x000000078da00000|  0%| F|  |TAMS 0x000000078d800000, 0x000000078d800000| Untracked 
|1133|0x000000078da00000, 0x000000078da00000, 0x000000078dc00000|  0%| F|  |TAMS 0x000000078da00000, 0x000000078da00000| Untracked 
|1134|0x000000078dc00000, 0x000000078dc00000, 0x000000078de00000|  0%| F|  |TAMS 0x000000078dc00000, 0x000000078dc00000| Untracked 
|1135|0x000000078de00000, 0x000000078de00000, 0x000000078e000000|  0%| F|  |TAMS 0x000000078de00000, 0x000000078de00000| Untracked 
|1136|0x000000078e000000, 0x000000078e000000, 0x000000078e200000|  0%| F|  |TAMS 0x000000078e000000, 0x000000078e000000| Untracked 
|1137|0x000000078e200000, 0x000000078e200000, 0x000000078e400000|  0%| F|  |TAMS 0x000000078e200000, 0x000000078e200000| Untracked 
|1138|0x000000078e400000, 0x000000078e400000, 0x000000078e600000|  0%| F|  |TAMS 0x000000078e400000, 0x000000078e400000| Untracked 
|1139|0x000000078e600000, 0x000000078e600000, 0x000000078e800000|  0%| F|  |TAMS 0x000000078e600000, 0x000000078e600000| Untracked 
|1140|0x000000078e800000, 0x000000078e800000, 0x000000078ea00000|  0%| F|  |TAMS 0x000000078e800000, 0x000000078e800000| Untracked 
|1141|0x000000078ea00000, 0x000000078ea00000, 0x000000078ec00000|  0%| F|  |TAMS 0x000000078ea00000, 0x000000078ea00000| Untracked 
|1142|0x000000078ec00000, 0x000000078ec00000, 0x000000078ee00000|  0%| F|  |TAMS 0x000000078ec00000, 0x000000078ec00000| Untracked 
|1143|0x000000078ee00000, 0x000000078ee00000, 0x000000078f000000|  0%| F|  |TAMS 0x000000078ee00000, 0x000000078ee00000| Untracked 
|1144|0x000000078f000000, 0x000000078f000000, 0x000000078f200000|  0%| F|  |TAMS 0x000000078f000000, 0x000000078f000000| Untracked 
|1145|0x000000078f200000, 0x000000078f200000, 0x000000078f400000|  0%| F|  |TAMS 0x000000078f200000, 0x000000078f200000| Untracked 
|1146|0x000000078f400000, 0x000000078f400000, 0x000000078f600000|  0%| F|  |TAMS 0x000000078f400000, 0x000000078f400000| Untracked 
|1147|0x000000078f600000, 0x000000078f600000, 0x000000078f800000|  0%| F|  |TAMS 0x000000078f600000, 0x000000078f600000| Untracked 
|1148|0x000000078f800000, 0x000000078f800000, 0x000000078fa00000|  0%| F|  |TAMS 0x000000078f800000, 0x000000078f800000| Untracked 
|1149|0x000000078fa00000, 0x000000078fa00000, 0x000000078fc00000|  0%| F|  |TAMS 0x000000078fa00000, 0x000000078fa00000| Untracked 
|1150|0x000000078fc00000, 0x000000078fc00000, 0x000000078fe00000|  0%| F|  |TAMS 0x000000078fc00000, 0x000000078fc00000| Untracked 
|1151|0x000000078fe00000, 0x000000078fe00000, 0x0000000790000000|  0%| F|  |TAMS 0x000000078fe00000, 0x000000078fe00000| Untracked 
|1152|0x0000000790000000, 0x0000000790000000, 0x0000000790200000|  0%| F|  |TAMS 0x0000000790000000, 0x0000000790000000| Untracked 
|1153|0x0000000790200000, 0x0000000790200000, 0x0000000790400000|  0%| F|  |TAMS 0x0000000790200000, 0x0000000790200000| Untracked 
|1154|0x0000000790400000, 0x0000000790400000, 0x0000000790600000|  0%| F|  |TAMS 0x0000000790400000, 0x0000000790400000| Untracked 
|1155|0x0000000790600000, 0x0000000790600000, 0x0000000790800000|  0%| F|  |TAMS 0x0000000790600000, 0x0000000790600000| Untracked 
|1156|0x0000000790800000, 0x0000000790800000, 0x0000000790a00000|  0%| F|  |TAMS 0x0000000790800000, 0x0000000790800000| Untracked 
|1157|0x0000000790a00000, 0x0000000790a00000, 0x0000000790c00000|  0%| F|  |TAMS 0x0000000790a00000, 0x0000000790a00000| Untracked 
|1158|0x0000000790c00000, 0x0000000790c00000, 0x0000000790e00000|  0%| F|  |TAMS 0x0000000790c00000, 0x0000000790c00000| Untracked 
|1159|0x0000000790e00000, 0x0000000790e00000, 0x0000000791000000|  0%| F|  |TAMS 0x0000000790e00000, 0x0000000790e00000| Untracked 
|1160|0x0000000791000000, 0x0000000791000000, 0x0000000791200000|  0%| F|  |TAMS 0x0000000791000000, 0x0000000791000000| Untracked 
|1161|0x0000000791200000, 0x0000000791200000, 0x0000000791400000|  0%| F|  |TAMS 0x0000000791200000, 0x0000000791200000| Untracked 
|1162|0x0000000791400000, 0x0000000791400000, 0x0000000791600000|  0%| F|  |TAMS 0x0000000791400000, 0x0000000791400000| Untracked 
|1163|0x0000000791600000, 0x0000000791600000, 0x0000000791800000|  0%| F|  |TAMS 0x0000000791600000, 0x0000000791600000| Untracked 
|1164|0x0000000791800000, 0x0000000791800000, 0x0000000791a00000|  0%| F|  |TAMS 0x0000000791800000, 0x0000000791800000| Untracked 
|1165|0x0000000791a00000, 0x0000000791a00000, 0x0000000791c00000|  0%| F|  |TAMS 0x0000000791a00000, 0x0000000791a00000| Untracked 
|1166|0x0000000791c00000, 0x0000000791c00000, 0x0000000791e00000|  0%| F|  |TAMS 0x0000000791c00000, 0x0000000791c00000| Untracked 
|1167|0x0000000791e00000, 0x0000000791e00000, 0x0000000792000000|  0%| F|  |TAMS 0x0000000791e00000, 0x0000000791e00000| Untracked 
|1168|0x0000000792000000, 0x0000000792000000, 0x0000000792200000|  0%| F|  |TAMS 0x0000000792000000, 0x0000000792000000| Untracked 
|1169|0x0000000792200000, 0x0000000792200000, 0x0000000792400000|  0%| F|  |TAMS 0x0000000792200000, 0x0000000792200000| Untracked 
|1170|0x0000000792400000, 0x0000000792400000, 0x0000000792600000|  0%| F|  |TAMS 0x0000000792400000, 0x0000000792400000| Untracked 
|1171|0x0000000792600000, 0x0000000792600000, 0x0000000792800000|  0%| F|  |TAMS 0x0000000792600000, 0x0000000792600000| Untracked 
|1172|0x0000000792800000, 0x0000000792800000, 0x0000000792a00000|  0%| F|  |TAMS 0x0000000792800000, 0x0000000792800000| Untracked 
|1173|0x0000000792a00000, 0x0000000792a00000, 0x0000000792c00000|  0%| F|  |TAMS 0x0000000792a00000, 0x0000000792a00000| Untracked 
|1174|0x0000000792c00000, 0x0000000792c00000, 0x0000000792e00000|  0%| F|  |TAMS 0x0000000792c00000, 0x0000000792c00000| Untracked 
|1175|0x0000000792e00000, 0x0000000792e00000, 0x0000000793000000|  0%| F|  |TAMS 0x0000000792e00000, 0x0000000792e00000| Untracked 
|1176|0x0000000793000000, 0x0000000793000000, 0x0000000793200000|  0%| F|  |TAMS 0x0000000793000000, 0x0000000793000000| Untracked 
|1177|0x0000000793200000, 0x0000000793200000, 0x0000000793400000|  0%| F|  |TAMS 0x0000000793200000, 0x0000000793200000| Untracked 
|1178|0x0000000793400000, 0x0000000793400000, 0x0000000793600000|  0%| F|  |TAMS 0x0000000793400000, 0x0000000793400000| Untracked 
|1179|0x0000000793600000, 0x0000000793600000, 0x0000000793800000|  0%| F|  |TAMS 0x0000000793600000, 0x0000000793600000| Untracked 
|1180|0x0000000793800000, 0x0000000793800000, 0x0000000793a00000|  0%| F|  |TAMS 0x0000000793800000, 0x0000000793800000| Untracked 
|1181|0x0000000793a00000, 0x0000000793a00000, 0x0000000793c00000|  0%| F|  |TAMS 0x0000000793a00000, 0x0000000793a00000| Untracked 
|1182|0x0000000793c00000, 0x0000000793c00000, 0x0000000793e00000|  0%| F|  |TAMS 0x0000000793c00000, 0x0000000793c00000| Untracked 
|1183|0x0000000793e00000, 0x0000000793e00000, 0x0000000794000000|  0%| F|  |TAMS 0x0000000793e00000, 0x0000000793e00000| Untracked 
|1184|0x0000000794000000, 0x0000000794000000, 0x0000000794200000|  0%| F|  |TAMS 0x0000000794000000, 0x0000000794000000| Untracked 
|1185|0x0000000794200000, 0x0000000794200000, 0x0000000794400000|  0%| F|  |TAMS 0x0000000794200000, 0x0000000794200000| Untracked 
|1186|0x0000000794400000, 0x0000000794400000, 0x0000000794600000|  0%| F|  |TAMS 0x0000000794400000, 0x0000000794400000| Untracked 
|1187|0x0000000794600000, 0x0000000794600000, 0x0000000794800000|  0%| F|  |TAMS 0x0000000794600000, 0x0000000794600000| Untracked 
|1188|0x0000000794800000, 0x0000000794800000, 0x0000000794a00000|  0%| F|  |TAMS 0x0000000794800000, 0x0000000794800000| Untracked 
|1189|0x0000000794a00000, 0x0000000794a00000, 0x0000000794c00000|  0%| F|  |TAMS 0x0000000794a00000, 0x0000000794a00000| Untracked 
|1190|0x0000000794c00000, 0x0000000794e00000, 0x0000000794e00000|100%| O|  |TAMS 0x0000000794e00000, 0x0000000794c00000| Untracked 
|1191|0x0000000794e00000, 0x0000000795000000, 0x0000000795000000|100%| O|  |TAMS 0x0000000795000000, 0x0000000794e00000| Untracked 
|1192|0x0000000795000000, 0x0000000795200000, 0x0000000795200000|100%| O|  |TAMS 0x0000000795200000, 0x0000000795000000| Untracked 
|1193|0x0000000795200000, 0x0000000795400000, 0x0000000795400000|100%| O|  |TAMS 0x0000000795400000, 0x0000000795200000| Untracked 
|1194|0x0000000795400000, 0x0000000795400000, 0x0000000795600000|  0%| F|  |TAMS 0x0000000795400000, 0x0000000795400000| Untracked 
|1195|0x0000000795600000, 0x0000000795600000, 0x0000000795800000|  0%| F|  |TAMS 0x0000000795600000, 0x0000000795600000| Untracked 
|1196|0x0000000795800000, 0x0000000795800000, 0x0000000795a00000|  0%| F|  |TAMS 0x0000000795800000, 0x0000000795800000| Untracked 
|1197|0x0000000795a00000, 0x0000000795a00000, 0x0000000795c00000|  0%| F|  |TAMS 0x0000000795a00000, 0x0000000795a00000| Untracked 
|1198|0x0000000795c00000, 0x0000000795c00000, 0x0000000795e00000|  0%| F|  |TAMS 0x0000000795c00000, 0x0000000795c00000| Untracked 
|1199|0x0000000795e00000, 0x0000000795e00000, 0x0000000796000000|  0%| F|  |TAMS 0x0000000795e00000, 0x0000000795e00000| Untracked 
|1200|0x0000000796000000, 0x0000000796000000, 0x0000000796200000|  0%| F|  |TAMS 0x0000000796000000, 0x0000000796000000| Untracked 
|1201|0x0000000796200000, 0x0000000796200000, 0x0000000796400000|  0%| F|  |TAMS 0x0000000796200000, 0x0000000796200000| Untracked 
|1202|0x0000000796400000, 0x0000000796400000, 0x0000000796600000|  0%| F|  |TAMS 0x0000000796400000, 0x0000000796400000| Untracked 
|1203|0x0000000796600000, 0x0000000796600000, 0x0000000796800000|  0%| F|  |TAMS 0x0000000796600000, 0x0000000796600000| Untracked 
|1204|0x0000000796800000, 0x0000000796800000, 0x0000000796a00000|  0%| F|  |TAMS 0x0000000796800000, 0x0000000796800000| Untracked 
|1205|0x0000000796a00000, 0x0000000796a00000, 0x0000000796c00000|  0%| F|  |TAMS 0x0000000796a00000, 0x0000000796a00000| Untracked 
|1206|0x0000000796c00000, 0x0000000796c00000, 0x0000000796e00000|  0%| F|  |TAMS 0x0000000796c00000, 0x0000000796c00000| Untracked 
|1207|0x0000000796e00000, 0x0000000796e00000, 0x0000000797000000|  0%| F|  |TAMS 0x0000000796e00000, 0x0000000796e00000| Untracked 
|1208|0x0000000797000000, 0x0000000797000000, 0x0000000797200000|  0%| F|  |TAMS 0x0000000797000000, 0x0000000797000000| Untracked 
|1209|0x0000000797200000, 0x0000000797200000, 0x0000000797400000|  0%| F|  |TAMS 0x0000000797200000, 0x0000000797200000| Untracked 
|1210|0x0000000797400000, 0x0000000797400000, 0x0000000797600000|  0%| F|  |TAMS 0x0000000797400000, 0x0000000797400000| Untracked 
|1211|0x0000000797600000, 0x0000000797600000, 0x0000000797800000|  0%| F|  |TAMS 0x0000000797600000, 0x0000000797600000| Untracked 
|1212|0x0000000797800000, 0x0000000797800000, 0x0000000797a00000|  0%| F|  |TAMS 0x0000000797800000, 0x0000000797800000| Untracked 
|1213|0x0000000797a00000, 0x0000000797a00000, 0x0000000797c00000|  0%| F|  |TAMS 0x0000000797a00000, 0x0000000797a00000| Untracked 
|1214|0x0000000797c00000, 0x0000000797c00000, 0x0000000797e00000|  0%| F|  |TAMS 0x0000000797c00000, 0x0000000797c00000| Untracked 
|1215|0x0000000797e00000, 0x0000000797e00000, 0x0000000798000000|  0%| F|  |TAMS 0x0000000797e00000, 0x0000000797e00000| Untracked 
|1216|0x0000000798000000, 0x0000000798000000, 0x0000000798200000|  0%| F|  |TAMS 0x0000000798000000, 0x0000000798000000| Untracked 
|1217|0x0000000798200000, 0x0000000798200000, 0x0000000798400000|  0%| F|  |TAMS 0x0000000798200000, 0x0000000798200000| Untracked 
|1218|0x0000000798400000, 0x0000000798400000, 0x0000000798600000|  0%| F|  |TAMS 0x0000000798400000, 0x0000000798400000| Untracked 
|1219|0x0000000798600000, 0x0000000798600000, 0x0000000798800000|  0%| F|  |TAMS 0x0000000798600000, 0x0000000798600000| Untracked 
|1220|0x0000000798800000, 0x0000000798800000, 0x0000000798a00000|  0%| F|  |TAMS 0x0000000798800000, 0x0000000798800000| Untracked 
|1221|0x0000000798a00000, 0x0000000798a00000, 0x0000000798c00000|  0%| F|  |TAMS 0x0000000798a00000, 0x0000000798a00000| Untracked 
|1222|0x0000000798c00000, 0x0000000798c00000, 0x0000000798e00000|  0%| F|  |TAMS 0x0000000798c00000, 0x0000000798c00000| Untracked 
|1223|0x0000000798e00000, 0x0000000798e00000, 0x0000000799000000|  0%| F|  |TAMS 0x0000000798e00000, 0x0000000798e00000| Untracked 
|1224|0x0000000799000000, 0x0000000799000000, 0x0000000799200000|  0%| F|  |TAMS 0x0000000799000000, 0x0000000799000000| Untracked 
|1225|0x0000000799200000, 0x0000000799200000, 0x0000000799400000|  0%| F|  |TAMS 0x0000000799200000, 0x0000000799200000| Untracked 
|1226|0x0000000799400000, 0x0000000799400000, 0x0000000799600000|  0%| F|  |TAMS 0x0000000799400000, 0x0000000799400000| Untracked 
|1227|0x0000000799600000, 0x0000000799800000, 0x0000000799800000|100%| O|  |TAMS 0x0000000799800000, 0x0000000799600000| Untracked 
|1228|0x0000000799800000, 0x0000000799a00000, 0x0000000799a00000|100%| O|  |TAMS 0x0000000799a00000, 0x0000000799800000| Untracked 
|1229|0x0000000799a00000, 0x0000000799a00000, 0x0000000799c00000|  0%| F|  |TAMS 0x0000000799a00000, 0x0000000799a00000| Untracked 
|1230|0x0000000799c00000, 0x0000000799c00000, 0x0000000799e00000|  0%| F|  |TAMS 0x0000000799c00000, 0x0000000799c00000| Untracked 
|1231|0x0000000799e00000, 0x0000000799e00000, 0x000000079a000000|  0%| F|  |TAMS 0x0000000799e00000, 0x0000000799e00000| Untracked 
|1232|0x000000079a000000, 0x000000079a000000, 0x000000079a200000|  0%| F|  |TAMS 0x000000079a000000, 0x000000079a000000| Untracked 
|1233|0x000000079a200000, 0x000000079a200000, 0x000000079a400000|  0%| F|  |TAMS 0x000000079a200000, 0x000000079a200000| Untracked 
|1234|0x000000079a400000, 0x000000079a400000, 0x000000079a600000|  0%| F|  |TAMS 0x000000079a400000, 0x000000079a400000| Untracked 
|1235|0x000000079a600000, 0x000000079a600000, 0x000000079a800000|  0%| F|  |TAMS 0x000000079a600000, 0x000000079a600000| Untracked 
|1236|0x000000079a800000, 0x000000079a800000, 0x000000079aa00000|  0%| F|  |TAMS 0x000000079a800000, 0x000000079a800000| Untracked 
|1237|0x000000079aa00000, 0x000000079aa00000, 0x000000079ac00000|  0%| F|  |TAMS 0x000000079aa00000, 0x000000079aa00000| Untracked 
|1238|0x000000079ac00000, 0x000000079ac00000, 0x000000079ae00000|  0%| F|  |TAMS 0x000000079ac00000, 0x000000079ac00000| Untracked 
|1239|0x000000079ae00000, 0x000000079ae00000, 0x000000079b000000|  0%| F|  |TAMS 0x000000079ae00000, 0x000000079ae00000| Untracked 
|1240|0x000000079b000000, 0x000000079b000000, 0x000000079b200000|  0%| F|  |TAMS 0x000000079b000000, 0x000000079b000000| Untracked 
|1241|0x000000079b200000, 0x000000079b200000, 0x000000079b400000|  0%| F|  |TAMS 0x000000079b200000, 0x000000079b200000| Untracked 
|1242|0x000000079b400000, 0x000000079b400000, 0x000000079b600000|  0%| F|  |TAMS 0x000000079b400000, 0x000000079b400000| Untracked 
|1243|0x000000079b600000, 0x000000079b600000, 0x000000079b800000|  0%| F|  |TAMS 0x000000079b600000, 0x000000079b600000| Untracked 
|1244|0x000000079b800000, 0x000000079b800000, 0x000000079ba00000|  0%| F|  |TAMS 0x000000079b800000, 0x000000079b800000| Untracked 
|1245|0x000000079ba00000, 0x000000079ba00000, 0x000000079bc00000|  0%| F|  |TAMS 0x000000079ba00000, 0x000000079ba00000| Untracked 
|1246|0x000000079bc00000, 0x000000079bc00000, 0x000000079be00000|  0%| F|  |TAMS 0x000000079bc00000, 0x000000079bc00000| Untracked 
|1247|0x000000079be00000, 0x000000079be00000, 0x000000079c000000|  0%| F|  |TAMS 0x000000079be00000, 0x000000079be00000| Untracked 
|1248|0x000000079c000000, 0x000000079c000000, 0x000000079c200000|  0%| F|  |TAMS 0x000000079c000000, 0x000000079c000000| Untracked 
|1249|0x000000079c200000, 0x000000079c200000, 0x000000079c400000|  0%| F|  |TAMS 0x000000079c200000, 0x000000079c200000| Untracked 
|1250|0x000000079c400000, 0x000000079c400000, 0x000000079c600000|  0%| F|  |TAMS 0x000000079c400000, 0x000000079c400000| Untracked 
|1251|0x000000079c600000, 0x000000079c600000, 0x000000079c800000|  0%| F|  |TAMS 0x000000079c600000, 0x000000079c600000| Untracked 
|1252|0x000000079c800000, 0x000000079c800000, 0x000000079ca00000|  0%| F|  |TAMS 0x000000079c800000, 0x000000079c800000| Untracked 
|1253|0x000000079ca00000, 0x000000079ca00000, 0x000000079cc00000|  0%| F|  |TAMS 0x000000079ca00000, 0x000000079ca00000| Untracked 
|1254|0x000000079cc00000, 0x000000079cc00000, 0x000000079ce00000|  0%| F|  |TAMS 0x000000079cc00000, 0x000000079cc00000| Untracked 
|1255|0x000000079ce00000, 0x000000079ce00000, 0x000000079d000000|  0%| F|  |TAMS 0x000000079ce00000, 0x000000079ce00000| Untracked 
|1256|0x000000079d000000, 0x000000079d000000, 0x000000079d200000|  0%| F|  |TAMS 0x000000079d000000, 0x000000079d000000| Untracked 
|1257|0x000000079d200000, 0x000000079d200000, 0x000000079d400000|  0%| F|  |TAMS 0x000000079d200000, 0x000000079d200000| Untracked 
|1258|0x000000079d400000, 0x000000079d400000, 0x000000079d600000|  0%| F|  |TAMS 0x000000079d400000, 0x000000079d400000| Untracked 
|1259|0x000000079d600000, 0x000000079d600000, 0x000000079d800000|  0%| F|  |TAMS 0x000000079d600000, 0x000000079d600000| Untracked 
|1260|0x000000079d800000, 0x000000079d800000, 0x000000079da00000|  0%| F|  |TAMS 0x000000079d800000, 0x000000079d800000| Untracked 
|1261|0x000000079da00000, 0x000000079da00000, 0x000000079dc00000|  0%| F|  |TAMS 0x000000079da00000, 0x000000079da00000| Untracked 
|1262|0x000000079dc00000, 0x000000079dc00000, 0x000000079de00000|  0%| F|  |TAMS 0x000000079dc00000, 0x000000079dc00000| Untracked 
|1263|0x000000079de00000, 0x000000079de00000, 0x000000079e000000|  0%| F|  |TAMS 0x000000079de00000, 0x000000079de00000| Untracked 
|1264|0x000000079e000000, 0x000000079e000000, 0x000000079e200000|  0%| F|  |TAMS 0x000000079e000000, 0x000000079e000000| Untracked 
|1265|0x000000079e200000, 0x000000079e200000, 0x000000079e400000|  0%| F|  |TAMS 0x000000079e200000, 0x000000079e200000| Untracked 
|1266|0x000000079e400000, 0x000000079e400000, 0x000000079e600000|  0%| F|  |TAMS 0x000000079e400000, 0x000000079e400000| Untracked 
|1267|0x000000079e600000, 0x000000079e600000, 0x000000079e800000|  0%| F|  |TAMS 0x000000079e600000, 0x000000079e600000| Untracked 
|1268|0x000000079e800000, 0x000000079e800000, 0x000000079ea00000|  0%| F|  |TAMS 0x000000079e800000, 0x000000079e800000| Untracked 
|1269|0x000000079ea00000, 0x000000079ea00000, 0x000000079ec00000|  0%| F|  |TAMS 0x000000079ea00000, 0x000000079ea00000| Untracked 
|1270|0x000000079ec00000, 0x000000079ec00000, 0x000000079ee00000|  0%| F|  |TAMS 0x000000079ec00000, 0x000000079ec00000| Untracked 
|1271|0x000000079ee00000, 0x000000079ee00000, 0x000000079f000000|  0%| F|  |TAMS 0x000000079ee00000, 0x000000079ee00000| Untracked 
|1272|0x000000079f000000, 0x000000079f000000, 0x000000079f200000|  0%| F|  |TAMS 0x000000079f000000, 0x000000079f000000| Untracked 
|1273|0x000000079f200000, 0x000000079f400000, 0x000000079f400000|100%|HS|  |TAMS 0x000000079f400000, 0x000000079f200000| Complete 
|1274|0x000000079f400000, 0x000000079f600000, 0x000000079f600000|100%|HC|  |TAMS 0x000000079f600000, 0x000000079f400000| Complete 
|1275|0x000000079f600000, 0x000000079f600000, 0x000000079f800000|  0%| F|  |TAMS 0x000000079f600000, 0x000000079f600000| Untracked 
|1276|0x000000079f800000, 0x000000079f800000, 0x000000079fa00000|  0%| F|  |TAMS 0x000000079f800000, 0x000000079f800000| Untracked 
|1277|0x000000079fa00000, 0x000000079fa00000, 0x000000079fc00000|  0%| F|  |TAMS 0x000000079fa00000, 0x000000079fa00000| Untracked 
|1278|0x000000079fc00000, 0x000000079fc00000, 0x000000079fe00000|  0%| F|  |TAMS 0x000000079fc00000, 0x000000079fc00000| Untracked 
|1279|0x000000079fe00000, 0x00000007a0000000, 0x00000007a0000000|100%|HS|  |TAMS 0x00000007a0000000, 0x000000079fe00000| Complete 
|1280|0x00000007a0000000, 0x00000007a0200000, 0x00000007a0200000|100%|HS|  |TAMS 0x00000007a0200000, 0x00000007a0000000| Complete 
|1281|0x00000007a0200000, 0x00000007a0200000, 0x00000007a0400000|  0%| F|  |TAMS 0x00000007a0200000, 0x00000007a0200000| Untracked 
|1282|0x00000007a0400000, 0x00000007a0400000, 0x00000007a0600000|  0%| F|  |TAMS 0x00000007a0400000, 0x00000007a0400000| Untracked 
|1283|0x00000007a0600000, 0x00000007a0600000, 0x00000007a0800000|  0%| F|  |TAMS 0x00000007a0600000, 0x00000007a0600000| Untracked 
|1284|0x00000007a0800000, 0x00000007a0800000, 0x00000007a0a00000|  0%| F|  |TAMS 0x00000007a0800000, 0x00000007a0800000| Untracked 
|1285|0x00000007a0a00000, 0x00000007a0a00000, 0x00000007a0c00000|  0%| F|  |TAMS 0x00000007a0a00000, 0x00000007a0a00000| Untracked 
|1286|0x00000007a0c00000, 0x00000007a0c00000, 0x00000007a0e00000|  0%| F|  |TAMS 0x00000007a0c00000, 0x00000007a0c00000| Untracked 
|1287|0x00000007a0e00000, 0x00000007a0e00000, 0x00000007a1000000|  0%| F|  |TAMS 0x00000007a0e00000, 0x00000007a0e00000| Untracked 
|1288|0x00000007a1000000, 0x00000007a1000000, 0x00000007a1200000|  0%| F|  |TAMS 0x00000007a1000000, 0x00000007a1000000| Untracked 
|1289|0x00000007a1200000, 0x00000007a1200000, 0x00000007a1400000|  0%| F|  |TAMS 0x00000007a1200000, 0x00000007a1200000| Untracked 
|1290|0x00000007a1400000, 0x00000007a1400000, 0x00000007a1600000|  0%| F|  |TAMS 0x00000007a1400000, 0x00000007a1400000| Untracked 
|1291|0x00000007a1600000, 0x00000007a1600000, 0x00000007a1800000|  0%| F|  |TAMS 0x00000007a1600000, 0x00000007a1600000| Untracked 
|1292|0x00000007a1800000, 0x00000007a1800000, 0x00000007a1a00000|  0%| F|  |TAMS 0x00000007a1800000, 0x00000007a1800000| Untracked 
|1293|0x00000007a1a00000, 0x00000007a1a00000, 0x00000007a1c00000|  0%| F|  |TAMS 0x00000007a1a00000, 0x00000007a1a00000| Untracked 
|1294|0x00000007a1c00000, 0x00000007a1c00000, 0x00000007a1e00000|  0%| F|  |TAMS 0x00000007a1c00000, 0x00000007a1c00000| Untracked 
|1295|0x00000007a1e00000, 0x00000007a1e00000, 0x00000007a2000000|  0%| F|  |TAMS 0x00000007a1e00000, 0x00000007a1e00000| Untracked 
|1296|0x00000007a2000000, 0x00000007a2000000, 0x00000007a2200000|  0%| F|  |TAMS 0x00000007a2000000, 0x00000007a2000000| Untracked 
|1297|0x00000007a2200000, 0x00000007a2200000, 0x00000007a2400000|  0%| F|  |TAMS 0x00000007a2200000, 0x00000007a2200000| Untracked 
|1298|0x00000007a2400000, 0x00000007a2400000, 0x00000007a2600000|  0%| F|  |TAMS 0x00000007a2400000, 0x00000007a2400000| Untracked 
|1299|0x00000007a2600000, 0x00000007a2600000, 0x00000007a2800000|  0%| F|  |TAMS 0x00000007a2600000, 0x00000007a2600000| Untracked 
|1300|0x00000007a2800000, 0x00000007a2800000, 0x00000007a2a00000|  0%| F|  |TAMS 0x00000007a2800000, 0x00000007a2800000| Untracked 
|1301|0x00000007a2a00000, 0x00000007a2a00000, 0x00000007a2c00000|  0%| F|  |TAMS 0x00000007a2a00000, 0x00000007a2a00000| Untracked 
|1302|0x00000007a2c00000, 0x00000007a2c00000, 0x00000007a2e00000|  0%| F|  |TAMS 0x00000007a2c00000, 0x00000007a2c00000| Untracked 
|1303|0x00000007a2e00000, 0x00000007a2e00000, 0x00000007a3000000|  0%| F|  |TAMS 0x00000007a2e00000, 0x00000007a2e00000| Untracked 
|1304|0x00000007a3000000, 0x00000007a3000000, 0x00000007a3200000|  0%| F|  |TAMS 0x00000007a3000000, 0x00000007a3000000| Untracked 
|1305|0x00000007a3200000, 0x00000007a3200000, 0x00000007a3400000|  0%| F|  |TAMS 0x00000007a3200000, 0x00000007a3200000| Untracked 
|1306|0x00000007a3400000, 0x00000007a3400000, 0x00000007a3600000|  0%| F|  |TAMS 0x00000007a3400000, 0x00000007a3400000| Untracked 
|1307|0x00000007a3600000, 0x00000007a3600000, 0x00000007a3800000|  0%| F|  |TAMS 0x00000007a3600000, 0x00000007a3600000| Untracked 
|1308|0x00000007a3800000, 0x00000007a3800000, 0x00000007a3a00000|  0%| F|  |TAMS 0x00000007a3800000, 0x00000007a3800000| Untracked 
|1309|0x00000007a3a00000, 0x00000007a3a00000, 0x00000007a3c00000|  0%| F|  |TAMS 0x00000007a3a00000, 0x00000007a3a00000| Untracked 
|1310|0x00000007a3c00000, 0x00000007a3c00000, 0x00000007a3e00000|  0%| F|  |TAMS 0x00000007a3c00000, 0x00000007a3c00000| Untracked 
|1311|0x00000007a3e00000, 0x00000007a3e00000, 0x00000007a4000000|  0%| F|  |TAMS 0x00000007a3e00000, 0x00000007a3e00000| Untracked 
|1312|0x00000007a4000000, 0x00000007a4000000, 0x00000007a4200000|  0%| F|  |TAMS 0x00000007a4000000, 0x00000007a4000000| Untracked 
|1313|0x00000007a4200000, 0x00000007a4200000, 0x00000007a4400000|  0%| F|  |TAMS 0x00000007a4200000, 0x00000007a4200000| Untracked 
|1314|0x00000007a4400000, 0x00000007a4400000, 0x00000007a4600000|  0%| F|  |TAMS 0x00000007a4400000, 0x00000007a4400000| Untracked 
|1315|0x00000007a4600000, 0x00000007a4600000, 0x00000007a4800000|  0%| F|  |TAMS 0x00000007a4600000, 0x00000007a4600000| Untracked 
|1316|0x00000007a4800000, 0x00000007a4800000, 0x00000007a4a00000|  0%| F|  |TAMS 0x00000007a4800000, 0x00000007a4800000| Untracked 
|1317|0x00000007a4a00000, 0x00000007a4a00000, 0x00000007a4c00000|  0%| F|  |TAMS 0x00000007a4a00000, 0x00000007a4a00000| Untracked 
|1318|0x00000007a4c00000, 0x00000007a4c00000, 0x00000007a4e00000|  0%| F|  |TAMS 0x00000007a4c00000, 0x00000007a4c00000| Untracked 
|1319|0x00000007a4e00000, 0x00000007a4e00000, 0x00000007a5000000|  0%| F|  |TAMS 0x00000007a4e00000, 0x00000007a4e00000| Untracked 
|1320|0x00000007a5000000, 0x00000007a5000000, 0x00000007a5200000|  0%| F|  |TAMS 0x00000007a5000000, 0x00000007a5000000| Untracked 
|1321|0x00000007a5200000, 0x00000007a5200000, 0x00000007a5400000|  0%| F|  |TAMS 0x00000007a5200000, 0x00000007a5200000| Untracked 
|1322|0x00000007a5400000, 0x00000007a5400000, 0x00000007a5600000|  0%| F|  |TAMS 0x00000007a5400000, 0x00000007a5400000| Untracked 
|1323|0x00000007a5600000, 0x00000007a5600000, 0x00000007a5800000|  0%| F|  |TAMS 0x00000007a5600000, 0x00000007a5600000| Untracked 
|1324|0x00000007a5800000, 0x00000007a5800000, 0x00000007a5a00000|  0%| F|  |TAMS 0x00000007a5800000, 0x00000007a5800000| Untracked 
|1325|0x00000007a5a00000, 0x00000007a5a00000, 0x00000007a5c00000|  0%| F|  |TAMS 0x00000007a5a00000, 0x00000007a5a00000| Untracked 
|1326|0x00000007a5c00000, 0x00000007a5c00000, 0x00000007a5e00000|  0%| F|  |TAMS 0x00000007a5c00000, 0x00000007a5c00000| Untracked 
|1327|0x00000007a5e00000, 0x00000007a5e00000, 0x00000007a6000000|  0%| F|  |TAMS 0x00000007a5e00000, 0x00000007a5e00000| Untracked 
|1328|0x00000007a6000000, 0x00000007a6000000, 0x00000007a6200000|  0%| F|  |TAMS 0x00000007a6000000, 0x00000007a6000000| Untracked 
|1329|0x00000007a6200000, 0x00000007a6200000, 0x00000007a6400000|  0%| F|  |TAMS 0x00000007a6200000, 0x00000007a6200000| Untracked 
|1330|0x00000007a6400000, 0x00000007a6400000, 0x00000007a6600000|  0%| F|  |TAMS 0x00000007a6400000, 0x00000007a6400000| Untracked 
|1331|0x00000007a6600000, 0x00000007a6600000, 0x00000007a6800000|  0%| F|  |TAMS 0x00000007a6600000, 0x00000007a6600000| Untracked 
|1332|0x00000007a6800000, 0x00000007a6800000, 0x00000007a6a00000|  0%| F|  |TAMS 0x00000007a6800000, 0x00000007a6800000| Untracked 
|1333|0x00000007a6a00000, 0x00000007a6a00000, 0x00000007a6c00000|  0%| F|  |TAMS 0x00000007a6a00000, 0x00000007a6a00000| Untracked 
|1334|0x00000007a6c00000, 0x00000007a6c00000, 0x00000007a6e00000|  0%| F|  |TAMS 0x00000007a6c00000, 0x00000007a6c00000| Untracked 
|1335|0x00000007a6e00000, 0x00000007a6e00000, 0x00000007a7000000|  0%| F|  |TAMS 0x00000007a6e00000, 0x00000007a6e00000| Untracked 
|1336|0x00000007a7000000, 0x00000007a7000000, 0x00000007a7200000|  0%| F|  |TAMS 0x00000007a7000000, 0x00000007a7000000| Untracked 
|1337|0x00000007a7200000, 0x00000007a7200000, 0x00000007a7400000|  0%| F|  |TAMS 0x00000007a7200000, 0x00000007a7200000| Untracked 
|1338|0x00000007a7400000, 0x00000007a7400000, 0x00000007a7600000|  0%| F|  |TAMS 0x00000007a7400000, 0x00000007a7400000| Untracked 
|1339|0x00000007a7600000, 0x00000007a7600000, 0x00000007a7800000|  0%| F|  |TAMS 0x00000007a7600000, 0x00000007a7600000| Untracked 
|1340|0x00000007a7800000, 0x00000007a7800000, 0x00000007a7a00000|  0%| F|  |TAMS 0x00000007a7800000, 0x00000007a7800000| Untracked 
|1341|0x00000007a7a00000, 0x00000007a7a00000, 0x00000007a7c00000|  0%| F|  |TAMS 0x00000007a7a00000, 0x00000007a7a00000| Untracked 
|1342|0x00000007a7c00000, 0x00000007a7c00000, 0x00000007a7e00000|  0%| F|  |TAMS 0x00000007a7c00000, 0x00000007a7c00000| Untracked 
|1343|0x00000007a7e00000, 0x00000007a7e00000, 0x00000007a8000000|  0%| F|  |TAMS 0x00000007a7e00000, 0x00000007a7e00000| Untracked 
|1344|0x00000007a8000000, 0x00000007a8000000, 0x00000007a8200000|  0%| F|  |TAMS 0x00000007a8000000, 0x00000007a8000000| Untracked 
|1345|0x00000007a8200000, 0x00000007a8200000, 0x00000007a8400000|  0%| F|  |TAMS 0x00000007a8200000, 0x00000007a8200000| Untracked 
|1346|0x00000007a8400000, 0x00000007a8400000, 0x00000007a8600000|  0%| F|  |TAMS 0x00000007a8400000, 0x00000007a8400000| Untracked 
|1347|0x00000007a8600000, 0x00000007a8600000, 0x00000007a8800000|  0%| F|  |TAMS 0x00000007a8600000, 0x00000007a8600000| Untracked 
|1348|0x00000007a8800000, 0x00000007a8800000, 0x00000007a8a00000|  0%| F|  |TAMS 0x00000007a8800000, 0x00000007a8800000| Untracked 
|1349|0x00000007a8a00000, 0x00000007a8a00000, 0x00000007a8c00000|  0%| F|  |TAMS 0x00000007a8a00000, 0x00000007a8a00000| Untracked 
|1350|0x00000007a8c00000, 0x00000007a8c00000, 0x00000007a8e00000|  0%| F|  |TAMS 0x00000007a8c00000, 0x00000007a8c00000| Untracked 
|1351|0x00000007a8e00000, 0x00000007a8e00000, 0x00000007a9000000|  0%| F|  |TAMS 0x00000007a8e00000, 0x00000007a8e00000| Untracked 
|1352|0x00000007a9000000, 0x00000007a9000000, 0x00000007a9200000|  0%| F|  |TAMS 0x00000007a9000000, 0x00000007a9000000| Untracked 
|1353|0x00000007a9200000, 0x00000007a9200000, 0x00000007a9400000|  0%| F|  |TAMS 0x00000007a9200000, 0x00000007a9200000| Untracked 
|1354|0x00000007a9400000, 0x00000007a9400000, 0x00000007a9600000|  0%| F|  |TAMS 0x00000007a9400000, 0x00000007a9400000| Untracked 
|1355|0x00000007a9600000, 0x00000007a9600000, 0x00000007a9800000|  0%| F|  |TAMS 0x00000007a9600000, 0x00000007a9600000| Untracked 
|1356|0x00000007a9800000, 0x00000007a9800000, 0x00000007a9a00000|  0%| F|  |TAMS 0x00000007a9800000, 0x00000007a9800000| Untracked 
|1357|0x00000007a9a00000, 0x00000007a9a00000, 0x00000007a9c00000|  0%| F|  |TAMS 0x00000007a9a00000, 0x00000007a9a00000| Untracked 
|1358|0x00000007a9c00000, 0x00000007a9c00000, 0x00000007a9e00000|  0%| F|  |TAMS 0x00000007a9c00000, 0x00000007a9c00000| Untracked 
|1359|0x00000007a9e00000, 0x00000007a9e00000, 0x00000007aa000000|  0%| F|  |TAMS 0x00000007a9e00000, 0x00000007a9e00000| Untracked 
|1360|0x00000007aa000000, 0x00000007aa000000, 0x00000007aa200000|  0%| F|  |TAMS 0x00000007aa000000, 0x00000007aa000000| Untracked 
|1361|0x00000007aa200000, 0x00000007aa200000, 0x00000007aa400000|  0%| F|  |TAMS 0x00000007aa200000, 0x00000007aa200000| Untracked 
|1362|0x00000007aa400000, 0x00000007aa400000, 0x00000007aa600000|  0%| F|  |TAMS 0x00000007aa400000, 0x00000007aa400000| Untracked 
|1363|0x00000007aa600000, 0x00000007aa600000, 0x00000007aa800000|  0%| F|  |TAMS 0x00000007aa600000, 0x00000007aa600000| Untracked 
|1364|0x00000007aa800000, 0x00000007aa800000, 0x00000007aaa00000|  0%| F|  |TAMS 0x00000007aa800000, 0x00000007aa800000| Untracked 
|1365|0x00000007aaa00000, 0x00000007aaa00000, 0x00000007aac00000|  0%| F|  |TAMS 0x00000007aaa00000, 0x00000007aaa00000| Untracked 
|1366|0x00000007aac00000, 0x00000007aac00000, 0x00000007aae00000|  0%| F|  |TAMS 0x00000007aac00000, 0x00000007aac00000| Untracked 
|1367|0x00000007aae00000, 0x00000007aae00000, 0x00000007ab000000|  0%| F|  |TAMS 0x00000007aae00000, 0x00000007aae00000| Untracked 
|1368|0x00000007ab000000, 0x00000007ab000000, 0x00000007ab200000|  0%| F|  |TAMS 0x00000007ab000000, 0x00000007ab000000| Untracked 
|1369|0x00000007ab200000, 0x00000007ab200000, 0x00000007ab400000|  0%| F|  |TAMS 0x00000007ab200000, 0x00000007ab200000| Untracked 
|1370|0x00000007ab400000, 0x00000007ab400000, 0x00000007ab600000|  0%| F|  |TAMS 0x00000007ab400000, 0x00000007ab400000| Untracked 
|1371|0x00000007ab600000, 0x00000007ab600000, 0x00000007ab800000|  0%| F|  |TAMS 0x00000007ab600000, 0x00000007ab600000| Untracked 
|1372|0x00000007ab800000, 0x00000007ab800000, 0x00000007aba00000|  0%| F|  |TAMS 0x00000007ab800000, 0x00000007ab800000| Untracked 
|1373|0x00000007aba00000, 0x00000007aba00000, 0x00000007abc00000|  0%| F|  |TAMS 0x00000007aba00000, 0x00000007aba00000| Untracked 
|1374|0x00000007abc00000, 0x00000007abc00000, 0x00000007abe00000|  0%| F|  |TAMS 0x00000007abc00000, 0x00000007abc00000| Untracked 
|1375|0x00000007abe00000, 0x00000007abe00000, 0x00000007ac000000|  0%| F|  |TAMS 0x00000007abe00000, 0x00000007abe00000| Untracked 
|1376|0x00000007ac000000, 0x00000007ac000000, 0x00000007ac200000|  0%| F|  |TAMS 0x00000007ac000000, 0x00000007ac000000| Untracked 
|1377|0x00000007ac200000, 0x00000007ac200000, 0x00000007ac400000|  0%| F|  |TAMS 0x00000007ac200000, 0x00000007ac200000| Untracked 
|1378|0x00000007ac400000, 0x00000007ac400000, 0x00000007ac600000|  0%| F|  |TAMS 0x00000007ac400000, 0x00000007ac400000| Untracked 
|1379|0x00000007ac600000, 0x00000007ac600000, 0x00000007ac800000|  0%| F|  |TAMS 0x00000007ac600000, 0x00000007ac600000| Untracked 
|1380|0x00000007ac800000, 0x00000007ac800000, 0x00000007aca00000|  0%| F|  |TAMS 0x00000007ac800000, 0x00000007ac800000| Untracked 
|1381|0x00000007aca00000, 0x00000007aca00000, 0x00000007acc00000|  0%| F|  |TAMS 0x00000007aca00000, 0x00000007aca00000| Untracked 
|1382|0x00000007acc00000, 0x00000007acc00000, 0x00000007ace00000|  0%| F|  |TAMS 0x00000007acc00000, 0x00000007acc00000| Untracked 
|1383|0x00000007ace00000, 0x00000007ace00000, 0x00000007ad000000|  0%| F|  |TAMS 0x00000007ace00000, 0x00000007ace00000| Untracked 
|1384|0x00000007ad000000, 0x00000007ad000000, 0x00000007ad200000|  0%| F|  |TAMS 0x00000007ad000000, 0x00000007ad000000| Untracked 
|1385|0x00000007ad200000, 0x00000007ad200000, 0x00000007ad400000|  0%| F|  |TAMS 0x00000007ad200000, 0x00000007ad200000| Untracked 
|1386|0x00000007ad400000, 0x00000007ad400000, 0x00000007ad600000|  0%| F|  |TAMS 0x00000007ad400000, 0x00000007ad400000| Untracked 
|1387|0x00000007ad600000, 0x00000007ad600000, 0x00000007ad800000|  0%| F|  |TAMS 0x00000007ad600000, 0x00000007ad600000| Untracked 
|1388|0x00000007ad800000, 0x00000007ad800000, 0x00000007ada00000|  0%| F|  |TAMS 0x00000007ad800000, 0x00000007ad800000| Untracked 
|1389|0x00000007ada00000, 0x00000007ada00000, 0x00000007adc00000|  0%| F|  |TAMS 0x00000007ada00000, 0x00000007ada00000| Untracked 
|1390|0x00000007adc00000, 0x00000007adc00000, 0x00000007ade00000|  0%| F|  |TAMS 0x00000007adc00000, 0x00000007adc00000| Untracked 
|1391|0x00000007ade00000, 0x00000007ade00000, 0x00000007ae000000|  0%| F|  |TAMS 0x00000007ade00000, 0x00000007ade00000| Untracked 
|1392|0x00000007ae000000, 0x00000007ae000000, 0x00000007ae200000|  0%| F|  |TAMS 0x00000007ae000000, 0x00000007ae000000| Untracked 
|1393|0x00000007ae200000, 0x00000007ae200000, 0x00000007ae400000|  0%| F|  |TAMS 0x00000007ae200000, 0x00000007ae200000| Untracked 
|1394|0x00000007ae400000, 0x00000007ae400000, 0x00000007ae600000|  0%| F|  |TAMS 0x00000007ae400000, 0x00000007ae400000| Untracked 
|1395|0x00000007ae600000, 0x00000007ae600000, 0x00000007ae800000|  0%| F|  |TAMS 0x00000007ae600000, 0x00000007ae600000| Untracked 
|1396|0x00000007ae800000, 0x00000007ae800000, 0x00000007aea00000|  0%| F|  |TAMS 0x00000007ae800000, 0x00000007ae800000| Untracked 
|1397|0x00000007aea00000, 0x00000007aea00000, 0x00000007aec00000|  0%| F|  |TAMS 0x00000007aea00000, 0x00000007aea00000| Untracked 
|1398|0x00000007aec00000, 0x00000007aec00000, 0x00000007aee00000|  0%| F|  |TAMS 0x00000007aec00000, 0x00000007aec00000| Untracked 
|1399|0x00000007aee00000, 0x00000007aee00000, 0x00000007af000000|  0%| F|  |TAMS 0x00000007aee00000, 0x00000007aee00000| Untracked 
|1400|0x00000007af000000, 0x00000007af000000, 0x00000007af200000|  0%| F|  |TAMS 0x00000007af000000, 0x00000007af000000| Untracked 
|1401|0x00000007af200000, 0x00000007af200000, 0x00000007af400000|  0%| F|  |TAMS 0x00000007af200000, 0x00000007af200000| Untracked 
|1402|0x00000007af400000, 0x00000007af400000, 0x00000007af600000|  0%| F|  |TAMS 0x00000007af400000, 0x00000007af400000| Untracked 
|1403|0x00000007af600000, 0x00000007af600000, 0x00000007af800000|  0%| F|  |TAMS 0x00000007af600000, 0x00000007af600000| Untracked 
|1404|0x00000007af800000, 0x00000007af800000, 0x00000007afa00000|  0%| F|  |TAMS 0x00000007af800000, 0x00000007af800000| Untracked 
|1405|0x00000007afa00000, 0x00000007afa00000, 0x00000007afc00000|  0%| F|  |TAMS 0x00000007afa00000, 0x00000007afa00000| Untracked 
|1406|0x00000007afc00000, 0x00000007afc00000, 0x00000007afe00000|  0%| F|  |TAMS 0x00000007afc00000, 0x00000007afc00000| Untracked 
|1407|0x00000007afe00000, 0x00000007afe00000, 0x00000007b0000000|  0%| F|  |TAMS 0x00000007afe00000, 0x00000007afe00000| Untracked 
|1408|0x00000007b0000000, 0x00000007b0000000, 0x00000007b0200000|  0%| F|  |TAMS 0x00000007b0000000, 0x00000007b0000000| Untracked 
|1409|0x00000007b0200000, 0x00000007b0200000, 0x00000007b0400000|  0%| F|  |TAMS 0x00000007b0200000, 0x00000007b0200000| Untracked 
|1410|0x00000007b0400000, 0x00000007b0400000, 0x00000007b0600000|  0%| F|  |TAMS 0x00000007b0400000, 0x00000007b0400000| Untracked 
|1411|0x00000007b0600000, 0x00000007b0600000, 0x00000007b0800000|  0%| F|  |TAMS 0x00000007b0600000, 0x00000007b0600000| Untracked 
|1412|0x00000007b0800000, 0x00000007b0800000, 0x00000007b0a00000|  0%| F|  |TAMS 0x00000007b0800000, 0x00000007b0800000| Untracked 
|1413|0x00000007b0a00000, 0x00000007b0a00000, 0x00000007b0c00000|  0%| F|  |TAMS 0x00000007b0a00000, 0x00000007b0a00000| Untracked 
|1414|0x00000007b0c00000, 0x00000007b0c00000, 0x00000007b0e00000|  0%| F|  |TAMS 0x00000007b0c00000, 0x00000007b0c00000| Untracked 
|1415|0x00000007b0e00000, 0x00000007b0e00000, 0x00000007b1000000|  0%| F|  |TAMS 0x00000007b0e00000, 0x00000007b0e00000| Untracked 
|1416|0x00000007b1000000, 0x00000007b1000000, 0x00000007b1200000|  0%| F|  |TAMS 0x00000007b1000000, 0x00000007b1000000| Untracked 
|1417|0x00000007b1200000, 0x00000007b1200000, 0x00000007b1400000|  0%| F|  |TAMS 0x00000007b1200000, 0x00000007b1200000| Untracked 
|1418|0x00000007b1400000, 0x00000007b1400000, 0x00000007b1600000|  0%| F|  |TAMS 0x00000007b1400000, 0x00000007b1400000| Untracked 
|1419|0x00000007b1600000, 0x00000007b1600000, 0x00000007b1800000|  0%| F|  |TAMS 0x00000007b1600000, 0x00000007b1600000| Untracked 
|1420|0x00000007b1800000, 0x00000007b1800000, 0x00000007b1a00000|  0%| F|  |TAMS 0x00000007b1800000, 0x00000007b1800000| Untracked 
|1421|0x00000007b1a00000, 0x00000007b1a00000, 0x00000007b1c00000|  0%| F|  |TAMS 0x00000007b1a00000, 0x00000007b1a00000| Untracked 
|1422|0x00000007b1c00000, 0x00000007b1c00000, 0x00000007b1e00000|  0%| F|  |TAMS 0x00000007b1c00000, 0x00000007b1c00000| Untracked 
|1423|0x00000007b1e00000, 0x00000007b1e00000, 0x00000007b2000000|  0%| F|  |TAMS 0x00000007b1e00000, 0x00000007b1e00000| Untracked 
|1424|0x00000007b2000000, 0x00000007b2000000, 0x00000007b2200000|  0%| F|  |TAMS 0x00000007b2000000, 0x00000007b2000000| Untracked 
|1425|0x00000007b2200000, 0x00000007b2200000, 0x00000007b2400000|  0%| F|  |TAMS 0x00000007b2200000, 0x00000007b2200000| Untracked 
|1426|0x00000007b2400000, 0x00000007b2400000, 0x00000007b2600000|  0%| F|  |TAMS 0x00000007b2400000, 0x00000007b2400000| Untracked 
|1427|0x00000007b2600000, 0x00000007b2600000, 0x00000007b2800000|  0%| F|  |TAMS 0x00000007b2600000, 0x00000007b2600000| Untracked 
|1428|0x00000007b2800000, 0x00000007b2800000, 0x00000007b2a00000|  0%| F|  |TAMS 0x00000007b2800000, 0x00000007b2800000| Untracked 
|1429|0x00000007b2a00000, 0x00000007b2a00000, 0x00000007b2c00000|  0%| F|  |TAMS 0x00000007b2a00000, 0x00000007b2a00000| Untracked 
|1430|0x00000007b2c00000, 0x00000007b2c00000, 0x00000007b2e00000|  0%| F|  |TAMS 0x00000007b2c00000, 0x00000007b2c00000| Untracked 
|1431|0x00000007b2e00000, 0x00000007b2e00000, 0x00000007b3000000|  0%| F|  |TAMS 0x00000007b2e00000, 0x00000007b2e00000| Untracked 
|1432|0x00000007b3000000, 0x00000007b3000000, 0x00000007b3200000|  0%| F|  |TAMS 0x00000007b3000000, 0x00000007b3000000| Untracked 
|1433|0x00000007b3200000, 0x00000007b3200000, 0x00000007b3400000|  0%| F|  |TAMS 0x00000007b3200000, 0x00000007b3200000| Untracked 
|1434|0x00000007b3400000, 0x00000007b3400000, 0x00000007b3600000|  0%| F|  |TAMS 0x00000007b3400000, 0x00000007b3400000| Untracked 
|1435|0x00000007b3600000, 0x00000007b3600000, 0x00000007b3800000|  0%| F|  |TAMS 0x00000007b3600000, 0x00000007b3600000| Untracked 
|1436|0x00000007b3800000, 0x00000007b3800000, 0x00000007b3a00000|  0%| F|  |TAMS 0x00000007b3800000, 0x00000007b3800000| Untracked 
|1437|0x00000007b3a00000, 0x00000007b3a00000, 0x00000007b3c00000|  0%| F|  |TAMS 0x00000007b3a00000, 0x00000007b3a00000| Untracked 
|1438|0x00000007b3c00000, 0x00000007b3c00000, 0x00000007b3e00000|  0%| F|  |TAMS 0x00000007b3c00000, 0x00000007b3c00000| Untracked 
|1439|0x00000007b3e00000, 0x00000007b3e00000, 0x00000007b4000000|  0%| F|  |TAMS 0x00000007b3e00000, 0x00000007b3e00000| Untracked 
|1440|0x00000007b4000000, 0x00000007b4000000, 0x00000007b4200000|  0%| F|  |TAMS 0x00000007b4000000, 0x00000007b4000000| Untracked 
|1441|0x00000007b4200000, 0x00000007b4200000, 0x00000007b4400000|  0%| F|  |TAMS 0x00000007b4200000, 0x00000007b4200000| Untracked 
|1442|0x00000007b4400000, 0x00000007b4400000, 0x00000007b4600000|  0%| F|  |TAMS 0x00000007b4400000, 0x00000007b4400000| Untracked 
|1443|0x00000007b4600000, 0x00000007b4600000, 0x00000007b4800000|  0%| F|  |TAMS 0x00000007b4600000, 0x00000007b4600000| Untracked 
|1444|0x00000007b4800000, 0x00000007b4800000, 0x00000007b4a00000|  0%| F|  |TAMS 0x00000007b4800000, 0x00000007b4800000| Untracked 
|1445|0x00000007b4a00000, 0x00000007b4a00000, 0x00000007b4c00000|  0%| F|  |TAMS 0x00000007b4a00000, 0x00000007b4a00000| Untracked 
|1446|0x00000007b4c00000, 0x00000007b4c00000, 0x00000007b4e00000|  0%| F|  |TAMS 0x00000007b4c00000, 0x00000007b4c00000| Untracked 
|1447|0x00000007b4e00000, 0x00000007b4e00000, 0x00000007b5000000|  0%| F|  |TAMS 0x00000007b4e00000, 0x00000007b4e00000| Untracked 
|1448|0x00000007b5000000, 0x00000007b5000000, 0x00000007b5200000|  0%| F|  |TAMS 0x00000007b5000000, 0x00000007b5000000| Untracked 
|1449|0x00000007b5200000, 0x00000007b5200000, 0x00000007b5400000|  0%| F|  |TAMS 0x00000007b5200000, 0x00000007b5200000| Untracked 
|1450|0x00000007b5400000, 0x00000007b5400000, 0x00000007b5600000|  0%| F|  |TAMS 0x00000007b5400000, 0x00000007b5400000| Untracked 
|1451|0x00000007b5600000, 0x00000007b5600000, 0x00000007b5800000|  0%| F|  |TAMS 0x00000007b5600000, 0x00000007b5600000| Untracked 
|1452|0x00000007b5800000, 0x00000007b5800000, 0x00000007b5a00000|  0%| F|  |TAMS 0x00000007b5800000, 0x00000007b5800000| Untracked 
|1453|0x00000007b5a00000, 0x00000007b5a00000, 0x00000007b5c00000|  0%| F|  |TAMS 0x00000007b5a00000, 0x00000007b5a00000| Untracked 
|1454|0x00000007b5c00000, 0x00000007b5c00000, 0x00000007b5e00000|  0%| F|  |TAMS 0x00000007b5c00000, 0x00000007b5c00000| Untracked 
|1455|0x00000007b5e00000, 0x00000007b5e00000, 0x00000007b6000000|  0%| F|  |TAMS 0x00000007b5e00000, 0x00000007b5e00000| Untracked 
|1456|0x00000007b6000000, 0x00000007b6000000, 0x00000007b6200000|  0%| F|  |TAMS 0x00000007b6000000, 0x00000007b6000000| Untracked 
|1457|0x00000007b6200000, 0x00000007b6200000, 0x00000007b6400000|  0%| F|  |TAMS 0x00000007b6200000, 0x00000007b6200000| Untracked 
|1458|0x00000007b6400000, 0x00000007b6400000, 0x00000007b6600000|  0%| F|  |TAMS 0x00000007b6400000, 0x00000007b6400000| Untracked 
|1459|0x00000007b6600000, 0x00000007b6600000, 0x00000007b6800000|  0%| F|  |TAMS 0x00000007b6600000, 0x00000007b6600000| Untracked 
|1460|0x00000007b6800000, 0x00000007b6800000, 0x00000007b6a00000|  0%| F|  |TAMS 0x00000007b6800000, 0x00000007b6800000| Untracked 
|1461|0x00000007b6a00000, 0x00000007b6a00000, 0x00000007b6c00000|  0%| F|  |TAMS 0x00000007b6a00000, 0x00000007b6a00000| Untracked 
|1462|0x00000007b6c00000, 0x00000007b6c00000, 0x00000007b6e00000|  0%| F|  |TAMS 0x00000007b6c00000, 0x00000007b6c00000| Untracked 
|1463|0x00000007b6e00000, 0x00000007b6e00000, 0x00000007b7000000|  0%| F|  |TAMS 0x00000007b6e00000, 0x00000007b6e00000| Untracked 
|1464|0x00000007b7000000, 0x00000007b7000000, 0x00000007b7200000|  0%| F|  |TAMS 0x00000007b7000000, 0x00000007b7000000| Untracked 
|1465|0x00000007b7200000, 0x00000007b7200000, 0x00000007b7400000|  0%| F|  |TAMS 0x00000007b7200000, 0x00000007b7200000| Untracked 
|1466|0x00000007b7400000, 0x00000007b7400000, 0x00000007b7600000|  0%| F|  |TAMS 0x00000007b7400000, 0x00000007b7400000| Untracked 
|1467|0x00000007b7600000, 0x00000007b7600000, 0x00000007b7800000|  0%| F|  |TAMS 0x00000007b7600000, 0x00000007b7600000| Untracked 
|1468|0x00000007b7800000, 0x00000007b7800000, 0x00000007b7a00000|  0%| F|  |TAMS 0x00000007b7800000, 0x00000007b7800000| Untracked 
|1469|0x00000007b7a00000, 0x00000007b7a00000, 0x00000007b7c00000|  0%| F|  |TAMS 0x00000007b7a00000, 0x00000007b7a00000| Untracked 
|1470|0x00000007b7c00000, 0x00000007b7c00000, 0x00000007b7e00000|  0%| F|  |TAMS 0x00000007b7c00000, 0x00000007b7c00000| Untracked 
|1471|0x00000007b7e00000, 0x00000007b7e00000, 0x00000007b8000000|  0%| F|  |TAMS 0x00000007b7e00000, 0x00000007b7e00000| Untracked 
|1472|0x00000007b8000000, 0x00000007b8000000, 0x00000007b8200000|  0%| F|  |TAMS 0x00000007b8000000, 0x00000007b8000000| Untracked 
|1473|0x00000007b8200000, 0x00000007b8200000, 0x00000007b8400000|  0%| F|  |TAMS 0x00000007b8200000, 0x00000007b8200000| Untracked 
|1474|0x00000007b8400000, 0x00000007b8400000, 0x00000007b8600000|  0%| F|  |TAMS 0x00000007b8400000, 0x00000007b8400000| Untracked 
|1475|0x00000007b8600000, 0x00000007b8600000, 0x00000007b8800000|  0%| F|  |TAMS 0x00000007b8600000, 0x00000007b8600000| Untracked 
|1476|0x00000007b8800000, 0x00000007b8800000, 0x00000007b8a00000|  0%| F|  |TAMS 0x00000007b8800000, 0x00000007b8800000| Untracked 
|1477|0x00000007b8a00000, 0x00000007b8a00000, 0x00000007b8c00000|  0%| F|  |TAMS 0x00000007b8a00000, 0x00000007b8a00000| Untracked 
|1478|0x00000007b8c00000, 0x00000007b8c00000, 0x00000007b8e00000|  0%| F|  |TAMS 0x00000007b8c00000, 0x00000007b8c00000| Untracked 
|1479|0x00000007b8e00000, 0x00000007b8e00000, 0x00000007b9000000|  0%| F|  |TAMS 0x00000007b8e00000, 0x00000007b8e00000| Untracked 
|1480|0x00000007b9000000, 0x00000007b9000000, 0x00000007b9200000|  0%| F|  |TAMS 0x00000007b9000000, 0x00000007b9000000| Untracked 
|1481|0x00000007b9200000, 0x00000007b9200000, 0x00000007b9400000|  0%| F|  |TAMS 0x00000007b9200000, 0x00000007b9200000| Untracked 
|1482|0x00000007b9400000, 0x00000007b9400000, 0x00000007b9600000|  0%| F|  |TAMS 0x00000007b9400000, 0x00000007b9400000| Untracked 
|1483|0x00000007b9600000, 0x00000007b9600000, 0x00000007b9800000|  0%| F|  |TAMS 0x00000007b9600000, 0x00000007b9600000| Untracked 
|1484|0x00000007b9800000, 0x00000007b9800000, 0x00000007b9a00000|  0%| F|  |TAMS 0x00000007b9800000, 0x00000007b9800000| Untracked 
|1485|0x00000007b9a00000, 0x00000007b9a00000, 0x00000007b9c00000|  0%| F|  |TAMS 0x00000007b9a00000, 0x00000007b9a00000| Untracked 
|1486|0x00000007b9c00000, 0x00000007b9c00000, 0x00000007b9e00000|  0%| F|  |TAMS 0x00000007b9c00000, 0x00000007b9c00000| Untracked 
|1487|0x00000007b9e00000, 0x00000007b9e00000, 0x00000007ba000000|  0%| F|  |TAMS 0x00000007b9e00000, 0x00000007b9e00000| Untracked 
|1488|0x00000007ba000000, 0x00000007ba000000, 0x00000007ba200000|  0%| F|  |TAMS 0x00000007ba000000, 0x00000007ba000000| Untracked 
|1489|0x00000007ba200000, 0x00000007ba200000, 0x00000007ba400000|  0%| F|  |TAMS 0x00000007ba200000, 0x00000007ba200000| Untracked 
|1490|0x00000007ba400000, 0x00000007ba400000, 0x00000007ba600000|  0%| F|  |TAMS 0x00000007ba400000, 0x00000007ba400000| Untracked 
|1491|0x00000007ba600000, 0x00000007ba600000, 0x00000007ba800000|  0%| F|  |TAMS 0x00000007ba600000, 0x00000007ba600000| Untracked 
|1492|0x00000007ba800000, 0x00000007ba800000, 0x00000007baa00000|  0%| F|  |TAMS 0x00000007ba800000, 0x00000007ba800000| Untracked 
|1493|0x00000007baa00000, 0x00000007baa00000, 0x00000007bac00000|  0%| F|  |TAMS 0x00000007baa00000, 0x00000007baa00000| Untracked 
|1494|0x00000007bac00000, 0x00000007bac00000, 0x00000007bae00000|  0%| F|  |TAMS 0x00000007bac00000, 0x00000007bac00000| Untracked 
|1495|0x00000007bae00000, 0x00000007bae00000, 0x00000007bb000000|  0%| F|  |TAMS 0x00000007bae00000, 0x00000007bae00000| Untracked 
|1496|0x00000007bb000000, 0x00000007bb000000, 0x00000007bb200000|  0%| F|  |TAMS 0x00000007bb000000, 0x00000007bb000000| Untracked 
|1497|0x00000007bb200000, 0x00000007bb200000, 0x00000007bb400000|  0%| F|  |TAMS 0x00000007bb200000, 0x00000007bb200000| Untracked 
|1498|0x00000007bb400000, 0x00000007bb400000, 0x00000007bb600000|  0%| F|  |TAMS 0x00000007bb400000, 0x00000007bb400000| Untracked 
|1499|0x00000007bb600000, 0x00000007bb600000, 0x00000007bb800000|  0%| F|  |TAMS 0x00000007bb600000, 0x00000007bb600000| Untracked 
|1500|0x00000007bb800000, 0x00000007bb800000, 0x00000007bba00000|  0%| F|  |TAMS 0x00000007bb800000, 0x00000007bb800000| Untracked 
|1501|0x00000007bba00000, 0x00000007bba00000, 0x00000007bbc00000|  0%| F|  |TAMS 0x00000007bba00000, 0x00000007bba00000| Untracked 
|1502|0x00000007bbc00000, 0x00000007bbc00000, 0x00000007bbe00000|  0%| F|  |TAMS 0x00000007bbc00000, 0x00000007bbc00000| Untracked 
|1503|0x00000007bbe00000, 0x00000007bbe00000, 0x00000007bc000000|  0%| F|  |TAMS 0x00000007bbe00000, 0x00000007bbe00000| Untracked 
|1504|0x00000007bc000000, 0x00000007bc000000, 0x00000007bc200000|  0%| F|  |TAMS 0x00000007bc000000, 0x00000007bc000000| Untracked 
|1505|0x00000007bc200000, 0x00000007bc200000, 0x00000007bc400000|  0%| F|  |TAMS 0x00000007bc200000, 0x00000007bc200000| Untracked 
|1506|0x00000007bc400000, 0x00000007bc400000, 0x00000007bc600000|  0%| F|  |TAMS 0x00000007bc400000, 0x00000007bc400000| Untracked 
|1507|0x00000007bc600000, 0x00000007bc600000, 0x00000007bc800000|  0%| F|  |TAMS 0x00000007bc600000, 0x00000007bc600000| Untracked 
|1508|0x00000007bc800000, 0x00000007bc800000, 0x00000007bca00000|  0%| F|  |TAMS 0x00000007bc800000, 0x00000007bc800000| Untracked 
|1509|0x00000007bca00000, 0x00000007bca00000, 0x00000007bcc00000|  0%| F|  |TAMS 0x00000007bca00000, 0x00000007bca00000| Untracked 
|1510|0x00000007bcc00000, 0x00000007bcc00000, 0x00000007bce00000|  0%| F|  |TAMS 0x00000007bcc00000, 0x00000007bcc00000| Untracked 
|1511|0x00000007bce00000, 0x00000007bce00000, 0x00000007bd000000|  0%| F|  |TAMS 0x00000007bce00000, 0x00000007bce00000| Untracked 
|1512|0x00000007bd000000, 0x00000007bd000000, 0x00000007bd200000|  0%| F|  |TAMS 0x00000007bd000000, 0x00000007bd000000| Untracked 
|1513|0x00000007bd200000, 0x00000007bd200000, 0x00000007bd400000|  0%| F|  |TAMS 0x00000007bd200000, 0x00000007bd200000| Untracked 
|1514|0x00000007bd400000, 0x00000007bd400000, 0x00000007bd600000|  0%| F|  |TAMS 0x00000007bd400000, 0x00000007bd400000| Untracked 
|1515|0x00000007bd600000, 0x00000007bd600000, 0x00000007bd800000|  0%| F|  |TAMS 0x00000007bd600000, 0x00000007bd600000| Untracked 
|1516|0x00000007bd800000, 0x00000007bd800000, 0x00000007bda00000|  0%| F|  |TAMS 0x00000007bd800000, 0x00000007bd800000| Untracked 
|1517|0x00000007bda00000, 0x00000007bda00000, 0x00000007bdc00000|  0%| F|  |TAMS 0x00000007bda00000, 0x00000007bda00000| Untracked 
|1518|0x00000007bdc00000, 0x00000007bdc00000, 0x00000007bde00000|  0%| F|  |TAMS 0x00000007bdc00000, 0x00000007bdc00000| Untracked 
|1519|0x00000007bde00000, 0x00000007bde00000, 0x00000007be000000|  0%| F|  |TAMS 0x00000007bde00000, 0x00000007bde00000| Untracked 
|1520|0x00000007be000000, 0x00000007be000000, 0x00000007be200000|  0%| F|  |TAMS 0x00000007be000000, 0x00000007be000000| Untracked 
|1521|0x00000007be200000, 0x00000007be200000, 0x00000007be400000|  0%| F|  |TAMS 0x00000007be200000, 0x00000007be200000| Untracked 
|1522|0x00000007be400000, 0x00000007be400000, 0x00000007be600000|  0%| F|  |TAMS 0x00000007be400000, 0x00000007be400000| Untracked 
|1523|0x00000007be600000, 0x00000007be600000, 0x00000007be800000|  0%| F|  |TAMS 0x00000007be600000, 0x00000007be600000| Untracked 
|1524|0x00000007be800000, 0x00000007be800000, 0x00000007bea00000|  0%| F|  |TAMS 0x00000007be800000, 0x00000007be800000| Untracked 
|1525|0x00000007bea00000, 0x00000007bea00000, 0x00000007bec00000|  0%| F|  |TAMS 0x00000007bea00000, 0x00000007bea00000| Untracked 
|1526|0x00000007bec00000, 0x00000007bec00000, 0x00000007bee00000|  0%| F|  |TAMS 0x00000007bec00000, 0x00000007bec00000| Untracked 
|1527|0x00000007bee00000, 0x00000007bee00000, 0x00000007bf000000|  0%| F|  |TAMS 0x00000007bee00000, 0x00000007bee00000| Untracked 
|1528|0x00000007bf000000, 0x00000007bf000000, 0x00000007bf200000|  0%| F|  |TAMS 0x00000007bf000000, 0x00000007bf000000| Untracked 
|1529|0x00000007bf200000, 0x00000007bf200000, 0x00000007bf400000|  0%| F|  |TAMS 0x00000007bf200000, 0x00000007bf200000| Untracked 
|1530|0x00000007bf400000, 0x00000007bf400000, 0x00000007bf600000|  0%| F|  |TAMS 0x00000007bf400000, 0x00000007bf400000| Untracked 
|1531|0x00000007bf600000, 0x00000007bf600000, 0x00000007bf800000|  0%| F|  |TAMS 0x00000007bf600000, 0x00000007bf600000| Untracked 
|1532|0x00000007bf800000, 0x00000007bf800000, 0x00000007bfa00000|  0%| F|  |TAMS 0x00000007bf800000, 0x00000007bf800000| Untracked 
|1533|0x00000007bfa00000, 0x00000007bfa00000, 0x00000007bfc00000|  0%| F|  |TAMS 0x00000007bfa00000, 0x00000007bfa00000| Untracked 
|1534|0x00000007bfc00000, 0x00000007bfc00000, 0x00000007bfe00000|  0%| F|  |TAMS 0x00000007bfc00000, 0x00000007bfc00000| Untracked 
|1535|0x00000007bfe00000, 0x00000007bfe00000, 0x00000007c0000000|  0%| F|  |TAMS 0x00000007bfe00000, 0x00000007bfe00000| Untracked 
|1536|0x00000007c0000000, 0x00000007c0000000, 0x00000007c0200000|  0%| F|  |TAMS 0x00000007c0000000, 0x00000007c0000000| Untracked 
|1537|0x00000007c0200000, 0x00000007c0200000, 0x00000007c0400000|  0%| F|  |TAMS 0x00000007c0200000, 0x00000007c0200000| Untracked 
|1538|0x00000007c0400000, 0x00000007c0400000, 0x00000007c0600000|  0%| F|  |TAMS 0x00000007c0400000, 0x00000007c0400000| Untracked 
|1539|0x00000007c0600000, 0x00000007c0600000, 0x00000007c0800000|  0%| F|  |TAMS 0x00000007c0600000, 0x00000007c0600000| Untracked 
|1540|0x00000007c0800000, 0x00000007c0800000, 0x00000007c0a00000|  0%| F|  |TAMS 0x00000007c0800000, 0x00000007c0800000| Untracked 
|1541|0x00000007c0a00000, 0x00000007c0a00000, 0x00000007c0c00000|  0%| F|  |TAMS 0x00000007c0a00000, 0x00000007c0a00000| Untracked 
|1542|0x00000007c0c00000, 0x00000007c0c00000, 0x00000007c0e00000|  0%| F|  |TAMS 0x00000007c0c00000, 0x00000007c0c00000| Untracked 
|1543|0x00000007c0e00000, 0x00000007c0e00000, 0x00000007c1000000|  0%| F|  |TAMS 0x00000007c0e00000, 0x00000007c0e00000| Untracked 
|1544|0x00000007c1000000, 0x00000007c1000000, 0x00000007c1200000|  0%| F|  |TAMS 0x00000007c1000000, 0x00000007c1000000| Untracked 
|1545|0x00000007c1200000, 0x00000007c1200000, 0x00000007c1400000|  0%| F|  |TAMS 0x00000007c1200000, 0x00000007c1200000| Untracked 
|1546|0x00000007c1400000, 0x00000007c1400000, 0x00000007c1600000|  0%| F|  |TAMS 0x00000007c1400000, 0x00000007c1400000| Untracked 
|1547|0x00000007c1600000, 0x00000007c1600000, 0x00000007c1800000|  0%| F|  |TAMS 0x00000007c1600000, 0x00000007c1600000| Untracked 
|1548|0x00000007c1800000, 0x00000007c1800000, 0x00000007c1a00000|  0%| F|  |TAMS 0x00000007c1800000, 0x00000007c1800000| Untracked 
|1549|0x00000007c1a00000, 0x00000007c1a00000, 0x00000007c1c00000|  0%| F|  |TAMS 0x00000007c1a00000, 0x00000007c1a00000| Untracked 
|1550|0x00000007c1c00000, 0x00000007c1c00000, 0x00000007c1e00000|  0%| F|  |TAMS 0x00000007c1c00000, 0x00000007c1c00000| Untracked 
|1551|0x00000007c1e00000, 0x00000007c1e00000, 0x00000007c2000000|  0%| F|  |TAMS 0x00000007c1e00000, 0x00000007c1e00000| Untracked 
|1552|0x00000007c2000000, 0x00000007c2000000, 0x00000007c2200000|  0%| F|  |TAMS 0x00000007c2000000, 0x00000007c2000000| Untracked 
|1553|0x00000007c2200000, 0x00000007c2200000, 0x00000007c2400000|  0%| F|  |TAMS 0x00000007c2200000, 0x00000007c2200000| Untracked 
|1554|0x00000007c2400000, 0x00000007c2400000, 0x00000007c2600000|  0%| F|  |TAMS 0x00000007c2400000, 0x00000007c2400000| Untracked 
|1555|0x00000007c2600000, 0x00000007c2600000, 0x00000007c2800000|  0%| F|  |TAMS 0x00000007c2600000, 0x00000007c2600000| Untracked 
|1556|0x00000007c2800000, 0x00000007c2800000, 0x00000007c2a00000|  0%| F|  |TAMS 0x00000007c2800000, 0x00000007c2800000| Untracked 
|1557|0x00000007c2a00000, 0x00000007c2a00000, 0x00000007c2c00000|  0%| F|  |TAMS 0x00000007c2a00000, 0x00000007c2a00000| Untracked 
|1558|0x00000007c2c00000, 0x00000007c2c00000, 0x00000007c2e00000|  0%| F|  |TAMS 0x00000007c2c00000, 0x00000007c2c00000| Untracked 
|1559|0x00000007c2e00000, 0x00000007c2e00000, 0x00000007c3000000|  0%| F|  |TAMS 0x00000007c2e00000, 0x00000007c2e00000| Untracked 
|1560|0x00000007c3000000, 0x00000007c3000000, 0x00000007c3200000|  0%| F|  |TAMS 0x00000007c3000000, 0x00000007c3000000| Untracked 
|1561|0x00000007c3200000, 0x00000007c3200000, 0x00000007c3400000|  0%| F|  |TAMS 0x00000007c3200000, 0x00000007c3200000| Untracked 
|1562|0x00000007c3400000, 0x00000007c3400000, 0x00000007c3600000|  0%| F|  |TAMS 0x00000007c3400000, 0x00000007c3400000| Untracked 
|1563|0x00000007c3600000, 0x00000007c3600000, 0x00000007c3800000|  0%| F|  |TAMS 0x00000007c3600000, 0x00000007c3600000| Untracked 
|1564|0x00000007c3800000, 0x00000007c3800000, 0x00000007c3a00000|  0%| F|  |TAMS 0x00000007c3800000, 0x00000007c3800000| Untracked 
|1565|0x00000007c3a00000, 0x00000007c3a00000, 0x00000007c3c00000|  0%| F|  |TAMS 0x00000007c3a00000, 0x00000007c3a00000| Untracked 
|1566|0x00000007c3c00000, 0x00000007c3c00000, 0x00000007c3e00000|  0%| F|  |TAMS 0x00000007c3c00000, 0x00000007c3c00000| Untracked 
|1567|0x00000007c3e00000, 0x00000007c3e00000, 0x00000007c4000000|  0%| F|  |TAMS 0x00000007c3e00000, 0x00000007c3e00000| Untracked 
|1568|0x00000007c4000000, 0x00000007c4000000, 0x00000007c4200000|  0%| F|  |TAMS 0x00000007c4000000, 0x00000007c4000000| Untracked 
|1569|0x00000007c4200000, 0x00000007c4200000, 0x00000007c4400000|  0%| F|  |TAMS 0x00000007c4200000, 0x00000007c4200000| Untracked 
|1570|0x00000007c4400000, 0x00000007c4400000, 0x00000007c4600000|  0%| F|  |TAMS 0x00000007c4400000, 0x00000007c4400000| Untracked 
|1571|0x00000007c4600000, 0x00000007c4600000, 0x00000007c4800000|  0%| F|  |TAMS 0x00000007c4600000, 0x00000007c4600000| Untracked 
|1572|0x00000007c4800000, 0x00000007c4800000, 0x00000007c4a00000|  0%| F|  |TAMS 0x00000007c4800000, 0x00000007c4800000| Untracked 
|1573|0x00000007c4a00000, 0x00000007c4a00000, 0x00000007c4c00000|  0%| F|  |TAMS 0x00000007c4a00000, 0x00000007c4a00000| Untracked 
|1574|0x00000007c4c00000, 0x00000007c4c00000, 0x00000007c4e00000|  0%| F|  |TAMS 0x00000007c4c00000, 0x00000007c4c00000| Untracked 
|1575|0x00000007c4e00000, 0x00000007c4e00000, 0x00000007c5000000|  0%| F|  |TAMS 0x00000007c4e00000, 0x00000007c4e00000| Untracked 
|1576|0x00000007c5000000, 0x00000007c5000000, 0x00000007c5200000|  0%| F|  |TAMS 0x00000007c5000000, 0x00000007c5000000| Untracked 
|1577|0x00000007c5200000, 0x00000007c5200000, 0x00000007c5400000|  0%| F|  |TAMS 0x00000007c5200000, 0x00000007c5200000| Untracked 
|1578|0x00000007c5400000, 0x00000007c5400000, 0x00000007c5600000|  0%| F|  |TAMS 0x00000007c5400000, 0x00000007c5400000| Untracked 
|1579|0x00000007c5600000, 0x00000007c5600000, 0x00000007c5800000|  0%| F|  |TAMS 0x00000007c5600000, 0x00000007c5600000| Untracked 
|1580|0x00000007c5800000, 0x00000007c5800000, 0x00000007c5a00000|  0%| F|  |TAMS 0x00000007c5800000, 0x00000007c5800000| Untracked 
|1581|0x00000007c5a00000, 0x00000007c5a00000, 0x00000007c5c00000|  0%| F|  |TAMS 0x00000007c5a00000, 0x00000007c5a00000| Untracked 
|1582|0x00000007c5c00000, 0x00000007c5c00000, 0x00000007c5e00000|  0%| F|  |TAMS 0x00000007c5c00000, 0x00000007c5c00000| Untracked 
|1583|0x00000007c5e00000, 0x00000007c5e00000, 0x00000007c6000000|  0%| F|  |TAMS 0x00000007c5e00000, 0x00000007c5e00000| Untracked 
|1584|0x00000007c6000000, 0x00000007c6000000, 0x00000007c6200000|  0%| F|  |TAMS 0x00000007c6000000, 0x00000007c6000000| Untracked 
|1585|0x00000007c6200000, 0x00000007c6200000, 0x00000007c6400000|  0%| F|  |TAMS 0x00000007c6200000, 0x00000007c6200000| Untracked 
|1586|0x00000007c6400000, 0x00000007c6400000, 0x00000007c6600000|  0%| F|  |TAMS 0x00000007c6400000, 0x00000007c6400000| Untracked 
|1587|0x00000007c6600000, 0x00000007c6600000, 0x00000007c6800000|  0%| F|  |TAMS 0x00000007c6600000, 0x00000007c6600000| Untracked 
|1588|0x00000007c6800000, 0x00000007c6800000, 0x00000007c6a00000|  0%| F|  |TAMS 0x00000007c6800000, 0x00000007c6800000| Untracked 
|1589|0x00000007c6a00000, 0x00000007c6a00000, 0x00000007c6c00000|  0%| F|  |TAMS 0x00000007c6a00000, 0x00000007c6a00000| Untracked 
|1590|0x00000007c6c00000, 0x00000007c6c00000, 0x00000007c6e00000|  0%| F|  |TAMS 0x00000007c6c00000, 0x00000007c6c00000| Untracked 
|1591|0x00000007c6e00000, 0x00000007c6e00000, 0x00000007c7000000|  0%| F|  |TAMS 0x00000007c6e00000, 0x00000007c6e00000| Untracked 
|1592|0x00000007c7000000, 0x00000007c7000000, 0x00000007c7200000|  0%| F|  |TAMS 0x00000007c7000000, 0x00000007c7000000| Untracked 
|1593|0x00000007c7200000, 0x00000007c7200000, 0x00000007c7400000|  0%| F|  |TAMS 0x00000007c7200000, 0x00000007c7200000| Untracked 
|1594|0x00000007c7400000, 0x00000007c7400000, 0x00000007c7600000|  0%| F|  |TAMS 0x00000007c7400000, 0x00000007c7400000| Untracked 
|1595|0x00000007c7600000, 0x00000007c7600000, 0x00000007c7800000|  0%| F|  |TAMS 0x00000007c7600000, 0x00000007c7600000| Untracked 
|1596|0x00000007c7800000, 0x00000007c7800000, 0x00000007c7a00000|  0%| F|  |TAMS 0x00000007c7800000, 0x00000007c7800000| Untracked 
|1597|0x00000007c7a00000, 0x00000007c7a00000, 0x00000007c7c00000|  0%| F|  |TAMS 0x00000007c7a00000, 0x00000007c7a00000| Untracked 
|1598|0x00000007c7c00000, 0x00000007c7c00000, 0x00000007c7e00000|  0%| F|  |TAMS 0x00000007c7c00000, 0x00000007c7c00000| Untracked 
|1599|0x00000007c7e00000, 0x00000007c7e00000, 0x00000007c8000000|  0%| F|  |TAMS 0x00000007c7e00000, 0x00000007c7e00000| Untracked 
|1600|0x00000007c8000000, 0x00000007c8000000, 0x00000007c8200000|  0%| F|  |TAMS 0x00000007c8000000, 0x00000007c8000000| Untracked 
|1601|0x00000007c8200000, 0x00000007c8200000, 0x00000007c8400000|  0%| F|  |TAMS 0x00000007c8200000, 0x00000007c8200000| Untracked 
|1602|0x00000007c8400000, 0x00000007c8400000, 0x00000007c8600000|  0%| F|  |TAMS 0x00000007c8400000, 0x00000007c8400000| Untracked 
|1603|0x00000007c8600000, 0x00000007c8600000, 0x00000007c8800000|  0%| F|  |TAMS 0x00000007c8600000, 0x00000007c8600000| Untracked 
|1604|0x00000007c8800000, 0x00000007c8800000, 0x00000007c8a00000|  0%| F|  |TAMS 0x00000007c8800000, 0x00000007c8800000| Untracked 
|1605|0x00000007c8a00000, 0x00000007c8a00000, 0x00000007c8c00000|  0%| F|  |TAMS 0x00000007c8a00000, 0x00000007c8a00000| Untracked 
|1606|0x00000007c8c00000, 0x00000007c8c00000, 0x00000007c8e00000|  0%| F|  |TAMS 0x00000007c8c00000, 0x00000007c8c00000| Untracked 
|1607|0x00000007c8e00000, 0x00000007c8e00000, 0x00000007c9000000|  0%| F|  |TAMS 0x00000007c8e00000, 0x00000007c8e00000| Untracked 
|1608|0x00000007c9000000, 0x00000007c9000000, 0x00000007c9200000|  0%| F|  |TAMS 0x00000007c9000000, 0x00000007c9000000| Untracked 
|1609|0x00000007c9200000, 0x00000007c9200000, 0x00000007c9400000|  0%| F|  |TAMS 0x00000007c9200000, 0x00000007c9200000| Untracked 
|1610|0x00000007c9400000, 0x00000007c9400000, 0x00000007c9600000|  0%| F|  |TAMS 0x00000007c9400000, 0x00000007c9400000| Untracked 
|1611|0x00000007c9600000, 0x00000007c9600000, 0x00000007c9800000|  0%| F|  |TAMS 0x00000007c9600000, 0x00000007c9600000| Untracked 
|1612|0x00000007c9800000, 0x00000007c9800000, 0x00000007c9a00000|  0%| F|  |TAMS 0x00000007c9800000, 0x00000007c9800000| Untracked 
|1613|0x00000007c9a00000, 0x00000007c9a00000, 0x00000007c9c00000|  0%| F|  |TAMS 0x00000007c9a00000, 0x00000007c9a00000| Untracked 
|1614|0x00000007c9c00000, 0x00000007c9c00000, 0x00000007c9e00000|  0%| F|  |TAMS 0x00000007c9c00000, 0x00000007c9c00000| Untracked 
|1615|0x00000007c9e00000, 0x00000007c9e00000, 0x00000007ca000000|  0%| F|  |TAMS 0x00000007c9e00000, 0x00000007c9e00000| Untracked 
|1616|0x00000007ca000000, 0x00000007ca000000, 0x00000007ca200000|  0%| F|  |TAMS 0x00000007ca000000, 0x00000007ca000000| Untracked 
|1617|0x00000007ca200000, 0x00000007ca200000, 0x00000007ca400000|  0%| F|  |TAMS 0x00000007ca200000, 0x00000007ca200000| Untracked 
|1618|0x00000007ca400000, 0x00000007ca400000, 0x00000007ca600000|  0%| F|  |TAMS 0x00000007ca400000, 0x00000007ca400000| Untracked 
|1619|0x00000007ca600000, 0x00000007ca600000, 0x00000007ca800000|  0%| F|  |TAMS 0x00000007ca600000, 0x00000007ca600000| Untracked 
|1620|0x00000007ca800000, 0x00000007ca800000, 0x00000007caa00000|  0%| F|  |TAMS 0x00000007ca800000, 0x00000007ca800000| Untracked 
|1621|0x00000007caa00000, 0x00000007caa00000, 0x00000007cac00000|  0%| F|  |TAMS 0x00000007caa00000, 0x00000007caa00000| Untracked 
|1622|0x00000007cac00000, 0x00000007cac00000, 0x00000007cae00000|  0%| F|  |TAMS 0x00000007cac00000, 0x00000007cac00000| Untracked 
|1623|0x00000007cae00000, 0x00000007cae00000, 0x00000007cb000000|  0%| F|  |TAMS 0x00000007cae00000, 0x00000007cae00000| Untracked 
|1624|0x00000007cb000000, 0x00000007cb000000, 0x00000007cb200000|  0%| F|  |TAMS 0x00000007cb000000, 0x00000007cb000000| Untracked 
|1625|0x00000007cb200000, 0x00000007cb200000, 0x00000007cb400000|  0%| F|  |TAMS 0x00000007cb200000, 0x00000007cb200000| Untracked 
|1626|0x00000007cb400000, 0x00000007cb400000, 0x00000007cb600000|  0%| F|  |TAMS 0x00000007cb400000, 0x00000007cb400000| Untracked 
|1627|0x00000007cb600000, 0x00000007cb600000, 0x00000007cb800000|  0%| F|  |TAMS 0x00000007cb600000, 0x00000007cb600000| Untracked 
|1628|0x00000007cb800000, 0x00000007cb800000, 0x00000007cba00000|  0%| F|  |TAMS 0x00000007cb800000, 0x00000007cb800000| Untracked 
|1629|0x00000007cba00000, 0x00000007cba00000, 0x00000007cbc00000|  0%| F|  |TAMS 0x00000007cba00000, 0x00000007cba00000| Untracked 
|1630|0x00000007cbc00000, 0x00000007cbc00000, 0x00000007cbe00000|  0%| F|  |TAMS 0x00000007cbc00000, 0x00000007cbc00000| Untracked 
|1631|0x00000007cbe00000, 0x00000007cbe00000, 0x00000007cc000000|  0%| F|  |TAMS 0x00000007cbe00000, 0x00000007cbe00000| Untracked 
|1632|0x00000007cc000000, 0x00000007cc000000, 0x00000007cc200000|  0%| F|  |TAMS 0x00000007cc000000, 0x00000007cc000000| Untracked 
|1633|0x00000007cc200000, 0x00000007cc200000, 0x00000007cc400000|  0%| F|  |TAMS 0x00000007cc200000, 0x00000007cc200000| Untracked 
|1634|0x00000007cc400000, 0x00000007cc400000, 0x00000007cc600000|  0%| F|  |TAMS 0x00000007cc400000, 0x00000007cc400000| Untracked 
|1635|0x00000007cc600000, 0x00000007cc600000, 0x00000007cc800000|  0%| F|  |TAMS 0x00000007cc600000, 0x00000007cc600000| Untracked 
|1636|0x00000007cc800000, 0x00000007cc800000, 0x00000007cca00000|  0%| F|  |TAMS 0x00000007cc800000, 0x00000007cc800000| Untracked 
|1637|0x00000007cca00000, 0x00000007cca00000, 0x00000007ccc00000|  0%| F|  |TAMS 0x00000007cca00000, 0x00000007cca00000| Untracked 
|1638|0x00000007ccc00000, 0x00000007ccc00000, 0x00000007cce00000|  0%| F|  |TAMS 0x00000007ccc00000, 0x00000007ccc00000| Untracked 
|1639|0x00000007cce00000, 0x00000007cce00000, 0x00000007cd000000|  0%| F|  |TAMS 0x00000007cce00000, 0x00000007cce00000| Untracked 
|1640|0x00000007cd000000, 0x00000007cd000000, 0x00000007cd200000|  0%| F|  |TAMS 0x00000007cd000000, 0x00000007cd000000| Untracked 
|1641|0x00000007cd200000, 0x00000007cd200000, 0x00000007cd400000|  0%| F|  |TAMS 0x00000007cd200000, 0x00000007cd200000| Untracked 
|1642|0x00000007cd400000, 0x00000007cd400000, 0x00000007cd600000|  0%| F|  |TAMS 0x00000007cd400000, 0x00000007cd400000| Untracked 
|1643|0x00000007cd600000, 0x00000007cd600000, 0x00000007cd800000|  0%| F|  |TAMS 0x00000007cd600000, 0x00000007cd600000| Untracked 
|1644|0x00000007cd800000, 0x00000007cd800000, 0x00000007cda00000|  0%| F|  |TAMS 0x00000007cd800000, 0x00000007cd800000| Untracked 
|1645|0x00000007cda00000, 0x00000007cda00000, 0x00000007cdc00000|  0%| F|  |TAMS 0x00000007cda00000, 0x00000007cda00000| Untracked 
|1646|0x00000007cdc00000, 0x00000007cdc00000, 0x00000007cde00000|  0%| F|  |TAMS 0x00000007cdc00000, 0x00000007cdc00000| Untracked 
|1647|0x00000007cde00000, 0x00000007cde00000, 0x00000007ce000000|  0%| F|  |TAMS 0x00000007cde00000, 0x00000007cde00000| Untracked 
|1648|0x00000007ce000000, 0x00000007ce000000, 0x00000007ce200000|  0%| F|  |TAMS 0x00000007ce000000, 0x00000007ce000000| Untracked 
|1649|0x00000007ce200000, 0x00000007ce200000, 0x00000007ce400000|  0%| F|  |TAMS 0x00000007ce200000, 0x00000007ce200000| Untracked 
|1650|0x00000007ce400000, 0x00000007ce400000, 0x00000007ce600000|  0%| F|  |TAMS 0x00000007ce400000, 0x00000007ce400000| Untracked 
|1651|0x00000007ce600000, 0x00000007ce600000, 0x00000007ce800000|  0%| F|  |TAMS 0x00000007ce600000, 0x00000007ce600000| Untracked 
|1652|0x00000007ce800000, 0x00000007ce800000, 0x00000007cea00000|  0%| F|  |TAMS 0x00000007ce800000, 0x00000007ce800000| Untracked 
|1653|0x00000007cea00000, 0x00000007cea00000, 0x00000007cec00000|  0%| F|  |TAMS 0x00000007cea00000, 0x00000007cea00000| Untracked 
|1654|0x00000007cec00000, 0x00000007cec00000, 0x00000007cee00000|  0%| F|  |TAMS 0x00000007cec00000, 0x00000007cec00000| Untracked 
|1655|0x00000007cee00000, 0x00000007cee00000, 0x00000007cf000000|  0%| F|  |TAMS 0x00000007cee00000, 0x00000007cee00000| Untracked 
|1656|0x00000007cf000000, 0x00000007cf000000, 0x00000007cf200000|  0%| F|  |TAMS 0x00000007cf000000, 0x00000007cf000000| Untracked 
|1657|0x00000007cf200000, 0x00000007cf200000, 0x00000007cf400000|  0%| F|  |TAMS 0x00000007cf200000, 0x00000007cf200000| Untracked 
|1658|0x00000007cf400000, 0x00000007cf400000, 0x00000007cf600000|  0%| F|  |TAMS 0x00000007cf400000, 0x00000007cf400000| Untracked 
|1659|0x00000007cf600000, 0x00000007cf600000, 0x00000007cf800000|  0%| F|  |TAMS 0x00000007cf600000, 0x00000007cf600000| Untracked 
|1660|0x00000007cf800000, 0x00000007cf800000, 0x00000007cfa00000|  0%| F|  |TAMS 0x00000007cf800000, 0x00000007cf800000| Untracked 
|1661|0x00000007cfa00000, 0x00000007cfa00000, 0x00000007cfc00000|  0%| F|  |TAMS 0x00000007cfa00000, 0x00000007cfa00000| Untracked 
|1662|0x00000007cfc00000, 0x00000007cfc00000, 0x00000007cfe00000|  0%| F|  |TAMS 0x00000007cfc00000, 0x00000007cfc00000| Untracked 
|1663|0x00000007cfe00000, 0x00000007cfe00000, 0x00000007d0000000|  0%| F|  |TAMS 0x00000007cfe00000, 0x00000007cfe00000| Untracked 
|1664|0x00000007d0000000, 0x00000007d0000000, 0x00000007d0200000|  0%| F|  |TAMS 0x00000007d0000000, 0x00000007d0000000| Untracked 
|1665|0x00000007d0200000, 0x00000007d0200000, 0x00000007d0400000|  0%| F|  |TAMS 0x00000007d0200000, 0x00000007d0200000| Untracked 
|1666|0x00000007d0400000, 0x00000007d0400000, 0x00000007d0600000|  0%| F|  |TAMS 0x00000007d0400000, 0x00000007d0400000| Untracked 
|1667|0x00000007d0600000, 0x00000007d0600000, 0x00000007d0800000|  0%| F|  |TAMS 0x00000007d0600000, 0x00000007d0600000| Untracked 
|1668|0x00000007d0800000, 0x00000007d0800000, 0x00000007d0a00000|  0%| F|  |TAMS 0x00000007d0800000, 0x00000007d0800000| Untracked 
|1669|0x00000007d0a00000, 0x00000007d0a00000, 0x00000007d0c00000|  0%| F|  |TAMS 0x00000007d0a00000, 0x00000007d0a00000| Untracked 
|1670|0x00000007d0c00000, 0x00000007d0c00000, 0x00000007d0e00000|  0%| F|  |TAMS 0x00000007d0c00000, 0x00000007d0c00000| Untracked 
|1671|0x00000007d0e00000, 0x00000007d0e00000, 0x00000007d1000000|  0%| F|  |TAMS 0x00000007d0e00000, 0x00000007d0e00000| Untracked 
|1672|0x00000007d1000000, 0x00000007d1000000, 0x00000007d1200000|  0%| F|  |TAMS 0x00000007d1000000, 0x00000007d1000000| Untracked 
|1673|0x00000007d1200000, 0x00000007d1200000, 0x00000007d1400000|  0%| F|  |TAMS 0x00000007d1200000, 0x00000007d1200000| Untracked 
|1674|0x00000007d1400000, 0x00000007d1400000, 0x00000007d1600000|  0%| F|  |TAMS 0x00000007d1400000, 0x00000007d1400000| Untracked 
|1675|0x00000007d1600000, 0x00000007d1600000, 0x00000007d1800000|  0%| F|  |TAMS 0x00000007d1600000, 0x00000007d1600000| Untracked 
|1676|0x00000007d1800000, 0x00000007d1800000, 0x00000007d1a00000|  0%| F|  |TAMS 0x00000007d1800000, 0x00000007d1800000| Untracked 
|1677|0x00000007d1a00000, 0x00000007d1a00000, 0x00000007d1c00000|  0%| F|  |TAMS 0x00000007d1a00000, 0x00000007d1a00000| Untracked 
|1678|0x00000007d1c00000, 0x00000007d1c00000, 0x00000007d1e00000|  0%| F|  |TAMS 0x00000007d1c00000, 0x00000007d1c00000| Untracked 
|1679|0x00000007d1e00000, 0x00000007d1e00000, 0x00000007d2000000|  0%| F|  |TAMS 0x00000007d1e00000, 0x00000007d1e00000| Untracked 
|1680|0x00000007d2000000, 0x00000007d2000000, 0x00000007d2200000|  0%| F|  |TAMS 0x00000007d2000000, 0x00000007d2000000| Untracked 
|1681|0x00000007d2200000, 0x00000007d2200000, 0x00000007d2400000|  0%| F|  |TAMS 0x00000007d2200000, 0x00000007d2200000| Untracked 
|1682|0x00000007d2400000, 0x00000007d2400000, 0x00000007d2600000|  0%| F|  |TAMS 0x00000007d2400000, 0x00000007d2400000| Untracked 
|1683|0x00000007d2600000, 0x00000007d2600000, 0x00000007d2800000|  0%| F|  |TAMS 0x00000007d2600000, 0x00000007d2600000| Untracked 
|1684|0x00000007d2800000, 0x00000007d2800000, 0x00000007d2a00000|  0%| F|  |TAMS 0x00000007d2800000, 0x00000007d2800000| Untracked 
|1685|0x00000007d2a00000, 0x00000007d2a00000, 0x00000007d2c00000|  0%| F|  |TAMS 0x00000007d2a00000, 0x00000007d2a00000| Untracked 
|1686|0x00000007d2c00000, 0x00000007d2c00000, 0x00000007d2e00000|  0%| F|  |TAMS 0x00000007d2c00000, 0x00000007d2c00000| Untracked 
|1687|0x00000007d2e00000, 0x00000007d2e00000, 0x00000007d3000000|  0%| F|  |TAMS 0x00000007d2e00000, 0x00000007d2e00000| Untracked 
|1688|0x00000007d3000000, 0x00000007d3000000, 0x00000007d3200000|  0%| F|  |TAMS 0x00000007d3000000, 0x00000007d3000000| Untracked 
|1689|0x00000007d3200000, 0x00000007d3200000, 0x00000007d3400000|  0%| F|  |TAMS 0x00000007d3200000, 0x00000007d3200000| Untracked 
|1690|0x00000007d3400000, 0x00000007d3400000, 0x00000007d3600000|  0%| F|  |TAMS 0x00000007d3400000, 0x00000007d3400000| Untracked 
|1691|0x00000007d3600000, 0x00000007d3600000, 0x00000007d3800000|  0%| F|  |TAMS 0x00000007d3600000, 0x00000007d3600000| Untracked 
|1692|0x00000007d3800000, 0x00000007d3800000, 0x00000007d3a00000|  0%| F|  |TAMS 0x00000007d3800000, 0x00000007d3800000| Untracked 
|1693|0x00000007d3a00000, 0x00000007d3a00000, 0x00000007d3c00000|  0%| F|  |TAMS 0x00000007d3a00000, 0x00000007d3a00000| Untracked 
|1694|0x00000007d3c00000, 0x00000007d3c00000, 0x00000007d3e00000|  0%| F|  |TAMS 0x00000007d3c00000, 0x00000007d3c00000| Untracked 
|1695|0x00000007d3e00000, 0x00000007d3e00000, 0x00000007d4000000|  0%| F|  |TAMS 0x00000007d3e00000, 0x00000007d3e00000| Untracked 
|1696|0x00000007d4000000, 0x00000007d4000000, 0x00000007d4200000|  0%| F|  |TAMS 0x00000007d4000000, 0x00000007d4000000| Untracked 
|1697|0x00000007d4200000, 0x00000007d4200000, 0x00000007d4400000|  0%| F|  |TAMS 0x00000007d4200000, 0x00000007d4200000| Untracked 
|1698|0x00000007d4400000, 0x00000007d4400000, 0x00000007d4600000|  0%| F|  |TAMS 0x00000007d4400000, 0x00000007d4400000| Untracked 
|1699|0x00000007d4600000, 0x00000007d4600000, 0x00000007d4800000|  0%| F|  |TAMS 0x00000007d4600000, 0x00000007d4600000| Untracked 
|1700|0x00000007d4800000, 0x00000007d4800000, 0x00000007d4a00000|  0%| F|  |TAMS 0x00000007d4800000, 0x00000007d4800000| Untracked 
|1701|0x00000007d4a00000, 0x00000007d4a00000, 0x00000007d4c00000|  0%| F|  |TAMS 0x00000007d4a00000, 0x00000007d4a00000| Untracked 
|1702|0x00000007d4c00000, 0x00000007d4c00000, 0x00000007d4e00000|  0%| F|  |TAMS 0x00000007d4c00000, 0x00000007d4c00000| Untracked 
|1703|0x00000007d4e00000, 0x00000007d4e00000, 0x00000007d5000000|  0%| F|  |TAMS 0x00000007d4e00000, 0x00000007d4e00000| Untracked 
|1704|0x00000007d5000000, 0x00000007d5000000, 0x00000007d5200000|  0%| F|  |TAMS 0x00000007d5000000, 0x00000007d5000000| Untracked 
|1705|0x00000007d5200000, 0x00000007d5200000, 0x00000007d5400000|  0%| F|  |TAMS 0x00000007d5200000, 0x00000007d5200000| Untracked 
|1706|0x00000007d5400000, 0x00000007d5400000, 0x00000007d5600000|  0%| F|  |TAMS 0x00000007d5400000, 0x00000007d5400000| Untracked 
|1707|0x00000007d5600000, 0x00000007d5600000, 0x00000007d5800000|  0%| F|  |TAMS 0x00000007d5600000, 0x00000007d5600000| Untracked 
|1708|0x00000007d5800000, 0x00000007d5800000, 0x00000007d5a00000|  0%| F|  |TAMS 0x00000007d5800000, 0x00000007d5800000| Untracked 
|1709|0x00000007d5a00000, 0x00000007d5a00000, 0x00000007d5c00000|  0%| F|  |TAMS 0x00000007d5a00000, 0x00000007d5a00000| Untracked 
|1710|0x00000007d5c00000, 0x00000007d5c00000, 0x00000007d5e00000|  0%| F|  |TAMS 0x00000007d5c00000, 0x00000007d5c00000| Untracked 
|1711|0x00000007d5e00000, 0x00000007d5e00000, 0x00000007d6000000|  0%| F|  |TAMS 0x00000007d5e00000, 0x00000007d5e00000| Untracked 
|1712|0x00000007d6000000, 0x00000007d6000000, 0x00000007d6200000|  0%| F|  |TAMS 0x00000007d6000000, 0x00000007d6000000| Untracked 
|1713|0x00000007d6200000, 0x00000007d6200000, 0x00000007d6400000|  0%| F|  |TAMS 0x00000007d6200000, 0x00000007d6200000| Untracked 
|1714|0x00000007d6400000, 0x00000007d6400000, 0x00000007d6600000|  0%| F|  |TAMS 0x00000007d6400000, 0x00000007d6400000| Untracked 
|1715|0x00000007d6600000, 0x00000007d6600000, 0x00000007d6800000|  0%| F|  |TAMS 0x00000007d6600000, 0x00000007d6600000| Untracked 
|1716|0x00000007d6800000, 0x00000007d6800000, 0x00000007d6a00000|  0%| F|  |TAMS 0x00000007d6800000, 0x00000007d6800000| Untracked 
|1717|0x00000007d6a00000, 0x00000007d6a00000, 0x00000007d6c00000|  0%| F|  |TAMS 0x00000007d6a00000, 0x00000007d6a00000| Untracked 
|1718|0x00000007d6c00000, 0x00000007d6c00000, 0x00000007d6e00000|  0%| F|  |TAMS 0x00000007d6c00000, 0x00000007d6c00000| Untracked 
|1719|0x00000007d6e00000, 0x00000007d6e00000, 0x00000007d7000000|  0%| F|  |TAMS 0x00000007d6e00000, 0x00000007d6e00000| Untracked 
|1720|0x00000007d7000000, 0x00000007d7000000, 0x00000007d7200000|  0%| F|  |TAMS 0x00000007d7000000, 0x00000007d7000000| Untracked 
|1721|0x00000007d7200000, 0x00000007d7200000, 0x00000007d7400000|  0%| F|  |TAMS 0x00000007d7200000, 0x00000007d7200000| Untracked 
|1722|0x00000007d7400000, 0x00000007d7400000, 0x00000007d7600000|  0%| F|  |TAMS 0x00000007d7400000, 0x00000007d7400000| Untracked 
|1723|0x00000007d7600000, 0x00000007d7600000, 0x00000007d7800000|  0%| F|  |TAMS 0x00000007d7600000, 0x00000007d7600000| Untracked 
|1724|0x00000007d7800000, 0x00000007d7800000, 0x00000007d7a00000|  0%| F|  |TAMS 0x00000007d7800000, 0x00000007d7800000| Untracked 
|1725|0x00000007d7a00000, 0x00000007d7a00000, 0x00000007d7c00000|  0%| F|  |TAMS 0x00000007d7a00000, 0x00000007d7a00000| Untracked 
|1726|0x00000007d7c00000, 0x00000007d7c00000, 0x00000007d7e00000|  0%| F|  |TAMS 0x00000007d7c00000, 0x00000007d7c00000| Untracked 
|1727|0x00000007d7e00000, 0x00000007d7e00000, 0x00000007d8000000|  0%| F|  |TAMS 0x00000007d7e00000, 0x00000007d7e00000| Untracked 
|1728|0x00000007d8000000, 0x00000007d8000000, 0x00000007d8200000|  0%| F|  |TAMS 0x00000007d8000000, 0x00000007d8000000| Untracked 
|1729|0x00000007d8200000, 0x00000007d8200000, 0x00000007d8400000|  0%| F|  |TAMS 0x00000007d8200000, 0x00000007d8200000| Untracked 
|1730|0x00000007d8400000, 0x00000007d8400000, 0x00000007d8600000|  0%| F|  |TAMS 0x00000007d8400000, 0x00000007d8400000| Untracked 
|1731|0x00000007d8600000, 0x00000007d8600000, 0x00000007d8800000|  0%| F|  |TAMS 0x00000007d8600000, 0x00000007d8600000| Untracked 
|1732|0x00000007d8800000, 0x00000007d8800000, 0x00000007d8a00000|  0%| F|  |TAMS 0x00000007d8800000, 0x00000007d8800000| Untracked 
|1733|0x00000007d8a00000, 0x00000007d8a00000, 0x00000007d8c00000|  0%| F|  |TAMS 0x00000007d8a00000, 0x00000007d8a00000| Untracked 
|1734|0x00000007d8c00000, 0x00000007d8c00000, 0x00000007d8e00000|  0%| F|  |TAMS 0x00000007d8c00000, 0x00000007d8c00000| Untracked 
|1735|0x00000007d8e00000, 0x00000007d8e00000, 0x00000007d9000000|  0%| F|  |TAMS 0x00000007d8e00000, 0x00000007d8e00000| Untracked 
|1736|0x00000007d9000000, 0x00000007d9000000, 0x00000007d9200000|  0%| F|  |TAMS 0x00000007d9000000, 0x00000007d9000000| Untracked 
|1737|0x00000007d9200000, 0x00000007d9200000, 0x00000007d9400000|  0%| F|  |TAMS 0x00000007d9200000, 0x00000007d9200000| Untracked 
|1738|0x00000007d9400000, 0x00000007d9400000, 0x00000007d9600000|  0%| F|  |TAMS 0x00000007d9400000, 0x00000007d9400000| Untracked 
|1739|0x00000007d9600000, 0x00000007d9600000, 0x00000007d9800000|  0%| F|  |TAMS 0x00000007d9600000, 0x00000007d9600000| Untracked 
|1740|0x00000007d9800000, 0x00000007d9800000, 0x00000007d9a00000|  0%| F|  |TAMS 0x00000007d9800000, 0x00000007d9800000| Untracked 
|1741|0x00000007d9a00000, 0x00000007d9a00000, 0x00000007d9c00000|  0%| F|  |TAMS 0x00000007d9a00000, 0x00000007d9a00000| Untracked 
|1742|0x00000007d9c00000, 0x00000007d9c00000, 0x00000007d9e00000|  0%| F|  |TAMS 0x00000007d9c00000, 0x00000007d9c00000| Untracked 
|1743|0x00000007d9e00000, 0x00000007d9e00000, 0x00000007da000000|  0%| F|  |TAMS 0x00000007d9e00000, 0x00000007d9e00000| Untracked 
|1744|0x00000007da000000, 0x00000007da000000, 0x00000007da200000|  0%| F|  |TAMS 0x00000007da000000, 0x00000007da000000| Untracked 
|1745|0x00000007da200000, 0x00000007da200000, 0x00000007da400000|  0%| F|  |TAMS 0x00000007da200000, 0x00000007da200000| Untracked 
|1746|0x00000007da400000, 0x00000007da400000, 0x00000007da600000|  0%| F|  |TAMS 0x00000007da400000, 0x00000007da400000| Untracked 
|1747|0x00000007da600000, 0x00000007da600000, 0x00000007da800000|  0%| F|  |TAMS 0x00000007da600000, 0x00000007da600000| Untracked 
|1748|0x00000007da800000, 0x00000007da800000, 0x00000007daa00000|  0%| F|  |TAMS 0x00000007da800000, 0x00000007da800000| Untracked 
|1749|0x00000007daa00000, 0x00000007daa00000, 0x00000007dac00000|  0%| F|  |TAMS 0x00000007daa00000, 0x00000007daa00000| Untracked 
|1750|0x00000007dac00000, 0x00000007dac00000, 0x00000007dae00000|  0%| F|  |TAMS 0x00000007dac00000, 0x00000007dac00000| Untracked 
|1751|0x00000007dae00000, 0x00000007dae00000, 0x00000007db000000|  0%| F|  |TAMS 0x00000007dae00000, 0x00000007dae00000| Untracked 
|1752|0x00000007db000000, 0x00000007db000000, 0x00000007db200000|  0%| F|  |TAMS 0x00000007db000000, 0x00000007db000000| Untracked 
|1753|0x00000007db200000, 0x00000007db200000, 0x00000007db400000|  0%| F|  |TAMS 0x00000007db200000, 0x00000007db200000| Untracked 
|1754|0x00000007db400000, 0x00000007db400000, 0x00000007db600000|  0%| F|  |TAMS 0x00000007db400000, 0x00000007db400000| Untracked 
|1755|0x00000007db600000, 0x00000007db600000, 0x00000007db800000|  0%| F|  |TAMS 0x00000007db600000, 0x00000007db600000| Untracked 
|1756|0x00000007db800000, 0x00000007db800000, 0x00000007dba00000|  0%| F|  |TAMS 0x00000007db800000, 0x00000007db800000| Untracked 
|1757|0x00000007dba00000, 0x00000007dba00000, 0x00000007dbc00000|  0%| F|  |TAMS 0x00000007dba00000, 0x00000007dba00000| Untracked 
|1758|0x00000007dbc00000, 0x00000007dbc00000, 0x00000007dbe00000|  0%| F|  |TAMS 0x00000007dbc00000, 0x00000007dbc00000| Untracked 
|1759|0x00000007dbe00000, 0x00000007dbe00000, 0x00000007dc000000|  0%| F|  |TAMS 0x00000007dbe00000, 0x00000007dbe00000| Untracked 
|1760|0x00000007dc000000, 0x00000007dc000000, 0x00000007dc200000|  0%| F|  |TAMS 0x00000007dc000000, 0x00000007dc000000| Untracked 
|1761|0x00000007dc200000, 0x00000007dc200000, 0x00000007dc400000|  0%| F|  |TAMS 0x00000007dc200000, 0x00000007dc200000| Untracked 
|1762|0x00000007dc400000, 0x00000007dc400000, 0x00000007dc600000|  0%| F|  |TAMS 0x00000007dc400000, 0x00000007dc400000| Untracked 
|1763|0x00000007dc600000, 0x00000007dc600000, 0x00000007dc800000|  0%| F|  |TAMS 0x00000007dc600000, 0x00000007dc600000| Untracked 
|1764|0x00000007dc800000, 0x00000007dc800000, 0x00000007dca00000|  0%| F|  |TAMS 0x00000007dc800000, 0x00000007dc800000| Untracked 
|1765|0x00000007dca00000, 0x00000007dca00000, 0x00000007dcc00000|  0%| F|  |TAMS 0x00000007dca00000, 0x00000007dca00000| Untracked 
|1766|0x00000007dcc00000, 0x00000007dcc00000, 0x00000007dce00000|  0%| F|  |TAMS 0x00000007dcc00000, 0x00000007dcc00000| Untracked 
|1767|0x00000007dce00000, 0x00000007dce00000, 0x00000007dd000000|  0%| F|  |TAMS 0x00000007dce00000, 0x00000007dce00000| Untracked 
|1768|0x00000007dd000000, 0x00000007dd000000, 0x00000007dd200000|  0%| F|  |TAMS 0x00000007dd000000, 0x00000007dd000000| Untracked 
|1769|0x00000007dd200000, 0x00000007dd200000, 0x00000007dd400000|  0%| F|  |TAMS 0x00000007dd200000, 0x00000007dd200000| Untracked 
|1770|0x00000007dd400000, 0x00000007dd400000, 0x00000007dd600000|  0%| F|  |TAMS 0x00000007dd400000, 0x00000007dd400000| Untracked 
|1771|0x00000007dd600000, 0x00000007dd600000, 0x00000007dd800000|  0%| F|  |TAMS 0x00000007dd600000, 0x00000007dd600000| Untracked 
|1772|0x00000007dd800000, 0x00000007dd800000, 0x00000007dda00000|  0%| F|  |TAMS 0x00000007dd800000, 0x00000007dd800000| Untracked 
|1773|0x00000007dda00000, 0x00000007dda00000, 0x00000007ddc00000|  0%| F|  |TAMS 0x00000007dda00000, 0x00000007dda00000| Untracked 
|1774|0x00000007ddc00000, 0x00000007ddc00000, 0x00000007dde00000|  0%| F|  |TAMS 0x00000007ddc00000, 0x00000007ddc00000| Untracked 
|1775|0x00000007dde00000, 0x00000007dde00000, 0x00000007de000000|  0%| F|  |TAMS 0x00000007dde00000, 0x00000007dde00000| Untracked 
|1776|0x00000007de000000, 0x00000007de000000, 0x00000007de200000|  0%| F|  |TAMS 0x00000007de000000, 0x00000007de000000| Untracked 
|1777|0x00000007de200000, 0x00000007de200000, 0x00000007de400000|  0%| F|  |TAMS 0x00000007de200000, 0x00000007de200000| Untracked 
|1778|0x00000007de400000, 0x00000007de400000, 0x00000007de600000|  0%| F|  |TAMS 0x00000007de400000, 0x00000007de400000| Untracked 
|1779|0x00000007de600000, 0x00000007de600000, 0x00000007de800000|  0%| F|  |TAMS 0x00000007de600000, 0x00000007de600000| Untracked 
|1780|0x00000007de800000, 0x00000007de800000, 0x00000007dea00000|  0%| F|  |TAMS 0x00000007de800000, 0x00000007de800000| Untracked 
|1781|0x00000007dea00000, 0x00000007dea00000, 0x00000007dec00000|  0%| F|  |TAMS 0x00000007dea00000, 0x00000007dea00000| Untracked 
|1782|0x00000007dec00000, 0x00000007dec00000, 0x00000007dee00000|  0%| F|  |TAMS 0x00000007dec00000, 0x00000007dec00000| Untracked 
|1783|0x00000007dee00000, 0x00000007dee00000, 0x00000007df000000|  0%| F|  |TAMS 0x00000007dee00000, 0x00000007dee00000| Untracked 
|1784|0x00000007df000000, 0x00000007df000000, 0x00000007df200000|  0%| F|  |TAMS 0x00000007df000000, 0x00000007df000000| Untracked 
|1785|0x00000007df200000, 0x00000007df200000, 0x00000007df400000|  0%| F|  |TAMS 0x00000007df200000, 0x00000007df200000| Untracked 
|1786|0x00000007df400000, 0x00000007df400000, 0x00000007df600000|  0%| F|  |TAMS 0x00000007df400000, 0x00000007df400000| Untracked 
|1787|0x00000007df600000, 0x00000007df600000, 0x00000007df800000|  0%| F|  |TAMS 0x00000007df600000, 0x00000007df600000| Untracked 
|1788|0x00000007df800000, 0x00000007df800000, 0x00000007dfa00000|  0%| F|  |TAMS 0x00000007df800000, 0x00000007df800000| Untracked 
|1789|0x00000007dfa00000, 0x00000007dfa00000, 0x00000007dfc00000|  0%| F|  |TAMS 0x00000007dfa00000, 0x00000007dfa00000| Untracked 
|1790|0x00000007dfc00000, 0x00000007dfc00000, 0x00000007dfe00000|  0%| F|  |TAMS 0x00000007dfc00000, 0x00000007dfc00000| Untracked 
|1791|0x00000007dfe00000, 0x00000007dfe00000, 0x00000007e0000000|  0%| F|  |TAMS 0x00000007dfe00000, 0x00000007dfe00000| Untracked 
|1792|0x00000007e0000000, 0x00000007e0000000, 0x00000007e0200000|  0%| F|  |TAMS 0x00000007e0000000, 0x00000007e0000000| Untracked 
|1793|0x00000007e0200000, 0x00000007e0200000, 0x00000007e0400000|  0%| F|  |TAMS 0x00000007e0200000, 0x00000007e0200000| Untracked 
|1794|0x00000007e0400000, 0x00000007e0400000, 0x00000007e0600000|  0%| F|  |TAMS 0x00000007e0400000, 0x00000007e0400000| Untracked 
|1795|0x00000007e0600000, 0x00000007e0600000, 0x00000007e0800000|  0%| F|  |TAMS 0x00000007e0600000, 0x00000007e0600000| Untracked 
|1796|0x00000007e0800000, 0x00000007e0800000, 0x00000007e0a00000|  0%| F|  |TAMS 0x00000007e0800000, 0x00000007e0800000| Untracked 
|1797|0x00000007e0a00000, 0x00000007e0a00000, 0x00000007e0c00000|  0%| F|  |TAMS 0x00000007e0a00000, 0x00000007e0a00000| Untracked 
|1798|0x00000007e0c00000, 0x00000007e0c00000, 0x00000007e0e00000|  0%| F|  |TAMS 0x00000007e0c00000, 0x00000007e0c00000| Untracked 
|1799|0x00000007e0e00000, 0x00000007e0e00000, 0x00000007e1000000|  0%| F|  |TAMS 0x00000007e0e00000, 0x00000007e0e00000| Untracked 
|1800|0x00000007e1000000, 0x00000007e1000000, 0x00000007e1200000|  0%| F|  |TAMS 0x00000007e1000000, 0x00000007e1000000| Untracked 
|1801|0x00000007e1200000, 0x00000007e1200000, 0x00000007e1400000|  0%| F|  |TAMS 0x00000007e1200000, 0x00000007e1200000| Untracked 
|1802|0x00000007e1400000, 0x00000007e1400000, 0x00000007e1600000|  0%| F|  |TAMS 0x00000007e1400000, 0x00000007e1400000| Untracked 
|1803|0x00000007e1600000, 0x00000007e1600000, 0x00000007e1800000|  0%| F|  |TAMS 0x00000007e1600000, 0x00000007e1600000| Untracked 
|1804|0x00000007e1800000, 0x00000007e1800000, 0x00000007e1a00000|  0%| F|  |TAMS 0x00000007e1800000, 0x00000007e1800000| Untracked 
|1805|0x00000007e1a00000, 0x00000007e1a00000, 0x00000007e1c00000|  0%| F|  |TAMS 0x00000007e1a00000, 0x00000007e1a00000| Untracked 
|1806|0x00000007e1c00000, 0x00000007e1c00000, 0x00000007e1e00000|  0%| F|  |TAMS 0x00000007e1c00000, 0x00000007e1c00000| Untracked 
|1807|0x00000007e1e00000, 0x00000007e1e00000, 0x00000007e2000000|  0%| F|  |TAMS 0x00000007e1e00000, 0x00000007e1e00000| Untracked 
|1808|0x00000007e2000000, 0x00000007e2000000, 0x00000007e2200000|  0%| F|  |TAMS 0x00000007e2000000, 0x00000007e2000000| Untracked 
|1809|0x00000007e2200000, 0x00000007e2200000, 0x00000007e2400000|  0%| F|  |TAMS 0x00000007e2200000, 0x00000007e2200000| Untracked 
|1810|0x00000007e2400000, 0x00000007e2400000, 0x00000007e2600000|  0%| F|  |TAMS 0x00000007e2400000, 0x00000007e2400000| Untracked 
|1811|0x00000007e2600000, 0x00000007e2600000, 0x00000007e2800000|  0%| F|  |TAMS 0x00000007e2600000, 0x00000007e2600000| Untracked 
|1812|0x00000007e2800000, 0x00000007e2800000, 0x00000007e2a00000|  0%| F|  |TAMS 0x00000007e2800000, 0x00000007e2800000| Untracked 
|1813|0x00000007e2a00000, 0x00000007e2a00000, 0x00000007e2c00000|  0%| F|  |TAMS 0x00000007e2a00000, 0x00000007e2a00000| Untracked 
|1814|0x00000007e2c00000, 0x00000007e2c00000, 0x00000007e2e00000|  0%| F|  |TAMS 0x00000007e2c00000, 0x00000007e2c00000| Untracked 
|1815|0x00000007e2e00000, 0x00000007e2e00000, 0x00000007e3000000|  0%| F|  |TAMS 0x00000007e2e00000, 0x00000007e2e00000| Untracked 
|1816|0x00000007e3000000, 0x00000007e3000000, 0x00000007e3200000|  0%| F|  |TAMS 0x00000007e3000000, 0x00000007e3000000| Untracked 
|1817|0x00000007e3200000, 0x00000007e3200000, 0x00000007e3400000|  0%| F|  |TAMS 0x00000007e3200000, 0x00000007e3200000| Untracked 
|1818|0x00000007e3400000, 0x00000007e3400000, 0x00000007e3600000|  0%| F|  |TAMS 0x00000007e3400000, 0x00000007e3400000| Untracked 
|1819|0x00000007e3600000, 0x00000007e3600000, 0x00000007e3800000|  0%| F|  |TAMS 0x00000007e3600000, 0x00000007e3600000| Untracked 
|1820|0x00000007e3800000, 0x00000007e3800000, 0x00000007e3a00000|  0%| F|  |TAMS 0x00000007e3800000, 0x00000007e3800000| Untracked 
|1821|0x00000007e3a00000, 0x00000007e3b00000, 0x00000007e3c00000| 50%| E|  |TAMS 0x00000007e3a00000, 0x00000007e3a00000| Complete 
|1822|0x00000007e3c00000, 0x00000007e3e00000, 0x00000007e3e00000|100%| E|CS|TAMS 0x00000007e3c00000, 0x00000007e3c00000| Complete 
|1823|0x00000007e3e00000, 0x00000007e4000000, 0x00000007e4000000|100%| E|CS|TAMS 0x00000007e3e00000, 0x00000007e3e00000| Complete 
|1824|0x00000007e4000000, 0x00000007e4200000, 0x00000007e4200000|100%| E|CS|TAMS 0x00000007e4000000, 0x00000007e4000000| Complete 
|1825|0x00000007e4200000, 0x00000007e4400000, 0x00000007e4400000|100%| E|CS|TAMS 0x00000007e4200000, 0x00000007e4200000| Complete 
|1826|0x00000007e4400000, 0x00000007e4600000, 0x00000007e4600000|100%| E|CS|TAMS 0x00000007e4400000, 0x00000007e4400000| Complete 
|1827|0x00000007e4600000, 0x00000007e4800000, 0x00000007e4800000|100%| E|CS|TAMS 0x00000007e4600000, 0x00000007e4600000| Complete 
|1828|0x00000007e4800000, 0x00000007e4a00000, 0x00000007e4a00000|100%| E|CS|TAMS 0x00000007e4800000, 0x00000007e4800000| Complete 
|1829|0x00000007e4a00000, 0x00000007e4c00000, 0x00000007e4c00000|100%| E|CS|TAMS 0x00000007e4a00000, 0x00000007e4a00000| Complete 
|1830|0x00000007e4c00000, 0x00000007e4e00000, 0x00000007e4e00000|100%| E|CS|TAMS 0x00000007e4c00000, 0x00000007e4c00000| Complete 
|1831|0x00000007e4e00000, 0x00000007e5000000, 0x00000007e5000000|100%| E|CS|TAMS 0x00000007e4e00000, 0x00000007e4e00000| Complete 
|1832|0x00000007e5000000, 0x00000007e5200000, 0x00000007e5200000|100%| E|CS|TAMS 0x00000007e5000000, 0x00000007e5000000| Complete 
|1833|0x00000007e5200000, 0x00000007e5400000, 0x00000007e5400000|100%| E|CS|TAMS 0x00000007e5200000, 0x00000007e5200000| Complete 
|1834|0x00000007e5400000, 0x00000007e5600000, 0x00000007e5600000|100%| E|CS|TAMS 0x00000007e5400000, 0x00000007e5400000| Complete 
|1835|0x00000007e5600000, 0x00000007e5800000, 0x00000007e5800000|100%| E|CS|TAMS 0x00000007e5600000, 0x00000007e5600000| Complete 
|1836|0x00000007e5800000, 0x00000007e5a00000, 0x00000007e5a00000|100%| E|CS|TAMS 0x00000007e5800000, 0x00000007e5800000| Complete 
|1837|0x00000007e5a00000, 0x00000007e5c00000, 0x00000007e5c00000|100%| E|CS|TAMS 0x00000007e5a00000, 0x00000007e5a00000| Complete 
|1838|0x00000007e5c00000, 0x00000007e5e00000, 0x00000007e5e00000|100%| E|CS|TAMS 0x00000007e5c00000, 0x00000007e5c00000| Complete 
|1839|0x00000007e5e00000, 0x00000007e6000000, 0x00000007e6000000|100%| E|CS|TAMS 0x00000007e5e00000, 0x00000007e5e00000| Complete 
|1840|0x00000007e6000000, 0x00000007e6200000, 0x00000007e6200000|100%| E|CS|TAMS 0x00000007e6000000, 0x00000007e6000000| Complete 
|1841|0x00000007e6200000, 0x00000007e6400000, 0x00000007e6400000|100%| E|CS|TAMS 0x00000007e6200000, 0x00000007e6200000| Complete 
|1842|0x00000007e6400000, 0x00000007e6600000, 0x00000007e6600000|100%| E|CS|TAMS 0x00000007e6400000, 0x00000007e6400000| Complete 
|1843|0x00000007e6600000, 0x00000007e6800000, 0x00000007e6800000|100%| E|CS|TAMS 0x00000007e6600000, 0x00000007e6600000| Complete 
|1844|0x00000007e6800000, 0x00000007e6a00000, 0x00000007e6a00000|100%| E|CS|TAMS 0x00000007e6800000, 0x00000007e6800000| Complete 
|1845|0x00000007e6a00000, 0x00000007e6c00000, 0x00000007e6c00000|100%| E|CS|TAMS 0x00000007e6a00000, 0x00000007e6a00000| Complete 
|1846|0x00000007e6c00000, 0x00000007e6e00000, 0x00000007e6e00000|100%| E|CS|TAMS 0x00000007e6c00000, 0x00000007e6c00000| Complete 
|1847|0x00000007e6e00000, 0x00000007e7000000, 0x00000007e7000000|100%| E|CS|TAMS 0x00000007e6e00000, 0x00000007e6e00000| Complete 
|1848|0x00000007e7000000, 0x00000007e7200000, 0x00000007e7200000|100%| E|CS|TAMS 0x00000007e7000000, 0x00000007e7000000| Complete 
|1849|0x00000007e7200000, 0x00000007e7400000, 0x00000007e7400000|100%| E|CS|TAMS 0x00000007e7200000, 0x00000007e7200000| Complete 
|1850|0x00000007e7400000, 0x00000007e7600000, 0x00000007e7600000|100%| E|CS|TAMS 0x00000007e7400000, 0x00000007e7400000| Complete 
|1851|0x00000007e7600000, 0x00000007e7800000, 0x00000007e7800000|100%| E|CS|TAMS 0x00000007e7600000, 0x00000007e7600000| Complete 
|1852|0x00000007e7800000, 0x00000007e7a00000, 0x00000007e7a00000|100%| E|CS|TAMS 0x00000007e7800000, 0x00000007e7800000| Complete 
|1853|0x00000007e7a00000, 0x00000007e7c00000, 0x00000007e7c00000|100%| E|CS|TAMS 0x00000007e7a00000, 0x00000007e7a00000| Complete 
|1854|0x00000007e7c00000, 0x00000007e7e00000, 0x00000007e7e00000|100%| E|CS|TAMS 0x00000007e7c00000, 0x00000007e7c00000| Complete 
|1855|0x00000007e7e00000, 0x00000007e8000000, 0x00000007e8000000|100%| E|CS|TAMS 0x00000007e7e00000, 0x00000007e7e00000| Complete 
|1856|0x00000007e8000000, 0x00000007e8200000, 0x00000007e8200000|100%| E|CS|TAMS 0x00000007e8000000, 0x00000007e8000000| Complete 
|1857|0x00000007e8200000, 0x00000007e8400000, 0x00000007e8400000|100%| E|CS|TAMS 0x00000007e8200000, 0x00000007e8200000| Complete 
|1858|0x00000007e8400000, 0x00000007e8600000, 0x00000007e8600000|100%| E|CS|TAMS 0x00000007e8400000, 0x00000007e8400000| Complete 
|1859|0x00000007e8600000, 0x00000007e8800000, 0x00000007e8800000|100%| E|CS|TAMS 0x00000007e8600000, 0x00000007e8600000| Complete 
|1860|0x00000007e8800000, 0x00000007e8a00000, 0x00000007e8a00000|100%| E|CS|TAMS 0x00000007e8800000, 0x00000007e8800000| Complete 
|1861|0x00000007e8a00000, 0x00000007e8c00000, 0x00000007e8c00000|100%| E|CS|TAMS 0x00000007e8a00000, 0x00000007e8a00000| Complete 
|1862|0x00000007e8c00000, 0x00000007e8e00000, 0x00000007e8e00000|100%| E|CS|TAMS 0x00000007e8c00000, 0x00000007e8c00000| Complete 
|1863|0x00000007e8e00000, 0x00000007e9000000, 0x00000007e9000000|100%| E|CS|TAMS 0x00000007e8e00000, 0x00000007e8e00000| Complete 
|1864|0x00000007e9000000, 0x00000007e9200000, 0x00000007e9200000|100%| E|CS|TAMS 0x00000007e9000000, 0x00000007e9000000| Complete 
|1865|0x00000007e9200000, 0x00000007e9400000, 0x00000007e9400000|100%| E|CS|TAMS 0x00000007e9200000, 0x00000007e9200000| Complete 
|1866|0x00000007e9400000, 0x00000007e9600000, 0x00000007e9600000|100%| E|CS|TAMS 0x00000007e9400000, 0x00000007e9400000| Complete 
|1867|0x00000007e9600000, 0x00000007e9800000, 0x00000007e9800000|100%| E|CS|TAMS 0x00000007e9600000, 0x00000007e9600000| Complete 
|1868|0x00000007e9800000, 0x00000007e9a00000, 0x00000007e9a00000|100%| E|CS|TAMS 0x00000007e9800000, 0x00000007e9800000| Complete 
|1869|0x00000007e9a00000, 0x00000007e9c00000, 0x00000007e9c00000|100%| E|CS|TAMS 0x00000007e9a00000, 0x00000007e9a00000| Complete 
|1870|0x00000007e9c00000, 0x00000007e9e00000, 0x00000007e9e00000|100%| E|CS|TAMS 0x00000007e9c00000, 0x00000007e9c00000| Complete 
|1871|0x00000007e9e00000, 0x00000007ea000000, 0x00000007ea000000|100%| E|CS|TAMS 0x00000007e9e00000, 0x00000007e9e00000| Complete 
|1872|0x00000007ea000000, 0x00000007ea200000, 0x00000007ea200000|100%| E|CS|TAMS 0x00000007ea000000, 0x00000007ea000000| Complete 
|1873|0x00000007ea200000, 0x00000007ea400000, 0x00000007ea400000|100%| E|CS|TAMS 0x00000007ea200000, 0x00000007ea200000| Complete 
|1874|0x00000007ea400000, 0x00000007ea600000, 0x00000007ea600000|100%| E|CS|TAMS 0x00000007ea400000, 0x00000007ea400000| Complete 
|1875|0x00000007ea600000, 0x00000007ea800000, 0x00000007ea800000|100%| E|CS|TAMS 0x00000007ea600000, 0x00000007ea600000| Complete 
|1876|0x00000007ea800000, 0x00000007eaa00000, 0x00000007eaa00000|100%| E|CS|TAMS 0x00000007ea800000, 0x00000007ea800000| Complete 
|1877|0x00000007eaa00000, 0x00000007eac00000, 0x00000007eac00000|100%| E|CS|TAMS 0x00000007eaa00000, 0x00000007eaa00000| Complete 
|1878|0x00000007eac00000, 0x00000007eae00000, 0x00000007eae00000|100%| E|CS|TAMS 0x00000007eac00000, 0x00000007eac00000| Complete 
|1879|0x00000007eae00000, 0x00000007eb000000, 0x00000007eb000000|100%| E|CS|TAMS 0x00000007eae00000, 0x00000007eae00000| Complete 
|1880|0x00000007eb000000, 0x00000007eb200000, 0x00000007eb200000|100%| E|CS|TAMS 0x00000007eb000000, 0x00000007eb000000| Complete 
|1881|0x00000007eb200000, 0x00000007eb400000, 0x00000007eb400000|100%| E|CS|TAMS 0x00000007eb200000, 0x00000007eb200000| Complete 
|1882|0x00000007eb400000, 0x00000007eb600000, 0x00000007eb600000|100%| E|CS|TAMS 0x00000007eb400000, 0x00000007eb400000| Complete 
|1883|0x00000007eb600000, 0x00000007eb800000, 0x00000007eb800000|100%| E|CS|TAMS 0x00000007eb600000, 0x00000007eb600000| Complete 
|1884|0x00000007eb800000, 0x00000007eba00000, 0x00000007eba00000|100%| E|CS|TAMS 0x00000007eb800000, 0x00000007eb800000| Complete 
|1885|0x00000007eba00000, 0x00000007ebc00000, 0x00000007ebc00000|100%| E|CS|TAMS 0x00000007eba00000, 0x00000007eba00000| Complete 
|1886|0x00000007ebc00000, 0x00000007ebe00000, 0x00000007ebe00000|100%| E|CS|TAMS 0x00000007ebc00000, 0x00000007ebc00000| Complete 
|1887|0x00000007ebe00000, 0x00000007ec000000, 0x00000007ec000000|100%| E|CS|TAMS 0x00000007ebe00000, 0x00000007ebe00000| Complete 
|1888|0x00000007ec000000, 0x00000007ec200000, 0x00000007ec200000|100%| E|CS|TAMS 0x00000007ec000000, 0x00000007ec000000| Complete 
|1889|0x00000007ec200000, 0x00000007ec400000, 0x00000007ec400000|100%| E|CS|TAMS 0x00000007ec200000, 0x00000007ec200000| Complete 
|1890|0x00000007ec400000, 0x00000007ec600000, 0x00000007ec600000|100%| E|CS|TAMS 0x00000007ec400000, 0x00000007ec400000| Complete 
|1891|0x00000007ec600000, 0x00000007ec800000, 0x00000007ec800000|100%| E|CS|TAMS 0x00000007ec600000, 0x00000007ec600000| Complete 
|1892|0x00000007ec800000, 0x00000007eca00000, 0x00000007eca00000|100%| E|CS|TAMS 0x00000007ec800000, 0x00000007ec800000| Complete 
|1893|0x00000007eca00000, 0x00000007ecc00000, 0x00000007ecc00000|100%| E|CS|TAMS 0x00000007eca00000, 0x00000007eca00000| Complete 
|1894|0x00000007ecc00000, 0x00000007ece00000, 0x00000007ece00000|100%| E|CS|TAMS 0x00000007ecc00000, 0x00000007ecc00000| Complete 
|1895|0x00000007ece00000, 0x00000007ed000000, 0x00000007ed000000|100%| E|CS|TAMS 0x00000007ece00000, 0x00000007ece00000| Complete 
|1896|0x00000007ed000000, 0x00000007ed200000, 0x00000007ed200000|100%| E|CS|TAMS 0x00000007ed000000, 0x00000007ed000000| Complete 
|1897|0x00000007ed200000, 0x00000007ed400000, 0x00000007ed400000|100%| E|CS|TAMS 0x00000007ed200000, 0x00000007ed200000| Complete 
|1898|0x00000007ed400000, 0x00000007ed600000, 0x00000007ed600000|100%| E|CS|TAMS 0x00000007ed400000, 0x00000007ed400000| Complete 
|1899|0x00000007ed600000, 0x00000007ed800000, 0x00000007ed800000|100%| E|CS|TAMS 0x00000007ed600000, 0x00000007ed600000| Complete 
|1900|0x00000007ed800000, 0x00000007eda00000, 0x00000007eda00000|100%| E|CS|TAMS 0x00000007ed800000, 0x00000007ed800000| Complete 
|1901|0x00000007eda00000, 0x00000007edc00000, 0x00000007edc00000|100%| E|CS|TAMS 0x00000007eda00000, 0x00000007eda00000| Complete 
|1902|0x00000007edc00000, 0x00000007ede00000, 0x00000007ede00000|100%| E|CS|TAMS 0x00000007edc00000, 0x00000007edc00000| Complete 
|1903|0x00000007ede00000, 0x00000007ee000000, 0x00000007ee000000|100%| E|CS|TAMS 0x00000007ede00000, 0x00000007ede00000| Complete 
|1904|0x00000007ee000000, 0x00000007ee200000, 0x00000007ee200000|100%| E|  |TAMS 0x00000007ee000000, 0x00000007ee000000| Complete 
|1905|0x00000007ee200000, 0x00000007ee400000, 0x00000007ee400000|100%| E|CS|TAMS 0x00000007ee200000, 0x00000007ee200000| Complete 
|1906|0x00000007ee400000, 0x00000007ee600000, 0x00000007ee600000|100%| E|CS|TAMS 0x00000007ee400000, 0x00000007ee400000| Complete 
|1907|0x00000007ee600000, 0x00000007ee800000, 0x00000007ee800000|100%| E|CS|TAMS 0x00000007ee600000, 0x00000007ee600000| Complete 
|1908|0x00000007ee800000, 0x00000007eea00000, 0x00000007eea00000|100%| E|CS|TAMS 0x00000007ee800000, 0x00000007ee800000| Complete 
|1909|0x00000007eea00000, 0x00000007eec00000, 0x00000007eec00000|100%| E|CS|TAMS 0x00000007eea00000, 0x00000007eea00000| Complete 
|1910|0x00000007eec00000, 0x00000007eee00000, 0x00000007eee00000|100%| E|CS|TAMS 0x00000007eec00000, 0x00000007eec00000| Complete 
|1911|0x00000007eee00000, 0x00000007ef000000, 0x00000007ef000000|100%| E|CS|TAMS 0x00000007eee00000, 0x00000007eee00000| Complete 
|1912|0x00000007ef000000, 0x00000007ef200000, 0x00000007ef200000|100%| E|CS|TAMS 0x00000007ef000000, 0x00000007ef000000| Complete 
|1913|0x00000007ef200000, 0x00000007ef400000, 0x00000007ef400000|100%| E|CS|TAMS 0x00000007ef200000, 0x00000007ef200000| Complete 
|1914|0x00000007ef400000, 0x00000007ef600000, 0x00000007ef600000|100%| E|CS|TAMS 0x00000007ef400000, 0x00000007ef400000| Complete 
|1915|0x00000007ef600000, 0x00000007ef800000, 0x00000007ef800000|100%| E|CS|TAMS 0x00000007ef600000, 0x00000007ef600000| Complete 
|1916|0x00000007ef800000, 0x00000007efa00000, 0x00000007efa00000|100%| E|CS|TAMS 0x00000007ef800000, 0x00000007ef800000| Complete 
|1917|0x00000007efa00000, 0x00000007efc00000, 0x00000007efc00000|100%| E|CS|TAMS 0x00000007efa00000, 0x00000007efa00000| Complete 
|1918|0x00000007efc00000, 0x00000007efe00000, 0x00000007efe00000|100%| E|CS|TAMS 0x00000007efc00000, 0x00000007efc00000| Complete 
|1919|0x00000007efe00000, 0x00000007f0000000, 0x00000007f0000000|100%| E|CS|TAMS 0x00000007efe00000, 0x00000007efe00000| Complete 
|1920|0x00000007f0000000, 0x00000007f0200000, 0x00000007f0200000|100%| E|CS|TAMS 0x00000007f0000000, 0x00000007f0000000| Complete 
|1921|0x00000007f0200000, 0x00000007f0400000, 0x00000007f0400000|100%| E|CS|TAMS 0x00000007f0200000, 0x00000007f0200000| Complete 
|1922|0x00000007f0400000, 0x00000007f0600000, 0x00000007f0600000|100%| E|CS|TAMS 0x00000007f0400000, 0x00000007f0400000| Complete 
|1923|0x00000007f0600000, 0x00000007f0800000, 0x00000007f0800000|100%| E|CS|TAMS 0x00000007f0600000, 0x00000007f0600000| Complete 
|1924|0x00000007f0800000, 0x00000007f0a00000, 0x00000007f0a00000|100%| E|CS|TAMS 0x00000007f0800000, 0x00000007f0800000| Complete 
|1925|0x00000007f0a00000, 0x00000007f0c00000, 0x00000007f0c00000|100%| E|CS|TAMS 0x00000007f0a00000, 0x00000007f0a00000| Complete 
|1926|0x00000007f0c00000, 0x00000007f0e00000, 0x00000007f0e00000|100%| E|CS|TAMS 0x00000007f0c00000, 0x00000007f0c00000| Complete 
|1927|0x00000007f0e00000, 0x00000007f1000000, 0x00000007f1000000|100%| E|CS|TAMS 0x00000007f0e00000, 0x00000007f0e00000| Complete 
|1928|0x00000007f1000000, 0x00000007f1200000, 0x00000007f1200000|100%| E|CS|TAMS 0x00000007f1000000, 0x00000007f1000000| Complete 
|1929|0x00000007f1200000, 0x00000007f1400000, 0x00000007f1400000|100%| E|CS|TAMS 0x00000007f1200000, 0x00000007f1200000| Complete 
|1930|0x00000007f1400000, 0x00000007f1600000, 0x00000007f1600000|100%| E|CS|TAMS 0x00000007f1400000, 0x00000007f1400000| Complete 
|1931|0x00000007f1600000, 0x00000007f1800000, 0x00000007f1800000|100%| E|CS|TAMS 0x00000007f1600000, 0x00000007f1600000| Complete 
|1932|0x00000007f1800000, 0x00000007f1a00000, 0x00000007f1a00000|100%| E|CS|TAMS 0x00000007f1800000, 0x00000007f1800000| Complete 
|1933|0x00000007f1a00000, 0x00000007f1c00000, 0x00000007f1c00000|100%| E|CS|TAMS 0x00000007f1a00000, 0x00000007f1a00000| Complete 
|1934|0x00000007f1c00000, 0x00000007f1e00000, 0x00000007f1e00000|100%| E|CS|TAMS 0x00000007f1c00000, 0x00000007f1c00000| Complete 
|1935|0x00000007f1e00000, 0x00000007f2000000, 0x00000007f2000000|100%| E|CS|TAMS 0x00000007f1e00000, 0x00000007f1e00000| Complete 
|1936|0x00000007f2000000, 0x00000007f2200000, 0x00000007f2200000|100%| E|CS|TAMS 0x00000007f2000000, 0x00000007f2000000| Complete 
|1937|0x00000007f2200000, 0x00000007f2400000, 0x00000007f2400000|100%| E|CS|TAMS 0x00000007f2200000, 0x00000007f2200000| Complete 
|1938|0x00000007f2400000, 0x00000007f2600000, 0x00000007f2600000|100%| E|CS|TAMS 0x00000007f2400000, 0x00000007f2400000| Complete 
|1939|0x00000007f2600000, 0x00000007f2800000, 0x00000007f2800000|100%| E|CS|TAMS 0x00000007f2600000, 0x00000007f2600000| Complete 
|1940|0x00000007f2800000, 0x00000007f2a00000, 0x00000007f2a00000|100%| E|CS|TAMS 0x00000007f2800000, 0x00000007f2800000| Complete 
|1941|0x00000007f2a00000, 0x00000007f2c00000, 0x00000007f2c00000|100%| E|CS|TAMS 0x00000007f2a00000, 0x00000007f2a00000| Complete 
|1942|0x00000007f2c00000, 0x00000007f2e00000, 0x00000007f2e00000|100%| E|CS|TAMS 0x00000007f2c00000, 0x00000007f2c00000| Complete 
|1943|0x00000007f2e00000, 0x00000007f3000000, 0x00000007f3000000|100%| E|CS|TAMS 0x00000007f2e00000, 0x00000007f2e00000| Complete 
|1944|0x00000007f3000000, 0x00000007f3200000, 0x00000007f3200000|100%| E|CS|TAMS 0x00000007f3000000, 0x00000007f3000000| Complete 
|1945|0x00000007f3200000, 0x00000007f3400000, 0x00000007f3400000|100%| E|CS|TAMS 0x00000007f3200000, 0x00000007f3200000| Complete 
|1946|0x00000007f3400000, 0x00000007f3600000, 0x00000007f3600000|100%| E|CS|TAMS 0x00000007f3400000, 0x00000007f3400000| Complete 
|1947|0x00000007f3600000, 0x00000007f3800000, 0x00000007f3800000|100%| E|CS|TAMS 0x00000007f3600000, 0x00000007f3600000| Complete 
|1948|0x00000007f3800000, 0x00000007f3a00000, 0x00000007f3a00000|100%| E|CS|TAMS 0x00000007f3800000, 0x00000007f3800000| Complete 
|1949|0x00000007f3a00000, 0x00000007f3c00000, 0x00000007f3c00000|100%| E|CS|TAMS 0x00000007f3a00000, 0x00000007f3a00000| Complete 
|1950|0x00000007f3c00000, 0x00000007f3e00000, 0x00000007f3e00000|100%| E|CS|TAMS 0x00000007f3c00000, 0x00000007f3c00000| Complete 
|1951|0x00000007f3e00000, 0x00000007f4000000, 0x00000007f4000000|100%| E|CS|TAMS 0x00000007f3e00000, 0x00000007f3e00000| Complete 
|1952|0x00000007f4000000, 0x00000007f4200000, 0x00000007f4200000|100%| E|CS|TAMS 0x00000007f4000000, 0x00000007f4000000| Complete 
|1953|0x00000007f4200000, 0x00000007f4400000, 0x00000007f4400000|100%| E|CS|TAMS 0x00000007f4200000, 0x00000007f4200000| Complete 
|1954|0x00000007f4400000, 0x00000007f4600000, 0x00000007f4600000|100%| E|CS|TAMS 0x00000007f4400000, 0x00000007f4400000| Complete 
|1955|0x00000007f4600000, 0x00000007f4800000, 0x00000007f4800000|100%| E|CS|TAMS 0x00000007f4600000, 0x00000007f4600000| Complete 
|1956|0x00000007f4800000, 0x00000007f4a00000, 0x00000007f4a00000|100%| E|CS|TAMS 0x00000007f4800000, 0x00000007f4800000| Complete 
|1957|0x00000007f4a00000, 0x00000007f4c00000, 0x00000007f4c00000|100%| E|CS|TAMS 0x00000007f4a00000, 0x00000007f4a00000| Complete 
|1958|0x00000007f4c00000, 0x00000007f4e00000, 0x00000007f4e00000|100%| E|CS|TAMS 0x00000007f4c00000, 0x00000007f4c00000| Complete 
|1959|0x00000007f4e00000, 0x00000007f5000000, 0x00000007f5000000|100%| E|CS|TAMS 0x00000007f4e00000, 0x00000007f4e00000| Complete 
|1960|0x00000007f5000000, 0x00000007f5200000, 0x00000007f5200000|100%| E|CS|TAMS 0x00000007f5000000, 0x00000007f5000000| Complete 
|1961|0x00000007f5200000, 0x00000007f53d4c00, 0x00000007f5400000| 91%| S|CS|TAMS 0x00000007f5200000, 0x00000007f5200000| Complete 
|1962|0x00000007f5400000, 0x00000007f5600000, 0x00000007f5600000|100%| S|CS|TAMS 0x00000007f5400000, 0x00000007f5400000| Complete 
|1963|0x00000007f5600000, 0x00000007f5800000, 0x00000007f5800000|100%| S|CS|TAMS 0x00000007f5600000, 0x00000007f5600000| Complete 
|1964|0x00000007f5800000, 0x00000007f5a00000, 0x00000007f5a00000|100%| S|CS|TAMS 0x00000007f5800000, 0x00000007f5800000| Complete 
|1965|0x00000007f5a00000, 0x00000007f5c00000, 0x00000007f5c00000|100%| S|CS|TAMS 0x00000007f5a00000, 0x00000007f5a00000| Complete 
|1966|0x00000007f5c00000, 0x00000007f5e00000, 0x00000007f5e00000|100%| S|CS|TAMS 0x00000007f5c00000, 0x00000007f5c00000| Complete 
|1967|0x00000007f5e00000, 0x00000007f6000000, 0x00000007f6000000|100%| S|CS|TAMS 0x00000007f5e00000, 0x00000007f5e00000| Complete 
|1968|0x00000007f6000000, 0x00000007f6200000, 0x00000007f6200000|100%| E|CS|TAMS 0x00000007f6000000, 0x00000007f6000000| Complete 
|1969|0x00000007f6200000, 0x00000007f6400000, 0x00000007f6400000|100%| E|CS|TAMS 0x00000007f6200000, 0x00000007f6200000| Complete 
|1970|0x00000007f6400000, 0x00000007f6600000, 0x00000007f6600000|100%| E|CS|TAMS 0x00000007f6400000, 0x00000007f6400000| Complete 
|1971|0x00000007f6600000, 0x00000007f6800000, 0x00000007f6800000|100%| E|CS|TAMS 0x00000007f6600000, 0x00000007f6600000| Complete 
|1972|0x00000007f6800000, 0x00000007f6a00000, 0x00000007f6a00000|100%| E|CS|TAMS 0x00000007f6800000, 0x00000007f6800000| Complete 
|1973|0x00000007f6a00000, 0x00000007f6c00000, 0x00000007f6c00000|100%| E|CS|TAMS 0x00000007f6a00000, 0x00000007f6a00000| Complete 
|1974|0x00000007f6c00000, 0x00000007f6e00000, 0x00000007f6e00000|100%| E|CS|TAMS 0x00000007f6c00000, 0x00000007f6c00000| Complete 
|1975|0x00000007f6e00000, 0x00000007f7000000, 0x00000007f7000000|100%| E|CS|TAMS 0x00000007f6e00000, 0x00000007f6e00000| Complete 
|1976|0x00000007f7000000, 0x00000007f7200000, 0x00000007f7200000|100%| E|CS|TAMS 0x00000007f7000000, 0x00000007f7000000| Complete 
|1977|0x00000007f7200000, 0x00000007f7400000, 0x00000007f7400000|100%| E|CS|TAMS 0x00000007f7200000, 0x00000007f7200000| Complete 
|1978|0x00000007f7400000, 0x00000007f7600000, 0x00000007f7600000|100%| E|CS|TAMS 0x00000007f7400000, 0x00000007f7400000| Complete 
|1979|0x00000007f7600000, 0x00000007f7800000, 0x00000007f7800000|100%| E|CS|TAMS 0x00000007f7600000, 0x00000007f7600000| Complete 
|1980|0x00000007f7800000, 0x00000007f7a00000, 0x00000007f7a00000|100%| E|CS|TAMS 0x00000007f7800000, 0x00000007f7800000| Complete 
|1981|0x00000007f7a00000, 0x00000007f7c00000, 0x00000007f7c00000|100%| E|CS|TAMS 0x00000007f7a00000, 0x00000007f7a00000| Complete 
|1982|0x00000007f7c00000, 0x00000007f7e00000, 0x00000007f7e00000|100%| E|CS|TAMS 0x00000007f7c00000, 0x00000007f7c00000| Complete 
|1983|0x00000007f7e00000, 0x00000007f8000000, 0x00000007f8000000|100%| E|CS|TAMS 0x00000007f7e00000, 0x00000007f7e00000| Complete 
|1984|0x00000007f8000000, 0x00000007f8200000, 0x00000007f8200000|100%| E|CS|TAMS 0x00000007f8000000, 0x00000007f8000000| Complete 
|1985|0x00000007f8200000, 0x00000007f8400000, 0x00000007f8400000|100%| E|CS|TAMS 0x00000007f8200000, 0x00000007f8200000| Complete 
|1986|0x00000007f8400000, 0x00000007f8600000, 0x00000007f8600000|100%| E|CS|TAMS 0x00000007f8400000, 0x00000007f8400000| Complete 
|1987|0x00000007f8600000, 0x00000007f8800000, 0x00000007f8800000|100%| E|CS|TAMS 0x00000007f8600000, 0x00000007f8600000| Complete 
|1988|0x00000007f8800000, 0x00000007f8a00000, 0x00000007f8a00000|100%| E|CS|TAMS 0x00000007f8800000, 0x00000007f8800000| Complete 
|1989|0x00000007f8a00000, 0x00000007f8c00000, 0x00000007f8c00000|100%| E|CS|TAMS 0x00000007f8a00000, 0x00000007f8a00000| Complete 
|1990|0x00000007f8c00000, 0x00000007f8e00000, 0x00000007f8e00000|100%| E|CS|TAMS 0x00000007f8c00000, 0x00000007f8c00000| Complete 
|1991|0x00000007f8e00000, 0x00000007f9000000, 0x00000007f9000000|100%| E|CS|TAMS 0x00000007f8e00000, 0x00000007f8e00000| Complete 
|1992|0x00000007f9000000, 0x00000007f9200000, 0x00000007f9200000|100%| E|CS|TAMS 0x00000007f9000000, 0x00000007f9000000| Complete 
|1993|0x00000007f9200000, 0x00000007f9400000, 0x00000007f9400000|100%| E|CS|TAMS 0x00000007f9200000, 0x00000007f9200000| Complete 
|1994|0x00000007f9400000, 0x00000007f9600000, 0x00000007f9600000|100%| E|CS|TAMS 0x00000007f9400000, 0x00000007f9400000| Complete 
|1995|0x00000007f9600000, 0x00000007f9800000, 0x00000007f9800000|100%| E|CS|TAMS 0x00000007f9600000, 0x00000007f9600000| Complete 
|1996|0x00000007f9800000, 0x00000007f9a00000, 0x00000007f9a00000|100%| E|CS|TAMS 0x00000007f9800000, 0x00000007f9800000| Complete 
|1997|0x00000007f9a00000, 0x00000007f9c00000, 0x00000007f9c00000|100%| E|CS|TAMS 0x00000007f9a00000, 0x00000007f9a00000| Complete 
|1998|0x00000007f9c00000, 0x00000007f9e00000, 0x00000007f9e00000|100%| E|CS|TAMS 0x00000007f9c00000, 0x00000007f9c00000| Complete 
|1999|0x00000007f9e00000, 0x00000007fa000000, 0x00000007fa000000|100%| E|CS|TAMS 0x00000007f9e00000, 0x00000007f9e00000| Complete 
|2000|0x00000007fa000000, 0x00000007fa200000, 0x00000007fa200000|100%| E|CS|TAMS 0x00000007fa000000, 0x00000007fa000000| Complete 
|2001|0x00000007fa200000, 0x00000007fa400000, 0x00000007fa400000|100%| E|CS|TAMS 0x00000007fa200000, 0x00000007fa200000| Complete 
|2002|0x00000007fa400000, 0x00000007fa600000, 0x00000007fa600000|100%| E|CS|TAMS 0x00000007fa400000, 0x00000007fa400000| Complete 
|2003|0x00000007fa600000, 0x00000007fa800000, 0x00000007fa800000|100%| E|CS|TAMS 0x00000007fa600000, 0x00000007fa600000| Complete 
|2004|0x00000007fa800000, 0x00000007faa00000, 0x00000007faa00000|100%| E|CS|TAMS 0x00000007fa800000, 0x00000007fa800000| Complete 
|2005|0x00000007faa00000, 0x00000007fac00000, 0x00000007fac00000|100%| E|CS|TAMS 0x00000007faa00000, 0x00000007faa00000| Complete 
|2006|0x00000007fac00000, 0x00000007fae00000, 0x00000007fae00000|100%| E|CS|TAMS 0x00000007fac00000, 0x00000007fac00000| Complete 
|2007|0x00000007fae00000, 0x00000007fb000000, 0x00000007fb000000|100%| E|CS|TAMS 0x00000007fae00000, 0x00000007fae00000| Complete 
|2008|0x00000007fb000000, 0x00000007fb200000, 0x00000007fb200000|100%| E|CS|TAMS 0x00000007fb000000, 0x00000007fb000000| Complete 
|2009|0x00000007fb200000, 0x00000007fb400000, 0x00000007fb400000|100%| E|CS|TAMS 0x00000007fb200000, 0x00000007fb200000| Complete 
|2010|0x00000007fb400000, 0x00000007fb600000, 0x00000007fb600000|100%| E|CS|TAMS 0x00000007fb400000, 0x00000007fb400000| Complete 
|2011|0x00000007fb600000, 0x00000007fb800000, 0x00000007fb800000|100%| E|CS|TAMS 0x00000007fb600000, 0x00000007fb600000| Complete 
|2012|0x00000007fb800000, 0x00000007fba00000, 0x00000007fba00000|100%| E|CS|TAMS 0x00000007fb800000, 0x00000007fb800000| Complete 
|2013|0x00000007fba00000, 0x00000007fbc00000, 0x00000007fbc00000|100%| E|CS|TAMS 0x00000007fba00000, 0x00000007fba00000| Complete 
|2014|0x00000007fbc00000, 0x00000007fbe00000, 0x00000007fbe00000|100%| E|CS|TAMS 0x00000007fbc00000, 0x00000007fbc00000| Complete 
|2015|0x00000007fbe00000, 0x00000007fc000000, 0x00000007fc000000|100%| E|CS|TAMS 0x00000007fbe00000, 0x00000007fbe00000| Complete 
|2016|0x00000007fc000000, 0x00000007fc200000, 0x00000007fc200000|100%| E|CS|TAMS 0x00000007fc000000, 0x00000007fc000000| Complete 
|2017|0x00000007fc200000, 0x00000007fc400000, 0x00000007fc400000|100%| E|CS|TAMS 0x00000007fc200000, 0x00000007fc200000| Complete 
|2018|0x00000007fc400000, 0x00000007fc600000, 0x00000007fc600000|100%| E|CS|TAMS 0x00000007fc400000, 0x00000007fc400000| Complete 
|2019|0x00000007fc600000, 0x00000007fc800000, 0x00000007fc800000|100%| E|CS|TAMS 0x00000007fc600000, 0x00000007fc600000| Complete 
|2020|0x00000007fc800000, 0x00000007fca00000, 0x00000007fca00000|100%| E|CS|TAMS 0x00000007fc800000, 0x00000007fc800000| Complete 
|2021|0x00000007fca00000, 0x00000007fcc00000, 0x00000007fcc00000|100%| E|CS|TAMS 0x00000007fca00000, 0x00000007fca00000| Complete 
|2022|0x00000007fcc00000, 0x00000007fce00000, 0x00000007fce00000|100%| E|CS|TAMS 0x00000007fcc00000, 0x00000007fcc00000| Complete 
|2023|0x00000007fce00000, 0x00000007fd000000, 0x00000007fd000000|100%| E|CS|TAMS 0x00000007fce00000, 0x00000007fce00000| Complete 
|2024|0x00000007fd000000, 0x00000007fd200000, 0x00000007fd200000|100%| E|CS|TAMS 0x00000007fd000000, 0x00000007fd000000| Complete 
|2025|0x00000007fd200000, 0x00000007fd400000, 0x00000007fd400000|100%| E|CS|TAMS 0x00000007fd200000, 0x00000007fd200000| Complete 
|2026|0x00000007fd400000, 0x00000007fd600000, 0x00000007fd600000|100%| E|CS|TAMS 0x00000007fd400000, 0x00000007fd400000| Complete 
|2027|0x00000007fd600000, 0x00000007fd800000, 0x00000007fd800000|100%| E|CS|TAMS 0x00000007fd600000, 0x00000007fd600000| Complete 
|2028|0x00000007fd800000, 0x00000007fda00000, 0x00000007fda00000|100%| E|CS|TAMS 0x00000007fd800000, 0x00000007fd800000| Complete 
|2029|0x00000007fda00000, 0x00000007fdc00000, 0x00000007fdc00000|100%| E|CS|TAMS 0x00000007fda00000, 0x00000007fda00000| Complete 
|2030|0x00000007fdc00000, 0x00000007fde00000, 0x00000007fde00000|100%| E|CS|TAMS 0x00000007fdc00000, 0x00000007fdc00000| Complete 
|2031|0x00000007fde00000, 0x00000007fe000000, 0x00000007fe000000|100%| E|CS|TAMS 0x00000007fde00000, 0x00000007fde00000| Complete 
|2032|0x00000007fe000000, 0x00000007fe200000, 0x00000007fe200000|100%| E|CS|TAMS 0x00000007fe000000, 0x00000007fe000000| Complete 
|2033|0x00000007fe200000, 0x00000007fe400000, 0x00000007fe400000|100%| E|CS|TAMS 0x00000007fe200000, 0x00000007fe200000| Complete 
|2034|0x00000007fe400000, 0x00000007fe600000, 0x00000007fe600000|100%| E|CS|TAMS 0x00000007fe400000, 0x00000007fe400000| Complete 
|2035|0x00000007fe600000, 0x00000007fe800000, 0x00000007fe800000|100%| E|CS|TAMS 0x00000007fe600000, 0x00000007fe600000| Complete 
|2036|0x00000007fe800000, 0x00000007fea00000, 0x00000007fea00000|100%| E|CS|TAMS 0x00000007fe800000, 0x00000007fe800000| Complete 
|2037|0x00000007fea00000, 0x00000007fec00000, 0x00000007fec00000|100%| E|CS|TAMS 0x00000007fea00000, 0x00000007fea00000| Complete 
|2038|0x00000007fec00000, 0x00000007fee00000, 0x00000007fee00000|100%| E|CS|TAMS 0x00000007fec00000, 0x00000007fec00000| Complete 
|2039|0x00000007fee00000, 0x00000007ff000000, 0x00000007ff000000|100%| E|CS|TAMS 0x00000007fee00000, 0x00000007fee00000| Complete 
|2040|0x00000007ff000000, 0x00000007ff200000, 0x00000007ff200000|100%| E|CS|TAMS 0x00000007ff000000, 0x00000007ff000000| Complete 
|2041|0x00000007ff200000, 0x00000007ff400000, 0x00000007ff400000|100%| E|CS|TAMS 0x00000007ff200000, 0x00000007ff200000| Complete 
|2042|0x00000007ff400000, 0x00000007ff600000, 0x00000007ff600000|100%| E|CS|TAMS 0x00000007ff400000, 0x00000007ff400000| Complete 
|2043|0x00000007ff600000, 0x00000007ff800000, 0x00000007ff800000|100%| E|CS|TAMS 0x00000007ff600000, 0x00000007ff600000| Complete 
|2044|0x00000007ff800000, 0x00000007ffa00000, 0x00000007ffa00000|100%| E|CS|TAMS 0x00000007ff800000, 0x00000007ff800000| Complete 
|2045|0x00000007ffa00000, 0x00000007ffc00000, 0x00000007ffc00000|100%| E|CS|TAMS 0x00000007ffa00000, 0x00000007ffa00000| Complete 
|2046|0x00000007ffc00000, 0x00000007ffd6c000, 0x00000007ffe00000| 71%|OA|  |TAMS 0x00000007ffd6c000, 0x00000007ffc00000| Untracked 
|2047|0x00000007ffe00000, 0x00000007ffe70000, 0x0000000800000000| 21%|CA|  |TAMS 0x00000007ffe70000, 0x00000007ffe00000| Untracked 

Card table byte_map: [0x0000000116e94000,0x0000000117694000] _byte_map_base: 0x0000000113694000

Marking Bits (Prev, Next): (CMBitMap*) 0x000000014e80ca50, (CMBitMap*) 0x000000014e80ca10
 Prev Bits: [0x000000011be94000, 0x000000011fe94000)
 Next Bits: [0x0000000117e94000, 0x000000011be94000)

Polling page: 0x0000000100b54000

Metaspace:

Usage:
  Non-class:    293.47 MB used.
      Class:     58.37 MB used.
       Both:    351.84 MB used.

Virtual space:
  Non-class space:      320.00 MB reserved,     294.94 MB ( 92%) committed,  5 nodes.
      Class space:        1.00 GB reserved,      59.50 MB (  6%) committed,  1 nodes.
             Both:        1.31 GB reserved,     354.44 MB ( 26%) committed. 

Chunk freelists:
   Non-Class:  8.83 MB
       Class:  4.51 MB
        Both:  13.34 MB

MaxMetaspaceSize: unlimited
CompressedClassSpaceSize: 1.00 GB
Initial GC threshold: 21.00 MB
Current GC threshold: 590.56 MB
CDS: on
MetaspaceReclaimPolicy: balanced
 - commit_granule_bytes: 65536.
 - commit_granule_words: 8192.
 - virtual_space_node_default_size: 8388608.
 - enlarge_chunks_in_place: 1.
 - new_chunks_are_fully_committed: 0.
 - uncommit_free_chunks: 1.
 - use_allocation_guard: 0.
 - handle_deallocations: 1.


Internal statistics:

num_allocs_failed_limit: 42.
num_arena_births: 4472.
num_arena_deaths: 20.
num_vsnodes_births: 6.
num_vsnodes_deaths: 0.
num_space_committed: 5659.
num_space_uncommitted: 0.
num_chunks_returned_to_freelist: 70.
num_chunks_taken_from_freelist: 18699.
num_chunk_merges: 49.
num_chunk_splits: 13448.
num_chunks_enlarged: 10734.
num_inconsistent_stats: 0.

CodeHeap 'non-profiled nmethods': size=120032Kb used=77193Kb max_used=77326Kb free=42839Kb
 bounds [0x000000010f95c000, 0x000000011451c000, 0x0000000116e94000]
CodeHeap 'profiled nmethods': size=120016Kb used=77405Kb max_used=85018Kb free=42610Kb
 bounds [0x0000000107e94000, 0x000000010d274000, 0x000000010f3c8000]
CodeHeap 'non-nmethods': size=5712Kb used=3507Kb max_used=3686Kb free=2204Kb
 bounds [0x000000010f3c8000, 0x000000010f788000, 0x000000010f95c000]
 total_blobs=52939 nmethods=49420 adapters=3428
 compilation: enabled
              stopped_count=0, restarted_count=0
 full_count=0

Compilation events (20 events):
Event: 1309.519 Thread 0x000000014a83fa00 nmethod 1229381 0x000000010a3f7690 code [0x000000010a3f78c0, 0x000000010a3f7f38]
Event: 1309.519 Thread 0x000000014a83fa00 1229379       3       net.createmod.catnip.data.WorldAttached::get (36 bytes)
Event: 1309.520 Thread 0x000000014a83fa00 nmethod 1229379 0x000000010a684090 code [0x000000010a684280, 0x000000010a684768]
Event: 1309.520 Thread 0x000000014a83fa00 1229377       3       org.valkyrienskies.mod.common.util.EntityShipCollisionUtils::isCollidingWithUnloadedShips (114 bytes)
Event: 1309.559 Thread 0x000000014a83fa00 nmethod 1229377 0x000000010c306010 code [0x000000010c306a40, 0x000000010c30aa08]
Event: 1309.559 Thread 0x000000014a83fa00 1229373       3       net.minecraft.class_1144::adastra$play (106 bytes)
Event: 1309.564 Thread 0x000000014a83fa00 nmethod 1229373 0x000000010b799990 code [0x000000010b799d40, 0x000000010b79b1c8]
Event: 1309.564 Thread 0x000000014a83fa00 1229380       3       com.vicmatskiv.pointblank.client.GunClientState$$Lambda$29577/0x000000f80491db78::test (12 bytes)
Event: 1309.565 Thread 0x000000014a83fa00 nmethod 1229380 0x000000010aaf2e10 code [0x000000010aaf3080, 0x000000010aaf38e8]
Event: 1309.572 Thread 0x000000014a83fa00 1229385       3       org.valkyrienskies.clockwork.ClockworkModClient::tickDebugLightningNodes (466 bytes)
Event: 1309.584 Thread 0x000000014a83fa00 nmethod 1229385 0x000000010be5ad10 code [0x000000010be5b680, 0x000000010be60488]
Event: 1309.584 Thread 0x000000014a83fa00 1229392       3       com.vicmatskiv.pointblank.client.GunClientState::updateState (195 bytes)
Event: 1309.592 Thread 0x000000014a83fa00 nmethod 1229392 0x000000010b52cc10 code [0x000000010b52d0c0, 0x000000010b52ebd8]
Event: 1309.592 Thread 0x000000014a83fa00 1229397       3       net.minecraft.class_4184::method_19334$mixinextras$wrapped$51 (359 bytes)
Event: 1309.595 Thread 0x000000014a83fa00 nmethod 1229397 0x000000010a885a10 code [0x000000010a886200, 0x000000010a889838]
Event: 1309.595 Thread 0x000000014a83fa00 1229396       3       edn.stratodonut.trackwork.client.ClientEvents$$Lambda$20435/0x000000f80399cc40::onEndTick (5 bytes)
Event: 1309.595 Thread 0x000000014a83fa00 nmethod 1229396 0x000000010abf6990 code [0x000000010abf6b80, 0x000000010abf6f48]
Event: 1309.595 Thread 0x000000014a83fa00 1229395       3       net.mehvahdjukaar.supplementaries.common.events.fabric.ClientEventsFabric$$Lambda$15407/0x000000f802fd1ae8::onEndTick (5 bytes)
Event: 1309.595 Thread 0x000000014a83fa00 nmethod 1229395 0x000000010922d010 code [0x000000010922d1c0, 0x000000010922d308]
Event: 1309.595 Thread 0x000000014a83fa00 1229393   !   3       net.minecraft.class_310::method_1574 (889 bytes)

GC Heap History (20 events):
Event: 1296.990 GC heap before
{Heap before GC invocations=857 (full 1):
 garbage-first heap   total 4194304K, used 2864033K [0x0000000700000000, 0x0000000800000000)
  region size 2048K, 543 young (1112064K), 36 survivors (73728K)
 Metaspace       used 360181K, committed 362816K, reserved 1376256K
  class space    used 59768K, committed 60928K, reserved 1048576K
}
Event: 1297.023 GC heap after
{Heap after GC invocations=858 (full 1):
 garbage-first heap   total 4194304K, used 1834154K [0x0000000700000000, 0x0000000800000000)
  region size 2048K, 40 young (81920K), 40 survivors (81920K)
 Metaspace       used 360181K, committed 362816K, reserved 1376256K
  class space    used 59768K, committed 60928K, reserved 1048576K
}
Event: 1298.545 GC heap before
{Heap before GC invocations=858 (full 1):
 garbage-first heap   total 4194304K, used 3556522K [0x0000000700000000, 0x0000000800000000)
  region size 2048K, 881 young (1804288K), 40 survivors (81920K)
 Metaspace       used 360210K, committed 362816K, reserved 1376256K
  class space    used 59768K, committed 60928K, reserved 1048576K
}
Event: 1298.788 GC heap after
{Heap after GC invocations=859 (full 1):
 garbage-first heap   total 4194304K, used 1866922K [0x0000000700000000, 0x0000000800000000)
  region size 2048K, 56 young (114688K), 56 survivors (114688K)
 Metaspace       used 360210K, committed 362816K, reserved 1376256K
  class space    used 59768K, committed 60928K, reserved 1048576K
}
Event: 1301.319 GC heap before
{Heap before GC invocations=860 (full 1):
 garbage-first heap   total 4194304K, used 3173546K [0x0000000700000000, 0x0000000800000000)
  region size 2048K, 695 young (1423360K), 56 survivors (114688K)
 Metaspace       used 360211K, committed 362816K, reserved 1376256K
  class space    used 59768K, committed 60928K, reserved 1048576K
}
Event: 1301.741 GC heap after
{Heap after GC invocations=861 (full 1):
 garbage-first heap   total 4194304K, used 1871201K [0x0000000700000000, 0x0000000800000000)
  region size 2048K, 37 young (75776K), 37 survivors (75776K)
 Metaspace       used 360211K, committed 362816K, reserved 1376256K
  class space    used 59768K, committed 60928K, reserved 1048576K
}
Event: 1301.794 GC heap before
{Heap before GC invocations=861 (full 1):
 garbage-first heap   total 4194304K, used 2004321K [0x0000000700000000, 0x0000000800000000)
  region size 2048K, 102 young (208896K), 37 survivors (75776K)
 Metaspace       used 360211K, committed 362816K, reserved 1376256K
  class space    used 59768K, committed 60928K, reserved 1048576K
}
Event: 1301.826 GC heap after
{Heap after GC invocations=862 (full 1):
 garbage-first heap   total 4194304K, used 1844228K [0x0000000700000000, 0x0000000800000000)
  region size 2048K, 7 young (14336K), 7 survivors (14336K)
 Metaspace       used 360211K, committed 362816K, reserved 1376256K
  class space    used 59768K, committed 60928K, reserved 1048576K
}
Event: 1303.322 GC heap before
{Heap before GC invocations=862 (full 1):
 garbage-first heap   total 4194304K, used 3466244K [0x0000000700000000, 0x0000000800000000)
  region size 2048K, 800 young (1638400K), 7 survivors (14336K)
 Metaspace       used 360211K, committed 362816K, reserved 1376256K
  class space    used 59768K, committed 60928K, reserved 1048576K
}
Event: 1303.466 GC heap after
{Heap after GC invocations=863 (full 1):
 garbage-first heap   total 4194304K, used 1848324K [0x0000000700000000, 0x0000000800000000)
  region size 2048K, 9 young (18432K), 9 survivors (18432K)
 Metaspace       used 360211K, committed 362816K, reserved 1376256K
  class space    used 59768K, committed 60928K, reserved 1048576K
}
Event: 1304.159 GC heap before
{Heap before GC invocations=863 (full 1):
 garbage-first heap   total 4194304K, used 2903044K [0x0000000700000000, 0x0000000800000000)
  region size 2048K, 524 young (1073152K), 9 survivors (18432K)
 Metaspace       used 360211K, committed 362816K, reserved 1376256K
  class space    used 59768K, committed 60928K, reserved 1048576K
}
Event: 1304.170 GC heap after
{Heap after GC invocations=864 (full 1):
 garbage-first heap   total 4194304K, used 1852420K [0x0000000700000000, 0x0000000800000000)
  region size 2048K, 11 young (22528K), 11 survivors (22528K)
 Metaspace       used 360211K, committed 362816K, reserved 1376256K
  class space    used 59768K, committed 60928K, reserved 1048576K
}
Event: 1305.452 GC heap before
{Heap before GC invocations=864 (full 1):
 garbage-first heap   total 4194304K, used 3079172K [0x0000000700000000, 0x0000000800000000)
  region size 2048K, 610 young (1249280K), 11 survivors (22528K)
 Metaspace       used 360211K, committed 362816K, reserved 1376256K
  class space    used 59768K, committed 60928K, reserved 1048576K
}
Event: 1305.663 GC heap after
{Heap after GC invocations=865 (full 1):
 garbage-first heap   total 4194304K, used 1859451K [0x0000000700000000, 0x0000000800000000)
  region size 2048K, 15 young (30720K), 15 survivors (30720K)
 Metaspace       used 360211K, committed 362816K, reserved 1376256K
  class space    used 59768K, committed 60928K, reserved 1048576K
}
Event: 1306.295 GC heap before
{Heap before GC invocations=865 (full 1):
 garbage-first heap   total 4194304K, used 2342779K [0x0000000700000000, 0x0000000800000000)
  region size 2048K, 249 young (509952K), 15 survivors (30720K)
 Metaspace       used 360213K, committed 362816K, reserved 1376256K
  class space    used 59768K, committed 60928K, reserved 1048576K
}
Event: 1306.325 GC heap after
{Heap after GC invocations=866 (full 1):
 garbage-first heap   total 4194304K, used 1875294K [0x0000000700000000, 0x0000000800000000)
  region size 2048K, 20 young (40960K), 20 survivors (40960K)
 Metaspace       used 360213K, committed 362816K, reserved 1376256K
  class space    used 59768K, committed 60928K, reserved 1048576K
}
Event: 1308.127 GC heap before
{Heap before GC invocations=866 (full 1):
 garbage-first heap   total 4194304K, used 2270558K [0x0000000700000000, 0x0000000800000000)
  region size 2048K, 202 young (413696K), 20 survivors (40960K)
 Metaspace       used 360275K, committed 362944K, reserved 1376256K
  class space    used 59768K, committed 60928K, reserved 1048576K
}
Event: 1308.260 GC heap after
{Heap after GC invocations=867 (full 1):
 garbage-first heap   total 4194304K, used 1906772K [0x0000000700000000, 0x0000000800000000)
  region size 2048K, 26 young (53248K), 26 survivors (53248K)
 Metaspace       used 360275K, committed 362944K, reserved 1376256K
  class space    used 59768K, committed 60928K, reserved 1048576K
}
Event: 1308.776 GC heap before
{Heap before GC invocations=867 (full 1):
 garbage-first heap   total 4194304K, used 2064468K [0x0000000700000000, 0x0000000800000000)
  region size 2048K, 104 young (212992K), 26 survivors (53248K)
 Metaspace       used 360275K, committed 362944K, reserved 1376256K
  class space    used 59768K, committed 60928K, reserved 1048576K
}
Event: 1308.878 GC heap after
{Heap after GC invocations=868 (full 1):
 garbage-first heap   total 4194304K, used 1920747K [0x0000000700000000, 0x0000000800000000)
  region size 2048K, 7 young (14336K), 7 survivors (14336K)
 Metaspace       used 360275K, committed 362944K, reserved 1376256K
  class space    used 59768K, committed 60928K, reserved 1048576K
}

Dll operation events (20 events):
Event: 4.920 Loaded shared library /Users/stefano.deblasi/Library/Application Support/ModrinthApp/meta/natives/1.20.1-0.18.4/liblwjgl_opengl.dylib
Event: 13.242 Loaded shared library /Users/stefano.deblasi/Library/Application Support/ModrinthApp/meta/java_versions/zulu17.64.17-ca-jre17.0.18-macosx_aarch64/zulu-17.jre/Contents/Home/lib/libawt.dylib
Event: 13.258 Loaded shared library /Users/stefano.deblasi/Library/Application Support/ModrinthApp/meta/java_versions/zulu17.64.17-ca-jre17.0.18-macosx_aarch64/zulu-17.jre/Contents/Home/lib/libawt_lwawt.dylib
Event: 15.212 Loaded shared library /private/var/folders/pd/smzmx_zx7rdfpvpjh7md1gdc0000gp/T/native-7793022494285782829.dylib
Event: 15.321 Loaded shared library /private/var/folders/pd/smzmx_zx7rdfpvpjh7md1gdc0000gp/T/native-16721699913373239568.dylib
Event: 15.890 Loading shared library /Users/stefano.deblasi/Library/Application Support/ModrinthApp/meta/java_versions/zulu17.64.17-ca-jre17.0.18-macosx_aarch64/zulu-17.jre/Contents/Home/lib/libpowergridNative5.dylib failed, dlopen(/Users/stefano.deblasi/Library/Applic
Event: 15.890 Loading shared library /Users/stefano.deblasi/Library/Application Support/ModrinthApp/meta/java_versions/zulu17.64.17-ca-jre17.0.18-macosx_aarch64/zulu-17.jre/Contents/Home/lib/libpowergridNative5.jnilib failed, dlopen(/Users/stefano.deblasi/Library/Appli
Event: 15.890 Loading shared library /Users/stefano.deblasi/Library/Application Support/ModrinthApp/meta/natives/1.20.1-0.18.4/libpowergridNative5.dylib failed, dlopen(/Users/stefano.deblasi/Library/Application Support/ModrinthApp/meta/natives/1.20.1-0.18.4/libpowergri
Event: 15.891 Loading shared library /Users/stefano.deblasi/Library/Application Support/ModrinthApp/meta/natives/1.20.1-0.18.4/libpowergridNative5.jnilib failed, dlopen(/Users/stefano.deblasi/Library/Application Support/ModrinthApp/meta/natives/1.20.1-0.18.4/libpowergr
Event: 19.056 Loaded shared library /private/var/folders/pd/smzmx_zx7rdfpvpjh7md1gdc0000gp/T/libzstd-jni_dh-1.5.7-610297414210670949857.dylib
Event: 19.357 Loaded shared library /private/var/folders/pd/smzmx_zx7rdfpvpjh7md1gdc0000gp/T/sqlite-3.47.2.0-309b9f76-045b-4455-a02a-23d49e3b8b89-libsqlitejdbc.dylib
Event: 20.852 Loaded shared library /private/var/folders/pd/smzmx_zx7rdfpvpjh7md1gdc0000gp/T/libopus4j-1eb5d9e3e7c729c7d3e18224b0a53fb6/libopus4j.dylib
Event: 20.857 Loaded shared library /private/var/folders/pd/smzmx_zx7rdfpvpjh7md1gdc0000gp/T/librnnoise4j-dd0bc92191c29275673e4f820630aa49/librnnoise4j.dylib
Event: 20.866 Loaded shared library /private/var/folders/pd/smzmx_zx7rdfpvpjh7md1gdc0000gp/T/libspeex4j-f75720920af514f7fd1a458b9748f906/libspeex4j.dylib
Event: 20.871 Loaded shared library /private/var/folders/pd/smzmx_zx7rdfpvpjh7md1gdc0000gp/T/liblame4j-616f7ca627be4f4f2d2039debf359014/liblame4j.dylib
Event: 21.649 Loaded shared library /private/var/folders/pd/smzmx_zx7rdfpvpjh7md1gdc0000gp/T/libjcocoa16672416722177987805.dylib
Event: 23.339 Loaded shared library /Users/stefano.deblasi/Library/Application Support/ModrinthApp/meta/natives/1.20.1-0.18.4/liblwjgl_stb.dylib
Event: 26.296 Loaded shared library /Users/stefano.deblasi/Library/Application Support/ModrinthApp/profiles/GDCModpack 1.0.0/mods/mcef-libraries/macos_arm64/jcef_app.app/Contents/Java/libjcef.dylib
Event: 26.406 Loaded shared library /Users/stefano.deblasi/Library/Application Support/ModrinthApp/meta/java_versions/zulu17.64.17-ca-jre17.0.18-macosx_aarch64/zulu-17.jre/Contents/Home/lib/libfontmanager.dylib
Event: 71.530 Loaded shared library /Users/stefano.deblasi/Library/Application Support/ModrinthApp/profiles/GDCModpack 1.0.0/iammusicplayer/lava-walkyst-fork-1.3.98.4/darwin/libconnector.dylib

Deoptimization events (20 events):
Event: 1309.052 Thread 0x000000014a008800 DEOPT PACKING pc=0x00000001125dc5d8 sp=0x000000016f338080
Event: 1309.052 Thread 0x000000014a008800 DEOPT UNPACKING pc=0x000000010f40f91c sp=0x000000016f337f70 mode 2
Event: 1309.053 Thread 0x000000014a008800 Uncommon trap: trap_request=0xffffff45 fr.pc=0x0000000112cd08d8 relative=0x0000000000000058
Event: 1309.053 Thread 0x000000014a008800 Uncommon trap: reason=unstable_if action=reinterpret pc=0x0000000112cd08d8 method=xaero.map.world.MapDimension.getDimensionType(Lnet/minecraft/class_2378;)Lnet/minecraft/class_2874; @ 4 c2
Event: 1309.053 Thread 0x000000014a008800 DEOPT PACKING pc=0x0000000112cd08d8 sp=0x000000016f337db0
Event: 1309.053 Thread 0x000000014a008800 DEOPT UNPACKING pc=0x000000010f40f91c sp=0x000000016f337d30 mode 2
Event: 1309.059 Thread 0x000000014a008800 Uncommon trap: trap_request=0xffffff45 fr.pc=0x0000000111ddc840 relative=0x0000000000000780
Event: 1309.059 Thread 0x000000014a008800 Uncommon trap: reason=unstable_if action=reinterpret pc=0x0000000111ddc840 method=xaero.map.mods.pac.highlight.ClaimsHighlighter.regionHasHighlights(Lnet/minecraft/class_5321;II)Z @ 47 c2
Event: 1309.059 Thread 0x000000014a008800 DEOPT PACKING pc=0x0000000111ddc840 sp=0x000000016f337b30
Event: 1309.059 Thread 0x000000014a008800 DEOPT UNPACKING pc=0x000000010f40f91c sp=0x000000016f337b00 mode 2
Event: 1309.289 Thread 0x000000014a008800 DEOPT PACKING pc=0x000000010d0683dc sp=0x000000016f3380f0
Event: 1309.291 Thread 0x000000014a008800 DEOPT UNPACKING pc=0x000000010f40f77c sp=0x000000016f337e80 mode 0
Event: 1309.502 Thread 0x000000014a008800 Uncommon trap: trap_request=0xffffff45 fr.pc=0x00000001128dd5b0 relative=0x00000000000000f0
Event: 1309.502 Thread 0x000000014a008800 Uncommon trap: reason=unstable_if action=reinterpret pc=0x00000001128dd5b0 method=me.shedaniel.rei.impl.client.registry.screen.DefaultScreenOverlayRenderer.lambda$new$0(Lnet/minecraft/class_437;Lnet/minecraft/class_332;IIF)Ldev/architectury/event/EventRes
Event: 1309.502 Thread 0x000000014a008800 DEOPT PACKING pc=0x00000001128dd5b0 sp=0x000000016f338210
Event: 1309.502 Thread 0x000000014a008800 DEOPT UNPACKING pc=0x000000010f40f91c sp=0x000000016f338120 mode 2
Event: 1309.595 Thread 0x000000014bf30e00 Uncommon trap: trap_request=0xffffff45 fr.pc=0x000000011424c9f4 relative=0x00000000000012f4
Event: 1309.595 Thread 0x000000014bf30e00 Uncommon trap: reason=unstable_if action=reinterpret pc=0x000000011424c9f4 method=com.seibel.distanthorizons.core.generation.DhLightingEngine.lightChunk(Lcom/seibel/distanthorizons/core/wrapperInterfaces/chunk/IChunkWrapper;Ljava/util/ArrayList;IZZ)I @ 51
Event: 1309.595 Thread 0x000000014bf30e00 DEOPT PACKING pc=0x000000011424c9f4 sp=0x00000003f271e6c0
Event: 1309.595 Thread 0x000000014bf30e00 DEOPT UNPACKING pc=0x000000010f40f91c sp=0x00000003f271e610 mode 2

Classes loaded (20 events):
Event: 243.805 Loading class java/awt/geom/Path2D$Float$CopyIterator
Event: 243.805 Loading class java/awt/geom/Path2D$Iterator
Event: 243.805 Loading class java/awt/geom/PathIterator
Event: 243.805 Loading class java/awt/geom/PathIterator done
Event: 243.805 Loading class java/awt/geom/Path2D$Iterator done
Event: 243.805 Loading class java/awt/geom/Path2D$Float$CopyIterator done
Event: 243.809 Loading class java/awt/image/DataBufferInt
Event: 243.809 Loading class java/awt/image/DataBufferInt done
Event: 243.809 Loading class sun/awt/image/IntegerInterleavedRaster
Event: 243.809 Loading class sun/awt/image/IntegerInterleavedRaster done
Event: 243.818 Loading class sun/java2d/loops/FontInfo
Event: 243.819 Loading class sun/java2d/loops/FontInfo done
Event: 320.808 Loading class sun/security/ssl/Alert$AlertMessage
Event: 320.810 Loading class sun/security/ssl/Alert$AlertMessage done
Event: 1285.575 Loading class java/util/concurrent/ConcurrentLinkedDeque$Itr
Event: 1285.578 Loading class java/util/concurrent/ConcurrentLinkedDeque$AbstractItr
Event: 1285.579 Loading class java/util/concurrent/ConcurrentLinkedDeque$AbstractItr done
Event: 1285.579 Loading class java/util/concurrent/ConcurrentLinkedDeque$Itr done
Event: 1285.653 Loading class java/nio/channels/AsynchronousCloseException
Event: 1285.654 Loading class java/nio/channels/AsynchronousCloseException done

Classes unloaded (10 events):
Event: 1004.617 Thread 0x0000000149f07b80 Unloading class 0x000000f804a2cc00 'java/lang/invoke/LambdaForm$MH+0x000000f804a2cc00'
Event: 1004.617 Thread 0x0000000149f07b80 Unloading class 0x000000f804a2c800 'java/lang/invoke/LambdaForm$DMH+0x000000f804a2c800'
Event: 1004.617 Thread 0x0000000149f07b80 Unloading class 0x000000f8049bc800 'java/lang/invoke/LambdaForm$DMH+0x000000f8049bc800'
Event: 1004.617 Thread 0x0000000149f07b80 Unloading class 0x000000f8049bcc00 'java/lang/invoke/LambdaForm$DMH+0x000000f8049bcc00'
Event: 1004.617 Thread 0x0000000149f07b80 Unloading class 0x000000f8045ac000 'java/lang/invoke/LambdaForm$DMH+0x000000f8045ac000'
Event: 1004.617 Thread 0x0000000149f07b80 Unloading class 0x000000f8045a5800 'java/lang/invoke/LambdaForm$MH+0x000000f8045a5800'
Event: 1004.617 Thread 0x0000000149f07b80 Unloading class 0x000000f8045a5400 'java/lang/invoke/LambdaForm$MH+0x000000f8045a5400'
Event: 1004.617 Thread 0x0000000149f07b80 Unloading class 0x000000f8045a5000 'java/lang/invoke/LambdaForm$MH+0x000000f8045a5000'
Event: 1004.617 Thread 0x0000000149f07b80 Unloading class 0x000000f8045a4800 'java/lang/invoke/LambdaForm$DMH+0x000000f8045a4800'
Event: 1004.617 Thread 0x0000000149f07b80 Unloading class 0x000000f8045a4400 'java/lang/invoke/LambdaForm$DMH+0x000000f8045a4400'

Classes redefined (2 events):
Event: 2.037 Thread 0x0000000149f07b80 redefined class name=net.fabricmc.loader.impl.launch.knot.KnotClassDelegate, count=1
Event: 2.062 Thread 0x0000000149f07b80 redefined class name=net.fabricmc.loader.impl.FabricLoaderImpl, count=1

Internal exceptions (20 events):
Event: 1294.497 Thread 0x000000014a008800 Implicit null exception at 0x000000010fef1c80 to 0x000000010fef5330
Event: 1294.498 Thread 0x000000014a008800 Implicit null exception at 0x0000000113d26014 to 0x0000000113d26fa8
Event: 1294.625 Thread 0x000000014a008800 Implicit null exception at 0x000000011371c9a8 to 0x000000011371c9fc
Event: 1294.625 Thread 0x000000014a008800 Implicit null exception at 0x00000001141638f8 to 0x0000000114164644
Event: 1294.654 Thread 0x000000014a008800 Implicit null exception at 0x0000000113d29ea4 to 0x0000000113d2adf0
Event: 1295.141 Thread 0x000000014a008800 Exception <a 'java/lang/NoClassDefFoundError'{0x00000007c5b2fe60}: com/terraformersmc/terraform/wood/block/BareSmallLogBlock> (0x00000007c5b2fe60) 
thrown [src/hotspot/share/oops/constantPool.cpp, line 837]
Event: 1306.961 Thread 0x000000014a008800 Exception <a 'sun/nio/fs/UnixException'{0x00000007faff3af0}> (0x00000007faff3af0) 
thrown [src/hotspot/share/prims/jni.cpp, line 516]
Event: 1307.059 Thread 0x000000014d01ba00 Exception <a 'sun/nio/fs/UnixException'{0x00000007f8421ef8}> (0x00000007f8421ef8) 
thrown [src/hotspot/share/prims/jni.cpp, line 516]
Event: 1307.059 Thread 0x000000014d01ba00 Exception <a 'sun/nio/fs/UnixException'{0x00000007f8422188}> (0x00000007f8422188) 
thrown [src/hotspot/share/prims/jni.cpp, line 516]
Event: 1307.059 Thread 0x000000014d01ba00 Exception <a 'sun/nio/fs/UnixException'{0x00000007f8422900}> (0x00000007f8422900) 
thrown [src/hotspot/share/prims/jni.cpp, line 516]
Event: 1307.078 Thread 0x000000014a008800 Implicit null exception at 0x0000000112a439c4 to 0x0000000112a46048
Event: 1307.080 Thread 0x000000013ff37800 Exception <a 'sun/nio/fs/UnixException'{0x00000007f8523698}> (0x00000007f8523698) 
thrown [src/hotspot/share/prims/jni.cpp, line 516]
Event: 1307.083 Thread 0x000000013ff37800 Implicit null exception at 0x0000000111bde8b0 to 0x0000000111bdeaa4
Event: 1307.858 Thread 0x000000014a008800 Implicit null exception at 0x000000011204e0e8 to 0x000000011204e324
Event: 1307.867 Thread 0x000000014a008800 Implicit null exception at 0x0000000111be78fc to 0x0000000111be8e28
Event: 1308.739 Thread 0x000000014a008800 Implicit null exception at 0x0000000111444690 to 0x0000000111444ac0
Event: 1308.949 Thread 0x000000014a008800 Implicit null exception at 0x00000001141403a8 to 0x0000000114140a84
Event: 1309.052 Thread 0x000000014a008800 Implicit null exception at 0x00000001125dc500 to 0x00000001125dc5cc
Event: 1309.059 Thread 0x000000014a008800 Implicit null exception at 0x0000000111ddc1a0 to 0x0000000111ddc838
Event: 1309.502 Thread 0x000000014a008800 Implicit null exception at 0x00000001128dd4f4 to 0x00000001128dd598

VM Operations (20 events):
Event: 1304.159 Executing VM operation: G1CollectForAllocation
Event: 1304.170 Executing VM operation: G1CollectForAllocation done
Event: 1305.172 Executing VM operation: Cleanup
Event: 1305.172 Executing VM operation: Cleanup done
Event: 1305.452 Executing VM operation: G1CollectForAllocation
Event: 1305.663 Executing VM operation: G1CollectForAllocation done
Event: 1306.295 Executing VM operation: G1CollectForAllocation
Event: 1306.325 Executing VM operation: G1CollectForAllocation done
Event: 1307.037 Executing VM operation: HandshakeAllThreads
Event: 1307.040 Executing VM operation: HandshakeAllThreads done
Event: 1307.372 Executing VM operation: ICBufferFull
Event: 1307.376 Executing VM operation: ICBufferFull done
Event: 1307.956 Executing VM operation: ICBufferFull
Event: 1307.959 Executing VM operation: ICBufferFull done
Event: 1308.121 Executing VM operation: G1CollectForAllocation
Event: 1308.123 Executing VM operation: G1CollectForAllocation done
Event: 1308.123 Executing VM operation: G1CollectForAllocation
Event: 1308.261 Executing VM operation: G1CollectForAllocation done
Event: 1308.773 Executing VM operation: G1CollectForAllocation
Event: 1308.878 Executing VM operation: G1CollectForAllocation done

Memory protections (20 events):
Event: 1294.990 Protecting memory [0x00000003ec604000,0x00000003ec610000] with protection modes 0
Event: 1294.990 Protecting memory [0x00000003ec810000,0x00000003ec81c000] with protection modes 0
Event: 1294.990 Protecting memory [0x00000003eca1c000,0x00000003eca28000] with protection modes 0
Event: 1295.889 Protecting memory [0x00000003ecc28000,0x00000003ecc34000] with protection modes 0
Event: 1295.890 Protecting memory [0x00000003ee344000,0x00000003ee350000] with protection modes 0
Event: 1304.558 Protecting memory [0x00000001742d4000,0x00000001742e0000] with protection modes 3
Event: 1307.103 Protecting memory [0x00000003ee550000,0x00000003ee55c000] with protection modes 0
Event: 1307.103 Protecting memory [0x00000003eed54000,0x00000003eed60000] with protection modes 0
Event: 1307.351 Protecting memory [0x00000003f0e4c000,0x00000003f0e58000] with protection modes 0
Event: 1307.351 Protecting memory [0x00000003f1058000,0x00000003f1064000] with protection modes 0
Event: 1307.352 Protecting memory [0x00000003f1574000,0x00000003f1580000] with protection modes 0
Event: 1307.356 Protecting memory [0x00000003f1780000,0x00000003f178c000] with protection modes 0
Event: 1307.358 Protecting memory [0x00000003f198c000,0x00000003f1998000] with protection modes 0
Event: 1307.359 Protecting memory [0x00000003f251c000,0x00000003f2528000] with protection modes 0
Event: 1307.361 Protecting memory [0x00000003f2728000,0x00000003f2734000] with protection modes 0
Event: 1307.361 Protecting memory [0x00000003f2934000,0x00000003f2940000] with protection modes 0
Event: 1307.381 Protecting memory [0x00000003f3080000,0x00000003f308c000] with protection modes 0
Event: 1307.381 Protecting memory [0x00000003f3b34000,0x00000003f3b40000] with protection modes 0
Event: 1307.788 Protecting memory [0x00000003f3f98000,0x00000003f3fa4000] with protection modes 0
Event: 1307.792 Protecting memory [0x00000003f41a4000,0x00000003f41b0000] with protection modes 0

Nmethod flushes (20 events):
Event: 1307.991 Thread 0x000000014a83d400 flushing  nmethod 0x000000010af88210
Event: 1307.991 Thread 0x000000014a83d400 flushing  nmethod 0x000000010af89910
Event: 1308.004 Thread 0x000000014a83d400 flushing  nmethod 0x000000010b140a10
Event: 1308.004 Thread 0x000000014a83d400 flushing  nmethod 0x000000010b169190
Event: 1308.006 Thread 0x000000014a83d400 flushing  nmethod 0x000000010b2ab790
Event: 1308.006 Thread 0x000000014a83d400 flushing  nmethod 0x000000010b2ee790
Event: 1308.011 Thread 0x000000014a83d400 flushing  nmethod 0x000000010b489390
Event: 1308.011 Thread 0x000000014a83d400 flushing  nmethod 0x000000010b496510
Event: 1308.014 Thread 0x000000014a83d400 flushing  nmethod 0x000000010b4f7f10
Event: 1308.014 Thread 0x000000014a83d400 flushing  nmethod 0x000000010b625b10
Event: 1308.021 Thread 0x000000014a83d400 flushing  nmethod 0x000000010b9f2c90
Event: 1308.025 Thread 0x000000014a83d400 flushing  nmethod 0x000000010bb57390
Event: 1308.025 Thread 0x000000014a83d400 flushing  nmethod 0x000000010bb62010
Event: 1308.028 Thread 0x000000014a83d400 flushing  nmethod 0x000000010bc97e10
Event: 1308.029 Thread 0x000000014a83d400 flushing  nmethod 0x000000010bc9a490
Event: 1308.041 Thread 0x000000014a83d400 flushing  nmethod 0x000000010c0bde90
Event: 1308.044 Thread 0x000000014a83d400 flushing  nmethod 0x000000010c305c90
Event: 1308.046 Thread 0x000000014a83d400 flushing  nmethod 0x000000010c619990
Event: 1308.064 Thread 0x000000014a83d400 flushing  nmethod 0x000000010cb4cd10
Event: 1308.083 Thread 0x000000014a83d400 flushing  nmethod 0x000000010ce71490

Events (20 events):
Event: 1294.990 Thread 0x00000001394fd200 Thread added: 0x00000003e8db1600
Event: 1294.990 Thread 0x0000000467a66600 Thread added: 0x000000012668f800
Event: 1294.990 Thread 0x00000003e8db1600 Thread added: 0x00000003e627e600
Event: 1295.889 Thread 0x0000000126150800 Thread added: 0x00000003deeadc00
Event: 1295.890 Thread 0x00000003deeadc00 Thread added: 0x00000003e6200600
Event: 1304.558 Thread 0x000000038d583200 Thread exited: 0x000000038d583200
Event: 1307.103 Thread 0x000000014a008800 Thread added: 0x000000037c417800
Event: 1307.103 Thread 0x000000037c417800 Thread added: 0x00000001390b0000
Event: 1307.351 Thread 0x00000001273d6000 Thread added: 0x0000000478176200
Event: 1307.351 Thread 0x00000001273d6000 Thread added: 0x000000014d85d800
Event: 1307.352 Thread 0x000000014d85d800 Thread added: 0x0000000478111e00
Event: 1307.356 Thread 0x0000000478111e00 Thread added: 0x00000003e8936a00
Event: 1307.357 Thread 0x0000000478111e00 Thread added: 0x000000052a77fc00
Event: 1307.359 Thread 0x0000000478111e00 Thread added: 0x000000014bf30e00
Event: 1307.361 Thread 0x00000003e8936a00 Thread added: 0x00000003ddec2200
Event: 1307.361 Thread 0x000000052a77fc00 Thread added: 0x000000014bc06e00
Event: 1307.381 Thread 0x00000003ddec2200 Thread added: 0x0000000478155200
Event: 1307.381 Thread 0x00000003ddec2200 Thread added: 0x00000003cde88e00
Event: 1307.788 Thread 0x000000014a008800 Thread added: 0x00000003cad70600
Event: 1307.792 Thread 0x000000014a008800 Thread added: 0x000000014d3e7e00


Dynamic libraries:
0x0000000100b00000 	/Users/stefano.deblasi/Library/Application Support/ModrinthApp/meta/java_versions/zulu17.64.17-ca-jre17.0.18-macosx_aarch64/zulu-17.jre/Contents/Home/lib/libjli.dylib
0x00000001a0b1a000 	/System/Library/Frameworks/Cocoa.framework/Versions/A/Cocoa
0x0000000186063000 	/System/Library/Frameworks/AppKit.framework/Versions/C/AppKit
0x00000001896ac000 	/System/Library/Frameworks/CoreData.framework/Versions/A/CoreData
0x0000000183463000 	/System/Library/Frameworks/Foundation.framework/Versions/C/Foundation
0x00000001915eb000 	/usr/lib/libSystem.B.dylib
0x0000000187793000 	/System/Library/PrivateFrameworks/UIFoundation.framework/Versions/A/UIFoundation
0x0000000238077000 	/System/Library/PrivateFrameworks/CollectionViewCore.framework/Versions/A/CollectionViewCore
0x000000018e9b7000 	/System/Library/PrivateFrameworks/XCTTargetBootstrap.framework/Versions/A/XCTTargetBootstrap
0x0000000193f68000 	/System/Library/PrivateFrameworks/InternationalSupport.framework/Versions/A/InternationalSupport
0x00000001942c2000 	/System/Library/PrivateFrameworks/UserActivity.framework/Versions/A/UserActivity
0x0000000189d3c000 	/System/Library/PrivateFrameworks/BaseBoard.framework/Versions/A/BaseBoard
0x000000024081b000 	/System/Library/PrivateFrameworks/FrontBoard.framework/Versions/A/FrontBoard
0x000000019b96e000 	/System/Library/PrivateFrameworks/FrontBoardServices.framework/Versions/A/FrontBoardServices
0x000000027c098000 	/usr/lib/libRosetta.dylib
0x000000026f99d000 	/System/Library/PrivateFrameworks/UIIntelligenceSupport.framework/Versions/A/UIIntelligenceSupport
0x000000022d01a000 	/System/Library/Frameworks/SwiftUICore.framework/Versions/A/SwiftUICore
0x0000000275f17000 	/System/Library/PrivateFrameworks/WritingTools.framework/Versions/A/WritingTools
0x0000000274d6d000 	/System/Library/PrivateFrameworks/WindowManagement.framework/Versions/A/WindowManagement
0x00000001830c2000 	/System/Library/Frameworks/SystemConfiguration.framework/Versions/A/SystemConfiguration
0x0000000193285000 	/usr/lib/libspindump.dylib
0x000000018794e000 	/System/Library/Frameworks/UniformTypeIdentifiers.framework/Versions/A/UniformTypeIdentifiers
0x0000000190896000 	/usr/lib/libbsm.0.dylib
0x000000018c0c4000 	/usr/lib/libapp_launch_measurement.dylib
0x000000018b3ca000 	/System/Library/PrivateFrameworks/CoreAnalytics.framework/Versions/A/CoreAnalytics
0x000000018c0c8000 	/System/Library/PrivateFrameworks/CoreAutoLayout.framework/Versions/A/CoreAutoLayout
0x000000018df02000 	/System/Library/Frameworks/Metal.framework/Versions/A/Metal
0x000000018f302000 	/usr/lib/liblangid.dylib
0x000000018e9bd000 	/System/Library/PrivateFrameworks/CoreSVG.framework/Versions/A/CoreSVG
0x00000001883af000 	/System/Library/PrivateFrameworks/SkyLight.framework/Versions/A/SkyLight
0x0000000240554000 	/System/Library/PrivateFrameworks/FocusEngine.framework/Versions/A/FocusEngine
0x0000000188948000 	/System/Library/Frameworks/CoreGraphics.framework/Versions/A/CoreGraphics
0x000000023e163000 	/System/Library/PrivateFrameworks/DesignLibrary.framework/Versions/A/DesignLibrary
0x0000000199c34000 	/System/Library/Frameworks/Accelerate.framework/Versions/A/Accelerate
0x000000019307b000 	/System/Library/PrivateFrameworks/IconServices.framework/Versions/A/IconServices
0x000000018deda000 	/System/Library/Frameworks/IOSurface.framework/Versions/A/IOSurface
0x000000018b3fa000 	/usr/lib/libDiagnosticMessagesClient.dylib
0x0000000191534000 	/usr/lib/libz.1.dylib
0x000000019df57000 	/System/Library/Frameworks/ApplicationServices.framework/Versions/A/ApplicationServices
0x000000018e9a2000 	/System/Library/PrivateFrameworks/DFRFoundation.framework/Versions/A/DFRFoundation
0x00000001858b2000 	/usr/lib/libicucore.A.dylib
0x00000001954fe000 	/System/Library/Frameworks/AudioToolbox.framework/Versions/A/AudioToolbox
0x0000000194270000 	/System/Library/PrivateFrameworks/DataDetectorsCore.framework/Versions/A/DataDetectorsCore
0x0000000270583000 	/System/Library/PrivateFrameworks/UpdateCycle.framework/Versions/A/UpdateCycle
0x00000001b2128000 	/System/Library/PrivateFrameworks/TextInput.framework/Versions/A/TextInput
0x00000001882f1000 	/usr/lib/libMobileGestalt.dylib
0x000000018e69e000 	/System/Library/Frameworks/Carbon.framework/Versions/A/Frameworks/HIToolbox.framework/Versions/A/HIToolbox
0x000000018b92f000 	/System/Library/Frameworks/QuartzCore.framework/Versions/A/QuartzCore
0x000000018548d000 	/System/Library/Frameworks/Security.framework/Versions/A/Security
0x00000001995b3000 	/System/Library/Frameworks/Carbon.framework/Versions/A/Frameworks/SpeechRecognition.framework/Versions/A/SpeechRecognition
0x000000018bd93000 	/System/Library/PrivateFrameworks/CoreUI.framework/Versions/A/CoreUI
0x0000000184ce1000 	/System/Library/Frameworks/CoreAudio.framework/Versions/A/CoreAudio
0x000000018b4ee000 	/System/Library/Frameworks/DiskArbitration.framework/Versions/A/DiskArbitration
0x0000000193742000 	/System/Library/PrivateFrameworks/MultitouchSupport.framework/Versions/A/MultitouchSupport
0x00000001882ef000 	/usr/lib/libenergytrace.dylib
0x00000001a5655000 	/System/Library/PrivateFrameworks/RenderBox.framework/Versions/A/RenderBox
0x0000000185f0a000 	/System/Library/Frameworks/IOKit.framework/Versions/A/IOKit
0x00000001999bd000 	/System/Library/Frameworks/CoreServices.framework/Versions/A/CoreServices
0x000000018c055000 	/System/Library/PrivateFrameworks/PerformanceAnalysis.framework/Versions/A/PerformanceAnalysis
0x00000001e7db0000 	/System/Library/Frameworks/OpenGL.framework/Versions/A/OpenGL
0x000000018c112000 	/usr/lib/libxml2.2.dylib
0x0000000190777000 	/System/Library/PrivateFrameworks/MobileKeyBag.framework/Versions/A/MobileKeyBag
0x000000018177c000 	/usr/lib/libobjc.A.dylib
0x0000000181ae0000 	/usr/lib/libc++.1.dylib
0x000000019993a000 	/System/Library/Frameworks/Accessibility.framework/Versions/A/Accessibility
0x00000001890a2000 	/System/Library/Frameworks/ColorSync.framework/Versions/A/ColorSync
0x0000000181c11000 	/System/Library/Frameworks/CoreFoundation.framework/Versions/A/CoreFoundation
0x000000018ed44000 	/System/Library/Frameworks/CoreImage.framework/Versions/A/CoreImage
0x0000000184ab4000 	/System/Library/Frameworks/CoreText.framework/Versions/A/CoreText
0x0000000227601000 	/System/Library/Frameworks/CoreTransferable.framework/Versions/A/CoreTransferable
0x0000000227b3d000 	/System/Library/Frameworks/DataDetection.framework/Versions/A/DataDetection
0x0000000227b52000 	/System/Library/Frameworks/DeveloperToolsSupport.framework/Versions/A/DeveloperToolsSupport
0x000000018e9fb000 	/System/Library/Frameworks/ImageIO.framework/Versions/A/ImageIO
0x000000022df8f000 	/System/Library/Frameworks/Symbols.framework/Versions/A/Symbols
0x00000001b72fc000 	/System/Library/PrivateFrameworks/AttributeGraph.framework/Versions/A/AttributeGraph
0x000000019ba4d000 	/System/Library/PrivateFrameworks/BoardServices.framework/Versions/A/BoardServices
0x00000001db991000 	/System/Library/PrivateFrameworks/FeatureFlags.framework/Versions/A/FeatureFlags
0x000000024973b000 	/System/Library/PrivateFrameworks/Gestures.framework/Versions/A/Gestures
0x00000001915f0000 	/System/Library/PrivateFrameworks/SoftLinking.framework/Versions/A/SoftLinking
0x00000001c5afd000 	/usr/lib/swift/libswiftAccelerate.dylib
0x00000001bbfdf000 	/usr/lib/swift/libswiftCompression.dylib
0x0000000194e66000 	/usr/lib/swift/libswiftCore.dylib
0x00000001ae40c000 	/usr/lib/swift/libswiftCoreFoundation.dylib
0x00000001ae465000 	/usr/lib/swift/libswiftCoreImage.dylib
0x000000019b6e9000 	/usr/lib/swift/libswiftDispatch.dylib
0x00000001ae466000 	/usr/lib/swift/libswiftIOKit.dylib
0x00000001bbfd2000 	/usr/lib/swift/libswiftMetal.dylib
0x00000001cb2e0000 	/usr/lib/swift/libswiftOSLog.dylib
0x000000019e5a7000 	/usr/lib/swift/libswiftObjectiveC.dylib
0x000000027d2d6000 	/usr/lib/swift/libswiftObservation.dylib
0x00000001c1295000 	/usr/lib/swift/libswiftQuartzCore.dylib
0x000000027d415000 	/usr/lib/swift/libswiftSynchronization.dylib
0x00000001c5aee000 	/usr/lib/swift/libswiftUniformTypeIdentifiers.dylib
0x00000001ae41e000 	/usr/lib/swift/libswiftXPC.dylib
0x000000027d44f000 	/usr/lib/swift/libswift_Builtin_float.dylib
0x000000027d452000 	/usr/lib/swift/libswift_Concurrency.dylib
0x000000019e5ab000 	/usr/lib/swift/libswiftos.dylib
0x00000001b1ebd000 	/usr/lib/swift/libswiftsimd.dylib
0x0000000191817000 	/usr/lib/libcompression.dylib
0x0000000193ec8000 	/System/Library/PrivateFrameworks/TextureIO.framework/Versions/A/TextureIO
0x000000018924e000 	/System/Library/Frameworks/ApplicationServices.framework/Versions/A/Frameworks/HIServices.framework/Versions/A/HIServices
0x0000000192d04000 	/usr/lib/libate.dylib
0x00000001915e5000 	/usr/lib/system/libcache.dylib
0x00000001915a0000 	/usr/lib/system/libcommonCrypto.dylib
0x00000001915cb000 	/usr/lib/system/libcompiler_rt.dylib
0x00000001915c0000 	/usr/lib/system/libcopyfile.dylib
0x000000018191a000 	/usr/lib/system/libcorecrypto.dylib
0x0000000181a13000 	/usr/lib/system/libdispatch.dylib
0x00000001817d0000 	/usr/lib/system/libdyld.dylib
0x00000001915db000 	/usr/lib/system/libkeymgr.dylib
0x0000000191583000 	/usr/lib/system/libmacho.dylib
0x000000019086e000 	/usr/lib/system/libquarantine.dylib
0x00000001915d8000 	/usr/lib/system/libremovefile.dylib
0x0000000188372000 	/usr/lib/system/libsystem_asl.dylib
0x00000001818a0000 	/usr/lib/system/libsystem_blocks.dylib
0x0000000181a5d000 	/usr/lib/system/libsystem_c.dylib
0x00000001915cf000 	/usr/lib/system/libsystem_collections.dylib
0x000000018f2ef000 	/usr/lib/system/libsystem_configuration.dylib
0x000000018dea1000 	/usr/lib/system/libsystem_containermanager.dylib
0x0000000190ff1000 	/usr/lib/system/libsystem_coreservices.dylib
0x0000000185b84000 	/usr/lib/system/libsystem_darwin.dylib
0x000000027d7a5000 	/usr/lib/system/libsystem_darwindirectory.dylib
0x00000001915dc000 	/usr/lib/system/libsystem_dnssd.dylib
0x000000027d7a9000 	/usr/lib/system/libsystem_eligibility.dylib
0x0000000181a5a000 	/usr/lib/system/libsystem_featureflags.dylib
0x0000000181be1000 	/usr/lib/system/libsystem_info.dylib
0x0000000191544000 	/usr/lib/system/libsystem_m.dylib
0x00000001819c7000 	/usr/lib/system/libsystem_malloc.dylib
0x00000001882d4000 	/usr/lib/system/libsystem_networkextension.dylib
0x0000000185ff5000 	/usr/lib/system/libsystem_notify.dylib
0x000000018f2f4000 	/usr/lib/system/libsystem_sandbox.dylib
0x000000027d7b3000 	/usr/lib/system/libsystem_sanitizers.dylib
0x00000001915d4000 	/usr/lib/system/libsystem_secinit.dylib
0x0000000181b8e000 	/usr/lib/system/libsystem_kernel.dylib
0x0000000181bd8000 	/usr/lib/system/libsystem_platform.dylib
0x0000000181bcb000 	/usr/lib/system/libsystem_pthread.dylib
0x0000000189f1f000 	/usr/lib/system/libsystem_symptoms.dylib
0x00000001818f9000 	/usr/lib/system/libsystem_trace.dylib
0x000000027d7bb000 	/usr/lib/system/libsystem_trial.dylib
0x00000001915ae000 	/usr/lib/system/libunwind.dylib
0x00000001818a4000 	/usr/lib/system/libxpc.dylib
0x0000000181b73000 	/usr/lib/libc++abi.dylib
0x000000027cfe6000 	/usr/lib/libswiftPrespecialized.dylib
0x00000001915ed000 	/usr/lib/libfakelink.dylib
0x0000000187f18000 	/System/Library/Frameworks/CFNetwork.framework/Versions/A/CFNetwork
0x0000000191641000 	/usr/lib/libarchive.2.dylib
0x00000001976c8000 	/System/Library/Frameworks/Combine.framework/Versions/A/Combine
0x000000023809c000 	/System/Library/PrivateFrameworks/CollectionsInternal.framework/Versions/A/CollectionsInternal
0x000000025ebd7000 	/System/Library/PrivateFrameworks/ReflectionInternal.framework/Versions/A/ReflectionInternal
0x000000025fa63000 	/System/Library/PrivateFrameworks/RuntimeInternal.framework/Versions/A/RuntimeInternal
0x00000001ab2c6000 	/usr/lib/swift/libswiftDarwin.dylib
0x000000027d41d000 	/usr/lib/swift/libswiftSystem.dylib
0x000000027d4dc000 	/usr/lib/swift/libswift_DarwinFoundation1.dylib
0x000000027d5bd000 	/usr/lib/swift/libswift_StringProcessing.dylib
0x0000000185e89000 	/System/Library/PrivateFrameworks/CoreServicesInternal.framework/Versions/A/CoreServicesInternal
0x00000001915b8000 	/usr/lib/liboah.dylib
0x000000019d9f5000 	/System/Library/PrivateFrameworks/DiskImages.framework/Versions/A/DiskImages
0x00000001aad89000 	/System/Library/Frameworks/NetFS.framework/Versions/A/NetFS
0x000000018c08c000 	/System/Library/Frameworks/CoreServices.framework/Versions/A/Frameworks/FSEvents.framework/Versions/A/FSEvents
0x0000000185b8f000 	/System/Library/Frameworks/CoreServices.framework/Versions/A/Frameworks/CarbonCore.framework/Versions/A/CarbonCore
0x000000018b462000 	/System/Library/Frameworks/CoreServices.framework/Versions/A/Frameworks/Metadata.framework/Versions/A/Metadata
0x0000000190ff8000 	/System/Library/Frameworks/CoreServices.framework/Versions/A/Frameworks/OSServices.framework/Versions/A/OSServices
0x0000000191739000 	/System/Library/Frameworks/CoreServices.framework/Versions/A/Frameworks/SearchKit.framework/Versions/A/SearchKit
0x0000000189e99000 	/System/Library/Frameworks/CoreServices.framework/Versions/A/Frameworks/AE.framework/Versions/A/AE
0x000000018215a000 	/System/Library/Frameworks/CoreServices.framework/Versions/A/Frameworks/LaunchServices.framework/Versions/A/LaunchServices
0x0000000192b5a000 	/System/Library/Frameworks/CoreServices.framework/Versions/A/Frameworks/DictionaryServices.framework/Versions/A/DictionaryServices
0x000000018c09a000 	/System/Library/Frameworks/CoreServices.framework/Versions/A/Frameworks/SharedFileList.framework/Versions/A/SharedFileList
0x00000001917ce000 	/usr/lib/libapple_nghttp2.dylib
0x0000000189ab3000 	/usr/lib/libsqlite3.dylib
0x000000019dc3d000 	/System/Library/PrivateFrameworks/AppSupport.framework/Versions/A/AppSupport
0x0000000195b97000 	/System/Library/Frameworks/GSS.framework/Versions/A/GSS
0x0000000189e2d000 	/System/Library/PrivateFrameworks/RunningBoardServices.framework/Versions/A/RunningBoardServices
0x000000019e535000 	/System/Library/PrivateFrameworks/StreamingZip.framework/Versions/A/StreamingZip
0x0000000189f28000 	/System/Library/Frameworks/Network.framework/Versions/A/Network
0x0000000191587000 	/usr/lib/system/libkxld.dylib
0x0000000233946000 	/System/Library/PrivateFrameworks/AppleKeyStore.framework/Versions/A/AppleKeyStore
0x000000027bd7c000 	/usr/lib/libCoreEntitlements.dylib
0x0000000254b32000 	/System/Library/PrivateFrameworks/MessageSecurity.framework/Versions/A/MessageSecurity
0x0000000189a97000 	/System/Library/PrivateFrameworks/ProtocolBuffer.framework/Versions/A/ProtocolBuffer
0x000000019aaef000 	/System/Library/PrivateFrameworks/SymptomDiagnosticReporter.framework/Versions/A/SymptomDiagnosticReporter
0x0000000192d9e000 	/System/Library/PrivateFrameworks/CrashReporterSupport.framework/Versions/A/CrashReporterSupport
0x0000000190fd8000 	/System/Library/PrivateFrameworks/AppleFSCompression.framework/Versions/A/AppleFSCompression
0x000000019087e000 	/usr/lib/libcoretls.dylib
0x0000000192bd1000 	/usr/lib/libcoretls_cfhelpers.dylib
0x0000000191810000 	/usr/lib/libpam.2.dylib
0x0000000192c43000 	/usr/lib/libxar.1.dylib
0x0000000192bd3000 	/System/Library/PrivateFrameworks/APFS.framework/Versions/A/APFS
0x000000026a48f000 	/System/Library/PrivateFrameworks/SwiftASN1Internal.framework/Versions/A/SwiftASN1Internal
0x0000000192c52000 	/usr/lib/libutil.dylib
0x000000018f2fd000 	/System/Library/PrivateFrameworks/AppleSystemInfo.framework/Versions/A/AppleSystemInfo
0x0000000190566000 	/System/Library/PrivateFrameworks/IOMobileFramebuffer.framework/Versions/A/IOMobileFramebuffer
0x00000001ae2d2000 	/System/Library/PrivateFrameworks/LoggingSupport.framework/Versions/A/LoggingSupport
0x0000000195bfa000 	/System/Library/PrivateFrameworks/MobileAsset.framework/Versions/A/MobileAsset
0x000000019aaff000 	/System/Library/PrivateFrameworks/PowerLog.framework/Versions/A/PowerLog
0x000000022ceb8000 	/System/Library/Frameworks/SwiftData.framework/Versions/A/SwiftData
0x000000018c2be000 	/System/Library/PrivateFrameworks/UserManagement.framework/Versions/A/UserManagement
0x0000000187e43000 	/usr/lib/libboringssl.dylib
0x0000000189f0d000 	/usr/lib/libdns_services.dylib
0x00000001ad30b000 	/usr/lib/libquic.dylib
0x0000000194df6000 	/usr/lib/libusrtcp.dylib
0x0000000234739000 	/System/Library/PrivateFrameworks/AtomicsInternal.framework/Versions/A/AtomicsInternal
0x00000001d3b18000 	/System/Library/PrivateFrameworks/InternalSwiftProtobuf.framework/Versions/A/InternalSwiftProtobuf
0x000000027d2ad000 	/usr/lib/swift/libswiftDistributed.dylib
0x000000018f2fb000 	/System/Library/PrivateFrameworks/AggregateDictionary.framework/Versions/A/AggregateDictionary
0x0000000234ec9000 	/System/Library/PrivateFrameworks/BiomeLibrary.framework/Versions/A/BiomeLibrary
0x00000001bcfa6000 	/System/Library/PrivateFrameworks/BiomeStreams.framework/Versions/A/BiomeStreams
0x00000001b91dd000 	/System/Library/PrivateFrameworks/BiomeFoundation.framework/Versions/A/BiomeFoundation
0x00000001c305a000 	/System/Library/PrivateFrameworks/BiomePubSub.framework/Versions/A/BiomePubSub
0x000000019f559000 	/System/Library/PrivateFrameworks/ProactiveSupport.framework/Versions/A/ProactiveSupport
0x0000000192bb2000 	/usr/lib/liblzma.5.dylib
0x000000019df58000 	/System/Library/PrivateFrameworks/InternationalTextSearch.framework/Versions/A/InternationalTextSearch
0x00000001b56fa000 	/System/Library/PrivateFrameworks/SoftwareUpdateCoreSupport.framework/Versions/A/SoftwareUpdateCoreSupport
0x00000001bda28000 	/System/Library/PrivateFrameworks/SoftwareUpdateCoreConnect.framework/Versions/A/SoftwareUpdateCoreConnect
0x000000019daf3000 	/System/Library/PrivateFrameworks/RemoteServiceDiscovery.framework/Versions/A/RemoteServiceDiscovery
0x00000001b52f1000 	/System/Library/PrivateFrameworks/MSUDataAccessor.framework/Versions/A/MSUDataAccessor
0x00000001b042a000 	/usr/lib/libbootpolicy.dylib
0x000000019db0a000 	/System/Library/PrivateFrameworks/RemoteXPC.framework/Versions/A/RemoteXPC
0x00000001bce72000 	/usr/lib/libFDR.dylib
0x00000001c2c7b000 	/usr/lib/libamsupport.dylib
0x000000027c090000 	/usr/lib/libReverseProxyDevice.dylib
0x00000002332a0000 	/System/Library/PrivateFrameworks/AppleDeviceQuerySupport.framework/Versions/A/AppleDeviceQuerySupport
0x00000001c5cfd000 	/usr/lib/libpartition2_dynamic.dylib
0x00000001917aa000 	/System/Library/PrivateFrameworks/AppleSauce.framework/Versions/A/AppleSauce
0x000000027bc1d000 	/usr/lib/libAppleArchive.dylib
0x0000000190fe4000 	/usr/lib/libbz2.1.0.dylib
0x000000018b4f8000 	/System/Library/Frameworks/Accelerate.framework/Versions/A/Frameworks/vImage.framework/Versions/A/vImage
0x0000000199997000 	/System/Library/Frameworks/Accelerate.framework/Versions/A/Frameworks/vecLib.framework/Versions/A/vecLib
0x0000000192c89000 	/System/Library/Frameworks/Accelerate.framework/Versions/A/Frameworks/vecLib.framework/Versions/A/libvMisc.dylib
0x000000018265a000 	/System/Library/Frameworks/Accelerate.framework/Versions/A/Frameworks/vecLib.framework/Versions/A/libBLAS.dylib
0x000000018c1f9000 	/System/Library/Frameworks/CoreVideo.framework/Versions/A/CoreVideo
0x000000019579f000 	/System/Library/Frameworks/ApplicationServices.framework/Versions/A/Frameworks/ATS.framework/Versions/A/ATS
0x0000000193e51000 	/System/Library/Frameworks/ApplicationServices.framework/Versions/A/Frameworks/PrintCore.framework/Versions/A/PrintCore
0x0000000195b60000 	/System/Library/Frameworks/ApplicationServices.framework/Versions/A/Frameworks/QD.framework/Versions/A/QD
0x0000000195b5b000 	/System/Library/Frameworks/ApplicationServices.framework/Versions/A/Frameworks/ColorSyncLegacy.framework/Versions/A/ColorSyncLegacy
0x0000000195771000 	/System/Library/Frameworks/ApplicationServices.framework/Versions/A/Frameworks/SpeechSynthesis.framework/Versions/A/SpeechSynthesis
0x000000018e3cc000 	/System/Library/PrivateFrameworks/FontServices.framework/libFontParser.dylib
0x000000019d819000 	/System/Library/PrivateFrameworks/BackBoardServices.framework/Versions/A/BackBoardServices
0x0000000234de5000 	/System/Library/PrivateFrameworks/BackBoardHIDEventFoundation.framework/Versions/A/BackBoardHIDEventFoundation
0x00000001845c5000 	/System/Library/Frameworks/CoreDisplay.framework/Versions/A/CoreDisplay
0x0000000193788000 	/System/Library/Frameworks/VideoToolbox.framework/Versions/A/VideoToolbox
0x000000019180e000 	/System/Library/Frameworks/MetalPerformanceShaders.framework/Versions/A/MetalPerformanceShaders
0x000000025dcb4000 	/System/Library/PrivateFrameworks/ProDisplayLibrary.framework/Versions/A/ProDisplayLibrary
0x00000001a15e3000 	/System/Library/PrivateFrameworks/IOSurfaceAccelerator.framework/Versions/A/IOSurfaceAccelerator
0x000000018def7000 	/System/Library/PrivateFrameworks/IOAccelerator.framework/Versions/A/IOAccelerator
0x000000018e20f000 	/System/Library/Frameworks/CoreMedia.framework/Versions/A/CoreMedia
0x000000018838a000 	/System/Library/PrivateFrameworks/TCC.framework/Versions/A/TCC
0x0000000193740000 	/System/Library/PrivateFrameworks/WatchdogClient.framework/Versions/A/WatchdogClient
0x00000001c30b8000 	/System/Library/PrivateFrameworks/BiomeStorage.framework/Versions/A/BiomeStorage
0x000000024f6da000 	/System/Library/PrivateFrameworks/IntelligencePlatformLibrary.framework/Versions/A/IntelligencePlatformLibrary
0x000000025cfc1000 	/System/Library/PrivateFrameworks/PoirotSchematizer.framework/Versions/A/PoirotSchematizer
0x000000023570e000 	/System/Library/PrivateFrameworks/BiomeSync.framework/Versions/A/BiomeSync
0x0000000234eaf000 	/System/Library/PrivateFrameworks/BiomeDSL.framework/Versions/A/BiomeDSL
0x000000025d02b000 	/System/Library/PrivateFrameworks/PoirotUDFs.framework/Versions/A/PoirotUDFs
0x000000025cf90000 	/System/Library/PrivateFrameworks/PoirotSQLite.framework/Versions/A/PoirotSQLite
0x000000019bf6a000 	/System/Library/PrivateFrameworks/CoreTime.framework/Versions/A/CoreTime
0x0000000191626000 	/usr/lib/libiconv.2.dylib
0x0000000191582000 	/usr/lib/libcharset.1.dylib
0x000000027d51d000 	/usr/lib/swift/libswift_RegexParser.dylib
0x0000000236d17000 	/System/Library/PrivateFrameworks/CascadeSets.framework/Versions/A/CascadeSets
0x0000000195d67000 	/System/Library/PrivateFrameworks/CorePhoneNumbers.framework/Versions/A/CorePhoneNumbers
0x000000019360a000 	/System/Library/PrivateFrameworks/AppleJPEG.framework/Versions/A/AppleJPEG
0x0000000192ff6000 	/usr/lib/libexpat.1.dylib
0x0000000193d24000 	/System/Library/Frameworks/ImageIO.framework/Versions/A/Resources/libPng.dylib
0x0000000193d50000 	/System/Library/Frameworks/ImageIO.framework/Versions/A/Resources/libTIFF.dylib
0x0000000193e3a000 	/System/Library/Frameworks/ImageIO.framework/Versions/A/Resources/libGIF.dylib
0x000000019364f000 	/System/Library/Frameworks/ImageIO.framework/Versions/A/Resources/libJP2.dylib
0x0000000193de0000 	/System/Library/Frameworks/ImageIO.framework/Versions/A/Resources/libJPEG.dylib
0x0000000193dd7000 	/System/Library/Frameworks/ImageIO.framework/Versions/A/Resources/libRadiance.dylib
0x0000000245f02000 	/System/Library/PrivateFrameworks/GPUCompiler.framework/Versions/32023/Libraries/libllvm-flatbuffers.dylib
0x000000024080e000 	/System/Library/PrivateFrameworks/FramePacing.framework/Versions/A/FramePacing
0x00000001e7da2000 	/System/Library/Frameworks/OpenGL.framework/Versions/A/Libraries/libCoreFSCache.dylib
0x000000024194f000 	/System/Library/PrivateFrameworks/GPUCompiler.framework/Versions/32023/Libraries/libGPUCompilerUtils.dylib
0x000000019bb1a000 	/System/Library/PrivateFrameworks/GraphicsServices.framework/Versions/A/GraphicsServices
0x000000019f6e5000 	/System/Library/PrivateFrameworks/ASEProcessing.framework/Versions/A/ASEProcessing
0x00000001cf334000 	/System/Library/PrivateFrameworks/Symbolication.framework/Versions/A/Symbolication
0x000000025cbb1000 	/System/Library/PrivateFrameworks/PhotosensitivityProcessing.framework/Versions/A/PhotosensitivityProcessing
0x0000000193227000 	/System/Library/PrivateFrameworks/GraphVisualizer.framework/Versions/A/GraphVisualizer
0x00000001e7e01000 	/System/Library/Frameworks/OpenGL.framework/Versions/A/Libraries/libGLU.dylib
0x00000001e7dc4000 	/System/Library/Frameworks/OpenGL.framework/Versions/A/Libraries/libGFXShared.dylib
0x0000000225ed8000 	/System/Library/Frameworks/OpenGL.framework/Versions/A/Libraries/libGL.dylib
0x00000001e7dcd000 	/System/Library/Frameworks/OpenGL.framework/Versions/A/Libraries/libGLImage.dylib
0x00000001e7dc1000 	/System/Library/Frameworks/OpenGL.framework/Versions/A/Libraries/libCVMSPluginSupport.dylib
0x00000001e7daa000 	/System/Library/Frameworks/OpenGL.framework/Versions/A/Libraries/libCoreVMClient.dylib
0x0000000240719000 	/System/Library/PrivateFrameworks/FontServices.framework/Versions/A/FontServices
0x0000000193237000 	/System/Library/PrivateFrameworks/OTSVG.framework/Versions/A/OTSVG
0x000000018bd40000 	/System/Library/Frameworks/ApplicationServices.framework/Versions/A/Frameworks/ATS.framework/Versions/A/Resources/libFontRegistry.dylib
0x000000027c5a0000 	/usr/lib/libhvf.dylib
0x00000002599e6000 	/System/Library/PrivateFrameworks/ParsingInternal.framework/Versions/A/ParsingInternal
0x000000024071d000 	/System/Library/PrivateFrameworks/FontServices.framework/libXTFontStaticRegistryData.dylib
0x000000018f23c000 	/System/Library/Frameworks/MetalPerformanceShaders.framework/Versions/A/Frameworks/MPSCore.framework/Versions/A/MPSCore
0x0000000190f43000 	/System/Library/Frameworks/MetalPerformanceShaders.framework/Versions/A/Frameworks/MPSImage.framework/Versions/A/MPSImage
0x0000000190921000 	/System/Library/Frameworks/MetalPerformanceShaders.framework/Versions/A/Frameworks/MPSNeuralNetwork.framework/Versions/A/MPSNeuralNetwork
0x0000000190d59000 	/System/Library/Frameworks/MetalPerformanceShaders.framework/Versions/A/Frameworks/MPSMatrix.framework/Versions/A/MPSMatrix
0x0000000190b6e000 	/System/Library/Frameworks/MetalPerformanceShaders.framework/Versions/A/Frameworks/MPSRayIntersector.framework/Versions/A/MPSRayIntersector
0x0000000190d8b000 	/System/Library/Frameworks/MetalPerformanceShaders.framework/Versions/A/Frameworks/MPSNDArray.framework/Versions/A/MPSNDArray
0x0000000229e7c000 	/System/Library/Frameworks/MetalPerformanceShaders.framework/Versions/A/Frameworks/MPSFunctions.framework/Versions/A/MPSFunctions
0x0000000229e5d000 	/System/Library/Frameworks/MetalPerformanceShaders.framework/Versions/A/Frameworks/MPSBenchmarkLoop.framework/Versions/A/MPSBenchmarkLoop
0x0000000182475000 	/System/Library/PrivateFrameworks/MetalTools.framework/Versions/A/MetalTools
0x00000001b3562000 	/System/Library/PrivateFrameworks/IOAccelMemoryInfo.framework/Versions/A/IOAccelMemoryInfo
0x00000001c168b000 	/System/Library/PrivateFrameworks/kperf.framework/Versions/A/kperf
0x00000001ae3e8000 	/System/Library/PrivateFrameworks/GPURawCounter.framework/Versions/A/GPURawCounter
0x000000019be53000 	/System/Library/PrivateFrameworks/CoreSymbolication.framework/Versions/A/CoreSymbolication
0x00000001ae35f000 	/System/Library/PrivateFrameworks/MallocStackLogging.framework/Versions/A/MallocStackLogging
0x000000019be30000 	/System/Library/PrivateFrameworks/DebugSymbols.framework/Versions/A/DebugSymbols
0x00000001bfef4000 	/System/Library/PrivateFrameworks/OSAnalytics.framework/Versions/A/OSAnalytics
0x000000023e615000 	/System/Library/PrivateFrameworks/DeviceRecovery.framework/Versions/A/DeviceRecovery
0x0000000227c97000 	/System/Library/Frameworks/ExtensionFoundation.framework/Versions/A/ExtensionFoundation
0x0000000193278000 	/System/Library/PrivateFrameworks/AppServerSupport.framework/Versions/A/AppServerSupport
0x0000000192ef5000 	/System/Library/PrivateFrameworks/PlugInKit.framework/Versions/A/PlugInKit
0x000000019078f000 	/System/Library/PrivateFrameworks/AssertionServices.framework/Versions/A/AssertionServices
0x000000019301b000 	/System/Library/PrivateFrameworks/IconFoundation.framework/Versions/A/IconFoundation
0x000000024c5de000 	/System/Library/PrivateFrameworks/IconRendering.framework/Versions/A/IconRendering
0x000000025fc14000 	/System/Library/PrivateFrameworks/SFSymbols.framework/Versions/A/SFSymbols
0x00000001846e9000 	/System/Library/PrivateFrameworks/AudioToolboxCore.framework/Versions/A/AudioToolboxCore
0x00000001956d9000 	/System/Library/PrivateFrameworks/AudioSession.framework/Versions/A/AudioSession
0x00000001a092d000 	/System/Library/Frameworks/CoreMIDI.framework/Versions/A/CoreMIDI
0x0000000195758000 	/usr/lib/libAudioStatistics.dylib
0x000000018e1e6000 	/System/Library/PrivateFrameworks/caulk.framework/Versions/A/caulk
0x0000000193cfe000 	/usr/lib/libAudioToolboxUtility.dylib
0x00000001ae3ec000 	/usr/lib/swift/libswiftCoreAudio.dylib
0x00000001b4b53000 	/usr/lib/swift/libswiftCoreMIDI.dylib
0x0000000195b69000 	/System/Library/PrivateFrameworks/perfdata.framework/Versions/A/perfdata
0x00000001ad409000 	/System/Library/PrivateFrameworks/SystemPolicy.framework/Versions/A/SystemPolicy
0x0000000195a0e000 	/usr/lib/libSMC.dylib
0x0000000195b77000 	/usr/lib/libperfcheck.dylib
0x00000002347f9000 	/System/Library/PrivateFrameworks/AudioAnalytics.framework/Versions/A/AudioAnalytics
0x000000027d4e0000 	/usr/lib/swift/libswift_DarwinFoundation2.dylib
0x000000027d4e1000 	/usr/lib/swift/libswift_DarwinFoundation3.dylib
0x00000001d3819000 	/System/Library/Frameworks/OSLog.framework/Versions/A/OSLog
0x00000001ae391000 	/usr/lib/libmis.dylib
0x0000000193138000 	/System/Library/PrivateFrameworks/MediaExperience.framework/Versions/A/MediaExperience
0x00000001954a7000 	/System/Library/PrivateFrameworks/AudioSession.framework/libSessionUtility.dylib
0x0000000193e40000 	/System/Library/PrivateFrameworks/CMCaptureCore.framework/Versions/A/CMCaptureCore
0x000000019a9de000 	/System/Library/Frameworks/CoreBluetooth.framework/Versions/A/CoreBluetooth
0x00000001905fb000 	/System/Library/PrivateFrameworks/CoreUtils.framework/Versions/A/CoreUtils
0x00000001a637b000 	/System/Library/PrivateFrameworks/HID.framework/Versions/A/HID
0x000000023da17000 	/System/Library/PrivateFrameworks/CoreUtilsExtras.framework/Versions/A/CoreUtilsExtras
0x000000024c540000 	/System/Library/PrivateFrameworks/IO80211.framework/Versions/A/IO80211
0x0000000197421000 	/System/Library/Frameworks/IOBluetooth.framework/Versions/A/IOBluetooth
0x00000002343e7000 	/System/Library/PrivateFrameworks/ArgumentParserInternal.framework/Versions/A/ArgumentParserInternal
0x0000000192d95000 	/usr/lib/libIOReport.dylib
0x000000019079e000 	/System/Library/Frameworks/SecurityFoundation.framework/Versions/A/SecurityFoundation
0x0000000182e39000 	/System/Library/PrivateFrameworks/Lexicon.framework/Versions/A/Lexicon
0x0000000190909000 	/usr/lib/libgermantok.dylib
0x000000018f426000 	/System/Library/PrivateFrameworks/LinguisticData.framework/Versions/A/LinguisticData
0x000000019abf1000 	/System/Library/PrivateFrameworks/MediaKit.framework/Versions/A/MediaKit
0x000000019ab3c000 	/System/Library/Frameworks/DiscRecording.framework/Versions/A/DiscRecording
0x0000000193011000 	/usr/lib/libheimdal-asn1.dylib
0x000000019e50b000 	/System/Library/Frameworks/AudioUnit.framework/Versions/A/AudioUnit
0x000000018c05f000 	/System/Library/Frameworks/OpenDirectory.framework/Versions/A/OpenDirectory
0x000000018c06d000 	/System/Library/Frameworks/OpenDirectory.framework/Versions/A/Frameworks/CFOpenDirectory.framework/Versions/A/CFOpenDirectory
0x000000022625c000 	/System/Library/Frameworks/AVFAudio.framework/Versions/A/AVFAudio
0x00000001a7345000 	/usr/lib/libAccessibility.dylib
0x000000025026e000 	/System/Library/PrivateFrameworks/IsolatedCoreAudioClient.framework/Versions/A/IsolatedCoreAudioClient
0x00000001c9b3a000 	/usr/lib/swift/libswiftCoreMedia.dylib
0x000000026da37000 	/System/Library/PrivateFrameworks/Tightbeam.framework/Versions/A/Tightbeam
0x0000000239927000 	/System/Library/PrivateFrameworks/CoreAudioOrchestration.framework/Versions/A/CoreAudioOrchestration
0x00000001c6249000 	/System/Library/PrivateFrameworks/AFKUser.framework/Versions/A/AFKUser
0x0000000199c84000 	/System/Library/Frameworks/MediaAccessibility.framework/Versions/A/MediaAccessibility
0x0000000271c23000 	/System/Library/PrivateFrameworks/VideoToolboxParavirtualizationSupport.framework/Versions/A/VideoToolboxParavirtualizationSupport
0x0000000192fad000 	/System/Library/PrivateFrameworks/AppleVA.framework/Versions/A/AppleVA
0x0000000193dd2000 	/System/Library/PrivateFrameworks/GPUWrangler.framework/Versions/A/GPUWrangler
0x0000000193db2000 	/System/Library/PrivateFrameworks/IOPresentment.framework/Versions/A/IOPresentment
0x0000000193dda000 	/System/Library/PrivateFrameworks/DSExternalDisplay.framework/Versions/A/DSExternalDisplay
0x000000023423e000 	/System/Library/PrivateFrameworks/AppleMobileFileIntegrity.framework/Versions/A/AppleMobileFileIntegrity
0x000000027c11d000 	/usr/lib/libTLE.dylib
0x00000001e4ae1000 	/System/Library/PrivateFrameworks/ConfigProfileHelper.framework/Versions/A/ConfigProfileHelper
0x00000001d9901000 	/usr/lib/libedit.3.dylib
0x00000002517ef000 	/System/Library/PrivateFrameworks/MIL.framework/Versions/A/MIL
0x00000001b3525000 	/usr/lib/libncurses.5.4.dylib
0x0000000190530000 	/System/Library/PrivateFrameworks/CoreEmoji.framework/Versions/A/CoreEmoji
0x0000000183156000 	/usr/lib/libCRFSuite.dylib
0x000000018f304000 	/System/Library/PrivateFrameworks/CoreNLP.framework/Versions/A/CoreNLP
0x00000001908a8000 	/usr/lib/libmecab.dylib
0x00000001917a1000 	/usr/lib/libThaiTokenizer.dylib
0x00000001d3cd8000 	/System/Library/PrivateFrameworks/HIDDisplay.framework/Versions/A/HIDDisplay
0x0000000193e0c000 	/System/Library/Frameworks/ApplicationServices.framework/Versions/A/Frameworks/ATSUI.framework/Versions/A/ATSUI
0x0000000195aef000 	/usr/lib/libcups.2.dylib
0x0000000195b85000 	/System/Library/Frameworks/Kerberos.framework/Versions/A/Kerberos
0x00000001957e7000 	/usr/lib/libresolv.9.dylib
0x000000019328c000 	/System/Library/PrivateFrameworks/Heimdal.framework/Versions/A/Heimdal
0x000000019e50a000 	/System/Library/Frameworks/Kerberos.framework/Versions/A/Libraries/libHeimdalProxy.dylib
0x0000000195be9000 	/System/Library/PrivateFrameworks/CommonAuth.framework/Versions/A/CommonAuth
0x00000001a7240000 	/System/Library/PrivateFrameworks/AXCoreUtilities.framework/Versions/A/AXCoreUtilities
0x000000027bb37000 	/usr/lib/libAXSafeCategoryBundle.dylib
0x0000000190415000 	/System/Library/Frameworks/Accelerate.framework/Versions/A/Frameworks/vecLib.framework/Versions/A/libvDSP.dylib
0x00000001918ee000 	/System/Library/Frameworks/Accelerate.framework/Versions/A/Frameworks/vecLib.framework/Versions/A/libLAPACK.dylib
0x000000019090c000 	/System/Library/Frameworks/Accelerate.framework/Versions/A/Frameworks/vecLib.framework/Versions/A/libLinearAlgebra.dylib
0x00000001917e7000 	/System/Library/Frameworks/Accelerate.framework/Versions/A/Frameworks/vecLib.framework/Versions/A/libSparseBLAS.dylib
0x00000001918e9000 	/System/Library/Frameworks/Accelerate.framework/Versions/A/Frameworks/vecLib.framework/Versions/A/libQuadrature.dylib
0x000000018f42d000 	/System/Library/Frameworks/Accelerate.framework/Versions/A/Frameworks/vecLib.framework/Versions/A/libBNNS.dylib
0x0000000182f4f000 	/System/Library/Frameworks/Accelerate.framework/Versions/A/Frameworks/vecLib.framework/Versions/A/libSparse.dylib
0x0000000195b4e000 	/System/Library/PrivateFrameworks/NetAuth.framework/Versions/A/NetAuth
0x000000018c27d000 	/System/Library/PrivateFrameworks/login.framework/Versions/A/Frameworks/loginsupport.framework/Versions/A/loginsupport
0x0000000190872000 	/usr/lib/libCheckFix.dylib
0x000000018b3fc000 	/System/Library/PrivateFrameworks/MetadataUtilities.framework/Versions/A/MetadataUtilities
0x000000024cff9000 	/System/Library/PrivateFrameworks/InstalledContentLibrary.framework/Versions/A/InstalledContentLibrary
0x0000000185eca000 	/System/Library/PrivateFrameworks/CoreServicesStore.framework/Versions/A/CoreServicesStore
0x00000001c1792000 	/System/Library/PrivateFrameworks/MobileSystemServices.framework/Versions/A/MobileSystemServices
0x0000000192c56000 	/usr/lib/libxslt.1.dylib
0x0000000190831000 	/System/Library/PrivateFrameworks/BackgroundTaskManagement.framework/Versions/A/BackgroundTaskManagement
0x000000019dbb5000 	/usr/lib/libcurl.4.dylib
0x000000027c356000 	/usr/lib/libcrypto.46.dylib
0x000000027cf73000 	/usr/lib/libssl.48.dylib
0x000000019d88b000 	/System/Library/Frameworks/LDAP.framework/Versions/A/LDAP
0x000000019d8c7000 	/System/Library/PrivateFrameworks/TrustEvaluationAgent.framework/Versions/A/TrustEvaluationAgent
0x0000000195804000 	/usr/lib/libsasl2.2.dylib
0x00000001ab2c5000 	/usr/lib/swift/libswiftCoreGraphics.dylib
0x000000019a380000 	/usr/lib/swift/libswiftFoundation.dylib
0x00000001e449e000 	/usr/lib/swift/libswiftSwiftOnoneSupport.dylib
0x000000027d652000 	/usr/lib/swift/libswiftsys_time.dylib
0x00000001cfaf1000 	/System/Library/PrivateFrameworks/CoreMaterial.framework/Versions/A/CoreMaterial
0x000000027d398000 	/usr/lib/swift/libswiftSpatial.dylib
0x000000027c11a000 	/usr/lib/libSpatial.dylib
0x000000027ba55000 	/System/Library/SubFrameworks/UIUtilities.framework/Versions/A/UIUtilities
0x0000000101cd4000 	/Users/stefano.deblasi/Library/Application Support/ModrinthApp/meta/java_versions/zulu17.64.17-ca-jre17.0.18-macosx_aarch64/zulu-17.jre/Contents/Home/lib/server/libjvm.dylib
0x0000000100b68000 	/Users/stefano.deblasi/Library/Application Support/ModrinthApp/meta/java_versions/zulu17.64.17-ca-jre17.0.18-macosx_aarch64/zulu-17.jre/Contents/Home/lib/libjimage.dylib
0x0000000100b94000 	/Users/stefano.deblasi/Library/Application Support/ModrinthApp/meta/java_versions/zulu17.64.17-ca-jre17.0.18-macosx_aarch64/zulu-17.jre/Contents/Home/lib/libinstrument.dylib
0x0000000100be0000 	/Users/stefano.deblasi/Library/Application Support/ModrinthApp/meta/java_versions/zulu17.64.17-ca-jre17.0.18-macosx_aarch64/zulu-17.jre/Contents/Home/lib/libjava.dylib
0x0000000101750000 	/Users/stefano.deblasi/Library/Application Support/ModrinthApp/meta/java_versions/zulu17.64.17-ca-jre17.0.18-macosx_aarch64/zulu-17.jre/Contents/Home/lib/libzip.dylib
0x0000000100c14000 	/Users/stefano.deblasi/Library/Application Support/ModrinthApp/meta/java_versions/zulu17.64.17-ca-jre17.0.18-macosx_aarch64/zulu-17.jre/Contents/Home/lib/libnio.dylib
0x000000010179c000 	/Users/stefano.deblasi/Library/Application Support/ModrinthApp/meta/java_versions/zulu17.64.17-ca-jre17.0.18-macosx_aarch64/zulu-17.jre/Contents/Home/lib/libnet.dylib
0x0000000100c34000 	/Users/stefano.deblasi/Library/Application Support/ModrinthApp/meta/java_versions/zulu17.64.17-ca-jre17.0.18-macosx_aarch64/zulu-17.jre/Contents/Home/lib/libextnet.dylib
0x0000000101778000 	/Users/stefano.deblasi/Library/Application Support/ModrinthApp/meta/java_versions/zulu17.64.17-ca-jre17.0.18-macosx_aarch64/zulu-17.jre/Contents/Home/lib/libmanagement.dylib
0x00000001017c0000 	/Users/stefano.deblasi/Library/Application Support/ModrinthApp/meta/java_versions/zulu17.64.17-ca-jre17.0.18-macosx_aarch64/zulu-17.jre/Contents/Home/lib/libmanagement_ext.dylib
0x00000001017d4000 	/Users/stefano.deblasi/Library/Application Support/ModrinthApp/meta/java_versions/zulu17.64.17-ca-jre17.0.18-macosx_aarch64/zulu-17.jre/Contents/Home/lib/libverify.dylib
0x0000000101818000 	/Users/stefano.deblasi/Library/Application Support/ModrinthApp/meta/natives/1.20.1-0.18.4/jna9970024697701800768.tmp
0x0000000101888000 	/Users/stefano.deblasi/Library/Application Support/ModrinthApp/meta/natives/1.20.1-0.18.4/liblwjgl.dylib
0x00000001018d0000 	/Users/stefano.deblasi/Library/Application Support/ModrinthApp/meta/natives/1.20.1-0.18.4/libglfw.dylib
0x000000010190c000 	/Users/stefano.deblasi/Library/Application Support/ModrinthApp/meta/natives/1.20.1-0.18.4/libjemalloc.dylib
0x000000022652c000 	/System/Library/Frameworks/AppIntents.framework/Versions/A/AppIntents
0x000000022c730000 	/System/Library/Frameworks/RelevanceKit.framework/Versions/A/RelevanceKit
0x00000001913e6000 	/System/Library/Frameworks/CoreSpotlight.framework/Versions/A/CoreSpotlight
0x0000000251302000 	/System/Library/PrivateFrameworks/LinkServices.framework/Versions/A/LinkServices
0x000000023eb30000 	/System/Library/PrivateFrameworks/DoNotDisturb.framework/Versions/A/DoNotDisturb
0x000000025115d000 	/System/Library/PrivateFrameworks/LinkMetadata.framework/Versions/A/LinkMetadata
0x00000001ae413000 	/usr/lib/swift/libswiftIntents.dylib
0x00000001b367f000 	/System/Library/PrivateFrameworks/IntentsCore.framework/Versions/A/IntentsCore
0x0000000234cd3000 	/System/Library/PrivateFrameworks/AvailabilityKit.framework/Versions/A/AvailabilityKit
0x0000000232047000 	/System/Library/PrivateFrameworks/AppIntentSchemas.framework/Versions/A/AppIntentSchemas
0x0000000246470000 	/System/Library/PrivateFrameworks/GRDBInternal.framework/Versions/A/GRDBInternal
0x0000000269c42000 	/System/Library/PrivateFrameworks/StatusKit.framework/Versions/A/StatusKit
0x000000019af20000 	/System/Library/PrivateFrameworks/GenerationalStorage.framework/Versions/A/GenerationalStorage
0x000000019ad48000 	/System/Library/Frameworks/FileProvider.framework/Versions/A/FileProvider
0x0000000187965000 	/System/Library/PrivateFrameworks/DesktopServicesPriv.framework/Versions/A/DesktopServicesPriv
0x0000000189c9b000 	/System/Library/Frameworks/Accounts.framework/Versions/A/Accounts
0x00000001ade7f000 	/System/Library/PrivateFrameworks/FTServices.framework/Versions/A/FTServices
0x00000001a633a000 	/System/Library/PrivateFrameworks/CloudServices.framework/Versions/A/CloudServices
0x000000019d3da000 	/System/Library/PrivateFrameworks/CoreWiFi.framework/Versions/A/CoreWiFi
0x000000018dc21000 	/System/Library/Frameworks/CoreLocation.framework/Versions/A/CoreLocation
0x000000019cd71000 	/System/Library/Frameworks/Intents.framework/Versions/A/Intents
0x000000022eeea000 	/System/Library/Frameworks/_LocationEssentials.framework/Versions/A/_LocationEssentials
0x0000000191395000 	/System/Library/Frameworks/UserNotifications.framework/Versions/A/UserNotifications
0x000000019702c000 	/System/Library/PrivateFrameworks/Sharing.framework/Versions/A/Sharing
0x0000000196bad000 	/System/Library/PrivateFrameworks/IDSFoundation.framework/Versions/A/IDSFoundation
0x000000019d3d9000 	/System/Library/PrivateFrameworks/Apple80211.framework/Versions/A/Apple80211
0x000000019102b000 	/System/Library/PrivateFrameworks/AuthKit.framework/Versions/A/AuthKit
0x0000000190578000 	/System/Library/Frameworks/CoreWLAN.framework/Versions/A/CoreWLAN
0x00000001b4b34000 	/usr/lib/swift/libswiftCoreLocation.dylib
0x00000001953f5000 	/System/Library/PrivateFrameworks/IMFoundation.framework/Versions/A/IMFoundation
0x00000001a668f000 	/System/Library/PrivateFrameworks/Marco.framework/Versions/A/Marco
0x0000000189d25000 	/System/Library/PrivateFrameworks/CommonUtilities.framework/Versions/A/CommonUtilities
0x00000001a30b8000 	/System/Library/PrivateFrameworks/Engram.framework/Versions/A/Engram
0x000000027d2f7000 	/usr/lib/swift/libswiftRegexBuilder.dylib
0x00000001a3056000 	/usr/lib/libtidy.A.dylib
0x0000000193594000 	/System/Library/PrivateFrameworks/Bom.framework/Versions/A/Bom
0x0000000195825000 	/usr/lib/libParallelCompression.dylib
0x00000001dba16000 	/System/Library/PrivateFrameworks/WiFiPeerToPeer.framework/Versions/A/WiFiPeerToPeer
0x000000027ca88000 	/usr/lib/libmrc.dylib
0x000000024c5aa000 	/System/Library/PrivateFrameworks/IPConfiguration.framework/Versions/A/IPConfiguration
0x00000001cfab3000 	/System/Library/PrivateFrameworks/Netrb.framework/Versions/A/Netrb
0x0000000195817000 	/System/Library/PrivateFrameworks/MultiverseSupport.framework/Versions/A/MultiverseSupport
0x000000019ac23000 	/System/Library/PrivateFrameworks/DiskManagement.framework/Versions/A/DiskManagement
0x000000019ab2f000 	/System/Library/PrivateFrameworks/AppleIDAuthSupport.framework/Versions/A/AppleIDAuthSupport
0x000000022f7ca000 	/System/Library/PrivateFrameworks/AAAFoundation.framework/Versions/A/AAAFoundation
0x0000000195d25000 	/System/Library/PrivateFrameworks/KeychainCircle.framework/Versions/A/KeychainCircle
0x00000001a7236000 	/System/Library/PrivateFrameworks/URLFormatting.framework/Versions/A/URLFormatting
0x000000019dba9000 	/usr/lib/libcsfde.dylib
0x0000000192f3f000 	/usr/lib/libCoreStorage.dylib
0x00000001974f8000 	/System/Library/PrivateFrameworks/ProtectedCloudStorage.framework/Versions/A/ProtectedCloudStorage
0x000000019dba4000 	/System/Library/PrivateFrameworks/EFILogin.framework/Versions/A/EFILogin
0x000000019af47000 	/System/Library/PrivateFrameworks/OctagonTrust.framework/Versions/A/OctagonTrust
0x00000001977bf000 	/System/Library/PrivateFrameworks/GeoServices.framework/Versions/A/GeoServices
0x000000019546e000 	/System/Library/PrivateFrameworks/LocationSupport.framework/Versions/A/LocationSupport
0x0000000249595000 	/System/Library/PrivateFrameworks/GeoServicesCore.framework/Versions/A/GeoServicesCore
0x00000001a7234000 	/System/Library/PrivateFrameworks/PhoneNumbers.framework/Versions/A/PhoneNumbers
0x00000002516e0000 	/System/Library/PrivateFrameworks/LocationLogEncryption.framework/Versions/A/LocationLogEncryption
0x00000001969ce000 	/System/Library/PrivateFrameworks/IDS.framework/Versions/A/IDS
0x00000001d66d7000 	/System/Library/Frameworks/CryptoKit.framework/Versions/A/CryptoKit
0x000000019e506000 	/System/Library/PrivateFrameworks/CryptoKitCBridging.framework/Versions/A/CryptoKitCBridging
0x000000019bb2c000 	/System/Library/Frameworks/CryptoTokenKit.framework/Versions/A/CryptoTokenKit
0x00000001bc9cb000 	/System/Library/PrivateFrameworks/FTAWD.framework/Versions/A/FTAWD
0x0000000186007000 	/usr/lib/libsandbox.1.dylib
0x0000000192f37000 	/usr/lib/libMatch.1.dylib
0x000000019e5c9000 	/System/Library/PrivateFrameworks/IntentsFoundation.framework/Versions/A/IntentsFoundation
0x000000018bf1c000 	/System/Library/PrivateFrameworks/ViewBridge.framework/Versions/A/ViewBridge
0x000000027bb3b000 	/usr/lib/libAccessibilityBaseImplementations.dylib
0x0000000121f38000 	/usr/lib/libobjc-trampolines.dylib
0x0000000275f1c000 	/System/Library/PrivateFrameworks/WritingToolsUI.framework/Versions/A/WritingToolsUI
0x0000000248f7b000 	/System/Library/PrivateFrameworks/GenerativeAssistantSettings.framework/Versions/A/GenerativeAssistantSettings
0x000000026b9b6000 	/System/Library/PrivateFrameworks/TextComposer.framework/Versions/A/TextComposer
0x0000000248f52000 	/System/Library/PrivateFrameworks/GenerativeAssistantCommon.framework/Versions/A/GenerativeAssistantCommon
0x00000001b5bb5000 	/System/Library/Frameworks/SwiftUI.framework/Versions/A/SwiftUI
0x000000022ee33000 	/System/Library/Frameworks/_AuthenticationServices_SwiftUI.framework/Versions/A/_AuthenticationServices_SwiftUI
0x0000000231d7c000 	/System/Library/PrivateFrameworks/Anvil.framework/Versions/A/Anvil
0x00000001b5163000 	/System/Library/PrivateFrameworks/AppStoreDaemon.framework/Versions/A/AppStoreDaemon
0x00000001a0b6e000 	/System/Library/PrivateFrameworks/AppleMediaServices.framework/Versions/A/AppleMediaServices
0x0000000249420000 	/System/Library/PrivateFrameworks/GenerativePartnerServiceUI.framework/Versions/A/GenerativePartnerServiceUI
0x00000001e3a0f000 	/System/Library/PrivateFrameworks/JetEngine.framework/Versions/A/JetEngine
0x000000026b893000 	/System/Library/PrivateFrameworks/TextAnimationSupport.framework/Versions/A/TextAnimationSupport
0x000000025eb4a000 	/System/Library/PrivateFrameworks/RecapPerformanceTesting.framework/Versions/A/RecapPerformanceTesting
0x00000001aece4000 	/System/Library/PrivateFrameworks/SignpostCollection.framework/Versions/A/SignpostCollection
0x0000000234b8b000 	/System/Library/PrivateFrameworks/AuthenticationServicesCore.framework/Versions/A/AuthenticationServicesCore
0x00000001b8541000 	/System/Library/Frameworks/AuthenticationServices.framework/Versions/A/AuthenticationServices
0x0000000192ed1000 	/System/Library/PrivateFrameworks/SharedWebCredentials.framework/Versions/A/SharedWebCredentials
0x00000001afb82000 	/System/Library/PrivateFrameworks/SafariCore.framework/Versions/A/SafariCore
0x00000001b806c000 	/System/Library/PrivateFrameworks/SafariFoundation.framework/Versions/A/SafariFoundation
0x000000019a640000 	/System/Library/Frameworks/Contacts.framework/Versions/A/Contacts
0x0000000235dd3000 	/System/Library/PrivateFrameworks/CBORLibrary.framework/Versions/A/CBORLibrary
0x0000000236dba000 	/System/Library/PrivateFrameworks/Chirp.framework/Versions/A/Chirp
0x00000002379b7000 	/System/Library/PrivateFrameworks/CloudSubscriptionFeatures.framework/Versions/A/CloudSubscriptionFeatures
0x000000019a381000 	/System/Library/PrivateFrameworks/ContactsFoundation.framework/Versions/A/ContactsFoundation
0x00000001e4e11000 	/System/Library/PrivateFrameworks/RemoteManagement.framework/Versions/A/RemoteManagement
0x000000025eed8000 	/System/Library/PrivateFrameworks/RemoteManagementModel.framework/Versions/A/RemoteManagementModel
0x000000025ef69000 	/System/Library/PrivateFrameworks/RemoteManagementStore.framework/Versions/A/RemoteManagementStore
0x0000000197607000 	/usr/lib/libxcselect.dylib
0x00000001b7fdb000 	/System/Library/PrivateFrameworks/DifferentialPrivacy.framework/Versions/A/DifferentialPrivacy
0x0000000253a39000 	/System/Library/PrivateFrameworks/ManagedSettingsObjC.framework/Versions/A/ManagedSettingsObjC
0x00000002516e5000 	/System/Library/PrivateFrameworks/LockdownMode.framework/Versions/A/LockdownMode
0x0000000270877000 	/System/Library/PrivateFrameworks/VDAF.framework/Versions/A/VDAF
0x000000019a459000 	/System/Library/PrivateFrameworks/ContactsPersistence.framework/Versions/A/ContactsPersistence
0x00000001995b7000 	/System/Library/PrivateFrameworks/AppleLDAP.framework/Versions/A/AppleLDAP
0x000000019df5b000 	/System/Library/Frameworks/ClassKit.framework/Versions/A/ClassKit
0x00000001a0201000 	/System/Library/PrivateFrameworks/CoreSuggestions.framework/Versions/A/CoreSuggestions
0x000000019bada000 	/System/Library/PrivateFrameworks/vCard.framework/Versions/A/vCard
0x0000000238640000 	/System/Library/PrivateFrameworks/ContactsMetrics.framework/Versions/A/ContactsMetrics
0x000000019334d000 	/System/Library/PrivateFrameworks/login.framework/Versions/A/login
0x0000000253a33000 	/System/Library/PrivateFrameworks/ManagedOrganizationContacts.framework/Versions/A/ManagedOrganizationContacts
0x000000018c700000 	/System/Library/PrivateFrameworks/CloudDocs.framework/Versions/A/CloudDocs
0x00000001a6bf6000 	/System/Library/PrivateFrameworks/ProactiveEventTracker.framework/Versions/A/ProactiveEventTracker
0x00000001958c7000 	/System/Library/PrivateFrameworks/CoreFollowUp.framework/Versions/A/CoreFollowUp
0x000000019f720000 	/System/Library/PrivateFrameworks/ConfigurationProfiles.framework/Versions/A/ConfigurationProfiles
0x000000023dc9b000 	/System/Library/PrivateFrameworks/DMCUtilities.framework/Versions/A/DMCUtilities
0x0000000251766000 	/System/Library/PrivateFrameworks/MDMClientLibrary.framework/Versions/A/MDMClientLibrary
0x000000025ef5d000 	/System/Library/PrivateFrameworks/RemoteManagementProtocol.framework/Versions/A/RemoteManagementProtocol
0x000000027bef5000 	/usr/lib/libEndpointSecuritySystem.dylib
0x0000000199c9c000 	/System/Library/PrivateFrameworks/SystemAdministration.framework/Versions/A/SystemAdministration
0x00000001a4b88000 	/System/Library/PrivateFrameworks/PowerlogControl.framework/Versions/A/PowerlogControl
0x00000001a4b8a000 	/usr/lib/libUniversalAccess.dylib
0x00000001a15ee000 	/System/Library/PrivateFrameworks/FamilyControls.framework/Versions/A/FamilyControls
0x000000019958c000 	/System/Library/Frameworks/DirectoryService.framework/Versions/A/DirectoryService
0x000000019dc37000 	/System/Library/PrivateFrameworks/LoginUIKit.framework/Versions/A/Frameworks/LoginUICore.framework/Versions/A/LoginUICore
0x0000000193592000 	/usr/lib/libodfde.dylib
0x00000001a15e8000 	/System/Library/PrivateFrameworks/UniversalAccess.framework/Versions/A/Libraries/libUAPreferences.dylib
0x00000001a1612000 	/System/Library/PrivateFrameworks/CommerceKit.framework/Versions/A/Frameworks/CommerceCore.framework/Versions/A/CommerceCore
0x000000023dc07000 	/System/Library/PrivateFrameworks/DEPClientLibrary.framework/Versions/A/DEPClientLibrary
0x000000023dc30000 	/System/Library/PrivateFrameworks/DMCEnrollmentLibrary.framework/Versions/A/DMCEnrollmentLibrary
0x00000001a4c6c000 	/System/Library/PrivateFrameworks/SetupAssistantFramework.framework/Versions/A/SetupAssistantFramework
0x000000019e342000 	/System/Library/PrivateFrameworks/AuthKitUI.framework/Versions/A/AuthKitUI
0x000000019dc81000 	/System/Library/PrivateFrameworks/AppSSO.framework/Versions/A/AppSSO
0x00000001b4ebf000 	/System/Library/PrivateFrameworks/LocalAuthenticationUI.framework/Versions/A/LocalAuthenticationUI
0x000000025cc0d000 	/System/Library/PrivateFrameworks/PlatformSSO.framework/Versions/A/PlatformSSO
0x000000025ccfa000 	/System/Library/PrivateFrameworks/PlatformSSOCore.framework/Versions/A/PlatformSSOCore
0x0000000229084000 	/System/Library/Frameworks/LocalAuthenticationEmbeddedUI.framework/Versions/A/LocalAuthenticationEmbeddedUI
0x00000001b597a000 	/System/Library/PrivateFrameworks/AOSUI.framework/Versions/A/AOSUI
0x00000001a69be000 	/System/Library/Frameworks/ContactsUI.framework/Versions/A/ContactsUI
0x000000019a8cf000 	/System/Library/PrivateFrameworks/FamilyCircle.framework/Versions/A/FamilyCircle
0x00000001c37b1000 	/System/Library/Frameworks/LinkPresentation.framework/Versions/A/LinkPresentation
0x00000001a6576000 	/System/Library/PrivateFrameworks/IASUtilities.framework/Versions/A/IASUtilities
0x000000024c473000 	/System/Library/PrivateFrameworks/IASUtilitiesCore.framework/Versions/A/IASUtilitiesCore
0x00000001aecf4000 	/System/Library/PrivateFrameworks/OnBoardingKit.framework/Versions/A/OnBoardingKit
0x000000025efd3000 	/System/Library/PrivateFrameworks/RemoteUI.framework/Versions/A/RemoteUI
0x00000001ab3a5000 	/System/Library/Frameworks/WebKit.framework/Versions/A/WebKit
0x00000001a30f8000 	/System/Library/Frameworks/JavaScriptCore.framework/Versions/A/JavaScriptCore
0x0000000250af4000 	/System/Library/PrivateFrameworks/LiftUI.framework/Versions/A/LiftUI
0x0000000261610000 	/System/Library/PrivateFrameworks/Settings.framework/Versions/A/Settings
0x0000000276529000 	/System/Library/PrivateFrameworks/_IconServices_SwiftUI.framework/Versions/A/_IconServices_SwiftUI
0x0000000226fa0000 	/System/Library/Frameworks/BrowserEngineCore.framework/Versions/A/BrowserEngineCore
0x00000001a0501000 	/System/Library/Frameworks/WebKit.framework/Versions/A/Frameworks/WebKitLegacy.framework/Versions/A/WebKitLegacy
0x00000001acdd9000 	/System/Library/Frameworks/Carbon.framework/Versions/A/Carbon
0x000000019e2ea000 	/System/Library/PrivateFrameworks/CorePrediction.framework/Versions/A/CorePrediction
0x000000018d00b000 	/System/Library/Frameworks/WebKit.framework/Versions/A/Frameworks/WebCore.framework/Versions/A/Frameworks/libwebrtc.dylib
0x00000001ab32f000 	/System/Library/PrivateFrameworks/SafariSafeBrowsing.framework/Versions/A/SafariSafeBrowsing
0x000000019588d000 	/System/Library/Frameworks/SecurityInterface.framework/Versions/A/SecurityInterface
0x00000001aecf3000 	/System/Library/PrivateFrameworks/WebInspectorUI.framework/Versions/A/WebInspectorUI
0x00000001a737b000 	/System/Library/Frameworks/WebKit.framework/Versions/A/Frameworks/WebCore.framework/Versions/A/WebCore
0x00000001a30f1000 	/System/Library/Frameworks/Carbon.framework/Versions/A/Frameworks/CommonPanels.framework/Versions/A/CommonPanels
0x000000019dba0000 	/System/Library/Frameworks/Carbon.framework/Versions/A/Frameworks/Help.framework/Versions/A/Help
0x00000001a30f5000 	/System/Library/Frameworks/Carbon.framework/Versions/A/Frameworks/ImageCapture.framework/Versions/A/ImageCapture
0x00000001a30d0000 	/System/Library/Frameworks/Carbon.framework/Versions/A/Frameworks/OpenScripting.framework/Versions/A/OpenScripting
0x00000001a30f0000 	/System/Library/Frameworks/Carbon.framework/Versions/A/Frameworks/Ink.framework/Versions/A/Ink
0x00000001a30ed000 	/System/Library/Frameworks/Carbon.framework/Versions/A/Frameworks/SecurityHI.framework/Versions/A/SecurityHI
0x000000027bf78000 	/usr/lib/libInterpreterSecurity.dylib
0x00000001c33c8000 	/System/Library/PrivateFrameworks/XprotectFramework.framework/Versions/A/XprotectFramework
0x00000001a6690000 	/System/Library/PrivateFrameworks/yara.framework/Versions/A/yara
0x000000022e9b1000 	/System/Library/Frameworks/WebKit.framework/Versions/A/Frameworks/WebCore.framework/Versions/A/Frameworks/libANGLE-shared.dylib
0x00000002747c5000 	/System/Library/PrivateFrameworks/WebGPU.framework/Versions/A/WebGPU
0x00000001b0bcd000 	/System/Library/Frameworks/SceneKit.framework/Versions/A/SceneKit
0x00000001c1feb000 	/System/Library/Frameworks/ModelIO.framework/Versions/A/ModelIO
0x00000001975e9000 	/System/Library/Frameworks/MetalKit.framework/Versions/A/MetalKit
0x00000001998bd000 	/System/Library/Frameworks/GLKit.framework/Versions/A/GLKit
0x000000027d92b000 	/usr/lib/usd/libusd_ms.dylib
0x000000026fc5c000 	/System/Library/PrivateFrameworks/USDLib_FormatLoaderProxy.framework/Versions/A/USDLib_FormatLoaderProxy
0x000000027d64d000 	/usr/lib/swift/libswift_errno.dylib
0x00000001ade60000 	/System/Library/PrivateFrameworks/CoreOptimization.framework/Versions/A/CoreOptimization
0x0000000227dcc000 	/System/Library/Frameworks/ExtensionKit.framework/Versions/A/ExtensionKit
0x00000002378f6000 	/System/Library/PrivateFrameworks/CloudSettings.framework/Versions/A/CloudSettings
0x0000000227e10000 	/System/Library/Frameworks/FSKit.framework/Versions/A/FSKit
0x0000000251491000 	/System/Library/PrivateFrameworks/LiveFS.framework/Versions/A/LiveFS
0x00000001a02d2000 	/System/Library/Frameworks/EventKit.framework/Versions/A/EventKit
0x00000001aef08000 	/System/Library/PrivateFrameworks/SearchFoundation.framework/Versions/A/SearchFoundation
0x00000001c586b000 	/System/Library/PrivateFrameworks/Email.framework/Versions/A/Email
0x00000001ada62000 	/System/Library/PrivateFrameworks/CoreRoutine.framework/Versions/A/CoreRoutine
0x00000001e477f000 	/System/Library/PrivateFrameworks/VoiceShortcutClient.framework/Versions/A/VoiceShortcutClient
0x00000001bd55a000 	/System/Library/PrivateFrameworks/Categories.framework/Versions/A/Categories
0x00000001b5829000 	/System/Library/PrivateFrameworks/ChronoServices.framework/Versions/A/ChronoServices
0x0000000236878000 	/System/Library/PrivateFrameworks/CalendarDatabase.framework/Versions/A/CalendarDatabase
0x00000002367c2000 	/System/Library/PrivateFrameworks/CalendarDaemon.framework/Versions/A/CalendarDaemon
0x000000019f644000 	/System/Library/PrivateFrameworks/CalendarFoundation.framework/Versions/A/CalendarFoundation
0x000000019f600000 	/System/Library/PrivateFrameworks/iCalendar.framework/Versions/A/iCalendar
0x000000023de9a000 	/System/Library/PrivateFrameworks/DataAccessExpress.framework/Versions/A/DataAccessExpress
0x00000001a6b20000 	/System/Library/PrivateFrameworks/ContactsAutocomplete.framework/Versions/A/ContactsAutocomplete
0x000000027d437000 	/usr/lib/swift/libswiftVideoToolbox.dylib
0x00000001b5776000 	/System/Library/PrivateFrameworks/FTClientServices.framework/Versions/A/FTClientServices
0x0000000259051000 	/System/Library/PrivateFrameworks/OSEligibility.framework/Versions/A/OSEligibility
0x000000026a21d000 	/System/Library/PrivateFrameworks/StorageContainersPrivate.framework/Versions/A/StorageContainersPrivate
0x000000027d2a8000 	/usr/lib/swift/libswiftCoreMediaIO.dylib
0x00000001a6400000 	/System/Library/PrivateFrameworks/CoreDAV.framework/Versions/A/CoreDAV
0x00000001a01a2000 	/System/Library/PrivateFrameworks/CalDAV.framework/Versions/A/CalDAV
0x00000001ab02c000 	/System/Library/PrivateFrameworks/TelephonyUtilities.framework/Versions/A/TelephonyUtilities
0x0000000229041000 	/System/Library/Frameworks/LiveCommunicationKit.framework/Versions/A/LiveCommunicationKit
0x00000002381f3000 	/System/Library/PrivateFrameworks/CommunicationTrust.framework/Versions/A/CommunicationTrust
0x00000001af994000 	/System/Library/Frameworks/CallKit.framework/Versions/A/CallKit
0x000000019a8c7000 	/System/Library/PrivateFrameworks/CommunicationsFilter.framework/Versions/A/CommunicationsFilter
0x00000001d9a3c000 	/System/Library/PrivateFrameworks/IMTransferServices.framework/Versions/A/IMTransferServices
0x00000001ade79000 	/System/Library/PrivateFrameworks/IncomingCallFilter.framework/Versions/A/IncomingCallFilter
0x00000002577a2000 	/System/Library/PrivateFrameworks/NeighborhoodActivityConduit.framework/Versions/A/NeighborhoodActivityConduit
0x00000001b1ed5000 	/System/Library/PrivateFrameworks/CallHistory.framework/Versions/A/CallHistory
0x000000027bd68000 	/usr/lib/libBASupport.dylib
0x0000000236c90000 	/System/Library/PrivateFrameworks/CallsUtilities.framework/Versions/A/CallsUtilities
0x0000000236c9b000 	/System/Library/PrivateFrameworks/CallsXPC.framework/Versions/A/CallsXPC
0x00000001e4f72000 	/usr/lib/swift/libswiftCallKit.dylib
0x0000000236c83000 	/System/Library/PrivateFrameworks/CallsPersistence.framework/Versions/A/CallsPersistence
0x000000022ca07000 	/System/Library/Frameworks/SensitiveContentAnalysis.framework/Versions/A/SensitiveContentAnalysis
0x00000001b2f0b000 	/System/Library/PrivateFrameworks/PeopleSuggester.framework/Versions/A/PeopleSuggester
0x00000001bc363000 	/System/Library/PrivateFrameworks/SpotlightReceiver.framework/Versions/A/SpotlightReceiver
0x00000002764f0000 	/System/Library/PrivateFrameworks/_AppIntentsServices_AppIntents.framework/Versions/A/_AppIntentsServices_AppIntents
0x00000002320b0000 	/System/Library/PrivateFrameworks/AppIntentsServices.framework/Versions/A/AppIntentsServices
0x000000019f5e8000 	/System/Library/PrivateFrameworks/CoreRecents.framework/Versions/A/CoreRecents
0x0000000228516000 	/System/Library/Frameworks/GeoToolbox.framework/Versions/A/GeoToolbox
0x000000022eeb6000 	/System/Library/Frameworks/_GeoToolbox_AppIntents.framework/Versions/A/_GeoToolbox_AppIntents
0x00000001cf4e6000 	/System/Library/PrivateFrameworks/DiagnosticRequest.framework/Versions/A/DiagnosticRequest
0x0000000276434000 	/System/Library/PrivateFrameworks/XPCDistributed.framework/Versions/A/XPCDistributed
0x000000025ebe0000 	/System/Library/PrivateFrameworks/RegulatoryDomain.framework/Versions/A/RegulatoryDomain
0x0000000199995000 	/usr/lib/libCTGreenTeaLogger.dylib
0x00000002516b7000 	/System/Library/PrivateFrameworks/LocalStatusKit.framework/Versions/A/LocalStatusKit
0x00000001aaf18000 	/System/Library/PrivateFrameworks/CoreParsec.framework/Versions/A/CoreParsec
0x00000001c585f000 	/System/Library/PrivateFrameworks/EmailAddressing.framework/Versions/A/EmailAddressing
0x00000001c185a000 	/System/Library/PrivateFrameworks/EmailCore.framework/Versions/A/EmailCore
0x00000001c2888000 	/System/Library/PrivateFrameworks/EmailFoundation.framework/Versions/A/EmailFoundation
0x000000025a796000 	/System/Library/PrivateFrameworks/PegasusAPI.framework/Versions/A/PegasusAPI
0x000000025b2e7000 	/System/Library/PrivateFrameworks/PegasusConfiguration.framework/Versions/A/PegasusConfiguration
0x000000026e4ca000 	/System/Library/PrivateFrameworks/ToolKit.framework/Versions/A/ToolKit
0x000000025f368000 	/System/Library/PrivateFrameworks/ReplicatorEngine.framework/Versions/A/ReplicatorEngine
0x000000025f50a000 	/System/Library/PrivateFrameworks/ReplicatorServices.framework/Versions/A/ReplicatorServices
0x000000026b187000 	/System/Library/PrivateFrameworks/SystemWake.framework/Versions/A/SystemWake
0x00000001afb68000 	/System/Library/PrivateFrameworks/ContextKit.framework/Versions/A/ContextKit
0x000000023878c000 	/System/Library/PrivateFrameworks/ContextKitCore.framework/Versions/A/ContextKitCore
0x00000001ae0ff000 	/System/Library/Frameworks/LocalAuthentication.framework/Support/DaemonUtils.framework/Versions/A/DaemonUtils
0x000000025164c000 	/System/Library/PrivateFrameworks/LocalAuthenticationCoreUI.framework/Versions/A/LocalAuthenticationCoreUI
0x00000001b1520000 	/System/Library/PrivateFrameworks/BridgeXPC.framework/Versions/A/BridgeXPC
0x00000001aedd0000 	/System/Library/PrivateFrameworks/CoreKDL.framework/Versions/A/CoreKDL
0x00000001ad402000 	/System/Library/PrivateFrameworks/EmbeddedOSSupportHost.framework/Versions/A/EmbeddedOSSupportHost
0x00000001a20d0000 	/System/Library/PrivateFrameworks/LoginUIKit.framework/Versions/A/LoginUIKit
0x00000001bda55000 	/System/Library/PrivateFrameworks/StorageKit.framework/Versions/A/StorageKit
0x00000001e6783000 	/System/Library/Frameworks/DeviceCheck.framework/Versions/A/DeviceCheck
0x00000001bdace000 	/System/Library/PrivateFrameworks/CoreWLANKit.framework/Versions/A/CoreWLANKit
0x0000000273b4d000 	/System/Library/PrivateFrameworks/Wallpaper.framework/Versions/A/Wallpaper
0x000000027d2c3000 	/usr/lib/swift/libswiftGLKit.dylib
0x000000027d2ce000 	/usr/lib/swift/libswiftMetalKit.dylib
0x000000027d2d2000 	/usr/lib/swift/libswiftModelIO.dylib
0x000000027d395000 	/usr/lib/swift/libswiftSceneKit.dylib
0x000000023e800000 	/System/Library/PrivateFrameworks/DiskImages2.framework/Versions/A/DiskImages2
0x00000001c679a000 	/System/Library/PrivateFrameworks/DynamicDesktop.framework/Versions/A/DynamicDesktop
0x0000000273cdc000 	/System/Library/PrivateFrameworks/WallpaperFoundation.framework/Versions/A/WallpaperFoundation
0x0000000273d39000 	/System/Library/PrivateFrameworks/WallpaperTypes.framework/Versions/A/WallpaperTypes
0x00000001db799000 	/System/Library/PrivateFrameworks/SystemDesktopAppearance.framework/Versions/A/SystemDesktopAppearance
0x00000002795cf000 	/System/Library/PrivateFrameworks/icloudMCCKit.framework/Versions/A/icloudMCCKit
0x0000000233008000 	/System/Library/PrivateFrameworks/AppleAccountUI.framework/Versions/A/AppleAccountUI
0x00000001cfabd000 	/System/Library/PrivateFrameworks/PreferencePanesSupport.framework/Versions/A/PreferencePanesSupport
0x00000001b5b2c000 	/System/Library/PrivateFrameworks/FindMyDeviceUI.framework/Versions/A/FindMyDeviceUI
0x0000000277216000 	/System/Library/PrivateFrameworks/iCloudQuotaUI.framework/Versions/A/iCloudQuotaUI
0x00000001cfc71000 	/System/Library/PrivateFrameworks/CoreCDPUI.framework/Versions/A/CoreCDPUI
0x00000001af8c3000 	/System/Library/PrivateFrameworks/CoreFollowUpUI.framework/Versions/A/CoreFollowUpUI
0x00000001bc5e2000 	/System/Library/PrivateFrameworks/IMCore.framework/Versions/A/IMCore
0x00000001a4bf1000 	/System/Library/PrivateFrameworks/CoreCDP.framework/Versions/A/CoreCDP
0x00000001a0b59000 	/System/Library/PrivateFrameworks/AskPermission.framework/Versions/A/AskPermission
0x00000001b35f0000 	/System/Library/Frameworks/Quartz.framework/Versions/A/Quartz
0x00000001c002f000 	/System/Library/PrivateFrameworks/CloudPhotoServicesConfiguration.framework/Versions/A/CloudPhotoServicesConfiguration
0x00000001b1cfa000 	/System/Library/PrivateFrameworks/CommerceKit.framework/Versions/A/CommerceKit
0x00000001c192a000 	/System/Library/PrivateFrameworks/FindMyMac.framework/Versions/A/FindMyMac
0x00000001c17fd000 	/System/Library/Frameworks/PreferencePanes.framework/Versions/A/PreferencePanes
0x00000001b4faa000 	/System/Library/Frameworks/AddressBook.framework/Versions/A/AddressBook
0x000000019fa41000 	/System/Library/PrivateFrameworks/AOSAccounts.framework/Versions/A/AOSAccounts
0x0000000199c96000 	/System/Library/PrivateFrameworks/AppleSRP.framework/Versions/A/AppleSRP
0x00000001ae015000 	/System/Library/Frameworks/SafariServices.framework/Versions/A/SafariServices
0x000000019e51a000 	/System/Library/PrivateFrameworks/NetFSServer.framework/Versions/A/NetFSServer
0x00000001b0aa7000 	/System/Library/Frameworks/PDFKit.framework/Versions/A/PDFKit
0x000000022dfa9000 	/System/Library/Frameworks/TabularData.framework/Versions/A/TabularData
0x000000027d2e9000 	/usr/lib/swift/libswiftPassKit.dylib
0x00000001d3c14000 	/System/Library/Frameworks/PassKit.framework/Versions/A/PassKit
0x00000001a21da000 	/System/Library/PrivateFrameworks/PassKitCore.framework/Versions/A/PassKitCore
0x000000025a0b4000 	/System/Library/PrivateFrameworks/PassKitMacHelperTemp.framework/Versions/A/PassKitMacHelperTemp
0x000000027bcb8000 	/usr/lib/libAppleSSE.dylib
0x00000001ae14b000 	/System/Library/PrivateFrameworks/BiometricKit.framework/Versions/A/BiometricKit
0x000000025fb0e000 	/System/Library/PrivateFrameworks/SEService.framework/Versions/A/SEService
0x0000000227ed5000 	/System/Library/Frameworks/FinanceKit.framework/Versions/A/FinanceKit
0x00000001b369f000 	/System/Library/PrivateFrameworks/NearField.framework/Versions/A/NearField
0x000000027c0b7000 	/usr/lib/libSESShared.dylib
0x000000025fd76000 	/System/Library/PrivateFrameworks/STSXPCHelperClient.framework/Versions/A/STSXPCHelperClient
0x00000001b53b6000 	/usr/lib/libnfshared.dylib
0x000000026af0f000 	/System/Library/PrivateFrameworks/Symptoms.framework/Versions/A/Frameworks/SymptomPresentationFeed.framework/Versions/A/SymptomPresentationFeed
0x00000002339ed000 	/System/Library/PrivateFrameworks/AppleMediaServicesKitInternal.framework/Versions/A/AppleMediaServicesKitInternal
0x0000000234691000 	/System/Library/PrivateFrameworks/AsyncAlgorithmsInternal.framework/Versions/A/AsyncAlgorithmsInternal
0x000000026ac51000 	/System/Library/PrivateFrameworks/SymptomShared.framework/Versions/A/SymptomShared
0x00000001d6944000 	/System/Library/PrivateFrameworks/PassKitUIFoundation.framework/Versions/A/PassKitUIFoundation
0x00000001995c9000 	/System/Library/Frameworks/MapKit.framework/Versions/A/MapKit
0x00000002494cb000 	/System/Library/PrivateFrameworks/GeoAnalytics.framework/Versions/A/GeoAnalytics
0x00000001b53e4000 	/System/Library/PrivateFrameworks/Navigation.framework/Versions/A/Navigation
0x00000001bf077000 	/System/Library/PrivateFrameworks/VectorKit.framework/Versions/A/VectorKit
0x00000001a6641000 	/System/Library/PrivateFrameworks/VirtualGarage.framework/Versions/A/VirtualGarage
0x00000001b55c3000 	/System/Library/Frameworks/ExternalAccessory.framework/ExternalAccessory
0x00000001b55de000 	/System/Library/PrivateFrameworks/IAP.framework/Versions/A/IAP
0x0000000199885000 	/System/Library/PrivateFrameworks/IOPlatformPluginFamily.framework/Versions/A/IOPlatformPluginFamily
0x0000000234cd6000 	/System/Library/PrivateFrameworks/AvatarKit.framework/Versions/A/AvatarKit
0x0000000234d95000 	/System/Library/PrivateFrameworks/AvatarPersistence.framework/Versions/A/AvatarPersistence
0x000000022e330000 	/System/Library/Frameworks/TipKit.framework/Versions/A/TipKit
0x00000001a1cde000 	/System/Library/PrivateFrameworks/IMSharedUtilities.framework/Versions/A/IMSharedUtilities
0x000000027d288000 	/usr/lib/swift/libswiftAppleArchive.dylib
0x0000000270977000 	/System/Library/PrivateFrameworks/VFX.framework/Versions/A/VFX
0x00000001d181a000 	/System/Library/PrivateFrameworks/AppleCVA.framework/Versions/A/AppleCVA
0x0000000234d94000 	/System/Library/PrivateFrameworks/AvatarKitContent.framework/Versions/A/AvatarKitContent
0x0000000229dea000 	/System/Library/Frameworks/MetalFX.framework/Versions/A/MetalFX
0x0000000238308000 	/System/Library/PrivateFrameworks/CompositorNonUI.framework/Versions/A/CompositorNonUI
0x000000022625b000 	/System/Library/Frameworks/ARKit.framework/Versions/A/ARKit
0x0000000230a21000 	/System/Library/PrivateFrameworks/ARKitCore.framework/Versions/A/ARKitCore
0x000000027bdb2000 	/usr/lib/libDisplayWarpSupport.dylib
0x0000000239a56000 	/System/Library/PrivateFrameworks/CoreComposite.framework/Versions/A/CoreComposite
0x000000027c1eb000 	/usr/lib/libchannel.dylib
0x000000027cee5000 	/usr/lib/librealtime_safety.dylib
0x0000000230aae000 	/System/Library/PrivateFrameworks/ARKitFoundation.framework/Versions/A/ARKitFoundation
0x00000002330a6000 	/System/Library/PrivateFrameworks/AppleDepth.framework/Versions/A/AppleDepth
0x000000023321c000 	/System/Library/PrivateFrameworks/AppleDepthCore.framework/Versions/A/AppleDepthCore
0x00000001999be000 	/System/Library/PrivateFrameworks/CoreAppleCVA.framework/Versions/A/CoreAppleCVA
0x00000001a676f000 	/System/Library/PrivateFrameworks/ContactsUICore.framework/Versions/A/ContactsUICore
0x00000001adf81000 	/System/Library/PrivateFrameworks/ContactsDonation.framework/Versions/A/ContactsDonation
0x00000001ad838000 	/System/Library/PrivateFrameworks/DataDetectors.framework/Versions/A/DataDetectors
0x00000001a018e000 	/System/Library/Frameworks/MediaLibrary.framework/Versions/A/MediaLibrary
0x000000019a8b6000 	/System/Library/PrivateFrameworks/PersonaKit.framework/Versions/A/PersonaKit
0x00000001a675d000 	/System/Library/PrivateFrameworks/PersonaUI.framework/Versions/A/PersonaUI
0x00000001c121f000 	/System/Library/PrivateFrameworks/Transparency.framework/Versions/A/Transparency
0x0000000240254000 	/System/Library/PrivateFrameworks/FindMyLocate.framework/Versions/A/FindMyLocate
0x00000001af842000 	/System/Library/PrivateFrameworks/IntlPreferences.framework/Versions/A/IntlPreferences
0x000000024012d000 	/System/Library/PrivateFrameworks/FindMyCommon.framework/Versions/A/FindMyCommon
0x000000023ff1d000 	/System/Library/PrivateFrameworks/FindMyBase.framework/Versions/A/FindMyBase
0x000000022b687000 	/System/Library/Frameworks/NearbyInteraction.framework/Versions/A/NearbyInteraction
0x000000019a4d7000 	/System/Library/PrivateFrameworks/AddressBookCore.framework/Versions/A/AddressBookCore
0x00000001b5141000 	/System/Library/PrivateFrameworks/ToneKit.framework/Versions/A/ToneKit
0x00000001af889000 	/System/Library/PrivateFrameworks/ToneLibrary.framework/Versions/A/ToneLibrary
0x000000023860d000 	/System/Library/PrivateFrameworks/ContactsAccounts.framework/Versions/A/ContactsAccounts
0x00000001b350b000 	/System/Library/PrivateFrameworks/Lookup.framework/Versions/A/Lookup
0x000000022bf6c000 	/System/Library/Frameworks/QuickLookUI.framework/Versions/A/QuickLookUI
0x000000022c981000 	/System/Library/Frameworks/ScreenCaptureKit.framework/Versions/A/ScreenCaptureKit
0x00000001b05bb000 	/System/Library/Frameworks/Quartz.framework/Versions/A/Frameworks/QuartzComposer.framework/Versions/A/QuartzComposer
0x00000001af819000 	/System/Library/Frameworks/Quartz.framework/Versions/A/Frameworks/QuartzFilters.framework/Versions/A/QuartzFilters
0x00000001ae8c5000 	/System/Library/Frameworks/Quartz.framework/Versions/A/Frameworks/ImageKit.framework/Versions/A/ImageKit
0x0000000226068000 	/System/Library/Frameworks/OpenCL.framework/Versions/A/OpenCL
0x00000001acdd8000 	/System/Library/PrivateFrameworks/CorePDF.framework/Versions/A/CorePDF
0x0000000197580000 	/System/Library/Frameworks/QuickLook.framework/Versions/A/QuickLook
0x00000001a20cb000 	/System/Library/PrivateFrameworks/DisplayServices.framework/Versions/A/DisplayServices
0x00000001af79e000 	/System/Library/Frameworks/ImageCaptureCore.framework/Versions/A/ImageCaptureCore
0x0000000272983000 	/System/Library/PrivateFrameworks/VisionKitCore.framework/Versions/A/VisionKitCore
0x00000001aaee8000 	/System/Library/PrivateFrameworks/QuickLookSupport.framework/Versions/A/QuickLookSupport
0x000000025431a000 	/System/Library/PrivateFrameworks/MediaAnalysisServices.framework/Versions/A/MediaAnalysisServices
0x00000001b24f6000 	/System/Library/PrivateFrameworks/PhotoLibraryServices.framework/Versions/A/PhotoLibraryServices
0x00000001af3b6000 	/System/Library/Frameworks/Photos.framework/Versions/A/Photos
0x00000001c3ba3000 	/System/Library/PrivateFrameworks/PhotosFormats.framework/Versions/A/PhotosFormats
0x00000001c005a000 	/System/Library/PrivateFrameworks/CloudPhotoLibrary.framework/Versions/A/CloudPhotoLibrary
0x00000001c9432000 	/System/Library/PrivateFrameworks/CloudPhotoServices.framework/Versions/A/CloudPhotoServices
0x00000001c59d0000 	/System/Library/PrivateFrameworks/CoreMediaStream.framework/Versions/A/CoreMediaStream
0x000000019af77000 	/System/Library/PrivateFrameworks/CPAnalytics.framework/Versions/A/CPAnalytics
0x00000001c1f23000 	/System/Library/PrivateFrameworks/MediaConversionService.framework/Versions/A/MediaConversionService
0x00000001a1cca000 	/System/Library/PrivateFrameworks/PhotoFoundation.framework/Versions/A/PhotoFoundation
0x000000025b8cf000 	/System/Library/PrivateFrameworks/PhotoLibraryServicesCore.framework/Versions/A/PhotoLibraryServicesCore
0x00000001bbcef000 	/System/Library/PrivateFrameworks/MMCS.framework/Versions/A/MMCS
0x000000019ffe7000 	/System/Library/PrivateFrameworks/ChunkingLibrary.framework/Versions/A/ChunkingLibrary
0x0000000199c63000 	/System/Library/PrivateFrameworks/AssetCacheServices.framework/Versions/A/AssetCacheServices
0x000000019bc2b000 	/System/Library/PrivateFrameworks/AVFoundationCF.framework/Versions/A/AVFoundationCF
0x00000001d9937000 	/usr/lib/swift/libswiftDemangle.dylib
0x000000024c657000 	/System/Library/PrivateFrameworks/ImageCaptureDevices.framework/Versions/A/ImageCaptureDevices
0x00000001adaf5000 	/System/Library/PrivateFrameworks/MediaStream.framework/Versions/A/MediaStream
0x00000001c23c5000 	/System/Library/PrivateFrameworks/NeutrinoCore.framework/Versions/A/NeutrinoCore
0x00000001895b4000 	/System/Library/PrivateFrameworks/NLP.framework/Versions/A/NLP
0x00000001c81c5000 	/System/Library/PrivateFrameworks/PhotoImaging.framework/Versions/A/PhotoImaging
0x00000001c93f3000 	/System/Library/PrivateFrameworks/PhotosImagingFoundation.framework/Versions/A/PhotosImagingFoundation
0x000000025c47b000 	/System/Library/PrivateFrameworks/PhotosIntelligenceCore.framework/Versions/A/PhotosIntelligenceCore
0x000000019c066000 	/System/Library/PrivateFrameworks/EmbeddedAcousticRecognition.framework/Versions/A/EmbeddedAcousticRecognition
0x00000001b7344000 	/System/Library/PrivateFrameworks/EmojiFoundation.framework/Versions/A/EmojiFoundation
0x00000001c02d3000 	/System/Library/PrivateFrameworks/SDAPI.framework/Versions/A/SDAPI
0x00000001c9441000 	/System/Library/PrivateFrameworks/AutoLoop.framework/Versions/A/AutoLoop
0x000000025d058000 	/System/Library/PrivateFrameworks/Portrait.framework/Versions/A/Portrait
0x00000002408e4000 	/System/Library/PrivateFrameworks/FusionTracker.framework/Versions/A/FusionTracker
0x00000001b0055000 	/System/Library/PrivateFrameworks/iTunesCloud.framework/Versions/A/iTunesCloud
0x00000001b9234000 	/System/Library/PrivateFrameworks/DAAPKit.framework/Versions/A/DAAPKit
0x00000001ab264000 	/System/Library/PrivateFrameworks/DeviceManagement.framework/Versions/A/DeviceManagement
0x00000001cf437000 	/System/Library/PrivateFrameworks/ScreenTimeUI.framework/Versions/A/ScreenTimeUI
0x00000001ad832000 	/System/Library/PrivateFrameworks/QuickLookNonBaseSystem.framework/Versions/A/QuickLookNonBaseSystem
0x00000001ae057000 	/System/Library/PrivateFrameworks/Catalyst.framework/Versions/A/Catalyst
0x00000001afa3b000 	/System/Library/PrivateFrameworks/ScreenTimeCore.framework/Versions/A/ScreenTimeCore
0x00000001c3053000 	/System/Library/PrivateFrameworks/ScreenTimeServiceUI.framework/Versions/A/ScreenTimeServiceUI
0x00000001bbe7f000 	/System/Library/PrivateFrameworks/ConfigurationEngineModel.framework/Versions/A/ConfigurationEngineModel
0x00000001bf030000 	/System/Library/PrivateFrameworks/UsageTracking.framework/Versions/A/UsageTracking
0x0000000227b68000 	/System/Library/Frameworks/DeviceActivity.framework/Versions/A/DeviceActivity
0x00000001bf000000 	/System/Library/PrivateFrameworks/KnowledgeMonitor.framework/Versions/A/KnowledgeMonitor
0x00000001d68ea000 	/System/Library/PrivateFrameworks/BluetoothManager.framework/Versions/A/BluetoothManager
0x000000022916f000 	/System/Library/Frameworks/ManagedSettings.framework/Versions/A/ManagedSettings
0x0000000253a7a000 	/System/Library/PrivateFrameworks/ManagedSettingsSupport.framework/Versions/A/ManagedSettingsSupport
0x00000001d3ce4000 	/System/Library/Frameworks/ReplayKit.framework/Versions/A/ReplayKit
0x00000001a308a000 	/System/Library/PrivateFrameworks/MarkupUI.framework/Versions/A/MarkupUI
0x00000001ad80a000 	/System/Library/PrivateFrameworks/SidecarCore.framework/Versions/A/SidecarCore
0x00000001b0470000 	/System/Library/PrivateFrameworks/AnnotationKit.framework/Versions/A/AnnotationKit
0x00000001aeb0a000 	/System/Library/Frameworks/PencilKit.framework/Versions/A/PencilKit
0x00000001aeccf000 	/System/Library/PrivateFrameworks/SidecarUI.framework/Versions/A/SidecarUI
0x00000001ae467000 	/System/Library/PrivateFrameworks/CoreHandwriting.framework/Versions/A/CoreHandwriting
0x000000018318b000 	/usr/lib/libmecabra.dylib
0x00000001a6d2e000 	/System/Library/PrivateFrameworks/Calculate.framework/Versions/A/Calculate
0x0000000192c81000 	/usr/lib/libChineseTokenizer.dylib
0x00000001e4d36000 	/System/Library/PrivateFrameworks/ScreenReaderCore.framework/Versions/A/ScreenReaderCore
0x000000026a1af000 	/System/Library/PrivateFrameworks/StocksKit.framework/Versions/A/StocksKit
0x00000001a5d2b000 	/System/Library/PrivateFrameworks/OAuth.framework/Versions/A/OAuth
0x0000000269ea0000 	/System/Library/PrivateFrameworks/StocksCore.framework/Versions/A/StocksCore
0x000000026b47f000 	/System/Library/PrivateFrameworks/TeaFoundation.framework/Versions/A/TeaFoundation
0x000000026b661000 	/System/Library/PrivateFrameworks/TeaSettings.framework/Versions/A/TeaSettings
0x00000001dafff000 	/System/Library/PrivateFrameworks/NewsCore.framework/Versions/A/NewsCore
0x000000026b41b000 	/System/Library/PrivateFrameworks/TeaDB.framework/Versions/A/TeaDB
0x00000001d79fe000 	/System/Library/PrivateFrameworks/RemoteConfiguration.framework/Versions/A/RemoteConfiguration
0x00000001dac0a000 	/System/Library/PrivateFrameworks/NewsTransport.framework/Versions/A/NewsTransport
0x00000001dafef000 	/System/Library/PrivateFrameworks/NewsFoundation.framework/Versions/A/NewsFoundation
0x0000000257da8000 	/System/Library/PrivateFrameworks/NewsURLBucket.framework/Versions/A/NewsURLBucket
0x00000001b20ef000 	/System/Library/PrivateFrameworks/MobileInstallation.framework/Versions/A/MobileInstallation
0x000000022e49d000 	/System/Library/Frameworks/Translation.framework/Versions/A/Translation
0x00000001cae43000 	/System/Library/PrivateFrameworks/RevealCore.framework/Versions/A/RevealCore
0x00000001cae37000 	/System/Library/PrivateFrameworks/Reveal.framework/Versions/A/Reveal
0x00000001c2d1d000 	/System/Library/Frameworks/Speech.framework/Versions/A/Speech
0x000000022f901000 	/System/Library/PrivateFrameworks/AIMLExperimentationAnalytics.framework/Versions/A/AIMLExperimentationAnalytics
0x0000000231c5f000 	/System/Library/PrivateFrameworks/AlgorithmsInternal.framework/Versions/A/AlgorithmsInternal
0x000000026ecb3000 	/System/Library/PrivateFrameworks/TranslationUIServices.framework/Versions/A/TranslationUIServices
0x000000026db9f000 	/System/Library/PrivateFrameworks/TipKitCore.framework/Versions/A/TipKitCore
0x00000001b73c8000 	/System/Library/PrivateFrameworks/CoreCDPInternal.framework/Versions/A/CoreCDPInternal
0x000000024ce33000 	/System/Library/PrivateFrameworks/InputAnalytics.framework/Versions/A/InputAnalytics
0x00000001bce61000 	/System/Library/Frameworks/InstantMessage.framework/Versions/A/InstantMessage
0x00000001b4eb8000 	/System/Library/PrivateFrameworks/IDSKVStore.framework/Versions/A/IDSKVStore
0x00000001b4b97000 	/System/Library/PrivateFrameworks/IMDPersistence.framework/Versions/A/IMDPersistence
0x000000027086d000 	/System/Library/PrivateFrameworks/UserSafety.framework/Versions/A/UserSafety
0x00000001d5af8000 	/System/Library/PrivateFrameworks/BlastDoor.framework/Versions/A/BlastDoor
0x00000002512d2000 	/System/Library/PrivateFrameworks/LinkPresentationStyleSheetParsing.framework/Versions/A/LinkPresentationStyleSheetParsing
0x000000025d209000 	/System/Library/PrivateFrameworks/PosterFoundation.framework/Versions/A/PosterFoundation
0x000000025d297000 	/System/Library/PrivateFrameworks/PosterModel.framework/Versions/A/PosterModel
0x000000025d272000 	/System/Library/PrivateFrameworks/PosterFuturesKit.framework/Versions/A/PosterFuturesKit
0x000000023fd14000 	/System/Library/PrivateFrameworks/FeedbackService.framework/Versions/A/FeedbackService
0x00000001aded8000 	/System/Library/PrivateFrameworks/CoreSDB.framework/Versions/A/CoreSDB
0x000000023447a000 	/System/Library/PrivateFrameworks/AskToCore.framework/Versions/A/AskToCore
0x00000001cfc6e000 	/System/Library/PrivateFrameworks/MachineSettings.framework/Versions/A/MachineSettings
0x00000001c177f000 	/System/Library/PrivateFrameworks/BezelServices.framework/Versions/A/BezelServices
0x00000001b92c0000 	/System/Library/PrivateFrameworks/SPOwner.framework/Versions/A/SPOwner
0x00000001b1d5f000 	/System/Library/PrivateFrameworks/FMCore.framework/Versions/A/FMCore
0x00000001b1559000 	/System/Library/PrivateFrameworks/AppleMediaServicesUI.framework/Versions/A/AppleMediaServicesUI
0x000000027716e000 	/System/Library/PrivateFrameworks/iCloudQuota.framework/Versions/A/iCloudQuota
0x00000001a66da000 	/System/Library/PrivateFrameworks/CoreRecognition.framework/Versions/A/CoreRecognition
0x00000001c1835000 	/System/Library/PrivateFrameworks/InAppMessages.framework/Versions/A/InAppMessages
0x00000001e3927000 	/System/Library/PrivateFrameworks/JetUI.framework/Versions/A/JetUI
0x00000002505b3000 	/System/Library/PrivateFrameworks/JetPack.framework/Versions/A/JetPack
0x00000001c182c000 	/System/Library/PrivateFrameworks/InAppMessagesCore.framework/Versions/A/InAppMessagesCore
0x0000000276539000 	/System/Library/PrivateFrameworks/_JetEngine_SwiftUI.framework/Versions/A/_JetEngine_SwiftUI
0x000000026af38000 	/System/Library/PrivateFrameworks/Synapse.framework/Versions/A/Synapse
0x000000023661c000 	/System/Library/PrivateFrameworks/CSExattrCrypto.framework/Versions/A/CSExattrCrypto
0x00000001b31f4000 	/System/Library/PrivateFrameworks/StoreFoundation.framework/Versions/A/StoreFoundation
0x00000001b1d59000 	/System/Library/PrivateFrameworks/ServerInformation.framework/Versions/A/ServerInformation
0x00000001b178f000 	/System/Library/PrivateFrameworks/Install.framework/Frameworks/DistributionKit.framework/Versions/A/DistributionKit
0x00000001aacbc000 	/System/Library/PrivateFrameworks/PackageKit.framework/Versions/A/PackageKit
0x00000001b17b2000 	/System/Library/PrivateFrameworks/OSPersonalization.framework/Versions/A/OSPersonalization
0x00000001b377e000 	/System/Library/PrivateFrameworks/BridgeOSSoftwareUpdate.framework/Versions/A/BridgeOSSoftwareUpdate
0x00000001ae36f000 	/System/Library/PrivateFrameworks/StorageManagement.framework/Versions/A/StorageManagement
0x00000001c2ba3000 	/usr/lib/libauthinstall.dylib
0x00000001b3787000 	/System/Library/PrivateFrameworks/InstallerDiagnostics.framework/Versions/A/InstallerDiagnostics
0x00000001c321f000 	/usr/lib/libcrypto.42.dylib
0x000000027d7ef000 	/usr/lib/updaters/libAppleTconUARPUpdater.dylib
0x000000027d912000 	/usr/lib/updaters/libT200Updater.dylib
0x00000001b376c000 	/System/Library/PrivateFrameworks/GPUInfo.framework/Versions/A/GPUInfo
0x00000001c1930000 	/System/Library/PrivateFrameworks/MobileActivationMacOS.framework/Versions/A/MobileActivationMacOS
0x00000001a5c6d000 	/System/Library/PrivateFrameworks/AccountsDaemon.framework/Versions/A/AccountsDaemon
0x00000002493fd000 	/System/Library/PrivateFrameworks/GenerativePartnerService.framework/Versions/A/GenerativePartnerService
0x0000000195cd6000 	/System/Library/PrivateFrameworks/CacheDelete.framework/Versions/A/CacheDelete
0x000000019e63e000 	/System/Library/Frameworks/QuickLookThumbnailing.framework/Versions/A/QuickLookThumbnailing
0x00000001b37cb000 	/System/Library/PrivateFrameworks/AOSKit.framework/Versions/A/AOSKit
0x0000000192db2000 	/System/Library/PrivateFrameworks/AppSSOCore.framework/Versions/A/AppSSOCore
0x00000001ad1e2000 	/System/Library/Frameworks/AVFoundation.framework/Versions/A/AVFoundation
0x0000000234e2e000 	/System/Library/PrivateFrameworks/BackgroundSystemTasks.framework/Versions/A/BackgroundSystemTasks
0x000000019e554000 	/System/Library/PrivateFrameworks/DuetActivityScheduler.framework/Versions/A/DuetActivityScheduler
0x00000001bff89000 	/System/Library/PrivateFrameworks/NetworkServiceProxy.framework/Versions/A/NetworkServiceProxy
0x00000001998f7000 	/usr/lib/libnetworkextension.dylib
0x000000019bf75000 	/System/Library/PrivateFrameworks/Rapport.framework/Versions/A/Rapport
0x000000026ac61000 	/System/Library/PrivateFrameworks/Symptoms.framework/Versions/A/Frameworks/SymptomAnalytics.framework/Versions/A/SymptomAnalytics
0x000000019670a000 	/System/Library/Frameworks/NetworkExtension.framework/Versions/A/NetworkExtension
0x000000019cd1b000 	/System/Library/PrivateFrameworks/CoreDuetContext.framework/Versions/A/CoreDuetContext
0x0000000187c0f000 	/System/Library/PrivateFrameworks/CoreDuet.framework/Versions/A/CoreDuet
0x00000001a1a24000 	/System/Library/PrivateFrameworks/AssistantServices.framework/Versions/A/AssistantServices
0x000000019bd6f000 	/System/Library/PrivateFrameworks/SAObjects.framework/Versions/A/SAObjects
0x00000001a161f000 	/System/Library/PrivateFrameworks/MediaRemote.framework/Versions/A/MediaRemote
0x00000001b3cbf000 	/System/Library/PrivateFrameworks/SiriInstrumentation.framework/Versions/A/SiriInstrumentation
0x0000000261c20000 	/System/Library/PrivateFrameworks/SiriAnalytics.framework/Versions/A/SiriAnalytics
0x0000000267ac2000 	/System/Library/PrivateFrameworks/SiriTTSService.framework/Versions/A/SiriTTSService
0x000000026255c000 	/System/Library/PrivateFrameworks/SiriCrossDeviceArbitration.framework/Versions/A/SiriCrossDeviceArbitration
0x00000001b152b000 	/System/Library/PrivateFrameworks/FeedbackLogger.framework/Versions/A/FeedbackLogger
0x000000023f8c1000 	/System/Library/PrivateFrameworks/FaceTimeNameUtility.framework/Versions/A/FaceTimeNameUtility
0x00000002625b0000 	/System/Library/PrivateFrameworks/SiriCrossDeviceArbitrationFeedback.framework/Versions/A/SiriCrossDeviceArbitrationFeedback
0x00000002492b9000 	/System/Library/PrivateFrameworks/GenerativeModels.framework/Versions/A/GenerativeModels
0x00000002263a1000 	/System/Library/Frameworks/AVRouting.framework/Versions/A/AVRouting
0x00000001a64ed000 	/System/Library/PrivateFrameworks/MediaServices.framework/Versions/A/MediaServices
0x0000000194330000 	/System/Library/Frameworks/MediaToolbox.framework/Versions/A/MediaToolbox
0x000000019ad19000 	/System/Library/PrivateFrameworks/CoreAVCHD.framework/Versions/A/CoreAVCHD
0x000000019ad15000 	/System/Library/PrivateFrameworks/Mangrove.framework/Versions/A/Mangrove
0x0000000236438000 	/System/Library/PrivateFrameworks/CMPhoto.framework/Versions/A/CMPhoto
0x000000019b4fa000 	/System/Library/Frameworks/CoreTelephony.framework/Versions/A/CoreTelephony
0x000000019ad08000 	/System/Library/PrivateFrameworks/CoreAUC.framework/Versions/A/CoreAUC
0x0000000233771000 	/System/Library/PrivateFrameworks/AppleJPEGXL.framework/Versions/A/AppleJPEGXL
0x0000000195d77000 	/usr/lib/libTelephonyUtilDynamic.dylib
0x000000019bbad000 	/System/Library/Frameworks/LocalAuthentication.framework/Versions/A/LocalAuthentication
0x0000000251508000 	/System/Library/PrivateFrameworks/LocalAuthenticationCore.framework/Versions/A/LocalAuthenticationCore
0x000000025168d000 	/System/Library/PrivateFrameworks/LocalAuthenticationCredentialServices.framework/Versions/A/LocalAuthenticationCredentialServices
0x000000019bc19000 	/System/Library/Frameworks/LocalAuthentication.framework/Support/SharedUtils.framework/Versions/A/SharedUtils
0x00000001931fb000 	/System/Library/PrivateFrameworks/PersistentConnection.framework/Versions/A/PersistentConnection
0x00000002692d5000 	/System/Library/PrivateFrameworks/SonicFoundation.framework/Versions/A/SonicFoundation
0x000000023e125000 	/System/Library/PrivateFrameworks/Dendrite.framework/Versions/A/Dendrite
0x00000001b5b7f000 	/usr/lib/libtailspin.dylib
0x00000001c9551000 	/System/Library/PrivateFrameworks/Osprey.framework/Versions/A/Osprey
0x000000026711d000 	/System/Library/PrivateFrameworks/SiriTTS.framework/Versions/A/SiriTTS
0x00000001adf9e000 	/System/Library/Frameworks/NaturalLanguage.framework/Versions/A/NaturalLanguage
0x0000000265f03000 	/System/Library/PrivateFrameworks/SiriPowerInstrumentation.framework/Versions/A/SiriPowerInstrumentation
0x00000001aee5f000 	/System/Library/PrivateFrameworks/Trial.framework/Versions/A/Trial
0x00000001aede1000 	/System/Library/PrivateFrameworks/TrialProto.framework/Versions/A/TrialProto
0x000000026ff5a000 	/System/Library/PrivateFrameworks/UnifiedAssetFramework.framework/Versions/A/UnifiedAssetFramework
0x00000001cb577000 	/usr/lib/swift/libswiftAVFoundation.dylib
0x00000001db99d000 	/usr/lib/swift/libswiftNaturalLanguage.dylib
0x000000026b419000 	/System/Library/PrivateFrameworks/TailspinSymbolication.framework/Versions/A/TailspinSymbolication
0x000000023dd64000 	/System/Library/PrivateFrameworks/Darwinup.framework/Versions/A/Darwinup
0x00000001c1f5e000 	/System/Library/PrivateFrameworks/SignpostSupport.framework/Versions/A/SignpostSupport
0x00000001ade65000 	/System/Library/PrivateFrameworks/FeatureFlagsSupport.framework/Versions/A/FeatureFlagsSupport
0x00000001c1691000 	/System/Library/PrivateFrameworks/ktrace.framework/Versions/A/ktrace
0x00000001c218d000 	/System/Library/PrivateFrameworks/SampleAnalysis.framework/Versions/A/SampleAnalysis
0x00000001cae11000 	/System/Library/PrivateFrameworks/kperfdata.framework/Versions/A/kperfdata
0x00000001976c1000 	/usr/lib/libdscsym.dylib
0x00000001cb2cd000 	/System/Library/PrivateFrameworks/BulkSymbolication.framework/Versions/A/BulkSymbolication
0x000000019e68a000 	/System/Library/PrivateFrameworks/Espresso.framework/Versions/A/Espresso
0x000000018c7e1000 	/System/Library/Frameworks/CoreML.framework/Versions/A/CoreML
0x00000001e50dd000 	/System/Library/PrivateFrameworks/ANECompiler.framework/Versions/A/ANECompiler
0x00000001a0777000 	/System/Library/PrivateFrameworks/AppleNeuralEngine.framework/Versions/A/AppleNeuralEngine
0x0000000229e91000 	/System/Library/Frameworks/MetalPerformanceShadersGraph.framework/Versions/A/MetalPerformanceShadersGraph
0x0000000251f94000 	/System/Library/PrivateFrameworks/MLCompilerServices.framework/Versions/A/MLCompilerServices
0x000000019f526000 	/System/Library/PrivateFrameworks/ANEServices.framework/Versions/A/ANEServices
0x0000000258e03000 	/System/Library/PrivateFrameworks/ODIE.framework/Versions/A/ODIE
0x0000000251f38000 	/System/Library/PrivateFrameworks/MLCompilerRuntime.framework/Versions/A/MLCompilerRuntime
0x0000000190bc3000 	/System/Library/Frameworks/MLCompute.framework/Versions/A/MLCompute
0x0000000251eba000 	/System/Library/PrivateFrameworks/MLAssetIO.framework/Versions/A/MLAssetIO
0x000000027d2c7000 	/usr/lib/swift/libswiftMLCompute.dylib
0x000000019b700000 	/System/Library/PrivateFrameworks/AVFCore.framework/Versions/A/AVFCore
0x00000001a4c7d000 	/System/Library/PrivateFrameworks/AVFCapture.framework/Versions/A/AVFCapture
0x0000000236221000 	/System/Library/PrivateFrameworks/CMImaging.framework/Versions/A/CMImaging
0x00000001a4ec6000 	/System/Library/PrivateFrameworks/Quagga.framework/Versions/A/Quagga
0x00000001a4ffa000 	/System/Library/PrivateFrameworks/CMCapture.framework/Versions/A/CMCapture
0x00000001958fd000 	/System/Library/Frameworks/CoreMediaIO.framework/Versions/A/CoreMediaIO
0x000000023615d000 	/System/Library/PrivateFrameworks/CMCaptureDevice.framework/Versions/A/CMCaptureDevice
0x0000000193371000 	/System/Library/PrivateFrameworks/CoreBrightness.framework/Versions/A/CoreBrightness
0x0000000237232000 	/System/Library/PrivateFrameworks/CinematicFraming.framework/Versions/A/CinematicFraming
0x00000001c860f000 	/System/Library/PrivateFrameworks/CPMS.framework/Versions/A/CPMS
0x000000026b10f000 	/System/Library/PrivateFrameworks/SystemStatus.framework/Versions/A/SystemStatus
0x00000001acdda000 	/System/Library/Frameworks/CoreMotion.framework/Versions/A/CoreMotion
0x00000001bcf1f000 	/System/Library/PrivateFrameworks/TimeSync.framework/Versions/A/TimeSync
0x000000023ea42000 	/System/Library/PrivateFrameworks/DistributedSensing.framework/Versions/A/DistributedSensing
0x00000001b84ff000 	/System/Library/PrivateFrameworks/MobileBluetooth.framework/Versions/A/MobileBluetooth
0x00000001bec18000 	/System/Library/PrivateFrameworks/IOKitten.framework/Versions/A/IOKitten
0x0000000184407000 	/System/Library/PrivateFrameworks/LanguageModeling.framework/Versions/A/LanguageModeling
0x00000001893bb000 	/System/Library/PrivateFrameworks/Montreal.framework/Versions/A/Montreal
0x000000019162e000 	/usr/lib/libcmph.dylib
0x0000000249392000 	/System/Library/PrivateFrameworks/GenerativeModelsFoundation.framework/Versions/A/GenerativeModelsFoundation
0x000000026df07000 	/System/Library/PrivateFrameworks/TokenGeneration.framework/Versions/A/TokenGeneration
0x0000000249175000 	/System/Library/PrivateFrameworks/GenerativeFunctions.framework/Versions/A/GenerativeFunctions
0x00000002491c1000 	/System/Library/PrivateFrameworks/GenerativeFunctionsFoundation.framework/Versions/A/GenerativeFunctionsFoundation
0x00000002556e0000 	/System/Library/PrivateFrameworks/ModelCatalog.framework/Versions/A/ModelCatalog
0x00000002610cd000 	/System/Library/PrivateFrameworks/SensitiveContentAnalysisML.framework/Versions/A/SensitiveContentAnalysisML
0x0000000249256000 	/System/Library/PrivateFrameworks/GenerativeFunctionsInstrumentation.framework/Versions/A/GenerativeFunctionsInstrumentation
0x000000025e31b000 	/System/Library/PrivateFrameworks/PromptKit.framework/Versions/A/PromptKit
0x000000025ddf8000 	/System/Library/PrivateFrameworks/ProactiveDaemonSupport.framework/Versions/A/ProactiveDaemonSupport
0x0000000255ac2000 	/System/Library/PrivateFrameworks/ModelManagerServices.framework/Versions/A/ModelManagerServices
0x000000026e155000 	/System/Library/PrivateFrameworks/TokenGenerationCore.framework/Versions/A/TokenGenerationCore
0x000000023369e000 	/System/Library/PrivateFrameworks/AppleIntelligenceReporting.framework/Versions/A/AppleIntelligenceReporting
0x0000000233306000 	/System/Library/PrivateFrameworks/AppleFlatBuffers.framework/Versions/A/AppleFlatBuffers
0x0000000261306000 	/System/Library/PrivateFrameworks/SentencePieceInternal.framework/Versions/A/SentencePieceInternal
0x0000000199cdb000 	/System/Library/Frameworks/Vision.framework/Versions/A/Vision
0x000000023d73c000 	/System/Library/PrivateFrameworks/CoreSceneUnderstanding.framework/Versions/A/CoreSceneUnderstanding
0x0000000272937000 	/System/Library/PrivateFrameworks/VisionCore.framework/Versions/A/VisionCore
0x00000001b74a0000 	/System/Library/Frameworks/Vision.framework/libfaceCore.dylib
0x00000001b7fc3000 	/System/Library/PrivateFrameworks/Futhark.framework/Versions/A/Futhark
0x00000001bbd9b000 	/System/Library/PrivateFrameworks/InertiaCam.framework/Versions/A/InertiaCam
0x00000001b7d4b000 	/System/Library/PrivateFrameworks/TextRecognition.framework/Versions/A/TextRecognition
0x0000000192dd3000 	/System/Library/PrivateFrameworks/CVNLP.framework/Versions/A/CVNLP
0x000000018c280000 	/System/Library/PrivateFrameworks/ApplePushService.framework/Versions/A/ApplePushService
0x000000018c2eb000 	/System/Library/Frameworks/CloudKit.framework/Versions/A/CloudKit
0x000000019f6e4000 	/System/Library/PrivateFrameworks/CoreDuetDaemonProtocol.framework/Versions/A/CoreDuetDaemonProtocol
0x00000001c4762000 	/System/Library/PrivateFrameworks/DeviceIdentity.framework/Versions/A/DeviceIdentity
0x000000022cb98000 	/System/Library/Frameworks/SharedWithYouCore.framework/Versions/A/SharedWithYouCore
0x0000000237ada000 	/System/Library/PrivateFrameworks/CloudTelemetry.framework/Versions/A/CloudTelemetry
0x000000019e022000 	/System/Library/PrivateFrameworks/AppleAccount.framework/Versions/A/AppleAccount
0x000000019e5e3000 	/System/Library/PrivateFrameworks/C2.framework/Versions/A/C2
0x000000023774c000 	/System/Library/PrivateFrameworks/CloudCoreInternal.framework/Versions/A/CloudCoreInternal
0x00000002374f1000 	/System/Library/PrivateFrameworks/CloudAsset.framework/Versions/A/CloudAsset
0x000000019e5da000 	/System/Library/Frameworks/PushKit.framework/Versions/A/PushKit
0x0000000237afa000 	/System/Library/PrivateFrameworks/CloudTelemetryTools.framework/Versions/A/CloudTelemetryTools
0x00000001a04d4000 	/System/Library/PrivateFrameworks/RTCReporting.framework/Versions/A/RTCReporting
0x000000022f7e7000 	/System/Library/PrivateFrameworks/AAAFoundationSwift.framework/Versions/A/AAAFoundationSwift
0x000000019e2ad000 	/System/Library/PrivateFrameworks/AppleIDSSOAuthentication.framework/Versions/A/AppleIDSSOAuthentication
0x00000001b309f000 	/System/Library/PrivateFrameworks/CaptiveNetwork.framework/Versions/A/CaptiveNetwork
0x000000019dab3000 	/System/Library/PrivateFrameworks/EAP8021X.framework/Versions/A/EAP8021X
0x000000023db4a000 	/System/Library/PrivateFrameworks/CryptoKitPrivate.framework/Versions/A/CryptoKitPrivate
0x00000001ad432000 	/System/Library/PrivateFrameworks/FindMyDevice.framework/Versions/A/FindMyDevice
0x00000001a21ba000 	/System/Library/PrivateFrameworks/FMCoreLite.framework/Versions/A/FMCoreLite
0x0000000190863000 	/System/Library/Frameworks/ServiceManagement.framework/Versions/A/ServiceManagement
0x000000022edf4000 	/System/Library/Frameworks/_AppIntents_AppKit.framework/Versions/A/_AppIntents_AppKit
0x00000001b4b19000 	/System/Library/Frameworks/Accelerate.framework/Versions/A/Frameworks/vImage.framework/Versions/A/Libraries/libCGInterfaces.dylib
0x00000001c2156000 	/System/Library/PrivateFrameworks/UIKitServices.framework/Versions/A/UIKitServices
0x0000000148000000 	/System/Library/Extensions/AGXMetalG16G_B0.bundle/Contents/MacOS/AGXMetalG16G_B0
0x00000001a638e000 	/System/Library/PrivateFrameworks/IOGPU.framework/Versions/A/IOGPU
0x0000000225ee2000 	/System/Library/Frameworks/OpenGL.framework/Versions/A/Resources/GLEngine.bundle/GLEngine
0x0000000225d84000 	/System/Library/Frameworks/OpenGL.framework/Versions/A/Libraries/libGLProgrammability.dylib
0x0000000139d00000 	/System/Library/Extensions/AppleMetalOpenGLRenderer.bundle/Contents/MacOS/AppleMetalOpenGLRenderer
0x0000000226043000 	/System/Library/Frameworks/OpenGL.framework/Versions/A/Resources/GLRendererFloat.bundle/GLRendererFloat
0x000000026bc2a000 	/System/Library/PrivateFrameworks/TextInputUI.framework/Versions/A/TextInputUI
0x000000026bc5e000 	/System/Library/PrivateFrameworks/TextInputUIMacHelper.framework/Versions/A/TextInputUIMacHelper
0x00000002698cf000 	/System/Library/PrivateFrameworks/SpotlightKnowledge.framework/Versions/A/SpotlightKnowledge
0x000000023eef0000 	/System/Library/PrivateFrameworks/DocumentUnderstandingClient.framework/Versions/A/DocumentUnderstandingClient
0x00000002698b6000 	/System/Library/PrivateFrameworks/SpotlightEmbedding.framework/Versions/A/SpotlightEmbedding
0x0000000187bb2000 	/System/Library/PrivateFrameworks/SpotlightLinguistics.framework/Versions/A/SpotlightLinguistics
0x0000000269a83000 	/System/Library/PrivateFrameworks/SpotlightResources.framework/Versions/A/SpotlightResources
0x000000019fa9b000 	/System/Library/PrivateFrameworks/SpotlightIndex.framework/Versions/A/SpotlightIndex
0x00000001b3063000 	/System/Library/PrivateFrameworks/DataDeliveryServices.framework/Versions/A/DataDeliveryServices
0x000000023726b000 	/System/Library/PrivateFrameworks/CipherML.framework/Versions/A/CipherML
0x000000025b342000 	/System/Library/PrivateFrameworks/PegasusKit.framework/Versions/A/PegasusKit
0x000000026a852000 	/System/Library/PrivateFrameworks/SwiftSQLite.framework/Versions/A/SwiftSQLite
0x000000013f180000 	/Users/stefano.deblasi/Library/Application Support/ModrinthApp/meta/natives/1.20.1-0.18.4/liblwjgl_opengl.dylib
0x0000000149b84000 	/Users/stefano.deblasi/Library/Application Support/ModrinthApp/meta/java_versions/zulu17.64.17-ca-jre17.0.18-macosx_aarch64/zulu-17.jre/Contents/Home/lib/libawt.dylib
0x0000000149b00000 	/Users/stefano.deblasi/Library/Application Support/ModrinthApp/meta/java_versions/zulu17.64.17-ca-jre17.0.18-macosx_aarch64/zulu-17.jre/Contents/Home/lib/libmlib_image.dylib
0x0000000228ff5000 	/System/Library/Frameworks/JavaRuntimeSupport.framework/Versions/A/JavaRuntimeSupport
0x000000014f800000 	/Users/stefano.deblasi/Library/Application Support/ModrinthApp/meta/java_versions/zulu17.64.17-ca-jre17.0.18-macosx_aarch64/zulu-17.jre/Contents/Home/lib/libawt_lwawt.dylib
0x000000013f7b8000 	/Users/stefano.deblasi/Library/Application Support/ModrinthApp/meta/java_versions/zulu17.64.17-ca-jre17.0.18-macosx_aarch64/zulu-17.jre/Contents/Home/lib/libosxapp.dylib
0x00000001ab32c000 	/System/Library/Frameworks/ExceptionHandling.framework/Versions/A/ExceptionHandling
0x000000013f7a0000 	/private/var/folders/pd/smzmx_zx7rdfpvpjh7md1gdc0000gp/T/native-7793022494285782829.dylib
0x000000013f794000 	/private/var/folders/pd/smzmx_zx7rdfpvpjh7md1gdc0000gp/T/native-16721699913373239568.dylib
0x000000014b700000 	/private/var/folders/pd/smzmx_zx7rdfpvpjh7md1gdc0000gp/T/libzstd-jni_dh-1.5.7-610297414210670949857.dylib
0x000000014fa3c000 	/private/var/folders/pd/smzmx_zx7rdfpvpjh7md1gdc0000gp/T/sqlite-3.47.2.0-309b9f76-045b-4455-a02a-23d49e3b8b89-libsqlitejdbc.dylib
0x000000014f92c000 	/private/var/folders/pd/smzmx_zx7rdfpvpjh7md1gdc0000gp/T/libopus4j-1eb5d9e3e7c729c7d3e18224b0a53fb6/libopus4j.dylib
0x0000000148bc0000 	/private/var/folders/pd/smzmx_zx7rdfpvpjh7md1gdc0000gp/T/librnnoise4j-dd0bc92191c29275673e4f820630aa49/librnnoise4j.dylib
0x0000000148ba4000 	/private/var/folders/pd/smzmx_zx7rdfpvpjh7md1gdc0000gp/T/libspeex4j-f75720920af514f7fd1a458b9748f906/libspeex4j.dylib
0x0000000149c70000 	/private/var/folders/pd/smzmx_zx7rdfpvpjh7md1gdc0000gp/T/liblame4j-616f7ca627be4f4f2d2039debf359014/liblame4j.dylib
0x000000013f460000 	/private/var/folders/pd/smzmx_zx7rdfpvpjh7md1gdc0000gp/T/libjcocoa16672416722177987805.dylib
0x00000001b80c2000 	/System/Library/CoreServices/RawCamera.bundle/Contents/MacOS/RawCamera
0x000000016af9c000 	/Users/stefano.deblasi/Library/Application Support/ModrinthApp/meta/natives/1.20.1-0.18.4/libopenal.dylib
0x00000001bd56d000 	/System/Library/PrivateFrameworks/TextToSpeech.framework/Versions/A/TextToSpeech
0x00000001c26d2000 	/System/Library/PrivateFrameworks/AXAssetLoader.framework/Versions/A/AXAssetLoader
0x000000023109b000 	/System/Library/PrivateFrameworks/AccessibilityUtilities.framework/Versions/A/AccessibilityUtilities
0x00000001ad6d9000 	/System/Library/PrivateFrameworks/AccessibilitySharedSupport.framework/Versions/A/AccessibilitySharedSupport
0x00000001cf487000 	/System/Library/PrivateFrameworks/AXRuntime.framework/Versions/A/AXRuntime
0x00000001b30ad000 	/System/Library/PrivateFrameworks/UniversalAccess.framework/Versions/A/UniversalAccess
0x000000026015f000 	/System/Library/PrivateFrameworks/Sage.framework/Versions/A/Sage
0x00000001c1681000 	/System/Library/PrivateFrameworks/AccessibilitySupport.framework/Versions/A/AccessibilitySupport
0x00000001c31da000 	/System/Library/PrivateFrameworks/UniversalAccess.framework/Versions/A/Frameworks/UniversalAccessCore.framework/Versions/A/UniversalAccessCore
0x00000001cb2a5000 	/System/Library/PrivateFrameworks/AccessibilitySupport.framework/Versions/A/Frameworks/AccessibilityEvents.framework/Versions/A/AccessibilityEvents
0x00000001c22ed000 	/System/Library/PrivateFrameworks/AccessibilitySupport.framework/Versions/A/Frameworks/AccessibilityFoundation.framework/Versions/A/AccessibilityFoundation
0x00000001cb1d5000 	/System/Library/PrivateFrameworks/AccessibilitySupport.framework/Versions/A/Frameworks/AccessibilityKit.framework/Versions/A/AccessibilityKit
0x00000001cb23f000 	/System/Library/PrivateFrameworks/AccessibilitySupport.framework/Versions/A/Frameworks/AccessibilityVisuals.framework/Versions/A/AccessibilityVisuals
0x000000019bd3a000 	/System/Library/PrivateFrameworks/BatteryUIKit.framework/Versions/A/BatteryUIKit
0x0000000270353000 	/System/Library/PrivateFrameworks/UniversalControl.framework/Versions/A/UniversalControl
0x000000019e50c000 	/usr/lib/libScreenReader.dylib
0x000000014ff50000 	/Users/stefano.deblasi/Library/Application Support/ModrinthApp/meta/natives/1.20.1-0.18.4/liblwjgl_stb.dylib
0x0000000346f94000 	/Users/stefano.deblasi/Library/Application Support/ModrinthApp/profiles/GDCModpack 1.0.0/mods/mcef-libraries/macos_arm64/jcef_app.app/Contents/Java/libjcef.dylib
0x00000003523ec000 	/Users/stefano.deblasi/Library/Application Support/ModrinthApp/profiles/GDCModpack 1.0.0/mods/mcef-libraries/macos_arm64/jcef_app.app/Contents/Frameworks/Chromium Embedded Framework.framework/Chromium Embedded Framework
0x000000019ddca000 	/System/Library/Frameworks/GameController.framework/Versions/A/GameController
0x000000024705b000 	/System/Library/PrivateFrameworks/GameControllerFoundation.framework/Versions/A/GameControllerFoundation
0x00000002470ff000 	/System/Library/PrivateFrameworks/GameControllerSettings.framework/Versions/A/GameControllerSettings
0x000000019bcb6000 	/System/Library/Frameworks/CoreHaptics.framework/Versions/A/CoreHaptics
0x00000001d65c7000 	/System/Library/Frameworks/ForceFeedback.framework/Versions/A/ForceFeedback
0x00000001afd5f000 	/System/Library/Frameworks/MediaPlayer.framework/Versions/A/MediaPlayer
0x00000001db992000 	/System/Library/Frameworks/ScreenTime.framework/Versions/A/ScreenTime
0x00000001bbfce000 	/usr/lib/libpmenergy.dylib
0x00000001cfb37000 	/usr/lib/libpmsample.dylib
0x00000001c1298000 	/System/Library/PrivateFrameworks/NetworkStatistics.framework/Versions/A/NetworkStatistics
0x00000001b1221000 	/System/Library/PrivateFrameworks/MusicLibrary.framework/Versions/A/MusicLibrary
0x00000003471dc000 	/Users/stefano.deblasi/Library/Application Support/ModrinthApp/meta/java_versions/zulu17.64.17-ca-jre17.0.18-macosx_aarch64/zulu-17.jre/Contents/Home/lib/libfontmanager.dylib
0x0000000347098000 	/Users/stefano.deblasi/Library/Application Support/ModrinthApp/meta/java_versions/zulu17.64.17-ca-jre17.0.18-macosx_aarch64/zulu-17.jre/Contents/Home/lib/libfreetype.dylib
0x00000001b80b2000 	/System/Library/PrivateFrameworks/SafariPlatformSupport.framework/Versions/A/SafariPlatformSupport
0x0000000340380000 	/System/Library/Components/CoreAudio.component/Contents/MacOS/CoreAudio
0x0000000529450000 	/Users/stefano.deblasi/Library/Application Support/ModrinthApp/profiles/GDCModpack 1.0.0/iammusicplayer/lava-walkyst-fork-1.3.98.4/darwin/libconnector.dylib


VM Arguments:
jvm_args: -Djava.library.path=/Users/stefano.deblasi/Library/Application Support/ModrinthApp/meta/natives/1.20.1-0.18.4 -Djna.tmpdir=/Users/stefano.deblasi/Library/Application Support/ModrinthApp/meta/natives/1.20.1-0.18.4 -Dorg.lwjgl.system.SharedLibraryExtractPath=/Users/stefano.deblasi/Library/Application Support/ModrinthApp/meta/natives/1.20.1-0.18.4 -Dio.netty.native.workdir=/Users/stefano.deblasi/Library/Application Support/ModrinthApp/meta/natives/1.20.1-0.18.4 -Dminecraft.launcher.brand=theseus -Dminecraft.launcher.version=0.13.24 -DFabricMcEmu=net.minecraft.client.main.Main -Xmx4096M -Dlog4j.configurationFile=/Users/stefano.deblasi/Library/Application Support/ModrinthApp/meta/log_configs/client-1.12.xml -javaagent:/private/var/folders/pd/smzmx_zx7rdfpvpjh7md1gdc0000gp/T/.tmpDvDlme/theseus.jar -Dmodrinth.internal.ipc.host=127.0.0.1 -Dmodrinth.internal.ipc.port=54257 -Dmodrinth.internal.quickPlay.serverVersion=BUILTIN --add-opens=java.base/java.lang.reflect=ALL-UNNAMED 
java_command: com.modrinth.theseus.MinecraftLaunch net.fabricmc.loader.impl.launch.knot.KnotClient --username sd3rl0 --version 1.20.1 --gameDir /Users/stefano.deblasi/Library/Application Support/ModrinthApp/profiles/GDCModpack 1.0.0 --assetsDir /Users/stefano.deblasi/Library/Application Support/ModrinthApp/meta/assets --assetIndex 5 --uuid 74fef846dc6e471595886d9aeeb5e8e5 --accessToken eyJraWQiOiIwNDkxODEiLCJhbGciOiJSUzI1NiJ9.eyJ4dWlkIjoiMjUzNTQwNzczMzU5MjE1NSIsImFnZyI6IkFkdWx0Iiwic3ViIjoiYThkNGE2ZTMtMzRhNC00YzQyLThkYjctZDdmZTE0YzljNDU4IiwiYXV0aCI6IlhCT1giLCJucyI6ImRlZmF1bHQiLCJyb2xlcyI6W10sImlzcyI6ImF1dGhlbnRpY2F0aW9uIiwiZmxhZ3MiOlsibXVsdGlwbGF5ZXIiXSwicHJvZmlsZXMiOnsibWMiOiI3NGZlZjg0Ni1kYzZlLTQ3MTUtOTU4OC02ZDlhZWViNWU4ZTUifSwicG1pZCI6ImM2MWE4OTg0LTU5MDAtNTY0NS05YzA0LWI3ZDg5OWUwOTg4NSIsInBsYXRmb3JtIjoiUENfTEFVTkNIRVIiLCJ0aWQiOiJFOTlCMCIsInBmZCI6W3sidHlwZSI6Im1jIiwiaWQiOiI3NGZlZjg0Ni1kYzZlLTQ3MTUtOTU4OC02ZDlhZWViNWU4ZTUiLCJuYW1lIjoic2QzcmwwIn1dLCJ4aWQiOiIyNTM1NDA3NzMzNTkyMTU1IiwibmJmIjoxNzgwMjM1NDQxLCJleHAiOjE3ODAzMjE4NDEsImlhdCI6MTc4MDIzNTQ0MSwiYWlkIjoiMDAwMDAwMDAtMDAwMC0wMDAwLTAwMDAtMDAwMDQwMmI1MzI4In0.4RHcOjxDttE3q9cwH5FHv4Z0kV0WdLh_K1ONrBF_j-yfx8uusuZMPZ1gEI5QHF65rymVRTvPwCvBrBZxzNA5DxsBLX2cDkQv1hsIgVVanYJr2SeonQJQlKnbxxuQBJ97nY_TigWvxuBUpdo6ejI5zwzQl4Nae4Q2gpCFieruN8pHlsCDmXtU9E58YX-zcc7uRslynE2RxOJVygSl102U0_XQ9jYIKb42Ms9laYZOv7yM3aj4rgVoM4tJ-lYAz3l1-BEBIrzBxlJ_nJm6JCEfwBapww11yMMGZZFXreK5ZlCR3JPgk1dXBiSxiBDkDcoO5uYbgbqoNlC-fI3bcjN6bw --clientId c4502edb-87c6-40cb-b595-64a280cf8906 --xuid 0 --userType msa --versionType release --width 854 --height 480
java_class_path (initial): /private/var/folders/pd/smzmx_zx7rdfpvpjh7md1gdc0000gp/T/.tmpDvDlme/theseus.jar:/Users/stefano.deblasi/Library/Application Support/ModrinthApp/meta/versions/1.20.1-0.18.4/1.20.1-0.18.4.jar:/Users/stefano.deblasi/Library/Application Support/ModrinthApp/meta/libraries/ca/weblite/java-objc-bridge/1.1/java-objc-bridge-1.1.jar:/Users/stefano.deblasi/Library/Application Support/ModrinthApp/meta/libraries/com/github/oshi/oshi-core/6.2.2/oshi-core-6.2.2.jar:/Users/stefano.deblasi/Library/Application Support/ModrinthApp/meta/libraries/com/google/code/gson/gson/2.10/gson-2.10.jar:/Users/stefano.deblasi/Library/Application Support/ModrinthApp/meta/libraries/com/google/guava/failureaccess/1.0.1/failureaccess-1.0.1.jar:/Users/stefano.deblasi/Library/Application Support/ModrinthApp/meta/libraries/com/google/guava/guava/31.1-jre/guava-31.1-jre.jar:/Users/stefano.deblasi/Library/Application Support/ModrinthApp/meta/libraries/com/ibm/icu/icu4j/71.1/icu4j-71.1.jar:/Users/stefano.deblasi/Library/Application Support/ModrinthApp/meta/libraries/com/mojang/authlib/4.0.43/authlib-4.0.43.jar:/Users/stefano.deblasi/Library/Application Support/ModrinthApp/meta/libraries/com/mojang/blocklist/1.0.10/blocklist-1.0.10.jar:/Users/stefano.deblasi/Library/Application Support/ModrinthApp/meta/libraries/com/mojang/brigadier/1.1.8/brigadier-1.1.8.jar:/Users/stefano.deblasi/Library/Application Support/ModrinthApp/meta/libraries/com/mojang/datafixerupper/6.0.8/datafixerupper-6.0.8.jar:/Users/stefano.deblasi/Library/Application Support/ModrinthApp/meta/libraries/com/mojang/logging/1.1.1/logging-1.1.1.jar:/Users/stefano.deblasi/Library/Application Support/ModrinthApp/meta/libraries/com/mojang/patchy/2.2.10/patchy-2.2.10.jar:/Users/stefano.deblasi/Library/Application Support/ModrinthApp/meta/libraries/com/mojang/text2speech/1.17.9/text2speech-1.17.9.jar:/Users/stefano.deblasi/Library/Application Support/ModrinthApp/meta/libraries/commons-codec/commons-codec/1.15/commons-codec-1.
Launcher Type: SUN_STANDARD

[Global flags]
     intx CICompilerCount                          = 4                                         {product} {ergonomic}
     uint ConcGCThreads                            = 2                                         {product} {ergonomic}
     uint G1ConcRefinementThreads                  = 9                                         {product} {ergonomic}
   size_t G1HeapRegionSize                         = 2097152                                   {product} {ergonomic}
    uintx GCDrainStackTargetSize                   = 64                                        {product} {ergonomic}
   size_t InitialHeapSize                          = 268435456                                 {product} {ergonomic}
   size_t MarkStackSize                            = 4194304                                   {product} {ergonomic}
   size_t MaxHeapSize                              = 4294967296                                {product} {command line}
   size_t MaxNewSize                               = 2575302656                                {product} {ergonomic}
   size_t MinHeapDeltaBytes                        = 2097152                                   {product} {ergonomic}
   size_t MinHeapSize                              = 8388608                                   {product} {ergonomic}
    uintx NonNMethodCodeHeapSize                   = 5839564                                {pd product} {ergonomic}
    uintx NonProfiledCodeHeapSize                  = 122909338                              {pd product} {ergonomic}
    uintx ProfiledCodeHeapSize                     = 122909338                              {pd product} {ergonomic}
    uintx ReservedCodeCacheSize                    = 251658240                              {pd product} {ergonomic}
     bool SegmentedCodeCache                       = true                                      {product} {ergonomic}
   size_t SoftMaxHeapSize                          = 4294967296                             {manageable} {ergonomic}
     bool UseCompressedClassPointers               = true                           {product lp64_product} {ergonomic}
     bool UseCompressedOops                        = true                           {product lp64_product} {ergonomic}
     bool UseG1GC                                  = true                                      {product} {ergonomic}
     bool UseNUMA                                  = false                                     {product} {ergonomic}
     bool UseNUMAInterleaving                      = false                                     {product} {ergonomic}

Logging:
Log output configuration:
 #0: stdout all=warning uptime,level,tags
 #1: stderr all=off uptime,level,tags

Environment Variables:
PATH=/usr/bin:/bin:/usr/sbin:/sbin
SHELL=/bin/zsh
TMPDIR=/var/folders/pd/smzmx_zx7rdfpvpjh7md1gdc0000gp/T/

Active Locale:
LC_ALL=C
LC_COLLATE=C
LC_CTYPE=C
LC_MESSAGES=C
LC_MONETARY=C
LC_NUMERIC=C
LC_TIME=C

Signal Handlers:
   SIGSEGV: crash_handler in libjvm.dylib, mask=11100110000111110111111111111111, flags=SA_RESTART|SA_SIGINFO, unblocked
    SIGBUS: crash_handler in libjvm.dylib, mask=11100110000111110111111111111111, flags=SA_RESTART|SA_SIGINFO, unblocked
    SIGFPE: crash_handler in libjvm.dylib, mask=11100110000111110111111111111111, flags=SA_RESTART|SA_SIGINFO, unblocked
   SIGPIPE: javaSignalHandler in libjvm.dylib, mask=11100110000111110111111111111111, flags=SA_RESTART|SA_SIGINFO, blocked
   SIGXFSZ: javaSignalHandler in libjvm.dylib, mask=11100110000111110111111111111111, flags=SA_RESTART|SA_SIGINFO, blocked
    SIGILL: crash_handler in libjvm.dylib, mask=11100110000111110111111111111111, flags=SA_RESTART|SA_SIGINFO, unblocked
   SIGUSR2: SR_handler in libjvm.dylib, mask=00000000000000000000000000000000, flags=SA_RESTART|SA_SIGINFO, blocked
    SIGHUP: UserHandler in libjvm.dylib, mask=11100110000111110111111111111111, flags=SA_RESTART|SA_SIGINFO, blocked
    SIGINT: UserHandler in libjvm.dylib, mask=11100110000111110111111111111111, flags=SA_RESTART|SA_SIGINFO, blocked
   SIGTERM: UserHandler in libjvm.dylib, mask=11100110000111110111111111111111, flags=SA_RESTART|SA_SIGINFO, blocked
   SIGQUIT: UserHandler in libjvm.dylib, mask=11100110000111110111111111111111, flags=SA_RESTART|SA_SIGINFO, blocked
   SIGTRAP: crash_handler in libjvm.dylib, mask=11100110000111110111111111111111, flags=SA_RESTART|SA_SIGINFO, unblocked


Periodic native trim disabled


---------------  S Y S T E M  ---------------

OS:
uname: Darwin 25.2.0 Darwin Kernel Version 25.2.0: Tue Nov 18 21:08:48 PST 2025; root:xnu-12377.61.12~1/RELEASE_ARM64_T8132 arm64
OS uptime: 10 days 4:16 hours
rlimit (soft/hard): STACK 8176k/65520k , CORE 0k/infinity , NPROC 2666/4000 , NOFILE 1048576/infinity , AS infinity/infinity , CPU infinity/infinity , DATA infinity/infinity , FSIZE infinity/infinity , MEMLOCK infinity/infinity , RSS infinity/infinity
load average: 7.15 7.79 6.87

CPU: total 10 (initial active 10) 0x61:0x0:0x6f5129ac:0, fp, simd, crc, lse
machdep.cpu.brand_string:Apple M4
hw.cachelinesize:128
hw.l1icachesize:131072
hw.l1dcachesize:65536
hw.l2cachesize:4194304

Memory: 16k page, physical 16777216k(220336k free), swap 16777216k(668736k free)

vm_info: OpenJDK 64-Bit Server VM (17.0.18+8-LTS) for bsd-aarch64 JRE (17.0.18+8-LTS) (Zulu17.64+17-CA), built on Jan 23 2026 09:57:18 by "tester" with clang Apple LLVM 12.0.5 (clang-1205.0.22.11)

END.
