#
# A fatal error has been detected by the Java Runtime Environment:
#
#  SIGSEGV (0xb) at pc=0x000000022ee15b50, pid=87435, tid=259
#
# JRE version: OpenJDK Runtime Environment Zulu17.64+17-CA (17.0.18+8) (build 17.0.18+8-LTS)
# Java VM: OpenJDK 64-Bit Server VM Zulu17.64+17-CA (17.0.18+8-LTS, mixed mode, sharing, tiered, compressed oops, compressed class ptrs, g1 gc, bsd-aarch64)
# Problematic frame:
# C  [GLEngine+0x117b50]  gleRunVertexSubmitImmediate+0x1940
#
# No core dump will be written. Core dumps have been disabled. To enable core dumping, try "ulimit -c unlimited" before starting Java again
#
# If you would like to submit a bug report, please visit:
#   http://www.azul.com/support/
# The crash happened outside the Java Virtual Machine in native code.
# See problematic frame for where to report the bug.
#

---------------  S U M M A R Y ------------

Command Line: -Djava.library.path=/Users/stefano.deblasi/Library/Application Support/ModrinthApp/meta/natives/1.20.1-0.18.4 -Djna.tmpdir=/Users/stefano.deblasi/Library/Application Support/ModrinthApp/meta/natives/1.20.1-0.18.4 -Dorg.lwjgl.system.SharedLibraryExtractPath=/Users/stefano.deblasi/Library/Application Support/ModrinthApp/meta/natives/1.20.1-0.18.4 -Dio.netty.native.workdir=/Users/stefano.deblasi/Library/Application Support/ModrinthApp/meta/natives/1.20.1-0.18.4 -Dminecraft.launcher.brand=theseus -Dminecraft.launcher.version=0.14.5 -DFabricMcEmu=net.minecraft.client.main.Main -Xmx4096M -Dlog4j.configurationFile=/Users/stefano.deblasi/Library/Application Support/ModrinthApp/meta/log_configs/client-1.12.xml -javaagent:/private/var/folders/pd/smzmx_zx7rdfpvpjh7md1gdc0000gp/T/.tmpGJFnf4/theseus.jar -Dmodrinth.internal.ipc.host=127.0.0.1 -Dmodrinth.internal.ipc.port=57286 -Dmodrinth.internal.quickPlay.serverVersion=BUILTIN --add-opens=java.base/java.lang.reflect=ALL-UNNAMED com.modrinth.theseus.MinecraftLaunch net.fabricmc.loader.impl.launch.knot.KnotClient --username sd3rl0 --version 1.20.1 --gameDir /Users/stefano.deblasi/Library/Application Support/ModrinthApp/profiles/GDCModpack 1.0.0 --assetsDir /Users/stefano.deblasi/Library/Application Support/ModrinthApp/meta/assets --assetIndex 5 --uuid 74fef846dc6e471595886d9aeeb5e8e5 --accessToken eyJraWQiOiIwNDkxODEiLCJhbGciOiJSUzI1NiJ9.eyJ4dWlkIjoiMjUzNTQwNzczMzU5MjE1NSIsImFnZyI6IkFkdWx0Iiwic3ViIjoiYThkNGE2ZTMtMzRhNC00YzQyLThkYjctZDdmZTE0YzljNDU4IiwiYXV0aCI6IlhCT1giLCJucyI6ImRlZmF1bHQiLCJyb2xlcyI6W10sImlzcyI6ImF1dGhlbnRpY2F0aW9uIiwiZmxhZ3MiOlsibXVsdGlwbGF5ZXIiXSwicHJvZmlsZXMiOnsibWMiOiI3NGZlZjg0Ni1kYzZlLTQ3MTUtOTU4OC02ZDlhZWViNWU4ZTUifSwicG1pZCI6IjQxYzRjNmViLTMxMDYtNTgwYi05ODUzLTE0OTg3NTBiZGY1NiIsInBsYXRmb3JtIjoiUENfTEFVTkNIRVIiLCJ0aWQiOiJFOTlCMCIsInBmZCI6W3sidHlwZSI6Im1jIiwiaWQiOiI3NGZlZjg0Ni1kYzZlLTQ3MTUtOTU4OC02ZDlhZWViNWU4ZTUiLCJuYW1lIjoic2QzcmwwIn1dLCJ4aWQiOiIyNTM1NDA3NzMzNTkyMTU1IiwibmJmIjoxNzgxMTI4MDA0LCJleHAiOjE3ODEyMTQ0MDQsImlhdCI6MTc4MTEyODAwNCwiYWlkIjoiMDAwMDAwMDAtMDAwMC0wMDAwLTAwMDAtMDAwMDQwMmI1MzI4In0.zVlLDMN8pnRozSnt2q-MCLsWMLbsAdvhBD9vYXehS0HPLujSZlhl-qF7AJ_v6rNh6srDqaIdwl7KHcPQiKHB0I9dBL1Ac4Q-PcdrgI71SukhfyWloB2YK-7A6NPDh6pOpQg9PjYXH3n6Q7YmQl0LQmlhDeH4v7rW8OUalg-kyl-DTRP6GNqFqPp69tvNAOnt7J48sR11EYWLpvN_hgNnla2YQhL4mNdAVK-13V4lUP222KkZjfu01n_smZvBbYBJyg_F3TMVSPaawABNO4YaPVIIuKnaAuJXSz6wkgI5BSUzN_1Dri7B38jKDTI9klimQHKH8pA6DoaLkyedlj1TXA --clientId c4502edb-87c6-40cb-b595-64a280cf8906 --xuid 0 --userType msa --versionType release --width 854 --height 480

Host: "Mac16,1" arm64, 10 cores, 16G, Darwin 25.2.0, macOS 26.2 (25C56)
Time: Thu Jun 11 14:22:30 2026 CEST elapsed time: 112.766657 seconds (0d 0h 1m 52s)

---------------  T H R E A D  ---------------

Current thread (0x000000014b010400):  JavaThread "Render thread" [_thread_in_native, id=259, stack(0x000000016f3ac000,0x000000016fba8000)]

Stack: [0x000000016f3ac000,0x000000016fba8000],  sp=0x000000016fb9f700,  free space=8141k
Native frames: (J=compiled Java code, j=interpreted, Vv=VM code, C=native code)
C  [GLEngine+0x117b50]  gleRunVertexSubmitImmediate+0x1940
C  [GLEngine+0x157834]  gleDrawArraysOrElements_ExecCore+0x248
C  [GLEngine+0xb0c94]  glDrawElementsInstanced_GL3Exec+0x1e0
j  org.lwjgl.opengl.GL31C.nglDrawElementsInstanced(IIIJI)V+0
j  org.lwjgl.opengl.GL31C.glDrawElementsInstanced(IIIJI)V+6
j  org.lwjgl.opengl.GL31.glDrawElementsInstanced(IIIJI)V+6
j  com.seibel.distanthorizons.core.render.renderer.generic.GenericObjectRenderer.renderBoxGroupInstanced(Lcom/seibel/distanthorizons/api/interfaces/override/rendering/IDhApiGenericObjectShaderProgram;Lcom/seibel/distanthorizons/api/methods/events/sharedParameterObjects/DhApiRenderParam;Lcom/seibel/distanthorizons/core/render/renderer/generic/RenderableBoxGroup;Lcom/seibel/distanthorizons/core/util/math/Vec3d;Lcom/seibel/distanthorizons/core/wrapperInterfaces/minecraft/IProfilerWrapper;)V+239
j  com.seibel.distanthorizons.core.render.renderer.generic.GenericObjectRenderer.render(Lcom/seibel/distanthorizons/api/methods/events/sharedParameterObjects/DhApiRenderParam;Lcom/seibel/distanthorizons/core/wrapperInterfaces/minecraft/IProfilerWrapper;Z)V+390
j  com.seibel.distanthorizons.core.render.renderer.LodRenderer.renderLodPass(Lcom/seibel/distanthorizons/core/render/renderer/RenderParams;Lcom/seibel/distanthorizons/core/wrapperInterfaces/minecraft/IProfilerWrapper;Z)V+340
j  com.seibel.distanthorizons.core.render.renderer.LodRenderer.render(Lcom/seibel/distanthorizons/core/render/renderer/RenderParams;Lcom/seibel/distanthorizons/core/wrapperInterfaces/minecraft/IProfilerWrapper;)V+4
j  com.seibel.distanthorizons.core.api.internal.ClientApi.renderLodLayer(Z)V+281
j  com.seibel.distanthorizons.core.api.internal.ClientApi.renderLods()V+2
j  com.seibel.distanthorizons.fabric.FabricClientProxy.lambda$registerEvents$6(Lnet/fabricmc/fabric/api/client/rendering/v1/WorldRenderContext;)V+73
j  com.seibel.distanthorizons.fabric.FabricClientProxy$$Lambda$18398+0x000000a0035ac810.afterSetup(Lnet/fabricmc/fabric/api/client/rendering/v1/WorldRenderContext;)V+5
j  net.minecraft.class_761.handler$ehp000$fabric-rendering-v1$afterTerrainSetup(Lnet/minecraft/class_4184;Lnet/minecraft/class_4604;ZZLorg/spongepowered/asm/mixin/injection/callback/CallbackInfo;)V+21
j  net.minecraft.class_761.method_3273(Lnet/minecraft/class_4184;Lnet/minecraft/class_4604;ZZ)V+65
j  net.minecraft.class_761.method_22710(Lnet/minecraft/class_4587;FJZLnet/minecraft/class_4184;Lnet/minecraft/class_757;Lnet/minecraft/class_765;Lorg/joml/Matrix4f;)V+773
j  net.minecraft.class_757.method_3188(FJLnet/minecraft/class_4587;)V+744
j  net.minecraft.class_757.method_3192(FJZ)V+322
J 44265 c1 net.minecraft.class_310.method_1523(Z)V (1210 bytes) @ 0x00000001097e9db8 [0x00000001097e6400+0x00000000000039b8]
j  net.minecraft.class_310.method_1514()V+118
j  net.minecraft.client.main.Main.main([Ljava/lang/String;)V+1565
j  java.lang.invoke.LambdaForm$DMH+0x000000a001098000.invokeStaticInit(Ljava/lang/Object;Ljava/lang/Object;)V+10 java.base@17.0.18
j  java.lang.invoke.LambdaForm$MH+0x000000a001360000.invokeExact_MT(Ljava/lang/Object;Ljava/lang/Object;Ljava/lang/Object;)V+19 java.base@17.0.18
j  net.fabricmc.loader.impl.game.minecraft.MinecraftGameProvider.launch(Ljava/lang/ClassLoader;)V+74
j  net.fabricmc.loader.impl.launch.knot.Knot.launch([Ljava/lang/String;Lnet/fabricmc/api/EnvType;)V+40
j  net.fabricmc.loader.impl.launch.knot.KnotClient.main([Ljava/lang/String;)V+4
v  ~StubRoutines::call_stub
V  [libjvm.dylib+0x484bc0]  JavaCalls::call_helper(JavaValue*, methodHandle const&, JavaCallArguments*, JavaThread*)+0x39c
V  [libjvm.dylib+0x852424]  invoke(InstanceKlass*, methodHandle const&, Handle, bool, objArrayHandle, BasicType, objArrayHandle, bool, JavaThread*)+0x928
V  [libjvm.dylib+0x851a9c]  Reflection::invoke_method(oopDesc*, Handle, objArrayHandle, JavaThread*)+0x160
V  [libjvm.dylib+0x53ffc0]  JVM_InvokeMethod+0x370
j  jdk.internal.reflect.NativeMethodAccessorImpl.invoke0(Ljava/lang/reflect/Method;Ljava/lang/Object;[Ljava/lang/Object;)Ljava/lang/Object;+0 java.base@17.0.18
j  jdk.internal.reflect.NativeMethodAccessorImpl.invoke(Ljava/lang/Object;[Ljava/lang/Object;)Ljava/lang/Object;+133 java.base@17.0.18
j  jdk.internal.reflect.DelegatingMethodAccessorImpl.invoke(Ljava/lang/Object;[Ljava/lang/Object;)Ljava/lang/Object;+6 java.base@17.0.18
j  java.lang.reflect.Method.invoke(Ljava/lang/Object;[Ljava/lang/Object;)Ljava/lang/Object;+59 java.base@17.0.18
j  com.modrinth.theseus.MinecraftLaunch.relaunch(Ljava/lang/String;[Ljava/lang/String;)V+164
j  com.modrinth.theseus.MinecraftLaunch.main([Ljava/lang/String;)V+90
v  ~StubRoutines::call_stub
V  [libjvm.dylib+0x484bc0]  JavaCalls::call_helper(JavaValue*, methodHandle const&, JavaCallArguments*, JavaThread*)+0x39c
V  [libjvm.dylib+0x4e9da8]  jni_invoke_static(JNIEnv_*, JavaValue*, _jobject*, JNICallType, _jmethodID*, JNI_ArgumentPusher*, JavaThread*)+0x12c
V  [libjvm.dylib+0x4ed3d0]  jni_CallStaticVoidMethod+0x130
C  [libjli.dylib+0xb3f4]  JavaMain+0x9d8
C  [libjli.dylib+0xdc90]  __JVMInit_block_invoke+0x50
C  [Foundation+0x1d878]  __NSBLOCKOPERATION_IS_CALLING_OUT_TO_A_BLOCK__+0x18
C  [Foundation+0x1d740]  -[NSBlockOperation main]+0x60
C  [Foundation+0x1d6d8]  __NSOPERATION_IS_INVOKING_MAIN__+0x10
C  [Foundation+0x1d308]  -[NSOperation start]+0x280
C  [Foundation+0x38114]  __NSThreadPerformPerform+0x108
C  [CoreFoundation+0x5f9f8]  __CFRUNLOOP_IS_CALLING_OUT_TO_A_SOURCE0_PERFORM_FUNCTION__+0x1c
C  [CoreFoundation+0x5f98c]  __CFRunLoopDoSource0+0xac
C  [CoreFoundation+0x5f6f8]  __CFRunLoopDoSources0+0xe8
C  [CoreFoundation+0x5e388]  __CFRunLoopRun+0x334
C  [CoreFoundation+0x118e34]  _CFRunLoopRunSpecificWithOptions+0x214
C  [libjli.dylib+0xd324]  CreateExecutionEnvironment+0x190
C  [libjli.dylib+0x8cf8]  JLI_Launch+0x4d8
C  [java+0x3bac]  main+0x198
C  [dyld+0x8d54]  start+0x1c10

Java frames: (J=compiled Java code, j=interpreted, Vv=VM code)
j  org.lwjgl.opengl.GL31C.nglDrawElementsInstanced(IIIJI)V+0
j  org.lwjgl.opengl.GL31C.glDrawElementsInstanced(IIIJI)V+6
j  org.lwjgl.opengl.GL31.glDrawElementsInstanced(IIIJI)V+6
j  com.seibel.distanthorizons.core.render.renderer.generic.GenericObjectRenderer.renderBoxGroupInstanced(Lcom/seibel/distanthorizons/api/interfaces/override/rendering/IDhApiGenericObjectShaderProgram;Lcom/seibel/distanthorizons/api/methods/events/sharedParameterObjects/DhApiRenderParam;Lcom/seibel/distanthorizons/core/render/renderer/generic/RenderableBoxGroup;Lcom/seibel/distanthorizons/core/util/math/Vec3d;Lcom/seibel/distanthorizons/core/wrapperInterfaces/minecraft/IProfilerWrapper;)V+239
j  com.seibel.distanthorizons.core.render.renderer.generic.GenericObjectRenderer.render(Lcom/seibel/distanthorizons/api/methods/events/sharedParameterObjects/DhApiRenderParam;Lcom/seibel/distanthorizons/core/wrapperInterfaces/minecraft/IProfilerWrapper;Z)V+390
j  com.seibel.distanthorizons.core.render.renderer.LodRenderer.renderLodPass(Lcom/seibel/distanthorizons/core/render/renderer/RenderParams;Lcom/seibel/distanthorizons/core/wrapperInterfaces/minecraft/IProfilerWrapper;Z)V+340
j  com.seibel.distanthorizons.core.render.renderer.LodRenderer.render(Lcom/seibel/distanthorizons/core/render/renderer/RenderParams;Lcom/seibel/distanthorizons/core/wrapperInterfaces/minecraft/IProfilerWrapper;)V+4
j  com.seibel.distanthorizons.core.api.internal.ClientApi.renderLodLayer(Z)V+281
j  com.seibel.distanthorizons.core.api.internal.ClientApi.renderLods()V+2
j  com.seibel.distanthorizons.fabric.FabricClientProxy.lambda$registerEvents$6(Lnet/fabricmc/fabric/api/client/rendering/v1/WorldRenderContext;)V+73
j  com.seibel.distanthorizons.fabric.FabricClientProxy$$Lambda$18398+0x000000a0035ac810.afterSetup(Lnet/fabricmc/fabric/api/client/rendering/v1/WorldRenderContext;)V+5
j  net.minecraft.class_761.handler$ehp000$fabric-rendering-v1$afterTerrainSetup(Lnet/minecraft/class_4184;Lnet/minecraft/class_4604;ZZLorg/spongepowered/asm/mixin/injection/callback/CallbackInfo;)V+21
j  net.minecraft.class_761.method_3273(Lnet/minecraft/class_4184;Lnet/minecraft/class_4604;ZZ)V+65
j  net.minecraft.class_761.method_22710(Lnet/minecraft/class_4587;FJZLnet/minecraft/class_4184;Lnet/minecraft/class_757;Lnet/minecraft/class_765;Lorg/joml/Matrix4f;)V+773
j  net.minecraft.class_757.method_3188(FJLnet/minecraft/class_4587;)V+744
j  net.minecraft.class_757.method_3192(FJZ)V+322
J 44265 c1 net.minecraft.class_310.method_1523(Z)V (1210 bytes) @ 0x00000001097e9db8 [0x00000001097e6400+0x00000000000039b8]
j  net.minecraft.class_310.method_1514()V+118
j  net.minecraft.client.main.Main.main([Ljava/lang/String;)V+1565
j  java.lang.invoke.LambdaForm$DMH+0x000000a001098000.invokeStaticInit(Ljava/lang/Object;Ljava/lang/Object;)V+10 java.base@17.0.18
j  java.lang.invoke.LambdaForm$MH+0x000000a001360000.invokeExact_MT(Ljava/lang/Object;Ljava/lang/Object;Ljava/lang/Object;)V+19 java.base@17.0.18
j  net.fabricmc.loader.impl.game.minecraft.MinecraftGameProvider.launch(Ljava/lang/ClassLoader;)V+74
j  net.fabricmc.loader.impl.launch.knot.Knot.launch([Ljava/lang/String;Lnet/fabricmc/api/EnvType;)V+40
j  net.fabricmc.loader.impl.launch.knot.KnotClient.main([Ljava/lang/String;)V+4
v  ~StubRoutines::call_stub
j  jdk.internal.reflect.NativeMethodAccessorImpl.invoke0(Ljava/lang/reflect/Method;Ljava/lang/Object;[Ljava/lang/Object;)Ljava/lang/Object;+0 java.base@17.0.18
j  jdk.internal.reflect.NativeMethodAccessorImpl.invoke(Ljava/lang/Object;[Ljava/lang/Object;)Ljava/lang/Object;+133 java.base@17.0.18
j  jdk.internal.reflect.DelegatingMethodAccessorImpl.invoke(Ljava/lang/Object;[Ljava/lang/Object;)Ljava/lang/Object;+6 java.base@17.0.18
j  java.lang.reflect.Method.invoke(Ljava/lang/Object;[Ljava/lang/Object;)Ljava/lang/Object;+59 java.base@17.0.18
j  com.modrinth.theseus.MinecraftLaunch.relaunch(Ljava/lang/String;[Ljava/lang/String;)V+164
j  com.modrinth.theseus.MinecraftLaunch.main([Ljava/lang/String;)V+90
v  ~StubRoutines::call_stub

siginfo: si_signo: 11 (SIGSEGV), si_code: 2 (SEGV_ACCERR), si_addr: 0x0000000000000018

Registers:
 x0=0x000000016fb9f7c0  x1=0x000000016fb9f7b0  x2=0x0000000040400028  x3=0x0000000000000000
 x4=0x0000000000000000  x5=0x000060000375d910  x6=0x00000000000006f0  x7=0x0000000000000403
 x8=0x0000000000000018  x9=0x0000001800110d06 x10=0x0000000000000000 x11=0x0000000000000002
x12=0x0000000131548000 x13=0x00000000ffffffff x14=0x0000000000000000 x15=0x0000000000000038
x16=0x000000022ee157b4 x17=0x000000022ee14c18 x18=0x0000000000000000 x19=0x000060000375d910
x20=0x0000000000000001 x21=0x0000000000000003 x22=0x00000000fffffffe x23=0x00000c330004100e
x24=0x0000000000000006 x25=0x00000000ffffffff x26=0x0000000000000030 x27=0x0000000000000038
x28=0x0000000000000000  fp=0x000000016fb9f8a0  lr=0x000000022ee14ea0  sp=0x000000016fb9f700
pc=0x000000022ee15b50 cpsr=0x0000000060000000

Register to memory mapping:

 x0=0x000000016fb9f7c0 is pointing into the stack for thread: 0x000000014b010400
 x1=0x000000016fb9f7b0 is pointing into the stack for thread: 0x000000014b010400
 x2=0x0000000040400028 is an unknown value
 x3=0x0 is NULL
 x4=0x0 is NULL
 x5=0x000060000375d910 points into unknown readable memory: 0x0000001800110d06 | 06 0d 11 00 18 00 00 00
 x6=0x00000000000006f0 is an unknown value
 x7=0x0000000000000403 is an unknown value
 x8=0x0000000000000018 is an unknown value
 x9=0x0000001800110d06 is an unknown value
x10=0x0 is NULL
x11=0x0000000000000002 is an unknown value
x12=0x0000000131548000 points into unknown readable memory: 0x0000000000000000 | 00 00 00 00 00 00 00 00
x13=0x00000000ffffffff is an unknown value
x14=0x0 is NULL
x15=0x0000000000000038 is an unknown value
x16=0x000000022ee157b4: gleRunVertexSubmitImmediate+0x15a4 in /System/Library/Frameworks/OpenGL.framework/Versions/A/Resources/GLEngine.bundle/GLEngine at 0x000000022ecfe000
x17=0x000000022ee14c18: gleRunVertexSubmitImmediate+0xa08 in /System/Library/Frameworks/OpenGL.framework/Versions/A/Resources/GLEngine.bundle/GLEngine at 0x000000022ecfe000
x18=0x0 is NULL
x19=0x000060000375d910 points into unknown readable memory: 0x0000001800110d06 | 06 0d 11 00 18 00 00 00
x20=0x0000000000000001 is an unknown value
x21=0x0000000000000003 is an unknown value
x22=0x00000000fffffffe is an unknown value
x23=0x00000c330004100e is an unknown value
x24=0x0000000000000006 is an unknown value
x25=0x00000000ffffffff is an unknown value
x26=0x0000000000000030 is an unknown value
x27=0x0000000000000038 is an unknown value
x28=0x0 is NULL


Top of Stack: (sp=0x000000016fb9f700)
0x000000016fb9f700:   447fc000447fc000 40400000447fc000
0x000000016fb9f710:   0000000000000000 ffffffecfffffff6
0x000000016fb9f720:   ffffffeaffffffea ffffffe2ffffffea
0x000000016fb9f730:   0000000000000000 0000000131552278
0x000000016fb9f740:   0000000000000000 000000016fb9f7e0
0x000000016fb9f750:   00000000fffffffe 0000000131548000
0x000000016fb9f760:   0000000000000000 0000000000000000
0x000000016fb9f770:   00000000000000d8 0000000000000000
0x000000016fb9f780:   0000000000000002 0000000000000000
0x000000016fb9f790:   0000000000000000 0000000129265a80
0x000000016fb9f7a0:   0000000000000000 0000000000000000
0x000000016fb9f7b0:   3f8000003f800000 3f8000003f800000
0x000000016fb9f7c0:   0000000000000018 0000000379c18000
0x000000016fb9f7d0:   0000000379c18990 000000013fdf8000
0x000000016fb9f7e0:   000000013154be70 000000013154c080
0x000000016fb9f7f0:   0000000389c5dfc0 0000000000000024
0x000000016fb9f800:   31dbf10d90ba0041 000000013183ae80
0x000000016fb9f810:   000000003f10b735 000000003f006522
0x000000016fb9f820:   0000000000000000 0000000000000000
0x000000016fb9f830:   00000000be03c37a 0000000000000000
0x000000016fb9f840:   000000004436ff14 0000000000000000
0x000000016fb9f850:   0000000131552280 0000000131552c48
0x000000016fb9f860:   0000000000000024 0000000000000000
0x000000016fb9f870:   0000000389c5de18 0000000000000024
0x000000016fb9f880:   0000000000000000 0000000000000004
0x000000016fb9f890:   0000000000000024 0000000131548000
0x000000016fb9f8a0:   000000016fb9f9b0 000000022ee55834
0x000000016fb9f8b0:   0000000389c5dc28 0000000389c5e040
0x000000016fb9f8c0:   000000013154d144 00000000000000f9
0x000000016fb9f8d0:   0000000000000000 0000000148eb8000
0x000000016fb9f8e0:   0000000148eac000 000000012ff6c000
0x000000016fb9f8f0:   0000000148eb0000 0000000148ebc000 

Instructions: (pc=0x000000022ee15b50)
0x000000022ee15a50:   a0 00 00 54 3f 15 00 71 a1 59 ff 54 1f 0d 00 b9
0x000000022ee15a60:   cb fa ff 17 29 00 80 52 09 0d 00 b9 c8 fa ff 17
0x000000022ee15a70:   3f 15 00 71 c3 58 ff 54 1f 05 00 f9 c4 fa ff 17
0x000000022ee15a80:   3f 11 00 71 41 f1 ff 54 09 f0 e7 d2 09 05 00 f9
0x000000022ee15a90:   bf fa ff 17 00 0d 00 bd bd fa ff 17 bf 0e 00 71
0x000000022ee15aa0:   60 05 00 54 bf 12 00 71 41 98 ff 54 1c 00 80 52
0x000000022ee15ab0:   00 01 c0 3d e0 2f 80 3d bd fc ff 17 4b 11 c0 5a
0x000000022ee15ac0:   6c 11 00 52 4d 01 80 52 ac 01 0c 4b 2c 21 cc 1a
0x000000022ee15ad0:   0d 60 a8 52 ab 5d 0b 4b 8c 21 1f 12 5f 01 00 71
0x000000022ee15ae0:   eb 03 8b 1a ea 03 8c 1a 03 00 00 14 0c 00 a7 52
0x000000022ee15af0:   8b 35 0b 0b 6a 35 0a 2a 29 7d 0f 53 2a 01 01 33
0x000000022ee15b00:   ea b3 00 b9 bf 0a 00 71 e3 0a 00 54 09 05 40 79
0x000000022ee15b10:   2a 25 00 12 2b 11 16 72 60 02 00 54 0c 80 8f 52
0x000000022ee15b20:   7f 01 0c 6b 81 03 00 54 5f 01 00 71 0a 00 b0 12
0x000000022ee15b30:   0b f0 af 52 6a 01 8a 1a 1a 00 00 14 1c 00 80 52
0x000000022ee15b40:   00 01 40 bd e0 b3 00 bd 99 fc ff 17 1c 00 80 52
0x000000022ee15b50:   00 01 40 fd e0 5b 00 fd 00 09 40 bd e0 bb 00 bd
0x000000022ee15b60:   93 fc ff 17 4b 11 c0 5a 6c 11 00 52 4d 01 80 52
0x000000022ee15b70:   ac 01 0c 4b 2c 21 cc 1a 0d 60 a8 52 ab 5d 0b 4b
0x000000022ee15b80:   8c 21 1f 12 5f 01 00 71 eb 03 8b 1a ea 03 8c 1a
0x000000022ee15b90:   03 00 00 14 0c 00 a7 52 8b 35 0b 0b 6a 35 0a 2a
0x000000022ee15ba0:   29 7d 0f 53 2a 01 01 33 ea b7 00 b9 bf 0a 00 71
0x000000022ee15bb0:   a0 05 00 54 09 09 40 79 2a 25 00 12 2b 11 16 72
0x000000022ee15bc0:   20 01 00 54 0c 80 8f 52 7f 01 0c 6b 41 02 00 54
0x000000022ee15bd0:   5f 01 00 71 0a 00 b0 12 0b f0 af 52 6a 01 8a 1a
0x000000022ee15be0:   10 00 00 14 4b 11 c0 5a 6c 11 00 52 4d 01 80 52
0x000000022ee15bf0:   ac 01 0c 4b 2c 21 cc 1a 0d 60 a8 52 ab 5d 0b 4b
0x000000022ee15c00:   8c 21 1f 12 5f 01 00 71 eb 03 8b 1a ea 03 8c 1a
0x000000022ee15c10:   03 00 00 14 0c 00 a7 52 8b 35 0b 0b 6a 35 0a 2a
0x000000022ee15c20:   29 7d 0f 53 2a 01 01 33 ea bb 00 b9 bf 12 00 71
0x000000022ee15c30:   a3 01 00 54 08 0d 40 79 09 25 00 12 0a 11 16 72
0x000000022ee15c40:   80 01 00 54 0b 80 8f 52 5f 01 0b 6b 61 02 00 54 


Stack slot to memory mapping:
stack at sp + 0 slots: 0x447fc000447fc000 is an unknown value
stack at sp + 1 slots: 0x40400000447fc000 is an unknown value
stack at sp + 2 slots: 0x0 is NULL
stack at sp + 3 slots: 0xffffffecfffffff6 is an unknown value
stack at sp + 4 slots: 0xffffffeaffffffea is an unknown value
stack at sp + 5 slots: 0xffffffe2ffffffea is an unknown value
stack at sp + 6 slots: 0x0 is NULL
stack at sp + 7 slots: 0x0000000131552278 points into unknown readable memory: 0x0000000131840500 | 00 05 84 31 01 00 00 00


Compiled method (c1) 112778 44265       3       net.minecraft.class_310::method_1523 (1210 bytes)
 total in heap  [0x00000001097e4d10,0x00000001097f4b08] = 65016
 relocation     [0x00000001097e4e68,0x00000001097e6398] = 5424
 constants      [0x00000001097e63c0,0x00000001097e6400] = 64
 main code      [0x00000001097e6400,0x00000001097efc80] = 39040
 stub code      [0x00000001097efc80,0x00000001097f0ce8] = 4200
 oops           [0x00000001097f0ce8,0x00000001097f0e00] = 280
 metadata       [0x00000001097f0e00,0x00000001097f1800] = 2560
 scopes data    [0x00000001097f1800,0x00000001097f2dc0] = 5568
 scopes pcs     [0x00000001097f2dc0,0x00000001097f4610] = 6224
 dependencies   [0x00000001097f4610,0x00000001097f47e8] = 472
 nul chk table  [0x00000001097f47e8,0x00000001097f4b08] = 800


[Constant Pool]
             Address          hex4                    hex8      
  0x00000001097e63c0:   0x7f7fffff      0x000000007f7fffff      
  0x00000001097e63c4:   0x00000000                              
  0x00000001097e63c8:   0x00000000      0x4059000000000000      
  0x00000001097e63cc:   0x40590000                              
  0x00000001097e63d0:   0x00000000      0x4059000000000000      
  0x00000001097e63d4:   0x40590000                              
  0x00000001097e63d8:   0x00000000      0x0000000000000000      
  0x00000001097e63dc:   0x00000000                              
  0x00000001097e63e0:   0x00000000      0x0000000000000000      
  0x00000001097e63e4:   0x00000000                              
  0x00000001097e63e8:   0x00000000      0x0000000000000000      
  0x00000001097e63ec:   0x00000000                              
  0x00000001097e63f0:   0x00000000      0x0000000000000000      
  0x00000001097e63f4:   0x00000000                              
  0x00000001097e63f8:   0x00000000      0x0000000000000000      
  0x00000001097e63fc:   0x00000000                              

[MachCode]
[Entry Point]
  # {method} {0x0000000125dbb038} 'method_1523' '(Z)V' in 'net/minecraft/class_310'
  # this:     c_rarg1:c_rarg1 
                        = 'net/minecraft/class_310'
  # parm0:    c_rarg2   = boolean
  #           [sp+0x200]  (sp of caller)
  0x00000001097e6400: ;   {no_reloc}
  0x00000001097e6400: 2808 40b9 | 3f01 086b | c001 0054 

  0x00000001097e640c: ;   {runtime_call ic_miss_stub}
  0x00000001097e640c: fda9 5515 | 1f20 03d5 | 1f20 03d5 | 1f20 03d5 | 1f20 03d5 | 1f20 03d5 | 1f20 03d5 | 1f20 03d5 
  0x00000001097e642c: 1f20 03d5 | 1f20 03d5 | 1f20 03d5 | 1f20 03d5 | 1f20 03d5 
[Verified Entry Point]
  0x00000001097e6440: 1f20 03d5 | e953 40d1 | 3f01 00f9 | ff03 08d1 | fd7b 1fa9 | e16f 00f9 | e2e3 00b9 

  0x00000001097e645c: ;   {metadata(method data for {method} {0x0000000125dbb038} 'method_1523' '(Z)V' in 'net/minecraft/class_310')}
  0x00000001097e645c: 035b 93d2 | e3ff a6f2 | 6300 c0f2 | 60ac 40b9 | 0008 0011 | 60ac 00b9 | 0024 1f12 | 1f00 0071 
  0x00000001097e647c: 8011 0454 | e303 01aa 

  0x00000001097e6484: ;   {metadata(method data for {method} {0x0000000125dbb038} 'method_1523' '(Z)V' in 'net/minecraft/class_310')}
  0x00000001097e6484: 005b 93d2 | e0ff a6f2 | 6000 c0f2 | 0878 40f9 | 0805 0091 | 0878 00f9 | e003 02aa | e203 00aa 
  0x00000001097e64a4: e303 1faa | e403 01aa | e103 04aa 

  0x00000001097e64b0: ; ImmutableOopMap {[216]=Oop }
                      ;*invokespecial handler$gck000$lavender$onFrameStart {reexecute=0 rethrow=0 return_oop=0}
                      ; - net.minecraft.class_310::method_1523@3
                      ;   {optimized virtual_call}
  0x00000001097e64b0: f425 0094 | e16f 40f9 

  0x00000001097e64b8: ;   {metadata(method data for {method} {0x0000000125dbb038} 'method_1523' '(Z)V' in 'net/minecraft/class_310')}
  0x00000001097e64b8: 025b 93d2 | e2ff a6f2 | 6200 c0f2 | 4880 40f9 | 0805 0091 | 4880 00f9 | e2e3 40b9 | e303 1faa 
  0x00000001097e64d8: e16f 40f9 

  0x00000001097e64dc: ; ImmutableOopMap {[216]=Oop }
                      ;*invokespecial handler$jie000$sodium$preRender {reexecute=0 rethrow=0 return_oop=0}
                      ; - net.minecraft.class_310::method_1523@9
                      ;   {optimized virtual_call}
  0x00000001097e64dc: 49df b897 | e16f 40f9 

  0x00000001097e64e4: ;   {metadata(method data for {method} {0x0000000125dbb038} 'method_1523' '(Z)V' in 'net/minecraft/class_310')}
  0x00000001097e64e4: 005b 93d2 | e0ff a6f2 | 6000 c0f2 | 0894 40f9 | 0805 0091 | 0894 00f9 

  0x00000001097e64fc: ;   {metadata(method data for {method} {0x0000000125dc5758} 'handler$lll000$xaeroworldmap$onRunTickStart' '(Lorg/spongepowered/asm/mixin/injection/callback/CallbackInfo;)V' in 'net/minecraft/class_310')}
  0x00000001097e64fc: 01c9 97d2 | e1ff a6f2 | 6100 c0f2 | 20ac 40b9 | 0008 0011 | 20ac 00b9 | 004c 1f12 | 1f00 0071 
  0x00000001097e651c: 800d 0454 

  0x00000001097e6520: ;   {metadata(method data for {method} {0x0000000125dc5758} 'handler$lll000$xaeroworldmap$onRunTickStart' '(Lorg/spongepowered/asm/mixin/injection/callback/CallbackInfo;)V' in 'net/minecraft/class_310')}
  0x00000001097e6520: 01c9 97d2 | e1ff a6f2 | 6100 c0f2 | 2878 40f9 | 0805 0091 | 2878 00f9 

  0x00000001097e6538: ;   {metadata(method data for {method} {0x0000000337720c58} 'onMinecraftRunTick' '()V' in 'xaero/map/core/XaeroWorldMapCoreFabric')}
  0x00000001097e6538: 01f2 97d2 | e1ff a6f2 | 6100 c0f2 | 20ac 40b9 | 0008 0011 | 20ac 00b9 | 004c 1f12 | 1f00 0071 
  0x00000001097e6558: a00c 0454 

  0x00000001097e655c: ;   {oop(a 'java/lang/Class'{0x0000000729f02a48} = 'xaero/map/WorldMap')}
  0x00000001097e655c: 0149 85d2 | 013e a5f2 | e100 c0f2 | 2174 40b9 | 21f0 7dd3 | e003 1faa | 3f00 00eb 

  0x00000001097e6578: ;   {metadata(method data for {method} {0x0000000337720c58} 'onMinecraftRunTick' '()V' in 'xaero/map/core/XaeroWorldMapCoreFabric')}
  0x00000001097e6578: 00f2 97d2 | e0ff a6f2 | 6000 c0f2 | e80f 7cb2 | e903 78b2 | 0201 899a | 0368 62f8 | 6304 0091 
  0x00000001097e6598: 0368 22f8 | e008 0054 | 0101 00b5 

  0x00000001097e65a4: ;   {metadata(method data for {method} {0x0000000337720c58} 'onMinecraftRunTick' '()V' in 'xaero/map/core/XaeroWorldMapCoreFabric')}
  0x00000001097e65a4: 03f2 97d2 | e3ff a6f2 | 6300 c0f2 | 6824 4439 | 0801 40b2 | 6824 0439 | 3600 0014 

  0x00000001097e65c0: ;   {metadata('xaero/map/WorldMapFabric')}
  0x00000001097e65c0: 0200 80d2 | 6275 a0f2 | 0214 c0f2 | 2808 40b9 | 0814 c0f2 | 1f01 02eb | e104 0054 

  0x00000001097e65dc: ;   {metadata(method data for {method} {0x0000000337720c58} 'onMinecraftRunTick' '()V' in 'xaero/map/core/XaeroWorldMapCoreFabric')}
  0x00000001097e65dc: 03f2 97d2 | e3ff a6f2 | 6300 c0f2 | 2208 40b9 | 0214 c0f2 | 6980 0491 | 2801 40f9 | 5f00 08eb 
  0x00000001097e65fc: a100 0054 | 6894 40f9 | 0805 0091 | 6894 00f9 | 2200 0014 | 69c0 0491 | 2801 40f9 | 5f00 08eb 
  0x00000001097e661c: a100 0054 | 689c 40f9 | 0805 0091 | 689c 00f9 | 1a00 0014 | 6980 0491 | 2801 40f9 | c800 00b5 
  0x00000001097e663c: 2201 00f9 | e803 40b2 | 69a0 0491 | 2801 00f9 | 1200 0014 | 69c0 0491 | 2801 40f9 | c800 00b5 
  0x00000001097e665c: 2201 00f9 | e803 40b2 | 69e0 0491 | 2801 00f9 | 0a00 0014 | 0900 0014 

  0x00000001097e6674: ;   {metadata(method data for {method} {0x0000000337720c58} 'onMinecraftRunTick' '()V' in 'xaero/map/core/XaeroWorldMapCoreFabric')}
  0x00000001097e6674: 03f2 97d2 | e3ff a6f2 | 6300 c0f2 | 6888 40f9 | 0805 00d1 | 6888 00f9 | 2020 0014 | 0100 0014 
  0x00000001097e6694: ; implicit exception: dispatches to 0x00000001097ee714
  0x00000001097e6694: 3f00 40f9 | e003 01aa 

  0x00000001097e669c: ;   {metadata(method data for {method} {0x0000000337720c58} 'onMinecraftRunTick' '()V' in 'xaero/map/core/XaeroWorldMapCoreFabric')}
  0x00000001097e669c: 02f2 97d2 | e2ff a6f2 | 6200 c0f2 | 48b0 40f9 | 0805 0091 | 48b0 00f9 

  0x00000001097e66b4: ; ImmutableOopMap {[216]=Oop }
                      ;*invokevirtual tryLoadLater {reexecute=0 rethrow=0 return_oop=0}
                      ; - xaero.map.core.XaeroWorldMapCoreFabric::onMinecraftRunTick@12 (line 23)
                      ; - net.minecraft.class_310::handler$lll000$xaeroworldmap$onRunTickStart@0 (line 49032)
                      ; - net.minecraft.class_310::method_1523@14
                      ;   {optimized virtual_call}
  0x00000001097e66b4: 6310 a497 

  0x00000001097e66b8: ;   {metadata(method data for {method} {0x0000000337720c58} 'onMinecraftRunTick' '()V' in 'xaero/map/core/XaeroWorldMapCoreFabric')}
  0x00000001097e66b8: 01f2 97d2 | e1ff a6f2 | 6100 c0f2 | 28c0 40f9 | 0805 0091 | 28c0 00f9 

  0x00000001097e66d0: ;   {metadata(method data for {method} {0x000000033601cdc8} 'onMinecraftRunTick' '()V' in 'xaero/map/core/XaeroWorldMapCore')}
  0x00000001097e66d0: 012b 98d2 | e1ff a6f2 | 6100 c0f2 | 20ac 40b9 | 0008 0011 | 20ac 00b9 | 004c 1f12 | 1f00 0071 
  0x00000001097e66f0: 4001 0454 

  0x00000001097e66f4: ;   {oop(a 'java/lang/Class'{0x0000000729f02a48} = 'xaero/map/WorldMap')}
  0x00000001097e66f4: 0149 85d2 | 013e a5f2 | e100 c0f2 | 2188 40b9 | 21f0 7dd3 | e003 1faa | 3f00 00eb 

  0x00000001097e6710: ;   {metadata(method data for {method} {0x000000033601cdc8} 'onMinecraftRunTick' '()V' in 'xaero/map/core/XaeroWorldMapCore')}
  0x00000001097e6710: 002b 98d2 | e0ff a6f2 | 6000 c0f2 | e80f 7cb2 | e903 78b2 | 0201 899a | 0368 62f8 | 6304 0091 
  0x00000001097e6730: 0368 22f8 | 8005 0054 

  0x00000001097e6738: ; implicit exception: dispatches to 0x00000001097ee738
  0x00000001097e6738: 3f00 40f9 | e003 01aa 

  0x00000001097e6740: ;   {metadata(method data for {method} {0x000000033601cdc8} 'onMinecraftRunTick' '()V' in 'xaero/map/core/XaeroWorldMapCore')}
  0x00000001097e6740: 022b 98d2 | e2ff a6f2 | 6200 c0f2 | 0008 40b9 | 0014 c0f2 | 4980 0491 | 2801 40f9 | 1f00 08eb 
  0x00000001097e6760: a100 0054 | 4894 40f9 | 0805 0091 | 4894 00f9 | 1c00 0014 | 49c0 0491 | 2801 40f9 | 1f00 08eb 
  0x00000001097e6780: a100 0054 | 489c 40f9 | 0805 0091 | 489c 00f9 | 1400 0014 | 4980 0491 | 2801 40f9 | c800 00b5 
  0x00000001097e67a0: 2001 00f9 | e803 40b2 | 49a0 0491 | 2801 00f9 | 0c00 0014 | 49c0 0491 | 2801 40f9 | c800 00b5 
  0x00000001097e67c0: 2001 00f9 | e803 40b2 | 49e0 0491 | 2801 00f9 | 0400 0014 | 4888 40f9 | 0805 0091 | 4888 00f9 
  0x00000001097e67e0: ; ImmutableOopMap {[216]=Oop }
                      ;*invokevirtual handleClientRunTickStart {reexecute=0 rethrow=0 return_oop=0}
                      ; - xaero.map.core.XaeroWorldMapCore::onMinecraftRunTick@9 (line 187)
                      ; - xaero.map.core.XaeroWorldMapCoreFabric::onMinecraftRunTick@15 (line 24)
                      ; - net.minecraft.class_310::handler$lll000$xaeroworldmap$onRunTickStart@0 (line 49032)
                      ; - net.minecraft.class_310::method_1523@14
                      ;   {optimized virtual_call}
  0x00000001097e67e0: d876 0b94 | e16f 40f9 | 2084 40b9 | 00f0 7dd3 

  0x00000001097e67f0: ; implicit exception: dispatches to 0x00000001097ee73c
  0x00000001097e67f0: 1f00 40f9 | e203 00aa 

  0x00000001097e67f8: ;   {metadata(method data for {method} {0x0000000125dbb038} 'method_1523' '(Z)V' in 'net/minecraft/class_310')}
  0x00000001097e67f8: 035b 93d2 | e3ff a6f2 | 6300 c0f2 | 68a4 40f9 | 0805 0091 | 68a4 00f9 

  0x00000001097e6810: ;   {oop("Pre render"{0x00000007061d6080})}
  0x00000001097e6810: 0210 8cd2 | a2c3 a0f2 | e200 c0f2 | 83e3 4039 | 7f00 0071 | e1f8 0354 | 48fc 43d3 | 0868 00b9 
  0x00000001097e6830: 0300 02ca | 63fc 55d3 | 7f00 00f1 | e1f8 0354 

  0x00000001097e6840: ;   {metadata(method data for {method} {0x0000000125dbb038} 'method_1523' '(Z)V' in 'net/minecraft/class_310')}
  0x00000001097e6840: 005b 93d2 | e0ff a6f2 | 6000 c0f2 | 08c0 40f9 | 0805 0091 | 08c0 00f9 

  0x00000001097e6858: ;   {metadata(method data for {method} {0x0000000123c654a8} 'method_648' '()J' in 'net/minecraft/class_156')}
  0x00000001097e6858: 0079 9dd2 | a0fc a6f2 | 6000 c0f2 | 02ac 40b9 | 4208 0011 | 02ac 00b9 | 424c 1f12 | 5f00 0071 
  0x00000001097e6878: 80f7 0354 

  0x00000001097e687c: ;   {oop(a 'java/lang/Class'{0x000000071205af98} = 'net/minecraft/class_156')}
  0x00000001097e687c: 00f3 95d2 | a040 a2f2 | e000 c0f2 | 0088 40b9 | 00f0 7dd3 

  0x00000001097e6890: ; implicit exception: dispatches to 0x00000001097ee788
  0x00000001097e6890: 1f00 40f9 | e203 00aa 

  0x00000001097e6898: ;   {metadata(method data for {method} {0x0000000123c654a8} 'method_648' '()J' in 'net/minecraft/class_156')}
  0x00000001097e6898: 0379 9dd2 | a3fc a6f2 | 6300 c0f2 | 4208 40b9 | 0214 c0f2 | 6900 0491 | 2801 40f9 | 5f00 08eb 
  0x00000001097e68b8: a100 0054 | 6884 40f9 | 0805 0091 | 6884 00f9 | 1c00 0014 | 6940 0491 | 2801 40f9 | 5f00 08eb 
  0x00000001097e68d8: a100 0054 | 688c 40f9 | 0805 0091 | 688c 00f9 | 1400 0014 | 6900 0491 | 2801 40f9 | c800 00b5 
  0x00000001097e68f8: 2201 00f9 | e803 40b2 | 6920 0491 | 2801 00f9 | 0c00 0014 | 6940 0491 | 2801 40f9 | c800 00b5 
  0x00000001097e6918: 2201 00f9 | e803 40b2 | 6960 0491 | 2801 00f9 | 0400 0014 | 6878 40f9 | 0805 0091 | 6878 00f9 
  0x00000001097e6938: e103 00aa | 09d4 9ad2 | 0976 a0f2 | 0914 c0f2 

  0x00000001097e6948: ; ImmutableOopMap {[216]=Oop }
                      ;*invokeinterface getAsLong {reexecute=0 rethrow=0 return_oop=0}
                      ; - net.minecraft.class_156::method_648@3 (line 126)
                      ; - net.minecraft.class_310::method_1523@27 (line 1154)
                      ;   {virtual_call}
  0x00000001097e6948: 7eb1 aa95 | e077 00f9 | e16f 40f9 | 2284 40b9 | 42f0 7dd3 

  0x00000001097e695c: ; implicit exception: dispatches to 0x00000001097ee78c
  0x00000001097e695c: 5f00 40f9 | e303 02aa 

  0x00000001097e6964: ;   {metadata(method data for {method} {0x0000000125dbb038} 'method_1523' '(Z)V' in 'net/minecraft/class_310')}
  0x00000001097e6964: 045b 93d2 | e4ff a6f2 | 6400 c0f2 | 88c8 40f9 | 0805 0091 | 88c8 00f9 

  0x00000001097e697c: ;   {metadata(method data for {method} {0x0000000330937800} 'method_22093' '()Z' in 'net/minecraft/class_1041')}
  0x00000001097e697c: 03ad 98d2 | e3ff a6f2 | 6300 c0f2 | 64ac 40b9 | 8408 0011 | 64ac 00b9 | 844c 1f12 | 9f00 0071 
  0x00000001097e699c: a0ef 0354 

  0x00000001097e69a0: ;   {metadata(method data for {method} {0x0000000330937800} 'method_22093' '()Z' in 'net/minecraft/class_1041')}
  0x00000001097e69a0: 03ad 98d2 | e3ff a6f2 | 6300 c0f2 | 6878 40f9 | 0805 0091 | 6878 00f9 

  0x00000001097e69b8: ;   {metadata(method data for {method} {0x00000003361314d8} '_shouldClose' '(Lnet/minecraft/class_1041;)Z' in 'com/mojang/blaze3d/platform/GLX')}
  0x00000001097e69b8: 03d5 98d2 | e3ff a6f2 | 6300 c0f2 | 64ac 40b9 | 8408 0011 | 64ac 00b9 | 844c 1f12 | 9f00 0071 
  0x00000001097e69d8: c0ee 0354 | e303 02aa 

  0x00000001097e69e0: ;   {metadata(method data for {method} {0x00000003361314d8} '_shouldClose' '(Lnet/minecraft/class_1041;)Z' in 'com/mojang/blaze3d/platform/GLX')}
  0x00000001097e69e0: 04d5 98d2 | e4ff a6f2 | 6400 c0f2 | 8878 40f9 | 0805 0091 | 8878 00f9 | 4308 40f9 

  0x00000001097e69fc: ;   {metadata(method data for {method} {0x00000003361314d8} '_shouldClose' '(Lnet/minecraft/class_1041;)Z' in 'com/mojang/blaze3d/platform/GLX')}
  0x00000001097e69fc: 02d5 98d2 | e2ff a6f2 | 6200 c0f2 | 4894 40f9 | 0805 0091 | 4894 00f9 | e103 03aa 

  0x00000001097e6a18: ; ImmutableOopMap {[216]=Oop }
                      ;*invokestatic glfwWindowShouldClose {reexecute=0 rethrow=0 return_oop=0}
                      ; - com.mojang.blaze3d.platform.GLX::_shouldClose@4 (line 92)
                      ; - net.minecraft.class_1041::method_22093@1 (line 134)
                      ; - net.minecraft.class_310::method_1523@35 (line 1155)
                      ;   {static_call}
  0x00000001097e6a18: 3a94 d997 | 0100 0012 | 2100 0012 | 3f00 0071 

  0x00000001097e6a28: ;   {metadata(method data for {method} {0x0000000125dbb038} 'method_1523' '(Z)V' in 'net/minecraft/class_310')}
  0x00000001097e6a28: 015b 93d2 | e1ff a6f2 | 6100 c0f2 | 0839 80d2 | 093b 80d2 | 0001 899a | 2268 60f8 | 4204 0091 
  0x00000001097e6a48: 2268 20f8 | e16f 40f9 | 4009 0054 | e003 01aa 

  0x00000001097e6a58: ;   {metadata(method data for {method} {0x0000000125dbb038} 'method_1523' '(Z)V' in 'net/minecraft/class_310')}
  0x00000001097e6a58: 025b 93d2 | e2ff a6f2 | 6200 c0f2 

  0x00000001097e6a64: ;   {metadata('net/minecraft/class_310')}
  0x00000001097e6a64: 0842 88d2 | e835 a0f2 | 0814 c0f2 | 49e0 0791 | 2801 00f9 | 4800 41f9 | 0805 0091 | 4800 01f9 
  0x00000001097e6a84: ;   {metadata(method data for {method} {0x0000000125dbcf08} 'method_1592' '()V' in 'net/minecraft/class_310')}
  0x00000001097e6a84: 0004 99d2 | e0ff a6f2 | 6000 c0f2 | 02ac 40b9 | 4208 0011 | 02ac 00b9 | 424c 1f12 | 5f00 0071 
  0x00000001097e6aa4: 60e9 0354 | e003 01aa 

  0x00000001097e6aac: ;   {metadata(method data for {method} {0x0000000125dbcf08} 'method_1592' '()V' in 'net/minecraft/class_310')}
  0x00000001097e6aac: 0204 99d2 | e2ff a6f2 | 6200 c0f2 | 4878 40f9 | 0805 0091 | 4878 00f9 

  0x00000001097e6ac4: ;   {metadata(method data for {method} {0x0000000125d9ca58} 'handler$emm000$fancymenu$before_stop_FancyMenu' '(Lorg/spongepowered/asm/mixin/injection/callback/CallbackInfo;)V' in 'net/minecraft/class_310')}
  0x00000001097e6ac4: 002a 99d2 | e0ff a6f2 | 6000 c0f2 | 02ac 40b9 | 4208 0011 | 02ac 00b9 | 424c 1f12 | 5f00 0071 
  0x00000001097e6ae4: 60e8 0354 | 2084 4139 | 1f00 0071 

  0x00000001097e6af0: ;   {metadata(method data for {method} {0x0000000125d9ca58} 'handler$emm000$fancymenu$before_stop_FancyMenu' '(Lorg/spongepowered/asm/mixin/injection/callback/CallbackInfo;)V' in 'net/minecraft/class_310')}
  0x00000001097e6af0: 002a 99d2 | e0ff a6f2 | 6000 c0f2 | e80f 7cb2 | e903 78b2 | 0211 899a | 0368 62f8 | 6304 0091 
  0x00000001097e6b10: 0368 22f8 | 8102 0054 | e003 0032 | 2084 0139 

  0x00000001097e6b20: ;   {oop(a 'de/keksuccino/fancymenu/customization/listener/listeners/OnQuitMinecraftListener'{0x0000000729959cd0})}
  0x00000001097e6b20: 009a 93d2 | a032 a5f2 | e000 c0f2 | e203 00aa 

  0x00000001097e6b30: ;   {metadata(method data for {method} {0x0000000125d9ca58} 'handler$emm000$fancymenu$before_stop_FancyMenu' '(Lorg/spongepowered/asm/mixin/injection/callback/CallbackInfo;)V' in 'net/minecraft/class_310')}
  0x00000001097e6b30: 032a 99d2 | e3ff a6f2 | 6300 c0f2 

  0x00000001097e6b3c: ;   {metadata('de/keksuccino/fancymenu/customization/listener/listeners/OnQuitMinecraftListener')}
  0x00000001097e6b3c: 08bf 87d2 | 487a a0f2 | 0814 c0f2 | 6980 0491 | 2801 00f9 | 6894 40f9 | 0805 0091 | 6894 00f9 
  0x00000001097e6b5c: e103 00aa 

  0x00000001097e6b60: ; ImmutableOopMap {[216]=Oop }
                      ;*invokevirtual onQuitMinecraft {reexecute=0 rethrow=0 return_oop=0}
                      ; - net.minecraft.class_310::handler$emm000$fancymenu$before_stop_FancyMenu@15 (line 18569)
                      ; - net.minecraft.class_310::method_1592@2
                      ; - net.minecraft.class_310::method_1523@42 (line 1156)
                      ;   {optimized virtual_call}
  0x00000001097e6b60: e8a8 5595 | e16f 40f9 | 0200 a052 | bf3b 03d5 | 22ac 0139 | bf3b 03d5 | 20a0 41b9 | 00f0 7dd3 
  0x00000001097e6b80: e203 1faa | 1f00 02eb 

  0x00000001097e6b88: ;   {metadata(method data for {method} {0x0000000125dbb038} 'method_1523' '(Z)V' in 'net/minecraft/class_310')}
  0x00000001097e6b88: 025b 93d2 | e2ff a6f2 | 6200 c0f2 | 0844 80d2 | 0946 80d2 | 0301 899a | 4468 63f8 | 8404 0091 
  0x00000001097e6ba8: 4468 23f8 | 2026 0054 | 228c 41b9 | 42f0 7dd3 | 0201 00b5 

  0x00000001097e6bbc: ;   {metadata(method data for {method} {0x0000000125dbb038} 'method_1523' '(Z)V' in 'net/minecraft/class_310')}
  0x00000001097e6bbc: 055b 93d2 | e5ff a6f2 | 6500 c0f2 | a8e4 4839 | 0801 40b2 | a8e4 0839 | 3600 0014 

  0x00000001097e6bd8: ;   {metadata('net/minecraft/class_425')}
  0x00000001097e6bd8: 0498 8dd2 | e435 a0f2 | 0414 c0f2 | 4808 40b9 | 0814 c0f2 | 1f01 04eb | e104 0054 

  0x00000001097e6bf4: ;   {metadata(method data for {method} {0x0000000125dbb038} 'method_1523' '(Z)V' in 'net/minecraft/class_310')}
  0x00000001097e6bf4: 055b 93d2 | e5ff a6f2 | 6500 c0f2 | 4408 40b9 | 0414 c0f2 | a940 0991 | 2801 40f9 | 9f00 08eb 
  0x00000001097e6c14: a100 0054 | a82c 41f9 | 0805 0091 | a82c 01f9 | 2400 0014 | a980 0991 | 2801 40f9 | 9f00 08eb 
  0x00000001097e6c34: a100 0054 | a834 41f9 | 0805 0091 | a834 01f9 | 1c00 0014 | a940 0991 | 2801 40f9 | c800 00b5 
  0x00000001097e6c54: 2401 00f9 | e803 40b2 | a960 0991 | 2801 00f9 | 1400 0014 | a980 0991 | 2801 40f9 | c800 00b5 
  0x00000001097e6c74: 2401 00f9 | e803 40b2 | a9a0 0991 | 2801 00f9 | 0c00 0014 | 0b00 0014 

  0x00000001097e6c8c: ;   {metadata(method data for {method} {0x0000000125dbb038} 'method_1523' '(Z)V' in 'net/minecraft/class_310')}
  0x00000001097e6c8c: 055b 93d2 | e5ff a6f2 | 6500 c0f2 | a820 41f9 | 0805 00d1 | a820 01f9 | 0200 0014 | 0300 0014 
  0x00000001097e6cac: e203 1faa | 0200 0014 | e203 40b2 | 5f00 0071 

  0x00000001097e6cbc: ;   {metadata(method data for {method} {0x0000000125dbb038} 'method_1523' '(Z)V' in 'net/minecraft/class_310')}
  0x00000001097e6cbc: 025b 93d2 | e2ff a6f2 | 6200 c0f2 | 084f 80d2 | 0951 80d2 | 0311 899a | 4468 63f8 | 8404 0091 
  0x00000001097e6cdc: 4468 23f8 | 811c 0054 | e07b 00f9 | 82e3 4039 | 5f00 0071 | 01d9 0354 | 3fa0 01b9 | e203 01aa 
  0x00000001097e6cfc: ;   {metadata(method data for {method} {0x0000000125dbb038} 'method_1523' '(Z)V' in 'net/minecraft/class_310')}
  0x00000001097e6cfc: 035b 93d2 | e3ff a6f2 | 6300 c0f2 

  0x00000001097e6d08: ;   {metadata('net/minecraft/class_310')}
  0x00000001097e6d08: 0842 88d2 | e835 a0f2 | 0814 c0f2 | 69a0 0a91 | 2801 00f9 | 6858 41f9 | 0805 0091 | 6858 01f9 
  0x00000001097e6d28: ;   {metadata(method data for {method} {0x0000000125db9af0} 'method_1521' '()Ljava/util/concurrent/CompletableFuture;' in 'net/minecraft/class_310')}
  0x00000001097e6d28: 0296 99d2 | e2ff a6f2 | 6200 c0f2 | 43ac 40b9 | 6308 0011 | 43ac 00b9 | 634c 1f12 | 7f00 0071 
  0x00000001097e6d48: 00d7 0354 | e203 01aa 

  0x00000001097e6d50: ;   {metadata(method data for {method} {0x0000000125db9af0} 'method_1521' '()Ljava/util/concurrent/CompletableFuture;' in 'net/minecraft/class_310')}
  0x00000001097e6d50: 0396 99d2 | e3ff a6f2 | 6300 c0f2 | 6878 40f9 | 0805 0091 | 6878 00f9 | 0200 a052 | e303 01aa 
  0x00000001097e6d70: e103 03aa 

  0x00000001097e6d74: ; ImmutableOopMap {[240]=Oop [216]=Oop }
                      ;*invokevirtual method_36561 {reexecute=0 rethrow=0 return_oop=0}
                      ; - net.minecraft.class_310::method_1521@2 (line 928)
                      ; - net.minecraft.class_310::method_1523@74 (line 1163)
                      ;   {optimized virtual_call}
  0x00000001097e6d74: 63a8 5595 | e16f 40f9 

  0x00000001097e6d7c: ;   {metadata(method data for {method} {0x0000000125db9af0} 'method_1521' '()Ljava/util/concurrent/CompletableFuture;' in 'net/minecraft/class_310')}
  0x00000001097e6d7c: 0296 99d2 | e2ff a6f2 | 6200 c0f2 | 4894 40f9 | 0805 0091 | 4894 00f9 

  0x00000001097e6d94: ;   {metadata(method data for {method} {0x0000000125dc3518} 'handler$jie000$sodium$postResourceReload' '(Lorg/spongepowered/asm/mixin/injection/callback/CallbackInfoReturnable;)V' in 'net/minecraft/class_310')}
  0x00000001097e6d94: 0136 9ad2 | e1ff a6f2 | 6100 c0f2 | 22ac 40b9 | 4208 0011 | 22ac 00b9 | 424c 1f12 | 5f00 0071 
  0x00000001097e6db4: a0d4 0354 | e16f 40f9 | 22ec 40b9 | 42f0 7dd3 

  0x00000001097e6dc4: ;   {metadata(method data for {method} {0x0000000125dc3518} 'handler$jie000$sodium$postResourceReload' '(Lorg/spongepowered/asm/mixin/injection/callback/CallbackInfoReturnable;)V' in 'net/minecraft/class_310')}
  0x00000001097e6dc4: 0336 9ad2 | e3ff a6f2 | 6300 c0f2 | 6878 40f9 | 0805 0091 | 6878 00f9 | e103 02aa | e07f 00f9 
  0x00000001097e6de4: ; ImmutableOopMap {[240]=Oop [248]=Oop [216]=Oop }
                      ;*invokestatic checkIfCoreShaderLoaded {reexecute=0 rethrow=0 return_oop=0}
                      ; - net.minecraft.class_310::handler$jie000$sodium$postResourceReload@4 (line 37084)
                      ; - net.minecraft.class_310::method_1521@7 (line 928)
                      ; - net.minecraft.class_310::method_1523@74 (line 1163)
                      ;   {static_call}
  0x00000001097e6de4: c7a9 5595 

  0x00000001097e6de8: ; ImmutableOopMap {[240]=Oop [248]=Oop [216]=Oop }
                      ;*invokedynamic {reexecute=0 rethrow=0 return_oop=0}
                      ; - net.minecraft.class_310::method_1523@79 (line 1163)
                      ;   {runtime_call load_appendix_patching Runtime1 stub}
  0x00000001097e6de8: c67b 5895 | e17b 40f9 

  0x00000001097e6df0: ; ImmutableOopMap {[248]=Oop [216]=Oop }
                      ;*invokedynamic {reexecute=0 rethrow=0 return_oop=0}
                      ; - net.minecraft.class_310::method_1523@79 (line 1163)
                      ;   {static_call}
  0x00000001097e6df0: c4a9 5595 

  0x00000001097e6df4: ;   {metadata(method data for {method} {0x0000000125dbb038} 'method_1523' '(Z)V' in 'net/minecraft/class_310')}
  0x00000001097e6df4: 025b 93d2 | e2ff a6f2 | 6200 c0f2 | 42c0 0b91 | e303 00aa | a300 00b5 | 4900 40f9 | 2901 40b2 
  0x00000001097e6e14: 4900 00f9 | 1600 0014 | 6308 40b9 | 0314 c0f2 | 4900 40f9 | 6300 09ca | 68f4 7e92 | 0802 00b4 
  0x00000001097e6e34: e301 0837 | a901 00b4 | 3f05 00f1 | 6001 0054 | bf39 03d5 | 6300 09ca | 4900 40f9 | 6300 09ca 
  0x00000001097e6e54: 68f4 7e92 | c800 00b4 | 4900 40f9 | 2901 7fb2 | 4900 00f9 | 0200 0014 | 4300 00f9 | e17f 40f9 
  0x00000001097e6e74: ; implicit exception: dispatches to 0x00000001097ee868
  0x00000001097e6e74: 3f00 40f9 | e203 01aa 

  0x00000001097e6e7c: ;   {metadata(method data for {method} {0x0000000125dbb038} 'method_1523' '(Z)V' in 'net/minecraft/class_310')}
  0x00000001097e6e7c: 035b 93d2 | e3ff a6f2 | 6300 c0f2 | 4208 40b9 | 0214 c0f2 | 6940 0c91 | 2801 40f9 | 5f00 08eb 
  0x00000001097e6e9c: a100 0054 | 688c 41f9 | 0805 0091 | 688c 01f9 | 1c00 0014 | 6980 0c91 | 2801 40f9 | 5f00 08eb 
  0x00000001097e6ebc: a100 0054 | 6894 41f9 | 0805 0091 | 6894 01f9 | 1400 0014 | 6940 0c91 | 2801 40f9 | c800 00b5 
  0x00000001097e6edc: 2201 00f9 | e803 40b2 | 6960 0c91 | 2801 00f9 | 0c00 0014 | 6980 0c91 | 2801 40f9 | c800 00b5 
  0x00000001097e6efc: 2201 00f9 | e803 40b2 | 69a0 0c91 | 2801 00f9 | 0400 0014 | 6880 41f9 | 0805 0091 | 6880 01f9 
  0x00000001097e6f1c: ;   {metadata(method data for {method} {0x00000001220587f0} 'thenRun' '(Ljava/lang/Runnable;)Ljava/util/concurrent/CompletableFuture;' in 'java/util/concurrent/CompletableFuture')}
  0x00000001097e6f1c: 024f 8dd2 | a2f6 a6f2 | 6200 c0f2 | 43ac 40b9 | 6308 0011 | 43ac 00b9 | 634c 1f12 | 7f00 0071 
  0x00000001097e6f3c: 80c9 0354 | e203 01aa 

  0x00000001097e6f44: ;   {metadata(method data for {method} {0x00000001220587f0} 'thenRun' '(Ljava/lang/Runnable;)Ljava/util/concurrent/CompletableFuture;' in 'java/util/concurrent/CompletableFuture')}
  0x00000001097e6f44: 034f 8dd2 | a3f6 a6f2 | 6300 c0f2 | 6878 40f9 | 0805 0091 | 6878 00f9 | e203 1faa | e303 00aa 
  0x00000001097e6f64: ; ImmutableOopMap {[216]=Oop }
                      ;*invokevirtual uniRunStage {reexecute=0 rethrow=0 return_oop=0}
                      ; - java.util.concurrent.CompletableFuture::thenRun@3
                      ; - net.minecraft.class_310::method_1523@84 (line 1163)
                      ;   {optimized virtual_call}
  0x00000001097e6f64: e7a7 5595 | e16f 40f9 | 4100 0014 

  0x00000001097e6f70: ; implicit exception: dispatches to 0x00000001097ee88c
  0x00000001097e6f70: 3f00 40f9 | e003 01aa 

  0x00000001097e6f78: ;   {metadata(method data for {method} {0x0000000125dbb038} 'method_1523' '(Z)V' in 'net/minecraft/class_310')}
  0x00000001097e6f78: 025b 93d2 | e2ff a6f2 | 6200 c0f2 | 0008 40b9 | 0014 c0f2 | 4960 0f91 | 2801 40f9 | 1f00 08eb 
  0x00000001097e6f98: a100 0054 | 48f0 41f9 | 0805 0091 | 48f0 01f9 | 1c00 0014 | 49a0 0f91 | 2801 40f9 | 1f00 08eb 
  0x00000001097e6fb8: a100 0054 | 48f8 41f9 | 0805 0091 | 48f8 01f9 | 1400 0014 | 4960 0f91 | 2801 40f9 | c800 00b5 
  0x00000001097e6fd8: 2001 00f9 | e803 40b2 | 4980 0f91 | 2801 00f9 | 0c00 0014 | 49a0 0f91 | 2801 40f9 | c800 00b5 
  0x00000001097e6ff8: 2001 00f9 | e803 40b2 | 49c0 0f91 | 2801 00f9 | 0400 0014 | 48e4 41f9 | 0805 0091 | 48e4 01f9 
  0x00000001097e7018: 0988 9dd2 | a99d a0f2 | 0900 ccf2 

  0x00000001097e7024: ; ImmutableOopMap {[216]=Oop }
                      ;*invokeinterface run {reexecute=0 rethrow=0 return_oop=0}
                      ; - net.minecraft.class_310::method_1523@108 (line 1168)
                      ;   {virtual_call}
  0x00000001097e7024: 9ba4 5595 

  0x00000001097e7028: ;   {metadata(method data for {method} {0x0000000125dbb038} 'method_1523' '(Z)V' in 'net/minecraft/class_310')}
  0x00000001097e7028: 015b 93d2 | e1ff a6f2 | 6100 c0f2 | 20b0 40b9 | 0008 0011 | 20b0 00b9 | 0030 1f12 | 1f00 0071 
  0x00000001097e7048: 40c2 0354 

  0x00000001097e704c: ; ImmutableOopMap {[216]=Oop }
                      ;*goto {reexecute=1 rethrow=0 return_oop=0}
                      ; - (reexecute) net.minecraft.class_310::method_1523@113 (line 1168)
  0x00000001097e704c: 88ab 41f9 

  0x00000001097e7050: ;   {poll}
  0x00000001097e7050: 1f01 40b9 

  0x00000001097e7054: ;   {metadata(method data for {method} {0x0000000125dbb038} 'method_1523' '(Z)V' in 'net/minecraft/class_310')}
  0x00000001097e7054: 015b 93d2 | e1ff a6f2 | 6100 c0f2 | 2000 42f9 | 0004 0091 | 2000 02f9 | e16f 40f9 | 209c 41b9 
  0x00000001097e7074: 00f0 7dd3 

  0x00000001097e7078: ; implicit exception: dispatches to 0x00000001097ee8b0
  0x00000001097e7078: 1f00 40f9 | e203 00aa 

  0x00000001097e7080: ;   {metadata(method data for {method} {0x0000000125dbb038} 'method_1523' '(Z)V' in 'net/minecraft/class_310')}
  0x00000001097e7080: 035b 93d2 | e3ff a6f2 | 6300 c0f2 | 4208 40b9 | 0214 c0f2 | 6920 0d91 | 2801 40f9 | 5f00 08eb 
  0x00000001097e70a0: a100 0054 | 68a8 41f9 | 0805 0091 | 68a8 01f9 | 1c00 0014 | 6960 0d91 | 2801 40f9 | 5f00 08eb 
  0x00000001097e70c0: a100 0054 | 68b0 41f9 | 0805 0091 | 68b0 01f9 | 1400 0014 | 6920 0d91 | 2801 40f9 | c800 00b5 
  0x00000001097e70e0: 2201 00f9 | e803 40b2 | 6940 0d91 | 2801 00f9 | 0c00 0014 | 6960 0d91 | 2801 40f9 | c800 00b5 
  0x00000001097e7100: 2201 00f9 | e803 40b2 | 6980 0d91 | 2801 00f9 | 0400 0014 | 689c 41f9 | 0805 0091 | 689c 01f9 
  0x00000001097e7120: e103 00aa | 0906 88d2 | 8921 a0f2 | 0914 c0f2 

  0x00000001097e7130: ; ImmutableOopMap {[216]=Oop }
                      ;*invokeinterface poll {reexecute=0 rethrow=0 return_oop=0}
                      ; - net.minecraft.class_310::method_1523@92 (line 1167)
                      ;   {virtual_call}
  0x00000001097e7130: 044a cb95 | 0001 00b5 

  0x00000001097e7138: ;   {metadata(method data for {method} {0x0000000125dbb038} 'method_1523' '(Z)V' in 'net/minecraft/class_310')}
  0x00000001097e7138: 035b 93d2 | e3ff a6f2 | 6300 c0f2 | 68a4 4d39 | 0801 40b2 | 68a4 0d39 | 3d00 0014 

  0x00000001097e7154: ;   {metadata('java/lang/Runnable')}
  0x00000001097e7154: 02e7 9dd2 | 2200 a0f2 | 0214 c0f2 | 0308 40b9 | 0314 c0f2 | 6810 40f9 | 5f00 08eb | e000 0054 
  0x00000001097e7174: 7f00 02eb | a000 0054 | e30b bfa9 

  0x00000001097e7180: ;   {runtime_call slow_subtype_check Runtime1 stub}
  0x00000001097e7180: 2074 5895 | e307 41f8 | e304 0034 

  0x00000001097e718c: ;   {metadata(method data for {method} {0x0000000125dbb038} 'method_1523' '(Z)V' in 'net/minecraft/class_310')}
  0x00000001097e718c: 035b 93d2 | e3ff a6f2 | 6300 c0f2 | 0208 40b9 | 0214 c0f2 | 6900 0e91 | 2801 40f9 | 5f00 08eb 
  0x00000001097e71ac: a100 0054 | 68c4 41f9 | 0805 0091 | 68c4 01f9 | 2200 0014 | 6940 0e91 | 2801 40f9 | 5f00 08eb 
  0x00000001097e71cc: a100 0054 | 68cc 41f9 | 0805 0091 | 68cc 01f9 | 1a00 0014 | 6900 0e91 | 2801 40f9 | c800 00b5 
  0x00000001097e71ec: 2201 00f9 | e803 40b2 | 6920 0e91 | 2801 00f9 | 1200 0014 | 6940 0e91 | 2801 40f9 | c800 00b5 
  0x00000001097e720c: 2201 00f9 | e803 40b2 | 6960 0e91 | 2801 00f9 | 0a00 0014 | 0900 0014 

  0x00000001097e7224: ;   {metadata(method data for {method} {0x0000000125dbb038} 'method_1523' '(Z)V' in 'net/minecraft/class_310')}
  0x00000001097e7224: 035b 93d2 | e3ff a6f2 | 6300 c0f2 | 68b8 41f9 | 0805 00d1 | 68b8 01f9 | 9e1d 0014 | 0100 0014 
  0x00000001097e7244: e103 00aa | e003 1faa | 3f00 00eb 

  0x00000001097e7250: ;   {metadata(method data for {method} {0x0000000125dbb038} 'method_1523' '(Z)V' in 'net/minecraft/class_310')}
  0x00000001097e7250: 005b 93d2 | e0ff a6f2 | 6000 c0f2 | 0877 80d2 | 0975 80d2 | 0211 899a | 0368 62f8 | 6304 0091 
  0x00000001097e7270: 0368 22f8 | e1e7 ff54 | e2e3 40b9 | 5f00 0071 

  0x00000001097e7280: ;   {metadata(method data for {method} {0x0000000125dbb038} 'method_1523' '(Z)V' in 'net/minecraft/class_310')}
  0x00000001097e7280: 015b 93d2 | e1ff a6f2 | 6100 c0f2 | 0883 80d2 | 0985 80d2 | 0001 899a | 2368 60f8 | 6304 0091 
  0x00000001097e72a0: 2368 20f8 | e16f 40f9 | 6043 0054 | 2088 40b9 | 00f0 7dd3 

  0x00000001097e72b4: ;   {metadata(method data for {method} {0x0000000125dbb038} 'method_1523' '(Z)V' in 'net/minecraft/class_310')}
  0x00000001097e72b4: 035b 93d2 | e3ff a6f2 | 6300 c0f2 | 681c 42f9 | 0805 0091 | 681c 02f9 

  0x00000001097e72cc: ;   {metadata(method data for {method} {0x0000000123c65408} 'method_658' '()J' in 'net/minecraft/class_156')}
  0x00000001097e72cc: 0352 9dd2 | a3fc a6f2 | 6300 c0f2 | 64ac 40b9 | 8408 0011 | 64ac 00b9 | 844c 1f12 | 9f00 0071 
  0x00000001097e72ec: 80ae 0354 

  0x00000001097e72f0: ;   {metadata(method data for {method} {0x0000000123c65408} 'method_658' '()J' in 'net/minecraft/class_156')}
  0x00000001097e72f0: 0352 9dd2 | a3fc a6f2 | 6300 c0f2 | 6878 40f9 | 0805 0091 | 6878 00f9 

  0x00000001097e7308: ;   {metadata(method data for {method} {0x0000000123c654a8} 'method_648' '()J' in 'net/minecraft/class_156')}
  0x00000001097e7308: 0379 9dd2 | a3fc a6f2 | 6300 c0f2 | 64ac 40b9 | 8408 0011 | 64ac 00b9 | 844c 1f12 | 9f00 0071 
  0x00000001097e7328: a0ad 0354 

  0x00000001097e732c: ;   {oop(a 'java/lang/Class'{0x000000071205af98} = 'net/minecraft/class_156')}
  0x00000001097e732c: 03f3 95d2 | a340 a2f2 | e300 c0f2 | 6388 40b9 | 63f0 7dd3 

  0x00000001097e7340: ; implicit exception: dispatches to 0x00000001097ee8fc
  0x00000001097e7340: 7f00 40f9 | e403 03aa 

  0x00000001097e7348: ;   {metadata(method data for {method} {0x0000000123c654a8} 'method_648' '()J' in 'net/minecraft/class_156')}
  0x00000001097e7348: 0579 9dd2 | a5fc a6f2 | 6500 c0f2 | 8408 40b9 | 0414 c0f2 | a900 0491 | 2801 40f9 | 9f00 08eb 
  0x00000001097e7368: a100 0054 | a884 40f9 | 0805 0091 | a884 00f9 | 1c00 0014 | a940 0491 | 2801 40f9 | 9f00 08eb 
  0x00000001097e7388: a100 0054 | a88c 40f9 | 0805 0091 | a88c 00f9 | 1400 0014 | a900 0491 | 2801 40f9 | c800 00b5 
  0x00000001097e73a8: 2401 00f9 | e803 40b2 | a920 0491 | 2801 00f9 | 0c00 0014 | a940 0491 | 2801 40f9 | c800 00b5 
  0x00000001097e73c8: 2401 00f9 | e803 40b2 | a960 0491 | 2801 00f9 | 0400 0014 | a878 40f9 | 0805 0091 | a878 00f9 
  0x00000001097e73e8: e103 03aa | e083 00f9 | 09d4 9ad2 | 0976 a0f2 | 0914 c0f2 

  0x00000001097e73fc: ; ImmutableOopMap {[216]=Oop [256]=Oop }
                      ;*invokeinterface getAsLong {reexecute=0 rethrow=0 return_oop=0}
                      ; - net.minecraft.class_156::method_648@3 (line 126)
                      ; - net.minecraft.class_156::method_658@0 (line 122)
                      ; - net.minecraft.class_310::method_1523@124 (line 1172)
                      ;   {virtual_call}
  0x00000001097e73fc: d1ae aa95 | 0248 88d2 | e201 a0f2 | 010c c29a | e083 40f9 

  0x00000001097e7410: ; implicit exception: dispatches to 0x00000001097ee900
  0x00000001097e7410: 1f00 40f9 | e203 00aa 

  0x00000001097e7418: ;   {metadata(method data for {method} {0x0000000125dbb038} 'method_1523' '(Z)V' in 'net/minecraft/class_310')}
  0x00000001097e7418: 035b 93d2 | e3ff a6f2 | 6300 c0f2 | 6830 42f9 | 0805 0091 | 6830 02f9 | e203 01aa | e103 00aa 
  0x00000001097e7438: ; ImmutableOopMap {[216]=Oop }
                      ;*invokevirtual method_1658 {reexecute=0 rethrow=0 return_oop=0}
                      ; - net.minecraft.class_310::method_1523@127 (line 1172)
                      ;   {optimized virtual_call}
  0x00000001097e7438: 521c fd97 | e0e7 00b9 | e16f 40f9 | 22a8 41b9 | 42f0 7dd3 | e303 01aa 

  0x00000001097e7450: ;   {metadata(method data for {method} {0x0000000125dbb038} 'method_1523' '(Z)V' in 'net/minecraft/class_310')}
  0x00000001097e7450: 045b 93d2 | e4ff a6f2 | 6400 c0f2 | 8840 42f9 | 0805 0091 | 8840 02f9 

  0x00000001097e7468: ;   {metadata(method data for {method} {0x0000000125dc6640} 'handler$mfh000$updateInReplay' '(Lorg/spongepowered/asm/mixin/injection/callback/CallbackInfo;)V' in 'net/minecraft/class_310')}
  0x00000001097e7468: 03ad 9ad2 | e3ff a6f2 | 6300 c0f2 | 64ac 40b9 | 8408 0011 | 64ac 00b9 | 844c 1f12 | 9f00 0071 
  0x00000001097e7488: e0a3 0354 

  0x00000001097e748c: ;   {metadata(method data for {method} {0x0000000125dc6640} 'handler$mfh000$updateInReplay' '(Lorg/spongepowered/asm/mixin/injection/callback/CallbackInfo;)V' in 'net/minecraft/class_310')}
  0x00000001097e748c: 03ad 9ad2 | e3ff a6f2 | 6300 c0f2 | 6878 40f9 | 0805 0091 | 6878 00f9 | e287 00f9 

  0x00000001097e74a8: ; ImmutableOopMap {[216]=Oop [264]=Oop }
                      ;*invokestatic updateInReplay {reexecute=0 rethrow=0 return_oop=0}
                      ; - net.minecraft.class_310::handler$mfh000$updateInReplay@0 (line 52007)
                      ; - net.minecraft.class_310::method_1523@138 (line 1174)
                      ;   {static_call}
  0x00000001097e74a8: 76d0 8f97 | e287 40f9 | 4201 00b4 

  0x00000001097e74b4: ;   {metadata('net/minecraft/class_3694')}
  0x00000001097e74b4: 0388 97d2 | 2336 a0f2 | 0314 c0f2 | 4408 40b9 | 0414 c0f2 | 881c 40f9 | 7f00 08eb | a1a2 0354 
  0x00000001097e74d4: 0100 0014 | e103 02aa 

  0x00000001097e74dc: ; implicit exception: dispatches to 0x00000001097ee928
  0x00000001097e74dc: 5f00 40f9 

  0x00000001097e74e0: ;   {metadata(method data for {method} {0x0000000125dbb038} 'method_1523' '(Z)V' in 'net/minecraft/class_310')}
  0x00000001097e74e0: 015b 93d2 | e1ff a6f2 | 6100 c0f2 | 2854 42f9 | 0805 0091 | 2854 02f9 

  0x00000001097e74f8: ;   {metadata(method data for {method} {0x0000000125e9f888} 'method_15396' '(Ljava/lang/String;)V' in 'net/minecraft/class_3694')}
  0x00000001097e74f8: 016f 91d2 | 81f0 a6f2 | 6100 c0f2 | 20ac 40b9 | 0008 0011 | 20ac 00b9 | 004c 1f12 | 1f00 0071 
  0x00000001097e7518: a0a0 0354 | e16f 40f9 

  0x00000001097e7520: ;   {metadata(method data for {method} {0x0000000125dbb038} 'method_1523' '(Z)V' in 'net/minecraft/class_310')}
  0x00000001097e7520: 005b 93d2 | e0ff a6f2 | 6000 c0f2 | 2108 40b9 | 0114 c0f2 | 0960 1391 | 2801 40f9 | 3f00 08eb 
  0x00000001097e7540: a100 0054 | 0870 42f9 | 0805 0091 | 0870 02f9 | 1c00 0014 | 09a0 1391 | 2801 40f9 | 3f00 08eb 
  0x00000001097e7560: a100 0054 | 0878 42f9 | 0805 0091 | 0878 02f9 | 1400 0014 | 0960 1391 | 2801 40f9 | c800 00b5 
  0x00000001097e7580: 2101 00f9 | e803 40b2 | 0980 1391 | 2801 00f9 | 0c00 0014 | 09a0 1391 | 2801 40f9 | c800 00b5 
  0x00000001097e75a0: 2101 00f9 | e803 40b2 | 09c0 1391 | 2801 00f9 | 0400 0014 | 0864 42f9 | 0805 0091 | 0864 02f9 
  0x00000001097e75c0: ;   {metadata(method data for {method} {0x0000000125dcb4a8} 'method_5383' '()V' in 'net/minecraft/class_1255')}
  0x00000001097e75c0: 01bc 9ed2 | 61ff a6f2 | 6100 c0f2 | 20ac 40b9 | 0008 0011 | 20ac 00b9 | 004c 1f12 | 1f00 0071 
  0x00000001097e75e0: 609b 0354 | 1200 0014 

  0x00000001097e75e8: ;   {metadata(method data for {method} {0x0000000125dcb4a8} 'method_5383' '()V' in 'net/minecraft/class_1255')}
  0x00000001097e75e8: 01bc 9ed2 | 61ff a6f2 | 6100 c0f2 | 20b0 40b9 | 0008 0011 | 20b0 00b9 | 0030 1f12 | 1f00 0071 
  0x00000001097e7608: 209b 0354 

  0x00000001097e760c: ; ImmutableOopMap {[216]=Oop }
                      ;*goto {reexecute=1 rethrow=0 return_oop=0}
                      ; - (reexecute) net.minecraft.class_1255::method_5383@7 (line 115)
                      ; - net.minecraft.class_310::method_1523@150 (line 1175)
  0x00000001097e760c: 88ab 41f9 

  0x00000001097e7610: ;   {poll}
  0x00000001097e7610: 1f01 40b9 

  0x00000001097e7614: ;   {metadata(method data for {method} {0x0000000125dcb4a8} 'method_5383' '()V' in 'net/minecraft/class_1255')}
  0x00000001097e7614: 01bc 9ed2 | 61ff a6f2 | 6100 c0f2 | 20a4 40f9 | 0004 0091 | 20a4 00f9 | e16f 40f9 | e003 01aa 
  0x00000001097e7634: ;   {metadata(method data for {method} {0x0000000125dcb4a8} 'method_5383' '()V' in 'net/minecraft/class_1255')}
  0x00000001097e7634: 02bc 9ed2 | 62ff a6f2 | 6200 c0f2 | 0008 40b9 | 0014 c0f2 | 4900 0491 | 2801 40f9 | 1f00 08eb 
  0x00000001097e7654: a100 0054 | 4884 40f9 | 0805 0091 | 4884 00f9 | 1c00 0014 | 4940 0491 | 2801 40f9 | 1f00 08eb 
  0x00000001097e7674: a100 0054 | 488c 40f9 | 0805 0091 | 488c 00f9 | 1400 0014 | 4900 0491 | 2801 40f9 | c800 00b5 
  0x00000001097e7694: 2001 00f9 | e803 40b2 | 4920 0491 | 2801 00f9 | 0c00 0014 | 4940 0491 | 2801 40f9 | c800 00b5 
  0x00000001097e76b4: 2001 00f9 | e803 40b2 | 4960 0491 | 2801 00f9 | 0400 0014 | 4878 40f9 | 0805 0091 | 4878 00f9 
  0x00000001097e76d4: e003 01aa | e103 00aa 

  0x00000001097e76dc: ; ImmutableOopMap {[216]=Oop }
                      ;*invokevirtual method_16075 {reexecute=0 rethrow=0 return_oop=0}
                      ; - net.minecraft.class_1255::method_5383@1 (line 115)
                      ; - net.minecraft.class_310::method_1523@150 (line 1175)
                      ;   {optimized virtual_call}
  0x00000001097e76dc: fd96 bd95 | 1f00 0071 

  0x00000001097e76e4: ;   {metadata(method data for {method} {0x0000000125dcb4a8} 'method_5383' '()V' in 'net/minecraft/class_1255')}
  0x00000001097e76e4: 01bc 9ed2 | 61ff a6f2 | 6100 c0f2 | 0827 80d2 | 0925 80d2 | 0011 899a | 2268 60f8 | 4204 0091 
  0x00000001097e7704: 2268 20f8 | 01f7 ff54 | e16f 40f9 | 20a8 41b9 | 00f0 7dd3 | 4001 00b4 

  0x00000001097e771c: ;   {metadata('net/minecraft/class_3694')}
  0x00000001097e771c: 0488 97d2 | 2436 a0f2 | 0414 c0f2 | 0508 40b9 | 0514 c0f2 | a81c 40f9 | 9f00 08eb | a192 0354 
  0x00000001097e773c: 0100 0014 | e203 00aa 

  0x00000001097e7744: ; implicit exception: dispatches to 0x00000001097ee990
  0x00000001097e7744: 1f00 40f9 | e203 00aa 

  0x00000001097e774c: ;   {metadata(method data for {method} {0x0000000125dbb038} 'method_1523' '(Z)V' in 'net/minecraft/class_310')}
  0x00000001097e774c: 035b 93d2 | e3ff a6f2 | 6300 c0f2 | 688c 42f9 | 0805 0091 | 688c 02f9 

  0x00000001097e7764: ;   {metadata(method data for {method} {0x0000000125e9faa0} 'method_15407' '()V' in 'net/minecraft/class_3694')}
  0x00000001097e7764: 02ed 92d2 | 82f0 a6f2 | 6200 c0f2 | 43ac 40b9 | 6308 0011 | 43ac 00b9 | 634c 1f12 | 7f00 0071 
  0x00000001097e7784: 8090 0354 | 4001 00b4 

  0x00000001097e778c: ;   {metadata('net/minecraft/class_3694')}
  0x00000001097e778c: 0488 97d2 | 2436 a0f2 | 0414 c0f2 | 0508 40b9 | 0514 c0f2 | a81c 40f9 | 9f00 08eb | 6190 0354 
  0x00000001097e77ac: 0100 0014 | e203 00aa 

  0x00000001097e77b4: ;   {metadata(method data for {method} {0x0000000125dbb038} 'method_1523' '(Z)V' in 'net/minecraft/class_310')}
  0x00000001097e77b4: 025b 93d2 | e2ff a6f2 | 6200 c0f2 | 48a8 42f9 | 0805 0091 | 48a8 02f9 

  0x00000001097e77cc: ;   {metadata(method data for {method} {0x0000000125e9f888} 'method_15396' '(Ljava/lang/String;)V' in 'net/minecraft/class_3694')}
  0x00000001097e77cc: 006f 91d2 | 80f0 a6f2 | 6000 c0f2 | 02ac 40b9 | 4208 0011 | 02ac 00b9 | 424c 1f12 | 5f00 0071 
  0x00000001097e77ec: 608e 0354 | 0000 a052 | e2e7 40b9 

  0x00000001097e77f8: ;   {metadata(method data for {method} {0x0000000125dbb038} 'method_1523' '(Z)V' in 'net/minecraft/class_310')}
  0x00000001097e77f8: 035b 93d2 | e3ff a6f2 | 6300 c0f2 | 68b8 42f9 | 0805 0091 | 68b8 02f9 

  0x00000001097e7810: ;   {metadata(method data for {method} {0x000000a00040ce38} 'min' '(II)I' in 'java/lang/Math')}
  0x00000001097e7810: 0329 81d2 | 4340 a4f2 | 2300 c0f2 | 64ac 40b9 | 8408 0011 | 64ac 00b9 | 844c 1f12 | 9f00 0071 
  0x00000001097e7830: 408d 0354 | 5f28 0071 

  0x00000001097e7838: ;   {metadata(method data for {method} {0x000000a00040ce38} 'min' '(II)I' in 'java/lang/Math')}
  0x00000001097e7838: 0329 81d2 | 4340 a4f2 | 2300 c0f2 | e80f 7cb2 | e903 78b2 | 04b1 899a | 6568 64f8 | a504 0091 
  0x00000001097e7858: 6568 24f8 | 2b01 0054 

  0x00000001097e7860: ;   {metadata(method data for {method} {0x000000a00040ce38} 'min' '(II)I' in 'java/lang/Math')}
  0x00000001097e7860: 0329 81d2 | 4340 a4f2 | 2300 c0f2 | 6488 40f9 | 8404 0091 | 6488 00f9 | 4301 8052 | 0200 0014 
  0x00000001097e7880: e303 02aa | 1f00 036b 

  0x00000001097e7888: ;   {metadata(method data for {method} {0x0000000125dbb038} 'method_1523' '(Z)V' in 'net/minecraft/class_310')}
  0x00000001097e7888: 035b 93d2 | e3ff a6f2 | 6300 c0f2 | 08b0 80d2 | 09b2 80d2 | 04a1 899a | 6568 64f8 | a504 0091 
  0x00000001097e78a8: 6568 24f8 | aa0f 0054 | e013 01b9 | 23a8 41b9 | 63f0 7dd3 | 4301 00b4 

  0x00000001097e78c0: ;   {metadata('net/minecraft/class_3694')}
  0x00000001097e78c0: 0688 97d2 | 2636 a0f2 | 0614 c0f2 | 6708 40b9 | 0714 c0f2 | e81c 40f9 | df00 08eb | e188 0354 
  0x00000001097e78e0: 0100 0014 | e403 03aa 

  0x00000001097e78e8: ; implicit exception: dispatches to 0x00000001097ee9fc
  0x00000001097e78e8: 7f00 40f9 | e403 03aa 

  0x00000001097e78f0: ;   {metadata(method data for {method} {0x0000000125dbb038} 'method_1523' '(Z)V' in 'net/minecraft/class_310')}
  0x00000001097e78f0: 055b 93d2 | e5ff a6f2 | 6500 c0f2 | 8408 40b9 | 0414 c0f2 | a9c0 1691 | 2801 40f9 | 9f00 08eb 
  0x00000001097e7910: a100 0054 | a8dc 42f9 | 0805 0091 | a8dc 02f9 | 1c00 0014 | a900 1791 | 2801 40f9 | 9f00 08eb 
  0x00000001097e7930: a100 0054 | a8e4 42f9 | 0805 0091 | a8e4 02f9 | 1400 0014 | a9c0 1691 | 2801 40f9 | c800 00b5 
  0x00000001097e7950: 2401 00f9 | e803 40b2 | a9e0 1691 | 2801 00f9 | 0c00 0014 | a900 1791 | 2801 40f9 | c800 00b5 
  0x00000001097e7970: 2401 00f9 | e803 40b2 | a920 1791 | 2801 00f9 | 0400 0014 | a8d0 42f9 | 0805 0091 | a8d0 02f9 
  0x00000001097e7990: ;   {metadata(method data for {method} {0x0000000125dcd4f0} 'method_39278' '(Ljava/lang/String;)V' in 'net/minecraft/class_3695')}
  0x00000001097e7990: 0456 9bd2 | e4ff a6f2 | 6400 c0f2 | 85ac 40b9 | a508 0011 | 85ac 00b9 | a54c 1f12 | bf00 0071 
  0x00000001097e79b0: 8082 0354 | 4301 00b4 

  0x00000001097e79b8: ;   {metadata('net/minecraft/class_3694')}
  0x00000001097e79b8: 0688 97d2 | 2636 a0f2 | 0614 c0f2 | 6708 40b9 | 0714 c0f2 | e81c 40f9 | df00 08eb | 6182 0354 
  0x00000001097e79d8: 0100 0014 | e403 03aa 

  0x00000001097e79e0: ;   {metadata(method data for {method} {0x0000000125dcd4f0} 'method_39278' '(Ljava/lang/String;)V' in 'net/minecraft/class_3695')}
  0x00000001097e79e0: 0456 9bd2 | e4ff a6f2 | 6400 c0f2 | 8884 40f9 | 0805 0091 | 8884 00f9 

  0x00000001097e79f8: ;   {metadata(method data for {method} {0x0000000125e9fcd8} 'method_24270' '(Ljava/lang/String;I)V' in 'net/minecraft/class_3694')}
  0x00000001097e79f8: 0384 9bd2 | e3ff a6f2 | 6300 c0f2 | 64ac 40b9 | 8408 0011 | 64ac 00b9 | 844c 1f12 | 9f00 0071 
  0x00000001097e7a18: 6080 0354 | e303 01aa 

  0x00000001097e7a20: ;   {metadata(method data for {method} {0x0000000125dbb038} 'method_1523' '(Z)V' in 'net/minecraft/class_310')}
  0x00000001097e7a20: 045b 93d2 | e4ff a6f2 | 6400 c0f2 | 88f8 42f9 | 0805 0091 | 88f8 02f9 | e303 01aa | e103 03aa 
  0x00000001097e7a40: ; ImmutableOopMap {[216]=Oop }
                      ;*invokevirtual method_1574 {reexecute=0 rethrow=0 return_oop=0}
                      ; - net.minecraft.class_310::method_1523@202 (line 1181)
                      ;   {optimized virtual_call}
  0x00000001097e7a40: 5c21 0094 | e013 41b9 | 0104 0011 

  0x00000001097e7a4c: ;   {metadata(method data for {method} {0x0000000125dbb038} 'method_1523' '(Z)V' in 'net/minecraft/class_310')}
  0x00000001097e7a4c: 005b 93d2 | e0ff a6f2 | 6000 c0f2 | 02b0 40b9 | 4208 0011 | 02b0 00b9 | 4230 1f12 | 5f00 0071 
  0x00000001097e7a6c: c07e 0354 

  0x00000001097e7a70: ; ImmutableOopMap {[216]=Oop }
                      ;*goto {reexecute=1 rethrow=0 return_oop=0}
                      ; - (reexecute) net.minecraft.class_310::method_1523@208 (line 1179)
  0x00000001097e7a70: 88ab 41f9 

  0x00000001097e7a74: ;   {poll}
  0x00000001097e7a74: 1f01 40b9 

  0x00000001097e7a78: ;   {metadata(method data for {method} {0x0000000125dbb038} 'method_1523' '(Z)V' in 'net/minecraft/class_310')}
  0x00000001097e7a78: 005b 93d2 | e0ff a6f2 | 6000 c0f2 | 0208 43f9 | 4204 0091 | 0208 03f9 | e003 01aa | e2e7 40b9 
  0x00000001097e7a98: e16f 40f9 | 57ff ff17 | 20a8 41b9 | 00f0 7dd3 | 4001 00b4 

  0x00000001097e7aac: ;   {metadata('net/minecraft/class_3694')}
  0x00000001097e7aac: 0488 97d2 | 2436 a0f2 | 0414 c0f2 | 0508 40b9 | 0514 c0f2 | a81c 40f9 | 9f00 08eb | e17c 0354 
  0x00000001097e7acc: 0100 0014 | e203 00aa 

  0x00000001097e7ad4: ; implicit exception: dispatches to 0x00000001097eea68
  0x00000001097e7ad4: 1f00 40f9 

  0x00000001097e7ad8: ;   {metadata(method data for {method} {0x0000000125dbb038} 'method_1523' '(Z)V' in 'net/minecraft/class_310')}
  0x00000001097e7ad8: 025b 93d2 | e2ff a6f2 | 6200 c0f2 | 4820 43f9 | 0805 0091 | 4820 03f9 

  0x00000001097e7af0: ;   {metadata(method data for {method} {0x0000000125e9faa0} 'method_15407' '()V' in 'net/minecraft/class_3694')}
  0x00000001097e7af0: 00ed 92d2 | 80f0 a6f2 | 6000 c0f2 | 02ac 40b9 | 4208 0011 | 02ac 00b9 | 424c 1f12 | 5f00 0071 
  0x00000001097e7b10: e07a 0354 | 20c8 40b9 | 00f0 7dd3 

  0x00000001097e7b1c: ; implicit exception: dispatches to 0x00000001097eea8c
  0x00000001097e7b1c: 1f00 40f9 | e203 00aa 

  0x00000001097e7b24: ;   {metadata(method data for {method} {0x0000000125dbb038} 'method_1523' '(Z)V' in 'net/minecraft/class_310')}
  0x00000001097e7b24: 035b 93d2 | e3ff a6f2 | 6300 c0f2 | 683c 43f9 | 0805 0091 | 683c 03f9 | e103 00aa 

  0x00000001097e7b40: ; ImmutableOopMap {[216]=Oop }
                      ;*invokevirtual method_1606 {reexecute=0 rethrow=0 return_oop=0}
                      ; - net.minecraft.class_310::method_1523@224 (line 1186)
                      ;   {optimized virtual_call}
  0x00000001097e7b40: 2821 0094 | e16f 40f9 | 2284 40b9 | 42f0 7dd3 

  0x00000001097e7b50: ; implicit exception: dispatches to 0x00000001097eea90
  0x00000001097e7b50: 5f00 40f9 | e003 02aa 

  0x00000001097e7b58: ;   {metadata(method data for {method} {0x0000000125dbb038} 'method_1523' '(Z)V' in 'net/minecraft/class_310')}
  0x00000001097e7b58: 035b 93d2 | e3ff a6f2 | 6300 c0f2 | 684c 43f9 | 0805 0091 | 684c 03f9 

  0x00000001097e7b70: ;   {oop("Render"{0x0000000729466318})}
  0x00000001097e7b70: 0063 8cd2 | c028 a5f2 | e000 c0f2 | 83e3 4039 | 7f00 0071 | 8178 0354 | 08fc 43d3 | 4868 00b9 
  0x00000001097e7b90: 4300 00ca | 63fc 55d3 | 7f00 00f1 | 8178 0354 | 22a8 41b9 | 42f0 7dd3 | 4201 00b4 

  0x00000001097e7bac: ;   {metadata('net/minecraft/class_3694')}
  0x00000001097e7bac: 0488 97d2 | 2436 a0f2 | 0414 c0f2 | 4508 40b9 | 0514 c0f2 | a81c 40f9 | 9f00 08eb | a177 0354 
  0x00000001097e7bcc: 0100 0014 | e003 02aa 

  0x00000001097e7bd4: ; implicit exception: dispatches to 0x00000001097eeac0
  0x00000001097e7bd4: 5f00 40f9 

  0x00000001097e7bd8: ;   {metadata(method data for {method} {0x0000000125dbb038} 'method_1523' '(Z)V' in 'net/minecraft/class_310')}
  0x00000001097e7bd8: 005b 93d2 | e0ff a6f2 | 6000 c0f2 | 0874 43f9 | 0805 0091 | 0874 03f9 

  0x00000001097e7bf0: ;   {metadata(method data for {method} {0x0000000125e9f888} 'method_15396' '(Ljava/lang/String;)V' in 'net/minecraft/class_3694')}
  0x00000001097e7bf0: 026f 91d2 | 82f0 a6f2 | 6200 c0f2 | 40ac 40b9 | 0008 0011 | 40ac 00b9 | 004c 1f12 | 1f00 0071 
  0x00000001097e7c10: a075 0354 | 220c 41b9 | 42f0 7dd3 | 20b0 40b9 | 00f0 7dd3 

  0x00000001097e7c24: ; implicit exception: dispatches to 0x00000001097eeae4
  0x00000001097e7c24: 1f00 40f9 | e303 00aa 

  0x00000001097e7c2c: ;   {metadata(method data for {method} {0x0000000125dbb038} 'method_1523' '(Z)V' in 'net/minecraft/class_310')}
  0x00000001097e7c2c: 045b 93d2 | e4ff a6f2 | 6400 c0f2 | 8890 43f9 | 0805 0091 | 8890 03f9 | 0084 40b9 | 00f0 7dd3 
  0x00000001097e7c4c: ; implicit exception: dispatches to 0x00000001097eeae8
  0x00000001097e7c4c: 5f00 40f9 | e303 02aa 

  0x00000001097e7c54: ;   {metadata(method data for {method} {0x0000000125dbb038} 'method_1523' '(Z)V' in 'net/minecraft/class_310')}
  0x00000001097e7c54: 045b 93d2 | e4ff a6f2 | 6400 c0f2 | 88ac 43f9 | 0805 0091 | 88ac 03f9 

  0x00000001097e7c6c: ;   {metadata(method data for {method} {0x00000003363de4c8} 'method_4876' '(Lnet/minecraft/class_4184;)V' in 'net/minecraft/class_1144')}
  0x00000001097e7c6c: 037a 9ed2 | e3ff a6f2 | 6300 c0f2 | 64ac 40b9 | 8408 0011 | 64ac 00b9 | 844c 1f12 | 9f00 0071 
  0x00000001097e7c8c: 0073 0354 | 4310 40b9 | 63f0 7dd3 

  0x00000001097e7c98: ; implicit exception: dispatches to 0x00000001097eeb0c
  0x00000001097e7c98: 7f00 40f9 | e203 03aa 

  0x00000001097e7ca0: ;   {metadata(method data for {method} {0x00000003363de4c8} 'method_4876' '(Lnet/minecraft/class_4184;)V' in 'net/minecraft/class_1144')}
  0x00000001097e7ca0: 047a 9ed2 | e4ff a6f2 | 6400 c0f2 | 8884 40f9 | 0805 0091 | 8884 00f9 | e203 00aa | e103 03aa 
  0x00000001097e7cc0: ; ImmutableOopMap {[216]=Oop }
                      ;*invokevirtual method_4840 {reexecute=0 rethrow=0 return_oop=0}
                      ; - net.minecraft.class_1144::method_4876@5 (line 256)
                      ; - net.minecraft.class_310::method_1523@260 (line 1191)
                      ;   {optimized virtual_call}
  0x00000001097e7cc0: d420 0094 | e16f 40f9 | 20a8 41b9 | 00f0 7dd3 | 4001 00b4 

  0x00000001097e7cd4: ;   {metadata('net/minecraft/class_3694')}
  0x00000001097e7cd4: 0488 97d2 | 2436 a0f2 | 0414 c0f2 | 0508 40b9 | 0514 c0f2 | a81c 40f9 | 9f00 08eb | 0171 0354 
  0x00000001097e7cf4: 0100 0014 | e203 00aa 

  0x00000001097e7cfc: ; implicit exception: dispatches to 0x00000001097eeb14
  0x00000001097e7cfc: 1f00 40f9 | e203 00aa 

  0x00000001097e7d04: ;   {metadata(method data for {method} {0x0000000125dbb038} 'method_1523' '(Z)V' in 'net/minecraft/class_310')}
  0x00000001097e7d04: 035b 93d2 | e3ff a6f2 | 6300 c0f2 | 68c8 43f9 | 0805 0091 | 68c8 03f9 

  0x00000001097e7d1c: ;   {metadata(method data for {method} {0x0000000125e9faa0} 'method_15407' '()V' in 'net/minecraft/class_3694')}
  0x00000001097e7d1c: 02ed 92d2 | 82f0 a6f2 | 6200 c0f2 | 43ac 40b9 | 6308 0011 | 43ac 00b9 | 634c 1f12 | 7f00 0071 
  0x00000001097e7d3c: e06e 0354 | 4001 00b4 

  0x00000001097e7d44: ;   {metadata('net/minecraft/class_3694')}
  0x00000001097e7d44: 0488 97d2 | 2436 a0f2 | 0414 c0f2 | 0508 40b9 | 0514 c0f2 | a81c 40f9 | 9f00 08eb | c16e 0354 
  0x00000001097e7d64: 0100 0014 | e203 00aa 

  0x00000001097e7d6c: ;   {metadata(method data for {method} {0x0000000125dbb038} 'method_1523' '(Z)V' in 'net/minecraft/class_310')}
  0x00000001097e7d6c: 025b 93d2 | e2ff a6f2 | 6200 c0f2 | 48e4 43f9 | 0805 0091 | 48e4 03f9 

  0x00000001097e7d84: ;   {metadata(method data for {method} {0x0000000125e9f888} 'method_15396' '(Ljava/lang/String;)V' in 'net/minecraft/class_3694')}
  0x00000001097e7d84: 006f 91d2 | 80f0 a6f2 | 6000 c0f2 | 02ac 40b9 | 4208 0011 | 02ac 00b9 | 424c 1f12 | 5f00 0071 
  0x00000001097e7da4: c06c 0354 

  0x00000001097e7da8: ;   {metadata(method data for {method} {0x0000000125dbb038} 'method_1523' '(Z)V' in 'net/minecraft/class_310')}
  0x00000001097e7da8: 005b 93d2 | e0ff a6f2 | 6000 c0f2 | 08f4 43f9 | 0805 0091 | 08f4 03f9 

  0x00000001097e7dc0: ;   {metadata(method data for {method} {0x0000000123c654a8} 'method_648' '()J' in 'net/minecraft/class_156')}
  0x00000001097e7dc0: 0079 9dd2 | a0fc a6f2 | 6000 c0f2 | 02ac 40b9 | 4208 0011 | 02ac 00b9 | 424c 1f12 | 5f00 0071 
  0x00000001097e7de0: e06b 0354 

  0x00000001097e7de4: ;   {oop(a 'java/lang/Class'{0x000000071205af98} = 'net/minecraft/class_156')}
  0x00000001097e7de4: 00f3 95d2 | a040 a2f2 | e000 c0f2 | 0088 40b9 | 00f0 7dd3 

  0x00000001097e7df8: ; implicit exception: dispatches to 0x00000001097eeb7c
  0x00000001097e7df8: 1f00 40f9 | e203 00aa 

  0x00000001097e7e00: ;   {metadata(method data for {method} {0x0000000123c654a8} 'method_648' '()J' in 'net/minecraft/class_156')}
  0x00000001097e7e00: 0379 9dd2 | a3fc a6f2 | 6300 c0f2 | 4208 40b9 | 0214 c0f2 | 6900 0491 | 2801 40f9 | 5f00 08eb 
  0x00000001097e7e20: a100 0054 | 6884 40f9 | 0805 0091 | 6884 00f9 | 1c00 0014 | 6940 0491 | 2801 40f9 | 5f00 08eb 
  0x00000001097e7e40: a100 0054 | 688c 40f9 | 0805 0091 | 688c 00f9 | 1400 0014 | 6900 0491 | 2801 40f9 | c800 00b5 
  0x00000001097e7e60: 2201 00f9 | e803 40b2 | 6920 0491 | 2801 00f9 | 0c00 0014 | 6940 0491 | 2801 40f9 | c800 00b5 
  0x00000001097e7e80: 2201 00f9 | e803 40b2 | 6960 0491 | 2801 00f9 | 0400 0014 | 6878 40f9 | 0805 0091 | 6878 00f9 
  0x00000001097e7ea0: e103 00aa | 09d4 9ad2 | 0976 a0f2 | 0914 c0f2 

  0x00000001097e7eb0: ; ImmutableOopMap {[216]=Oop }
                      ;*invokeinterface getAsLong {reexecute=0 rethrow=0 return_oop=0}
                      ; - net.minecraft.class_156::method_648@3 (line 126)
                      ; - net.minecraft.class_310::method_1523@284 (line 1196)
                      ;   {virtual_call}
  0x00000001097e7eb0: 24ac aa95 | e08f 00f9 | e16f 40f9 | 22c0 40b9 | 42f0 7dd3 

  0x00000001097e7ec4: ; implicit exception: dispatches to 0x00000001097eeb80
  0x00000001097e7ec4: 4294 4039 | 5f00 0071 

  0x00000001097e7ecc: ;   {metadata(method data for {method} {0x0000000125dbb038} 'method_1523' '(Z)V' in 'net/minecraft/class_310')}
  0x00000001097e7ecc: 025b 93d2 | e2ff a6f2 | 6200 c0f2 | e81f 7db2 | 0901 81d2 | 0311 899a | 4468 63f8 | 8404 0091 
  0x00000001097e7eec: 4468 23f8 | 0105 0054 | 22b4 41b9 | 42f0 7dd3 | 4201 00b4 

  0x00000001097e7f00: ;   {metadata('net/minecraft/class_5963')}
  0x00000001097e7f00: 05cf 9cd2 | 2536 a0f2 | 0514 c0f2 | 4608 40b9 | 0614 c0f2 | c81c 40f9 | bf00 08eb | 4163 0354 
  0x00000001097e7f20: 0100 0014 | e303 02aa 

  0x00000001097e7f28: ; implicit exception: dispatches to 0x00000001097eeb88
  0x00000001097e7f28: 5f00 40f9 

  0x00000001097e7f2c: ;   {metadata(method data for {method} {0x0000000125dbb038} 'method_1523' '(Z)V' in 'net/minecraft/class_310')}
  0x00000001097e7f2c: 035b 93d2 | e3ff a6f2 | 6300 c0f2 | 6818 44f9 | 0805 0091 | 6818 04f9 

  0x00000001097e7f44: ;   {metadata(method data for {method} {0x0000000125ea0588} 'method_34773' '()Z' in 'net/minecraft/class_5963')}
  0x00000001097e7f44: 02f4 8dd2 | a2ff a6f2 | 6200 c0f2 | 43ac 40b9 | 6308 0011 | 43ac 00b9 | 634c 1f12 | 7f00 0071 
  0x00000001097e7f64: 4061 0354 

  0x00000001097e7f68: ;   {metadata(method data for {method} {0x0000000125dbb038} 'method_1523' '(Z)V' in 'net/minecraft/class_310')}
  0x00000001097e7f68: 025b 93d2 | e2ff a6f2 | 6200 c0f2 | 4328 44f9 | 6304 0091 | 4328 04f9 | 00e4 002f | 2018 00fd 
  0x00000001097e7f88: 0200 a052 | da00 0014 | 22bc 41b9 | 42f0 7dd3 | e303 1faa | 5f00 03eb 

  0x00000001097e7fa0: ;   {metadata(method data for {method} {0x0000000125dbb038} 'method_1523' '(Z)V' in 'net/minecraft/class_310')}
  0x00000001097e7fa0: 035b 93d2 | e3ff a6f2 | 6300 c0f2 | 080e 81d2 | 0910 81d2 | 0401 899a | 6568 64f8 | a504 0091 
  0x00000001097e7fc0: 6568 24f8 | 6007 0054 

  0x00000001097e7fc8: ; implicit exception: dispatches to 0x00000001097eebac
  0x00000001097e7fc8: 5f00 40f9 | e303 02aa 

  0x00000001097e7fd0: ;   {metadata(method data for {method} {0x0000000125dbb038} 'method_1523' '(Z)V' in 'net/minecraft/class_310')}
  0x00000001097e7fd0: 045b 93d2 | e4ff a6f2 | 6400 c0f2 | 6308 40b9 | 0314 c0f2 | 8980 2291 | 2801 40f9 | 7f00 08eb 
  0x00000001097e7ff0: a100 0054 | 8854 44f9 | 0805 0091 | 8854 04f9 | 1c00 0014 | 89c0 2291 | 2801 40f9 | 7f00 08eb 
  0x00000001097e8010: a100 0054 | 885c 44f9 | 0805 0091 | 885c 04f9 | 1400 0014 | 8980 2291 | 2801 40f9 | c800 00b5 
  0x00000001097e8030: 2301 00f9 | e803 40b2 | 89a0 2291 | 2801 00f9 | 0c00 0014 | 89c0 2291 | 2801 40f9 | c800 00b5 
  0x00000001097e8050: 2301 00f9 | e803 40b2 | 89e0 2291 | 2801 00f9 | 0400 0014 | 8848 44f9 | 0805 0091 | 8848 04f9 
  0x00000001097e8070: e103 02aa | e9ff 9fd2 | e9ff bff2 | e9ff dff2 

  0x00000001097e8080: ; ImmutableOopMap {[216]=Oop }
                      ;*invokevirtual method_41723 {reexecute=0 rethrow=0 return_oop=0}
                      ; - net.minecraft.class_310::method_1523@322 (line 1199)
                      ;   {virtual_call}
  0x00000001097e8080: 60a4 5595 | 1f00 0071 

  0x00000001097e8088: ;   {metadata(method data for {method} {0x0000000125dbb038} 'method_1523' '(Z)V' in 'net/minecraft/class_310')}
  0x00000001097e8088: 005b 93d2 | e0ff a6f2 | 6000 c0f2 | 0819 81d2 | 091b 81d2 | 0101 899a | 0268 61f8 | 4204 0091 
  0x00000001097e80a8: 0268 21f8 | 2001 0054 

  0x00000001097e80b0: ;   {metadata(method data for {method} {0x0000000125dbb038} 'method_1523' '(Z)V' in 'net/minecraft/class_310')}
  0x00000001097e80b0: 005b 93d2 | e0ff a6f2 | 6000 c0f2 | 0174 44f9 | 2104 0091 | 0174 04f9 | e003 0032 | 0200 0014 
  0x00000001097e80d0: 0000 a052 | 1f00 0071 

  0x00000001097e80d8: ;   {metadata(method data for {method} {0x0000000125dbb038} 'method_1523' '(Z)V' in 'net/minecraft/class_310')}
  0x00000001097e80d8: 015b 93d2 | e1ff a6f2 | 6100 c0f2 | 0822 81d2 | 0920 81d2 | 0211 899a | 2368 62f8 | 6304 0091 
  0x00000001097e80f8: 2368 22f8 | 6100 0054 | e203 00aa | 7c00 0014 | e017 01b9 

  0x00000001097e810c: ; ImmutableOopMap {[216]=Oop }
                      ;*invokestatic method_41719 {reexecute=0 rethrow=0 return_oop=0}
                      ; - net.minecraft.class_310::method_1523@340 (line 1201)
                      ;   {static_call}
  0x00000001097e810c: fda4 5595 

  0x00000001097e8110: ; ImmutableOopMap {[216]=Oop c_rarg0=Oop }
                      ;*invokedynamic {reexecute=0 rethrow=0 return_oop=0}
                      ; - net.minecraft.class_310::method_1523@343 (line 1201)
                      ;   {runtime_call load_appendix_patching Runtime1 stub}
  0x00000001097e8110: fc76 5895 | e093 00f9 

  0x00000001097e8118: ; ImmutableOopMap {[216]=Oop [288]=Oop }
                      ;*invokedynamic {reexecute=0 rethrow=0 return_oop=0}
                      ; - net.minecraft.class_310::method_1523@343 (line 1201)
                      ;   {static_call}
  0x00000001097e8118: faa4 5595 

  0x00000001097e811c: ;   {metadata(method data for {method} {0x0000000125dbb038} 'method_1523' '(Z)V' in 'net/minecraft/class_310')}
  0x00000001097e811c: 025b 93d2 | e2ff a6f2 | 6200 c0f2 | 4200 2591 | e103 00aa | a100 00b5 | 4900 40f9 | 2901 40b2 
  0x00000001097e813c: 4900 00f9 | 1600 0014 | 2108 40b9 | 0114 c0f2 | 4900 40f9 | 2100 09ca | 28f4 7e92 | 0802 00b4 
  0x00000001097e815c: e101 0837 | a901 00b4 | 3f05 00f1 | 6001 0054 | bf39 03d5 | 2100 09ca | 4900 40f9 | 2100 09ca 
  0x00000001097e817c: 28f4 7e92 | c800 00b4 | 4900 40f9 | 2901 7fb2 | 4900 00f9 | 0200 0014 | 4100 00f9 | e293 40f9 
  0x00000001097e819c: ; implicit exception: dispatches to 0x00000001097eebb0
  0x00000001097e819c: 5f00 40f9 | e103 02aa 

  0x00000001097e81a4: ;   {metadata(method data for {method} {0x0000000125dbb038} 'method_1523' '(Z)V' in 'net/minecraft/class_310')}
  0x00000001097e81a4: 035b 93d2 | e3ff a6f2 | 6300 c0f2 | 68a8 44f9 | 0805 0091 | 68a8 04f9 

  0x00000001097e81bc: ;   {metadata(method data for {method} {0x000000a000115fb8} 'ifPresent' '(Ljava/util/function/Consumer;)V' in 'java/util/Optional')}
  0x00000001097e81bc: 0145 83d2 | e140 a5f2 | 6100 c0f2 | 23ac 40b9 | 6308 0011 | 23ac 00b9 | 634c 1f12 | 7f00 0071 
  0x00000001097e81dc: c04e 0354 | 420c 40b9 | 42f0 7dd3 | e103 1faa | 5f00 01eb 

  0x00000001097e81f0: ;   {metadata(method data for {method} {0x000000a000115fb8} 'ifPresent' '(Ljava/util/function/Consumer;)V' in 'java/util/Optional')}
  0x00000001097e81f0: 0145 83d2 | e140 a5f2 | 6100 c0f2 | e80f 7cb2 | e903 78b2 | 0301 899a | 2468 63f8 | 8404 0091 
  0x00000001097e8210: 2468 23f8 | 0006 0054 

  0x00000001097e8218: ; implicit exception: dispatches to 0x00000001097eebd4
  0x00000001097e8218: 1f00 40f9 | e103 00aa 

  0x00000001097e8220: ;   {metadata(method data for {method} {0x000000a000115fb8} 'ifPresent' '(Ljava/util/function/Consumer;)V' in 'java/util/Optional')}
  0x00000001097e8220: 0345 83d2 | e340 a5f2 | 6300 c0f2 | 2108 40b9 | 0114 c0f2 | 6980 0491 | 2801 40f9 | 3f00 08eb 
  0x00000001097e8240: a100 0054 | 6894 40f9 | 0805 0091 | 6894 00f9 | 1c00 0014 | 69c0 0491 | 2801 40f9 | 3f00 08eb 
  0x00000001097e8260: a100 0054 | 689c 40f9 | 0805 0091 | 689c 00f9 | 1400 0014 | 6980 0491 | 2801 40f9 | c800 00b5 
  0x00000001097e8280: 2101 00f9 | e803 40b2 | 69a0 0491 | 2801 00f9 | 0c00 0014 | 69c0 0491 | 2801 40f9 | c800 00b5 
  0x00000001097e82a0: 2101 00f9 | e803 40b2 | 69e0 0491 | 2801 00f9 | 0400 0014 | 6888 40f9 | 0805 0091 | 6888 00f9 
  0x00000001097e82c0: e103 00aa | e9ff 9fd2 | e9ff bff2 | e9ff dff2 

  0x00000001097e82d0: ; ImmutableOopMap {[216]=Oop }
                      ;*invokeinterface accept {reexecute=0 rethrow=0 return_oop=0}
                      ; - java.util.Optional::ifPresent@12
                      ; - net.minecraft.class_310::method_1523@348 (line 1201)
                      ;   {virtual_call}
  0x00000001097e82d0: cca3 5595 | e017 41b9 

  0x00000001097e82d8: ;   {metadata(method data for {method} {0x0000000125dbb038} 'method_1523' '(Z)V' in 'net/minecraft/class_310')}
  0x00000001097e82d8: 015b 93d2 | e1ff a6f2 | 6100 c0f2 | 22c4 44f9 | 4204 0091 | 22c4 04f9 | e203 00aa 

  0x00000001097e82f4: ;   {metadata(method data for {method} {0x0000000125dbb038} 'method_1523' '(Z)V' in 'net/minecraft/class_310')}
  0x00000001097e82f4: 015b 93d2 | e1ff a6f2 | 6100 c0f2 | 28d0 44f9 | 0805 0091 | 28d0 04f9 

  0x00000001097e830c: ;   {metadata(method data for {method} {0x0000000125d4b358} 'clear' '(IZ)V' in 'com/mojang/blaze3d/systems/RenderSystem')}
  0x00000001097e830c: 017b 9fd2 | 61ff a6f2 | 6100 c0f2 | 20ac 40b9 | 0008 0011 | 20ac 00b9 | 004c 1f12 | 1f00 0071 
  0x00000001097e832c: 6045 0354 

  0x00000001097e8330: ;   {metadata(method data for {method} {0x0000000125d4b358} 'clear' '(IZ)V' in 'com/mojang/blaze3d/systems/RenderSystem')}
  0x00000001097e8330: 017b 9fd2 | 61ff a6f2 | 6100 c0f2 | 2878 40f9 | 0805 0091 | 2878 00f9 

  0x00000001097e8348: ;   {metadata(method data for {method} {0x0000000125d48f78} 'assertOnGameThreadOrInit' '()V' in 'com/mojang/blaze3d/systems/RenderSystem')}
  0x00000001097e8348: 014c 8fd2 | 61fc a6f2 | 6100 c0f2 | 20ac 40b9 | 0008 0011 | 20ac 00b9 | 004c 1f12 | 1f00 0071 
  0x00000001097e8368: 8044 0354 

  0x00000001097e836c: ;   {oop(a 'java/lang/Class'{0x000000071578b070} = 'com/mojang/blaze3d/systems/RenderSystem')}
  0x00000001097e836c: 010e 96d2 | 01af a2f2 | e100 c0f2 | 2110 4439 | 3f00 0071 

  0x00000001097e8380: ;   {metadata(method data for {method} {0x0000000125d48f78} 'assertOnGameThreadOrInit' '()V' in 'com/mojang/blaze3d/systems/RenderSystem')}
  0x00000001097e8380: 004c 8fd2 | 60fc a6f2 | 6000 c0f2 | e80f 7cb2 | e903 78b2 | 0311 899a | 0468 63f8 | 8404 0091 
  0x00000001097e83a0: 0468 23f8 | c102 0054 

  0x00000001097e83a8: ;   {metadata(method data for {method} {0x0000000125d48f78} 'assertOnGameThreadOrInit' '()V' in 'com/mojang/blaze3d/systems/RenderSystem')}
  0x00000001097e83a8: 004c 8fd2 | 60fc a6f2 | 6000 c0f2 | 0888 40f9 | 0805 0091 | 0888 00f9 

  0x00000001097e83c0: ;   {metadata(method data for {method} {0x0000000125d48e18} 'isOnGameThread' '()Z' in 'com/mojang/blaze3d/systems/RenderSystem')}
  0x00000001097e83c0: 007d 8fd2 | 60fc a6f2 | 6000 c0f2 | 03ac 40b9 | 6308 0011 | 03ac 00b9 | 634c 1f12 | 7f00 0071 
  0x00000001097e83e0: c041 0354 

  0x00000001097e83e4: ;   {metadata(method data for {method} {0x0000000125d48f78} 'assertOnGameThreadOrInit' '()V' in 'com/mojang/blaze3d/systems/RenderSystem')}
  0x00000001097e83e4: 004c 8fd2 | 60fc a6f2 | 6000 c0f2 | 0398 40f9 | 6304 0091 | 0398 00f9 

  0x00000001097e83fc: ;   {metadata(method data for {method} {0x0000000125d4b358} 'clear' '(IZ)V' in 'com/mojang/blaze3d/systems/RenderSystem')}
  0x00000001097e83fc: 007b 9fd2 | 60ff a6f2 | 6000 c0f2 | 0880 40f9 | 0805 0091 | 0880 00f9 

  0x00000001097e8414: ;   {metadata(method data for {method} {0x0000000336328d48} '_clear' '(IZ)V' in 'com/mojang/blaze3d/platform/GlStateManager')}
  0x00000001097e8414: 0066 9cd2 | e0fc a6f2 | 6000 c0f2 | 03ac 40b9 | 6308 0011 | 03ac 00b9 | 634c 1f12 | 7f00 0071 
  0x00000001097e8434: 2040 0354 

  0x00000001097e8438: ;   {metadata(method data for {method} {0x0000000336328d48} '_clear' '(IZ)V' in 'com/mojang/blaze3d/platform/GlStateManager')}
  0x00000001097e8438: 0066 9cd2 | e0fc a6f2 | 6000 c0f2 | 0878 40f9 | 0805 0091 | 0878 00f9 

  0x00000001097e8450: ;   {metadata(method data for {method} {0x0000000125d49030} 'assertOnRenderThreadOrInit' '()V' in 'com/mojang/blaze3d/systems/RenderSystem')}
  0x00000001097e8450: 00fe 89d2 | 40cd a6f2 | 6000 c0f2 | 03ac 40b9 | 6308 0011 | 03ac 00b9 | 634c 1f12 | 7f00 0071 
  0x00000001097e8470: 403f 0354 | 3f00 0071 

  0x00000001097e8478: ;   {metadata(method data for {method} {0x0000000125d49030} 'assertOnRenderThreadOrInit' '()V' in 'com/mojang/blaze3d/systems/RenderSystem')}
  0x00000001097e8478: 01fe 89d2 | 41cd a6f2 | 6100 c0f2 | e80f 7cb2 | e903 78b2 | 0011 899a | 2368 60f8 | 6304 0091 
  0x00000001097e8498: 2368 20f8 | a107 0054 

  0x00000001097e84a0: ;   {metadata(method data for {method} {0x0000000125d49030} 'assertOnRenderThreadOrInit' '()V' in 'com/mojang/blaze3d/systems/RenderSystem')}
  0x00000001097e84a0: 01fe 89d2 | 41cd a6f2 | 6100 c0f2 | 2888 40f9 | 0805 0091 | 2888 00f9 

  0x00000001097e84b8: ;   {metadata(method data for {method} {0x0000000125d48bb0} 'isOnRenderThread' '()Z' in 'com/mojang/blaze3d/systems/RenderSystem')}
  0x00000001097e84b8: 012f 8ad2 | 41cd a6f2 | 6100 c0f2 | 20ac 40b9 | 0008 0011 | 20ac 00b9 | 004c 1f12 | 1f00 0071 
  0x00000001097e84d8: 003d 0354 

  0x00000001097e84dc: ;   {metadata(method data for {method} {0x0000000125d48bb0} 'isOnRenderThread' '()Z' in 'com/mojang/blaze3d/systems/RenderSystem')}
  0x00000001097e84dc: 012f 8ad2 | 41cd a6f2 | 6100 c0f2 | 2878 40f9 | 0805 0091 | 2878 00f9 

  0x00000001097e84f4: ;   {oop(a 'java/lang/Class'{0x000000071578b070} = 'com/mojang/blaze3d/systems/RenderSystem')}
  0x00000001097e84f4: 010e 96d2 | 01af a2f2 | e100 c0f2 | 2180 40b9 | 21f0 7dd3 | 804b 41f9 | 0000 40f9 | 1f00 01eb 
  0x00000001097e8514: ;   {metadata(method data for {method} {0x0000000125d48bb0} 'isOnRenderThread' '()Z' in 'com/mojang/blaze3d/systems/RenderSystem')}
  0x00000001097e8514: 012f 8ad2 | 41cd a6f2 | 6100 c0f2 | e803 78b2 | 0922 80d2 | 0011 899a | 2368 60f8 | 6304 0091 
  0x00000001097e8534: 2368 20f8 | 2101 0054 

  0x00000001097e853c: ;   {metadata(method data for {method} {0x0000000125d48bb0} 'isOnRenderThread' '()Z' in 'com/mojang/blaze3d/systems/RenderSystem')}
  0x00000001097e853c: 012f 8ad2 | 41cd a6f2 | 6100 c0f2 | 2090 40f9 | 0004 0091 | 2090 00f9 | e103 0032 | 0200 0014 
  0x00000001097e855c: 0100 a052 | 2100 0012 | 3f00 0071 

  0x00000001097e8568: ;   {metadata(method data for {method} {0x0000000125d49030} 'assertOnRenderThreadOrInit' '()V' in 'com/mojang/blaze3d/systems/RenderSystem')}
  0x00000001097e8568: 01fe 89d2 | 41cd a6f2 | 6100 c0f2 | 0824 80d2 | 0926 80d2 | 0001 899a | 2368 60f8 | 6304 0091 
  0x00000001097e8588: 2368 20f8 | 4003 0354 | e22b 01b9 

  0x00000001097e8594: ;   {metadata(method data for {method} {0x0000000336328d48} '_clear' '(IZ)V' in 'com/mojang/blaze3d/platform/GlStateManager')}
  0x00000001097e8594: 0166 9cd2 | e1fc a6f2 | 6100 c0f2 | 2880 40f9 | 0805 0091 | 2880 00f9 

  0x00000001097e85ac: ;   {metadata(method data for {method} {0x00000001238a6a80} 'glClear' '(I)V' in 'org/lwjgl/opengl/GL11')}
  0x00000001097e85ac: 01ba 94d2 | 015e a5f2 | 6100 c0f2 | 20ac 40b9 | 0008 0011 | 20ac 00b9 | 004c 1f12 | 1f00 0071 
  0x00000001097e85cc: 6036 0354 

  0x00000001097e85d0: ;   {metadata(method data for {method} {0x00000001238a6a80} 'glClear' '(I)V' in 'org/lwjgl/opengl/GL11')}
  0x00000001097e85d0: 01ba 94d2 | 015e a5f2 | 6100 c0f2 | 2878 40f9 | 0805 0091 | 2878 00f9 | 0120 8852 

  0x00000001097e85ec: ; ImmutableOopMap {[216]=Oop }
                      ;*invokestatic glClear {reexecute=0 rethrow=0 return_oop=0}
                      ; - org.lwjgl.opengl.GL11::glClear@1 (line 992)
                      ; - com.mojang.blaze3d.platform.GlStateManager::_clear@4 (line 706)
                      ; - com.mojang.blaze3d.systems.RenderSystem::clear@5 (line 615)
                      ; - net.minecraft.class_310::method_1523@368 (line 1208)
                      ;   {static_call}
  0x00000001097e85ec: 7961 7695 

  0x00000001097e85f0: ;   {metadata(method data for {method} {0x0000000336328d48} '_clear' '(IZ)V' in 'com/mojang/blaze3d/platform/GlStateManager')}
  0x00000001097e85f0: 0066 9cd2 | e0fc a6f2 | 6000 c0f2 | 0190 40f9 | 2104 0091 | 0190 00f9 

  0x00000001097e8608: ;   {metadata(method data for {method} {0x0000000336328d48} '_clear' '(IZ)V' in 'com/mojang/blaze3d/platform/GlStateManager')}
  0x00000001097e8608: 0066 9cd2 | e0fc a6f2 | 6000 c0f2 | 0898 40f9 | 0805 0091 | 0898 00f9 

  0x00000001097e8620: ;   {metadata(method data for {method} {0x0000000336329668} '_getError' '()I' in 'com/mojang/blaze3d/platform/GlStateManager')}
  0x00000001097e8620: 0097 9cd2 | e0fc a6f2 | 6000 c0f2 | 01ac 40b9 | 2108 0011 | 01ac 00b9 | 214c 1f12 | 3f00 0071 
  0x00000001097e8640: c033 0354 

  0x00000001097e8644: ;   {metadata(method data for {method} {0x0000000336329668} '_getError' '()I' in 'com/mojang/blaze3d/platform/GlStateManager')}
  0x00000001097e8644: 0097 9cd2 | e0fc a6f2 | 6000 c0f2 | 0878 40f9 | 0805 0091 | 0878 00f9 

  0x00000001097e865c: ;   {metadata(method data for {method} {0x0000000125d490e8} 'assertOnRenderThread' '()V' in 'com/mojang/blaze3d/systems/RenderSystem')}
  0x00000001097e865c: 0081 8ad2 | 80cd a6f2 | 6000 c0f2 | 01ac 40b9 | 2108 0011 | 01ac 00b9 | 214c 1f12 | 3f00 0071 
  0x00000001097e867c: e032 0354 

  0x00000001097e8680: ;   {metadata(method data for {method} {0x0000000125d490e8} 'assertOnRenderThread' '()V' in 'com/mojang/blaze3d/systems/RenderSystem')}
  0x00000001097e8680: 0081 8ad2 | 80cd a6f2 | 6000 c0f2 | 0878 40f9 | 0805 0091 | 0878 00f9 

  0x00000001097e8698: ;   {metadata(method data for {method} {0x0000000125d48bb0} 'isOnRenderThread' '()Z' in 'com/mojang/blaze3d/systems/RenderSystem')}
  0x00000001097e8698: 002f 8ad2 | 40cd a6f2 | 6000 c0f2 | 01ac 40b9 | 2108 0011 | 01ac 00b9 | 214c 1f12 | 3f00 0071 
  0x00000001097e86b8: 0032 0354 

  0x00000001097e86bc: ;   {metadata(method data for {method} {0x0000000125d48bb0} 'isOnRenderThread' '()Z' in 'com/mojang/blaze3d/systems/RenderSystem')}
  0x00000001097e86bc: 002f 8ad2 | 40cd a6f2 | 6000 c0f2 | 0878 40f9 | 0805 0091 | 0878 00f9 

  0x00000001097e86d4: ;   {oop(a 'java/lang/Class'{0x000000071578b070} = 'com/mojang/blaze3d/systems/RenderSystem')}
  0x00000001097e86d4: 000e 96d2 | 00af a2f2 | e000 c0f2 | 0080 40b9 | 00f0 7dd3 | 814b 41f9 | 2100 40f9 | 3f00 00eb 
  0x00000001097e86f4: ;   {metadata(method data for {method} {0x0000000125d48bb0} 'isOnRenderThread' '()Z' in 'com/mojang/blaze3d/systems/RenderSystem')}
  0x00000001097e86f4: 002f 8ad2 | 40cd a6f2 | 6000 c0f2 | e803 78b2 | 0922 80d2 | 0111 899a | 0268 61f8 | 4204 0091 
  0x00000001097e8714: 0268 21f8 | 2101 0054 

  0x00000001097e871c: ;   {metadata(method data for {method} {0x0000000125d48bb0} 'isOnRenderThread' '()Z' in 'com/mojang/blaze3d/systems/RenderSystem')}
  0x00000001097e871c: 002f 8ad2 | 40cd a6f2 | 6000 c0f2 | 0190 40f9 | 2104 0091 | 0190 00f9 | e003 0032 | 0200 0014 
  0x00000001097e873c: 0000 a052 | 0000 0012 | 1f00 0071 

  0x00000001097e8748: ;   {metadata(method data for {method} {0x0000000125d490e8} 'assertOnRenderThread' '()V' in 'com/mojang/blaze3d/systems/RenderSystem')}
  0x00000001097e8748: 0081 8ad2 | 80cd a6f2 | 6000 c0f2 | 0822 80d2 | e903 78b2 | 0101 899a | 0268 61f8 | 4204 0091 
  0x00000001097e8768: 0268 21f8 | a0ee 0254 

  0x00000001097e8770: ;   {metadata(method data for {method} {0x0000000336329668} '_getError' '()I' in 'com/mojang/blaze3d/platform/GlStateManager')}
  0x00000001097e8770: 0097 9cd2 | e0fc a6f2 | 6000 c0f2 | 0880 40f9 | 0805 0091 | 0880 00f9 

  0x00000001097e8788: ;   {metadata(method data for {method} {0x00000001238d9460} 'glGetError' '()I' in 'org/lwjgl/opengl/GL11')}
  0x00000001097e8788: 00c0 9cd2 | e0fc a6f2 | 6000 c0f2 | 01ac 40b9 | 2108 0011 | 01ac 00b9 | 214c 1f12 | 3f00 0071 
  0x00000001097e87a8: 802b 0354 

  0x00000001097e87ac: ;   {oop(a 'java/lang/Class'{0x00000007025c2c98} = 'net/raphimc/immediatelyfast/ImmediatelyFast')}
  0x00000001097e87ac: 0093 85d2 | 804b a0f2 | e000 c0f2 | 0078 40b9 | 00f0 7dd3 

  0x00000001097e87c0: ; implicit exception: dispatches to 0x00000001097eed38
  0x00000001097e87c0: 0048 4039 | 1f00 0071 

  0x00000001097e87c8: ;   {metadata(method data for {method} {0x00000001238d9460} 'glGetError' '()I' in 'org/lwjgl/opengl/GL11')}
  0x00000001097e87c8: 00c0 9cd2 | e0fc a6f2 | 6000 c0f2 | e80f 7cb2 | e903 78b2 | 0101 899a | 0268 61f8 | 4204 0091 
  0x00000001097e87e8: 0268 21f8 | 6000 0054 | 0000 a052 | 0800 0014 

  0x00000001097e87f8: ;   {metadata(method data for {method} {0x00000001238d9460} 'glGetError' '()I' in 'org/lwjgl/opengl/GL11')}
  0x00000001097e87f8: 00c0 9cd2 | e0fc a6f2 | 6000 c0f2 | 0888 40f9 | 0805 0091 | 0888 00f9 

  0x00000001097e8810: ; ImmutableOopMap {[216]=Oop }
                      ;*invokestatic glGetError {reexecute=0 rethrow=0 return_oop=0}
                      ; - org.lwjgl.opengl.GL11::glGetError@11 (line 10038)
                      ; - com.mojang.blaze3d.platform.GlStateManager::_getError@3 (line 760)
                      ; - com.mojang.blaze3d.platform.GlStateManager::_clear@11 (line 709)
                      ; - com.mojang.blaze3d.systems.RenderSystem::clear@5 (line 615)
                      ; - net.minecraft.class_310::method_1523@368 (line 1208)
                      ;   {static_call}
  0x00000001097e8810: 3ca3 5595 | e16f 40f9 | 2008 41b9 | 00f0 7dd3 

  0x00000001097e8820: ; implicit exception: dispatches to 0x00000001097eed3c
  0x00000001097e8820: 1f00 40f9 | e203 00aa 

  0x00000001097e8828: ;   {metadata(method data for {method} {0x0000000125dbb038} 'method_1523' '(Z)V' in 'net/minecraft/class_310')}
  0x00000001097e8828: 035b 93d2 | e3ff a6f2 | 6300 c0f2 | 4208 40b9 | 0214 c0f2 | 6900 2791 | 2801 40f9 | 5f00 08eb 
  0x00000001097e8848: a100 0054 | 68e4 44f9 | 0805 0091 | 68e4 04f9 | 1c00 0014 | 6940 2791 | 2801 40f9 | 5f00 08eb 
  0x00000001097e8868: a100 0054 | 68ec 44f9 | 0805 0091 | 68ec 04f9 | 1400 0014 | 6900 2791 | 2801 40f9 | c800 00b5 
  0x00000001097e8888: 2201 00f9 | e803 40b2 | 6920 2791 | 2801 00f9 | 0c00 0014 | 6940 2791 | 2801 40f9 | c800 00b5 
  0x00000001097e88a8: 2201 00f9 | e803 40b2 | 6960 2791 | 2801 00f9 | 0400 0014 | 68d8 44f9 | 0805 0091 | 68d8 04f9 
  0x00000001097e88c8: e203 0032 | e103 00aa | 091c 8cd2 | e935 a0f2 | 0914 c0f2 

  0x00000001097e88dc: ; ImmutableOopMap {[216]=Oop }
                      ;*invokevirtual method_1235 {reexecute=0 rethrow=0 return_oop=0}
                      ; - net.minecraft.class_310::method_1523@376 (line 1210)
                      ;   {virtual_call}
  0x00000001097e88dc: 5943 bb95 

  0x00000001097e88e0: ;   {metadata(method data for {method} {0x0000000125dbb038} 'method_1523' '(Z)V' in 'net/minecraft/class_310')}
  0x00000001097e88e0: 015b 93d2 | e1ff a6f2 | 6100 c0f2 | 28f4 44f9 | 0805 0091 | 28f4 04f9 

  0x00000001097e88f8: ;   {metadata(method data for {method} {0x0000000337d5ba08} 'method_23792' '()V' in 'net/minecraft/class_758')}
  0x00000001097e88f8: 0102 9fd2 | e1ff a6f2 | 6100 c0f2 | 20ac 40b9 | 0008 0011 | 20ac 00b9 | 004c 1f12 | 1f00 0071 
  0x00000001097e8918: 4021 0354 

  0x00000001097e891c: ;   {metadata(method data for {method} {0x0000000337d5ba08} 'method_23792' '()V' in 'net/minecraft/class_758')}
  0x00000001097e891c: 0102 9fd2 | e1ff a6f2 | 6100 c0f2 | 2878 40f9 | 0805 0091 | 2878 00f9 

  0x00000001097e8934: ;   {metadata(method data for {method} {0x0000000125d4b410} 'setShaderFogStart' '(F)V' in 'com/mojang/blaze3d/systems/RenderSystem')}
  0x00000001097e8934: 01d9 8cd2 | 01fd a6f2 | 6100 c0f2 | 20ac 40b9 | 0008 0011 | 20ac 00b9 | 004c 1f12 | 1f00 0071 
  0x00000001097e8954: 6020 0354 

  0x00000001097e8958: ;   {metadata(method data for {method} {0x0000000125d4b410} 'setShaderFogStart' '(F)V' in 'com/mojang/blaze3d/systems/RenderSystem')}
  0x00000001097e8958: 01d9 8cd2 | 01fd a6f2 | 6100 c0f2 | 2878 40f9 | 0805 0091 | 2878 00f9 

  0x00000001097e8970: ;   {metadata(method data for {method} {0x0000000125d490e8} 'assertOnRenderThread' '()V' in 'com/mojang/blaze3d/systems/RenderSystem')}
  0x00000001097e8970: 0181 8ad2 | 81cd a6f2 | 6100 c0f2 | 20ac 40b9 | 0008 0011 | 20ac 00b9 | 004c 1f12 | 1f00 0071 
  0x00000001097e8990: 801f 0354 

  0x00000001097e8994: ;   {metadata(method data for {method} {0x0000000125d490e8} 'assertOnRenderThread' '()V' in 'com/mojang/blaze3d/systems/RenderSystem')}
  0x00000001097e8994: 0181 8ad2 | 81cd a6f2 | 6100 c0f2 | 2878 40f9 | 0805 0091 | 2878 00f9 

  0x00000001097e89ac: ;   {metadata(method data for {method} {0x0000000125d48bb0} 'isOnRenderThread' '()Z' in 'com/mojang/blaze3d/systems/RenderSystem')}
  0x00000001097e89ac: 012f 8ad2 | 41cd a6f2 | 6100 c0f2 | 20ac 40b9 | 0008 0011 | 20ac 00b9 | 004c 1f12 | 1f00 0071 
  0x00000001097e89cc: a01e 0354 

  0x00000001097e89d0: ;   {metadata(method data for {method} {0x0000000125d48bb0} 'isOnRenderThread' '()Z' in 'com/mojang/blaze3d/systems/RenderSystem')}
  0x00000001097e89d0: 012f 8ad2 | 41cd a6f2 | 6100 c0f2 | 2878 40f9 | 0805 0091 | 2878 00f9 

  0x00000001097e89e8: ;   {oop(a 'java/lang/Class'{0x000000071578b070} = 'com/mojang/blaze3d/systems/RenderSystem')}
  0x00000001097e89e8: 010e 96d2 | 01af a2f2 | e100 c0f2 | 2180 40b9 | 21f0 7dd3 | 804b 41f9 | 0000 40f9 | 1f00 01eb 
  0x00000001097e8a08: ;   {metadata(method data for {method} {0x0000000125d48bb0} 'isOnRenderThread' '()Z' in 'com/mojang/blaze3d/systems/RenderSystem')}
  0x00000001097e8a08: 012f 8ad2 | 41cd a6f2 | 6100 c0f2 | e803 78b2 | 0922 80d2 | 0011 899a | 2268 60f8 | 4204 0091 
  0x00000001097e8a28: 2268 20f8 | 2101 0054 

  0x00000001097e8a30: ;   {metadata(method data for {method} {0x0000000125d48bb0} 'isOnRenderThread' '()Z' in 'com/mojang/blaze3d/systems/RenderSystem')}
  0x00000001097e8a30: 012f 8ad2 | 41cd a6f2 | 6100 c0f2 | 2090 40f9 | 0004 0091 | 2090 00f9 | e103 0032 | 0200 0014 
  0x00000001097e8a50: 0100 a052 | 2100 0012 | 3f00 0071 

  0x00000001097e8a5c: ;   {metadata(method data for {method} {0x0000000125d490e8} 'assertOnRenderThread' '()V' in 'com/mojang/blaze3d/systems/RenderSystem')}
  0x00000001097e8a5c: 0181 8ad2 | 81cd a6f2 | 6100 c0f2 | 0822 80d2 | e903 78b2 | 0001 899a | 2268 60f8 | 4204 0091 
  0x00000001097e8a7c: 2268 20f8 | 60d0 0254 

  0x00000001097e8a84: ;   {metadata(method data for {method} {0x0000000125d4b410} 'setShaderFogStart' '(F)V' in 'com/mojang/blaze3d/systems/RenderSystem')}
  0x00000001097e8a84: 01d9 8cd2 | 01fd a6f2 | 6100 c0f2 | 2880 40f9 | 0805 0091 | 2880 00f9 

  0x00000001097e8a9c: ;   {metadata(method data for {method} {0x0000000125d4b4c8} '_setShaderFogStart' '(F)V' in 'com/mojang/blaze3d/systems/RenderSystem')}
  0x00000001097e8a9c: 0105 8dd2 | 01fd a6f2 | 6100 c0f2 | 20ac 40b9 | 0008 0011 | 20ac 00b9 | 004c 1f12 | 1f00 0071 
  0x00000001097e8abc: 2018 0354 

  0x00000001097e8ac0: ;   {oop(a 'java/lang/Class'{0x000000071578b070} = 'com/mojang/blaze3d/systems/RenderSystem')}
  0x00000001097e8ac0: 010e 96d2 | 01af a2f2 | e100 c0f2 

  0x00000001097e8acc: ;   {section_word}
  0x00000001097e8acc: a8c7 fe10 | 0001 40bd | 20fc 00bd 

  0x00000001097e8ad8: ;   {metadata(method data for {method} {0x0000000125d4b4c8} '_setShaderFogStart' '(F)V' in 'com/mojang/blaze3d/systems/RenderSystem')}
  0x00000001097e8ad8: 0005 8dd2 | 00fd a6f2 | 6000 c0f2 | 0878 40f9 | 0805 0091 | 0878 00f9 

  0x00000001097e8af0: ;   {metadata(method data for {method} {0x0000000125d64498} 'handler$fmf000$iris$onFogStart' '(FLorg/spongepowered/asm/mixin/injection/callback/CallbackInfo;)V' in 'com/mojang/blaze3d/systems/RenderSystem')}
  0x00000001097e8af0: 002d 8dd2 | 00fd a6f2 | 6000 c0f2 | 02ac 40b9 | 4208 0011 | 02ac 00b9 | 424c 1f12 | 5f00 0071 
  0x00000001097e8b10: 8016 0354 | 21d4 40b9 | 21f0 7dd3 | e003 1faa | 3f00 00eb 

  0x00000001097e8b24: ;   {metadata(method data for {method} {0x0000000125d64498} 'handler$fmf000$iris$onFogStart' '(FLorg/spongepowered/asm/mixin/injection/callback/CallbackInfo;)V' in 'com/mojang/blaze3d/systems/RenderSystem')}
  0x00000001097e8b24: 002d 8dd2 | 00fd a6f2 | 6000 c0f2 | e80f 7cb2 | e903 78b2 | 0201 899a | 0368 62f8 | 6304 0091 
  0x00000001097e8b44: 0368 22f8 | e005 0054 

  0x00000001097e8b4c: ; implicit exception: dispatches to 0x00000001097eee00
  0x00000001097e8b4c: 3f00 40f9 | e003 01aa 

  0x00000001097e8b54: ;   {metadata(method data for {method} {0x0000000125d64498} 'handler$fmf000$iris$onFogStart' '(FLorg/spongepowered/asm/mixin/injection/callback/CallbackInfo;)V' in 'com/mojang/blaze3d/systems/RenderSystem')}
  0x00000001097e8b54: 022d 8dd2 | 02fd a6f2 | 6200 c0f2 | 0008 40b9 | 0014 c0f2 | 4980 0491 | 2801 40f9 | 1f00 08eb 
  0x00000001097e8b74: a100 0054 | 4894 40f9 | 0805 0091 | 4894 00f9 | 1c00 0014 | 49c0 0491 | 2801 40f9 | 1f00 08eb 
  0x00000001097e8b94: a100 0054 | 489c 40f9 | 0805 0091 | 489c 00f9 | 1400 0014 | 4980 0491 | 2801 40f9 | c800 00b5 
  0x00000001097e8bb4: 2001 00f9 | e803 40b2 | 49a0 0491 | 2801 00f9 | 0c00 0014 | 49c0 0491 | 2801 40f9 | c800 00b5 
  0x00000001097e8bd4: 2001 00f9 | e803 40b2 | 49e0 0491 | 2801 00f9 | 0400 0014 | 4888 40f9 | 0805 0091 | 4888 00f9 
  0x00000001097e8bf4: e9ff 9fd2 | e9ff bff2 | e9ff dff2 

  0x00000001097e8c00: ; ImmutableOopMap {[216]=Oop }
                      ;*invokeinterface run {reexecute=0 rethrow=0 return_oop=0}
                      ; - com.mojang.blaze3d.systems.RenderSystem::handler$fmf000$iris$onFogStart@9 (line 4471)
                      ; - com.mojang.blaze3d.systems.RenderSystem::_setShaderFogStart@6 (line 631)
                      ; - com.mojang.blaze3d.systems.RenderSystem::setShaderFogStart@4 (line 626)
                      ; - net.minecraft.class_758::method_23792@3 (line 203)
                      ; - net.minecraft.class_310::method_1523@379 (line 1211)
                      ;   {virtual_call}
  0x00000001097e8c00: 80a1 5595 

  0x00000001097e8c04: ;   {metadata(method data for {method} {0x0000000125d4b410} 'setShaderFogStart' '(F)V' in 'com/mojang/blaze3d/systems/RenderSystem')}
  0x00000001097e8c04: 00d9 8cd2 | 00fd a6f2 | 6000 c0f2 | 0888 40f9 | 0805 0091 | 0888 00f9 

  0x00000001097e8c1c: ;   {metadata(method data for {method} {0x0000000125d63a00} 'handler$epf000$flywheel$onSetFogStart' '(Lorg/spongepowered/asm/mixin/injection/callback/CallbackInfo;)V' in 'com/mojang/blaze3d/systems/RenderSystem')}
  0x00000001097e8c1c: 005f 8dd2 | 00fd a6f2 | 6000 c0f2 | 01ac 40b9 | 2108 0011 | 01ac 00b9 | 214c 1f12 | 3f00 0071 
  0x00000001097e8c3c: 400e 0354 

  0x00000001097e8c40: ;   {metadata(method data for {method} {0x0000000125d63a00} 'handler$epf000$flywheel$onSetFogStart' '(Lorg/spongepowered/asm/mixin/injection/callback/CallbackInfo;)V' in 'com/mojang/blaze3d/systems/RenderSystem')}
  0x00000001097e8c40: 005f 8dd2 | 00fd a6f2 | 6000 c0f2 | 0878 40f9 | 0805 0091 | 0878 00f9 

  0x00000001097e8c58: ; ImmutableOopMap {[216]=Oop }
                      ;*invokestatic update {reexecute=0 rethrow=0 return_oop=0}
                      ; - com.mojang.blaze3d.systems.RenderSystem::handler$epf000$flywheel$onSetFogStart@0 (line 2470)
                      ; - com.mojang.blaze3d.systems.RenderSystem::setShaderFogStart@8 (line 628)
                      ; - net.minecraft.class_758::method_23792@3 (line 203)
                      ; - net.minecraft.class_310::method_1523@379 (line 1211)
                      ;   {static_call}
  0x00000001097e8c58: 661d 0094 | e16f 40f9 | 22a8 41b9 | 42f0 7dd3 | 4201 00b4 

  0x00000001097e8c6c: ;   {metadata('net/minecraft/class_3694')}
  0x00000001097e8c6c: 0488 97d2 | 2436 a0f2 | 0414 c0f2 | 4508 40b9 | 0514 c0f2 | a81c 40f9 | 9f00 08eb | e10c 0354 
  0x00000001097e8c8c: 0100 0014 | e003 02aa 

  0x00000001097e8c94: ; implicit exception: dispatches to 0x00000001097eee28
  0x00000001097e8c94: 5f00 40f9 

  0x00000001097e8c98: ;   {metadata(method data for {method} {0x0000000125dbb038} 'method_1523' '(Z)V' in 'net/minecraft/class_310')}
  0x00000001097e8c98: 005b 93d2 | e0ff a6f2 | 6000 c0f2 | 0808 45f9 | 0805 0091 | 0808 05f9 

  0x00000001097e8cb0: ;   {metadata(method data for {method} {0x0000000125e9f888} 'method_15396' '(Ljava/lang/String;)V' in 'net/minecraft/class_3694')}
  0x00000001097e8cb0: 026f 91d2 | 82f0 a6f2 | 6200 c0f2 | 40ac 40b9 | 0008 0011 | 40ac 00b9 | 004c 1f12 | 1f00 0071 
  0x00000001097e8cd0: e00a 0354 

  0x00000001097e8cd4: ;   {metadata(method data for {method} {0x0000000125dbb038} 'method_1523' '(Z)V' in 'net/minecraft/class_310')}
  0x00000001097e8cd4: 025b 93d2 | e2ff a6f2 | 6200 c0f2 | 4818 45f9 | 0805 0091 | 4818 05f9 

  0x00000001097e8cec: ;   {metadata(method data for {method} {0x0000000125d4a2f0} 'enableCull' '()V' in 'com/mojang/blaze3d/systems/RenderSystem')}
  0x00000001097e8cec: 0200 8cd2 | 62fd a6f2 | 6200 c0f2 | 40ac 40b9 | 0008 0011 | 40ac 00b9 | 004c 1f12 | 1f00 0071 
  0x00000001097e8d0c: 000a 0354 

  0x00000001097e8d10: ;   {metadata(method data for {method} {0x0000000125d4a2f0} 'enableCull' '()V' in 'com/mojang/blaze3d/systems/RenderSystem')}
  0x00000001097e8d10: 0200 8cd2 | 62fd a6f2 | 6200 c0f2 | 4878 40f9 | 0805 0091 | 4878 00f9 

  0x00000001097e8d28: ;   {metadata(method data for {method} {0x0000000125d490e8} 'assertOnRenderThread' '()V' in 'com/mojang/blaze3d/systems/RenderSystem')}
  0x00000001097e8d28: 0281 8ad2 | 82cd a6f2 | 6200 c0f2 | 40ac 40b9 | 0008 0011 | 40ac 00b9 | 004c 1f12 | 1f00 0071 
  0x00000001097e8d48: 2009 0354 

  0x00000001097e8d4c: ;   {metadata(method data for {method} {0x0000000125d490e8} 'assertOnRenderThread' '()V' in 'com/mojang/blaze3d/systems/RenderSystem')}
  0x00000001097e8d4c: 0281 8ad2 | 82cd a6f2 | 6200 c0f2 | 4878 40f9 | 0805 0091 | 4878 00f9 

  0x00000001097e8d64: ;   {metadata(method data for {method} {0x0000000125d48bb0} 'isOnRenderThread' '()Z' in 'com/mojang/blaze3d/systems/RenderSystem')}
  0x00000001097e8d64: 022f 8ad2 | 42cd a6f2 | 6200 c0f2 | 40ac 40b9 | 0008 0011 | 40ac 00b9 | 004c 1f12 | 1f00 0071 
  0x00000001097e8d84: 4008 0354 

  0x00000001097e8d88: ;   {metadata(method data for {method} {0x0000000125d48bb0} 'isOnRenderThread' '()Z' in 'com/mojang/blaze3d/systems/RenderSystem')}
  0x00000001097e8d88: 022f 8ad2 | 42cd a6f2 | 6200 c0f2 | 4878 40f9 | 0805 0091 | 4878 00f9 

  0x00000001097e8da0: ;   {oop(a 'java/lang/Class'{0x000000071578b070} = 'com/mojang/blaze3d/systems/RenderSystem')}
  0x00000001097e8da0: 020e 96d2 | 02af a2f2 | e200 c0f2 | 4280 40b9 | 42f0 7dd3 | 804b 41f9 | 0000 40f9 | 1f00 02eb 
  0x00000001097e8dc0: ;   {metadata(method data for {method} {0x0000000125d48bb0} 'isOnRenderThread' '()Z' in 'com/mojang/blaze3d/systems/RenderSystem')}
  0x00000001097e8dc0: 002f 8ad2 | 40cd a6f2 | 6000 c0f2 | e803 78b2 | 0922 80d2 | 0311 899a | 0468 63f8 | 8404 0091 
  0x00000001097e8de0: 0468 23f8 | 2101 0054 

  0x00000001097e8de8: ;   {metadata(method data for {method} {0x0000000125d48bb0} 'isOnRenderThread' '()Z' in 'com/mojang/blaze3d/systems/RenderSystem')}
  0x00000001097e8de8: 002f 8ad2 | 40cd a6f2 | 6000 c0f2 | 0390 40f9 | 6304 0091 | 0390 00f9 | e003 0032 | 0200 0014 
  0x00000001097e8e08: 0000 a052 | 0000 0012 | 1f00 0071 

  0x00000001097e8e14: ;   {metadata(method data for {method} {0x0000000125d490e8} 'assertOnRenderThread' '()V' in 'com/mojang/blaze3d/systems/RenderSystem')}
  0x00000001097e8e14: 0081 8ad2 | 80cd a6f2 | 6000 c0f2 | 0822 80d2 | e903 78b2 | 0301 899a | 0468 63f8 | 8404 0091 
  0x00000001097e8e34: 0468 23f8 | 00ad 0254 

  0x00000001097e8e3c: ;   {metadata(method data for {method} {0x0000000125d4a2f0} 'enableCull' '()V' in 'com/mojang/blaze3d/systems/RenderSystem')}
  0x00000001097e8e3c: 0000 8cd2 | 60fd a6f2 | 6000 c0f2 | 0880 40f9 | 0805 0091 | 0880 00f9 

  0x00000001097e8e54: ;   {metadata(method data for {method} {0x0000000336326f28} '_enableCull' '()V' in 'com/mojang/blaze3d/platform/GlStateManager')}
  0x00000001097e8e54: 0029 8cd2 | 60fd a6f2 | 6000 c0f2 | 03ac 40b9 | 6308 0011 | 03ac 00b9 | 634c 1f12 | 7f00 0071 
  0x00000001097e8e74: c001 0354 

  0x00000001097e8e78: ;   {metadata(method data for {method} {0x0000000336326f28} '_enableCull' '()V' in 'com/mojang/blaze3d/platform/GlStateManager')}
  0x00000001097e8e78: 0029 8cd2 | 60fd a6f2 | 6000 c0f2 | 0878 40f9 | 0805 0091 | 0878 00f9 

  0x00000001097e8e90: ;   {metadata(method data for {method} {0x0000000125d490e8} 'assertOnRenderThread' '()V' in 'com/mojang/blaze3d/systems/RenderSystem')}
  0x00000001097e8e90: 0081 8ad2 | 80cd a6f2 | 6000 c0f2 | 03ac 40b9 | 6308 0011 | 03ac 00b9 | 634c 1f12 | 7f00 0071 
  0x00000001097e8eb0: e000 0354 

  0x00000001097e8eb4: ;   {metadata(method data for {method} {0x0000000125d490e8} 'assertOnRenderThread' '()V' in 'com/mojang/blaze3d/systems/RenderSystem')}
  0x00000001097e8eb4: 0081 8ad2 | 80cd a6f2 | 6000 c0f2 | 0878 40f9 | 0805 0091 | 0878 00f9 

  0x00000001097e8ecc: ;   {metadata(method data for {method} {0x0000000125d48bb0} 'isOnRenderThread' '()Z' in 'com/mojang/blaze3d/systems/RenderSystem')}
  0x00000001097e8ecc: 002f 8ad2 | 40cd a6f2 | 6000 c0f2 | 03ac 40b9 | 6308 0011 | 03ac 00b9 | 634c 1f12 | 7f00 0071 
  0x00000001097e8eec: 0000 0354 

  0x00000001097e8ef0: ;   {metadata(method data for {method} {0x0000000125d48bb0} 'isOnRenderThread' '()Z' in 'com/mojang/blaze3d/systems/RenderSystem')}
  0x00000001097e8ef0: 002f 8ad2 | 40cd a6f2 | 6000 c0f2 | 0878 40f9 | 0805 0091 | 0878 00f9 | 804b 41f9 | 0000 40f9 
  0x00000001097e8f10: 1f00 02eb 

  0x00000001097e8f14: ;   {metadata(method data for {method} {0x0000000125d48bb0} 'isOnRenderThread' '()Z' in 'com/mojang/blaze3d/systems/RenderSystem')}
  0x00000001097e8f14: 022f 8ad2 | 42cd a6f2 | 6200 c0f2 | e803 78b2 | 0922 80d2 | 0011 899a | 4368 60f8 | 6304 0091 
  0x00000001097e8f34: 4368 20f8 | 2101 0054 

  0x00000001097e8f3c: ;   {metadata(method data for {method} {0x0000000125d48bb0} 'isOnRenderThread' '()Z' in 'com/mojang/blaze3d/systems/RenderSystem')}
  0x00000001097e8f3c: 022f 8ad2 | 42cd a6f2 | 6200 c0f2 | 4090 40f9 | 0004 0091 | 4090 00f9 | e203 0032 | 0200 0014 
  0x00000001097e8f5c: 0200 a052 | 4200 0012 | 5f00 0071 

  0x00000001097e8f68: ;   {metadata(method data for {method} {0x0000000125d490e8} 'assertOnRenderThread' '()V' in 'com/mojang/blaze3d/systems/RenderSystem')}
  0x00000001097e8f68: 0281 8ad2 | 82cd a6f2 | 6200 c0f2 | 0822 80d2 | e903 78b2 | 0001 899a | 4368 60f8 | 6304 0091 
  0x00000001097e8f88: 4368 20f8 | c09c 0254 

  0x00000001097e8f90: ;   {oop(a 'com/mojang/blaze3d/platform/GlStateManager$class_1025'{0x000000072a0d6668})}
  0x00000001097e8f90: 02cd 8cd2 | a241 a5f2 | e200 c0f2 

  0x00000001097e8f9c: ; implicit exception: dispatches to 0x00000001097eef0c
  0x00000001097e8f9c: 4010 40b9 | 00f0 7dd3 

  0x00000001097e8fa4: ; implicit exception: dispatches to 0x00000001097eef10
  0x00000001097e8fa4: 1f00 40f9 | e203 00aa 

  0x00000001097e8fac: ;   {metadata(method data for {method} {0x0000000336326f28} '_enableCull' '()V' in 'com/mojang/blaze3d/platform/GlStateManager')}
  0x00000001097e8fac: 0329 8cd2 | 63fd a6f2 | 6300 c0f2 | 688c 40f9 | 0805 0091 | 688c 00f9 

  0x00000001097e8fc4: ;   {metadata(method data for {method} {0x000000033632eb78} 'method_4471' '()V' in 'com/mojang/blaze3d/platform/GlStateManager$class_1018')}
  0x00000001097e8fc4: 0266 9cd2 | 62fc a6f2 | 6200 c0f2 | 43ac 40b9 | 6308 0011 | 43ac 00b9 | 634c 1f12 | 7f00 0071 
  0x00000001097e8fe4: 80f9 0254 | e203 00aa 

  0x00000001097e8fec: ;   {metadata(method data for {method} {0x000000033632eb78} 'method_4471' '()V' in 'com/mojang/blaze3d/platform/GlStateManager$class_1018')}
  0x00000001097e8fec: 0366 9cd2 | 63fc a6f2 | 6300 c0f2 | 6884 40f9 | 0805 0091 | 6884 00f9 | e203 0032 | e103 00aa 
  0x00000001097e900c: ; ImmutableOopMap {[216]=Oop }
                      ;*invokevirtual method_4470 {reexecute=0 rethrow=0 return_oop=0}
                      ; - com.mojang.blaze3d.platform.GlStateManager$class_1018::method_4471@2 (line 871)
                      ; - com.mojang.blaze3d.platform.GlStateManager::_enableCull@9 (line 460)
                      ; - com.mojang.blaze3d.systems.RenderSystem::enableCull@3 (line 385)
                      ; - net.minecraft.class_310::method_1523@394 (line 1214)
                      ;   {optimized virtual_call}
  0x00000001097e900c: d1a1 a995 | e16f 40f9 | 20a8 41b9 | 00f0 7dd3 | 4001 00b4 

  0x00000001097e9020: ;   {metadata('net/minecraft/class_3694')}
  0x00000001097e9020: 0488 97d2 | 2436 a0f2 | 0414 c0f2 | 0508 40b9 | 0514 c0f2 | a81c 40f9 | 9f00 08eb | c1f7 0254 
  0x00000001097e9040: 0100 0014 | e203 00aa 

  0x00000001097e9048: ; implicit exception: dispatches to 0x00000001097eef38
  0x00000001097e9048: 1f00 40f9 | e203 00aa 

  0x00000001097e9050: ;   {metadata(method data for {method} {0x0000000125dbb038} 'method_1523' '(Z)V' in 'net/minecraft/class_310')}
  0x00000001097e9050: 035b 93d2 | e3ff a6f2 | 6300 c0f2 | 682c 45f9 | 0805 0091 | 682c 05f9 

  0x00000001097e9068: ;   {metadata(method data for {method} {0x0000000125e9faa0} 'method_15407' '()V' in 'net/minecraft/class_3694')}
  0x00000001097e9068: 02ed 92d2 | 82f0 a6f2 | 6200 c0f2 | 43ac 40b9 | 6308 0011 | 43ac 00b9 | 634c 1f12 | 7f00 0071 
  0x00000001097e9088: a0f5 0254 | 22a4 4139 | 5f00 0071 

  0x00000001097e9094: ;   {metadata(method data for {method} {0x0000000125dbb038} 'method_1523' '(Z)V' in 'net/minecraft/class_310')}
  0x00000001097e9094: 025b 93d2 | e2ff a6f2 | 6200 c0f2 | 084f 81d2 | 0951 81d2 | 0311 899a | 4468 63f8 | 8404 0091 
  0x00000001097e90b4: 4468 23f8 | e17e 0054 | 4001 00b4 

  0x00000001097e90c0: ;   {metadata('net/minecraft/class_3694')}
  0x00000001097e90c0: 0488 97d2 | 2436 a0f2 | 0414 c0f2 | 0508 40b9 | 0514 c0f2 | a81c 40f9 | 9f00 08eb | 01f4 0254 
  0x00000001097e90e0: 0100 0014 | e203 00aa 

  0x00000001097e90e8: ;   {metadata(method data for {method} {0x0000000125dbb038} 'method_1523' '(Z)V' in 'net/minecraft/class_310')}
  0x00000001097e90e8: 025b 93d2 | e2ff a6f2 | 6200 c0f2 | 4858 45f9 | 0805 0091 | 4858 05f9 

  0x00000001097e9100: ;   {metadata(method data for {method} {0x0000000125e9fb58} 'method_15405' '(Ljava/lang/String;)V' in 'net/minecraft/class_3694')}
  0x00000001097e9100: 0072 92d2 | c0fc a6f2 | 6000 c0f2 | 02ac 40b9 | 4208 0011 | 02ac 00b9 | 424c 1f12 | 5f00 0071 
  0x00000001097e9120: 00f2 0254 | 20b0 40b9 | 00f0 7dd3 | e09b 00f9 | bf3b 03d5 | 22a0 4139 | bf39 03d5 | 5f00 0071 
  0x00000001097e9140: ;   {metadata(method data for {method} {0x0000000125dbb038} 'method_1523' '(Z)V' in 'net/minecraft/class_310')}
  0x00000001097e9140: 025b 93d2 | e2ff a6f2 | 6200 c0f2 | 085a 81d2 | 095c 81d2 | 0301 899a | 4468 63f8 | 8404 0091 
  0x00000001097e9160: 4468 23f8 | 2001 0054 | 2048 40bd 

  0x00000001097e916c: ;   {metadata(method data for {method} {0x0000000125dbb038} 'method_1523' '(Z)V' in 'net/minecraft/class_310')}
  0x00000001097e916c: 025b 93d2 | e2ff a6f2 | 6200 c0f2 | 4378 45f9 | 6304 0091 | 4378 05f9 | 0400 0014 | 2288 40b9 
  0x00000001097e918c: 42f0 7dd3 

  0x00000001097e9190: ; implicit exception: dispatches to 0x00000001097eef80
  0x00000001097e9190: 400c 40bd | e0db 01bd | e203 01aa 

  0x00000001097e919c: ;   {metadata(method data for {method} {0x0000000125dbb038} 'method_1523' '(Z)V' in 'net/minecraft/class_310')}
  0x00000001097e919c: 035b 93d2 | e3ff a6f2 | 6300 c0f2 | 6884 45f9 | 0805 0091 | 6884 05f9 

  0x00000001097e91b4: ;   {metadata(method data for {method} {0x0000000125d986e8} 'handler$zfl000$porting_lib_base$port_lib$renderTickStart' '(Lorg/spongepowered/asm/mixin/injection/callback/CallbackInfo;)V' in 'net/minecraft/class_310')}
  0x00000001097e91b4: 0229 9fd2 | e2ff a6f2 | 6200 c0f2 | 43ac 40b9 | 6308 0011 | 43ac 00b9 | 634c 1f12 | 7f00 0071 
  0x00000001097e91d4: 80ed 0254 

  0x00000001097e91d8: ;   {oop(a 'net/fabricmc/fabric/impl/base/event/ArrayBackedEvent'{0x0000000723bf10f8})}
  0x00000001097e91d8: 021f 82d2 | e277 a4f2 | e200 c0f2 | e303 02aa 

  0x00000001097e91e8: ;   {metadata(method data for {method} {0x0000000125d986e8} 'handler$zfl000$porting_lib_base$port_lib$renderTickStart' '(Lorg/spongepowered/asm/mixin/injection/callback/CallbackInfo;)V' in 'net/minecraft/class_310')}
  0x00000001097e91e8: 0429 9fd2 | e4ff a6f2 | 6400 c0f2 | 8878 40f9 | 0805 0091 | 8878 00f9 | bf3b 03d5 

  0x00000001097e9204: ; implicit exception: dispatches to 0x00000001097eefa4
  0x00000001097e9204: 420c 40b9 | 42f0 7dd3 | bf39 03d5 | 0201 00b5 

  0x00000001097e9214: ;   {metadata(method data for {method} {0x0000000125d986e8} 'handler$zfl000$porting_lib_base$port_lib$renderTickStart' '(Lorg/spongepowered/asm/mixin/injection/callback/CallbackInfo;)V' in 'net/minecraft/class_310')}
  0x00000001097e9214: 0529 9fd2 | e5ff a6f2 | 6500 c0f2 | a884 4439 | 0801 40b2 | a884 0439 | 3d00 0014 

  0x00000001097e9230: ;   {metadata('io/github/fabricators_of_create/porting_lib/event/client/RenderTickStartCallback')}
  0x00000001097e9230: 04da 96d2 | 646a a0f2 | 0414 c0f2 | 4508 40b9 | 0514 c0f2 | a810 40f9 | 9f00 08eb | e000 0054 
  0x00000001097e9250: bf00 04eb | a000 0054 | e513 bfa9 

  0x00000001097e925c: ;   {runtime_call slow_subtype_check Runtime1 stub}
  0x00000001097e925c: e96b 5895 | e507 41f8 | e504 0034 

  0x00000001097e9268: ;   {metadata(method data for {method} {0x0000000125d986e8} 'handler$zfl000$porting_lib_base$port_lib$renderTickStart' '(Lorg/spongepowered/asm/mixin/injection/callback/CallbackInfo;)V' in 'net/minecraft/class_310')}
  0x00000001097e9268: 0529 9fd2 | e5ff a6f2 | 6500 c0f2 | 4408 40b9 | 0414 c0f2 | a9e0 0491 | 2801 40f9 | 9f00 08eb 
  0x00000001097e9288: a100 0054 | a8a0 40f9 | 0805 0091 | a8a0 00f9 | 2200 0014 | a920 0591 | 2801 40f9 | 9f00 08eb 
  0x00000001097e92a8: a100 0054 | a8a8 40f9 | 0805 0091 | a8a8 00f9 | 1a00 0014 | a9e0 0491 | 2801 40f9 | c800 00b5 
  0x00000001097e92c8: 2401 00f9 | e803 40b2 | a900 0591 | 2801 00f9 | 1200 0014 | a920 0591 | 2801 40f9 | c800 00b5 
  0x00000001097e92e8: 2401 00f9 | e803 40b2 | a940 0591 | 2801 00f9 | 0a00 0014 | 0900 0014 

  0x00000001097e9300: ;   {metadata(method data for {method} {0x0000000125d986e8} 'handler$zfl000$porting_lib_base$port_lib$renderTickStart' '(Lorg/spongepowered/asm/mixin/injection/callback/CallbackInfo;)V' in 'net/minecraft/class_310')}
  0x00000001097e9300: 0529 9fd2 | e5ff a6f2 | 6500 c0f2 | a894 40f9 | 0805 00d1 | a894 00f9 | 2417 0014 | 0100 0014 
  0x00000001097e9320: ; implicit exception: dispatches to 0x00000001097eefb0
  0x00000001097e9320: 5f00 40f9 | e303 02aa 

  0x00000001097e9328: ;   {metadata(method data for {method} {0x0000000125d986e8} 'handler$zfl000$porting_lib_base$port_lib$renderTickStart' '(Lorg/spongepowered/asm/mixin/injection/callback/CallbackInfo;)V' in 'net/minecraft/class_310')}
  0x00000001097e9328: 0429 9fd2 | e4ff a6f2 | 6400 c0f2 | 6308 40b9 | 0314 c0f2 | 89c0 0591 | 2801 40f9 | 7f00 08eb 
  0x00000001097e9348: a100 0054 | 88bc 40f9 | 0805 0091 | 88bc 00f9 | 1c00 0014 | 8900 0691 | 2801 40f9 | 7f00 08eb 
  0x00000001097e9368: a100 0054 | 88c4 40f9 | 0805 0091 | 88c4 00f9 | 1400 0014 | 89c0 0591 | 2801 40f9 | c800 00b5 
  0x00000001097e9388: 2301 00f9 | e803 40b2 | 89e0 0591 | 2801 00f9 | 0c00 0014 | 8900 0691 | 2801 40f9 | c800 00b5 
  0x00000001097e93a8: 2301 00f9 | e803 40b2 | 8920 0691 | 2801 00f9 | 0400 0014 | 88b0 40f9 | 0805 0091 | 88b0 00f9 
  0x00000001097e93c8: e103 02aa | 09a4 97d2 | 696a a0f2 | 0914 c0f2 

  0x00000001097e93d8: ; ImmutableOopMap {[304]=Oop [216]=Oop }
                      ;*invokeinterface tick {reexecute=0 rethrow=0 return_oop=0}
                      ; - net.minecraft.class_310::handler$zfl000$porting_lib_base$port_lib$renderTickStart@9 (line 3648)
                      ; - net.minecraft.class_310::method_1523@453 (line 1219)
                      ;   {virtual_call}
  0x00000001097e93d8: faff c697 | e16f 40f9 

  0x00000001097e93e0: ;   {metadata(method data for {method} {0x0000000125dbb038} 'method_1523' '(Z)V' in 'net/minecraft/class_310')}
  0x00000001097e93e0: 025b 93d2 | e2ff a6f2 | 6200 c0f2 | 488c 45f9 | 0805 0091 | 488c 05f9 | e2e3 40b9 | e303 1faa 
  0x00000001097e9400: e16f 40f9 

  0x00000001097e9404: ; ImmutableOopMap {[304]=Oop [216]=Oop }
                      ;*invokespecial handler$ilc000$puzzleslib$runTick$0 {reexecute=0 rethrow=0 return_oop=0}
                      ; - net.minecraft.class_310::method_1523@459 (line 1219)
                      ;   {optimized virtual_call}
  0x00000001097e9404: 1f96 b597 | e16f 40f9 

  0x00000001097e940c: ;   {metadata(method data for {method} {0x0000000125dbb038} 'method_1523' '(Z)V' in 'net/minecraft/class_310')}
  0x00000001097e940c: 005b 93d2 | e0ff a6f2 | 6000 c0f2 | 08a0 45f9 | 0805 0091 | 08a0 05f9 

  0x00000001097e9424: ;   {metadata(method data for {method} {0x0000000125dc4f38} 'modify$lji000$xaerolib$onRenderCall' '(Z)Z' in 'net/minecraft/class_310')}
  0x00000001097e9424: 01b7 9fd2 | e1ff a6f2 | 6100 c0f2 | 20ac 40b9 | 0008 0011 | 20ac 00b9 | 004c 1f12 | 1f00 0071 
  0x00000001097e9444: 80db 0254 

  0x00000001097e9448: ;   {oop(a 'java/lang/Class'{0x0000000729eeac50} = 'xaero/lib/XaeroLib')}
  0x00000001097e9448: 018a 95d2 | c13d a5f2 | e100 c0f2 | 2174 40b9 | 21f0 7dd3 | e003 1faa | 3f00 00eb 

  0x00000001097e9464: ;   {metadata(method data for {method} {0x0000000125dc4f38} 'modify$lji000$xaerolib$onRenderCall' '(Z)Z' in 'net/minecraft/class_310')}
  0x00000001097e9464: 00b7 9fd2 | e0ff a6f2 | 6000 c0f2 | e80f 7cb2 | e903 78b2 | 0201 899a | 0368 62f8 | 6304 0091 
  0x00000001097e9484: 0368 22f8 | 001c 0054 | 0101 00b5 

  0x00000001097e9490: ;   {metadata(method data for {method} {0x0000000125dc4f38} 'modify$lji000$xaerolib$onRenderCall' '(Z)Z' in 'net/minecraft/class_310')}
  0x00000001097e9490: 03b7 9fd2 | e3ff a6f2 | 6300 c0f2 | 6824 4439 | 0801 40b2 | 6824 0439 | 3600 0014 

  0x00000001097e94ac: ;   {metadata('xaero/lib/XaeroLibFabric')}
  0x00000001097e94ac: 024d 83d2 | 4274 a0f2 | 0214 c0f2 | 2808 40b9 | 0814 c0f2 | 1f01 02eb | e104 0054 

  0x00000001097e94c8: ;   {metadata(method data for {method} {0x0000000125dc4f38} 'modify$lji000$xaerolib$onRenderCall' '(Z)Z' in 'net/minecraft/class_310')}
  0x00000001097e94c8: 03b7 9fd2 | e3ff a6f2 | 6300 c0f2 | 2208 40b9 | 0214 c0f2 | 6980 0491 | 2801 40f9 | 5f00 08eb 
  0x00000001097e94e8: a100 0054 | 6894 40f9 | 0805 0091 | 6894 00f9 | 2200 0014 | 69c0 0491 | 2801 40f9 | 5f00 08eb 
  0x00000001097e9508: a100 0054 | 689c 40f9 | 0805 0091 | 689c 00f9 | 1a00 0014 | 6980 0491 | 2801 40f9 | c800 00b5 
  0x00000001097e9528: 2201 00f9 | e803 40b2 | 69a0 0491 | 2801 00f9 | 1200 0014 | 69c0 0491 | 2801 40f9 | c800 00b5 
  0x00000001097e9548: 2201 00f9 | e803 40b2 | 69e0 0491 | 2801 00f9 | 0a00 0014 | 0900 0014 

  0x00000001097e9560: ;   {metadata(method data for {method} {0x0000000125dc4f38} 'modify$lji000$xaerolib$onRenderCall' '(Z)Z' in 'net/minecraft/class_310')}
  0x00000001097e9560: 03b7 9fd2 | e3ff a6f2 | 6300 c0f2 | 6888 40f9 | 0805 00d1 | 6888 00f9 | 9716 0014 | 0100 0014 
  0x00000001097e9580: e003 01aa | e09f 00f9 

  0x00000001097e9588: ; implicit exception: dispatches to 0x00000001097eefdc
  0x00000001097e9588: 1f00 40f9 | e103 00aa 

  0x00000001097e9590: ;   {metadata(method data for {method} {0x0000000125dc4f38} 'modify$lji000$xaerolib$onRenderCall' '(Z)Z' in 'net/minecraft/class_310')}
  0x00000001097e9590: 02b7 9fd2 | e2ff a6f2 | 6200 c0f2 | 48b0 40f9 | 0805 0091 | 48b0 00f9 

  0x00000001097e95a8: ;   {metadata(method data for {method} {0x0000000331cdebb0} 'tryLoadLaterClient' '()V' in 'xaero/lib/XaeroLibFabric')}
  0x00000001097e95a8: 0100 80d2 | 0100 a7f2 | 6100 c0f2 | 22ac 40b9 | 4208 0011 | 22ac 00b9 | 424c 1f12 | 5f00 0071 
  0x00000001097e95c8: c0d0 0254 | 0134 4039 | 3f00 0071 

  0x00000001097e95d4: ;   {metadata(method data for {method} {0x0000000331cdebb0} 'tryLoadLaterClient' '()V' in 'xaero/lib/XaeroLibFabric')}
  0x00000001097e95d4: 0100 80d2 | 0100 a7f2 | 6100 c0f2 | e803 78b2 | e90f 7cb2 | 0211 899a | 2368 62f8 | 6304 0091 
  0x00000001097e95f4: 2368 22f8 | 8110 0054 | e103 0032 | 0134 0039 | e103 00aa 

  0x00000001097e9608: ;   {metadata(method data for {method} {0x0000000331cdebb0} 'tryLoadLaterClient' '()V' in 'xaero/lib/XaeroLibFabric')}
  0x00000001097e9608: 0200 80d2 | 0200 a7f2 | 6200 c0f2 | 2108 40b9 | 0114 c0f2 | 4980 0491 | 2801 40f9 | 3f00 08eb 
  0x00000001097e9628: a100 0054 | 4894 40f9 | 0805 0091 | 4894 00f9 | 1c00 0014 | 49c0 0491 | 2801 40f9 | 3f00 08eb 
  0x00000001097e9648: a100 0054 | 489c 40f9 | 0805 0091 | 489c 00f9 | 1400 0014 | 4980 0491 | 2801 40f9 | c800 00b5 
  0x00000001097e9668: 2101 00f9 | e803 40b2 | 49a0 0491 | 2801 00f9 | 0c00 0014 | 49c0 0491 | 2801 40f9 | c800 00b5 
  0x00000001097e9688: 2101 00f9 | e803 40b2 | 49e0 0491 | 2801 00f9 | 0400 0014 | 4888 40f9 | 0805 0091 | 4888 00f9 
  0x00000001097e96a8: e103 00aa 

  0x00000001097e96ac: ; ImmutableOopMap {[304]=Oop [216]=Oop [312]=Oop }
                      ;*invokevirtual loadCommonLater {reexecute=0 rethrow=0 return_oop=0}
                      ; - xaero.lib.XaeroLibFabric::tryLoadLaterClient@14 (line 34)
                      ; - net.minecraft.class_310::modify$lji000$xaerolib$onRenderCall@12 (line 47009)
                      ; - net.minecraft.class_310::method_1523@468 (line 1219)
                      ;   {optimized virtual_call}
  0x00000001097e96ac: 159e 5595 | e09f 40f9 

  0x00000001097e96b4: ;   {metadata(method data for {method} {0x0000000331cdebb0} 'tryLoadLaterClient' '()V' in 'xaero/lib/XaeroLibFabric')}
  0x00000001097e96b4: 0100 80d2 | 0100 a7f2 | 6100 c0f2 | 0008 40b9 | 0014 c0f2 | 2960 0591 | 2801 40f9 | 1f00 08eb 
  0x00000001097e96d4: a100 0054 | 28b0 40f9 | 0805 0091 | 28b0 00f9 | 1c00 0014 | 29a0 0591 | 2801 40f9 | 1f00 08eb 
  0x00000001097e96f4: a100 0054 | 28b8 40f9 | 0805 0091 | 28b8 00f9 | 1400 0014 | 2960 0591 | 2801 40f9 | c800 00b5 
  0x00000001097e9714: 2001 00f9 | e803 40b2 | 2980 0591 | 2801 00f9 | 0c00 0014 | 29a0 0591 | 2801 40f9 | c800 00b5 
  0x00000001097e9734: 2001 00f9 | e803 40b2 | 29c0 0591 | 2801 00f9 | 0400 0014 | 28a4 40f9 | 0805 0091 | 28a4 00f9 
  0x00000001097e9754: ;   {metadata(method data for {method} {0x0000000331ce0068} 'loadClientLater' '()V' in 'xaero/lib/XaeroLib')}
  0x00000001097e9754: 0197 80d2 | 0100 a7f2 | 6100 c0f2 | 20ac 40b9 | 0008 0011 | 20ac 00b9 | 004c 1f12 | 1f00 0071 
  0x00000001097e9774: 60c4 0254 | e09f 40f9 | 0110 40b9 | 21f0 7dd3 

  0x00000001097e9784: ; implicit exception: dispatches to 0x00000001097ef020
  0x00000001097e9784: 3f00 40f9 | e203 01aa 

  0x00000001097e978c: ;   {metadata(method data for {method} {0x0000000331ce0068} 'loadClientLater' '()V' in 'xaero/lib/XaeroLib')}
  0x00000001097e978c: 0397 80d2 | 0300 a7f2 | 6300 c0f2 

  0x00000001097e9798: ;   {metadata('xaero/lib/client/XaeroLibClient')}
  0x00000001097e9798: 08b3 8cd2 | 8874 a0f2 | 0814 c0f2 | 6900 0491 | 2801 00f9 | 6884 40f9 | 0805 0091 | 6884 00f9 
  0x00000001097e97b8: ; ImmutableOopMap {[304]=Oop [216]=Oop [312]=Oop }
                      ;*invokevirtual loadLater {reexecute=0 rethrow=0 return_oop=0}
                      ; - xaero.lib.XaeroLib::loadClientLater@4 (line 96)
                      ; - xaero.lib.XaeroLibFabric::tryLoadLaterClient@18 (line 35)
                      ; - net.minecraft.class_310::modify$lji000$xaerolib$onRenderCall@12 (line 47009)
                      ; - net.minecraft.class_310::method_1523@468 (line 1219)
                      ;   {optimized virtual_call}
  0x00000001097e97b8: d29d 5595 | e103 0032 | e09f 40f9 | 0130 0039 | 0120 40b9 | 21f0 7dd3 

  0x00000001097e97d0: ; implicit exception: dispatches to 0x00000001097ef024
  0x00000001097e97d0: 3f00 40f9 | e003 01aa 

  0x00000001097e97d8: ;   {metadata(method data for {method} {0x0000000331cdebb0} 'tryLoadLaterClient' '()V' in 'xaero/lib/XaeroLibFabric')}
  0x00000001097e97d8: 0200 80d2 | 0200 a7f2 | 6200 c0f2 

  0x00000001097e97e4: ;   {metadata('xaero/lib/client/XaeroLibClientFabric')}
  0x00000001097e97e4: 08c7 83d2 | a874 a0f2 | 0814 c0f2 | 4940 0691 | 2801 00f9 | 48cc 40f9 | 0805 0091 | 48cc 00f9 
  0x00000001097e9804: ; ImmutableOopMap {[304]=Oop [216]=Oop }
                      ;*invokevirtual loadLater {reexecute=0 rethrow=0 return_oop=0}
                      ; - xaero.lib.XaeroLibFabric::tryLoadLaterClient@25 (line 36)
                      ; - net.minecraft.class_310::modify$lji000$xaerolib$onRenderCall@12 (line 47009)
                      ; - net.minecraft.class_310::method_1523@468 (line 1219)
                      ;   {optimized virtual_call}
  0x00000001097e9804: bf9d 5595 | e2e3 40b9 | 4000 0012 | e02f 01b9 | e16f 40f9 

  0x00000001097e9818: ;   {metadata(method data for {method} {0x0000000125dbb038} 'method_1523' '(Z)V' in 'net/minecraft/class_310')}
  0x00000001097e9818: 035b 93d2 | e3ff a6f2 | 6300 c0f2 | 68bc 45f9 | 0805 0091 | 68bc 05f9 

  0x00000001097e9830: ;   {metadata(method data for {method} {0x0000000125dc5bc0} 'modify$lll001$xaeroworldmap$onRenderCall' '(Z)Z' in 'net/minecraft/class_310')}
  0x00000001097e9830: 0125 81d2 | 0100 a7f2 | 6100 c0f2 | 23ac 40b9 | 6308 0011 | 23ac 00b9 | 634c 1f12 | 7f00 0071 
  0x00000001097e9850: c0be 0254 

  0x00000001097e9854: ;   {oop(a 'java/lang/Class'{0x0000000729f02a48} = 'xaero/map/WorldMap')}
  0x00000001097e9854: 0149 85d2 | 013e a5f2 | e100 c0f2 | 2174 40b9 | 21f0 7dd3 | e303 1faa | 3f00 03eb 

  0x00000001097e9870: ;   {metadata(method data for {method} {0x0000000125dc5bc0} 'modify$lll001$xaeroworldmap$onRenderCall' '(Z)Z' in 'net/minecraft/class_310')}
  0x00000001097e9870: 0325 81d2 | 0300 a7f2 | 6300 c0f2 | e80f 7cb2 | e903 78b2 | 0401 899a | 6568 64f8 | a504 0091 
  0x00000001097e9890: 6568 24f8 | e008 0054 | 0101 00b5 

  0x00000001097e989c: ;   {metadata(method data for {method} {0x0000000125dc5bc0} 'modify$lll001$xaeroworldmap$onRenderCall' '(Z)Z' in 'net/minecraft/class_310')}
  0x00000001097e989c: 0525 81d2 | 0500 a7f2 | 6500 c0f2 | a824 4439 | 0801 40b2 | a824 0439 | 3600 0014 

  0x00000001097e98b8: ;   {metadata('xaero/map/WorldMapFabric')}
  0x00000001097e98b8: 0400 80d2 | 6475 a0f2 | 0414 c0f2 | 2808 40b9 | 0814 c0f2 | 1f01 04eb | e104 0054 

  0x00000001097e98d4: ;   {metadata(method data for {method} {0x0000000125dc5bc0} 'modify$lll001$xaeroworldmap$onRenderCall' '(Z)Z' in 'net/minecraft/class_310')}
  0x00000001097e98d4: 0525 81d2 | 0500 a7f2 | 6500 c0f2 | 2408 40b9 | 0414 c0f2 | a980 0491 | 2801 40f9 | 9f00 08eb 
  0x00000001097e98f4: a100 0054 | a894 40f9 | 0805 0091 | a894 00f9 | 2200 0014 | a9c0 0491 | 2801 40f9 | 9f00 08eb 
  0x00000001097e9914: a100 0054 | a89c 40f9 | 0805 0091 | a89c 00f9 | 1a00 0014 | a980 0491 | 2801 40f9 | c800 00b5 
  0x00000001097e9934: 2401 00f9 | e803 40b2 | a9a0 0491 | 2801 00f9 | 1200 0014 | a9c0 0491 | 2801 40f9 | c800 00b5 
  0x00000001097e9954: 2401 00f9 | e803 40b2 | a9e0 0491 | 2801 00f9 | 0a00 0014 | 0900 0014 

  0x00000001097e996c: ;   {metadata(method data for {method} {0x0000000125dc5bc0} 'modify$lll001$xaeroworldmap$onRenderCall' '(Z)Z' in 'net/minecraft/class_310')}
  0x00000001097e996c: 0525 81d2 | 0500 a7f2 | 6500 c0f2 | a888 40f9 | 0805 00d1 | a888 00f9 | b115 0014 | 0100 0014 
  0x00000001097e998c: ; implicit exception: dispatches to 0x00000001097ef050
  0x00000001097e998c: 3f00 40f9 | e303 01aa 

  0x00000001097e9994: ;   {metadata(method data for {method} {0x0000000125dc5bc0} 'modify$lll001$xaeroworldmap$onRenderCall' '(Z)Z' in 'net/minecraft/class_310')}
  0x00000001097e9994: 0425 81d2 | 0400 a7f2 | 6400 c0f2 | 88b0 40f9 | 0805 0091 | 88b0 00f9 

  0x00000001097e99ac: ; ImmutableOopMap {[304]=Oop [216]=Oop }
                      ;*invokevirtual tryLoadLater {reexecute=0 rethrow=0 return_oop=0}
                      ; - net.minecraft.class_310::modify$lll001$xaeroworldmap$onRenderCall@12 (line 49067)
                      ; - net.minecraft.class_310::method_1523@476 (line 1219)
                      ;   {optimized virtual_call}
  0x00000001097e99ac: a503 a497 

  0x00000001097e99b0: ;   {metadata(method data for {method} {0x0000000125dc5bc0} 'modify$lll001$xaeroworldmap$onRenderCall' '(Z)Z' in 'net/minecraft/class_310')}
  0x00000001097e99b0: 0225 81d2 | 0200 a7f2 | 6200 c0f2 | 48c0 40f9 | 0805 0091 | 48c0 00f9 

  0x00000001097e99c8: ;   {metadata(method data for {method} {0x000000033601d058} 'onRenderCall' '(Z)Z' in 'xaero/map/core/XaeroWorldMapCore')}
  0x00000001097e99c8: 0260 81d2 | 0200 a7f2 | 6200 c0f2 | 41ac 40b9 | 2108 0011 | 41ac 00b9 | 214c 1f12 | 3f00 0071 
  0x00000001097e99e8: 60b3 0254 

  0x00000001097e99ec: ;   {oop(a 'java/lang/Class'{0x0000000729f02a48} = 'xaero/map/WorldMap')}
  0x00000001097e99ec: 0249 85d2 | 023e a5f2 | e200 c0f2 | 42c0 4439 | 5f00 0071 

  0x00000001097e9a00: ;   {metadata(method data for {method} {0x000000033601d058} 'onRenderCall' '(Z)Z' in 'xaero/map/core/XaeroWorldMapCore')}
  0x00000001097e9a00: 0260 81d2 | 0200 a7f2 | 6200 c0f2 | e80f 7cb2 | e903 78b2 | 0111 899a | 4068 61f8 | 0004 0091 
  0x00000001097e9a20: 4068 21f8 | 8100 0054 | e02f 41b9 | 0200 0012 | 4200 0014 

  0x00000001097e9a34: ;   {oop(a 'java/lang/Class'{0x0000000729f02a48} = 'xaero/map/WorldMap')}
  0x00000001097e9a34: 0249 85d2 | 023e a5f2 | e200 c0f2 | 4188 40b9 | 21f0 7dd3 

  0x00000001097e9a48: ; implicit exception: dispatches to 0x00000001097ef074
  0x00000001097e9a48: 3f00 40f9 | e203 01aa 

  0x00000001097e9a50: ;   {metadata(method data for {method} {0x000000033601d058} 'onRenderCall' '(Z)Z' in 'xaero/map/core/XaeroWorldMapCore')}
  0x00000001097e9a50: 0360 81d2 | 0300 a7f2 | 6300 c0f2 | 4208 40b9 | 0214 c0f2 | 6980 0491 | 2801 40f9 | 5f00 08eb 
  0x00000001097e9a70: a100 0054 | 6894 40f9 | 0805 0091 | 6894 00f9 | 1c00 0014 | 69c0 0491 | 2801 40f9 | 5f00 08eb 
  0x00000001097e9a90: a100 0054 | 689c 40f9 | 0805 0091 | 689c 00f9 | 1400 0014 | 6980 0491 | 2801 40f9 | c800 00b5 
  0x00000001097e9ab0: 2201 00f9 | e803 40b2 | 69a0 0491 | 2801 00f9 | 0c00 0014 | 69c0 0491 | 2801 40f9 | c800 00b5 
  0x00000001097e9ad0: 2201 00f9 | e803 40b2 | 69e0 0491 | 2801 00f9 | 0400 0014 | 6888 40f9 | 0805 0091 | 6888 00f9 
  0x00000001097e9af0: e203 0032 

  0x00000001097e9af4: ; ImmutableOopMap {[304]=Oop [216]=Oop }
                      ;*invokevirtual handleRenderTick {reexecute=0 rethrow=0 return_oop=0}
                      ; - xaero.map.core.XaeroWorldMapCore::onRenderCall@12 (line 205)
                      ; - net.minecraft.class_310::modify$lll001$xaeroworldmap$onRenderCall@16 (line 49068)
                      ; - net.minecraft.class_310::method_1523@476 (line 1219)
                      ;   {optimized virtual_call}
  0x00000001097e9af4: 1f1a 0094 | 1f00 0071 

  0x00000001097e9afc: ;   {metadata(method data for {method} {0x000000033601d058} 'onRenderCall' '(Z)Z' in 'xaero/map/core/XaeroWorldMapCore')}
  0x00000001097e9afc: 0160 81d2 | 0100 a7f2 | 6100 c0f2 | 0829 80d2 | 092b 80d2 | 0001 899a | 2268 60f8 | 4204 0091 
  0x00000001097e9b1c: 2268 20f8 | 6000 0054 | 0200 a052 | 0400 0014 | e02f 41b9 | 0100 0012 | e203 01aa | 4000 0012 
  0x00000001097e9b3c: e043 01b9 | e16f 40f9 | e303 01aa 

  0x00000001097e9b48: ;   {metadata(method data for {method} {0x0000000125dbb038} 'method_1523' '(Z)V' in 'net/minecraft/class_310')}
  0x00000001097e9b48: 045b 93d2 | e4ff a6f2 | 6400 c0f2 | 88cc 45f9 | 0805 0091 | 88cc 05f9 

  0x00000001097e9b60: ;   {metadata(method data for {method} {0x0000000125dc5f68} 'handler$mdh001$preRender' '(ZLorg/spongepowered/asm/mixin/injection/callback/CallbackInfo;)V' in 'net/minecraft/class_310')}
  0x00000001097e9b60: 0395 81d2 | 0300 a7f2 | 6300 c0f2 | 64ac 40b9 | 8408 0011 | 64ac 00b9 | 844c 1f12 | 9f00 0071 
  0x00000001097e9b80: c0a7 0254 

  0x00000001097e9b84: ;   {oop(a 'com/replaymod/lib/de/johni0702/minecraft/gui/utils/Event'{0x0000000707016aa8})}
  0x00000001097e9b84: 0355 8dd2 | 23e0 a0f2 | e300 c0f2 | e403 03aa 

  0x00000001097e9b94: ;   {metadata(method data for {method} {0x0000000125dc5f68} 'handler$mdh001$preRender' '(ZLorg/spongepowered/asm/mixin/injection/callback/CallbackInfo;)V' in 'net/minecraft/class_310')}
  0x00000001097e9b94: 0595 81d2 | 0500 a7f2 | 6500 c0f2 | a884 40f9 | 0805 0091 | a884 00f9 

  0x00000001097e9bac: ; implicit exception: dispatches to 0x00000001097ef098
  0x00000001097e9bac: 630c 40b9 | 63f0 7dd3 | 0301 00b5 

  0x00000001097e9bb8: ;   {metadata(method data for {method} {0x0000000125dc5f68} 'handler$mdh001$preRender' '(ZLorg/spongepowered/asm/mixin/injection/callback/CallbackInfo;)V' in 'net/minecraft/class_310')}
  0x00000001097e9bb8: 0695 81d2 | 0600 a7f2 | 6600 c0f2 | c884 4439 | 0801 40b2 | c884 0439 | 3d00 0014 

  0x00000001097e9bd4: ;   {metadata('com/replaymod/core/events/PreRenderCallback')}
  0x00000001097e9bd4: 0594 80d2 | e572 a0f2 | 0514 c0f2 | 6608 40b9 | 0614 c0f2 | c810 40f9 | bf00 08eb | e000 0054 
  0x00000001097e9bf4: df00 05eb | a000 0054 | e617 bfa9 

  0x00000001097e9c00: ;   {runtime_call slow_subtype_check Runtime1 stub}
  0x00000001097e9c00: 8069 5895 | e607 41f8 | e604 0034 

  0x00000001097e9c0c: ;   {metadata(method data for {method} {0x0000000125dc5f68} 'handler$mdh001$preRender' '(ZLorg/spongepowered/asm/mixin/injection/callback/CallbackInfo;)V' in 'net/minecraft/class_310')}
  0x00000001097e9c0c: 0695 81d2 | 0600 a7f2 | 6600 c0f2 | 6508 40b9 | 0514 c0f2 | c9e0 0491 | 2801 40f9 | bf00 08eb 
  0x00000001097e9c2c: a100 0054 | c8a0 40f9 | 0805 0091 | c8a0 00f9 | 2200 0014 | c920 0591 | 2801 40f9 | bf00 08eb 
  0x00000001097e9c4c: a100 0054 | c8a8 40f9 | 0805 0091 | c8a8 00f9 | 1a00 0014 | c9e0 0491 | 2801 40f9 | c800 00b5 
  0x00000001097e9c6c: 2501 00f9 | e803 40b2 | c900 0591 | 2801 00f9 | 1200 0014 | c920 0591 | 2801 40f9 | c800 00b5 
  0x00000001097e9c8c: 2501 00f9 | e803 40b2 | c940 0591 | 2801 00f9 | 0a00 0014 | 0900 0014 

  0x00000001097e9ca4: ;   {metadata(method data for {method} {0x0000000125dc5f68} 'handler$mdh001$preRender' '(ZLorg/spongepowered/asm/mixin/injection/callback/CallbackInfo;)V' in 'net/minecraft/class_310')}
  0x00000001097e9ca4: 0695 81d2 | 0600 a7f2 | 6600 c0f2 | c894 40f9 | 0805 00d1 | c894 00f9 | f814 0014 | 0100 0014 
  0x00000001097e9cc4: ; implicit exception: dispatches to 0x00000001097ef0a4
  0x00000001097e9cc4: 7f00 40f9 | e403 03aa 

  0x00000001097e9ccc: ;   {metadata(method data for {method} {0x0000000125dc5f68} 'handler$mdh001$preRender' '(ZLorg/spongepowered/asm/mixin/injection/callback/CallbackInfo;)V' in 'net/minecraft/class_310')}
  0x00000001097e9ccc: 0595 81d2 | 0500 a7f2 | 6500 c0f2 | 8408 40b9 | 0414 c0f2 | a9c0 0591 | 2801 40f9 | 9f00 08eb 
  0x00000001097e9cec: a100 0054 | a8bc 40f9 | 0805 0091 | a8bc 00f9 | 1c00 0014 | a900 0691 | 2801 40f9 | 9f00 08eb 
  0x00000001097e9d0c: a100 0054 | a8c4 40f9 | 0805 0091 | a8c4 00f9 | 1400 0014 | a9c0 0591 | 2801 40f9 | c800 00b5 
  0x00000001097e9d2c: 2401 00f9 | e803 40b2 | a9e0 0591 | 2801 00f9 | 0c00 0014 | a900 0691 | 2801 40f9 | c800 00b5 
  0x00000001097e9d4c: 2401 00f9 | e803 40b2 | a920 0691 | 2801 00f9 | 0400 0014 | a8b0 40f9 | 0805 0091 | a8b0 00f9 
  0x00000001097e9d6c: e103 03aa | 0964 81d2 | e972 a0f2 | 0914 c0f2 

  0x00000001097e9d7c: ; ImmutableOopMap {[216]=Oop [304]=Oop }
                      ;*invokeinterface preRender {reexecute=0 rethrow=0 return_oop=0}
                      ; - net.minecraft.class_310::handler$mdh001$preRender@9 (line 50054)
                      ; - net.minecraft.class_310::method_1523@482 (line 1219)
                      ;   {virtual_call}
  0x00000001097e9d7c: b19e c797 | e09b 40f9 

  0x00000001097e9d84: ; implicit exception: dispatches to 0x00000001097ef0a8
  0x00000001097e9d84: 1f00 40f9 | e203 00aa 

  0x00000001097e9d8c: ;   {metadata(method data for {method} {0x0000000125dbb038} 'method_1523' '(Z)V' in 'net/minecraft/class_310')}
  0x00000001097e9d8c: 035b 93d2 | e3ff a6f2 | 6300 c0f2 | 68e0 45f9 | 0805 0091 | 68e0 05f9 | e0db 41bd | e277 40f9 
  0x00000001097e9dac: e343 41b9 | e103 00aa 

  0x00000001097e9db4: ; ImmutableOopMap {[216]=Oop }
                      ;*invokevirtual method_3192 {reexecute=0 rethrow=0 return_oop=0}
                      ; - net.minecraft.class_310::method_1523@485 (line 1219)
                      ;   {optimized virtual_call}
  0x00000001097e9db4: 8719 0094 | e16f 40f9 

  0x00000001097e9dbc: ;   {metadata(method data for {method} {0x0000000125dbb038} 'method_1523' '(Z)V' in 'net/minecraft/class_310')}
  0x00000001097e9dbc: 025b 93d2 | e2ff a6f2 | 6200 c0f2 | 48f0 45f9 | 0805 0091 | 48f0 05f9 | e2e3 40b9 | e303 1faa 
  0x00000001097e9ddc: e16f 40f9 

  0x00000001097e9de0: ; ImmutableOopMap {[216]=Oop }
                      ;*invokespecial handler$ilc000$puzzleslib$runTick$1 {reexecute=0 rethrow=0 return_oop=0}
                      ; - net.minecraft.class_310::method_1523@491 (line 1219)
                      ;   {optimized virtual_call}
  0x00000001097e9de0: e8d8 b297 | e16f 40f9 

  0x00000001097e9de8: ;   {metadata(method data for {method} {0x0000000125dbb038} 'method_1523' '(Z)V' in 'net/minecraft/class_310')}
  0x00000001097e9de8: 005b 93d2 | e0ff a6f2 | 6000 c0f2 | 08f8 45f9 | 0805 0091 | 08f8 05f9 

  0x00000001097e9e00: ;   {metadata(method data for {method} {0x0000000125dc6068} 'handler$mdh001$postRender' '(ZLorg/spongepowered/asm/mixin/injection/callback/CallbackInfo;)V' in 'net/minecraft/class_310')}
  0x00000001097e9e00: 01df 85d2 | 0100 a7f2 | 6100 c0f2 | 20ac 40b9 | 0008 0011 | 20ac 00b9 | 004c 1f12 | 1f00 0071 
  0x00000001097e9e20: 6094 0254 

  0x00000001097e9e24: ;   {oop(a 'com/replaymod/lib/de/johni0702/minecraft/gui/utils/Event'{0x0000000707016c68})}
  0x00000001097e9e24: 018d 8dd2 | 21e0 a0f2 | e100 c0f2 | e003 01aa 

  0x00000001097e9e34: ;   {metadata(method data for {method} {0x0000000125dc6068} 'handler$mdh001$postRender' '(ZLorg/spongepowered/asm/mixin/injection/callback/CallbackInfo;)V' in 'net/minecraft/class_310')}
  0x00000001097e9e34: 02df 85d2 | 0200 a7f2 | 6200 c0f2 | 4884 40f9 | 0805 0091 | 4884 00f9 

  0x00000001097e9e4c: ; implicit exception: dispatches to 0x00000001097ef0cc
  0x00000001097e9e4c: 210c 40b9 | 21f0 7dd3 | 0101 00b5 

  0x00000001097e9e58: ;   {metadata(method data for {method} {0x0000000125dc6068} 'handler$mdh001$postRender' '(ZLorg/spongepowered/asm/mixin/injection/callback/CallbackInfo;)V' in 'net/minecraft/class_310')}
  0x00000001097e9e58: 03df 85d2 | 0300 a7f2 | 6300 c0f2 | 6884 4439 | 0801 40b2 | 6884 0439 | 3d00 0014 

  0x00000001097e9e74: ;   {metadata('com/replaymod/core/events/PostRenderCallback')}
  0x00000001097e9e74: 02ab 9fd2 | 0273 a0f2 | 0214 c0f2 | 2308 40b9 | 0314 c0f2 | 6810 40f9 | 5f00 08eb | e000 0054 
  0x00000001097e9e94: 7f00 02eb | a000 0054 | e30b bfa9 

  0x00000001097e9ea0: ;   {runtime_call slow_subtype_check Runtime1 stub}
  0x00000001097e9ea0: d868 5895 | e307 41f8 | e304 0034 

  0x00000001097e9eac: ;   {metadata(method data for {method} {0x0000000125dc6068} 'handler$mdh001$postRender' '(ZLorg/spongepowered/asm/mixin/injection/callback/CallbackInfo;)V' in 'net/minecraft/class_310')}
  0x00000001097e9eac: 03df 85d2 | 0300 a7f2 | 6300 c0f2 | 2208 40b9 | 0214 c0f2 | 69e0 0491 | 2801 40f9 | 5f00 08eb 
  0x00000001097e9ecc: a100 0054 | 68a0 40f9 | 0805 0091 | 68a0 00f9 | 2200 0014 | 6920 0591 | 2801 40f9 | 5f00 08eb 
  0x00000001097e9eec: a100 0054 | 68a8 40f9 | 0805 0091 | 68a8 00f9 | 1a00 0014 | 69e0 0491 | 2801 40f9 | c800 00b5 
  0x00000001097e9f0c: 2201 00f9 | e803 40b2 | 6900 0591 | 2801 00f9 | 1200 0014 | 6920 0591 | 2801 40f9 | c800 00b5 
  0x00000001097e9f2c: 2201 00f9 | e803 40b2 | 6940 0591 | 2801 00f9 | 0a00 0014 | 0900 0014 

  0x00000001097e9f44: ;   {metadata(method data for {method} {0x0000000125dc6068} 'handler$mdh001$postRender' '(ZLorg/spongepowered/asm/mixin/injection/callback/CallbackInfo;)V' in 'net/minecraft/class_310')}
  0x00000001097e9f44: 03df 85d2 | 0300 a7f2 | 6300 c0f2 | 6894 40f9 | 0805 00d1 | 6894 00f9 | 5d14 0014 | 0100 0014 
  0x00000001097e9f64: ; implicit exception: dispatches to 0x00000001097ef0d8
  0x00000001097e9f64: 3f00 40f9 | e003 01aa 

  0x00000001097e9f6c: ;   {metadata(method data for {method} {0x0000000125dc6068} 'handler$mdh001$postRender' '(ZLorg/spongepowered/asm/mixin/injection/callback/CallbackInfo;)V' in 'net/minecraft/class_310')}
  0x00000001097e9f6c: 02df 85d2 | 0200 a7f2 | 6200 c0f2 | 0008 40b9 | 0014 c0f2 | 49c0 0591 | 2801 40f9 | 1f00 08eb 
  0x00000001097e9f8c: a100 0054 | 48bc 40f9 | 0805 0091 | 48bc 00f9 | 1c00 0014 | 4900 0691 | 2801 40f9 | 1f00 08eb 
  0x00000001097e9fac: a100 0054 | 48c4 40f9 | 0805 0091 | 48c4 00f9 | 1400 0014 | 49c0 0591 | 2801 40f9 | c800 00b5 
  0x00000001097e9fcc: 2001 00f9 | e803 40b2 | 49e0 0591 | 2801 00f9 | 0c00 0014 | 4900 0691 | 2801 40f9 | c800 00b5 
  0x00000001097e9fec: 2001 00f9 | e803 40b2 | 4920 0691 | 2801 00f9 | 0400 0014 | 48b0 40f9 | 0805 0091 | 48b0 00f9 
  0x00000001097ea00c: 0949 80d2 | 2973 a0f2 | 0914 c0f2 

  0x00000001097ea018: ; ImmutableOopMap {[216]=Oop }
                      ;*invokeinterface postRender {reexecute=0 rethrow=0 return_oop=0}
                      ; - net.minecraft.class_310::handler$mdh001$postRender@9 (line 50062)
                      ; - net.minecraft.class_310::method_1523@497 (line 1219)
                      ;   {virtual_call}
  0x00000001097ea018: eaa2 bf97 | e16f 40f9 | 23a8 41b9 | 63f0 7dd3 | 4301 00b4 

  0x00000001097ea02c: ;   {metadata('net/minecraft/class_3694')}
  0x00000001097ea02c: 0a88 97d2 | 2a36 a0f2 | 0a14 c0f2 | 6b08 40b9 | 0b14 c0f2 | 681d 40f9 | 5f01 08eb | a184 0254 
  0x00000001097ea04c: 0100 0014 | e003 03aa 

  0x00000001097ea054: ; implicit exception: dispatches to 0x00000001097ef0e0
  0x00000001097ea054: 7f00 40f9 

  0x00000001097ea058: ;   {metadata(method data for {method} {0x0000000125dbb038} 'method_1523' '(Z)V' in 'net/minecraft/class_310')}
  0x00000001097ea058: 005b 93d2 | e0ff a6f2 | 6000 c0f2 | 080c 46f9 | 0805 0091 | 080c 06f9 

  0x00000001097ea070: ;   {metadata(method data for {method} {0x0000000125e9faa0} 'method_15407' '()V' in 'net/minecraft/class_3694')}
  0x00000001097ea070: 03ed 92d2 | 83f0 a6f2 | 6300 c0f2 | 60ac 40b9 | 0008 0011 | 60ac 00b9 | 004c 1f12 | 1f00 0071 
  0x00000001097ea090: a082 0254 | 23b0 41b9 | 63f0 7dd3 | e003 1faa | 7f00 00eb 

  0x00000001097ea0a4: ;   {metadata(method data for {method} {0x0000000125dbb038} 'method_1523' '(Z)V' in 'net/minecraft/class_310')}
  0x00000001097ea0a4: 035b 93d2 | e3ff a6f2 | 6300 c0f2 | 0887 81d2 | 0989 81d2 | 0001 899a | 6468 60f8 | 8404 0091 
  0x00000001097ea0c4: 6468 20f8 | e01a 0054 | 23a8 41b9 | 63f0 7dd3 | 4301 00b4 

  0x00000001097ea0d8: ;   {metadata('net/minecraft/class_3694')}
  0x00000001097ea0d8: 0a88 97d2 | 2a36 a0f2 | 0a14 c0f2 | 6b08 40b9 | 0b14 c0f2 | 681d 40f9 | 5f01 08eb | 8180 0254 
  0x00000001097ea0f8: 0100 0014 | e003 03aa 

  0x00000001097ea100: ; implicit exception: dispatches to 0x00000001097ef108
  0x00000001097ea100: 7f00 40f9 

  0x00000001097ea104: ;   {metadata(method data for {method} {0x0000000125dbb038} 'method_1523' '(Z)V' in 'net/minecraft/class_310')}
  0x00000001097ea104: 005b 93d2 | e0ff a6f2 | 6000 c0f2 

  0x00000001097ea110: ;   {metadata('net/minecraft/class_3694')}
  0x00000001097ea110: 0888 97d2 | 2836 a0f2 | 0814 c0f2 | 09a0 3191 | 2801 00f9 | 0838 46f9 | 0805 0091 | 0838 06f9 
  0x00000001097ea130: ;   {metadata(method data for {method} {0x0000000125e9f888} 'method_15396' '(Ljava/lang/String;)V' in 'net/minecraft/class_3694')}
  0x00000001097ea130: 036f 91d2 | 83f0 a6f2 | 6300 c0f2 | 60ac 40b9 | 0008 0011 | 60ac 00b9 | 004c 1f12 | 1f00 0071 
  0x00000001097ea150: e07d 0254 

  0x00000001097ea154: ; ImmutableOopMap {c_rarg1=Oop [216]=Oop }
                      ;*new {reexecute=0 rethrow=0 return_oop=0}
                      ; - net.minecraft.class_310::method_1523@528 (line 1225)
                      ;   {runtime_call load_mirror_patching Runtime1 stub}
  0x00000001097ea154: 2b6e 5895 | 8087 40f9 | 0bc0 0091 | 888f 40f9 | 7f01 08eb | 287e 0254 | 8b87 00f9 | ea03 40b2 
  0x00000001097ea174: 0a00 00f9 | ea03 032a | 0a7c 0129 | 0a40 0091 | 5f7d 00a9 | 5f7d 01a9 | bf3a 03d5 | 228c 40b9 
  0x00000001097ea194: 42f0 7dd3 

  0x00000001097ea198: ; implicit exception: dispatches to 0x00000001097ef134
  0x00000001097ea198: 5f00 40f9 | e303 02aa 

  0x00000001097ea1a0: ;   {metadata(method data for {method} {0x0000000125dbb038} 'method_1523' '(Z)V' in 'net/minecraft/class_310')}
  0x00000001097ea1a0: 045b 93d2 | e4ff a6f2 | 6400 c0f2 

  0x00000001097ea1ac: ;   {metadata('net/minecraft/class_4599')}
  0x00000001097ea1ac: 086d 87d2 | 4877 a0f2 | 0814 c0f2 | 8980 3291 | 2801 00f9 | 8854 46f9 | 0805 0091 | 8854 06f9 
  0x00000001097ea1cc: e103 02aa | e0a7 00f9 

  0x00000001097ea1d4: ; ImmutableOopMap {[216]=Oop [328]=Oop }
                      ;*invokevirtual method_23000 {reexecute=0 rethrow=0 return_oop=0}
                      ; - net.minecraft.class_310::method_1523@537 (line 1225)
                      ;   {optimized virtual_call}
  0x00000001097ea1d4: 4b9b 5595 | e3a7 40f9 

  0x00000001097ea1dc: ;   {metadata(method data for {method} {0x0000000125dbb038} 'method_1523' '(Z)V' in 'net/minecraft/class_310')}
  0x00000001097ea1dc: 045b 93d2 | e4ff a6f2 | 6400 c0f2 | 8864 46f9 | 0805 0091 | 8864 06f9 

  0x00000001097ea1f4: ;   {metadata(method data for {method} {0x000000032ab05a80} '<init>' '(Lnet/minecraft/class_310;Lnet/minecraft/class_4597$class_4598;)V' in 'net/minecraft/class_332')}
  0x00000001097ea1f4: 031c 86d2 | 0300 a7f2 | 6300 c0f2 | 64ac 40b9 | 8408 0011 | 64ac 00b9 | 844c 1f12 | 9f00 0071 
  0x00000001097ea214: 2079 0254 

  0x00000001097ea218: ;   {metadata('net/minecraft/class_4587')}
  0x00000001097ea218: 0300 9ad2 | c335 a0f2 | 0314 c0f2 | e0af 00f9 | 8087 40f9 | 0ba0 0091 | 888f 40f9 | 7f01 08eb 
  0x00000001097ea238: 0879 0254 | 8b87 00f9 | ea03 40b2 | 0a00 00f9 | ea03 032a | 0a7c 0129 | 0a40 0091 | 5f01 00f9 
  0x00000001097ea258: 5ffd 00a9 | bf3a 03d5 | e103 00aa 

  0x00000001097ea264: ;   {metadata(method data for {method} {0x000000032ab05a80} '<init>' '(Lnet/minecraft/class_310;Lnet/minecraft/class_4597$class_4598;)V' in 'net/minecraft/class_332')}
  0x00000001097ea264: 031c 86d2 | 0300 a7f2 | 6300 c0f2 | 6878 40f9 | 0805 0091 | 6878 00f9 | e103 00aa | e0ab 00f9 
  0x00000001097ea284: ; ImmutableOopMap {[216]=Oop [328]=Oop [336]=Oop [344]=Oop }
                      ;*invokespecial <init> {reexecute=0 rethrow=0 return_oop=0}
                      ; - net.minecraft.class_332::<init>@6 (line 80)
                      ; - net.minecraft.class_310::method_1523@540 (line 1225)
                      ;   {optimized virtual_call}
  0x00000001097ea284: 1f9b 5595 | e0a7 40f9 

  0x00000001097ea28c: ;   {metadata(method data for {method} {0x000000032ab05a80} '<init>' '(Lnet/minecraft/class_310;Lnet/minecraft/class_4597$class_4598;)V' in 'net/minecraft/class_332')}
  0x00000001097ea28c: 021c 86d2 | 0200 a7f2 | 6200 c0f2 | 4880 40f9 | 0805 0091 | 4880 00f9 | e26f 40f9 | e313 55a9 
  0x00000001097ea2ac: e1a7 40f9 

  0x00000001097ea2b0: ; ImmutableOopMap {[216]=Oop [328]=Oop }
                      ;*invokespecial <init> {reexecute=0 rethrow=0 return_oop=0}
                      ; - net.minecraft.class_332::<init>@10 (line 80)
                      ; - net.minecraft.class_310::method_1523@540 (line 1225)
                      ;   {optimized virtual_call}
  0x00000001097ea2b0: 149b 5595 | e16f 40f9 | 23b0 41b9 | 63f0 7dd3 | e203 01aa 

  0x00000001097ea2c4: ;   {metadata(method data for {method} {0x0000000125dbb038} 'method_1523' '(Z)V' in 'net/minecraft/class_310')}
  0x00000001097ea2c4: 005b 93d2 | e0ff a6f2 | 6000 c0f2 | 086c 46f9 | 0805 0091 | 086c 06f9 | e2a7 40f9 | e003 01aa 
  0x00000001097ea2e4: e103 00aa 

  0x00000001097ea2e8: ; ImmutableOopMap {[328]=Oop [216]=Oop }
                      ;*invokevirtual method_1492 {reexecute=0 rethrow=0 return_oop=0}
                      ; - net.minecraft.class_310::method_1523@552 (line 1226)
                      ;   {optimized virtual_call}
  0x00000001097ea2e8: 069b 5595 | e0a7 40f9 

  0x00000001097ea2f0: ;   {metadata(method data for {method} {0x0000000125dbb038} 'method_1523' '(Z)V' in 'net/minecraft/class_310')}
  0x00000001097ea2f0: 015b 93d2 | e1ff a6f2 | 6100 c0f2 | 0008 40b9 | 0014 c0f2 | 2980 3491 | 2801 40f9 | 1f00 08eb 
  0x00000001097ea310: a100 0054 | 2894 46f9 | 0805 0091 | 2894 06f9 | 1c00 0014 | 29c0 3491 | 2801 40f9 | 1f00 08eb 
  0x00000001097ea330: a100 0054 | 289c 46f9 | 0805 0091 | 289c 06f9 | 1400 0014 | 2980 3491 | 2801 40f9 | c800 00b5 
  0x00000001097ea350: 2001 00f9 | e803 40b2 | 29a0 3491 | 2801 00f9 | 0c00 0014 | 29c0 3491 | 2801 40f9 | c800 00b5 
  0x00000001097ea370: 2001 00f9 | e803 40b2 | 29e0 3491 | 2801 00f9 | 0400 0014 | 2888 46f9 | 0805 0091 | 2888 06f9 
  0x00000001097ea390: e1a7 40f9 

  0x00000001097ea394: ; ImmutableOopMap {[216]=Oop }
                      ;*invokevirtual method_51452 {reexecute=0 rethrow=0 return_oop=0}
                      ; - net.minecraft.class_310::method_1523@557 (line 1227)
                      ;   {optimized virtual_call}
  0x00000001097ea394: db9a 5595 | e16f 40f9 | 20a8 41b9 | 00f0 7dd3 | 4001 00b4 

  0x00000001097ea3a8: ;   {metadata('net/minecraft/class_3694')}
  0x00000001097ea3a8: 0488 97d2 | 2436 a0f2 | 0414 c0f2 | 0508 40b9 | 0514 c0f2 | a81c 40f9 | 9f00 08eb | e16c 0254 
  0x00000001097ea3c8: 0100 0014 | e203 00aa 

  0x00000001097ea3d0: ; implicit exception: dispatches to 0x00000001097ef164
  0x00000001097ea3d0: 1f00 40f9 

  0x00000001097ea3d4: ;   {metadata(method data for {method} {0x0000000125dbb038} 'method_1523' '(Z)V' in 'net/minecraft/class_310')}
  0x00000001097ea3d4: 025b 93d2 | e2ff a6f2 | 6200 c0f2 

  0x00000001097ea3e0: ;   {metadata('net/minecraft/class_3694')}
  0x00000001097ea3e0: 0888 97d2 | 2836 a0f2 | 0814 c0f2 | 4960 3591 | 2801 00f9 | 48b0 46f9 | 0805 0091 | 48b0 06f9 
  0x00000001097ea400: ;   {metadata(method data for {method} {0x0000000125e9faa0} 'method_15407' '()V' in 'net/minecraft/class_3694')}
  0x00000001097ea400: 00ed 92d2 | 80f0 a6f2 | 6000 c0f2 | 02ac 40b9 | 4208 0011 | 02ac 00b9 | 424c 1f12 | 5f00 0071 
  0x00000001097ea420: 406a 0254 | 23a8 41b9 | 63f0 7dd3 | 4301 00b4 

  0x00000001097ea430: ;   {metadata('net/minecraft/class_3694')}
  0x00000001097ea430: 0688 97d2 | 2636 a0f2 | 0614 c0f2 | 6708 40b9 | 0714 c0f2 | e81c 40f9 | df00 08eb | e169 0254 
  0x00000001097ea450: 0100 0014 | e403 03aa 

  0x00000001097ea458: ; implicit exception: dispatches to 0x00000001097ef18c
  0x00000001097ea458: 7f00 40f9 

  0x00000001097ea45c: ;   {metadata(method data for {method} {0x0000000125dbb038} 'method_1523' '(Z)V' in 'net/minecraft/class_310')}
  0x00000001097ea45c: 045b 93d2 | e4ff a6f2 | 6400 c0f2 | 88cc 46f9 | 0805 0091 | 88cc 06f9 

  0x00000001097ea474: ;   {metadata(method data for {method} {0x0000000125e9f888} 'method_15396' '(Ljava/lang/String;)V' in 'net/minecraft/class_3694')}
  0x00000001097ea474: 036f 91d2 | 83f0 a6f2 | 6300 c0f2 | 64ac 40b9 | 8408 0011 | 64ac 00b9 | 844c 1f12 | 9f00 0071 
  0x00000001097ea494: e067 0254 | 2308 41b9 | 63f0 7dd3 

  0x00000001097ea4a0: ; implicit exception: dispatches to 0x00000001097ef1b0
  0x00000001097ea4a0: 7f00 40f9 | e403 03aa 

  0x00000001097ea4a8: ;   {metadata(method data for {method} {0x0000000125dbb038} 'method_1523' '(Z)V' in 'net/minecraft/class_310')}
  0x00000001097ea4a8: 055b 93d2 | e5ff a6f2 | 6500 c0f2 | 8408 40b9 | 0414 c0f2 | a920 3791 | 2801 40f9 | 9f00 08eb 
  0x00000001097ea4c8: a100 0054 | a8e8 46f9 | 0805 0091 | a8e8 06f9 | 1c00 0014 | a960 3791 | 2801 40f9 | 9f00 08eb 
  0x00000001097ea4e8: a100 0054 | a8f0 46f9 | 0805 0091 | a8f0 06f9 | 1400 0014 | a920 3791 | 2801 40f9 | c800 00b5 
  0x00000001097ea508: 2401 00f9 | e803 40b2 | a940 3791 | 2801 00f9 | 0c00 0014 | a960 3791 | 2801 40f9 | c800 00b5 
  0x00000001097ea528: 2401 00f9 | e803 40b2 | a980 3791 | 2801 00f9 | 0400 0014 | a8dc 46f9 | 0805 0091 | a8dc 06f9 
  0x00000001097ea548: e103 03aa | 091c 8cd2 | e935 a0f2 | 0914 c0f2 

  0x00000001097ea558: ; ImmutableOopMap {[216]=Oop }
                      ;*invokevirtual method_1240 {reexecute=0 rethrow=0 return_oop=0}
                      ; - net.minecraft.class_310::method_1523@585 (line 1232)
                      ;   {virtual_call}
  0x00000001097ea558: da0b bc95 | e16f 40f9 | 2008 41b9 | 00f0 7dd3 | 2284 40b9 | 42f0 7dd3 

  0x00000001097ea570: ; implicit exception: dispatches to 0x00000001097ef1b4
  0x00000001097ea570: 5f00 40f9 | e303 02aa 

  0x00000001097ea578: ;   {metadata(method data for {method} {0x0000000125dbb038} 'method_1523' '(Z)V' in 'net/minecraft/class_310')}
  0x00000001097ea578: 045b 93d2 | e4ff a6f2 | 6400 c0f2 | 88f8 46f9 | 0805 0091 | 88f8 06f9 | 433c 40b9 | e403 02aa 
  0x00000001097ea598: ;   {metadata(method data for {method} {0x0000000125dbb038} 'method_1523' '(Z)V' in 'net/minecraft/class_310')}
  0x00000001097ea598: 055b 93d2 | e5ff a6f2 | 6500 c0f2 | a814 47f9 | 0805 0091 | a814 07f9 | 4440 40b9 

  0x00000001097ea5b4: ; implicit exception: dispatches to 0x00000001097ef1b8
  0x00000001097ea5b4: 1f00 40f9 | e203 00aa 

  0x00000001097ea5bc: ;   {metadata(method data for {method} {0x0000000125dbb038} 'method_1523' '(Z)V' in 'net/minecraft/class_310')}
  0x00000001097ea5bc: 055b 93d2 | e5ff a6f2 | 6500 c0f2 | 4208 40b9 | 0214 c0f2 | a9c0 3991 | 2801 40f9 | 5f00 08eb 
  0x00000001097ea5dc: a100 0054 | a83c 47f9 | 0805 0091 | a83c 07f9 | 1c00 0014 | a900 3a91 | 2801 40f9 | 5f00 08eb 
  0x00000001097ea5fc: a100 0054 | a844 47f9 | 0805 0091 | a844 07f9 | 1400 0014 | a9c0 3991 | 2801 40f9 | c800 00b5 
  0x00000001097ea61c: 2201 00f9 | e803 40b2 | a9e0 3991 | 2801 00f9 | 0c00 0014 | a900 3a91 | 2801 40f9 | c800 00b5 
  0x00000001097ea63c: 2201 00f9 | e803 40b2 | a920 3a91 | 2801 00f9 | 0400 0014 | a830 47f9 | 0805 0091 | a830 07f9 
  0x00000001097ea65c: ;   {metadata(method data for {method} {0x0000000125dd2048} 'method_1237' '(II)V' in 'net/minecraft/class_276')}
  0x00000001097ea65c: 0242 89d2 | 0200 a7f2 | 6200 c0f2 | 45ac 40b9 | a508 0011 | 45ac 00b9 | a54c 1f12 | bf00 0071 
  0x00000001097ea67c: 005a 0254 | e203 00aa 

  0x00000001097ea684: ;   {metadata(method data for {method} {0x0000000125dd2048} 'method_1237' '(II)V' in 'net/minecraft/class_276')}
  0x00000001097ea684: 0542 89d2 | 0500 a7f2 | 6500 c0f2 | 4208 40b9 | 0214 c0f2 | a900 0491 | 2801 40f9 | 5f00 08eb 
  0x00000001097ea6a4: a100 0054 | a884 40f9 | 0805 0091 | a884 00f9 | 1c00 0014 | a940 0491 | 2801 40f9 | 5f00 08eb 
  0x00000001097ea6c4: a100 0054 | a88c 40f9 | 0805 0091 | a88c 00f9 | 1400 0014 | a900 0491 | 2801 40f9 | c800 00b5 
  0x00000001097ea6e4: 2201 00f9 | e803 40b2 | a920 0491 | 2801 00f9 | 0c00 0014 | a940 0491 | 2801 40f9 | c800 00b5 
  0x00000001097ea704: 2201 00f9 | e803 40b2 | a960 0491 | 2801 00f9 | 0400 0014 | a878 40f9 | 0805 0091 | a878 00f9 
  0x00000001097ea724: e203 03aa | e303 04aa | e403 0032 | e103 00aa 

  0x00000001097ea734: ; ImmutableOopMap {[216]=Oop }
                      ;*invokevirtual method_22594 {reexecute=0 rethrow=0 return_oop=0}
                      ; - net.minecraft.class_276::method_1237@4 (line 232)
                      ; - net.minecraft.class_310::method_1523@606 (line 1234)
                      ;   {optimized virtual_call}
  0x00000001097ea734: c3e4 b997 

  0x00000001097ea738: ;   {metadata(method data for {method} {0x0000000125dbb038} 'method_1523' '(Z)V' in 'net/minecraft/class_310')}
  0x00000001097ea738: 015b 93d2 | e1ff a6f2 | 6100 c0f2 | 284c 47f9 | 0805 0091 | 284c 07f9 

  0x00000001097ea750: ;   {metadata(method data for {method} {0x0000000123c654a8} 'method_648' '()J' in 'net/minecraft/class_156')}
  0x00000001097ea750: 0179 9dd2 | a1fc a6f2 | 6100 c0f2 | 20ac 40b9 | 0008 0011 | 20ac 00b9 | 004c 1f12 | 1f00 0071 
  0x00000001097ea770: 6053 0254 

  0x00000001097ea774: ;   {oop(a 'java/lang/Class'{0x000000071205af98} = 'net/minecraft/class_156')}
  0x00000001097ea774: 01f3 95d2 | a140 a2f2 | e100 c0f2 | 2188 40b9 | 21f0 7dd3 

  0x00000001097ea788: ; implicit exception: dispatches to 0x00000001097ef1fc
  0x00000001097ea788: 3f00 40f9 | e003 01aa 

  0x00000001097ea790: ;   {metadata(method data for {method} {0x0000000123c654a8} 'method_648' '()J' in 'net/minecraft/class_156')}
  0x00000001097ea790: 0279 9dd2 | a2fc a6f2 | 6200 c0f2 | 0008 40b9 | 0014 c0f2 | 4900 0491 | 2801 40f9 | 1f00 08eb 
  0x00000001097ea7b0: a100 0054 | 4884 40f9 | 0805 0091 | 4884 00f9 | 1c00 0014 | 4940 0491 | 2801 40f9 | 1f00 08eb 
  0x00000001097ea7d0: a100 0054 | 488c 40f9 | 0805 0091 | 488c 00f9 | 1400 0014 | 4900 0491 | 2801 40f9 | c800 00b5 
  0x00000001097ea7f0: 2001 00f9 | e803 40b2 | 4920 0491 | 2801 00f9 | 0c00 0014 | 4940 0491 | 2801 40f9 | c800 00b5 
  0x00000001097ea810: 2001 00f9 | e803 40b2 | 4960 0491 | 2801 00f9 | 0400 0014 | 4878 40f9 | 0805 0091 | 4878 00f9 
  0x00000001097ea830: 09d4 9ad2 | 0976 a0f2 | 0914 c0f2 

  0x00000001097ea83c: ; ImmutableOopMap {[216]=Oop }
                      ;*invokeinterface getAsLong {reexecute=0 rethrow=0 return_oop=0}
                      ; - net.minecraft.class_156::method_648@3 (line 126)
                      ; - net.minecraft.class_310::method_1523@610 (line 1235)
                      ;   {virtual_call}
  0x00000001097ea83c: c1a1 aa95 | e58f 40f9 | 0000 05cb | e16f 40f9 | 2020 00f9 | e22b 41b9 | 5f00 0071 

  0x00000001097ea858: ;   {metadata(method data for {method} {0x0000000125dbb038} 'method_1523' '(Z)V' in 'net/minecraft/class_310')}
  0x00000001097ea858: 005b 93d2 | e0ff a6f2 | 6000 c0f2 | 08d5 81d2 | 09d7 81d2 | 0301 899a | 0468 63f8 | 8404 0091 
  0x00000001097ea878: 0468 23f8 | e22b 01b9 | a00e 0054 

  0x00000001097ea884: ; ImmutableOopMap {[216]=Oop }
                      ;*invokestatic method_41719 {reexecute=0 rethrow=0 return_oop=0}
                      ; - net.minecraft.class_310::method_1523@624 (line 1237)
                      ;   {static_call}
  0x00000001097ea884: 1f9b 5595 

  0x00000001097ea888: ; ImmutableOopMap {[216]=Oop c_rarg0=Oop }
                      ;*invokedynamic {reexecute=0 rethrow=0 return_oop=0}
                      ; - net.minecraft.class_310::method_1523@628 (line 1237)
                      ;   {runtime_call load_appendix_patching Runtime1 stub}
  0x00000001097ea888: 1e6d 5895 | e16f 40f9 | e0b3 00f9 

  0x00000001097ea894: ; ImmutableOopMap {[216]=Oop [352]=Oop }
                      ;*invokedynamic {reexecute=0 rethrow=0 return_oop=0}
                      ; - net.minecraft.class_310::method_1523@628 (line 1237)
                      ;   {static_call}
  0x00000001097ea894: 1b9b 5595 

  0x00000001097ea898: ;   {metadata(method data for {method} {0x0000000125dbb038} 'method_1523' '(Z)V' in 'net/minecraft/class_310')}
  0x00000001097ea898: 025b 93d2 | e2ff a6f2 | 6200 c0f2 | 42e0 3b91 | e103 00aa | a100 00b5 | 4900 40f9 | 2901 40b2 
  0x00000001097ea8b8: 4900 00f9 | 1600 0014 | 2108 40b9 | 0114 c0f2 | 4900 40f9 | 2100 09ca | 28f4 7e92 | 0802 00b4 
  0x00000001097ea8d8: e101 0837 | a901 00b4 | 3f05 00f1 | 6001 0054 | bf39 03d5 | 2100 09ca | 4900 40f9 | 2100 09ca 
  0x00000001097ea8f8: 28f4 7e92 | c800 00b4 | 4900 40f9 | 2901 7fb2 | 4900 00f9 | 0200 0014 | 4100 00f9 | e2b3 40f9 
  0x00000001097ea918: ; implicit exception: dispatches to 0x00000001097ef200
  0x00000001097ea918: 5f00 40f9 | e103 02aa 

  0x00000001097ea920: ;   {metadata(method data for {method} {0x0000000125dbb038} 'method_1523' '(Z)V' in 'net/minecraft/class_310')}
  0x00000001097ea920: 035b 93d2 | e3ff a6f2 | 6300 c0f2 | 6884 47f9 | 0805 0091 | 6884 07f9 

  0x00000001097ea938: ;   {metadata(method data for {method} {0x000000a000115fb8} 'ifPresent' '(Ljava/util/function/Consumer;)V' in 'java/util/Optional')}
  0x00000001097ea938: 0145 83d2 | e140 a5f2 | 6100 c0f2 | 23ac 40b9 | 6308 0011 | 23ac 00b9 | 634c 1f12 | 7f00 0071 
  0x00000001097ea958: 6045 0254 | 420c 40b9 | 42f0 7dd3 | e103 1faa | 5f00 01eb 

  0x00000001097ea96c: ;   {metadata(method data for {method} {0x000000a000115fb8} 'ifPresent' '(Ljava/util/function/Consumer;)V' in 'java/util/Optional')}
  0x00000001097ea96c: 0145 83d2 | e140 a5f2 | 6100 c0f2 | e80f 7cb2 | e903 78b2 | 0301 899a | 2468 63f8 | 8404 0091 
  0x00000001097ea98c: 2468 23f8 | 0006 0054 

  0x00000001097ea994: ; implicit exception: dispatches to 0x00000001097ef224
  0x00000001097ea994: 1f00 40f9 | e103 00aa 

  0x00000001097ea99c: ;   {metadata(method data for {method} {0x000000a000115fb8} 'ifPresent' '(Ljava/util/function/Consumer;)V' in 'java/util/Optional')}
  0x00000001097ea99c: 0345 83d2 | e340 a5f2 | 6300 c0f2 | 2108 40b9 | 0114 c0f2 | 6980 0491 | 2801 40f9 | 3f00 08eb 
  0x00000001097ea9bc: a100 0054 | 6894 40f9 | 0805 0091 | 6894 00f9 | 1c00 0014 | 69c0 0491 | 2801 40f9 | 3f00 08eb 
  0x00000001097ea9dc: a100 0054 | 689c 40f9 | 0805 0091 | 689c 00f9 | 1400 0014 | 6980 0491 | 2801 40f9 | c800 00b5 
  0x00000001097ea9fc: 2101 00f9 | e803 40b2 | 69a0 0491 | 2801 00f9 | 0c00 0014 | 69c0 0491 | 2801 40f9 | c800 00b5 
  0x00000001097eaa1c: 2101 00f9 | e803 40b2 | 69e0 0491 | 2801 00f9 | 0400 0014 | 6888 40f9 | 0805 0091 | 6888 00f9 
  0x00000001097eaa3c: e103 00aa | e9ff 9fd2 | e9ff bff2 | e9ff dff2 

  0x00000001097eaa4c: ; ImmutableOopMap {[216]=Oop }
                      ;*invokeinterface accept {reexecute=0 rethrow=0 return_oop=0}
                      ; - java.util.Optional::ifPresent@12
                      ; - net.minecraft.class_310::method_1523@633 (line 1237)
                      ;   {virtual_call}
  0x00000001097eaa4c: ed99 5595 | e16f 40f9 | 20a8 41b9 | 00f0 7dd3 | 4001 00b4 

  0x00000001097eaa60: ;   {metadata('net/minecraft/class_3694')}
  0x00000001097eaa60: 0488 97d2 | 2436 a0f2 | 0414 c0f2 | 0508 40b9 | 0514 c0f2 | a81c 40f9 | 9f00 08eb | 613d 0254 
  0x00000001097eaa80: 0100 0014 | e203 00aa 

  0x00000001097eaa88: ; implicit exception: dispatches to 0x00000001097ef22c
  0x00000001097eaa88: 1f00 40f9 

  0x00000001097eaa8c: ;   {metadata(method data for {method} {0x0000000125dbb038} 'method_1523' '(Z)V' in 'net/minecraft/class_310')}
  0x00000001097eaa8c: 025b 93d2 | e2ff a6f2 | 6200 c0f2 | 48ac 47f9 | 0805 0091 | 48ac 07f9 

  0x00000001097eaaa4: ;   {metadata(method data for {method} {0x0000000125e9fb58} 'method_15405' '(Ljava/lang/String;)V' in 'net/minecraft/class_3694')}
  0x00000001097eaaa4: 0072 92d2 | c0fc a6f2 | 6000 c0f2 | 02ac 40b9 | 4208 0011 | 02ac 00b9 | 424c 1f12 | 5f00 0071 
  0x00000001097eaac4: 603b 0254 | 2084 40b9 | 00f0 7dd3 

  0x00000001097eaad0: ; implicit exception: dispatches to 0x00000001097ef250
  0x00000001097eaad0: 1f00 40f9 | e203 00aa 

  0x00000001097eaad8: ;   {metadata(method data for {method} {0x0000000125dbb038} 'method_1523' '(Z)V' in 'net/minecraft/class_310')}
  0x00000001097eaad8: 035b 93d2 | e3ff a6f2 | 6300 c0f2 | 68bc 47f9 | 0805 0091 | 68bc 07f9 

  0x00000001097eaaf0: ;   {metadata(method data for {method} {0x0000000330938820} 'method_15998' '()V' in 'net/minecraft/class_1041')}
  0x00000001097eaaf0: 02b4 89d2 | 0200 a7f2 | 6200 c0f2 | 43ac 40b9 | 6308 0011 | 43ac 00b9 | 634c 1f12 | 7f00 0071 
  0x00000001097eab10: 203a 0254 | 0208 40f9 

  0x00000001097eab18: ;   {metadata(method data for {method} {0x0000000330938820} 'method_15998' '()V' in 'net/minecraft/class_1041')}
  0x00000001097eab18: 03b4 89d2 | 0300 a7f2 | 6300 c0f2 | 6878 40f9 | 0805 0091 | 6878 00f9 

  0x00000001097eab30: ;   {metadata(method data for {method} {0x0000000125d495e8} 'flipFrame' '(J)V' in 'com/mojang/blaze3d/systems/RenderSystem')}
  0x00000001097eab30: 03e7 89d2 | 0300 a7f2 | 6300 c0f2 | 64ac 40b9 | 8408 0011 | 64ac 00b9 | 844c 1f12 | 9f00 0071 
  0x00000001097eab50: 2039 0254 

  0x00000001097eab54: ;   {metadata(method data for {method} {0x0000000125d495e8} 'flipFrame' '(J)V' in 'com/mojang/blaze3d/systems/RenderSystem')}
  0x00000001097eab54: 03e7 89d2 | 0300 a7f2 | 6300 c0f2 | 6878 40f9 | 0805 0091 | 6878 00f9 

  0x00000001097eab6c: ;   {metadata(method data for {method} {0x0000000125d64a50} 'redirect$jkl000$sodium$removeFirstPoll' '()V' in 'com/mojang/blaze3d/systems/RenderSystem')}
  0x00000001097eab6c: 0326 8ad2 | 0300 a7f2 | 6300 c0f2 | 64ac 40b9 | 8408 0011 | 64ac 00b9 | 844c 1f12 | 9f00 0071 
  0x00000001097eab8c: 4038 0254 

  0x00000001097eab90: ;   {metadata(method data for {method} {0x0000000125d495e8} 'flipFrame' '(J)V' in 'com/mojang/blaze3d/systems/RenderSystem')}
  0x00000001097eab90: 03e7 89d2 | 0300 a7f2 | 6300 c0f2 | 6880 40f9 | 0805 0091 | 6880 00f9 | e283 16a9 

  0x00000001097eabac: ; ImmutableOopMap {[368]=Oop [216]=Oop }
                      ;*invokestatic replayQueue {reexecute=0 rethrow=0 return_oop=0}
                      ; - com.mojang.blaze3d.systems.RenderSystem::flipFrame@3 (line 213)
                      ; - net.minecraft.class_1041::method_15998@4 (line 288)
                      ; - net.minecraft.class_310::method_1523@652 (line 1241)
                      ;   {static_call}
  0x00000001097eabac: 054c 9b97 

  0x00000001097eabb0: ;   {metadata(method data for {method} {0x0000000125d495e8} 'flipFrame' '(J)V' in 'com/mojang/blaze3d/systems/RenderSystem')}
  0x00000001097eabb0: 02e7 89d2 | 0200 a7f2 | 6200 c0f2 | 4888 40f9 | 0805 0091 | 4888 00f9 

  0x00000001097eabc8: ;   {metadata(method data for {method} {0x0000000125d69920} 'method_1348' '()Lnet/minecraft/class_289;' in 'net/minecraft/class_289')}
  0x00000001097eabc8: 02a3 81d2 | 42ff a6f2 | 6200 c0f2 | 41ac 40b9 | 2108 0011 | 41ac 00b9 | 214c 1f12 | 3f00 0071 
  0x00000001097eabe8: 6036 0254 

  0x00000001097eabec: ;   {metadata(method data for {method} {0x0000000125d69920} 'method_1348' '()Lnet/minecraft/class_289;' in 'net/minecraft/class_289')}
  0x00000001097eabec: 02a3 81d2 | 42ff a6f2 | 6200 c0f2 | 4878 40f9 | 0805 0091 | 4878 00f9 

  0x00000001097eac04: ;   {metadata(method data for {method} {0x0000000125d48f78} 'assertOnGameThreadOrInit' '()V' in 'com/mojang/blaze3d/systems/RenderSystem')}
  0x00000001097eac04: 024c 8fd2 | 62fc a6f2 | 6200 c0f2 | 41ac 40b9 | 2108 0011 | 41ac 00b9 | 214c 1f12 | 3f00 0071 
  0x00000001097eac24: 8035 0254 

  0x00000001097eac28: ;   {oop(a 'java/lang/Class'{0x000000071578b070} = 'com/mojang/blaze3d/systems/RenderSystem')}
  0x00000001097eac28: 020e 96d2 | 02af a2f2 | e200 c0f2 | 4210 4439 | 5f00 0071 

  0x00000001097eac3c: ;   {metadata(method data for {method} {0x0000000125d48f78} 'assertOnGameThreadOrInit' '()V' in 'com/mojang/blaze3d/systems/RenderSystem')}
  0x00000001097eac3c: 024c 8fd2 | 62fc a6f2 | 6200 c0f2 | e80f 7cb2 | e903 78b2 | 0111 899a | 4068 61f8 | 0004 0091 
  0x00000001097eac5c: 4068 21f8 | c102 0054 

  0x00000001097eac64: ;   {metadata(method data for {method} {0x0000000125d48f78} 'assertOnGameThreadOrInit' '()V' in 'com/mojang/blaze3d/systems/RenderSystem')}
  0x00000001097eac64: 024c 8fd2 | 62fc a6f2 | 6200 c0f2 | 4888 40f9 | 0805 0091 | 4888 00f9 

  0x00000001097eac7c: ;   {metadata(method data for {method} {0x0000000125d48e18} 'isOnGameThread' '()Z' in 'com/mojang/blaze3d/systems/RenderSystem')}
  0x00000001097eac7c: 027d 8fd2 | 62fc a6f2 | 6200 c0f2 | 41ac 40b9 | 2108 0011 | 41ac 00b9 | 214c 1f12 | 3f00 0071 
  0x00000001097eac9c: c032 0254 

  0x00000001097eaca0: ;   {metadata(method data for {method} {0x0000000125d48f78} 'assertOnGameThreadOrInit' '()V' in 'com/mojang/blaze3d/systems/RenderSystem')}
  0x00000001097eaca0: 024c 8fd2 | 62fc a6f2 | 6200 c0f2 | 4198 40f9 | 2104 0091 | 4198 00f9 

  0x00000001097eacb8: ;   {oop(a 'net/minecraft/class_289'{0x000000071578b918})}
  0x00000001097eacb8: 0223 97d2 | 02af a2f2 | e200 c0f2 | e103 02aa 

  0x00000001097eacc8: ;   {metadata(method data for {method} {0x0000000125d495e8} 'flipFrame' '(J)V' in 'com/mojang/blaze3d/systems/RenderSystem')}
  0x00000001097eacc8: 00e7 89d2 | 0000 a7f2 | 6000 c0f2 | 089c 40f9 | 0805 0091 | 089c 00f9 

  0x00000001097eace0: ; implicit exception: dispatches to 0x00000001097ef314
  0x00000001097eace0: 400c 40b9 | 00f0 7dd3 

  0x00000001097eace8: ; implicit exception: dispatches to 0x00000001097ef318
  0x00000001097eace8: 1f00 40f9 | e203 00aa 

  0x00000001097eacf0: ;   {metadata(method data for {method} {0x0000000125d495e8} 'flipFrame' '(J)V' in 'com/mojang/blaze3d/systems/RenderSystem')}
  0x00000001097eacf0: 01e7 89d2 | 0100 a7f2 | 6100 c0f2 | 28b8 40f9 | 0805 0091 | 28b8 00f9 

  0x00000001097ead08: ;   {metadata(method data for {method} {0x0000000125d75778} 'method_1343' '()V' in 'net/minecraft/class_287')}
  0x00000001097ead08: 0299 9bd2 | c2fc a6f2 | 6200 c0f2 | 41ac 40b9 | 2108 0011 | 41ac 00b9 | 214c 1f12 | 3f00 0071 
  0x00000001097ead28: a02f 0254 | 0228 40b9 | 5f00 0071 

  0x00000001097ead34: ;   {metadata(method data for {method} {0x0000000125d75778} 'method_1343' '()V' in 'net/minecraft/class_287')}
  0x00000001097ead34: 0299 9bd2 | c2fc a6f2 | 6200 c0f2 | e80f 7cb2 | e903 78b2 | 01d1 899a | 4368 61f8 | 6304 0091 
  0x00000001097ead54: 4368 21f8 | cd02 0054 | e0bf 00f9 

  0x00000001097ead60: ;   {oop(a 'org/apache/logging/slf4j/Log4jLogger'{0x00000007158356c8})}
  0x00000001097ead60: 01d9 8ad2 | 61b0 a2f2 | e100 c0f2 | e203 01aa 

  0x00000001097ead70: ;   {metadata(method data for {method} {0x0000000125d75778} 'method_1343' '()V' in 'net/minecraft/class_287')}
  0x00000001097ead70: 0399 9bd2 | c3fc a6f2 | 6300 c0f2 

  0x00000001097ead7c: ;   {metadata('org/apache/logging/slf4j/Log4jLogger')}
  0x00000001097ead7c: 08dc 86d2 | e824 a0f2 | 0814 c0f2 | 6980 0491 | 2801 00f9 | 6894 40f9 | 0805 0091 | 6894 00f9 
  0x00000001097ead9c: ;   {oop("Clearing BufferBuilder with unused batches"{0x00000007268ced00})}
  0x00000001097ead9c: 02a0 9dd2 | 82d1 a4f2 | e200 c0f2 

  0x00000001097eada8: ; ImmutableOopMap {[368]=Oop [216]=Oop [376]=Oop }
                      ;*invokeinterface warn {reexecute=0 rethrow=0 return_oop=0}
                      ; - net.minecraft.class_287::method_1343@13 (line 382)
                      ; - com.mojang.blaze3d.systems.RenderSystem::flipFrame@12 (line 216)
                      ; - net.minecraft.class_1041::method_15998@4 (line 288)
                      ; - net.minecraft.class_310::method_1523@652 (line 1241)
                      ;   {optimized virtual_call}
  0x00000001097eada8: 5698 5595 | e0bf 40f9 | e103 00aa 

  0x00000001097eadb4: ;   {metadata(method data for {method} {0x0000000125d75778} 'method_1343' '()V' in 'net/minecraft/class_287')}
  0x00000001097eadb4: 0299 9bd2 | c2fc a6f2 | 6200 c0f2 | 48b0 40f9 | 0805 0091 | 48b0 00f9 

  0x00000001097eadcc: ;   {metadata(method data for {method} {0x0000000125d75848} 'method_23477' '()V' in 'net/minecraft/class_287')}
  0x00000001097eadcc: 01d8 9bd2 | c1fc a6f2 | 6100 c0f2 | 22ac 40b9 | 4208 0011 | 22ac 00b9 | 424c 1f12 | 5f00 0071 
  0x00000001097eadec: 802a 0254 | 1f28 00b9 | 1f44 00b9 | 1f48 00b9 | e103 00aa 

  0x00000001097eae00: ;   {metadata(method data for {method} {0x0000000125d75848} 'method_23477' '()V' in 'net/minecraft/class_287')}
  0x00000001097eae00: 02d8 9bd2 | c2fc a6f2 | 6200 c0f2 | 4878 40f9 | 0805 0091 | 4878 00f9 

  0x00000001097eae18: ;   {metadata(method data for {method} {0x0000000125d77f30} 'handler$jik000$sodium$resetDelegate' '(Lorg/spongepowered/asm/mixin/injection/callback/CallbackInfo;)V' in 'net/minecraft/class_287')}
  0x00000001097eae18: 01f2 83d2 | 81fc a6f2 | 6100 c0f2 | 22ac 40b9 | 4208 0011 | 22ac 00b9 | 424c 1f12 | 5f00 0071 
  0x00000001097eae38: 2029 0254 | 0184 40b9 | 21f0 7dd3 | e003 1faa | 3f00 00eb 

  0x00000001097eae4c: ;   {metadata(method data for {method} {0x0000000125d77f30} 'handler$jik000$sodium$resetDelegate' '(Lorg/spongepowered/asm/mixin/injection/callback/CallbackInfo;)V' in 'net/minecraft/class_287')}
  0x00000001097eae4c: 00f2 83d2 | 80fc a6f2 | 6000 c0f2 | e80f 7cb2 | e903 78b2 | 0201 899a | 0368 62f8 | 6304 0091 
  0x00000001097eae6c: 0368 22f8 | 6002 0054 

  0x00000001097eae74: ; implicit exception: dispatches to 0x00000001097ef37c
  0x00000001097eae74: 3f00 40f9 | e003 01aa 

  0x00000001097eae7c: ;   {metadata(method data for {method} {0x0000000125d77f30} 'handler$jik000$sodium$resetDelegate' '(Lorg/spongepowered/asm/mixin/injection/callback/CallbackInfo;)V' in 'net/minecraft/class_287')}
  0x00000001097eae7c: 02f2 83d2 | 82fc a6f2 | 6200 c0f2 | 4894 40f9 | 0805 0091 | 4894 00f9 

  0x00000001097eae94: ;   {metadata(method data for {method} {0x0000000336566110} 'reset' '()V' in 'me/jellysquid/mods/sodium/client/render/vertex/buffer/SodiumBufferBuilder')}
  0x00000001097eae94: 0024 84d2 | 80fc a6f2 | 6000 c0f2 | 02ac 40b9 | 4208 0011 | 02ac 00b9 | 424c 1f12 | 5f00 0071 
  0x00000001097eaeb4: 6026 0254 | 3f28 00b9 | e2b7 40f9 

  0x00000001097eaec0: ;   {metadata(method data for {method} {0x0000000125d495e8} 'flipFrame' '(J)V' in 'com/mojang/blaze3d/systems/RenderSystem')}
  0x00000001097eaec0: 01e7 89d2 | 0100 a7f2 | 6100 c0f2 | 28c8 40f9 | 0805 0091 | 28c8 00f9 | e103 02aa 

  0x00000001097eaedc: ; ImmutableOopMap {[368]=Oop [216]=Oop }
                      ;*invokestatic glfwSwapBuffers {reexecute=0 rethrow=0 return_oop=0}
                      ; - com.mojang.blaze3d.systems.RenderSystem::flipFrame@16 (line 218)
                      ; - net.minecraft.class_1041::method_15998@4 (line 288)
                      ; - net.minecraft.class_310::method_1523@652 (line 1241)
                      ;   {static_call}
  0x00000001097eaedc: 49b5 df97 

  0x00000001097eaee0: ;   {metadata(method data for {method} {0x0000000125d495e8} 'flipFrame' '(J)V' in 'com/mojang/blaze3d/systems/RenderSystem')}
  0x00000001097eaee0: 01e7 89d2 | 0100 a7f2 | 6100 c0f2 | 28d0 40f9 | 0805 0091 | 28d0 00f9 

  0x00000001097eaef8: ;   {metadata(method data for {method} {0x0000000125d49458} 'pollEvents' '()V' in 'com/mojang/blaze3d/systems/RenderSystem')}
  0x00000001097eaef8: 018e 8ad2 | 0100 a7f2 | 6100 c0f2 | 20ac 40b9 | 0008 0011 | 20ac 00b9 | 004c 1f12 | 1f00 0071 
  0x00000001097eaf18: 4024 0254 

  0x00000001097eaf1c: ;   {metadata(method data for {method} {0x0000000125d49458} 'pollEvents' '()V' in 'com/mojang/blaze3d/systems/RenderSystem')}
  0x00000001097eaf1c: 018e 8ad2 | 0100 a7f2 | 6100 c0f2 | 2878 40f9 | 0805 0091 | 2878 00f9 

  0x00000001097eaf34: ;   {metadata(method data for {method} {0x0000000123c65408} 'method_658' '()J' in 'net/minecraft/class_156')}
  0x00000001097eaf34: 0152 9dd2 | a1fc a6f2 | 6100 c0f2 | 20ac 40b9 | 0008 0011 | 20ac 00b9 | 004c 1f12 | 1f00 0071 
  0x00000001097eaf54: 6023 0254 

  0x00000001097eaf58: ;   {metadata(method data for {method} {0x0000000123c65408} 'method_658' '()J' in 'net/minecraft/class_156')}
  0x00000001097eaf58: 0152 9dd2 | a1fc a6f2 | 6100 c0f2 | 2878 40f9 | 0805 0091 | 2878 00f9 

  0x00000001097eaf70: ;   {metadata(method data for {method} {0x0000000123c654a8} 'method_648' '()J' in 'net/minecraft/class_156')}
  0x00000001097eaf70: 0179 9dd2 | a1fc a6f2 | 6100 c0f2 | 20ac 40b9 | 0008 0011 | 20ac 00b9 | 004c 1f12 | 1f00 0071 
  0x00000001097eaf90: 8022 0254 

  0x00000001097eaf94: ;   {oop(a 'java/lang/Class'{0x000000071205af98} = 'net/minecraft/class_156')}
  0x00000001097eaf94: 01f3 95d2 | a140 a2f2 | e100 c0f2 | 2188 40b9 | 21f0 7dd3 

  0x00000001097eafa8: ; implicit exception: dispatches to 0x00000001097ef400
  0x00000001097eafa8: 3f00 40f9 | e003 01aa 

  0x00000001097eafb0: ;   {metadata(method data for {method} {0x0000000123c654a8} 'method_648' '()J' in 'net/minecraft/class_156')}
  0x00000001097eafb0: 0279 9dd2 | a2fc a6f2 | 6200 c0f2 | 0008 40b9 | 0014 c0f2 | 4900 0491 | 2801 40f9 | 1f00 08eb 
  0x00000001097eafd0: a100 0054 | 4884 40f9 | 0805 0091 | 4884 00f9 | 1c00 0014 | 4940 0491 | 2801 40f9 | 1f00 08eb 
  0x00000001097eaff0: a100 0054 | 488c 40f9 | 0805 0091 | 488c 00f9 | 1400 0014 | 4900 0491 | 2801 40f9 | c800 00b5 
  0x00000001097eb010: 2001 00f9 | e803 40b2 | 4920 0491 | 2801 00f9 | 0c00 0014 | 4940 0491 | 2801 40f9 | c800 00b5 
  0x00000001097eb030: 2001 00f9 | e803 40b2 | 4960 0491 | 2801 00f9 | 0400 0014 | 4878 40f9 | 0805 0091 | 4878 00f9 
  0x00000001097eb050: 09d4 9ad2 | 0976 a0f2 | 0914 c0f2 

  0x00000001097eb05c: ; ImmutableOopMap {[368]=Oop [216]=Oop }
                      ;*invokeinterface getAsLong {reexecute=0 rethrow=0 return_oop=0}
                      ; - net.minecraft.class_156::method_648@3 (line 126)
                      ; - net.minecraft.class_156::method_658@0 (line 122)
                      ; - com.mojang.blaze3d.systems.RenderSystem::pollEvents@3 (line 199)
                      ; - com.mojang.blaze3d.systems.RenderSystem::flipFrame@19 (line 219)
                      ; - net.minecraft.class_1041::method_15998@4 (line 288)
                      ; - net.minecraft.class_310::method_1523@652 (line 1241)
                      ;   {virtual_call}
  0x00000001097eb05c: b99f aa95 | 0248 88d2 | e201 a0f2 | 010c c29a 

  0x00000001097eb06c: ;   {oop(a 'java/util/concurrent/atomic/AtomicLong'{0x0000000707c48620})}
  0x00000001097eb06c: 00c4 90d2 | 80f8 a0f2 | e000 c0f2 | e203 00aa 

  0x00000001097eb07c: ;   {metadata(method data for {method} {0x0000000125d49458} 'pollEvents' '()V' in 'com/mojang/blaze3d/systems/RenderSystem')}
  0x00000001097eb07c: 038e 8ad2 | 0300 a7f2 | 6300 c0f2 | 6880 40f9 | 0805 0091 | 6880 00f9 | e203 01aa | e103 00aa 
  0x00000001097eb09c: ; ImmutableOopMap {[368]=Oop [216]=Oop }
                      ;*invokevirtual set {reexecute=0 rethrow=0 return_oop=0}
                      ; - com.mojang.blaze3d.systems.RenderSystem::pollEvents@6 (line 199)
                      ; - com.mojang.blaze3d.systems.RenderSystem::flipFrame@19 (line 219)
                      ; - net.minecraft.class_1041::method_15998@4 (line 288)
                      ; - net.minecraft.class_310::method_1523@652 (line 1241)
                      ;   {optimized virtual_call}
  0x00000001097eb09c: 3d6b aa95 

  0x00000001097eb0a0: ;   {oop(a 'java/util/concurrent/atomic/AtomicBoolean'{0x0000000707c48610})}
  0x00000001097eb0a0: 01c2 90d2 | 81f8 a0f2 | e100 c0f2 

  0x00000001097eb0ac: ;   {metadata(method data for {method} {0x0000000125d49458} 'pollEvents' '()V' in 'com/mojang/blaze3d/systems/RenderSystem')}
  0x00000001097eb0ac: 008e 8ad2 | 0000 a7f2 | 6000 c0f2 | 089c 40f9 | 0805 0091 | 089c 00f9 

  0x00000001097eb0c4: ;   {metadata(method data for {method} {0x0000000122078358} 'set' '(Z)V' in 'java/util/concurrent/atomic/AtomicBoolean')}
  0x00000001097eb0c4: 018a 94d2 | 0196 a4f2 | 2100 c0f2 | 20ac 40b9 | 0008 0011 | 20ac 00b9 | 004c 1f12 | 1f00 0071 
  0x00000001097eb0e4: 0019 0254 

  0x00000001097eb0e8: ;   {metadata(method data for {method} {0x0000000122078358} 'set' '(Z)V' in 'java/util/concurrent/atomic/AtomicBoolean')}
  0x00000001097eb0e8: 018a 94d2 | 0196 a4f2 | 2100 c0f2 | 2080 40f9 | 0004 0091 | 2080 00f9 

  0x00000001097eb100: ;   {metadata(method data for {method} {0x0000000122078358} 'set' '(Z)V' in 'java/util/concurrent/atomic/AtomicBoolean')}
  0x00000001097eb100: 018a 94d2 | 0196 a4f2 | 2100 c0f2 | 2088 40f9 | 0004 0091 | 2088 00f9 

  0x00000001097eb118: ;   {oop(a 'java/util/concurrent/atomic/AtomicBoolean'{0x0000000707c48610})}
  0x00000001097eb118: 01c2 90d2 | 81f8 a0f2 | e100 c0f2 | e003 0032 | bf3b 03d5 

  0x00000001097eb12c: ; implicit exception: dispatches to 0x00000001097ef424
  0x00000001097eb12c: 200c 00b9 | bf3b 03d5 

  0x00000001097eb134: ;   {metadata(method data for {method} {0x0000000125d49458} 'pollEvents' '()V' in 'com/mojang/blaze3d/systems/RenderSystem')}
  0x00000001097eb134: 018e 8ad2 | 0100 a7f2 | 6100 c0f2 | 28b8 40f9 | 0805 0091 | 28b8 00f9 

  0x00000001097eb14c: ;   {metadata(method data for {method} {0x00000001232a2de0} 'glfwPollEvents' '()V' in 'org/lwjgl/glfw/GLFW')}
  0x00000001097eb14c: 01cc 8ad2 | 0100 a7f2 | 6100 c0f2 | 20ac 40b9 | 0008 0011 | 20ac 00b9 | 004c 1f12 | 1f00 0071 
  0x00000001097eb16c: e015 0254 

  0x00000001097eb170: ;   {metadata(method data for {method} {0x00000001232a2de0} 'glfwPollEvents' '()V' in 'org/lwjgl/glfw/GLFW')}
  0x00000001097eb170: 01cc 8ad2 | 0100 a7f2 | 6100 c0f2 | 2878 40f9 | 0805 0091 | 2878 00f9 | 815f 98d2 | 2125 a0f2 
  0x00000001097eb190: 2100 c0f2 

  0x00000001097eb194: ; ImmutableOopMap {[368]=Oop [216]=Oop }
                      ;*invokestatic invokeV {reexecute=0 rethrow=0 return_oop=0}
                      ; - org.lwjgl.glfw.GLFW::glfwPollEvents@5 (line 3403)
                      ; - com.mojang.blaze3d.systems.RenderSystem::pollEvents@16 (line 201)
                      ; - com.mojang.blaze3d.systems.RenderSystem::flipFrame@19 (line 219)
                      ; - net.minecraft.class_1041::method_15998@4 (line 288)
                      ; - net.minecraft.class_310::method_1523@652 (line 1241)
                      ;   {static_call}
  0x00000001097eb194: afa8 a495 

  0x00000001097eb198: ;   {oop(a 'java/util/concurrent/atomic/AtomicBoolean'{0x0000000707c48610})}
  0x00000001097eb198: 02c2 90d2 | 82f8 a0f2 | e200 c0f2 

  0x00000001097eb1a4: ;   {metadata(method data for {method} {0x0000000125d49458} 'pollEvents' '()V' in 'com/mojang/blaze3d/systems/RenderSystem')}
  0x00000001097eb1a4: 018e 8ad2 | 0100 a7f2 | 6100 c0f2 | 28c0 40f9 | 0805 0091 | 28c0 00f9 

  0x00000001097eb1bc: ;   {metadata(method data for {method} {0x0000000122078358} 'set' '(Z)V' in 'java/util/concurrent/atomic/AtomicBoolean')}
  0x00000001097eb1bc: 028a 94d2 | 0296 a4f2 | 2200 c0f2 | 41ac 40b9 | 2108 0011 | 41ac 00b9 | 214c 1f12 | 3f00 0071 
  0x00000001097eb1dc: 6013 0254 

  0x00000001097eb1e0: ;   {metadata(method data for {method} {0x0000000122078358} 'set' '(Z)V' in 'java/util/concurrent/atomic/AtomicBoolean')}
  0x00000001097eb1e0: 028a 94d2 | 0296 a4f2 | 2200 c0f2 | 4178 40f9 | 2104 0091 | 4178 00f9 

  0x00000001097eb1f8: ;   {oop(a 'java/util/concurrent/atomic/AtomicBoolean'{0x0000000707c48610})}
  0x00000001097eb1f8: 02c2 90d2 | 82f8 a0f2 | e200 c0f2 | 0100 a052 | bf3b 03d5 | 410c 00b9 | bf3b 03d5 | e0bb 40f9 
  0x00000001097eb218: 0244 4139 | 0140 4139 | 5f00 016b 

  0x00000001097eb224: ;   {metadata(method data for {method} {0x0000000330938820} 'method_15998' '()V' in 'net/minecraft/class_1041')}
  0x00000001097eb224: 01b4 89d2 | 0100 a7f2 | 6100 c0f2 | e803 78b2 | 0922 80d2 | 0301 899a | 2468 63f8 | 8404 0091 
  0x00000001097eb244: 2468 23f8 | a001 0054 | 4200 0012 | 0240 0139 | 0250 4139 | e103 00aa 

  0x00000001097eb25c: ;   {metadata(method data for {method} {0x0000000330938820} 'method_15998' '()V' in 'net/minecraft/class_1041')}
  0x00000001097eb25c: 03b4 89d2 | 0300 a7f2 | 6300 c0f2 | 6890 40f9 | 0805 0091 | 6890 00f9 | e103 00aa 

  0x00000001097eb278: ; ImmutableOopMap {[216]=Oop }
                      ;*invokevirtual method_4485 {reexecute=0 rethrow=0 return_oop=0}
                      ; - net.minecraft.class_1041::method_15998@31 (line 291)
                      ; - net.minecraft.class_310::method_1523@652 (line 1241)
                      ;   {optimized virtual_call}
  0x00000001097eb278: 2297 5595 | e16f 40f9 | e003 01aa 

  0x00000001097eb284: ;   {metadata(method data for {method} {0x0000000125dbb038} 'method_1523' '(Z)V' in 'net/minecraft/class_310')}
  0x00000001097eb284: 025b 93d2 | e2ff a6f2 | 6200 c0f2 | 48d8 47f9 | 0805 0091 | 48d8 07f9 

  0x00000001097eb29c: ;   {metadata(method data for {method} {0x0000000125dbb9c0} 'method_16009' '()I' in 'net/minecraft/class_310')}
  0x00000001097eb29c: 0042 8bd2 | 0000 a7f2 | 6000 c0f2 | 02ac 40b9 | 4208 0011 | 02ac 00b9 | 424c 1f12 | 5f00 0071 
  0x00000001097eb2bc: 600d 0254 | 206c 41b9 | 00f0 7dd3 | e203 1faa | 1f00 02eb 

  0x00000001097eb2d0: ;   {metadata(method data for {method} {0x0000000125dbb9c0} 'method_16009' '()I' in 'net/minecraft/class_310')}
  0x00000001097eb2d0: 0042 8bd2 | 0000 a7f2 | 6000 c0f2 | e80f 7cb2 | e903 78b2 | 0211 899a | 0368 62f8 | 6304 0091 
  0x00000001097eb2f0: 0368 22f8 | a103 0054 | 2088 41b9 | 00f0 7dd3 | e203 1faa | 1f00 02eb 

  0x00000001097eb308: ;   {metadata(method data for {method} {0x0000000125dbb9c0} 'method_16009' '()I' in 'net/minecraft/class_310')}
  0x00000001097eb308: 0042 8bd2 | 0000 a7f2 | 6000 c0f2 | 0822 80d2 | 0924 80d2 | 0211 899a | 0368 62f8 | 6304 0091 
  0x00000001097eb328: 0368 22f8 | 6103 0054 | 208c 41b9 | 00f0 7dd3 | e203 1faa | 1f00 02eb 

  0x00000001097eb340: ;   {metadata(method data for {method} {0x0000000125dbb9c0} 'method_16009' '()I' in 'net/minecraft/class_310')}
  0x00000001097eb340: 0042 8bd2 | 0000 a7f2 | 6000 c0f2 | 0828 80d2 | 0926 80d2 | 0211 899a | 0368 62f8 | 6304 0091 
  0x00000001097eb360: 0368 22f8 | a101 0054 | 2084 40b9 | 00f0 7dd3 

  0x00000001097eb370: ; implicit exception: dispatches to 0x00000001097ef488
  0x00000001097eb370: 1f00 40f9 | e203 00aa 

  0x00000001097eb378: ;   {metadata(method data for {method} {0x0000000125dbb9c0} 'method_16009' '()I' in 'net/minecraft/class_310')}
  0x00000001097eb378: 0342 8bd2 | 0300 a7f2 | 6300 c0f2 | 68a8 40f9 | 0805 0091 | 68a8 00f9 | 004c 40b9 | 0200 0014 
  0x00000001097eb398: e00f 1e32 | 1f10 0471 

  0x00000001097eb3a0: ;   {metadata(method data for {method} {0x0000000125dbb038} 'method_1523' '(Z)V' in 'net/minecraft/class_310')}
  0x00000001097eb3a0: 025b 93d2 | e2ff a6f2 | 6200 c0f2 | e823 7db2 | 09fd 81d2 | 03b1 899a | 4468 63f8 | 8404 0091 
  0x00000001097eb3c0: 4468 23f8 | 6b00 0054 | e047 01b9 | 0b00 0014 

  0x00000001097eb3d0: ;   {metadata(method data for {method} {0x0000000125dbb038} 'method_1523' '(Z)V' in 'net/minecraft/class_310')}
  0x00000001097eb3d0: 025b 93d2 | e2ff a6f2 | 6200 c0f2 | 4804 48f9 | 0805 0091 | 4804 08f9 | e103 00aa | e047 01b9 
  0x00000001097eb3f0: ; ImmutableOopMap {[216]=Oop }
                      ;*invokestatic limitDisplayFPS {reexecute=0 rethrow=0 return_oop=0}
                      ; - net.minecraft.class_310::method_1523@671 (line 1244)
                      ;   {static_call}
  0x00000001097eb3f0: e43f a397 | e16f 40f9 | 20a8 41b9 | 00f0 7dd3 | 4001 00b4 

  0x00000001097eb404: ;   {metadata('net/minecraft/class_3694')}
  0x00000001097eb404: 0488 97d2 | 2436 a0f2 | 0414 c0f2 | 0508 40b9 | 0514 c0f2 | a81c 40f9 | 9f00 08eb | 6103 0254 
  0x00000001097eb424: 0100 0014 | e203 00aa 

  0x00000001097eb42c: ; implicit exception: dispatches to 0x00000001097ef490
  0x00000001097eb42c: 1f00 40f9 

  0x00000001097eb430: ;   {metadata(method data for {method} {0x0000000125dbb038} 'method_1523' '(Z)V' in 'net/minecraft/class_310')}
  0x00000001097eb430: 025b 93d2 | e2ff a6f2 | 6200 c0f2 | 4818 48f9 | 0805 0091 | 4818 08f9 

  0x00000001097eb448: ;   {metadata(method data for {method} {0x0000000125e9fb58} 'method_15405' '(Ljava/lang/String;)V' in 'net/minecraft/class_3694')}
  0x00000001097eb448: 0072 92d2 | c0fc a6f2 | 6000 c0f2 | 02ac 40b9 | 4208 0011 | 02ac 00b9 | 424c 1f12 | 5f00 0071 
  0x00000001097eb468: 6001 0254 

  0x00000001097eb46c: ;   {metadata(method data for {method} {0x0000000125dbb038} 'method_1523' '(Z)V' in 'net/minecraft/class_310')}
  0x00000001097eb46c: 005b 93d2 | e0ff a6f2 | 6000 c0f2 | 0828 48f9 | 0805 0091 | 0828 08f9 

  0x00000001097eb484: ; ImmutableOopMap {[216]=Oop }
                      ;*invokestatic yield {reexecute=0 rethrow=0 return_oop=0}
                      ; - net.minecraft.class_310::method_1523@686 (line 1248)
                      ;   {static_call}
  0x00000001097eb484: 5336 8b95 | e16f 40f9 | 20a8 41b9 | 00f0 7dd3 | 4001 00b4 

  0x00000001097eb498: ;   {metadata('net/minecraft/class_3694')}
  0x00000001097eb498: 0488 97d2 | 2436 a0f2 | 0414 c0f2 | 0508 40b9 | 0514 c0f2 | a81c 40f9 | 9f00 08eb | 0100 0254 
  0x00000001097eb4b8: 0100 0014 | e203 00aa 

  0x00000001097eb4c0: ; implicit exception: dispatches to 0x00000001097ef4b8
  0x00000001097eb4c0: 1f00 40f9 

  0x00000001097eb4c4: ;   {metadata(method data for {method} {0x0000000125dbb038} 'method_1523' '(Z)V' in 'net/minecraft/class_310')}
  0x00000001097eb4c4: 025b 93d2 | e2ff a6f2 | 6200 c0f2 | 483c 48f9 | 0805 0091 | 483c 08f9 

  0x00000001097eb4dc: ;   {metadata(method data for {method} {0x0000000125e9faa0} 'method_15407' '()V' in 'net/minecraft/class_3694')}
  0x00000001097eb4dc: 00ed 92d2 | 80f0 a6f2 | 6000 c0f2 | 02ac 40b9 | 4208 0011 | 02ac 00b9 | 424c 1f12 | 5f00 0071 
  0x00000001097eb4fc: 00fe 0154 | 2084 40b9 | 00f0 7dd3 

  0x00000001097eb508: ; implicit exception: dispatches to 0x00000001097ef4dc
  0x00000001097eb508: 1f00 40f9 | e203 00aa 

  0x00000001097eb510: ;   {metadata(method data for {method} {0x0000000125dbb038} 'method_1523' '(Z)V' in 'net/minecraft/class_310')}
  0x00000001097eb510: 035b 93d2 | e3ff a6f2 | 6300 c0f2 | 684c 48f9 | 0805 0091 | 684c 08f9 

  0x00000001097eb528: ;   {oop("Post render"{0x0000000729466210})}
  0x00000001097eb528: 0242 8cd2 | c228 a5f2 | e200 c0f2 | 83e3 4039 | 7f00 0071 | 21fd 0154 | 48fc 43d3 | 0868 00b9 
  0x00000001097eb548: 0300 02ca | 63fc 55d3 | 7f00 00f1 | 21fd 0154 | 204c 40b9 | 0004 0011 | 204c 00b9 | e003 01aa 
  0x00000001097eb568: ;   {metadata(method data for {method} {0x0000000125dbb038} 'method_1523' '(Z)V' in 'net/minecraft/class_310')}
  0x00000001097eb568: 025b 93d2 | e2ff a6f2 | 6200 c0f2 | 4874 48f9 | 0805 0091 | 4874 08f9 

  0x00000001097eb580: ;   {metadata(method data for {method} {0x0000000125d91230} 'method_1496' '()Z' in 'net/minecraft/class_310')}
  0x00000001097eb580: 0091 9fd2 | a0ff a6f2 | 6000 c0f2 | 02ac 40b9 | 4208 0011 | 02ac 00b9 | 424c 1f12 | 5f00 0071 
  0x00000001097eb5a0: 40fb 0154 | 209c 4139 | 1f00 0071 

  0x00000001097eb5ac: ;   {metadata(method data for {method} {0x0000000125d91230} 'method_1496' '()Z' in 'net/minecraft/class_310')}
  0x00000001097eb5ac: 0091 9fd2 | a0ff a6f2 | 6000 c0f2 | e80f 7cb2 | e903 78b2 | 0201 899a | 0368 62f8 | 6304 0091 
  0x00000001097eb5cc: 0368 22f8 | e001 0054 | 2074 41b9 | 00f0 7dd3 | e203 1faa | 1f00 02eb 

  0x00000001097eb5e4: ;   {metadata(method data for {method} {0x0000000125d91230} 'method_1496' '()Z' in 'net/minecraft/class_310')}
  0x00000001097eb5e4: 0091 9fd2 | a0ff a6f2 | 6000 c0f2 | 0824 80d2 | 0922 80d2 | 0211 899a | 0368 62f8 | 6304 0091 
  0x00000001097eb604: 0368 22f8 | 6100 0054 | 0000 a052 | 0800 0014 

  0x00000001097eb614: ;   {metadata(method data for {method} {0x0000000125d91230} 'method_1496' '()Z' in 'net/minecraft/class_310')}
  0x00000001097eb614: 0091 9fd2 | a0ff a6f2 | 6000 c0f2 | 0298 40f9 | 4204 0091 | 0298 00f9 | e003 0032 | 0000 0012 
  0x00000001097eb634: 1f00 0071 

  0x00000001097eb638: ;   {metadata(method data for {method} {0x0000000125dbb038} 'method_1523' '(Z)V' in 'net/minecraft/class_310')}
  0x00000001097eb638: 005b 93d2 | e0ff a6f2 | 6000 c0f2 | 0821 82d2 | 0923 82d2 | 0201 899a | 0368 62f8 | 6304 0091 
  0x00000001097eb658: 0368 22f8 | 8017 0054 | 2088 41b9 | 00f0 7dd3 | e203 1faa | 1f00 02eb 

  0x00000001097eb670: ;   {metadata(method data for {method} {0x0000000125dbb038} 'method_1523' '(Z)V' in 'net/minecraft/class_310')}
  0x00000001097eb670: 025b 93d2 | e2ff a6f2 | 6200 c0f2 | 0825 82d2 | 0927 82d2 | 0301 899a | 4468 63f8 | 8404 0091 
  0x00000001097eb690: 4468 23f8 | 4008 0054 

  0x00000001097eb698: ; implicit exception: dispatches to 0x00000001097ef528
  0x00000001097eb698: 1f00 40f9 | e203 00aa 

  0x00000001097eb6a0: ;   {metadata(method data for {method} {0x0000000125dbb038} 'method_1523' '(Z)V' in 'net/minecraft/class_310')}
  0x00000001097eb6a0: 035b 93d2 | e3ff a6f2 | 6300 c0f2 | 4208 40b9 | 0214 c0f2 | 6904 4091 | 2961 0591 | 2801 40f9 
  0x00000001097eb6c0: 5f00 08eb | a100 0054 | 68b0 48f9 | 0805 0091 | 68b0 08f9 | 2100 0014 | 6904 4091 | 29a1 0591 
  0x00000001097eb6e0: 2801 40f9 | 5f00 08eb | a100 0054 | 68b8 48f9 | 0805 0091 | 68b8 08f9 | 1800 0014 | 6904 4091 
  0x00000001097eb700: 2961 0591 | 2801 40f9 | e800 00b5 | 2201 00f9 | e803 40b2 | 6904 4091 | 2981 0591 | 2801 00f9 
  0x00000001097eb720: 0e00 0014 | 6904 4091 | 29a1 0591 | 2801 40f9 | e800 00b5 | 2201 00f9 | e803 40b2 | 6904 4091 
  0x00000001097eb740: 29c1 0591 | 2801 00f9 | 0400 0014 | 68a4 48f9 | 0805 0091 | 68a4 08f9 | e103 00aa | e9ff 9fd2 
  0x00000001097eb760: e9ff bff2 | e9ff dff2 

  0x00000001097eb768: ; ImmutableOopMap {[216]=Oop }
                      ;*invokevirtual method_25421 {reexecute=0 rethrow=0 return_oop=0}
                      ; - net.minecraft.class_310::method_1523@736 (line 1253)
                      ;   {virtual_call}
  0x00000001097eb768: a696 5595 | 1f00 0071 

  0x00000001097eb770: ;   {metadata(method data for {method} {0x0000000125dbb038} 'method_1523' '(Z)V' in 'net/minecraft/class_310')}
  0x00000001097eb770: 015b 93d2 | e1ff a6f2 | 6100 c0f2 | 0830 82d2 | 0932 82d2 | 0011 899a | 2268 60f8 | 4204 0091 
  0x00000001097eb790: 2268 20f8 | e16f 40f9 | 6105 0054 | 208c 41b9 | 00f0 7dd3 | e203 1faa | 1f00 02eb 

  0x00000001097eb7ac: ;   {metadata(method data for {method} {0x0000000125dbb038} 'method_1523' '(Z)V' in 'net/minecraft/class_310')}
  0x00000001097eb7ac: 025b 93d2 | e2ff a6f2 | 6200 c0f2 | 0834 82d2 | 0936 82d2 | 0301 899a | 4468 63f8 | 8404 0091 
  0x00000001097eb7cc: 4468 23f8 | e00b 0054 

  0x00000001097eb7d4: ; implicit exception: dispatches to 0x00000001097ef52c
  0x00000001097eb7d4: 1f00 40f9 

  0x00000001097eb7d8: ;   {metadata(method data for {method} {0x0000000125dbb038} 'method_1523' '(Z)V' in 'net/minecraft/class_310')}
  0x00000001097eb7d8: 025b 93d2 | e2ff a6f2 | 6200 c0f2 

  0x00000001097eb7e4: ;   {metadata('net/minecraft/class_425')}
  0x00000001097eb7e4: 0898 8dd2 | e835 a0f2 | 0814 c0f2 | 4904 4091 | 2941 0791 | 2801 00f9 | 48ec 48f9 | 0805 0091 
  0x00000001097eb804: 48ec 08f9 

  0x00000001097eb808: ;   {metadata(method data for {method} {0x0000000125ddf4a8} 'method_18640' '()Z' in 'net/minecraft/class_425')}
  0x00000001097eb808: 00bd 8bd2 | 0000 a7f2 | 6000 c0f2 | 02ac 40b9 | 4208 0011 | 02ac 00b9 | 424c 1f12 | 5f00 0071 
  0x00000001097eb828: 40e8 0154 

  0x00000001097eb82c: ;   {metadata(method data for {method} {0x0000000125dbb038} 'method_1523' '(Z)V' in 'net/minecraft/class_310')}
  0x00000001097eb82c: 005b 93d2 | e0ff a6f2 | 6000 c0f2 | 0204 49f9 | 4204 0091 | 0204 09f9 | 2074 41b9 | 00f0 7dd3 
  0x00000001097eb84c: ; implicit exception: dispatches to 0x00000001097ef550
  0x00000001097eb84c: 1f00 40f9 | e203 00aa 

  0x00000001097eb854: ;   {metadata(method data for {method} {0x0000000125dbb038} 'method_1523' '(Z)V' in 'net/minecraft/class_310')}
  0x00000001097eb854: 035b 93d2 | e3ff a6f2 | 6300 c0f2 | 4208 40b9 | 0214 c0f2 | 6904 4091 | 29a1 0891 | 2801 40f9 
  0x00000001097eb874: 5f00 08eb | a100 0054 | 6818 49f9 | 0805 0091 | 6818 09f9 | 2100 0014 | 6904 4091 | 29e1 0891 
  0x00000001097eb894: 2801 40f9 | 5f00 08eb | a100 0054 | 6820 49f9 | 0805 0091 | 6820 09f9 | 1800 0014 | 6904 4091 
  0x00000001097eb8b4: 29a1 0891 | 2801 40f9 | e800 00b5 | 2201 00f9 | e803 40b2 | 6904 4091 | 29c1 0891 | 2801 00f9 
  0x00000001097eb8d4: 0e00 0014 | 6904 4091 | 29e1 0891 | 2801 40f9 | e800 00b5 | 2201 00f9 | e803 40b2 | 6904 4091 
  0x00000001097eb8f4: 2901 0991 | 2801 00f9 | 0400 0014 | 680c 49f9 | 0805 0091 | 680c 09f9 | e103 00aa | e9ff 9fd2 
  0x00000001097eb914: e9ff bff2 | e9ff dff2 

  0x00000001097eb91c: ; ImmutableOopMap {[216]=Oop }
                      ;*invokevirtual method_3860 {reexecute=0 rethrow=0 return_oop=0}
                      ; - net.minecraft.class_310::method_1523@763 (line 1253)
                      ;   {virtual_call}
  0x00000001097eb91c: 3996 5595 | 1f00 0071 

  0x00000001097eb924: ;   {metadata(method data for {method} {0x0000000125dbb038} 'method_1523' '(Z)V' in 'net/minecraft/class_310')}
  0x00000001097eb924: 015b 93d2 | e1ff a6f2 | 6100 c0f2 | 084c 82d2 | 094a 82d2 | 0001 899a | 2268 60f8 | 4204 0091 
  0x00000001097eb944: 2268 20f8 | 6000 0054 | 0100 a052 | 0800 0014 

  0x00000001097eb954: ;   {metadata(method data for {method} {0x0000000125dbb038} 'method_1523' '(Z)V' in 'net/minecraft/class_310')}
  0x00000001097eb954: 015b 93d2 | e1ff a6f2 | 6100 c0f2 | 2038 49f9 | 0004 0091 | 2038 09f9 | e103 0032 | e06f 40f9 
  0x00000001097eb974: bf3b 03d5 | 02a0 4139 | bf39 03d5 | 5f00 016b 

  0x00000001097eb984: ;   {metadata(method data for {method} {0x0000000125dbb038} 'method_1523' '(Z)V' in 'net/minecraft/class_310')}
  0x00000001097eb984: 025b 93d2 | e2ff a6f2 | 6200 c0f2 | 0851 82d2 | 0953 82d2 | 0301 899a | 4468 63f8 | 8404 0091 
  0x00000001097eb9a4: 4468 23f8 | 4004 0054 | bf3b 03d5 | 02a0 4139 | bf39 03d5 | 5f00 0071 

  0x00000001097eb9bc: ;   {metadata(method data for {method} {0x0000000125dbb038} 'method_1523' '(Z)V' in 'net/minecraft/class_310')}
  0x00000001097eb9bc: 025b 93d2 | e2ff a6f2 | 6200 c0f2 | 0855 82d2 | 0957 82d2 | 0301 899a | 4468 63f8 | 8404 0091 
  0x00000001097eb9dc: 4468 23f8 | 8001 0054 | 0288 40b9 | 42f0 7dd3 

  0x00000001097eb9ec: ; implicit exception: dispatches to 0x00000001097ef554
  0x00000001097eb9ec: 400c 40bd | 0048 00bd 

  0x00000001097eb9f4: ;   {metadata(method data for {method} {0x0000000125dbb038} 'method_1523' '(Z)V' in 'net/minecraft/class_310')}
  0x00000001097eb9f4: 025b 93d2 | e2ff a6f2 | 6200 c0f2 | 4364 49f9 | 6304 0091 | 4364 09f9 | 0500 0014 | 0288 40b9 
  0x00000001097eba14: 42f0 7dd3 | 0048 40bd 

  0x00000001097eba1c: ; implicit exception: dispatches to 0x00000001097ef558
  0x00000001097eba1c: 400c 00bd | 2100 0012 | bf3b 03d5 | 01a0 0139 | bf3b 03d5 

  0x00000001097eba30: ;   {metadata(method data for {method} {0x0000000125dbb038} 'method_1523' '(Z)V' in 'net/minecraft/class_310')}
  0x00000001097eba30: 005b 93d2 | e0ff a6f2 | 6000 c0f2 | 0870 49f9 | 0805 0091 | 0870 09f9 

  0x00000001097eba48: ;   {metadata(method data for {method} {0x0000000123c654a8} 'method_648' '()J' in 'net/minecraft/class_156')}
  0x00000001097eba48: 0079 9dd2 | a0fc a6f2 | 6000 c0f2 | 03ac 40b9 | 6308 0011 | 03ac 00b9 | 634c 1f12 | 7f00 0071 
  0x00000001097eba68: a0d7 0154 

  0x00000001097eba6c: ;   {oop(a 'java/lang/Class'{0x000000071205af98} = 'net/minecraft/class_156')}
  0x00000001097eba6c: 00f3 95d2 | a040 a2f2 | e000 c0f2 | 0088 40b9 | 00f0 7dd3 

  0x00000001097eba80: ; implicit exception: dispatches to 0x00000001097ef57c
  0x00000001097eba80: 1f00 40f9 | e303 00aa 

  0x00000001097eba88: ;   {metadata(method data for {method} {0x0000000123c654a8} 'method_648' '()J' in 'net/minecraft/class_156')}
  0x00000001097eba88: 0479 9dd2 | a4fc a6f2 | 6400 c0f2 | 6308 40b9 | 0314 c0f2 | 8900 0491 | 2801 40f9 | 7f00 08eb 
  0x00000001097ebaa8: a100 0054 | 8884 40f9 | 0805 0091 | 8884 00f9 | 1c00 0014 | 8940 0491 | 2801 40f9 | 7f00 08eb 
  0x00000001097ebac8: a100 0054 | 888c 40f9 | 0805 0091 | 888c 00f9 | 1400 0014 | 8900 0491 | 2801 40f9 | c800 00b5 
  0x00000001097ebae8: 2301 00f9 | e803 40b2 | 8920 0491 | 2801 00f9 | 0c00 0014 | 8940 0491 | 2801 40f9 | c800 00b5 
  0x00000001097ebb08: 2301 00f9 | e803 40b2 | 8960 0491 | 2801 00f9 | 0400 0014 | 8878 40f9 | 0805 0091 | 8878 00f9 
  0x00000001097ebb28: e103 00aa | 09d4 9ad2 | 0976 a0f2 | 0914 c0f2 

  0x00000001097ebb38: ; ImmutableOopMap {[216]=Oop }
                      ;*invokeinterface getAsLong {reexecute=0 rethrow=0 return_oop=0}
                      ; - net.minecraft.class_156::method_648@3 (line 126)
                      ; - net.minecraft.class_310::method_1523@823 (line 1263)
                      ;   {virtual_call}
  0x00000001097ebb38: 029d aa95 | e16f 40f9 | 2210 40f9 | 0200 02cb | e52b 41b9 | bf00 0071 

  0x00000001097ebb50: ;   {metadata(method data for {method} {0x0000000125dbb038} 'method_1523' '(Z)V' in 'net/minecraft/class_310')}
  0x00000001097ebb50: 035b 93d2 | e3ff a6f2 | 6300 c0f2 | 085e 82d2 | 0960 82d2 | 0401 899a | 6568 64f8 | a504 0091 
  0x00000001097ebb70: 6568 24f8 | 4000 0054 | 221c 00f9 | e0c3 00f9 | 23e8 40b9 | 63f0 7dd3 

  0x00000001097ebb88: ; implicit exception: dispatches to 0x00000001097ef580
  0x00000001097ebb88: 7f00 40f9 | e403 03aa 

  0x00000001097ebb90: ;   {metadata(method data for {method} {0x0000000125dbb038} 'method_1523' '(Z)V' in 'net/minecraft/class_310')}
  0x00000001097ebb90: 055b 93d2 | e5ff a6f2 | 6500 c0f2 | a894 49f9 | 0805 0091 | a894 09f9 | e103 03aa 

  0x00000001097ebbac: ; ImmutableOopMap {[216]=Oop }
                      ;*invokevirtual method_15247 {reexecute=0 rethrow=0 return_oop=0}
                      ; - net.minecraft.class_310::method_1523@854 (line 1268)
                      ;   {optimized virtual_call}
  0x00000001097ebbac: d580 f397 | e16f 40f9 | e0c3 40f9 | 2010 00f9 | 20a8 41b9 | 00f0 7dd3 | 4001 00b4 

  0x00000001097ebbc8: ;   {metadata('net/minecraft/class_3694')}
  0x00000001097ebbc8: 0488 97d2 | 2436 a0f2 | 0414 c0f2 | 0508 40b9 | 0514 c0f2 | a81c 40f9 | 9f00 08eb | 01cd 0154 
  0x00000001097ebbe8: 0100 0014 | e203 00aa 

  0x00000001097ebbf0: ; implicit exception: dispatches to 0x00000001097ef588
  0x00000001097ebbf0: 1f00 40f9 

  0x00000001097ebbf4: ;   {metadata(method data for {method} {0x0000000125dbb038} 'method_1523' '(Z)V' in 'net/minecraft/class_310')}
  0x00000001097ebbf4: 025b 93d2 | e2ff a6f2 | 6200 c0f2 | 48b0 49f9 | 0805 0091 | 48b0 09f9 

  0x00000001097ebc0c: ;   {metadata(method data for {method} {0x0000000125e9f888} 'method_15396' '(Ljava/lang/String;)V' in 'net/minecraft/class_3694')}
  0x00000001097ebc0c: 006f 91d2 | 80f0 a6f2 | 6000 c0f2 | 02ac 40b9 | 4208 0011 | 02ac 00b9 | 424c 1f12 | 5f00 0071 
  0x00000001097ebc2c: 00cb 0154 | 20bc 41b9 | 00f0 7dd3 | e203 1faa | 1f00 02eb 

  0x00000001097ebc40: ;   {metadata(method data for {method} {0x0000000125dbb038} 'method_1523' '(Z)V' in 'net/minecraft/class_310')}
  0x00000001097ebc40: 025b 93d2 | e2ff a6f2 | 6200 c0f2 | 0870 82d2 | 0972 82d2 | 0301 899a | 4468 63f8 | 8404 0091 
  0x00000001097ebc60: 4468 23f8 | 4010 0054 

  0x00000001097ebc68: ; implicit exception: dispatches to 0x00000001097ef5ac
  0x00000001097ebc68: 1f00 40f9 | e203 00aa 

  0x00000001097ebc70: ;   {metadata(method data for {method} {0x0000000125dbb038} 'method_1523' '(Z)V' in 'net/minecraft/class_310')}
  0x00000001097ebc70: 035b 93d2 | e3ff a6f2 | 6300 c0f2 | 4208 40b9 | 0214 c0f2 | 6904 4091 | 29c1 0e91 | 2801 40f9 
  0x00000001097ebc90: 5f00 08eb | a100 0054 | 68dc 49f9 | 0805 0091 | 68dc 09f9 | 2100 0014 | 6904 4091 | 2901 0f91 
  0x00000001097ebcb0: 2801 40f9 | 5f00 08eb | a100 0054 | 68e4 49f9 | 0805 0091 | 68e4 09f9 | 1800 0014 | 6904 4091 
  0x00000001097ebcd0: 29c1 0e91 | 2801 40f9 | e800 00b5 | 2201 00f9 | e803 40b2 | 6904 4091 | 29e1 0e91 | 2801 00f9 
  0x00000001097ebcf0: 0e00 0014 | 6904 4091 | 2901 0f91 | 2801 40f9 | e800 00b5 | 2201 00f9 | e803 40b2 | 6904 4091 
  0x00000001097ebd10: 2921 0f91 | 2801 00f9 | 0400 0014 | 68d0 49f9 | 0805 0091 | 68d0 09f9 | e103 00aa | e9ff 9fd2 
  0x00000001097ebd30: e9ff bff2 | e9ff dff2 

  0x00000001097ebd38: ; ImmutableOopMap {[216]=Oop }
                      ;*invokevirtual method_41723 {reexecute=0 rethrow=0 return_oop=0}
                      ; - net.minecraft.class_310::method_1523@886 (line 1273)
                      ;   {virtual_call}
  0x00000001097ebd38: 3295 5595 | 1f00 0071 

  0x00000001097ebd40: ;   {metadata(method data for {method} {0x0000000125dbb038} 'method_1523' '(Z)V' in 'net/minecraft/class_310')}
  0x00000001097ebd40: 015b 93d2 | e1ff a6f2 | 6100 c0f2 | 087b 82d2 | 097d 82d2 | 0001 899a | 2268 60f8 | 4204 0091 
  0x00000001097ebd60: 2268 20f8 | 4008 0054 | e16f 40f9 | 20bc 41b9 | 00f0 7dd3 

  0x00000001097ebd74: ; implicit exception: dispatches to 0x00000001097ef5b0
  0x00000001097ebd74: 1f00 40f9 | e203 00aa 

  0x00000001097ebd7c: ;   {metadata(method data for {method} {0x0000000125dbb038} 'method_1523' '(Z)V' in 'net/minecraft/class_310')}
  0x00000001097ebd7c: 035b 93d2 | e3ff a6f2 | 6300 c0f2 | 4208 40b9 | 0214 c0f2 | 6904 4091 | 2921 1091 | 2801 40f9 
  0x00000001097ebd9c: 5f00 08eb | a100 0054 | 6808 4af9 | 0805 0091 | 6808 0af9 | 2100 0014 | 6904 4091 | 2961 1091 
  0x00000001097ebdbc: 2801 40f9 | 5f00 08eb | a100 0054 | 6810 4af9 | 0805 0091 | 6810 0af9 | 1800 0014 | 6904 4091 
  0x00000001097ebddc: 2921 1091 | 2801 40f9 | e800 00b5 | 2201 00f9 | e803 40b2 | 6904 4091 | 2941 1091 | 2801 00f9 
  0x00000001097ebdfc: 0e00 0014 | 6904 4091 | 2961 1091 | 2801 40f9 | e800 00b5 | 2201 00f9 | e803 40b2 | 6904 4091 
  0x00000001097ebe1c: 2981 1091 | 2801 00f9 | 0400 0014 | 68fc 49f9 | 0805 0091 | 68fc 09f9 | e103 00aa | e9ff 9fd2 
  0x00000001097ebe3c: e9ff bff2 | e9ff dff2 

  0x00000001097ebe44: ; ImmutableOopMap {[216]=Oop }
                      ;*invokevirtual method_41724 {reexecute=0 rethrow=0 return_oop=0}
                      ; - net.minecraft.class_310::method_1523@897 (line 1274)
                      ;   {virtual_call}
  0x00000001097ebe44: ef94 5595 | e16f 40f9 | 221c 40f9 | 0000 629e 

  0x00000001097ebe54: ;   {section_word}
  0x00000001097ebe54: a82b fd10 | 0101 40fd | 0208 611e | 4000 629e | 4118 601e | 2118 00fd 

  0x00000001097ebe6c: ;   {metadata(method data for {method} {0x0000000125dbb038} 'method_1523' '(Z)V' in 'net/minecraft/class_310')}
  0x00000001097ebe6c: 025b 93d2 | e2ff a6f2 | 6200 c0f2 | 4818 4af9 | 0805 0091 | 4818 0af9 

  0x00000001097ebe84: ;   {metadata(method data for {method} {0x0000000123c65408} 'method_658' '()J' in 'net/minecraft/class_156')}
  0x00000001097ebe84: 0252 9dd2 | a2fc a6f2 | 6200 c0f2 | 43ac 40b9 | 6308 0011 | 43ac 00b9 | 634c 1f12 | 7f00 0071 
  0x00000001097ebea4: 80b8 0154 

  0x00000001097ebea8: ;   {metadata(method data for {method} {0x0000000123c65408} 'method_658' '()J' in 'net/minecraft/class_156')}
  0x00000001097ebea8: 0252 9dd2 | a2fc a6f2 | 6200 c0f2 | 4878 40f9 | 0805 0091 | 4878 00f9 

  0x00000001097ebec0: ;   {metadata(method data for {method} {0x0000000123c654a8} 'method_648' '()J' in 'net/minecraft/class_156')}
  0x00000001097ebec0: 0279 9dd2 | a2fc a6f2 | 6200 c0f2 | 43ac 40b9 | 6308 0011 | 43ac 00b9 | 634c 1f12 | 7f00 0071 
  0x00000001097ebee0: a0b7 0154 

  0x00000001097ebee4: ;   {oop(a 'java/lang/Class'{0x000000071205af98} = 'net/minecraft/class_156')}
  0x00000001097ebee4: 02f3 95d2 | a240 a2f2 | e200 c0f2 | 4288 40b9 | 42f0 7dd3 

  0x00000001097ebef8: ; implicit exception: dispatches to 0x00000001097ef5f4
  0x00000001097ebef8: 5f00 40f9 | e303 02aa 

  0x00000001097ebf00: ;   {metadata(method data for {method} {0x0000000123c654a8} 'method_648' '()J' in 'net/minecraft/class_156')}
  0x00000001097ebf00: 0479 9dd2 | a4fc a6f2 | 6400 c0f2 | 6308 40b9 | 0314 c0f2 | 8900 0491 | 2801 40f9 | 7f00 08eb 
  0x00000001097ebf20: a100 0054 | 8884 40f9 | 0805 0091 | 8884 00f9 | 1c00 0014 | 8940 0491 | 2801 40f9 | 7f00 08eb 
  0x00000001097ebf40: a100 0054 | 888c 40f9 | 0805 0091 | 888c 00f9 | 1400 0014 | 8900 0491 | 2801 40f9 | c800 00b5 
  0x00000001097ebf60: 2301 00f9 | e803 40b2 | 8920 0491 | 2801 00f9 | 0c00 0014 | 8940 0491 | 2801 40f9 | c800 00b5 
  0x00000001097ebf80: 2301 00f9 | e803 40b2 | 8960 0491 | 2801 00f9 | 0400 0014 | 8878 40f9 | 0805 0091 | 8878 00f9 
  0x00000001097ebfa0: e103 02aa | 09d4 9ad2 | 0976 a0f2 | 0914 c0f2 

  0x00000001097ebfb0: ; ImmutableOopMap {[216]=Oop }
                      ;*invokeinterface getAsLong {reexecute=0 rethrow=0 return_oop=0}
                      ; - net.minecraft.class_156::method_648@3 (line 126)
                      ; - net.minecraft.class_156::method_658@0 (line 122)
                      ; - net.minecraft.class_310::method_1523@914 (line 1277)
                      ;   {virtual_call}
  0x00000001097ebfb0: e49b aa95 | 0148 88d2 | e101 a0f2 | 020c c19a | e16f 40f9 | 2014 40f9 | 037d 80d2 | 0000 038b 
  0x00000001097ebfd0: 5f00 00eb 

  0x00000001097ebfd4: ;   {metadata(method data for {method} {0x0000000125dbb038} 'method_1523' '(Z)V' in 'net/minecraft/class_310')}
  0x00000001097ebfd4: 025b 93d2 | e2ff a6f2 | 6200 c0f2 | 0888 82d2 | 098a 82d2 | 00b1 899a | 4368 60f8 | 6304 0091 
  0x00000001097ebff4: 4368 20f8 | cbdd 0054 | 2018 40fd | 01e4 002f | 0020 611e | e207 9f9a | 42a4 82da | 5f00 0071 
  0x00000001097ec014: ;   {metadata(method data for {method} {0x0000000125dbb038} 'method_1523' '(Z)V' in 'net/minecraft/class_310')}
  0x00000001097ec014: 025b 93d2 | e2ff a6f2 | 6200 c0f2 | 088c 82d2 | 098e 82d2 | 00d1 899a | 4368 60f8 | 6304 0091 
  0x00000001097ec034: 4368 20f8 | 0d0a 0054 

  0x00000001097ec03c: ;   {section_word}
  0x00000001097ec03c: a81c fd10 | 0101 40fd | 0020 611e | e207 9f9a | 42a4 82da | 5f00 0071 

  0x00000001097ec054: ;   {metadata(method data for {method} {0x0000000125dbb038} 'method_1523' '(Z)V' in 'net/minecraft/class_310')}
  0x00000001097ec054: 025b 93d2 | e2ff a6f2 | 6200 c0f2 | 0890 82d2 | 0992 82d2 | 00d1 899a | 4368 60f8 | 6304 0091 
  0x00000001097ec074: 4368 20f8 | ed02 0054 

  0x00000001097ec07c: ; ImmutableOopMap {[216]=Oop }
                      ;*invokedynamic {reexecute=0 rethrow=0 return_oop=0}
                      ; - net.minecraft.class_310::method_1523@952 (line 1280)
                      ;   {runtime_call load_appendix_patching Runtime1 stub}
  0x00000001097ec07c: 2167 5895 

  0x00000001097ec080: ;   {oop(a 'net/minecraft/class_124'{0x00000007110db0a0})}
  0x00000001097ec080: 0114 96d2 | a121 a2f2 | e100 c0f2 

  0x00000001097ec08c: ; ImmutableOopMap {[216]=Oop }
                      ;*invokedynamic {reexecute=0 rethrow=0 return_oop=0}
                      ; - net.minecraft.class_310::method_1523@952 (line 1280)
                      ;   {static_call}
  0x00000001097ec08c: 1d95 5595 

  0x00000001097ec090: ;   {metadata(method data for {method} {0x0000000125dbb038} 'method_1523' '(Z)V' in 'net/minecraft/class_310')}
  0x00000001097ec090: 015b 93d2 | e1ff a6f2 | 6100 c0f2 | 2104 4091 | 2100 1391 | e203 00aa | 8200 00b5 | 2900 40f9 
  0x00000001097ec0b0: 2901 40b2 | 2900 00f9 

  0x00000001097ec0b8: ;   {metadata(method data for {method} {0x0000000125dbb038} 'method_1523' '(Z)V' in 'net/minecraft/class_310')}
  0x00000001097ec0b8: 015b 93d2 | e1ff a6f2 | 6100 c0f2 | 2268 4af9 | 4204 0091 | 2268 0af9 | 1500 0014 

  0x00000001097ec0d4: ;   {metadata(method data for {method} {0x0000000125dbb038} 'method_1523' '(Z)V' in 'net/minecraft/class_310')}
  0x00000001097ec0d4: 005b 93d2 | e0ff a6f2 | 6000 c0f2 | 0874 4af9 | 0805 0091 | 0874 0af9 

  0x00000001097ec0ec: ; ImmutableOopMap {[216]=Oop }
                      ;*invokestatic round {reexecute=0 rethrow=0 return_oop=0}
                      ; - net.minecraft.class_310::method_1523@964 (line 1280)
                      ;   {static_call}
  0x00000001097ec0ec: 0595 5595 

  0x00000001097ec0f0: ; ImmutableOopMap {[216]=Oop }
                      ;*invokedynamic {reexecute=0 rethrow=0 return_oop=0}
                      ; - net.minecraft.class_310::method_1523@967 (line 1280)
                      ;   {runtime_call load_appendix_patching Runtime1 stub}
  0x00000001097ec0f0: 0467 5895 | e103 00aa 

  0x00000001097ec0f8: ; ImmutableOopMap {[216]=Oop }
                      ;*invokedynamic {reexecute=0 rethrow=0 return_oop=0}
                      ; - net.minecraft.class_310::method_1523@967 (line 1280)
                      ;   {static_call}
  0x00000001097ec0f8: 0295 5595 

  0x00000001097ec0fc: ;   {metadata(method data for {method} {0x0000000125dbb038} 'method_1523' '(Z)V' in 'net/minecraft/class_310')}
  0x00000001097ec0fc: 015b 93d2 | e1ff a6f2 | 6100 c0f2 | 2104 4091 | 2120 1491 | e203 00aa | 8200 00b5 | 2900 40f9 
  0x00000001097ec11c: 2901 40b2 | 2900 00f9 

  0x00000001097ec124: ; ImmutableOopMap {[216]=Oop c_rarg0=Oop }
                      ;*invokedynamic {reexecute=0 rethrow=0 return_oop=0}
                      ; - net.minecraft.class_310::method_1523@972 (line 1280)
                      ;   {runtime_call load_appendix_patching Runtime1 stub}
  0x00000001097ec124: f766 5895 | e103 00aa 

  0x00000001097ec12c: ; ImmutableOopMap {[216]=Oop }
                      ;*invokedynamic {reexecute=0 rethrow=0 return_oop=0}
                      ; - net.minecraft.class_310::method_1523@972 (line 1280)
                      ;   {static_call}
  0x00000001097ec12c: f594 5595 

  0x00000001097ec130: ;   {metadata(method data for {method} {0x0000000125dbb038} 'method_1523' '(Z)V' in 'net/minecraft/class_310')}
  0x00000001097ec130: 035b 93d2 | e3ff a6f2 | 6300 c0f2 | 6304 4091 | 63e0 1491 | e503 00aa | 8500 00b5 | 6900 40f9 
  0x00000001097ec150: 2901 40b2 | 6900 00f9 

  0x00000001097ec158: ;   {metadata(method data for {method} {0x0000000125dbb038} 'method_1523' '(Z)V' in 'net/minecraft/class_310')}
  0x00000001097ec158: 035b 93d2 | e3ff a6f2 | 6300 c0f2 | 65a4 4af9 | a504 0091 | 65a4 0af9 | e203 00aa | 0400 0014 
  0x00000001097ec178: ;   {oop(""{0x00000007ffe00010})}
  0x00000001097ec178: 0202 80d2 | 02fc bff2 | e200 c0f2 | e16f 40f9 | 234c 40b9 

  0x00000001097ec18c: ;   {oop(a 'java/lang/Class'{0x00000007045468a0} = 'net/minecraft/class_310')}
  0x00000001097ec18c: 0414 8dd2 | 848a a0f2 | e400 c0f2 | 83c4 00b9 | f30b 0032 

  0x00000001097ec1a0: ;   {metadata('java/lang/Object'[])}
  0x00000001097ec1a0: 03b4 82d2 | 0300 a0f2 | 0314 c0f2 | 737e 40d3 | e503 13aa | e85f 40b2 | 7f02 08eb | e2a1 0154 
  0x00000001097ec1c0: eb02 80d2 | 6b49 338b | 6bf1 7d92 | 8087 40f9 | 0b60 2b8b | 888f 40f9 | 7f01 08eb | e8a0 0154 
  0x00000001097ec1e0: 8b87 00f9 | 6b01 00cb | ea03 40b2 | 0a00 00f9 | ea03 032a | 0a4c 0129 | 6b41 00f1 | c001 0054 
  0x00000001097ec200: e803 0baa | 0a40 0091 | 0bfd 43d3 | 6821 00f1 | 4300 0054 

  0x00000001097ec214: ;   {runtime_call StubRoutines (2)}
  0x00000001097ec214: 2b3d 5595 | 6b00 1036 | 5f7d 81a8 | 5f7d 81a8 | 4b00 0836 | 5f7d 81a8 | 4b00 0036 | 5f01 00f9 
  0x00000001097ec234: bf3a 03d5 | 85c4 40b9 

  0x00000001097ec23c: ;   {metadata(method data for {method} {0x0000000125dbb038} 'method_1523' '(Z)V' in 'net/minecraft/class_310')}
  0x00000001097ec23c: 035b 93d2 | e3ff a6f2 | 6300 c0f2 | 68b0 4af9 | 0805 0091 | 68b0 0af9 

  0x00000001097ec254: ;   {metadata(method data for {method} {0x000000a000046150} 'valueOf' '(I)Ljava/lang/Integer;' in 'java/lang/Integer')}
  0x00000001097ec254: 03aa 80d2 | 8342 a4f2 | 2300 c0f2 | 64ac 40b9 | 8408 0011 | 64ac 00b9 | 844c 1f12 | 9f00 0071 
  0x00000001097ec274: 609c 0154 | bf00 0231 

  0x00000001097ec27c: ;   {metadata(method data for {method} {0x000000a000046150} 'valueOf' '(I)Ljava/lang/Integer;' in 'java/lang/Integer')}
  0x00000001097ec27c: 03aa 80d2 | 8342 a4f2 | 2300 c0f2 | e80f 7cb2 | e903 78b2 | 04b1 899a | 6a68 64f8 | 4a05 0091 
  0x00000001097ec29c: 6a68 24f8 | 8b01 0054 | bffc 0171 

  0x00000001097ec2a8: ;   {metadata(method data for {method} {0x000000a000046150} 'valueOf' '(I)Ljava/lang/Integer;' in 'java/lang/Integer')}
  0x00000001097ec2a8: 03aa 80d2 | 8342 a4f2 | 2300 c0f2 | 0824 80d2 | 0922 80d2 | 04d1 899a | 6a68 64f8 | 4a05 0091 
  0x00000001097ec2c8: 6a68 24f8 | 6d08 0054 

  0x00000001097ec2d0: ;   {metadata('java/lang/Integer')}
  0x00000001097ec2d0: 0309 89d2 | 8300 a0f2 | 0314 c0f2 | e603 00aa | 8087 40f9 | 0b40 0091 | 888f 40f9 | 7f01 08eb 
  0x00000001097ec2f0: 8899 0154 | 8b87 00f9 | ea03 40b2 | 0a00 00f9 | ea03 032a | 0a7c 0129 | bf3a 03d5 | e303 00aa 
  0x00000001097ec310: ;   {metadata(method data for {method} {0x000000a000046150} 'valueOf' '(I)Ljava/lang/Integer;' in 'java/lang/Integer')}
  0x00000001097ec310: 04aa 80d2 | 8442 a4f2 | 2400 c0f2 | 8898 40f9 | 0805 0091 | 8898 00f9 

  0x00000001097ec328: ;   {metadata(method data for {method} {0x000000a000045b50} '<init>' '(I)V' in 'java/lang/Integer')}
  0x00000001097ec328: 03d8 80d2 | 8342 a4f2 | 2300 c0f2 | 64ac 40b9 | 8408 0011 | 64ac 00b9 | 844c 1f12 | 9f00 0071 
  0x00000001097ec348: 0097 0154 | e303 00aa 

  0x00000001097ec350: ;   {metadata(method data for {method} {0x000000a000045b50} '<init>' '(I)V' in 'java/lang/Integer')}
  0x00000001097ec350: 04d8 80d2 | 8442 a4f2 | 2400 c0f2 | 8878 40f9 | 0805 0091 | 8878 00f9 

  0x00000001097ec368: ;   {metadata(method data for {method} {0x000000a0004022c8} '<init>' '()V' in 'java/lang/Number')}
  0x00000001097ec368: 03ff 80d2 | 8342 a4f2 | 2300 c0f2 | 64ac 40b9 | 8408 0011 | 64ac 00b9 | 844c 1f12 | 9f00 0071 
  0x00000001097ec388: 0096 0154 | e303 00aa 

  0x00000001097ec390: ;   {metadata(method data for {method} {0x000000a0004022c8} '<init>' '()V' in 'java/lang/Number')}
  0x00000001097ec390: 04ff 80d2 | 8442 a4f2 | 2400 c0f2 | 8878 40f9 | 0805 0091 | 8878 00f9 

  0x00000001097ec3a8: ;   {metadata(method data for {method} {0x000000a000467488} '<init>' '()V' in 'java/lang/Object')}
  0x00000001097ec3a8: 0328 97d2 | 0340 a4f2 | 2300 c0f2 | 64ac 40b9 | 8408 0011 | 64ac 00b9 | 844c 1f12 | 9f00 0071 
  0x00000001097ec3c8: 0095 0154 | 050c 00b9 | bf3a 03d5 | 0c00 0014 | e603 00aa | a300 0211 

  0x00000001097ec3e0: ;   {oop(a 'java/lang/Integer'[256] {0x00000007ffe67f40})}
  0x00000001097ec3e0: 00e8 8fd2 | c0fc bff2 | e000 c0f2 | 637c 4093 | 63f4 7ed3 | 6340 0091 

  0x00000001097ec3f8: ; implicit exception: dispatches to 0x00000001097ef688
  0x00000001097ec3f8: 0368 63b8 | 63f0 7dd3 | e003 03aa | e547 41b9 | 2001 00b5 

  0x00000001097ec40c: ;   {metadata(method data for {method} {0x0000000125dbb038} 'method_1523' '(Z)V' in 'net/minecraft/class_310')}
  0x00000001097ec40c: 045b 93d2 | e4ff a6f2 | 6400 c0f2 | 8904 4091 | 28a5 5539 | 0801 40b2 | 28a5 1539 | 4700 0014 
  0x00000001097ec42c: ; implicit exception: dispatches to 0x00000001097ef68c
  0x00000001097ec42c: c308 40b9 | 0314 c0f2 | 0408 40b9 | 0414 c0f2 | 6374 40f9 | 9f00 03eb | 6001 0054 | 6a14 40b9 
  0x00000001097ec44c: 8868 6af8 | 7f00 08eb | e000 0054 | 5f81 00f1 | 2106 0054 | e40f bfa9 

  0x00000001097ec464: ;   {runtime_call slow_subtype_check Runtime1 stub}
  0x00000001097ec464: 675f 5895 | e313 c1a8 | a305 0034 

  0x00000001097ec470: ;   {metadata(method data for {method} {0x0000000125dbb038} 'method_1523' '(Z)V' in 'net/minecraft/class_310')}
  0x00000001097ec470: 045b 93d2 | e4ff a6f2 | 6400 c0f2 | 0308 40b9 | 0314 c0f2 | 8904 4091 | 2901 1691 | 2801 40f9 
  0x00000001097ec490: 7f00 08eb | a100 0054 | 88c4 4af9 | 0805 0091 | 88c4 0af9 | 2800 0014 | 8904 4091 | 2941 1691 
  0x00000001097ec4b0: 2801 40f9 | 7f00 08eb | a100 0054 | 88cc 4af9 | 0805 0091 | 88cc 0af9 | 1f00 0014 | 8904 4091 
  0x00000001097ec4d0: 2901 1691 | 2801 40f9 | e800 00b5 | 2301 00f9 | e803 40b2 | 8904 4091 | 2921 1691 | 2801 00f9 
  0x00000001097ec4f0: 1500 0014 | 8904 4091 | 2941 1691 | 2801 40f9 | e800 00b5 | 2301 00f9 | e803 40b2 | 8904 4091 
  0x00000001097ec510: 2961 1691 | 2801 00f9 | 0b00 0014 | 0a00 0014 

  0x00000001097ec520: ;   {metadata(method data for {method} {0x0000000125dbb038} 'method_1523' '(Z)V' in 'net/minecraft/class_310')}
  0x00000001097ec520: 045b 93d2 | e4ff a6f2 | 6400 c0f2 | 8904 4091 | 29c1 1591 | 2801 40f9 | 0805 00d1 | 2801 00f9 
  0x00000001097ec540: 540c 0014 | c340 0091 | 84e3 4039 | 9f00 0071 | 418a 0154 | 08fc 43d3 | 6800 00b9 | 6400 00ca 
  0x00000001097ec560: 84fc 55d3 | 9f00 00f1 | 418a 0154 | bf10 0471 

  0x00000001097ec570: ;   {metadata(method data for {method} {0x0000000125dbb038} 'method_1523' '(Z)V' in 'net/minecraft/class_310')}
  0x00000001097ec570: 035b 93d2 | e3ff a6f2 | 6300 c0f2 | 08b5 82d2 | 09b7 82d2 | 0011 899a | 6468 60f8 | 8404 0091 
  0x00000001097ec590: 6468 20f8 | 6101 0054 

  0x00000001097ec598: ;   {metadata(method data for {method} {0x0000000125dbb038} 'method_1523' '(Z)V' in 'net/minecraft/class_310')}
  0x00000001097ec598: 035b 93d2 | e3ff a6f2 | 6300 c0f2 | 60e4 4af9 | 0004 0091 | 60e4 0af9 

  0x00000001097ec5b0: ;   {oop("inf"{0x00000007294660d0})}
  0x00000001097ec5b0: 071a 8cd2 | c728 a5f2 | e700 c0f2 | 7200 0014 

  0x00000001097ec5c0: ;   {metadata(method data for {method} {0x0000000125dbb038} 'method_1523' '(Z)V' in 'net/minecraft/class_310')}
  0x00000001097ec5c0: 035b 93d2 | e3ff a6f2 | 6300 c0f2 | 68f0 4af9 | 0805 0091 | 68f0 0af9 

  0x00000001097ec5d8: ;   {metadata(method data for {method} {0x000000a000046150} 'valueOf' '(I)Ljava/lang/Integer;' in 'java/lang/Integer')}
  0x00000001097ec5d8: 03aa 80d2 | 8342 a4f2 | 2300 c0f2 | 60ac 40b9 | 0008 0011 | 60ac 00b9 | 004c 1f12 | 1f00 0071 
  0x00000001097ec5f8: 4086 0154 | bf00 0231 

  0x00000001097ec600: ;   {metadata(method data for {method} {0x000000a000046150} 'valueOf' '(I)Ljava/lang/Integer;' in 'java/lang/Integer')}
  0x00000001097ec600: 03aa 80d2 | 8342 a4f2 | 2300 c0f2 | e80f 7cb2 | e903 78b2 | 00b1 899a | 6468 60f8 | 8404 0091 
  0x00000001097ec620: 6468 20f8 | 8b01 0054 | bffc 0171 

  0x00000001097ec62c: ;   {metadata(method data for {method} {0x000000a000046150} 'valueOf' '(I)Ljava/lang/Integer;' in 'java/lang/Integer')}
  0x00000001097ec62c: 03aa 80d2 | 8342 a4f2 | 2300 c0f2 | 0824 80d2 | 0922 80d2 | 00d1 899a | 6468 60f8 | 8404 0091 
  0x00000001097ec64c: 6468 20f8 | 6d08 0054 

  0x00000001097ec654: ;   {metadata('java/lang/Integer')}
  0x00000001097ec654: 0309 89d2 | 8300 a0f2 | 0314 c0f2 | 8087 40f9 | 0b40 0091 | 888f 40f9 | 7f01 08eb | 8883 0154 
  0x00000001097ec674: 8b87 00f9 | ea03 40b2 | 0a00 00f9 | ea03 032a | 0a7c 0129 | bf3a 03d5 | e303 00aa 

  0x00000001097ec690: ;   {metadata(method data for {method} {0x000000a000046150} 'valueOf' '(I)Ljava/lang/Integer;' in 'java/lang/Integer')}
  0x00000001097ec690: 04aa 80d2 | 8442 a4f2 | 2400 c0f2 | 8898 40f9 | 0805 0091 | 8898 00f9 

  0x00000001097ec6a8: ;   {metadata(method data for {method} {0x000000a000045b50} '<init>' '(I)V' in 'java/lang/Integer')}
  0x00000001097ec6a8: 03d8 80d2 | 8342 a4f2 | 2300 c0f2 | 64ac 40b9 | 8408 0011 | 64ac 00b9 | 844c 1f12 | 9f00 0071 
  0x00000001097ec6c8: 0081 0154 | e303 00aa 

  0x00000001097ec6d0: ;   {metadata(method data for {method} {0x000000a000045b50} '<init>' '(I)V' in 'java/lang/Integer')}
  0x00000001097ec6d0: 04d8 80d2 | 8442 a4f2 | 2400 c0f2 | 8878 40f9 | 0805 0091 | 8878 00f9 

  0x00000001097ec6e8: ;   {metadata(method data for {method} {0x000000a0004022c8} '<init>' '()V' in 'java/lang/Number')}
  0x00000001097ec6e8: 03ff 80d2 | 8342 a4f2 | 2300 c0f2 | 64ac 40b9 | 8408 0011 | 64ac 00b9 | 844c 1f12 | 9f00 0071 
  0x00000001097ec708: 0080 0154 | e303 00aa 

  0x00000001097ec710: ;   {metadata(method data for {method} {0x000000a0004022c8} '<init>' '()V' in 'java/lang/Number')}
  0x00000001097ec710: 04ff 80d2 | 8442 a4f2 | 2400 c0f2 | 8878 40f9 | 0805 0091 | 8878 00f9 

  0x00000001097ec728: ;   {metadata(method data for {method} {0x000000a000467488} '<init>' '()V' in 'java/lang/Object')}
  0x00000001097ec728: 0328 97d2 | 0340 a4f2 | 2300 c0f2 | 64ac 40b9 | 8408 0011 | 64ac 00b9 | 844c 1f12 | 9f00 0071 
  0x00000001097ec748: 007f 0154 | 050c 00b9 | bf3a 03d5 | e703 00aa | 0b00 0014 | a300 0211 

  0x00000001097ec760: ;   {oop(a 'java/lang/Integer'[256] {0x00000007ffe67f40})}
  0x00000001097ec760: 00e8 8fd2 | c0fc bff2 | e000 c0f2 | 637c 4093 | 63f4 7ed3 | 6340 0091 

  0x00000001097ec778: ; implicit exception: dispatches to 0x00000001097ef748
  0x00000001097ec778: 0368 63b8 | 63f0 7dd3 | e703 03aa | 2701 00b5 

  0x00000001097ec788: ;   {metadata(method data for {method} {0x0000000125dbb038} 'method_1523' '(Z)V' in 'net/minecraft/class_310')}
  0x00000001097ec788: 005b 93d2 | e0ff a6f2 | 6000 c0f2 | 0904 4091 | 28a5 5739 | 0801 40b2 | 28a5 1739 | 4700 0014 
  0x00000001097ec7a8: ; implicit exception: dispatches to 0x00000001097ef74c
  0x00000001097ec7a8: c308 40b9 | 0314 c0f2 | e008 40b9 | 0014 c0f2 | 6374 40f9 | 1f00 03eb | 6001 0054 | 6414 40b9 
  0x00000001097ec7c8: 0868 64f8 | 7f00 08eb | e000 0054 | 9f80 00f1 | 2106 0054 | e00f bfa9 

  0x00000001097ec7e0: ;   {runtime_call slow_subtype_check Runtime1 stub}
  0x00000001097ec7e0: 885e 5895 | e303 c1a8 | a305 0034 

  0x00000001097ec7ec: ;   {metadata(method data for {method} {0x0000000125dbb038} 'method_1523' '(Z)V' in 'net/minecraft/class_310')}
  0x00000001097ec7ec: 005b 93d2 | e0ff a6f2 | 6000 c0f2 | e308 40b9 | 0314 c0f2 | 0904 4091 | 2901 1891 | 2801 40f9 
  0x00000001097ec80c: 7f00 08eb | a100 0054 | 0804 4bf9 | 0805 0091 | 0804 0bf9 | 2800 0014 | 0904 4091 | 2941 1891 
  0x00000001097ec82c: 2801 40f9 | 7f00 08eb | a100 0054 | 080c 4bf9 | 0805 0091 | 080c 0bf9 | 1f00 0014 | 0904 4091 
  0x00000001097ec84c: 2901 1891 | 2801 40f9 | e800 00b5 | 2301 00f9 | e803 40b2 | 0904 4091 | 2921 1891 | 2801 00f9 
  0x00000001097ec86c: 1500 0014 | 0904 4091 | 2941 1891 | 2801 40f9 | e800 00b5 | 2301 00f9 | e803 40b2 | 0904 4091 
  0x00000001097ec88c: 2961 1891 | 2801 00f9 | 0b00 0014 | 0a00 0014 

  0x00000001097ec89c: ;   {metadata(method data for {method} {0x0000000125dbb038} 'method_1523' '(Z)V' in 'net/minecraft/class_310')}
  0x00000001097ec89c: 005b 93d2 | e0ff a6f2 | 6000 c0f2 | 0904 4091 | 29c1 1791 | 2801 40f9 | 0805 00d1 | 2801 00f9 
  0x00000001097ec8bc: a50b 0014 | c350 0091 | 80e3 4039 | 1f00 0071 | 6174 0154 | e8fc 43d3 | 6800 00b9 | 6000 07ca 
  0x00000001097ec8dc: 00fc 55d3 | 1f00 00f1 | 6174 0154 | 23c0 40b9 | 63f0 7dd3 

  0x00000001097ec8f0: ; implicit exception: dispatches to 0x00000001097ef780
  0x00000001097ec8f0: 7f00 40f9 | e003 03aa 

  0x00000001097ec8f8: ;   {metadata(method data for {method} {0x0000000125dbb038} 'method_1523' '(Z)V' in 'net/minecraft/class_310')}
  0x00000001097ec8f8: 045b 93d2 | e4ff a6f2 | 6400 c0f2 | 8820 4bf9 | 0805 0091 | 8820 0bf9 | 60cc 40b9 | 00f0 7dd3 
  0x00000001097ec918: ; implicit exception: dispatches to 0x00000001097ef784
  0x00000001097ec918: 1f00 40f9 | e403 00aa 

  0x00000001097ec920: ;   {metadata(method data for {method} {0x0000000125dbb038} 'method_1523' '(Z)V' in 'net/minecraft/class_310')}
  0x00000001097ec920: 0a5b 93d2 | eaff a6f2 | 6a00 c0f2 | 8408 40b9 | 0414 c0f2 | 4905 4091 | 29c1 1991 | 2801 40f9 
  0x00000001097ec940: 9f00 08eb | a100 0054 | 483d 4bf9 | 0805 0091 | 483d 0bf9 | 2100 0014 | 4905 4091 | 2901 1a91 
  0x00000001097ec960: 2801 40f9 | 9f00 08eb | a100 0054 | 4845 4bf9 | 0805 0091 | 4845 0bf9 | 1800 0014 | 4905 4091 
  0x00000001097ec980: 29c1 1991 | 2801 40f9 | e800 00b5 | 2401 00f9 | e803 40b2 | 4905 4091 | 29e1 1991 | 2801 00f9 
  0x00000001097ec9a0: 0e00 0014 | 4905 4091 | 2901 1a91 | 2801 40f9 | e800 00b5 | 2401 00f9 | e803 40b2 | 4905 4091 
  0x00000001097ec9c0: 2921 1a91 | 2801 00f9 | 0400 0014 | 4831 4bf9 | 0805 0091 | 4831 0bf9 | 0028 40b9 | 00f0 7dd3 
  0x00000001097ec9e0: 2001 00b5 

  0x00000001097ec9e4: ;   {metadata(method data for {method} {0x0000000125dbb038} 'method_1523' '(Z)V' in 'net/minecraft/class_310')}
  0x00000001097ec9e4: 0b5b 93d2 | ebff a6f2 | 6b00 c0f2 | 6905 4091 | 2845 5a39 | 0801 40b2 | 2845 1a39 | 3d00 0014 
  0x00000001097eca04: ;   {metadata('java/lang/Boolean')}
  0x00000001097eca04: 0a86 83d2 | 6a00 a0f2 | 0a14 c0f2 | 0808 40b9 | 0814 c0f2 | 1f01 0aeb | a105 0054 

  0x00000001097eca20: ;   {metadata(method data for {method} {0x0000000125dbb038} 'method_1523' '(Z)V' in 'net/minecraft/class_310')}
  0x00000001097eca20: 0b5b 93d2 | ebff a6f2 | 6b00 c0f2 | 0a08 40b9 | 0a14 c0f2 | 6905 4091 | 29a1 1a91 | 2801 40f9 
  0x00000001097eca40: 5f01 08eb | a100 0054 | 6859 4bf9 | 0805 0091 | 6859 0bf9 | 2800 0014 | 6905 4091 | 29e1 1a91 
  0x00000001097eca60: 2801 40f9 | 5f01 08eb | a100 0054 | 6861 4bf9 | 0805 0091 | 6861 0bf9 | 1f00 0014 | 6905 4091 
  0x00000001097eca80: 29a1 1a91 | 2801 40f9 | e800 00b5 | 2a01 00f9 | e803 40b2 | 6905 4091 | 29c1 1a91 | 2801 00f9 
  0x00000001097ecaa0: 1500 0014 | 6905 4091 | 29e1 1a91 | 2801 40f9 | e800 00b5 | 2a01 00f9 | e803 40b2 | 6905 4091 
  0x00000001097ecac0: 2901 1b91 | 2801 00f9 | 0b00 0014 | 0a00 0014 

  0x00000001097ecad0: ;   {metadata(method data for {method} {0x0000000125dbb038} 'method_1523' '(Z)V' in 'net/minecraft/class_310')}
  0x00000001097ecad0: 0b5b 93d2 | ebff a6f2 | 6b00 c0f2 | 6905 4091 | 284d 43f9 | 0805 00d1 | 284d 03f9 | 270b 0014 
  0x00000001097ecaf0: 0100 0014 

  0x00000001097ecaf4: ; implicit exception: dispatches to 0x00000001097ef790
  0x00000001097ecaf4: 1f00 40f9 | e403 00aa 

  0x00000001097ecafc: ;   {metadata(method data for {method} {0x0000000125dbb038} 'method_1523' '(Z)V' in 'net/minecraft/class_310')}
  0x00000001097ecafc: 0a5b 93d2 | eaff a6f2 | 6a00 c0f2 | 4869 4bf9 | 0805 0091 | 4869 0bf9 | 0030 4039 | 0000 0012 
  0x00000001097ecb1c: 1f00 0071 

  0x00000001097ecb20: ;   {metadata(method data for {method} {0x0000000125dbb038} 'method_1523' '(Z)V' in 'net/minecraft/class_310')}
  0x00000001097ecb20: 005b 93d2 | e0ff a6f2 | 6000 c0f2 | 08e1 82d2 | 09e3 82d2 | 0401 899a | 0a68 64f8 | 4a05 0091 
  0x00000001097ecb40: 0a68 24f8 | 6001 0054 

  0x00000001097ecb48: ;   {metadata(method data for {method} {0x0000000125dbb038} 'method_1523' '(Z)V' in 'net/minecraft/class_310')}
  0x00000001097ecb48: 005b 93d2 | e0ff a6f2 | 6000 c0f2 | 0494 4bf9 | 8404 0091 | 0494 0bf9 

  0x00000001097ecb60: ;   {oop(" vsync"{0x00000007294660a0})}
  0x00000001097ecb60: 0014 8cd2 | c028 a5f2 | e000 c0f2 | 0400 0014 

  0x00000001097ecb70: ;   {oop(""{0x00000007ffe00010})}
  0x00000001097ecb70: 0002 80d2 | 00fc bff2 | e000 c0f2 | 2001 00b5 

  0x00000001097ecb80: ;   {metadata(method data for {method} {0x0000000125dbb038} 'method_1523' '(Z)V' in 'net/minecraft/class_310')}
  0x00000001097ecb80: 0a5b 93d2 | eaff a6f2 | 6a00 c0f2 | 4905 4091 | 28e5 5c39 | 0801 40b2 | 28e5 1c39 | 4700 0014 
  0x00000001097ecba0: ; implicit exception: dispatches to 0x00000001097ef794
  0x00000001097ecba0: c408 40b9 | 0414 c0f2 | 0a08 40b9 | 0a14 c0f2 | 8474 40f9 | 5f01 04eb | 6001 0054 | 8b14 40b9 
  0x00000001097ecbc0: 4869 6bf8 | 9f00 08eb | e000 0054 | 7f81 00f1 | 2106 0054 | ea13 bfa9 

  0x00000001097ecbd8: ;   {runtime_call slow_subtype_check Runtime1 stub}
  0x00000001097ecbd8: 8a5d 5895 | e42b c1a8 | a405 0034 

  0x00000001097ecbe4: ;   {metadata(method data for {method} {0x0000000125dbb038} 'method_1523' '(Z)V' in 'net/minecraft/class_310')}
  0x00000001097ecbe4: 0a5b 93d2 | eaff a6f2 | 6a00 c0f2 | 0408 40b9 | 0414 c0f2 | 4905 4091 | 2941 1d91 | 2801 40f9 
  0x00000001097ecc04: 9f00 08eb | a100 0054 | 48ad 4bf9 | 0805 0091 | 48ad 0bf9 | 2800 0014 | 4905 4091 | 2981 1d91 
  0x00000001097ecc24: 2801 40f9 | 9f00 08eb | a100 0054 | 48b5 4bf9 | 0805 0091 | 48b5 0bf9 | 1f00 0014 | 4905 4091 
  0x00000001097ecc44: 2941 1d91 | 2801 40f9 | e800 00b5 | 2401 00f9 | e803 40b2 | 4905 4091 | 2961 1d91 | 2801 00f9 
  0x00000001097ecc64: 1500 0014 | 4905 4091 | 2981 1d91 | 2801 40f9 | e800 00b5 | 2401 00f9 | e803 40b2 | 4905 4091 
  0x00000001097ecc84: 29a1 1d91 | 2801 00f9 | 0b00 0014 | 0a00 0014 

  0x00000001097ecc94: ;   {metadata(method data for {method} {0x0000000125dbb038} 'method_1523' '(Z)V' in 'net/minecraft/class_310')}
  0x00000001097ecc94: 0a5b 93d2 | eaff a6f2 | 6a00 c0f2 | 4905 4091 | 2901 1d91 | 2801 40f9 | 0805 00d1 | 2801 00f9 
  0x00000001097eccb4: b90a 0014 | c460 0091 | 8ae3 4039 | 5f01 0071 | e156 0154 | 08fc 43d3 | 8800 00b9 | 8a00 00ca 
  0x00000001097eccd4: 4afd 55d3 | 5f01 00f1 | e156 0154 | e003 03aa 

  0x00000001097ecce4: ;   {metadata(method data for {method} {0x0000000125dbb038} 'method_1523' '(Z)V' in 'net/minecraft/class_310')}
  0x00000001097ecce4: 045b 93d2 | e4ff a6f2 | 6400 c0f2 | 88c8 4bf9 | 0805 0091 | 88c8 0bf9 | 604c 40b9 | 00f0 7dd3 
  0x00000001097ecd04: ; implicit exception: dispatches to 0x00000001097ef7c8
  0x00000001097ecd04: 1f00 40f9 | e403 00aa 

  0x00000001097ecd0c: ;   {metadata(method data for {method} {0x0000000125dbb038} 'method_1523' '(Z)V' in 'net/minecraft/class_310')}
  0x00000001097ecd0c: 0a5b 93d2 | eaff a6f2 | 6a00 c0f2 | 8408 40b9 | 0414 c0f2 | 4905 4091 | 2901 1f91 | 2801 40f9 
  0x00000001097ecd2c: 9f00 08eb | a100 0054 | 48e5 4bf9 | 0805 0091 | 48e5 0bf9 | 2100 0014 | 4905 4091 | 2941 1f91 
  0x00000001097ecd4c: 2801 40f9 | 9f00 08eb | a100 0054 | 48ed 4bf9 | 0805 0091 | 48ed 0bf9 | 1800 0014 | 4905 4091 
  0x00000001097ecd6c: 2901 1f91 | 2801 40f9 | e800 00b5 | 2401 00f9 | e803 40b2 | 4905 4091 | 2921 1f91 | 2801 00f9 
  0x00000001097ecd8c: 0e00 0014 | 4905 4091 | 2941 1f91 | 2801 40f9 | e800 00b5 | 2401 00f9 | e803 40b2 | 4905 4091 
  0x00000001097ecdac: 2961 1f91 | 2801 00f9 | 0400 0014 | 48d9 4bf9 | 0805 0091 | 48d9 0bf9 | 0028 40b9 | 00f0 7dd3 
  0x00000001097ecdcc: 2001 00b5 

  0x00000001097ecdd0: ;   {metadata(method data for {method} {0x0000000125dbb038} 'method_1523' '(Z)V' in 'net/minecraft/class_310')}
  0x00000001097ecdd0: 0a5b 93d2 | eaff a6f2 | 6a00 c0f2 | 4905 4091 | 2885 5f39 | 0801 40b2 | 2885 1f39 | 4700 0014 
  0x00000001097ecdf0: ; implicit exception: dispatches to 0x00000001097ef7cc
  0x00000001097ecdf0: c408 40b9 | 0414 c0f2 | 0a08 40b9 | 0a14 c0f2 | 8474 40f9 | 5f01 04eb | 6001 0054 | 8b14 40b9 
  0x00000001097ece10: 4869 6bf8 | 9f00 08eb | e000 0054 | 7f81 00f1 | 2106 0054 | ea13 bfa9 

  0x00000001097ece28: ;   {runtime_call slow_subtype_check Runtime1 stub}
  0x00000001097ece28: f65c 5895 | e42b c1a8 | a405 0034 

  0x00000001097ece34: ;   {metadata(method data for {method} {0x0000000125dbb038} 'method_1523' '(Z)V' in 'net/minecraft/class_310')}
  0x00000001097ece34: 0a5b 93d2 | eaff a6f2 | 6a00 c0f2 | 0408 40b9 | 0414 c0f2 | 4905 4091 | 29e1 1f91 | 2801 40f9 
  0x00000001097ece54: 9f00 08eb | a100 0054 | 4801 4cf9 | 0805 0091 | 4801 0cf9 | 2800 0014 | 4905 4091 | 2921 2091 
  0x00000001097ece74: 2801 40f9 | 9f00 08eb | a100 0054 | 4809 4cf9 | 0805 0091 | 4809 0cf9 | 1f00 0014 | 4905 4091 
  0x00000001097ece94: 29e1 1f91 | 2801 40f9 | e800 00b5 | 2401 00f9 | e803 40b2 | 4905 4091 | 2901 2091 | 2801 00f9 
  0x00000001097eceb4: 1500 0014 | 4905 4091 | 2921 2091 | 2801 40f9 | e800 00b5 | 2401 00f9 | e803 40b2 | 4905 4091 
  0x00000001097eced4: 2941 2091 | 2801 00f9 | 0b00 0014 | 0a00 0014 

  0x00000001097ecee4: ;   {metadata(method data for {method} {0x0000000125dbb038} 'method_1523' '(Z)V' in 'net/minecraft/class_310')}
  0x00000001097ecee4: 0a5b 93d2 | eaff a6f2 | 6a00 c0f2 | 4905 4091 | 29a1 1f91 | 2801 40f9 | 0805 00d1 | 2801 00f9 
  0x00000001097ecf04: 330a 0014 | c470 0091 | 8ae3 4039 | 5f01 0071 | 2146 0154 | 08fc 43d3 | 8800 00b9 | 8a00 00ca 
  0x00000001097ecf24: 4afd 55d3 | 5f01 00f1 | 2146 0154 | e003 03aa 

  0x00000001097ecf34: ;   {metadata(method data for {method} {0x0000000125dbb038} 'method_1523' '(Z)V' in 'net/minecraft/class_310')}
  0x00000001097ecf34: 045b 93d2 | e4ff a6f2 | 6400 c0f2 | 881c 4cf9 | 0805 0091 | 881c 0cf9 | 6048 40b9 | 00f0 7dd3 
  0x00000001097ecf54: ; implicit exception: dispatches to 0x00000001097ef800
  0x00000001097ecf54: 1f00 40f9 | e403 00aa 

  0x00000001097ecf5c: ;   {metadata(method data for {method} {0x0000000125dbb038} 'method_1523' '(Z)V' in 'net/minecraft/class_310')}
  0x00000001097ecf5c: 0a5b 93d2 | eaff a6f2 | 6a00 c0f2 | 8408 40b9 | 0414 c0f2 | 4905 4091 | 29a1 2191 | 2801 40f9 
  0x00000001097ecf7c: 9f00 08eb | a100 0054 | 4839 4cf9 | 0805 0091 | 4839 0cf9 | 2100 0014 | 4905 4091 | 29e1 2191 
  0x00000001097ecf9c: 2801 40f9 | 9f00 08eb | a100 0054 | 4841 4cf9 | 0805 0091 | 4841 0cf9 | 1800 0014 | 4905 4091 
  0x00000001097ecfbc: 29a1 2191 | 2801 40f9 | e800 00b5 | 2401 00f9 | e803 40b2 | 4905 4091 | 29c1 2191 | 2801 00f9 
  0x00000001097ecfdc: 0e00 0014 | 4905 4091 | 29e1 2191 | 2801 40f9 | e800 00b5 | 2401 00f9 | e803 40b2 | 4905 4091 
  0x00000001097ecffc: 2901 2291 | 2801 00f9 | 0400 0014 | 482d 4cf9 | 0805 0091 | 482d 0cf9 | 0428 40b9 | 84f0 7dd3 
  0x00000001097ed01c: ;   {oop(a 'net/minecraft/class_4063'{0x0000000726571cf8})}
  0x00000001097ed01c: 0a9f 83d2 | eaca a4f2 | ea00 c0f2 | 9f00 0aeb 

  0x00000001097ed02c: ;   {metadata(method data for {method} {0x0000000125dbb038} 'method_1523' '(Z)V' in 'net/minecraft/class_310')}
  0x00000001097ed02c: 0a5b 93d2 | eaff a6f2 | 6a00 c0f2 | 0812 83d2 | 0914 83d2 | 0b11 899a | 4769 6bf8 | e704 0091 
  0x00000001097ed04c: 4769 2bf8 | 6101 0054 

  0x00000001097ed054: ;   {metadata(method data for {method} {0x0000000125dbb038} 'method_1523' '(Z)V' in 'net/minecraft/class_310')}
  0x00000001097ed054: 005b 93d2 | e0ff a6f2 | 6000 c0f2 | 0458 4cf9 | 8404 0091 | 0458 0cf9 

  0x00000001097ed06c: ;   {oop(""{0x00000007ffe00010})}
  0x00000001097ed06c: 0002 80d2 | 00fc bff2 | e000 c0f2 | 5700 0014 | ea03 03aa 

  0x00000001097ed080: ;   {metadata(method data for {method} {0x0000000125dbb038} 'method_1523' '(Z)V' in 'net/minecraft/class_310')}
  0x00000001097ed080: 0b5b 93d2 | ebff a6f2 | 6b00 c0f2 

  0x00000001097ed08c: ;   {metadata('net/minecraft/class_315')}
  0x00000001097ed08c: 08f0 94d2 | a875 a0f2 | 0814 c0f2 | 6905 4091 | 2961 2391 | 2801 00f9 | 6871 4cf9 | 0805 0091 
  0x00000001097ed0ac: 6871 0cf9 

  0x00000001097ed0b0: ;   {metadata(method data for {method} {0x0000000125dbb038} 'method_1523' '(Z)V' in 'net/minecraft/class_310')}
  0x00000001097ed0b0: 0a5b 93d2 | eaff a6f2 | 6a00 c0f2 | 0008 40b9 | 0014 c0f2 | 4905 4091 | 2941 2491 | 2801 40f9 
  0x00000001097ed0d0: 1f00 08eb | a100 0054 | 488d 4cf9 | 0805 0091 | 488d 0cf9 | 2100 0014 | 4905 4091 | 2981 2491 
  0x00000001097ed0f0: 2801 40f9 | 1f00 08eb | a100 0054 | 4895 4cf9 | 0805 0091 | 4895 0cf9 | 1800 0014 | 4905 4091 
  0x00000001097ed110: 2941 2491 | 2801 40f9 | e800 00b5 | 2001 00f9 | e803 40b2 | 4905 4091 | 2961 2491 | 2801 00f9 
  0x00000001097ed130: 0e00 0014 | 4905 4091 | 2981 2491 | 2801 40f9 | e800 00b5 | 2001 00f9 | e803 40b2 | 4905 4091 
  0x00000001097ed150: 29a1 2491 | 2801 00f9 | 0400 0014 | 4881 4cf9 | 0805 0091 | 4881 0cf9 

  0x00000001097ed168: ;   {oop(a 'net/minecraft/class_4063'{0x0000000726571c98})}
  0x00000001097ed168: 0093 83d2 | e0ca a4f2 | e000 c0f2 | 9f00 00eb 

  0x00000001097ed178: ;   {metadata(method data for {method} {0x0000000125dbb038} 'method_1523' '(Z)V' in 'net/minecraft/class_310')}
  0x00000001097ed178: 005b 93d2 | e0ff a6f2 | 6000 c0f2 | 0827 83d2 | 0929 83d2 | 0411 899a | 0a68 64f8 | 4a05 0091 
  0x00000001097ed198: 0a68 24f8 | 6101 0054 

  0x00000001097ed1a0: ;   {metadata(method data for {method} {0x0000000125dbb038} 'method_1523' '(Z)V' in 'net/minecraft/class_310')}
  0x00000001097ed1a0: 005b 93d2 | e0ff a6f2 | 6000 c0f2 | 04ac 4cf9 | 8404 0091 | 04ac 0cf9 

  0x00000001097ed1b8: ;   {oop(" fast-clouds"{0x0000000729466068})}
  0x00000001097ed1b8: 000d 8cd2 | c028 a5f2 | e000 c0f2 | 0400 0014 

  0x00000001097ed1c8: ;   {oop(" fancy-clouds"{0x0000000729466030})}
  0x00000001097ed1c8: 0006 8cd2 | c028 a5f2 | e000 c0f2 | e547 01b9 | 2001 00b5 

  0x00000001097ed1dc: ;   {metadata(method data for {method} {0x0000000125dbb038} 'method_1523' '(Z)V' in 'net/minecraft/class_310')}
  0x00000001097ed1dc: 0a5b 93d2 | eaff a6f2 | 6a00 c0f2 | 4905 4091 | 28a5 6539 | 0801 40b2 | 28a5 2539 | 4700 0014 
  0x00000001097ed1fc: ; implicit exception: dispatches to 0x00000001097ef804
  0x00000001097ed1fc: c408 40b9 | 0414 c0f2 | 0a08 40b9 | 0a14 c0f2 | 8474 40f9 | 5f01 04eb | 6001 0054 | 8b14 40b9 
  0x00000001097ed21c: 4869 6bf8 | 9f00 08eb | e000 0054 | 7f81 00f1 | 2106 0054 | ea13 bfa9 

  0x00000001097ed234: ;   {runtime_call slow_subtype_check Runtime1 stub}
  0x00000001097ed234: f35b 5895 | e42b c1a8 | a405 0034 

  0x00000001097ed240: ;   {metadata(method data for {method} {0x0000000125dbb038} 'method_1523' '(Z)V' in 'net/minecraft/class_310')}
  0x00000001097ed240: 0a5b 93d2 | eaff a6f2 | 6a00 c0f2 | 0408 40b9 | 0414 c0f2 | 4905 4091 | 2901 2691 | 2801 40f9 
  0x00000001097ed260: 9f00 08eb | a100 0054 | 48c5 4cf9 | 0805 0091 | 48c5 0cf9 | 2800 0014 | 4905 4091 | 2941 2691 
  0x00000001097ed280: 2801 40f9 | 9f00 08eb | a100 0054 | 48cd 4cf9 | 0805 0091 | 48cd 0cf9 | 1f00 0014 | 4905 4091 
  0x00000001097ed2a0: 2901 2691 | 2801 40f9 | e800 00b5 | 2401 00f9 | e803 40b2 | 4905 4091 | 2921 2691 | 2801 00f9 
  0x00000001097ed2c0: 1500 0014 | 4905 4091 | 2941 2691 | 2801 40f9 | e800 00b5 | 2401 00f9 | e803 40b2 | 4905 4091 
  0x00000001097ed2e0: 2961 2691 | 2801 00f9 | 0b00 0014 | 0a00 0014 

  0x00000001097ed2f0: ;   {metadata(method data for {method} {0x0000000125dbb038} 'method_1523' '(Z)V' in 'net/minecraft/class_310')}
  0x00000001097ed2f0: 0a5b 93d2 | eaff a6f2 | 6a00 c0f2 | 4905 4091 | 29c1 2591 | 2801 40f9 | 0805 00d1 | 2801 00f9 
  0x00000001097ed310: 3e09 0014 | c480 0091 | 8ae3 4039 | 5f01 0071 | 8127 0154 | 08fc 43d3 | 8800 00b9 | 8a00 00ca 
  0x00000001097ed330: 4afd 55d3 | 5f01 00f1 | 8127 0154 | e003 03aa 

  0x00000001097ed340: ;   {metadata(method data for {method} {0x0000000125dbb038} 'method_1523' '(Z)V' in 'net/minecraft/class_310')}
  0x00000001097ed340: 045b 93d2 | e4ff a6f2 | 6400 c0f2 | 88e0 4cf9 | 0805 0091 | 88e0 0cf9 | 63a8 40b9 | 63f0 7dd3 
  0x00000001097ed360: ; implicit exception: dispatches to 0x00000001097ef838
  0x00000001097ed360: 7f00 40f9 | e003 03aa 

  0x00000001097ed368: ;   {metadata(method data for {method} {0x0000000125dbb038} 'method_1523' '(Z)V' in 'net/minecraft/class_310')}
  0x00000001097ed368: 045b 93d2 | e4ff a6f2 | 6400 c0f2 | 0008 40b9 | 0014 c0f2 | 8904 4091 | 29c1 2791 | 2801 40f9 
  0x00000001097ed388: 1f00 08eb | a100 0054 | 88fc 4cf9 | 0805 0091 | 88fc 0cf9 | 2100 0014 | 8904 4091 | 2901 2891 
  0x00000001097ed3a8: 2801 40f9 | 1f00 08eb | a100 0054 | 8804 4df9 | 0805 0091 | 8804 0df9 | 1800 0014 | 8904 4091 
  0x00000001097ed3c8: 29c1 2791 | 2801 40f9 | e800 00b5 | 2001 00f9 | e803 40b2 | 8904 4091 | 29e1 2791 | 2801 00f9 
  0x00000001097ed3e8: 0e00 0014 | 8904 4091 | 2901 2891 | 2801 40f9 | e800 00b5 | 2001 00f9 | e803 40b2 | 8904 4091 
  0x00000001097ed408: 2921 2891 | 2801 00f9 | 0400 0014 | 88f0 4cf9 | 0805 0091 | 88f0 0cf9 | 6328 40b9 | 63f0 7dd3 
  0x00000001097ed428: 2301 00b5 

  0x00000001097ed42c: ;   {metadata(method data for {method} {0x0000000125dbb038} 'method_1523' '(Z)V' in 'net/minecraft/class_310')}
  0x00000001097ed42c: 045b 93d2 | e4ff a6f2 | 6400 c0f2 | 8904 4091 | 2845 6839 | 0801 40b2 | 2845 2839 | 4700 0014 
  0x00000001097ed44c: ; implicit exception: dispatches to 0x00000001097ef83c
  0x00000001097ed44c: c008 40b9 | 0014 c0f2 | 6408 40b9 | 0414 c0f2 | 0074 40f9 | 9f00 00eb | 6001 0054 | 0a14 40b9 
  0x00000001097ed46c: 8868 6af8 | 1f00 08eb | e000 0054 | 5f81 00f1 | 2106 0054 | e403 bfa9 

  0x00000001097ed484: ;   {runtime_call slow_subtype_check Runtime1 stub}
  0x00000001097ed484: 5f5b 5895 | e013 c1a8 | a005 0034 

  0x00000001097ed490: ;   {metadata(method data for {method} {0x0000000125dbb038} 'method_1523' '(Z)V' in 'net/minecraft/class_310')}
  0x00000001097ed490: 045b 93d2 | e4ff a6f2 | 6400 c0f2 | 6008 40b9 | 0014 c0f2 | 8904 4091 | 29a1 2891 | 2801 40f9 
  0x00000001097ed4b0: 1f00 08eb | a100 0054 | 8818 4df9 | 0805 0091 | 8818 0df9 | 2800 0014 | 8904 4091 | 29e1 2891 
  0x00000001097ed4d0: 2801 40f9 | 1f00 08eb | a100 0054 | 8820 4df9 | 0805 0091 | 8820 0df9 | 1f00 0014 | 8904 4091 
  0x00000001097ed4f0: 29a1 2891 | 2801 40f9 | e800 00b5 | 2001 00f9 | e803 40b2 | 8904 4091 | 29c1 2891 | 2801 00f9 
  0x00000001097ed510: 1500 0014 | 8904 4091 | 29e1 2891 | 2801 40f9 | e800 00b5 | 2001 00f9 | e803 40b2 | 8904 4091 
  0x00000001097ed530: 2901 2991 | 2801 00f9 | 0b00 0014 | 0a00 0014 

  0x00000001097ed540: ;   {metadata(method data for {method} {0x0000000125dbb038} 'method_1523' '(Z)V' in 'net/minecraft/class_310')}
  0x00000001097ed540: 045b 93d2 | e4ff a6f2 | 6400 c0f2 | 8904 4091 | 2961 2891 | 2801 40f9 | 0805 00d1 | 2801 00f9 
  0x00000001097ed560: b808 0014 | c090 0091 | 84e3 4039 | 9f00 0071 | c116 0154 | 68fc 43d3 | 0800 00b9 | 0400 03ca 
  0x00000001097ed580: 84fc 55d3 | 9f00 00f1 | c116 0154 | 2201 00b5 

  0x00000001097ed590: ;   {metadata(method data for {method} {0x0000000125dbb038} 'method_1523' '(Z)V' in 'net/minecraft/class_310')}
  0x00000001097ed590: 005b 93d2 | e0ff a6f2 | 6000 c0f2 | 0904 4091 | 2825 6939 | 0801 40b2 | 2825 2939 | 4700 0014 
  0x00000001097ed5b0: ; implicit exception: dispatches to 0x00000001097ef870
  0x00000001097ed5b0: c308 40b9 | 0314 c0f2 | 4008 40b9 | 0014 c0f2 | 6374 40f9 | 1f00 03eb | 6001 0054 | 6414 40b9 
  0x00000001097ed5d0: 0868 64f8 | 7f00 08eb | e000 0054 | 9f80 00f1 | 2106 0054 | e00f bfa9 

  0x00000001097ed5e8: ;   {runtime_call slow_subtype_check Runtime1 stub}
  0x00000001097ed5e8: 065b 5895 | e303 c1a8 | a305 0034 

  0x00000001097ed5f4: ;   {metadata(method data for {method} {0x0000000125dbb038} 'method_1523' '(Z)V' in 'net/minecraft/class_310')}
  0x00000001097ed5f4: 005b 93d2 | e0ff a6f2 | 6000 c0f2 | 4308 40b9 | 0314 c0f2 | 0904 4091 | 2981 2991 | 2801 40f9 
  0x00000001097ed614: 7f00 08eb | a100 0054 | 0834 4df9 | 0805 0091 | 0834 0df9 | 2800 0014 | 0904 4091 | 29c1 2991 
  0x00000001097ed634: 2801 40f9 | 7f00 08eb | a100 0054 | 083c 4df9 | 0805 0091 | 083c 0df9 | 1f00 0014 | 0904 4091 
  0x00000001097ed654: 2981 2991 | 2801 40f9 | e800 00b5 | 2301 00f9 | e803 40b2 | 0904 4091 | 29a1 2991 | 2801 00f9 
  0x00000001097ed674: 1500 0014 | 0904 4091 | 29c1 2991 | 2801 40f9 | e800 00b5 | 2301 00f9 | e803 40b2 | 0904 4091 
  0x00000001097ed694: 29e1 2991 | 2801 00f9 | 0b00 0014 | 0a00 0014 

  0x00000001097ed6a4: ;   {metadata(method data for {method} {0x0000000125dbb038} 'method_1523' '(Z)V' in 'net/minecraft/class_310')}
  0x00000001097ed6a4: 005b 93d2 | e0ff a6f2 | 6000 c0f2 | 0904 4091 | 2941 2991 | 2801 40f9 | 0805 00d1 | 2801 00f9 
  0x00000001097ed6c4: 6c08 0014 | c3a0 0091 | 80e3 4039 | 1f00 0071 | 410d 0154 | 48fc 43d3 | 6800 00b9 | 6000 02ca 
  0x00000001097ed6e4: 00fc 55d3 | 1f00 00f1 | 410d 0154 

  0x00000001097ed6f0: ;   {metadata(method data for {method} {0x0000000125dbb038} 'method_1523' '(Z)V' in 'net/minecraft/class_310')}
  0x00000001097ed6f0: 035b 93d2 | e3ff a6f2 | 6300 c0f2 | 6844 4df9 | 0805 0091 | 6844 0df9 

  0x00000001097ed708: ;   {metadata(method data for {method} {0x000000a00044f188} 'format' '(Ljava/util/Locale;Ljava/lang/String;[Ljava/lang/Object;)Ljava/lang/String;' in 'java/lang/String')}
  0x00000001097ed708: 03a9 93d2 | 0396 a4f2 | 2300 c0f2 | 60ac 40b9 | 0008 0011 | 60ac 00b9 | 004c 1f12 | 1f00 0071 
  0x00000001097ed728: e00b 0154 

  0x00000001097ed72c: ;   {metadata('java/util/Formatter')}
  0x00000001097ed72c: 03a9 9ad2 | 0302 a0f2 | 0314 c0f2 | 8087 40f9 | 0b80 0091 | 888f 40f9 | 7f01 08eb | e80b 0154 
  0x00000001097ed74c: 8b87 00f9 | ea03 40b2 | 0a00 00f9 | ea03 032a | 0a7c 0129 | 0a40 0091 | 5f7d 00a9 | bf3a 03d5 
  0x00000001097ed76c: e303 00aa 

  0x00000001097ed770: ;   {metadata(method data for {method} {0x000000a00044f188} 'format' '(Ljava/util/Locale;Ljava/lang/String;[Ljava/lang/Object;)Ljava/lang/String;' in 'java/lang/String')}
  0x00000001097ed770: 04a9 93d2 | 0496 a4f2 | 2400 c0f2 | 8878 40f9 | 0805 0091 | 8878 00f9 

  0x00000001097ed788: ;   {metadata(method data for {method} {0x000000a000113db8} '<init>' '(Ljava/util/Locale;)V' in 'java/util/Formatter')}
  0x00000001097ed788: 03e1 93d2 | 0396 a4f2 | 2300 c0f2 | 64ac 40b9 | 8408 0011 | 64ac 00b9 | 844c 1f12 | 9f00 0071 
  0x00000001097ed7a8: 2009 0154 

  0x00000001097ed7ac: ;   {metadata('java/lang/StringBuilder')}
  0x00000001097ed7ac: 036c 9fd2 | 0300 a0f2 | 0314 c0f2 | e0c7 00f9 | 8087 40f9 | 0b60 0091 | 888f 40f9 | 7f01 08eb 
  0x00000001097ed7cc: 0809 0154 | 8b87 00f9 | ea03 40b2 | 0a00 00f9 | ea03 032a | 0a7c 0129 | 0a40 0091 | 5f01 00f9 
  0x00000001097ed7ec: bf3a 03d5 | e203 00aa 

  0x00000001097ed7f4: ;   {metadata(method data for {method} {0x000000a000113db8} '<init>' '(Ljava/util/Locale;)V' in 'java/util/Formatter')}
  0x00000001097ed7f4: 03e1 93d2 | 0396 a4f2 | 2300 c0f2 | 6878 40f9 | 0805 0091 | 6878 00f9 

  0x00000001097ed80c: ;   {metadata(method data for {method} {0x000000a000443970} '<init>' '()V' in 'java/lang/StringBuilder')}
  0x00000001097ed80c: 0215 8dd2 | 6240 a4f2 | 2200 c0f2 | 43ac 40b9 | 6308 0011 | 43ac 00b9 | 634c 1f12 | 7f00 0071 
  0x00000001097ed82c: 4006 0154 | e203 00aa 

  0x00000001097ed834: ;   {metadata(method data for {method} {0x000000a000443970} '<init>' '()V' in 'java/lang/StringBuilder')}
  0x00000001097ed834: 0315 8dd2 | 6340 a4f2 | 2300 c0f2 | 6878 40f9 | 0805 0091 | 6878 00f9 | e203 1c32 | e103 00aa 
  0x00000001097ed854: e01b 19a9 

  0x00000001097ed858: ; ImmutableOopMap {[408]=Oop [216]=Oop [400]=Oop [392]=Oop }
                      ;*invokespecial <init> {reexecute=0 rethrow=0 return_oop=0}
                      ; - java.lang.StringBuilder::<init>@3
                      ; - java.util.Formatter::<init>@6
                      ; - java.lang.String::format@5
                      ; - net.minecraft.class_310::method_1523@1150 (line 1286)
                      ;   {optimized virtual_call}
  0x00000001097ed858: 3ec4 6e95 | e0c7 40f9 

  0x00000001097ed860: ;   {metadata(method data for {method} {0x000000a000113db8} '<init>' '(Ljava/util/Locale;)V' in 'java/util/Formatter')}
  0x00000001097ed860: 02e1 93d2 | 0296 a4f2 | 2200 c0f2 | 4880 40f9 | 0805 0091 | 4880 00f9 

  0x00000001097ed878: ;   {metadata(method data for {method} {0x000000a000113bd8} '<init>' '(Ljava/util/Locale;Ljava/lang/Appendable;)V' in 'java/util/Formatter')}
  0x00000001097ed878: 02c8 81d2 | 8242 a4f2 | 2200 c0f2 | 43ac 40b9 | 6308 0011 | 43ac 00b9 | 634c 1f12 | 7f00 0071 
  0x00000001097ed898: e003 0154 | e0c7 40f9 

  0x00000001097ed8a0: ;   {metadata(method data for {method} {0x000000a000113bd8} '<init>' '(Ljava/util/Locale;Ljava/lang/Appendable;)V' in 'java/util/Formatter')}
  0x00000001097ed8a0: 02c8 81d2 | 8242 a4f2 | 2200 c0f2 | 4878 40f9 | 0805 0091 | 4878 00f9 

  0x00000001097ed8b8: ;   {metadata(method data for {method} {0x000000a000467488} '<init>' '()V' in 'java/lang/Object')}
  0x00000001097ed8b8: 0228 97d2 | 0240 a4f2 | 2200 c0f2 | 43ac 40b9 | 6308 0011 | 43ac 00b9 | 634c 1f12 | 7f00 0071 
  0x00000001097ed8d8: e002 0154 | e23b 1f32 | e0c7 40f9 | 0218 0079 | 82e3 4039 | 5f00 0071 | 2103 0154 | e2cb 40f9 
  0x00000001097ed8f8: 48fc 43d3 | 0810 00b9 | 0300 02ca | 63fc 55d3 | 7f00 00f1 | 0103 0154 

  0x00000001097ed910: ;   {oop(a 'java/util/Locale'{0x00000007003df698})}
  0x00000001097ed910: 02d3 9ed2 | a207 a0f2 | e200 c0f2 | 83e3 4039 | 7f00 0071 | c102 0154 | 48fc 43d3 | 0814 00b9 
  0x00000001097ed930: 0300 02ca | 63fc 55d3 | 7f00 00f1 | c102 0154 | bf3a 03d5 | e303 00aa 

  0x00000001097ed948: ;   {metadata(method data for {method} {0x000000a00044f188} 'format' '(Ljava/util/Locale;Ljava/lang/String;[Ljava/lang/Object;)Ljava/lang/String;' in 'java/lang/String')}
  0x00000001097ed948: 04a9 93d2 | 0496 a4f2 | 2400 c0f2 | 8880 40f9 | 0805 0091 | 8880 00f9 

  0x00000001097ed960: ;   {metadata(method data for {method} {0x000000a000113f98} 'format' '(Ljava/lang/String;[Ljava/lang/Object;)Ljava/util/Formatter;' in 'java/util/Formatter')}
  0x00000001097ed960: 03f0 81d2 | 8342 a4f2 | 2300 c0f2 | 64ac 40b9 | 8408 0011 | 64ac 00b9 | 844c 1f12 | 9f00 0071 
  0x00000001097ed980: 2001 0154 | e303 00aa 

  0x00000001097ed988: ;   {metadata(method data for {method} {0x000000a000113f98} 'format' '(Ljava/lang/String;[Ljava/lang/Object;)Ljava/util/Formatter;' in 'java/util/Formatter')}
  0x00000001097ed988: 04f0 81d2 | 8442 a4f2 | 2400 c0f2 | 8878 40f9 | 0805 0091 | 8878 00f9 

  0x00000001097ed9a0: ;   {oop("%d fps T: %s%s%s%s B: %d%s"{0x0000000729466100})}
  0x00000001097ed9a0: 0320 8cd2 | c328 a5f2 | e300 c0f2 | e4cf 40f9 | e103 00aa 

  0x00000001097ed9b4: ; ImmutableOopMap {[216]=Oop }
                      ;*invokevirtual format {reexecute=0 rethrow=0 return_oop=0}
                      ; - java.util.Formatter::format@7
                      ; - java.lang.String::format@10
                      ; - net.minecraft.class_310::method_1523@1150 (line 1286)
                      ;   {optimized virtual_call}
  0x00000001097ed9b4: e743 9295 

  0x00000001097ed9b8: ; implicit exception: dispatches to 0x00000001097ef9c4
  0x00000001097ed9b8: 1f00 40f9 | e103 00aa 

  0x00000001097ed9c0: ;   {metadata(method data for {method} {0x000000a00044f188} 'format' '(Ljava/util/Locale;Ljava/lang/String;[Ljava/lang/Object;)Ljava/lang/String;' in 'java/lang/String')}
  0x00000001097ed9c0: 02a9 93d2 | 0296 a4f2 | 2200 c0f2 | 489c 40f9 | 0805 0091 | 489c 00f9 

  0x00000001097ed9d8: ;   {metadata(method data for {method} {0x000000a000112cc8} 'toString' '()Ljava/lang/String;' in 'java/util/Formatter')}
  0x00000001097ed9d8: 01f7 82d2 | 8142 a4f2 | 2100 c0f2 | 22ac 40b9 | 4208 0011 | 22ac 00b9 | 424c 1f12 | 5f00 0071 
  0x00000001097ed9f8: 80fe 0054 | e103 00aa 

  0x00000001097eda00: ;   {metadata(method data for {method} {0x000000a000112cc8} 'toString' '()Ljava/lang/String;' in 'java/util/Formatter')}
  0x00000001097eda00: 02f7 82d2 | 8242 a4f2 | 2200 c0f2 | 4878 40f9 | 0805 0091 | 4878 00f9 

  0x00000001097eda18: ;   {metadata(method data for {method} {0x000000a000114178} 'ensureOpen' '()V' in 'java/util/Formatter')}
  0x00000001097eda18: 012b 83d2 | 8142 a4f2 | 2100 c0f2 | 22ac 40b9 | 4208 0011 | 22ac 00b9 | 424c 1f12 | 5f00 0071 
  0x00000001097eda38: 80fd 0054 | 0110 40b9 | 21f0 7dd3 | e203 1faa | 3f00 02eb 

  0x00000001097eda4c: ;   {metadata(method data for {method} {0x000000a000114178} 'ensureOpen' '()V' in 'java/util/Formatter')}
  0x00000001097eda4c: 022b 83d2 | 8242 a4f2 | 2200 c0f2 | e803 78b2 | e90f 7cb2 | 0301 899a | 4468 63f8 | 8404 0091 
  0x00000001097eda6c: 4468 23f8 | c043 0054 

  0x00000001097eda74: ; implicit exception: dispatches to 0x00000001097efa08
  0x00000001097eda74: 3f00 40f9 | e003 01aa 

  0x00000001097eda7c: ;   {metadata(method data for {method} {0x000000a000112cc8} 'toString' '()Ljava/lang/String;' in 'java/util/Formatter')}
  0x00000001097eda7c: 02f7 82d2 | 8242 a4f2 | 2200 c0f2 | 0008 40b9 | 0014 c0f2 | 49e0 0491 | 2801 40f9 | 1f00 08eb 
  0x00000001097eda9c: a100 0054 | 48a0 40f9 | 0805 0091 | 48a0 00f9 | 1c00 0014 | 4920 0591 | 2801 40f9 | 1f00 08eb 
  0x00000001097edabc: a100 0054 | 48a8 40f9 | 0805 0091 | 48a8 00f9 | 1400 0014 | 49e0 0491 | 2801 40f9 | c800 00b5 
  0x00000001097edadc: 2001 00f9 | e803 40b2 | 4900 0591 | 2801 00f9 | 0c00 0014 | 4920 0591 | 2801 40f9 | c800 00b5 
  0x00000001097edafc: 2001 00f9 | e803 40b2 | 4940 0591 | 2801 00f9 | 0400 0014 | 4894 40f9 | 0805 0091 | 4894 00f9 
  0x00000001097edb1c: 096c 9fd2 | 0900 a0f2 | 0914 c0f2 

  0x00000001097edb28: ; ImmutableOopMap {[216]=Oop }
                      ;*invokevirtual toString {reexecute=0 rethrow=0 return_oop=0}
                      ; - java.util.Formatter::toString@8
                      ; - java.lang.String::format@13
                      ; - net.minecraft.class_310::method_1523@1150 (line 1286)
                      ;   {virtual_call}
  0x00000001097edb28: d6c8 6e95 | e16f 40f9 | 82e3 4039 | 5f00 0071 | a1f6 0054 | 08fc 43d3 | 2898 01b9 | 2200 00ca 
  0x00000001097edb48: 42fc 55d3 | 5f00 00f1 | a1f6 0054 | 2214 40f9 | 037d 80d2 | 4200 038b | 2214 00f9 | 3f4c 00b9 
  0x00000001097edb68: ;   {metadata(method data for {method} {0x0000000125dbb038} 'method_1523' '(Z)V' in 'net/minecraft/class_310')}
  0x00000001097edb68: 025b 93d2 | e2ff a6f2 | 6200 c0f2 | 43b0 40b9 | 6308 0011 | 43b0 00b9 | 6330 1f12 | 7f00 0071 
  0x00000001097edb88: 60f5 0054 

  0x00000001097edb8c: ; ImmutableOopMap {c_rarg1=Oop [216]=Oop }
                      ;*goto {reexecute=1 rethrow=0 return_oop=0}
                      ; - (reexecute) net.minecraft.class_310::method_1523@1173 (line 1297)
  0x00000001097edb8c: 88ab 41f9 

  0x00000001097edb90: ;   {poll}
  0x00000001097edb90: 1f01 40b9 

  0x00000001097edb94: ;   {metadata(method data for {method} {0x0000000125dbb038} 'method_1523' '(Z)V' in 'net/minecraft/class_310')}
  0x00000001097edb94: 025b 93d2 | e2ff a6f2 | 6200 c0f2 | 434c 4df9 | 6304 0091 | 434c 0df9 | b0f8 ff17 | 22a8 41b9 
  0x00000001097edbb4: 42f0 7dd3 | 4201 00b4 

  0x00000001097edbbc: ;   {metadata('net/minecraft/class_3694')}
  0x00000001097edbbc: 0488 97d2 | 2436 a0f2 | 0414 c0f2 | 4508 40b9 | 0514 c0f2 | a81c 40f9 | 9f00 08eb | e1f3 0054 
  0x00000001097edbdc: 0100 0014 | e303 02aa 

  0x00000001097edbe4: ; implicit exception: dispatches to 0x00000001097efa58
  0x00000001097edbe4: 5f00 40f9 

  0x00000001097edbe8: ;   {metadata(method data for {method} {0x0000000125dbb038} 'method_1523' '(Z)V' in 'net/minecraft/class_310')}
  0x00000001097edbe8: 035b 93d2 | e3ff a6f2 | 6300 c0f2 | 6864 4df9 | 0805 0091 | 6864 0df9 

  0x00000001097edc00: ;   {metadata(method data for {method} {0x0000000125e9faa0} 'method_15407' '()V' in 'net/minecraft/class_3694')}
  0x00000001097edc00: 02ed 92d2 | 82f0 a6f2 | 6200 c0f2 | 43ac 40b9 | 6308 0011 | 43ac 00b9 | 634c 1f12 | 7f00 0071 
  0x00000001097edc20: e0f1 0054 | e203 01aa 

  0x00000001097edc28: ;   {metadata(method data for {method} {0x0000000125dbb038} 'method_1523' '(Z)V' in 'net/minecraft/class_310')}
  0x00000001097edc28: 035b 93d2 | e3ff a6f2 | 6300 c0f2 | 6874 4df9 | 0805 0091 | 6874 0df9 

  0x00000001097edc40: ;   {metadata(method data for {method} {0x0000000125dc06d0} 'handler$gck000$lavender$onFrameEnd' '(ZLorg/spongepowered/asm/mixin/injection/callback/CallbackInfo;)V' in 'net/minecraft/class_310')}
  0x00000001097edc40: 02a3 9ad2 | 82ff a6f2 | 6200 c0f2 | 43ac 40b9 | 6308 0011 | 43ac 00b9 | 634c 1f12 | 7f00 0071 
  0x00000001097edc60: e0f0 0054 | 2270 41b9 | 42f0 7dd3 | e303 1faa | 5f00 03eb 

  0x00000001097edc74: ;   {metadata(method data for {method} {0x0000000125dc06d0} 'handler$gck000$lavender$onFrameEnd' '(ZLorg/spongepowered/asm/mixin/injection/callback/CallbackInfo;)V' in 'net/minecraft/class_310')}
  0x00000001097edc74: 02a3 9ad2 | 82ff a6f2 | 6200 c0f2 | e803 78b2 | e90f 7cb2 | 0301 899a | 4068 63f8 | 0004 0091 
  0x00000001097edc94: 4068 23f8 | c004 0054 

  0x00000001097edc9c: ;   {metadata(method data for {method} {0x0000000125dc06d0} 'handler$gck000$lavender$onFrameEnd' '(ZLorg/spongepowered/asm/mixin/injection/callback/CallbackInfo;)V' in 'net/minecraft/class_310')}
  0x00000001097edc9c: 02a3 9ad2 | 82ff a6f2 | 6200 c0f2 | 4888 40f9 | 0805 0091 | 4888 00f9 

  0x00000001097edcb4: ;   {metadata(method data for {method} {0x00000003310b2f10} 'endFrame' '()V' in 'io/wispforest/lavender/client/OffhandBookRenderer')}
  0x00000001097edcb4: 02d1 9ad2 | 82ff a6f2 | 6200 c0f2 | 43ac 40b9 | 6308 0011 | 43ac 00b9 | 634c 1f12 | 7f00 0071 
  0x00000001097edcd4: 40ee 0054 

  0x00000001097edcd8: ;   {oop(a 'java/lang/Class'{0x000000072401df90} = 'io/wispforest/lavender/client/OffhandBookRenderer')}
  0x00000001097edcd8: 02f2 9bd2 | 2280 a4f2 | e200 c0f2 | 42f4 4139 | 5f00 0071 

  0x00000001097edcec: ;   {metadata(method data for {method} {0x00000003310b2f10} 'endFrame' '()V' in 'io/wispforest/lavender/client/OffhandBookRenderer')}
  0x00000001097edcec: 02d1 9ad2 | 82ff a6f2 | 6200 c0f2 | e80f 7cb2 | e903 78b2 | 0301 899a | 4068 63f8 | 0004 0091 
  0x00000001097edd0c: 4068 23f8 | 0001 0054 

  0x00000001097edd14: ;   {oop(a 'java/lang/Class'{0x000000072401df90} = 'io/wispforest/lavender/client/OffhandBookRenderer')}
  0x00000001097edd14: 02f2 9bd2 | 2280 a4f2 | e200 c0f2 | 83e3 4039 | 7f00 0071 | a1ec 0054 | 5f78 00b9 | e203 01aa 
  0x00000001097edd34: ;   {metadata(method data for {method} {0x0000000125dbb038} 'method_1523' '(Z)V' in 'net/minecraft/class_310')}
  0x00000001097edd34: 035b 93d2 | e3ff a6f2 | 6300 c0f2 | 687c 4df9 | 0805 0091 | 687c 0df9 | e2e3 40b9 | e303 1faa 
  0x00000001097edd54: e003 01aa | e103 00aa 

  0x00000001097edd5c: ; ImmutableOopMap {[216]=Oop }
                      ;*invokespecial handler$jie000$sodium$postRender {reexecute=0 rethrow=0 return_oop=0}
                      ; - net.minecraft.class_310::method_1523@1194 (line 1299)
                      ;   {optimized virtual_call}
  0x00000001097edd5c: 19b4 8f97 | e16f 40f9 

  0x00000001097edd64: ;   {metadata(method data for {method} {0x0000000125dbb038} 'method_1523' '(Z)V' in 'net/minecraft/class_310')}
  0x00000001097edd64: 005b 93d2 | e0ff a6f2 | 6000 c0f2 | 0890 4df9 | 0805 0091 | 0890 0df9 

  0x00000001097edd7c: ;   {metadata(method data for {method} {0x0000000125dc3d30} 'handler$kfa000$trafficcraft$tc$runAfterClientTick' '(ZLorg/spongepowered/asm/mixin/injection/callback/CallbackInfo;)V' in 'net/minecraft/class_310')}
  0x00000001097edd7c: 0115 8cd2 | 0100 a7f2 | 6100 c0f2 | 20ac 40b9 | 0008 0011 | 20ac 00b9 | 004c 1f12 | 1f00 0071 
  0x00000001097edd9c: c0e9 0054 

  0x00000001097edda0: ;   {metadata(method data for {method} {0x0000000125dc3d30} 'handler$kfa000$trafficcraft$tc$runAfterClientTick' '(ZLorg/spongepowered/asm/mixin/injection/callback/CallbackInfo;)V' in 'net/minecraft/class_310')}
  0x00000001097edda0: 0115 8cd2 | 0100 a7f2 | 6100 c0f2 | 2878 40f9 | 0805 0091 | 2878 00f9 

  0x00000001097eddb8: ;   {metadata(method data for {method} {0x0000000337e1a748} 'runAllScheduledRenderTasks' '()V' in 'de/mrjulsen/trafficcraft/client/ClientWrapper')}
  0x00000001097eddb8: 013f 8cd2 | 0100 a7f2 | 6100 c0f2 | 20ac 40b9 | 0008 0011 | 20ac 00b9 | 004c 1f12 | 1f00 0071 
  0x00000001097eddd8: e0e8 0054 

  0x00000001097edddc: ;   {oop(a 'java/util/concurrent/ConcurrentLinkedQueue'{0x0000000735f6ec18})}
  0x00000001097edddc: 0183 9dd2 | c1be a6f2 | e100 c0f2 | e003 01aa 

  0x00000001097eddec: ;   {metadata(method data for {method} {0x0000000337e1a748} 'runAllScheduledRenderTasks' '()V' in 'de/mrjulsen/trafficcraft/client/ClientWrapper')}
  0x00000001097eddec: 023f 8cd2 | 0200 a7f2 | 6200 c0f2 | 0008 40b9 | 0014 c0f2 | 4900 0491 | 2801 40f9 | 1f00 08eb 
  0x00000001097ede0c: a100 0054 | 4884 40f9 | 0805 0091 | 4884 00f9 | 1c00 0014 | 4940 0491 | 2801 40f9 | 1f00 08eb 
  0x00000001097ede2c: a100 0054 | 488c 40f9 | 0805 0091 | 488c 00f9 | 1400 0014 | 4900 0491 | 2801 40f9 | c800 00b5 
  0x00000001097ede4c: 2001 00f9 | e803 40b2 | 4920 0491 | 2801 00f9 | 0c00 0014 | 4940 0491 | 2801 40f9 | c800 00b5 
  0x00000001097ede6c: 2001 00f9 | e803 40b2 | 4960 0491 | 2801 00f9 | 0400 0014 | 4878 40f9 | 0805 0091 | 4878 00f9 
  0x00000001097ede8c: ;   {metadata(method data for {method} {0x000000012236a200} 'isEmpty' '()Z' in 'java/util/concurrent/ConcurrentLinkedQueue')}
  0x00000001097ede8c: 005b 81d2 | 604b a5f2 | 6000 c0f2 | 02ac 40b9 | 4208 0011 | 02ac 00b9 | 424c 1f12 | 5f00 0071 
  0x00000001097edeac: 40e3 0054 | e003 01aa 

  0x00000001097edeb4: ;   {metadata(method data for {method} {0x000000012236a200} 'isEmpty' '()Z' in 'java/util/concurrent/ConcurrentLinkedQueue')}
  0x00000001097edeb4: 025b 81d2 | 624b a5f2 | 6200 c0f2 | 0008 40b9 | 0014 c0f2 | 4900 0491 | 2801 40f9 | 1f00 08eb 
  0x00000001097eded4: a100 0054 | 4884 40f9 | 0805 0091 | 4884 00f9 | 1c00 0014 | 4940 0491 | 2801 40f9 | 1f00 08eb 
  0x00000001097edef4: a100 0054 | 488c 40f9 | 0805 0091 | 488c 00f9 | 1400 0014 | 4900 0491 | 2801 40f9 | c800 00b5 
  0x00000001097edf14: 2001 00f9 | e803 40b2 | 4920 0491 | 2801 00f9 | 0c00 0014 | 4940 0491 | 2801 40f9 | c800 00b5 
  0x00000001097edf34: 2001 00f9 | e803 40b2 | 4960 0491 | 2801 00f9 | 0400 0014 | 4878 40f9 | 0805 0091 | 4878 00f9 
  0x00000001097edf54: ; ImmutableOopMap {[216]=Oop }
                      ;*invokevirtual first {reexecute=0 rethrow=0 return_oop=0}
                      ; - java.util.concurrent.ConcurrentLinkedQueue::isEmpty@1
                      ; - de.mrjulsen.trafficcraft.client.ClientWrapper::runAllScheduledRenderTasks@3 (line 39)
                      ; - net.minecraft.class_310::handler$kfa000$trafficcraft$tc$runAfterClientTick@0 (line 42008)
                      ; - net.minecraft.class_310::method_1523@1200 (line 1299)
                      ;   {optimized virtual_call}
  0x00000001097edf54: 1fd5 bc95 | e103 1faa | 1f00 01eb 

  0x00000001097edf60: ;   {metadata(method data for {method} {0x000000012236a200} 'isEmpty' '()Z' in 'java/util/concurrent/ConcurrentLinkedQueue')}
  0x00000001097edf60: 015b 81d2 | 614b a5f2 | 6100 c0f2 | 0825 80d2 | 0927 80d2 | 0011 899a | 2268 60f8 | 4204 0091 
  0x00000001097edf80: 2268 20f8 | 2101 0054 

  0x00000001097edf88: ;   {metadata(method data for {method} {0x000000012236a200} 'isEmpty' '()Z' in 'java/util/concurrent/ConcurrentLinkedQueue')}
  0x00000001097edf88: 015b 81d2 | 614b a5f2 | 6100 c0f2 | 20a4 40f9 | 0004 0091 | 20a4 00f9 | e103 0032 | 0200 0014 
  0x00000001097edfa8: 0100 a052 | 2100 0012 | 3f00 0071 

  0x00000001097edfb4: ;   {metadata(method data for {method} {0x0000000337e1a748} 'runAllScheduledRenderTasks' '()V' in 'de/mrjulsen/trafficcraft/client/ClientWrapper')}
  0x00000001097edfb4: 013f 8cd2 | 0100 a7f2 | 6100 c0f2 | 0825 80d2 | 0927 80d2 | 0011 899a | 2268 60f8 | 4204 0091 
  0x00000001097edfd4: 2268 20f8 | 6116 0054 

  0x00000001097edfdc: ;   {oop(a 'java/util/concurrent/ConcurrentLinkedQueue'{0x0000000735f6ec18})}
  0x00000001097edfdc: 0183 9dd2 | c1be a6f2 | e100 c0f2 | e003 01aa 

  0x00000001097edfec: ;   {metadata(method data for {method} {0x0000000337e1a748} 'runAllScheduledRenderTasks' '()V' in 'de/mrjulsen/trafficcraft/client/ClientWrapper')}
  0x00000001097edfec: 023f 8cd2 | 0200 a7f2 | 6200 c0f2 | 0008 40b9 | 0014 c0f2 | 4960 0591 | 2801 40f9 | 1f00 08eb 
  0x00000001097ee00c: a100 0054 | 48b0 40f9 | 0805 0091 | 48b0 00f9 | 1c00 0014 | 49a0 0591 | 2801 40f9 | 1f00 08eb 
  0x00000001097ee02c: a100 0054 | 48b8 40f9 | 0805 0091 | 48b8 00f9 | 1400 0014 | 4960 0591 | 2801 40f9 | c800 00b5 
  0x00000001097ee04c: 2001 00f9 | e803 40b2 | 4980 0591 | 2801 00f9 | 0c00 0014 | 49a0 0591 | 2801 40f9 | c800 00b5 
  0x00000001097ee06c: 2001 00f9 | e803 40b2 | 49c0 0591 | 2801 00f9 | 0400 0014 | 48a4 40f9 | 0805 0091 | 48a4 00f9 
  0x00000001097ee08c: ; ImmutableOopMap {[216]=Oop }
                      ;*invokeinterface poll {reexecute=0 rethrow=0 return_oop=0}
                      ; - de.mrjulsen.trafficcraft.client.ClientWrapper::runAllScheduledRenderTasks@14 (line 40)
                      ; - net.minecraft.class_310::handler$kfa000$trafficcraft$tc$runAfterClientTick@0 (line 42008)
                      ; - net.minecraft.class_310::method_1523@1200 (line 1299)
                      ;   {optimized virtual_call}
  0x00000001097ee08c: 9d8b 5595 | 0001 00b5 

  0x00000001097ee094: ;   {metadata(method data for {method} {0x0000000337e1a748} 'runAllScheduledRenderTasks' '()V' in 'de/mrjulsen/trafficcraft/client/ClientWrapper')}
  0x00000001097ee094: 033f 8cd2 | 0300 a7f2 | 6300 c0f2 | 68e4 4539 | 0801 40b2 | 68e4 0539 | 3d00 0014 

  0x00000001097ee0b0: ;   {metadata('java/lang/Runnable')}
  0x00000001097ee0b0: 02e7 9dd2 | 2200 a0f2 | 0214 c0f2 | 0308 40b9 | 0314 c0f2 | 6810 40f9 | 5f00 08eb | e000 0054 
  0x00000001097ee0d0: 7f00 02eb | a000 0054 | e30b bfa9 

  0x00000001097ee0dc: ;   {runtime_call slow_subtype_check Runtime1 stub}
  0x00000001097ee0dc: 4958 5895 | e307 41f8 | e304 0034 

  0x00000001097ee0e8: ;   {metadata(method data for {method} {0x0000000337e1a748} 'runAllScheduledRenderTasks' '()V' in 'de/mrjulsen/trafficcraft/client/ClientWrapper')}
  0x00000001097ee0e8: 033f 8cd2 | 0300 a7f2 | 6300 c0f2 | 0208 40b9 | 0214 c0f2 | 6940 0691 | 2801 40f9 | 5f00 08eb 
  0x00000001097ee108: a100 0054 | 68cc 40f9 | 0805 0091 | 68cc 00f9 | 2200 0014 | 6980 0691 | 2801 40f9 | 5f00 08eb 
  0x00000001097ee128: a100 0054 | 68d4 40f9 | 0805 0091 | 68d4 00f9 | 1a00 0014 | 6940 0691 | 2801 40f9 | c800 00b5 
  0x00000001097ee148: 2201 00f9 | e803 40b2 | 6960 0691 | 2801 00f9 | 1200 0014 | 6980 0691 | 2801 40f9 | c800 00b5 
  0x00000001097ee168: 2201 00f9 | e803 40b2 | 69a0 0691 | 2801 00f9 | 0a00 0014 | 0900 0014 

  0x00000001097ee180: ;   {metadata(method data for {method} {0x0000000337e1a748} 'runAllScheduledRenderTasks' '()V' in 'de/mrjulsen/trafficcraft/client/ClientWrapper')}
  0x00000001097ee180: 033f 8cd2 | 0300 a7f2 | 6300 c0f2 | 68c0 40f9 | 0805 00d1 | 68c0 00f9 | 6706 0014 | 0100 0014 
  0x00000001097ee1a0: e103 00aa 

  0x00000001097ee1a4: ; implicit exception: dispatches to 0x00000001097efb3c
  0x00000001097ee1a4: 3f00 40f9 | e003 01aa 

  0x00000001097ee1ac: ;   {metadata(method data for {method} {0x0000000337e1a748} 'runAllScheduledRenderTasks' '()V' in 'de/mrjulsen/trafficcraft/client/ClientWrapper')}
  0x00000001097ee1ac: 023f 8cd2 | 0200 a7f2 | 6200 c0f2 | 0008 40b9 | 0014 c0f2 | 4920 0791 | 2801 40f9 | 1f00 08eb 
  0x00000001097ee1cc: a100 0054 | 48e8 40f9 | 0805 0091 | 48e8 00f9 | 1c00 0014 | 4960 0791 | 2801 40f9 | 1f00 08eb 
  0x00000001097ee1ec: a100 0054 | 48f0 40f9 | 0805 0091 | 48f0 00f9 | 1400 0014 | 4920 0791 | 2801 40f9 | c800 00b5 
  0x00000001097ee20c: 2001 00f9 | e803 40b2 | 4940 0791 | 2801 00f9 | 0c00 0014 | 4960 0791 | 2801 40f9 | c800 00b5 
  0x00000001097ee22c: 2001 00f9 | e803 40b2 | 4980 0791 | 2801 00f9 | 0400 0014 | 48dc 40f9 | 0805 0091 | 48dc 00f9 
  0x00000001097ee24c: e9ff 9fd2 | e9ff bff2 | e9ff dff2 

  0x00000001097ee258: ; ImmutableOopMap {[216]=Oop }
                      ;*invokeinterface run {reexecute=0 rethrow=0 return_oop=0}
                      ; - de.mrjulsen.trafficcraft.client.ClientWrapper::runAllScheduledRenderTasks@22 (line 40)
                      ; - net.minecraft.class_310::handler$kfa000$trafficcraft$tc$runAfterClientTick@0 (line 42008)
                      ; - net.minecraft.class_310::method_1523@1200 (line 1299)
                      ;   {virtual_call}
  0x00000001097ee258: ea8b 5595 

  0x00000001097ee25c: ;   {metadata(method data for {method} {0x0000000337e1a748} 'runAllScheduledRenderTasks' '()V' in 'de/mrjulsen/trafficcraft/client/ClientWrapper')}
  0x00000001097ee25c: 023f 8cd2 | 0200 a7f2 | 6200 c0f2 | 43b0 40b9 | 6308 0011 | 43b0 00b9 | 6330 1f12 | 7f00 0071 
  0x00000001097ee27c: 20c6 0054 

  0x00000001097ee280: ; ImmutableOopMap {[216]=Oop }
                      ;*goto {reexecute=1 rethrow=0 return_oop=0}
                      ; - (reexecute) de.mrjulsen.trafficcraft.client.ClientWrapper::runAllScheduledRenderTasks@27 (line 40)
                      ; - net.minecraft.class_310::handler$kfa000$trafficcraft$tc$runAfterClientTick@0 (line 42008)
                      ; - net.minecraft.class_310::method_1523@1200 (line 1299)
  0x00000001097ee280: 88ab 41f9 

  0x00000001097ee284: ;   {poll}
  0x00000001097ee284: 1f01 40b9 

  0x00000001097ee288: ;   {metadata(method data for {method} {0x0000000337e1a748} 'runAllScheduledRenderTasks' '()V' in 'de/mrjulsen/trafficcraft/client/ClientWrapper')}
  0x00000001097ee288: 023f 8cd2 | 0200 a7f2 | 6200 c0f2 | 43f8 40f9 | 6304 0091 | 43f8 00f9 | cffe ff17 | e16f 40f9 
  0x00000001097ee2a8: ;   {metadata(method data for {method} {0x0000000125dbb038} 'method_1523' '(Z)V' in 'net/minecraft/class_310')}
  0x00000001097ee2a8: 025b 93d2 | e2ff a6f2 | 6200 c0f2 | 48ac 4df9 | 0805 0091 | 48ac 0df9 | e2e3 40b9 | e303 1faa 
  0x00000001097ee2c8: e16f 40f9 

  0x00000001097ee2cc: ; ImmutableOopMap {}
                      ;*invokevirtual handler$laj000$valkyrienskies$setGamePause {reexecute=0 rethrow=0 return_oop=0}
                      ; - net.minecraft.class_310::method_1523@1206 (line 1299)
                      ;   {optimized virtual_call}
  0x00000001097ee2cc: bdaa cb97 | fd7b 5fa9 | ff03 0891 

  0x00000001097ee2d8: ;   {poll_return}
  0x00000001097ee2d8: 88a7 41f9 | ff63 28eb | 08c4 0054 | c003 5fd6 | e0d7 00f9 

  0x00000001097ee2ec: ; ImmutableOopMap {[424]=Oop [216]=Oop }
                      ;*new {reexecute=0 rethrow=0 return_oop=0}
                      ; - java.util.Formatter::ensureOpen@7
                      ; - java.util.Formatter::toString@1
                      ; - java.lang.String::format@13
                      ; - net.minecraft.class_310::method_1523@1150 (line 1286)
                      ;   {runtime_call load_mirror_patching Runtime1 stub}
  0x00000001097ee2ec: c55d 5895 | 1f06 0014 | e103 00aa 

  0x00000001097ee2f8: ;   {metadata(method data for {method} {0x000000a000114178} 'ensureOpen' '()V' in 'java/util/Formatter')}
  0x00000001097ee2f8: 032b 83d2 | 8342 a4f2 | 2300 c0f2 | 6888 40f9 | 0805 0091 | 6888 00f9 | e103 00aa | e0d3 00f9 
  0x00000001097ee318: ; ImmutableOopMap {[216]=Oop [424]=Oop [416]=Oop }
                      ;*invokespecial <init> {reexecute=0 rethrow=0 return_oop=0}
                      ; - java.util.Formatter::ensureOpen@11
                      ; - java.util.Formatter::toString@1
                      ; - java.lang.String::format@13
                      ; - net.minecraft.class_310::method_1523@1150 (line 1286)
                      ;   {optimized virtual_call}
  0x00000001097ee318: fa8a 5595 | e0d3 40f9 | 4c06 0014 

  0x00000001097ee324: ;   {metadata(method data for {method} {0x0000000125d490e8} 'assertOnRenderThread' '()V' in 'com/mojang/blaze3d/systems/RenderSystem')}
  0x00000001097ee324: 0381 8ad2 | 83cd a6f2 | 6300 c0f2 | 6890 40f9 | 0805 0091 | 6890 00f9 

  0x00000001097ee33c: ;   {metadata(method data for {method} {0x0000000125d49250} 'constructThreadException' '()Ljava/lang/IllegalStateException;' in 'com/mojang/blaze3d/systems/RenderSystem')}
  0x00000001097ee33c: 035d 8ad2 | 43cd a6f2 | 6300 c0f2 | 64ac 40b9 | 8408 0011 | 64ac 00b9 | 844c 1f12 | 9f00 0071 
  0x00000001097ee35c: c0c0 0054 

  0x00000001097ee360: ; ImmutableOopMap {[216]=Oop }
                      ;*new {reexecute=0 rethrow=0 return_oop=0}
                      ; - com.mojang.blaze3d.systems.RenderSystem::constructThreadException@0 (line 184)
                      ; - com.mojang.blaze3d.systems.RenderSystem::assertOnRenderThread@6 (line 173)
                      ; - com.mojang.blaze3d.platform.GlStateManager::_enableCull@0 (line 459)
                      ; - com.mojang.blaze3d.systems.RenderSystem::enableCull@3 (line 385)
                      ; - net.minecraft.class_310::method_1523@394 (line 1214)
                      ;   {runtime_call load_mirror_patching Runtime1 stub}
  0x00000001097ee360: a85d 5895 | 8087 40f9 | 0ba0 0091 | 888f 40f9 | 7f01 08eb | 08c1 0054 | 8b87 00f9 | ea03 40b2 
  0x00000001097ee380: 0a00 00f9 | ea03 032a | 0a7c 0129 | 0a40 0091 | 5f01 00f9 | 5ffd 00a9 | bf3a 03d5 | e103 00aa 
  0x00000001097ee3a0: ;   {metadata(method data for {method} {0x0000000125d49250} 'constructThreadException' '()Ljava/lang/IllegalStateException;' in 'com/mojang/blaze3d/systems/RenderSystem')}
  0x00000001097ee3a0: 035d 8ad2 | 43cd a6f2 | 6300 c0f2 | 6878 40f9 | 0805 0091 | 6878 00f9 

  0x00000001097ee3b8: ;   {oop("Rendersystem called from wrong thread"{0x00000007268ce588})}
  0x00000001097ee3b8: 02b1 9cd2 | 82d1 a4f2 | e200 c0f2 | e103 00aa | e0db 00f9 

  0x00000001097ee3cc: ; ImmutableOopMap {[216]=Oop [432]=Oop }
                      ;*invokespecial <init> {reexecute=0 rethrow=0 return_oop=0}
                      ; - com.mojang.blaze3d.systems.RenderSystem::constructThreadException@6 (line 184)
                      ; - com.mojang.blaze3d.systems.RenderSystem::assertOnRenderThread@6 (line 173)
                      ; - com.mojang.blaze3d.platform.GlStateManager::_enableCull@0 (line 459)
                      ; - com.mojang.blaze3d.systems.RenderSystem::enableCull@3 (line 385)
                      ; - net.minecraft.class_310::method_1523@394 (line 1214)
                      ;   {optimized virtual_call}
  0x00000001097ee3cc: cd8a 5595 | e0db 40f9 | 1f06 0014 

  0x00000001097ee3d8: ;   {metadata(method data for {method} {0x0000000125d490e8} 'assertOnRenderThread' '()V' in 'com/mojang/blaze3d/systems/RenderSystem')}
  0x00000001097ee3d8: 0381 8ad2 | 83cd a6f2 | 6300 c0f2 | 6890 40f9 | 0805 0091 | 6890 00f9 

  0x00000001097ee3f0: ;   {metadata(method data for {method} {0x0000000125d49250} 'constructThreadException' '()Ljava/lang/IllegalStateException;' in 'com/mojang/blaze3d/systems/RenderSystem')}
  0x00000001097ee3f0: 035d 8ad2 | 43cd a6f2 | 6300 c0f2 | 60ac 40b9 | 0008 0011 | 60ac 00b9 | 004c 1f12 | 1f00 0071 
  0x00000001097ee410: 60bc 0054 

  0x00000001097ee414: ; ImmutableOopMap {[216]=Oop }
                      ;*new {reexecute=0 rethrow=0 return_oop=0}
                      ; - com.mojang.blaze3d.systems.RenderSystem::constructThreadException@0 (line 184)
                      ; - com.mojang.blaze3d.systems.RenderSystem::assertOnRenderThread@6 (line 173)
                      ; - com.mojang.blaze3d.systems.RenderSystem::enableCull@0 (line 381)
                      ; - net.minecraft.class_310::method_1523@394 (line 1214)
                      ;   {runtime_call load_mirror_patching Runtime1 stub}
  0x00000001097ee414: 7b5d 5895 | 8087 40f9 | 0ba0 0091 | 888f 40f9 | 7f01 08eb | a8bc 0054 | 8b87 00f9 | ea03 40b2 
  0x00000001097ee434: 0a00 00f9 | ea03 032a | 0a7c 0129 | 0a40 0091 | 5f01 00f9 | 5ffd 00a9 | bf3a 03d5 | e203 00aa 
  0x00000001097ee454: ;   {metadata(method data for {method} {0x0000000125d49250} 'constructThreadException' '()Ljava/lang/IllegalStateException;' in 'com/mojang/blaze3d/systems/RenderSystem')}
  0x00000001097ee454: 015d 8ad2 | 41cd a6f2 | 6100 c0f2 | 2878 40f9 | 0805 0091 | 2878 00f9 

  0x00000001097ee46c: ;   {oop("Rendersystem called from wrong thread"{0x00000007268ce588})}
  0x00000001097ee46c: 02b1 9cd2 | 82d1 a4f2 | e200 c0f2 | e103 00aa | e0df 00f9 

  0x00000001097ee480: ; ImmutableOopMap {[216]=Oop [440]=Oop }
                      ;*invokespecial <init> {reexecute=0 rethrow=0 return_oop=0}
                      ; - com.mojang.blaze3d.systems.RenderSystem::constructThreadException@6 (line 184)
                      ; - com.mojang.blaze3d.systems.RenderSystem::assertOnRenderThread@6 (line 173)
                      ; - com.mojang.blaze3d.systems.RenderSystem::enableCull@0 (line 381)
                      ; - net.minecraft.class_310::method_1523@394 (line 1214)
                      ;   {optimized virtual_call}
  0x00000001097ee480: a08a 5595 | e0df 40f9 | f205 0014 

  0x00000001097ee48c: ;   {metadata(method data for {method} {0x0000000125d490e8} 'assertOnRenderThread' '()V' in 'com/mojang/blaze3d/systems/RenderSystem')}
  0x00000001097ee48c: 0381 8ad2 | 83cd a6f2 | 6300 c0f2 | 6890 40f9 | 0805 0091 | 6890 00f9 

  0x00000001097ee4a4: ;   {metadata(method data for {method} {0x0000000125d49250} 'constructThreadException' '()Ljava/lang/IllegalStateException;' in 'com/mojang/blaze3d/systems/RenderSystem')}
  0x00000001097ee4a4: 035d 8ad2 | 43cd a6f2 | 6300 c0f2 | 60ac 40b9 | 0008 0011 | 60ac 00b9 | 004c 1f12 | 1f00 0071 
  0x00000001097ee4c4: 00b8 0054 

  0x00000001097ee4c8: ; ImmutableOopMap {[216]=Oop }
                      ;*new {reexecute=0 rethrow=0 return_oop=0}
                      ; - com.mojang.blaze3d.systems.RenderSystem::constructThreadException@0 (line 184)
                      ; - com.mojang.blaze3d.systems.RenderSystem::assertOnRenderThread@6 (line 173)
                      ; - com.mojang.blaze3d.systems.RenderSystem::setShaderFogStart@0 (line 620)
                      ; - net.minecraft.class_758::method_23792@3 (line 203)
                      ; - net.minecraft.class_310::method_1523@379 (line 1211)
                      ;   {runtime_call load_mirror_patching Runtime1 stub}
  0x00000001097ee4c8: 4e5d 5895 | 8087 40f9 | 0ba0 0091 | 888f 40f9 | 7f01 08eb | 48b8 0054 | 8b87 00f9 | ea03 40b2 
  0x00000001097ee4e8: 0a00 00f9 | ea03 032a | 0a7c 0129 | 0a40 0091 | 5f01 00f9 | 5ffd 00a9 | bf3a 03d5 | e203 00aa 
  0x00000001097ee508: ;   {metadata(method data for {method} {0x0000000125d49250} 'constructThreadException' '()Ljava/lang/IllegalStateException;' in 'com/mojang/blaze3d/systems/RenderSystem')}
  0x00000001097ee508: 015d 8ad2 | 41cd a6f2 | 6100 c0f2 | 2878 40f9 | 0805 0091 | 2878 00f9 

  0x00000001097ee520: ;   {oop("Rendersystem called from wrong thread"{0x00000007268ce588})}
  0x00000001097ee520: 02b1 9cd2 | 82d1 a4f2 | e200 c0f2 | e103 00aa | e0e3 00f9 

  0x00000001097ee534: ; ImmutableOopMap {[216]=Oop [448]=Oop }
                      ;*invokespecial <init> {reexecute=0 rethrow=0 return_oop=0}
                      ; - com.mojang.blaze3d.systems.RenderSystem::constructThreadException@6 (line 184)
                      ; - com.mojang.blaze3d.systems.RenderSystem::assertOnRenderThread@6 (line 173)
                      ; - com.mojang.blaze3d.systems.RenderSystem::setShaderFogStart@0 (line 620)
                      ; - net.minecraft.class_758::method_23792@3 (line 203)
                      ; - net.minecraft.class_310::method_1523@379 (line 1211)
                      ;   {optimized virtual_call}
  0x00000001097ee534: 738a 5595 | e0e3 40f9 | c505 0014 

  0x00000001097ee540: ;   {metadata(method data for {method} {0x0000000125d490e8} 'assertOnRenderThread' '()V' in 'com/mojang/blaze3d/systems/RenderSystem')}
  0x00000001097ee540: 0381 8ad2 | 83cd a6f2 | 6300 c0f2 | 6890 40f9 | 0805 0091 | 6890 00f9 

  0x00000001097ee558: ;   {metadata(method data for {method} {0x0000000125d49250} 'constructThreadException' '()Ljava/lang/IllegalStateException;' in 'com/mojang/blaze3d/systems/RenderSystem')}
  0x00000001097ee558: 035d 8ad2 | 43cd a6f2 | 6300 c0f2 | 60ac 40b9 | 0008 0011 | 60ac 00b9 | 004c 1f12 | 1f00 0071 
  0x00000001097ee578: a0b3 0054 

  0x00000001097ee57c: ; ImmutableOopMap {[216]=Oop }
                      ;*new {reexecute=0 rethrow=0 return_oop=0}
                      ; - com.mojang.blaze3d.systems.RenderSystem::constructThreadException@0 (line 184)
                      ; - com.mojang.blaze3d.systems.RenderSystem::assertOnRenderThread@6 (line 173)
                      ; - com.mojang.blaze3d.platform.GlStateManager::_getError@0 (line 759)
                      ; - com.mojang.blaze3d.platform.GlStateManager::_clear@11 (line 709)
                      ; - com.mojang.blaze3d.systems.RenderSystem::clear@5 (line 615)
                      ; - net.minecraft.class_310::method_1523@368 (line 1208)
                      ;   {runtime_call load_mirror_patching Runtime1 stub}
  0x00000001097ee57c: 215d 5895 | 8087 40f9 | 0ba0 0091 | 888f 40f9 | 7f01 08eb | e8b3 0054 | 8b87 00f9 | ea03 40b2 
  0x00000001097ee59c: 0a00 00f9 | ea03 032a | 0a7c 0129 | 0a40 0091 | 5f01 00f9 | 5ffd 00a9 | bf3a 03d5 | e203 00aa 
  0x00000001097ee5bc: ;   {metadata(method data for {method} {0x0000000125d49250} 'constructThreadException' '()Ljava/lang/IllegalStateException;' in 'com/mojang/blaze3d/systems/RenderSystem')}
  0x00000001097ee5bc: 015d 8ad2 | 41cd a6f2 | 6100 c0f2 | 2878 40f9 | 0805 0091 | 2878 00f9 

  0x00000001097ee5d4: ;   {oop("Rendersystem called from wrong thread"{0x00000007268ce588})}
  0x00000001097ee5d4: 02b1 9cd2 | 82d1 a4f2 | e200 c0f2 | e103 00aa | e0e7 00f9 

  0x00000001097ee5e8: ; ImmutableOopMap {[216]=Oop [456]=Oop }
                      ;*invokespecial <init> {reexecute=0 rethrow=0 return_oop=0}
                      ; - com.mojang.blaze3d.systems.RenderSystem::constructThreadException@6 (line 184)
                      ; - com.mojang.blaze3d.systems.RenderSystem::assertOnRenderThread@6 (line 173)
                      ; - com.mojang.blaze3d.platform.GlStateManager::_getError@0 (line 759)
                      ; - com.mojang.blaze3d.platform.GlStateManager::_clear@11 (line 709)
                      ; - com.mojang.blaze3d.systems.RenderSystem::clear@5 (line 615)
                      ; - net.minecraft.class_310::method_1523@368 (line 1208)
                      ;   {optimized virtual_call}
  0x00000001097ee5e8: 468a 5595 | e0e7 40f9 | 9805 0014 | e22b 01b9 

  0x00000001097ee5f8: ;   {metadata(method data for {method} {0x0000000125d49030} 'assertOnRenderThreadOrInit' '()V' in 'com/mojang/blaze3d/systems/RenderSystem')}
  0x00000001097ee5f8: 03fe 89d2 | 43cd a6f2 | 6300 c0f2 | 68a0 40f9 | 0805 0091 | 68a0 00f9 

  0x00000001097ee610: ;   {metadata(method data for {method} {0x0000000125d49250} 'constructThreadException' '()Ljava/lang/IllegalStateException;' in 'com/mojang/blaze3d/systems/RenderSystem')}
  0x00000001097ee610: 035d 8ad2 | 43cd a6f2 | 6300 c0f2 | 64ac 40b9 | 8408 0011 | 64ac 00b9 | 844c 1f12 | 9f00 0071 
  0x00000001097ee630: 20af 0054 

  0x00000001097ee634: ; ImmutableOopMap {[216]=Oop }
                      ;*new {reexecute=0 rethrow=0 return_oop=0}
                      ; - com.mojang.blaze3d.systems.RenderSystem::constructThreadException@0 (line 184)
                      ; - com.mojang.blaze3d.systems.RenderSystem::assertOnRenderThreadOrInit@13 (line 168)
                      ; - com.mojang.blaze3d.platform.GlStateManager::_clear@0 (line 705)
                      ; - com.mojang.blaze3d.systems.RenderSystem::clear@5 (line 615)
                      ; - net.minecraft.class_310::method_1523@368 (line 1208)
                      ;   {runtime_call load_mirror_patching Runtime1 stub}
  0x00000001097ee634: f35c 5895 | 8087 40f9 | 0ba0 0091 | 888f 40f9 | 7f01 08eb | 68af 0054 | 8b87 00f9 | ea03 40b2 
  0x00000001097ee654: 0a00 00f9 | ea03 032a | 0a7c 0129 | 0a40 0091 | 5f01 00f9 | 5ffd 00a9 | bf3a 03d5 | e303 00aa 
  0x00000001097ee674: ;   {metadata(method data for {method} {0x0000000125d49250} 'constructThreadException' '()Ljava/lang/IllegalStateException;' in 'com/mojang/blaze3d/systems/RenderSystem')}
  0x00000001097ee674: 045d 8ad2 | 44cd a6f2 | 6400 c0f2 | 8878 40f9 | 0805 0091 | 8878 00f9 

  0x00000001097ee68c: ;   {oop("Rendersystem called from wrong thread"{0x00000007268ce588})}
  0x00000001097ee68c: 02b1 9cd2 | 82d1 a4f2 | e200 c0f2 | e103 00aa | e0eb 00f9 

  0x00000001097ee6a0: ; ImmutableOopMap {[464]=Oop [216]=Oop }
                      ;*invokespecial <init> {reexecute=0 rethrow=0 return_oop=0}
                      ; - com.mojang.blaze3d.systems.RenderSystem::constructThreadException@6 (line 184)
                      ; - com.mojang.blaze3d.systems.RenderSystem::assertOnRenderThreadOrInit@13 (line 168)
                      ; - com.mojang.blaze3d.platform.GlStateManager::_clear@0 (line 705)
                      ; - com.mojang.blaze3d.systems.RenderSystem::clear@5 (line 615)
                      ; - net.minecraft.class_310::method_1523@368 (line 1208)
                      ;   {optimized virtual_call}
  0x00000001097ee6a0: 188a 5595 | e0eb 40f9 | 6a05 0014 

  0x00000001097ee6ac: ;   {metadata({method} {0x0000000125dbb038} 'method_1523' '(Z)V' in 'net/minecraft/class_310')}
  0x00000001097ee6ac: 0807 96d2 | 68bb a4f2 | 2800 c0f2 | e807 00f9 | 0800 8092 | e803 00f9 

  0x00000001097ee6c4: ; ImmutableOopMap {c_rarg1=Oop [216]=Oop }
                      ;*synchronization entry
                      ; - net.minecraft.class_310::method_1523@-1
                      ;   {runtime_call counter_overflow Runtime1 stub}
  0x00000001097ee6c4: 0f5f 5895 | 6edf ff17 

  0x00000001097ee6cc: ;   {metadata({method} {0x0000000125dc5758} 'handler$lll000$xaeroworldmap$onRunTickStart' '(Lorg/spongepowered/asm/mixin/injection/callback/CallbackInfo;)V' in 'net/minecraft/class_310')}
  0x00000001097ee6cc: 08eb 8ad2 | 88bb a4f2 | 2800 c0f2 | e807 00f9 | 0800 8092 | e803 00f9 

  0x00000001097ee6e4: ; ImmutableOopMap {[216]=Oop }
                      ;*synchronization entry
                      ; - net.minecraft.class_310::handler$lll000$xaeroworldmap$onRunTickStart@-1 (line 49032)
                      ; - net.minecraft.class_310::method_1523@14
                      ;   {runtime_call counter_overflow Runtime1 stub}
  0x00000001097ee6e4: 075f 5895 | 8edf ff17 

  0x00000001097ee6ec: ;   {metadata({method} {0x0000000337720c58} 'onMinecraftRunTick' '()V' in 'xaero/map/core/XaeroWorldMapCoreFabric')}
  0x00000001097ee6ec: 088b 81d2 | 48ee a6f2 | 6800 c0f2 | e807 00f9 | 0800 8092 | e803 00f9 

  0x00000001097ee704: ; ImmutableOopMap {[216]=Oop }
                      ;*synchronization entry
                      ; - xaero.map.core.XaeroWorldMapCoreFabric::onMinecraftRunTick@-1 (line 22)
                      ; - net.minecraft.class_310::handler$lll000$xaeroworldmap$onRunTickStart@0 (line 49032)
                      ; - net.minecraft.class_310::method_1523@14
                      ;   {runtime_call counter_overflow Runtime1 stub}
  0x00000001097ee704: ff5e 5895 | 95df ff17 | e803 01aa 

  0x00000001097ee710: ; ImmutableOopMap {[216]=Oop }
                      ;*checkcast {reexecute=0 rethrow=0 return_oop=0}
                      ; - xaero.map.core.XaeroWorldMapCoreFabric::onMinecraftRunTick@9 (line 23)
                      ; - net.minecraft.class_310::handler$lll000$xaeroworldmap$onRunTickStart@0 (line 49032)
                      ; - net.minecraft.class_310::method_1523@14
                      ;   {runtime_call throw_class_cast_exception Runtime1 stub}
  0x00000001097ee710: 7c54 5895 

  0x00000001097ee714: ; ImmutableOopMap {[216]=Oop c_rarg1=Oop }
                      ;*invokevirtual tryLoadLater {reexecute=0 rethrow=0 return_oop=0}
                      ; - xaero.map.core.XaeroWorldMapCoreFabric::onMinecraftRunTick@12 (line 23)
                      ; - net.minecraft.class_310::handler$lll000$xaeroworldmap$onRunTickStart@0 (line 49032)
                      ; - net.minecraft.class_310::method_1523@14
                      ;   {runtime_call throw_null_pointer_exception Runtime1 stub}
  0x00000001097ee714: bb4a 5895 

  0x00000001097ee718: ;   {metadata({method} {0x000000033601cdc8} 'onMinecraftRunTick' '()V' in 'xaero/map/core/XaeroWorldMapCore')}
  0x00000001097ee718: 08b9 99d2 | 28c0 a6f2 | 6800 c0f2 | e807 00f9 | 0800 8092 | e803 00f9 

  0x00000001097ee730: ; ImmutableOopMap {[216]=Oop }
                      ;*synchronization entry
                      ; - xaero.map.core.XaeroWorldMapCore::onMinecraftRunTick@-1 (line 186)
                      ; - xaero.map.core.XaeroWorldMapCoreFabric::onMinecraftRunTick@15 (line 24)
                      ; - net.minecraft.class_310::handler$lll000$xaeroworldmap$onRunTickStart@0 (line 49032)
                      ; - net.minecraft.class_310::method_1523@14
                      ;   {runtime_call counter_overflow Runtime1 stub}
  0x00000001097ee730: f45e 5895 | f0df ff17 

  0x00000001097ee738: ; ImmutableOopMap {[216]=Oop c_rarg1=Oop }
                      ;*invokevirtual handleClientRunTickStart {reexecute=0 rethrow=0 return_oop=0}
                      ; - xaero.map.core.XaeroWorldMapCore::onMinecraftRunTick@9 (line 187)
                      ; - xaero.map.core.XaeroWorldMapCoreFabric::onMinecraftRunTick@15 (line 24)
                      ; - net.minecraft.class_310::handler$lll000$xaeroworldmap$onRunTickStart@0 (line 49032)
                      ; - net.minecraft.class_310::method_1523@14
                      ;   {runtime_call throw_null_pointer_exception Runtime1 stub}
  0x00000001097ee738: b24a 5895 

  0x00000001097ee73c: ; ImmutableOopMap {c_rarg1=Oop [216]=Oop c_rarg0=Oop }
                      ;*invokevirtual method_4474 {reexecute=0 rethrow=0 return_oop=0}
                      ; - net.minecraft.class_310::method_1523@24 (line 1152)
                      ;   {runtime_call throw_null_pointer_exception Runtime1 stub}
  0x00000001097ee73c: b14a 5895 | 0368 40b9 | 63f0 7dd3 | 0307 fcb4 | e303 00f9 

  0x00000001097ee750: ;   {runtime_call g1_pre_barrier_slow}
  0x00000001097ee750: 6c60 5895 | 35e0 ff17 | 4207 fcb4 | e003 00f9 

  0x00000001097ee760: ;   {runtime_call g1_post_barrier_slow}
  0x00000001097ee760: 2861 5895 | 37e0 ff17 

  0x00000001097ee768: ;   {metadata({method} {0x0000000123c654a8} 'method_648' '()J' in 'net/minecraft/class_156')}
  0x00000001097ee768: 0895 8ad2 | c878 a4f2 | 2800 c0f2 | e807 00f9 | 0800 8092 | e803 00f9 

  0x00000001097ee780: ; ImmutableOopMap {c_rarg1=Oop [216]=Oop }
                      ;*synchronization entry
                      ; - net.minecraft.class_156::method_648@-1 (line 126)
                      ; - net.minecraft.class_310::method_1523@27 (line 1154)
                      ;   {runtime_call counter_overflow Runtime1 stub}
  0x00000001097ee780: e05e 5895 | 3ee0 ff17 

  0x00000001097ee788: ; ImmutableOopMap {c_rarg1=Oop [216]=Oop c_rarg0=Oop }
                      ;*invokeinterface getAsLong {reexecute=0 rethrow=0 return_oop=0}
                      ; - net.minecraft.class_156::method_648@3 (line 126)
                      ; - net.minecraft.class_310::method_1523@27 (line 1154)
                      ;   {runtime_call throw_null_pointer_exception Runtime1 stub}
  0x00000001097ee788: 9e4a 5895 

  0x00000001097ee78c: ; ImmutableOopMap {c_rarg1=Oop [216]=Oop c_rarg2=Oop }
                      ;*invokevirtual method_22093 {reexecute=0 rethrow=0 return_oop=0}
                      ; - net.minecraft.class_310::method_1523@35 (line 1155)
                      ;   {runtime_call throw_null_pointer_exception Runtime1 stub}
  0x00000001097ee78c: 9d4a 5895 

  0x00000001097ee790: ;   {metadata({method} {0x0000000330937800} 'method_22093' '()Z' in 'net/minecraft/class_1041')}
  0x00000001097ee790: 0800 8fd2 | 6812 a6f2 | 6800 c0f2 | e807 00f9 | 0800 8092 | e803 00f9 

  0x00000001097ee7a8: ; ImmutableOopMap {c_rarg1=Oop [216]=Oop c_rarg2=Oop }
                      ;*synchronization entry
                      ; - net.minecraft.class_1041::method_22093@-1 (line 134)
                      ; - net.minecraft.class_310::method_1523@35 (line 1155)
                      ;   {runtime_call counter_overflow Runtime1 stub}
  0x00000001097ee7a8: d65e 5895 | 7de0 ff17 

  0x00000001097ee7b0: ;   {metadata({method} {0x00000003361314d8} '_shouldClose' '(Lnet/minecraft/class_1041;)Z' in 'com/mojang/blaze3d/platform/GLX')}
  0x00000001097ee7b0: 089b 82d2 | 68c2 a6f2 | 6800 c0f2 | e807 00f9 | 0800 8092 | e803 00f9 

  0x00000001097ee7c8: ; ImmutableOopMap {c_rarg1=Oop [216]=Oop c_rarg2=Oop }
                      ;*synchronization entry
                      ; - com.mojang.blaze3d.platform.GLX::_shouldClose@-1 (line 92)
                      ; - net.minecraft.class_1041::method_22093@1 (line 134)
                      ; - net.minecraft.class_310::method_1523@35 (line 1155)
                      ;   {runtime_call counter_overflow Runtime1 stub}
  0x00000001097ee7c8: ce5e 5895 | 84e0 ff17 

  0x00000001097ee7d0: ;   {metadata({method} {0x0000000125dbcf08} 'method_1592' '()V' in 'net/minecraft/class_310')}
  0x00000001097ee7d0: 08e1 99d2 | 68bb a4f2 | 2800 c0f2 | e807 00f9 | 0800 8092 | e803 00f9 

  0x00000001097ee7e8: ; ImmutableOopMap {c_rarg1=Oop [216]=Oop }
                      ;*synchronization entry
                      ; - net.minecraft.class_310::method_1592@-1
                      ; - net.minecraft.class_310::method_1523@42 (line 1156)
                      ;   {runtime_call counter_overflow Runtime1 stub}
  0x00000001097ee7e8: c65e 5895 | afe0 ff17 

  0x00000001097ee7f0: ;   {metadata({method} {0x0000000125d9ca58} 'handler$emm000$fancymenu$before_stop_FancyMenu' '(Lorg/spongepowered/asm/mixin/injection/callback/CallbackInfo;)V' in 'net/minecraft/class_310')}
  0x00000001097ee7f0: 084b 99d2 | 28bb a4f2 | 2800 c0f2 | e807 00f9 | 0800 8092 | e803 00f9 

  0x00000001097ee808: ; ImmutableOopMap {c_rarg1=Oop [216]=Oop }
                      ;*synchronization entry
                      ; - net.minecraft.class_310::handler$emm000$fancymenu$before_stop_FancyMenu@-1 (line 18567)
                      ; - net.minecraft.class_310::method_1592@2
                      ; - net.minecraft.class_310::method_1523@42 (line 1156)
                      ;   {runtime_call counter_overflow Runtime1 stub}
  0x00000001097ee808: be5e 5895 | b7e0 ff17 | 22a0 41b9 | 42f0 7dd3 | e226 fcb4 | e203 00f9 

  0x00000001097ee820: ;   {runtime_call g1_pre_barrier_slow}
  0x00000001097ee820: 3860 5895 | 34e1 ff17 

  0x00000001097ee828: ;   {metadata({method} {0x0000000125db9af0} 'method_1521' '()Ljava/util/concurrent/CompletableFuture;' in 'net/minecraft/class_310')}
  0x00000001097ee828: 085e 93d2 | 68bb a4f2 | 2800 c0f2 | e807 00f9 | 0800 8092 | e803 00f9 

  0x00000001097ee840: ; ImmutableOopMap {c_rarg1=Oop [216]=Oop [240]=Oop }
                      ;*synchronization entry
                      ; - net.minecraft.class_310::method_1521@-1 (line 928)
                      ; - net.minecraft.class_310::method_1523@74 (line 1163)
                      ;   {runtime_call counter_overflow Runtime1 stub}
  0x00000001097ee840: b05e 5895 | 42e1 ff17 

  0x00000001097ee848: ;   {metadata({method} {0x0000000125dc3518} 'handler$jie000$sodium$postResourceReload' '(Lorg/spongepowered/asm/mixin/injection/callback/CallbackInfoReturnable;)V' in 'net/minecraft/class_310')}
  0x00000001097ee848: 08a3 86d2 | 88bb a4f2 | 2800 c0f2 | e807 00f9 | 0800 8092 | e803 00f9 

  0x00000001097ee860: ; ImmutableOopMap {[240]=Oop [216]=Oop c_rarg0=Oop }
                      ;*synchronization entry
                      ; - net.minecraft.class_310::handler$jie000$sodium$postResourceReload@-1 (line 37084)
                      ; - net.minecraft.class_310::method_1521@7 (line 928)
                      ; - net.minecraft.class_310::method_1523@74 (line 1163)
                      ;   {runtime_call counter_overflow Runtime1 stub}
  0x00000001097ee860: a85e 5895 | 55e1 ff17 

  0x00000001097ee868: ; ImmutableOopMap {[216]=Oop c_rarg0=Oop c_rarg1=Oop }
                      ;*invokevirtual thenRun {reexecute=0 rethrow=0 return_oop=0}
                      ; - net.minecraft.class_310::method_1523@84 (line 1163)
                      ;   {runtime_call throw_null_pointer_exception Runtime1 stub}
  0x00000001097ee868: 664a 5895 

  0x00000001097ee86c: ;   {metadata({method} {0x00000001220587f0} 'thenRun' '(Ljava/lang/Runnable;)Ljava/util/concurrent/CompletableFuture;' in 'java/util/concurrent/CompletableFuture')}
  0x00000001097ee86c: 08fe 90d2 | a840 a4f2 | 2800 c0f2 | e807 00f9 | 0800 8092 | e803 00f9 

  0x00000001097ee884: ; ImmutableOopMap {[216]=Oop c_rarg0=Oop c_rarg1=Oop }
                      ;*synchronization entry
                      ; - java.util.concurrent.CompletableFuture::thenRun@-1
                      ; - net.minecraft.class_310::method_1523@84 (line 1163)
                      ;   {runtime_call counter_overflow Runtime1 stub}
  0x00000001097ee884: 9f5e 5895 | aee1 ff17 

  0x00000001097ee88c: ; ImmutableOopMap {[216]=Oop c_rarg1=Oop }
                      ;*invokeinterface run {reexecute=0 rethrow=0 return_oop=0}
                      ; - net.minecraft.class_310::method_1523@108 (line 1168)
                      ;   {runtime_call throw_null_pointer_exception Runtime1 stub}
  0x00000001097ee88c: 5d4a 5895 

  0x00000001097ee890: ;   {metadata({method} {0x0000000125dbb038} 'method_1523' '(Z)V' in 'net/minecraft/class_310')}
  0x00000001097ee890: 0807 96d2 | 68bb a4f2 | 2800 c0f2 | e807 00f9 | 280e 80d2 | e803 00f9 

  0x00000001097ee8a8: ; ImmutableOopMap {[216]=Oop }
                      ;*goto {reexecute=1 rethrow=0 return_oop=0}
                      ; - (reexecute) net.minecraft.class_310::method_1523@113 (line 1168)
                      ;   {runtime_call counter_overflow Runtime1 stub}
  0x00000001097ee8a8: 965e 5895 | e8e1 ff17 

  0x00000001097ee8b0: ; ImmutableOopMap {c_rarg1=Oop [216]=Oop c_rarg0=Oop }
                      ;*invokeinterface poll {reexecute=0 rethrow=0 return_oop=0}
                      ; - net.minecraft.class_310::method_1523@92 (line 1167)
                      ;   {runtime_call throw_null_pointer_exception Runtime1 stub}
  0x00000001097ee8b0: 544a 5895 | e803 00aa 

  0x00000001097ee8b8: ; ImmutableOopMap {[216]=Oop }
                      ;*checkcast {reexecute=0 rethrow=0 return_oop=0}
                      ; - net.minecraft.class_310::method_1523@97 (line 1167)
                      ;   {runtime_call throw_class_cast_exception Runtime1 stub}
  0x00000001097ee8b8: 1254 5895 

  0x00000001097ee8bc: ;   {metadata({method} {0x0000000123c65408} 'method_658' '()J' in 'net/minecraft/class_156')}
  0x00000001097ee8bc: 0881 8ad2 | c878 a4f2 | 2800 c0f2 | e807 00f9 | 0800 8092 | e803 00f9 

  0x00000001097ee8d4: ; ImmutableOopMap {c_rarg1=Oop [216]=Oop c_rarg0=Oop }
                      ;*synchronization entry
                      ; - net.minecraft.class_156::method_658@-1 (line 122)
                      ; - net.minecraft.class_310::method_1523@124 (line 1172)
                      ;   {runtime_call counter_overflow Runtime1 stub}
  0x00000001097ee8d4: 8b5e 5895 | 86e2 ff17 

  0x00000001097ee8dc: ;   {metadata({method} {0x0000000123c654a8} 'method_648' '()J' in 'net/minecraft/class_156')}
  0x00000001097ee8dc: 0895 8ad2 | c878 a4f2 | 2800 c0f2 | e807 00f9 | 0800 8092 | e803 00f9 

  0x00000001097ee8f4: ; ImmutableOopMap {c_rarg1=Oop [216]=Oop c_rarg0=Oop }
                      ;*synchronization entry
                      ; - net.minecraft.class_156::method_648@-1 (line 126)
                      ; - net.minecraft.class_156::method_658@0 (line 122)
                      ; - net.minecraft.class_310::method_1523@124 (line 1172)
                      ;   {runtime_call counter_overflow Runtime1 stub}
  0x00000001097ee8f4: 835e 5895 | 8de2 ff17 

  0x00000001097ee8fc: ; ImmutableOopMap {c_rarg1=Oop [216]=Oop c_rarg0=Oop c_rarg3=Oop }
                      ;*invokeinterface getAsLong {reexecute=0 rethrow=0 return_oop=0}
                      ; - net.minecraft.class_156::method_648@3 (line 126)
                      ; - net.minecraft.class_156::method_658@0 (line 122)
                      ; - net.minecraft.class_310::method_1523@124 (line 1172)
                      ;   {runtime_call throw_null_pointer_exception Runtime1 stub}
  0x00000001097ee8fc: 414a 5895 

  0x00000001097ee900: ; ImmutableOopMap {[216]=Oop c_rarg0=Oop }
                      ;*invokevirtual method_1658 {reexecute=0 rethrow=0 return_oop=0}
                      ; - net.minecraft.class_310::method_1523@127 (line 1172)
                      ;   {runtime_call throw_null_pointer_exception Runtime1 stub}
  0x00000001097ee900: 404a 5895 

  0x00000001097ee904: ;   {metadata({method} {0x0000000125dc6640} 'handler$mfh000$updateInReplay' '(Lorg/spongepowered/asm/mixin/injection/callback/CallbackInfo;)V' in 'net/minecraft/class_310')}
  0x00000001097ee904: 08c8 8cd2 | 88bb a4f2 | 2800 c0f2 | e807 00f9 | 0800 8092 | e803 00f9 

  0x00000001097ee91c: ; ImmutableOopMap {c_rarg1=Oop [216]=Oop c_rarg2=Oop }
                      ;*synchronization entry
                      ; - net.minecraft.class_310::handler$mfh000$updateInReplay@-1 (line 52007)
                      ; - net.minecraft.class_310::method_1523@138 (line 1174)
                      ;   {runtime_call counter_overflow Runtime1 stub}
  0x00000001097ee91c: 795e 5895 | dbe2 ff17 

  0x00000001097ee924: ; ImmutableOopMap {[216]=Oop c_rarg2=Oop }
                      ;*invokeinterface method_15396 {reexecute=0 rethrow=0 return_oop=0}
                      ; - net.minecraft.class_310::method_1523@144 (line 1174)
                      ;   {runtime_call throw_incompatible_class_change_error Runtime1 stub}
  0x00000001097ee924: 7755 5895 

  0x00000001097ee928: ; ImmutableOopMap {[216]=Oop c_rarg2=Oop }
                      ;*invokeinterface method_15396 {reexecute=0 rethrow=0 return_oop=0}
                      ; - net.minecraft.class_310::method_1523@144 (line 1174)
                      ;   {runtime_call throw_null_pointer_exception Runtime1 stub}
  0x00000001097ee928: 364a 5895 

  0x00000001097ee92c: ;   {metadata({method} {0x0000000125e9f888} 'method_15396' '(Ljava/lang/String;)V' in 'net/minecraft/class_3694')}
  0x00000001097ee92c: 0811 9fd2 | 28bd a4f2 | 2800 c0f2 | e807 00f9 | 0800 8092 | e803 00f9 

  0x00000001097ee944: ; ImmutableOopMap {[216]=Oop }
                      ;*synchronization entry
                      ; - net.minecraft.class_3694::method_15396@-1 (line 27)
                      ; - net.minecraft.class_310::method_1523@144 (line 1174)
                      ;   {runtime_call counter_overflow Runtime1 stub}
  0x00000001097ee944: 6f5e 5895 | f5e2 ff17 

  0x00000001097ee94c: ;   {metadata({method} {0x0000000125dcb4a8} 'method_5383' '()V' in 'net/minecraft/class_1255')}
  0x00000001097ee94c: 0895 96d2 | 88bb a4f2 | 2800 c0f2 | e807 00f9 | 0800 8092 | e803 00f9 

  0x00000001097ee964: ; ImmutableOopMap {[216]=Oop }
                      ;*synchronization entry
                      ; - net.minecraft.class_1255::method_5383@-1 (line 115)
                      ; - net.minecraft.class_310::method_1523@150 (line 1175)
                      ;   {runtime_call counter_overflow Runtime1 stub}
  0x00000001097ee964: 675e 5895 | 1fe3 ff17 

  0x00000001097ee96c: ;   {metadata({method} {0x0000000125dcb4a8} 'method_5383' '()V' in 'net/minecraft/class_1255')}
  0x00000001097ee96c: 0895 96d2 | 88bb a4f2 | 2800 c0f2 | e807 00f9 | e80b 40b2 | e803 00f9 

  0x00000001097ee984: ; ImmutableOopMap {[216]=Oop }
                      ;*goto {reexecute=1 rethrow=0 return_oop=0}
                      ; - (reexecute) net.minecraft.class_1255::method_5383@7 (line 115)
                      ; - net.minecraft.class_310::method_1523@150 (line 1175)
                      ;   {runtime_call counter_overflow Runtime1 stub}
  0x00000001097ee984: 5f5e 5895 | 21e3 ff17 

  0x00000001097ee98c: ; ImmutableOopMap {c_rarg1=Oop [216]=Oop c_rarg0=Oop }
                      ;*invokeinterface method_15407 {reexecute=0 rethrow=0 return_oop=0}
                      ; - net.minecraft.class_310::method_1523@157 (line 1176)
                      ;   {runtime_call throw_incompatible_class_change_error Runtime1 stub}
  0x00000001097ee98c: 5d55 5895 

  0x00000001097ee990: ; ImmutableOopMap {c_rarg1=Oop [216]=Oop c_rarg0=Oop }
                      ;*invokeinterface method_15407 {reexecute=0 rethrow=0 return_oop=0}
                      ; - net.minecraft.class_310::method_1523@157 (line 1176)
                      ;   {runtime_call throw_null_pointer_exception Runtime1 stub}
  0x00000001097ee990: 1c4a 5895 

  0x00000001097ee994: ;   {metadata({method} {0x0000000125e9faa0} 'method_15407' '()V' in 'net/minecraft/class_3694')}
  0x00000001097ee994: 0854 9fd2 | 28bd a4f2 | 2800 c0f2 | e807 00f9 | 0800 8092 | e803 00f9 

  0x00000001097ee9ac: ; ImmutableOopMap {c_rarg1=Oop [216]=Oop c_rarg0=Oop }
                      ;*synchronization entry
                      ; - net.minecraft.class_3694::method_15407@-1 (line 39)
                      ; - net.minecraft.class_310::method_1523@157 (line 1176)
                      ;   {runtime_call counter_overflow Runtime1 stub}
  0x00000001097ee9ac: 555e 5895 | 76e3 ff17 

  0x00000001097ee9b4: ; ImmutableOopMap {c_rarg1=Oop [216]=Oop c_rarg0=Oop }
                      ;*invokeinterface method_15396 {reexecute=0 rethrow=0 return_oop=0}
                      ; - net.minecraft.class_310::method_1523@169 (line 1178)
                      ;   {runtime_call throw_incompatible_class_change_error Runtime1 stub}
  0x00000001097ee9b4: 5355 5895 

  0x00000001097ee9b8: ;   {metadata({method} {0x0000000125e9f888} 'method_15396' '(Ljava/lang/String;)V' in 'net/minecraft/class_3694')}
  0x00000001097ee9b8: 0811 9fd2 | 28bd a4f2 | 2800 c0f2 | e807 00f9 | 0800 8092 | e803 00f9 

  0x00000001097ee9d0: ; ImmutableOopMap {c_rarg1=Oop [216]=Oop }
                      ;*synchronization entry
                      ; - net.minecraft.class_3694::method_15396@-1 (line 27)
                      ; - net.minecraft.class_310::method_1523@169 (line 1178)
                      ;   {runtime_call counter_overflow Runtime1 stub}
  0x00000001097ee9d0: 4c5e 5895 | 87e3 ff17 

  0x00000001097ee9d8: ;   {metadata({method} {0x000000a00040ce38} 'min' '(II)I' in 'java/lang/Math')}
  0x00000001097ee9d8: 08c7 99d2 | 0808 a0f2 | 0814 c0f2 | e807 00f9 | 0800 8092 | e803 00f9 

  0x00000001097ee9f0: ; ImmutableOopMap {c_rarg1=Oop [216]=Oop }
                      ;*synchronization entry
                      ; - java.lang.Math::min@-1
                      ; - net.minecraft.class_310::method_1523@183 (line 1179)
                      ;   {runtime_call counter_overflow Runtime1 stub}
  0x00000001097ee9f0: 445e 5895 | 90e3 ff17 

  0x00000001097ee9f8: ; ImmutableOopMap {c_rarg1=Oop [216]=Oop c_rarg3=Oop }
                      ;*invokeinterface method_39278 {reexecute=0 rethrow=0 return_oop=0}
                      ; - net.minecraft.class_310::method_1523@196 (line 1180)
                      ;   {runtime_call throw_incompatible_class_change_error Runtime1 stub}
  0x00000001097ee9f8: 4255 5895 

  0x00000001097ee9fc: ; ImmutableOopMap {c_rarg1=Oop [216]=Oop c_rarg3=Oop }
                      ;*invokeinterface method_39278 {reexecute=0 rethrow=0 return_oop=0}
                      ; - net.minecraft.class_310::method_1523@196 (line 1180)
                      ;   {runtime_call throw_null_pointer_exception Runtime1 stub}
  0x00000001097ee9fc: 014a 5895 

  0x00000001097eea00: ;   {metadata({method} {0x0000000125dcd4f0} 'method_39278' '(Ljava/lang/String;)V' in 'net/minecraft/class_3695')}
  0x00000001097eea00: 089e 9ad2 | 88bb a4f2 | 2800 c0f2 | e807 00f9 | 0800 8092 | e803 00f9 

  0x00000001097eea18: ; ImmutableOopMap {c_rarg1=Oop [216]=Oop c_rarg3=Oop }
                      ;*synchronization entry
                      ; - net.minecraft.class_3695::method_39278@-1 (line 27)
                      ; - net.minecraft.class_310::method_1523@196 (line 1180)
                      ;   {runtime_call counter_overflow Runtime1 stub}
  0x00000001097eea18: 3a5e 5895 | e6e3 ff17 

  0x00000001097eea20: ; ImmutableOopMap {c_rarg1=Oop [216]=Oop c_rarg3=Oop }
                      ;*invokeinterface method_24270 {reexecute=0 rethrow=0 return_oop=0}
                      ; - net.minecraft.class_3695::method_39278@3 (line 27)
                      ; - net.minecraft.class_310::method_1523@196 (line 1180)
                      ;   {runtime_call throw_incompatible_class_change_error Runtime1 stub}
  0x00000001097eea20: 3855 5895 

  0x00000001097eea24: ;   {metadata({method} {0x0000000125e9fcd8} 'method_24270' '(Ljava/lang/String;I)V' in 'net/minecraft/class_3694')}
  0x00000001097eea24: 089b 9fd2 | 28bd a4f2 | 2800 c0f2 | e807 00f9 | 0800 8092 | e803 00f9 

  0x00000001097eea3c: ; ImmutableOopMap {c_rarg1=Oop [216]=Oop }
                      ;*synchronization entry
                      ; - net.minecraft.class_3694::method_24270@-1 (line 51)
                      ; - net.minecraft.class_3695::method_39278@3 (line 27)
                      ; - net.minecraft.class_310::method_1523@196 (line 1180)
                      ;   {runtime_call counter_overflow Runtime1 stub}
  0x00000001097eea3c: 315e 5895 | f7e3 ff17 

  0x00000001097eea44: ;   {metadata({method} {0x0000000125dbb038} 'method_1523' '(Z)V' in 'net/minecraft/class_310')}
  0x00000001097eea44: 0807 96d2 | 68bb a4f2 | 2800 c0f2 | e807 00f9 | 081a 80d2 | e803 00f9 

  0x00000001097eea5c: ; ImmutableOopMap {[216]=Oop }
                      ;*goto {reexecute=1 rethrow=0 return_oop=0}
                      ; - (reexecute) net.minecraft.class_310::method_1523@208 (line 1179)
                      ;   {runtime_call counter_overflow Runtime1 stub}
  0x00000001097eea5c: 295e 5895 | 04e4 ff17 

  0x00000001097eea64: ; ImmutableOopMap {c_rarg1=Oop [216]=Oop c_rarg0=Oop }
                      ;*invokeinterface method_15407 {reexecute=0 rethrow=0 return_oop=0}
                      ; - net.minecraft.class_310::method_1523@215 (line 1183)
                      ;   {runtime_call throw_incompatible_class_change_error Runtime1 stub}
  0x00000001097eea64: 2755 5895 

  0x00000001097eea68: ; ImmutableOopMap {c_rarg1=Oop [216]=Oop c_rarg0=Oop }
                      ;*invokeinterface method_15407 {reexecute=0 rethrow=0 return_oop=0}
                      ; - net.minecraft.class_310::method_1523@215 (line 1183)
                      ;   {runtime_call throw_null_pointer_exception Runtime1 stub}
  0x00000001097eea68: e649 5895 

  0x00000001097eea6c: ;   {metadata({method} {0x0000000125e9faa0} 'method_15407' '()V' in 'net/minecraft/class_3694')}
  0x00000001097eea6c: 0854 9fd2 | 28bd a4f2 | 2800 c0f2 | e807 00f9 | 0800 8092 | e803 00f9 

  0x00000001097eea84: ; ImmutableOopMap {c_rarg1=Oop [216]=Oop }
                      ;*synchronization entry
                      ; - net.minecraft.class_3694::method_15407@-1 (line 39)
                      ; - net.minecraft.class_310::method_1523@215 (line 1183)
                      ;   {runtime_call counter_overflow Runtime1 stub}
  0x00000001097eea84: 1f5e 5895 | 23e4 ff17 

  0x00000001097eea8c: ; ImmutableOopMap {c_rarg1=Oop [216]=Oop c_rarg0=Oop }
                      ;*invokevirtual method_1606 {reexecute=0 rethrow=0 return_oop=0}
                      ; - net.minecraft.class_310::method_1523@224 (line 1186)
                      ;   {runtime_call throw_null_pointer_exception Runtime1 stub}
  0x00000001097eea8c: dd49 5895 

  0x00000001097eea90: ; ImmutableOopMap {c_rarg1=Oop [216]=Oop c_rarg2=Oop }
                      ;*invokevirtual method_4474 {reexecute=0 rethrow=0 return_oop=0}
                      ; - net.minecraft.class_310::method_1523@234 (line 1188)
                      ;   {runtime_call throw_null_pointer_exception Runtime1 stub}
  0x00000001097eea90: dc49 5895 | 4368 40b9 | 63f0 7dd3 | 6387 fcb4 | e303 00f9 

  0x00000001097eeaa4: ;   {runtime_call g1_pre_barrier_slow}
  0x00000001097eeaa4: 975f 5895 | 38e4 ff17 | a087 fcb4 | e203 00f9 

  0x00000001097eeab4: ;   {runtime_call g1_post_barrier_slow}
  0x00000001097eeab4: 5360 5895 | 3ae4 ff17 

  0x00000001097eeabc: ; ImmutableOopMap {c_rarg1=Oop [216]=Oop c_rarg2=Oop }
                      ;*invokeinterface method_15396 {reexecute=0 rethrow=0 return_oop=0}
                      ; - net.minecraft.class_310::method_1523@244 (line 1190)
                      ;   {runtime_call throw_incompatible_class_change_error Runtime1 stub}
  0x00000001097eeabc: 1155 5895 

  0x00000001097eeac0: ; ImmutableOopMap {c_rarg1=Oop [216]=Oop c_rarg2=Oop }
                      ;*invokeinterface method_15396 {reexecute=0 rethrow=0 return_oop=0}
                      ; - net.minecraft.class_310::method_1523@244 (line 1190)
                      ;   {runtime_call throw_null_pointer_exception Runtime1 stub}
  0x00000001097eeac0: d049 5895 

  0x00000001097eeac4: ;   {metadata({method} {0x0000000125e9f888} 'method_15396' '(Ljava/lang/String;)V' in 'net/minecraft/class_3694')}
  0x00000001097eeac4: 0811 9fd2 | 28bd a4f2 | 2800 c0f2 | e807 00f9 | 0800 8092 | e803 00f9 

  0x00000001097eeadc: ; ImmutableOopMap {c_rarg1=Oop [216]=Oop }
                      ;*synchronization entry
                      ; - net.minecraft.class_3694::method_15396@-1 (line 27)
                      ; - net.minecraft.class_310::method_1523@244 (line 1190)
                      ;   {runtime_call counter_overflow Runtime1 stub}
  0x00000001097eeadc: 095e 5895 | 4de4 ff17 

  0x00000001097eeae4: ; ImmutableOopMap {c_rarg1=Oop [216]=Oop c_rarg2=Oop c_rarg0=Oop }
                      ;*invokevirtual method_19418 {reexecute=0 rethrow=0 return_oop=0}
                      ; - net.minecraft.class_310::method_1523@257 (line 1191)
                      ;   {runtime_call throw_null_pointer_exception Runtime1 stub}
  0x00000001097eeae4: c749 5895 

  0x00000001097eeae8: ; ImmutableOopMap {c_rarg1=Oop [216]=Oop c_rarg2=Oop c_rarg0=Oop }
                      ;*invokevirtual method_4876 {reexecute=0 rethrow=0 return_oop=0}
                      ; - net.minecraft.class_310::method_1523@260 (line 1191)
                      ;   {runtime_call throw_null_pointer_exception Runtime1 stub}
  0x00000001097eeae8: c649 5895 

  0x00000001097eeaec: ;   {metadata({method} {0x00000003363de4c8} 'method_4876' '(Lnet/minecraft/class_4184;)V' in 'net/minecraft/class_1144')}
  0x00000001097eeaec: 0899 9cd2 | a8c7 a6f2 | 6800 c0f2 | e807 00f9 | 0800 8092 | e803 00f9 

  0x00000001097eeb04: ; ImmutableOopMap {c_rarg1=Oop [216]=Oop c_rarg2=Oop c_rarg0=Oop }
                      ;*synchronization entry
                      ; - net.minecraft.class_1144::method_4876@-1 (line 256)
                      ; - net.minecraft.class_310::method_1523@260 (line 1191)
                      ;   {runtime_call counter_overflow Runtime1 stub}
  0x00000001097eeb04: ff5d 5895 | 62e4 ff17 

  0x00000001097eeb0c: ; ImmutableOopMap {c_rarg1=Oop [216]=Oop c_rarg0=Oop c_rarg3=Oop }
                      ;*invokevirtual method_4840 {reexecute=0 rethrow=0 return_oop=0}
                      ; - net.minecraft.class_1144::method_4876@5 (line 256)
                      ; - net.minecraft.class_310::method_1523@260 (line 1191)
                      ;   {runtime_call throw_null_pointer_exception Runtime1 stub}
  0x00000001097eeb0c: bd49 5895 

  0x00000001097eeb10: ; ImmutableOopMap {c_rarg1=Oop [216]=Oop c_rarg0=Oop }
                      ;*invokeinterface method_15407 {reexecute=0 rethrow=0 return_oop=0}
                      ; - net.minecraft.class_310::method_1523@267 (line 1192)
                      ;   {runtime_call throw_incompatible_class_change_error Runtime1 stub}
  0x00000001097eeb10: fc54 5895 

  0x00000001097eeb14: ; ImmutableOopMap {c_rarg1=Oop [216]=Oop c_rarg0=Oop }
                      ;*invokeinterface method_15407 {reexecute=0 rethrow=0 return_oop=0}
                      ; - net.minecraft.class_310::method_1523@267 (line 1192)
                      ;   {runtime_call throw_null_pointer_exception Runtime1 stub}
  0x00000001097eeb14: bb49 5895 

  0x00000001097eeb18: ;   {metadata({method} {0x0000000125e9faa0} 'method_15407' '()V' in 'net/minecraft/class_3694')}
  0x00000001097eeb18: 0854 9fd2 | 28bd a4f2 | 2800 c0f2 | e807 00f9 | 0800 8092 | e803 00f9 

  0x00000001097eeb30: ; ImmutableOopMap {c_rarg1=Oop [216]=Oop c_rarg0=Oop }
                      ;*synchronization entry
                      ; - net.minecraft.class_3694::method_15407@-1 (line 39)
                      ; - net.minecraft.class_310::method_1523@267 (line 1192)
                      ;   {runtime_call counter_overflow Runtime1 stub}
  0x00000001097eeb30: f45d 5895 | 83e4 ff17 

  0x00000001097eeb38: ; ImmutableOopMap {c_rarg1=Oop [216]=Oop c_rarg0=Oop }
                      ;*invokeinterface method_15396 {reexecute=0 rethrow=0 return_oop=0}
                      ; - net.minecraft.class_310::method_1523@279 (line 1194)
                      ;   {runtime_call throw_incompatible_class_change_error Runtime1 stub}
  0x00000001097eeb38: f254 5895 

  0x00000001097eeb3c: ;   {metadata({method} {0x0000000125e9f888} 'method_15396' '(Ljava/lang/String;)V' in 'net/minecraft/class_3694')}
  0x00000001097eeb3c: 0811 9fd2 | 28bd a4f2 | 2800 c0f2 | e807 00f9 | 0800 8092 | e803 00f9 

  0x00000001097eeb54: ; ImmutableOopMap {c_rarg1=Oop [216]=Oop }
                      ;*synchronization entry
                      ; - net.minecraft.class_3694::method_15396@-1 (line 27)
                      ; - net.minecraft.class_310::method_1523@279 (line 1194)
                      ;   {runtime_call counter_overflow Runtime1 stub}
  0x00000001097eeb54: eb5d 5895 | 94e4 ff17 

  0x00000001097eeb5c: ;   {metadata({method} {0x0000000123c654a8} 'method_648' '()J' in 'net/minecraft/class_156')}
  0x00000001097eeb5c: 0895 8ad2 | c878 a4f2 | 2800 c0f2 | e807 00f9 | 0800 8092 | e803 00f9 

  0x00000001097eeb74: ; ImmutableOopMap {c_rarg1=Oop [216]=Oop }
                      ;*synchronization entry
                      ; - net.minecraft.class_156::method_648@-1 (line 126)
                      ; - net.minecraft.class_310::method_1523@284 (line 1196)
                      ;   {runtime_call counter_overflow Runtime1 stub}
  0x00000001097eeb74: e35d 5895 | 9be4 ff17 

  0x00000001097eeb7c: ; ImmutableOopMap {c_rarg1=Oop [216]=Oop c_rarg0=Oop }
                      ;*invokeinterface getAsLong {reexecute=0 rethrow=0 return_oop=0}
                      ; - net.minecraft.class_156::method_648@3 (line 126)
                      ; - net.minecraft.class_310::method_1523@284 (line 1196)
                      ;   {runtime_call throw_null_pointer_exception Runtime1 stub}
  0x00000001097eeb7c: a149 5895 

  0x00000001097eeb80: ; ImmutableOopMap {c_rarg1=Oop [216]=Oop }
                      ;*getfield field_1866 {reexecute=1 rethrow=0 return_oop=0}
                      ; - (reexecute) net.minecraft.class_310::method_1523@293 (line 1198)
                      ;   {runtime_call throw_null_pointer_exception Runtime1 stub}
  0x00000001097eeb80: a049 5895 

  0x00000001097eeb84: ; ImmutableOopMap {c_rarg1=Oop [216]=Oop c_rarg2=Oop }
                      ;*invokeinterface method_34773 {reexecute=0 rethrow=0 return_oop=0}
                      ; - net.minecraft.class_310::method_1523@303 (line 1198)
                      ;   {runtime_call throw_incompatible_class_change_error Runtime1 stub}
  0x00000001097eeb84: df54 5895 

  0x00000001097eeb88: ; ImmutableOopMap {c_rarg1=Oop [216]=Oop c_rarg2=Oop }
                      ;*invokeinterface method_34773 {reexecute=0 rethrow=0 return_oop=0}
                      ; - net.minecraft.class_310::method_1523@303 (line 1198)
                      ;   {runtime_call throw_null_pointer_exception Runtime1 stub}
  0x00000001097eeb88: 9e49 5895 

  0x00000001097eeb8c: ;   {metadata({method} {0x0000000125ea0588} 'method_34773' '()Z' in 'net/minecraft/class_5963')}
  0x00000001097eeb8c: 08b1 80d2 | 48bd a4f2 | 2800 c0f2 | e807 00f9 | 0800 8092 | e803 00f9 

  0x00000001097eeba4: ; ImmutableOopMap {c_rarg1=Oop [216]=Oop }
                      ;*synchronization entry
                      ; - net.minecraft.class_5963::method_34773@-1 (line 23)
                      ; - net.minecraft.class_310::method_1523@303 (line 1198)
                      ;   {runtime_call counter_overflow Runtime1 stub}
  0x00000001097eeba4: d75d 5895 | f0e4 ff17 

  0x00000001097eebac: ; ImmutableOopMap {[216]=Oop c_rarg2=Oop }
                      ;*invokevirtual method_41723 {reexecute=0 rethrow=0 return_oop=0}
                      ; - net.minecraft.class_310::method_1523@322 (line 1199)
                      ;   {runtime_call throw_null_pointer_exception Runtime1 stub}
  0x00000001097eebac: 9549 5895 

  0x00000001097eebb0: ; ImmutableOopMap {[216]=Oop c_rarg0=Oop c_rarg2=Oop }
                      ;*invokevirtual ifPresent {reexecute=0 rethrow=0 return_oop=0}
                      ; - net.minecraft.class_310::method_1523@348 (line 1201)
                      ;   {runtime_call throw_null_pointer_exception Runtime1 stub}
  0x00000001097eebb0: 9449 5895 

  0x00000001097eebb4: ;   {metadata({method} {0x000000a000115fb8} 'ifPresent' '(Ljava/util/function/Consumer;)V' in 'java/util/Optional')}
  0x00000001097eebb4: 08f7 8bd2 | 2802 a0f2 | 0814 c0f2 | e807 00f9 | 0800 8092 | e803 00f9 

  0x00000001097eebcc: ; ImmutableOopMap {[216]=Oop c_rarg0=Oop c_rarg2=Oop }
                      ;*synchronization entry
                      ; - java.util.Optional::ifPresent@-1
                      ; - net.minecraft.class_310::method_1523@348 (line 1201)
                      ;   {runtime_call counter_overflow Runtime1 stub}
  0x00000001097eebcc: cd5d 5895 | 84e5 ff17 

  0x00000001097eebd4: ; ImmutableOopMap {[216]=Oop c_rarg2=Oop c_rarg0=Oop }
                      ;*invokeinterface accept {reexecute=0 rethrow=0 return_oop=0}
                      ; - java.util.Optional::ifPresent@12
                      ; - net.minecraft.class_310::method_1523@348 (line 1201)
                      ;   {runtime_call throw_null_pointer_exception Runtime1 stub}
  0x00000001097eebd4: 8b49 5895 

  0x00000001097eebd8: ;   {metadata({method} {0x0000000125d4b358} 'clear' '(IZ)V' in 'com/mojang/blaze3d/systems/RenderSystem')}
  0x00000001097eebd8: 086b 96d2 | 88ba a4f2 | 2800 c0f2 | e807 00f9 | 0800 8092 | e803 00f9 

  0x00000001097eebf0: ; ImmutableOopMap {[216]=Oop }
                      ;*synchronization entry
                      ; - com.mojang.blaze3d.systems.RenderSystem::clear@-1 (line 609)
                      ; - net.minecraft.class_310::method_1523@368 (line 1208)
                      ;   {runtime_call counter_overflow Runtime1 stub}
  0x00000001097eebf0: c45d 5895 | cfe5 ff17 

  0x00000001097eebf8: ;   {metadata({method} {0x0000000125d48f78} 'assertOnGameThreadOrInit' '()V' in 'com/mojang/blaze3d/systems/RenderSystem')}
  0x00000001097eebf8: 08ef 91d2 | 88ba a4f2 | 2800 c0f2 | e807 00f9 | 0800 8092 | e803 00f9 

  0x00000001097eec10: ; ImmutableOopMap {[216]=Oop }
                      ;*synchronization entry
                      ; - com.mojang.blaze3d.systems.RenderSystem::assertOnGameThreadOrInit@-1 (line 158)
                      ; - com.mojang.blaze3d.systems.RenderSystem::clear@0 (line 609)
                      ; - net.minecraft.class_310::method_1523@368 (line 1208)
                      ;   {runtime_call counter_overflow Runtime1 stub}
  0x00000001097eec10: bc5d 5895 | d6e5 ff17 

  0x00000001097eec18: ;   {metadata({method} {0x0000000125d48e18} 'isOnGameThread' '()Z' in 'com/mojang/blaze3d/systems/RenderSystem')}
  0x00000001097eec18: 08c3 91d2 | 88ba a4f2 | 2800 c0f2 | e807 00f9 | 0800 8092 | e803 00f9 

  0x00000001097eec30: ; ImmutableOopMap {[216]=Oop }
                      ;*synchronization entry
                      ; - com.mojang.blaze3d.systems.RenderSystem::isOnGameThread@-1 (line 146)
                      ; - com.mojang.blaze3d.systems.RenderSystem::assertOnGameThreadOrInit@6 (line 158)
                      ; - com.mojang.blaze3d.systems.RenderSystem::clear@0 (line 609)
                      ; - net.minecraft.class_310::method_1523@368 (line 1208)
                      ;   {runtime_call counter_overflow Runtime1 stub}
  0x00000001097eec30: b45d 5895 | ece5 ff17 

  0x00000001097eec38: ;   {metadata({method} {0x0000000336328d48} '_clear' '(IZ)V' in 'com/mojang/blaze3d/platform/GlStateManager')}
  0x00000001097eec38: 08a9 91d2 | 48c6 a6f2 | 6800 c0f2 | e807 00f9 | 0800 8092 | e803 00f9 

  0x00000001097eec50: ; ImmutableOopMap {[216]=Oop }
                      ;*synchronization entry
                      ; - com.mojang.blaze3d.platform.GlStateManager::_clear@-1 (line 705)
                      ; - com.mojang.blaze3d.systems.RenderSystem::clear@5 (line 615)
                      ; - net.minecraft.class_310::method_1523@368 (line 1208)
                      ;   {runtime_call counter_overflow Runtime1 stub}
  0x00000001097eec50: ac5d 5895 | f9e5 ff17 

  0x00000001097eec58: ;   {metadata({method} {0x0000000125d49030} 'assertOnRenderThreadOrInit' '()V' in 'com/mojang/blaze3d/systems/RenderSystem')}
  0x00000001097eec58: 0806 92d2 | 88ba a4f2 | 2800 c0f2 | e807 00f9 | 0800 8092 | e803 00f9 

  0x00000001097eec70: ; ImmutableOopMap {[216]=Oop }
                      ;*synchronization entry
                      ; - com.mojang.blaze3d.systems.RenderSystem::assertOnRenderThreadOrInit@-1 (line 165)
                      ; - com.mojang.blaze3d.platform.GlStateManager::_clear@0 (line 705)
                      ; - com.mojang.blaze3d.systems.RenderSystem::clear@5 (line 615)
                      ; - net.minecraft.class_310::method_1523@368 (line 1208)
                      ;   {runtime_call counter_overflow Runtime1 stub}
  0x00000001097eec70: a45d 5895 | 00e6 ff17 

  0x00000001097eec78: ;   {metadata({method} {0x0000000125d48bb0} 'isOnRenderThread' '()Z' in 'com/mojang/blaze3d/systems/RenderSystem')}
  0x00000001097eec78: 0876 91d2 | 88ba a4f2 | 2800 c0f2 | e807 00f9 | 0800 8092 | e803 00f9 

  0x00000001097eec90: ; ImmutableOopMap {[216]=Oop }
                      ;*synchronization entry
                      ; - com.mojang.blaze3d.systems.RenderSystem::isOnRenderThread@-1 (line 127)
                      ; - com.mojang.blaze3d.systems.RenderSystem::assertOnRenderThreadOrInit@6 (line 165)
                      ; - com.mojang.blaze3d.platform.GlStateManager::_clear@0 (line 705)
                      ; - com.mojang.blaze3d.systems.RenderSystem::clear@5 (line 615)
                      ; - net.minecraft.class_310::method_1523@368 (line 1208)
                      ;   {runtime_call counter_overflow Runtime1 stub}
  0x00000001097eec90: 9c5d 5895 | 12e6 ff17 

  0x00000001097eec98: ;   {metadata({method} {0x00000001238a6a80} 'glClear' '(I)V' in 'org/lwjgl/opengl/GL11')}
  0x00000001097eec98: 0850 8dd2 | 4871 a4f2 | 2800 c0f2 | e807 00f9 | 0800 8092 | e803 00f9 

  0x00000001097eecb0: ; ImmutableOopMap {[216]=Oop }
                      ;*synchronization entry
                      ; - org.lwjgl.opengl.GL11::glClear@-1 (line 992)
                      ; - com.mojang.blaze3d.platform.GlStateManager::_clear@4 (line 706)
                      ; - com.mojang.blaze3d.systems.RenderSystem::clear@5 (line 615)
                      ; - net.minecraft.class_310::method_1523@368 (line 1208)
                      ;   {runtime_call counter_overflow Runtime1 stub}
  0x00000001097eecb0: 945d 5895 | 47e6 ff17 

  0x00000001097eecb8: ;   {metadata({method} {0x0000000336329668} '_getError' '()I' in 'com/mojang/blaze3d/platform/GlStateManager')}
  0x00000001097eecb8: 08cd 92d2 | 48c6 a6f2 | 6800 c0f2 | e807 00f9 | 0800 8092 | e803 00f9 

  0x00000001097eecd0: ; ImmutableOopMap {[216]=Oop }
                      ;*synchronization entry
                      ; - com.mojang.blaze3d.platform.GlStateManager::_getError@-1 (line 759)
                      ; - com.mojang.blaze3d.platform.GlStateManager::_clear@11 (line 709)
                      ; - com.mojang.blaze3d.systems.RenderSystem::clear@5 (line 615)
                      ; - net.minecraft.class_310::method_1523@368 (line 1208)
                      ;   {runtime_call counter_overflow Runtime1 stub}
  0x00000001097eecd0: 8c5d 5895 | 5ce6 ff17 

  0x00000001097eecd8: ;   {metadata({method} {0x0000000125d490e8} 'assertOnRenderThread' '()V' in 'com/mojang/blaze3d/systems/RenderSystem')}
  0x00000001097eecd8: 081d 92d2 | 88ba a4f2 | 2800 c0f2 | e807 00f9 | 0800 8092 | e803 00f9 

  0x00000001097eecf0: ; ImmutableOopMap {[216]=Oop }
                      ;*synchronization entry
                      ; - com.mojang.blaze3d.systems.RenderSystem::assertOnRenderThread@-1 (line 172)
                      ; - com.mojang.blaze3d.platform.GlStateManager::_getError@0 (line 759)
                      ; - com.mojang.blaze3d.platform.GlStateManager::_clear@11 (line 709)
                      ; - com.mojang.blaze3d.systems.RenderSystem::clear@5 (line 615)
                      ; - net.minecraft.class_310::method_1523@368 (line 1208)
                      ;   {runtime_call counter_overflow Runtime1 stub}
  0x00000001097eecf0: 845d 5895 | 63e6 ff17 

  0x00000001097eecf8: ;   {metadata({method} {0x0000000125d48bb0} 'isOnRenderThread' '()Z' in 'com/mojang/blaze3d/systems/RenderSystem')}
  0x00000001097eecf8: 0876 91d2 | 88ba a4f2 | 2800 c0f2 | e807 00f9 | 0800 8092 | e803 00f9 

  0x00000001097eed10: ; ImmutableOopMap {[216]=Oop }
                      ;*synchronization entry
                      ; - com.mojang.blaze3d.systems.RenderSystem::isOnRenderThread@-1 (line 127)
                      ; - com.mojang.blaze3d.systems.RenderSystem::assertOnRenderThread@0 (line 172)
                      ; - com.mojang.blaze3d.platform.GlStateManager::_getError@0 (line 759)
                      ; - com.mojang.blaze3d.platform.GlStateManager::_clear@11 (line 709)
                      ; - com.mojang.blaze3d.systems.RenderSystem::clear@5 (line 615)
                      ; - net.minecraft.class_310::method_1523@368 (line 1208)
                      ;   {runtime_call counter_overflow Runtime1 stub}
  0x00000001097eed10: 7c5d 5895 | 6ae6 ff17 

  0x00000001097eed18: ;   {metadata({method} {0x00000001238d9460} 'glGetError' '()I' in 'org/lwjgl/opengl/GL11')}
  0x00000001097eed18: 088c 92d2 | a871 a4f2 | 2800 c0f2 | e807 00f9 | 0800 8092 | e803 00f9 

  0x00000001097eed30: ; ImmutableOopMap {[216]=Oop }
                      ;*synchronization entry
                      ; - org.lwjgl.opengl.GL11::glGetError@-1 (line 10035)
                      ; - com.mojang.blaze3d.platform.GlStateManager::_getError@3 (line 760)
                      ; - com.mojang.blaze3d.platform.GlStateManager::_clear@11 (line 709)
                      ; - com.mojang.blaze3d.systems.RenderSystem::clear@5 (line 615)
                      ; - net.minecraft.class_310::method_1523@368 (line 1208)
                      ;   {runtime_call counter_overflow Runtime1 stub}
  0x00000001097eed30: 745d 5895 | 9ee6 ff17 

  0x00000001097eed38: ; ImmutableOopMap {[216]=Oop }
                      ;*getfield experimental_disable_error_checking {reexecute=1 rethrow=0 return_oop=0}
                      ; - (reexecute) org.lwjgl.opengl.GL11::glGetError@3 (line 10035)
                      ; - com.mojang.blaze3d.platform.GlStateManager::_getError@3 (line 760)
                      ; - com.mojang.blaze3d.platform.GlStateManager::_clear@11 (line 709)
                      ; - com.mojang.blaze3d.systems.RenderSystem::clear@5 (line 615)
                      ; - net.minecraft.class_310::method_1523@368 (line 1208)
                      ;   {runtime_call throw_null_pointer_exception Runtime1 stub}
  0x00000001097eed38: 3249 5895 

  0x00000001097eed3c: ; ImmutableOopMap {c_rarg1=Oop [216]=Oop c_rarg0=Oop }
                      ;*invokevirtual method_1235 {reexecute=0 rethrow=0 return_oop=0}
                      ; - net.minecraft.class_310::method_1523@376 (line 1210)
                      ;   {runtime_call throw_null_pointer_exception Runtime1 stub}
  0x00000001097eed3c: 3149 5895 

  0x00000001097eed40: ;   {metadata({method} {0x0000000337d5ba08} 'method_23792' '()V' in 'net/minecraft/class_758')}
  0x00000001097eed40: 0841 97d2 | a8fa a6f2 | 6800 c0f2 | e807 00f9 | 0800 8092 | e803 00f9 

  0x00000001097eed58: ; ImmutableOopMap {[216]=Oop }
                      ;*synchronization entry
                      ; - net.minecraft.class_758::method_23792@-1 (line 203)
                      ; - net.minecraft.class_310::method_1523@379 (line 1211)
                      ;   {runtime_call counter_overflow Runtime1 stub}
  0x00000001097eed58: 6a5d 5895 | f0e6 ff17 

  0x00000001097eed60: ;   {metadata({method} {0x0000000125d4b410} 'setShaderFogStart' '(F)V' in 'com/mojang/blaze3d/systems/RenderSystem')}
  0x00000001097eed60: 0882 96d2 | 88ba a4f2 | 2800 c0f2 | e807 00f9 | 0800 8092 | e803 00f9 

  0x00000001097eed78: ; ImmutableOopMap {[216]=Oop }
                      ;*synchronization entry
                      ; - com.mojang.blaze3d.systems.RenderSystem::setShaderFogStart@-1 (line 620)
                      ; - net.minecraft.class_758::method_23792@3 (line 203)
                      ; - net.minecraft.class_310::method_1523@379 (line 1211)
                      ;   {runtime_call counter_overflow Runtime1 stub}
  0x00000001097eed78: 625d 5895 | f7e6 ff17 

  0x00000001097eed80: ;   {metadata({method} {0x0000000125d490e8} 'assertOnRenderThread' '()V' in 'com/mojang/blaze3d/systems/RenderSystem')}
  0x00000001097eed80: 081d 92d2 | 88ba a4f2 | 2800 c0f2 | e807 00f9 | 0800 8092 | e803 00f9 

  0x00000001097eed98: ; ImmutableOopMap {[216]=Oop }
                      ;*synchronization entry
                      ; - com.mojang.blaze3d.systems.RenderSystem::assertOnRenderThread@-1 (line 172)
                      ; - com.mojang.blaze3d.systems.RenderSystem::setShaderFogStart@0 (line 620)
                      ; - net.minecraft.class_758::method_23792@3 (line 203)
                      ; - net.minecraft.class_310::method_1523@379 (line 1211)
                      ;   {runtime_call counter_overflow Runtime1 stub}
  0x00000001097eed98: 5a5d 5895 | fee6 ff17 

  0x00000001097eeda0: ;   {metadata({method} {0x0000000125d48bb0} 'isOnRenderThread' '()Z' in 'com/mojang/blaze3d/systems/RenderSystem')}
  0x00000001097eeda0: 0876 91d2 | 88ba a4f2 | 2800 c0f2 | e807 00f9 | 0800 8092 | e803 00f9 

  0x00000001097eedb8: ; ImmutableOopMap {[216]=Oop }
                      ;*synchronization entry
                      ; - com.mojang.blaze3d.systems.RenderSystem::isOnRenderThread@-1 (line 127)
                      ; - com.mojang.blaze3d.systems.RenderSystem::assertOnRenderThread@0 (line 172)
                      ; - com.mojang.blaze3d.systems.RenderSystem::setShaderFogStart@0 (line 620)
                      ; - net.minecraft.class_758::method_23792@3 (line 203)
                      ; - net.minecraft.class_310::method_1523@379 (line 1211)
                      ;   {runtime_call counter_overflow Runtime1 stub}
  0x00000001097eedb8: 525d 5895 | 05e7 ff17 

  0x00000001097eedc0: ;   {metadata({method} {0x0000000125d4b4c8} '_setShaderFogStart' '(F)V' in 'com/mojang/blaze3d/systems/RenderSystem')}
  0x00000001097eedc0: 0899 96d2 | 88ba a4f2 | 2800 c0f2 | e807 00f9 | 0800 8092 | e803 00f9 

  0x00000001097eedd8: ; ImmutableOopMap {[216]=Oop }
                      ;*synchronization entry
                      ; - com.mojang.blaze3d.systems.RenderSystem::_setShaderFogStart@-1 (line 631)
                      ; - com.mojang.blaze3d.systems.RenderSystem::setShaderFogStart@4 (line 626)
                      ; - net.minecraft.class_758::method_23792@3 (line 203)
                      ; - net.minecraft.class_310::method_1523@379 (line 1211)
                      ;   {runtime_call counter_overflow Runtime1 stub}
  0x00000001097eedd8: 4a5d 5895 | 39e7 ff17 

  0x00000001097eede0: ;   {metadata({method} {0x0000000125d64498} 'handler$fmf000$iris$onFogStart' '(FLorg/spongepowered/asm/mixin/injection/callback/CallbackInfo;)V' in 'com/mojang/blaze3d/systems/RenderSystem')}
  0x00000001097eede0: 0893 88d2 | c8ba a4f2 | 2800 c0f2 | e807 00f9 | 0800 8092 | e803 00f9 

  0x00000001097eedf8: ; ImmutableOopMap {[216]=Oop c_rarg1=Oop }
                      ;*synchronization entry
                      ; - com.mojang.blaze3d.systems.RenderSystem::handler$fmf000$iris$onFogStart@-1 (line 4470)
                      ; - com.mojang.blaze3d.systems.RenderSystem::_setShaderFogStart@6 (line 631)
                      ; - com.mojang.blaze3d.systems.RenderSystem::setShaderFogStart@4 (line 626)
                      ; - net.minecraft.class_758::method_23792@3 (line 203)
                      ; - net.minecraft.class_310::method_1523@379 (line 1211)
                      ;   {runtime_call counter_overflow Runtime1 stub}
  0x00000001097eedf8: 425d 5895 | 46e7 ff17 

  0x00000001097eee00: ; ImmutableOopMap {[216]=Oop c_rarg1=Oop }
                      ;*invokeinterface run {reexecute=0 rethrow=0 return_oop=0}
                      ; - com.mojang.blaze3d.systems.RenderSystem::handler$fmf000$iris$onFogStart@9 (line 4471)
                      ; - com.mojang.blaze3d.systems.RenderSystem::_setShaderFogStart@6 (line 631)
                      ; - com.mojang.blaze3d.systems.RenderSystem::setShaderFogStart@4 (line 626)
                      ; - net.minecraft.class_758::method_23792@3 (line 203)
                      ; - net.minecraft.class_310::method_1523@379 (line 1211)
                      ;   {runtime_call throw_null_pointer_exception Runtime1 stub}
  0x00000001097eee00: 0049 5895 

  0x00000001097eee04: ;   {metadata({method} {0x0000000125d63a00} 'handler$epf000$flywheel$onSetFogStart' '(Lorg/spongepowered/asm/mixin/injection/callback/CallbackInfo;)V' in 'com/mojang/blaze3d/systems/RenderSystem')}
  0x00000001097eee04: 0840 87d2 | c8ba a4f2 | 2800 c0f2 | e807 00f9 | 0800 8092 | e803 00f9 

  0x00000001097eee1c: ; ImmutableOopMap {[216]=Oop }
                      ;*synchronization entry
                      ; - com.mojang.blaze3d.systems.RenderSystem::handler$epf000$flywheel$onSetFogStart@-1 (line 2470)
                      ; - com.mojang.blaze3d.systems.RenderSystem::setShaderFogStart@8 (line 628)
                      ; - net.minecraft.class_758::method_23792@3 (line 203)
                      ; - net.minecraft.class_310::method_1523@379 (line 1211)
                      ;   {runtime_call counter_overflow Runtime1 stub}
  0x00000001097eee1c: 395d 5895 | 88e7 ff17 

  0x00000001097eee24: ; ImmutableOopMap {c_rarg1=Oop [216]=Oop c_rarg2=Oop }
                      ;*invokeinterface method_15396 {reexecute=0 rethrow=0 return_oop=0}
                      ; - net.minecraft.class_310::method_1523@389 (line 1213)
                      ;   {runtime_call throw_incompatible_class_change_error Runtime1 stub}
  0x00000001097eee24: 3754 5895 

  0x00000001097eee28: ; ImmutableOopMap {c_rarg1=Oop [216]=Oop c_rarg2=Oop }
                      ;*invokeinterface method_15396 {reexecute=0 rethrow=0 return_oop=0}
                      ; - net.minecraft.class_310::method_1523@389 (line 1213)
                      ;   {runtime_call throw_null_pointer_exception Runtime1 stub}
  0x00000001097eee28: f648 5895 

  0x00000001097eee2c: ;   {metadata({method} {0x0000000125e9f888} 'method_15396' '(Ljava/lang/String;)V' in 'net/minecraft/class_3694')}
  0x00000001097eee2c: 0811 9fd2 | 28bd a4f2 | 2800 c0f2 | e807 00f9 | 0800 8092 | e803 00f9 

  0x00000001097eee44: ; ImmutableOopMap {c_rarg1=Oop [216]=Oop }
                      ;*synchronization entry
                      ; - net.minecraft.class_3694::method_15396@-1 (line 27)
                      ; - net.minecraft.class_310::method_1523@389 (line 1213)
                      ;   {runtime_call counter_overflow Runtime1 stub}
  0x00000001097eee44: 2f5d 5895 | a3e7 ff17 

  0x00000001097eee4c: ;   {metadata({method} {0x0000000125d4a2f0} 'enableCull' '()V' in 'com/mojang/blaze3d/systems/RenderSystem')}
  0x00000001097eee4c: 085e 94d2 | 88ba a4f2 | 2800 c0f2 | e807 00f9 | 0800 8092 | e803 00f9 

  0x00000001097eee64: ; ImmutableOopMap {c_rarg1=Oop [216]=Oop }
                      ;*synchronization entry
                      ; - com.mojang.blaze3d.systems.RenderSystem::enableCull@-1 (line 381)
                      ; - net.minecraft.class_310::method_1523@394 (line 1214)
                      ;   {runtime_call counter_overflow Runtime1 stub}
  0x00000001097eee64: 275d 5895 | aae7 ff17 

  0x00000001097eee6c: ;   {metadata({method} {0x0000000125d490e8} 'assertOnRenderThread' '()V' in 'com/mojang/blaze3d/systems/RenderSystem')}
  0x00000001097eee6c: 081d 92d2 | 88ba a4f2 | 2800 c0f2 | e807 00f9 | 0800 8092 | e803 00f9 

  0x00000001097eee84: ; ImmutableOopMap {c_rarg1=Oop [216]=Oop }
                      ;*synchronization entry
                      ; - com.mojang.blaze3d.systems.RenderSystem::assertOnRenderThread@-1 (line 172)
                      ; - com.mojang.blaze3d.systems.RenderSystem::enableCull@0 (line 381)
                      ; - net.minecraft.class_310::method_1523@394 (line 1214)
                      ;   {runtime_call counter_overflow Runtime1 stub}
  0x00000001097eee84: 1f5d 5895 | b1e7 ff17 

  0x00000001097eee8c: ;   {metadata({method} {0x0000000125d48bb0} 'isOnRenderThread' '()Z' in 'com/mojang/blaze3d/systems/RenderSystem')}
  0x00000001097eee8c: 0876 91d2 | 88ba a4f2 | 2800 c0f2 | e807 00f9 | 0800 8092 | e803 00f9 

  0x00000001097eeea4: ; ImmutableOopMap {c_rarg1=Oop [216]=Oop }
                      ;*synchronization entry
                      ; - com.mojang.blaze3d.systems.RenderSystem::isOnRenderThread@-1 (line 127)
                      ; - com.mojang.blaze3d.systems.RenderSystem::assertOnRenderThread@0 (line 172)
                      ; - com.mojang.blaze3d.systems.RenderSystem::enableCull@0 (line 381)
                      ; - net.minecraft.class_310::method_1523@394 (line 1214)
                      ;   {runtime_call counter_overflow Runtime1 stub}
  0x00000001097eeea4: 175d 5895 | b8e7 ff17 

  0x00000001097eeeac: ;   {metadata({method} {0x0000000336326f28} '_enableCull' '()V' in 'com/mojang/blaze3d/platform/GlStateManager')}
  0x00000001097eeeac: 08e5 8dd2 | 48c6 a6f2 | 6800 c0f2 | e807 00f9 | 0800 8092 | e803 00f9 

  0x00000001097eeec4: ; ImmutableOopMap {c_rarg1=Oop [216]=Oop c_rarg2=Oop }
                      ;*synchronization entry
                      ; - com.mojang.blaze3d.platform.GlStateManager::_enableCull@-1 (line 459)
                      ; - com.mojang.blaze3d.systems.RenderSystem::enableCull@3 (line 385)
                      ; - net.minecraft.class_310::method_1523@394 (line 1214)
                      ;   {runtime_call counter_overflow Runtime1 stub}
  0x00000001097eeec4: 0f5d 5895 | ece7 ff17 

  0x00000001097eeecc: ;   {metadata({method} {0x0000000125d490e8} 'assertOnRenderThread' '()V' in 'com/mojang/blaze3d/systems/RenderSystem')}
  0x00000001097eeecc: 081d 92d2 | 88ba a4f2 | 2800 c0f2 | e807 00f9 | 0800 8092 | e803 00f9 

  0x00000001097eeee4: ; ImmutableOopMap {c_rarg1=Oop [216]=Oop c_rarg2=Oop }
                      ;*synchronization entry
                      ; - com.mojang.blaze3d.systems.RenderSystem::assertOnRenderThread@-1 (line 172)
                      ; - com.mojang.blaze3d.platform.GlStateManager::_enableCull@0 (line 459)
                      ; - com.mojang.blaze3d.systems.RenderSystem::enableCull@3 (line 385)
                      ; - net.minecraft.class_310::method_1523@394 (line 1214)
                      ;   {runtime_call counter_overflow Runtime1 stub}
  0x00000001097eeee4: 075d 5895 | f3e7 ff17 

  0x00000001097eeeec: ;   {metadata({method} {0x0000000125d48bb0} 'isOnRenderThread' '()Z' in 'com/mojang/blaze3d/systems/RenderSystem')}
  0x00000001097eeeec: 0876 91d2 | 88ba a4f2 | 2800 c0f2 | e807 00f9 | 0800 8092 | e803 00f9 

  0x00000001097eef04: ; ImmutableOopMap {c_rarg1=Oop [216]=Oop c_rarg2=Oop }
                      ;*synchronization entry
                      ; - com.mojang.blaze3d.systems.RenderSystem::isOnRenderThread@-1 (line 127)
                      ; - com.mojang.blaze3d.systems.RenderSystem::assertOnRenderThread@0 (line 172)
                      ; - com.mojang.blaze3d.platform.GlStateManager::_enableCull@0 (line 459)
                      ; - com.mojang.blaze3d.systems.RenderSystem::enableCull@3 (line 385)
                      ; - net.minecraft.class_310::method_1523@394 (line 1214)
                      ;   {runtime_call counter_overflow Runtime1 stub}
  0x00000001097eef04: ff5c 5895 | fae7 ff17 

  0x00000001097eef0c: ; ImmutableOopMap {[216]=Oop }
                      ;*getfield field_5072 {reexecute=1 rethrow=0 return_oop=0}
                      ; - (reexecute) com.mojang.blaze3d.platform.GlStateManager::_enableCull@6 (line 460)
                      ; - com.mojang.blaze3d.systems.RenderSystem::enableCull@3 (line 385)
                      ; - net.minecraft.class_310::method_1523@394 (line 1214)
                      ;   {runtime_call throw_null_pointer_exception Runtime1 stub}
  0x00000001097eef0c: bd48 5895 

  0x00000001097eef10: ; ImmutableOopMap {[216]=Oop c_rarg0=Oop }
                      ;*invokevirtual method_4471 {reexecute=0 rethrow=0 return_oop=0}
                      ; - com.mojang.blaze3d.platform.GlStateManager::_enableCull@9 (line 460)
                      ; - com.mojang.blaze3d.systems.RenderSystem::enableCull@3 (line 385)
                      ; - net.minecraft.class_310::method_1523@394 (line 1214)
                      ;   {runtime_call throw_null_pointer_exception Runtime1 stub}
  0x00000001097eef10: bc48 5895 

  0x00000001097eef14: ;   {metadata({method} {0x000000033632eb78} 'method_4471' '()V' in 'com/mojang/blaze3d/platform/GlStateManager$class_1018')}
  0x00000001097eef14: 086f 9dd2 | 48c6 a6f2 | 6800 c0f2 | e807 00f9 | 0800 8092 | e803 00f9 

  0x00000001097eef2c: ; ImmutableOopMap {[216]=Oop c_rarg0=Oop }
                      ;*synchronization entry
                      ; - com.mojang.blaze3d.platform.GlStateManager$class_1018::method_4471@-1 (line 871)
                      ; - com.mojang.blaze3d.platform.GlStateManager::_enableCull@9 (line 460)
                      ; - com.mojang.blaze3d.systems.RenderSystem::enableCull@3 (line 385)
                      ; - net.minecraft.class_310::method_1523@394 (line 1214)
                      ;   {runtime_call counter_overflow Runtime1 stub}
  0x00000001097eef2c: f55c 5895 | 2ee8 ff17 

  0x00000001097eef34: ; ImmutableOopMap {c_rarg1=Oop [216]=Oop c_rarg0=Oop }
                      ;*invokeinterface method_15407 {reexecute=0 rethrow=0 return_oop=0}
                      ; - net.minecraft.class_310::method_1523@401 (line 1216)
                      ;   {runtime_call throw_incompatible_class_change_error Runtime1 stub}
  0x00000001097eef34: f353 5895 

  0x00000001097eef38: ; ImmutableOopMap {c_rarg1=Oop [216]=Oop c_rarg0=Oop }
                      ;*invokeinterface method_15407 {reexecute=0 rethrow=0 return_oop=0}
                      ; - net.minecraft.class_310::method_1523@401 (line 1216)
                      ;   {runtime_call throw_null_pointer_exception Runtime1 stub}
  0x00000001097eef38: b248 5895 

  0x00000001097eef3c: ;   {metadata({method} {0x0000000125e9faa0} 'method_15407' '()V' in 'net/minecraft/class_3694')}
  0x00000001097eef3c: 0854 9fd2 | 28bd a4f2 | 2800 c0f2 | e807 00f9 | 0800 8092 | e803 00f9 

  0x00000001097eef54: ; ImmutableOopMap {c_rarg1=Oop [216]=Oop c_rarg0=Oop }
                      ;*synchronization entry
                      ; - net.minecraft.class_3694::method_15407@-1 (line 39)
                      ; - net.minecraft.class_310::method_1523@401 (line 1216)
                      ;   {runtime_call counter_overflow Runtime1 stub}
  0x00000001097eef54: eb5c 5895 | 4de8 ff17 

  0x00000001097eef5c: ; ImmutableOopMap {c_rarg1=Oop [216]=Oop c_rarg0=Oop }
                      ;*invokeinterface method_15405 {reexecute=0 rethrow=0 return_oop=0}
                      ; - net.minecraft.class_310::method_1523@420 (line 1218)
                      ;   {runtime_call throw_incompatible_class_change_error Runtime1 stub}
  0x00000001097eef5c: e953 5895 

  0x00000001097eef60: ;   {metadata({method} {0x0000000125e9fb58} 'method_15405' '(Ljava/lang/String;)V' in 'net/minecraft/class_3694')}
  0x00000001097eef60: 086b 9fd2 | 28bd a4f2 | 2800 c0f2 | e807 00f9 | 0800 8092 | e803 00f9 

  0x00000001097eef78: ; ImmutableOopMap {c_rarg1=Oop [216]=Oop }
                      ;*synchronization entry
                      ; - net.minecraft.class_3694::method_15405@-1 (line 43)
                      ; - net.minecraft.class_310::method_1523@420 (line 1218)
                      ;   {runtime_call counter_overflow Runtime1 stub}
  0x00000001097eef78: e25c 5895 | 6ae8 ff17 

  0x00000001097eef80: ; ImmutableOopMap {c_rarg1=Oop [216]=Oop c_rarg0=Oop [304]=Oop }
                      ;*getfield field_1970 {reexecute=1 rethrow=0 return_oop=0}
                      ; - (reexecute) net.minecraft.class_310::method_1523@447 (line 1219)
                      ;   {runtime_call throw_null_pointer_exception Runtime1 stub}
  0x00000001097eef80: a048 5895 

  0x00000001097eef84: ;   {metadata({method} {0x0000000125d986e8} 'handler$zfl000$porting_lib_base$port_lib$renderTickStart' '(Lorg/spongepowered/asm/mixin/injection/callback/CallbackInfo;)V' in 'net/minecraft/class_310')}
  0x00000001097eef84: 08dd 90d2 | 28bb a4f2 | 2800 c0f2 | e807 00f9 | 0800 8092 | e803 00f9 

  0x00000001097eef9c: ; ImmutableOopMap {c_rarg1=Oop [216]=Oop [304]=Oop }
                      ;*synchronization entry
                      ; - net.minecraft.class_310::handler$zfl000$porting_lib_base$port_lib$renderTickStart@-1 (line 3648)
                      ; - net.minecraft.class_310::method_1523@453 (line 1219)
                      ;   {runtime_call counter_overflow Runtime1 stub}
  0x00000001097eef9c: d95c 5895 | 8ee8 ff17 

  0x00000001097eefa4: ; ImmutableOopMap {c_rarg1=Oop [216]=Oop [304]=Oop }
                      ;*getfield invoker {reexecute=1 rethrow=0 return_oop=0}
                      ; - (reexecute) net.fabricmc.fabric.api.event.Event::invoker@1 (line 48)
                      ; - net.minecraft.class_310::handler$zfl000$porting_lib_base$port_lib$renderTickStart@3 (line 3648)
                      ; - net.minecraft.class_310::method_1523@453 (line 1219)
                      ;   {runtime_call throw_null_pointer_exception Runtime1 stub}
  0x00000001097eefa4: 9748 5895 | e803 02aa 

  0x00000001097eefac: ; ImmutableOopMap {c_rarg1=Oop [216]=Oop [304]=Oop }
                      ;*checkcast {reexecute=0 rethrow=0 return_oop=0}
                      ; - net.minecraft.class_310::handler$zfl000$porting_lib_base$port_lib$renderTickStart@6 (line 3648)
                      ; - net.minecraft.class_310::method_1523@453 (line 1219)
                      ;   {runtime_call throw_class_cast_exception Runtime1 stub}
  0x00000001097eefac: 5552 5895 

  0x00000001097eefb0: ; ImmutableOopMap {c_rarg1=Oop [216]=Oop [304]=Oop c_rarg2=Oop }
                      ;*invokeinterface tick {reexecute=0 rethrow=0 return_oop=0}
                      ; - net.minecraft.class_310::handler$zfl000$porting_lib_base$port_lib$renderTickStart@9 (line 3648)
                      ; - net.minecraft.class_310::method_1523@453 (line 1219)
                      ;   {runtime_call throw_null_pointer_exception Runtime1 stub}
  0x00000001097eefb0: 9448 5895 

  0x00000001097eefb4: ;   {metadata({method} {0x0000000125dc4f38} 'modify$lji000$xaerolib$onRenderCall' '(Z)Z' in 'net/minecraft/class_310')}
  0x00000001097eefb4: 08e7 89d2 | 88bb a4f2 | 2800 c0f2 | e807 00f9 | 0800 8092 | e803 00f9 

  0x00000001097eefcc: ; ImmutableOopMap {[304]=Oop [216]=Oop }
                      ;*synchronization entry
                      ; - net.minecraft.class_310::modify$lji000$xaerolib$onRenderCall@-1 (line 47008)
                      ; - net.minecraft.class_310::method_1523@468 (line 1219)
                      ;   {runtime_call counter_overflow Runtime1 stub}
  0x00000001097eefcc: cd5c 5895 | 1ee9 ff17 | e803 01aa 

  0x00000001097eefd8: ; ImmutableOopMap {[304]=Oop [216]=Oop }
                      ;*checkcast {reexecute=0 rethrow=0 return_oop=0}
                      ; - net.minecraft.class_310::modify$lji000$xaerolib$onRenderCall@9 (line 47009)
                      ; - net.minecraft.class_310::method_1523@468 (line 1219)
                      ;   {runtime_call throw_class_cast_exception Runtime1 stub}
  0x00000001097eefd8: 4a52 5895 

  0x00000001097eefdc: ; ImmutableOopMap {[304]=Oop [216]=Oop c_rarg0=Oop [312]=Oop }
                      ;*invokevirtual tryLoadLaterClient {reexecute=0 rethrow=0 return_oop=0}
                      ; - net.minecraft.class_310::modify$lji000$xaerolib$onRenderCall@12 (line 47009)
                      ; - net.minecraft.class_310::method_1523@468 (line 1219)
                      ;   {runtime_call throw_null_pointer_exception Runtime1 stub}
  0x00000001097eefdc: 8948 5895 

  0x00000001097eefe0: ;   {metadata({method} {0x0000000331cdebb0} 'tryLoadLaterClient' '()V' in 'xaero/lib/XaeroLibFabric')}
  0x00000001097eefe0: 0876 9dd2 | a839 a6f2 | 6800 c0f2 | e807 00f9 | 0800 8092 | e803 00f9 

  0x00000001097eeff8: ; ImmutableOopMap {[304]=Oop [216]=Oop c_rarg0=Oop [312]=Oop }
                      ;*synchronization entry
                      ; - xaero.lib.XaeroLibFabric::tryLoadLaterClient@-1 (line 31)
                      ; - net.minecraft.class_310::modify$lji000$xaerolib$onRenderCall@12 (line 47009)
                      ; - net.minecraft.class_310::method_1523@468 (line 1219)
                      ;   {runtime_call counter_overflow Runtime1 stub}
  0x00000001097eeff8: c25c 5895 | 74e9 ff17 

  0x00000001097ef000: ;   {metadata({method} {0x0000000331ce0068} 'loadClientLater' '()V' in 'xaero/lib/XaeroLib')}
  0x00000001097ef000: 080d 80d2 | c839 a6f2 | 6800 c0f2 | e807 00f9 | 0800 8092 | e803 00f9 

  0x00000001097ef018: ; ImmutableOopMap {[304]=Oop [216]=Oop [312]=Oop }
                      ;*synchronization entry
                      ; - xaero.lib.XaeroLib::loadClientLater@-1 (line 96)
                      ; - xaero.lib.XaeroLibFabric::tryLoadLaterClient@18 (line 35)
                      ; - net.minecraft.class_310::modify$lji000$xaerolib$onRenderCall@12 (line 47009)
                      ; - net.minecraft.class_310::method_1523@468 (line 1219)
                      ;   {runtime_call counter_overflow Runtime1 stub}
  0x00000001097ef018: ba5c 5895 | d7e9 ff17 

  0x00000001097ef020: ; ImmutableOopMap {[304]=Oop [216]=Oop c_rarg0=Oop [312]=Oop c_rarg1=Oop }
                      ;*invokevirtual loadLater {reexecute=0 rethrow=0 return_oop=0}
                      ; - xaero.lib.XaeroLib::loadClientLater@4 (line 96)
                      ; - xaero.lib.XaeroLibFabric::tryLoadLaterClient@18 (line 35)
                      ; - net.minecraft.class_310::modify$lji000$xaerolib$onRenderCall@12 (line 47009)
                      ; - net.minecraft.class_310::method_1523@468 (line 1219)
                      ;   {runtime_call throw_null_pointer_exception Runtime1 stub}
  0x00000001097ef020: 7848 5895 

  0x00000001097ef024: ; ImmutableOopMap {[304]=Oop [216]=Oop c_rarg1=Oop }
                      ;*invokevirtual loadLater {reexecute=0 rethrow=0 return_oop=0}
                      ; - xaero.lib.XaeroLibFabric::tryLoadLaterClient@25 (line 36)
                      ; - net.minecraft.class_310::modify$lji000$xaerolib$onRenderCall@12 (line 47009)
                      ; - net.minecraft.class_310::method_1523@468 (line 1219)
                      ;   {runtime_call throw_null_pointer_exception Runtime1 stub}
  0x00000001097ef024: 7748 5895 

  0x00000001097ef028: ;   {metadata({method} {0x0000000125dc5bc0} 'modify$lll001$xaeroworldmap$onRenderCall' '(Z)Z' in 'net/minecraft/class_310')}
  0x00000001097ef028: 0878 8bd2 | 88bb a4f2 | 2800 c0f2 | e807 00f9 | 0800 8092 | e803 00f9 

  0x00000001097ef040: ; ImmutableOopMap {[304]=Oop [216]=Oop }
                      ;*synchronization entry
                      ; - net.minecraft.class_310::modify$lll001$xaeroworldmap$onRenderCall@-1 (line 49066)
                      ; - net.minecraft.class_310::method_1523@476 (line 1219)
                      ;   {runtime_call counter_overflow Runtime1 stub}
  0x00000001097ef040: b05c 5895 | 04ea ff17 | e803 01aa 

  0x00000001097ef04c: ; ImmutableOopMap {[304]=Oop [216]=Oop }
                      ;*checkcast {reexecute=0 rethrow=0 return_oop=0}
                      ; - net.minecraft.class_310::modify$lll001$xaeroworldmap$onRenderCall@9 (line 49067)
                      ; - net.minecraft.class_310::method_1523@476 (line 1219)
                      ;   {runtime_call throw_class_cast_exception Runtime1 stub}
  0x00000001097ef04c: 2d52 5895 

  0x00000001097ef050: ; ImmutableOopMap {[304]=Oop [216]=Oop c_rarg1=Oop }
                      ;*invokevirtual tryLoadLater {reexecute=0 rethrow=0 return_oop=0}
                      ; - net.minecraft.class_310::modify$lll001$xaeroworldmap$onRenderCall@12 (line 49067)
                      ; - net.minecraft.class_310::method_1523@476 (line 1219)
                      ;   {runtime_call throw_null_pointer_exception Runtime1 stub}
  0x00000001097ef050: 6c48 5895 

  0x00000001097ef054: ;   {metadata({method} {0x000000033601d058} 'onRenderCall' '(Z)Z' in 'xaero/map/core/XaeroWorldMapCore')}
  0x00000001097ef054: 080b 9ad2 | 28c0 a6f2 | 6800 c0f2 | e807 00f9 | 0800 8092 | e803 00f9 

  0x00000001097ef06c: ; ImmutableOopMap {[304]=Oop [216]=Oop }
                      ;*synchronization entry
                      ; - xaero.map.core.XaeroWorldMapCore::onRenderCall@-1 (line 203)
                      ; - net.minecraft.class_310::modify$lll001$xaeroworldmap$onRenderCall@16 (line 49068)
                      ; - net.minecraft.class_310::method_1523@476 (line 1219)
                      ;   {runtime_call counter_overflow Runtime1 stub}
  0x00000001097ef06c: a55c 5895 | 5fea ff17 

  0x00000001097ef074: ; ImmutableOopMap {[304]=Oop [216]=Oop c_rarg1=Oop }
                      ;*invokevirtual handleRenderTick {reexecute=0 rethrow=0 return_oop=0}
                      ; - xaero.map.core.XaeroWorldMapCore::onRenderCall@12 (line 205)
                      ; - net.minecraft.class_310::modify$lll001$xaeroworldmap$onRenderCall@16 (line 49068)
                      ; - net.minecraft.class_310::method_1523@476 (line 1219)
                      ;   {runtime_call throw_null_pointer_exception Runtime1 stub}
  0x00000001097ef074: 6348 5895 

  0x00000001097ef078: ;   {metadata({method} {0x0000000125dc5f68} 'handler$mdh001$preRender' '(ZLorg/spongepowered/asm/mixin/injection/callback/CallbackInfo;)V' in 'net/minecraft/class_310')}
  0x00000001097ef078: 08ed 8bd2 | 88bb a4f2 | 2800 c0f2 | e807 00f9 | 0800 8092 | e803 00f9 

  0x00000001097ef090: ; ImmutableOopMap {[304]=Oop c_rarg1=Oop [216]=Oop }
                      ;*synchronization entry
                      ; - net.minecraft.class_310::handler$mdh001$preRender@-1 (line 50054)
                      ; - net.minecraft.class_310::method_1523@482 (line 1219)
                      ;   {runtime_call counter_overflow Runtime1 stub}
  0x00000001097ef090: 9c5c 5895 | bcea ff17 

  0x00000001097ef098: ; ImmutableOopMap {[304]=Oop c_rarg1=Oop [216]=Oop }
                      ;*getfield invoker {reexecute=1 rethrow=0 return_oop=0}
                      ; - (reexecute) com.replaymod.lib.de.johni0702.minecraft.gui.utils.Event::invoker@1 (line 36)
                      ; - net.minecraft.class_310::handler$mdh001$preRender@3 (line 50054)
                      ; - net.minecraft.class_310::method_1523@482 (line 1219)
                      ;   {runtime_call throw_null_pointer_exception Runtime1 stub}
  0x00000001097ef098: 5a48 5895 | e803 03aa 

  0x00000001097ef0a0: ; ImmutableOopMap {[304]=Oop c_rarg1=Oop [216]=Oop }
                      ;*checkcast {reexecute=0 rethrow=0 return_oop=0}
                      ; - net.minecraft.class_310::handler$mdh001$preRender@6 (line 50054)
                      ; - net.minecraft.class_310::method_1523@482 (line 1219)
                      ;   {runtime_call throw_class_cast_exception Runtime1 stub}
  0x00000001097ef0a0: 1852 5895 

  0x00000001097ef0a4: ; ImmutableOopMap {[304]=Oop c_rarg1=Oop [216]=Oop c_rarg3=Oop }
                      ;*invokeinterface preRender {reexecute=0 rethrow=0 return_oop=0}
                      ; - net.minecraft.class_310::handler$mdh001$preRender@9 (line 50054)
                      ; - net.minecraft.class_310::method_1523@482 (line 1219)
                      ;   {runtime_call throw_null_pointer_exception Runtime1 stub}
  0x00000001097ef0a4: 5748 5895 

  0x00000001097ef0a8: ; ImmutableOopMap {[216]=Oop c_rarg0=Oop [304]=Oop }
                      ;*invokevirtual method_3192 {reexecute=0 rethrow=0 return_oop=0}
                      ; - net.minecraft.class_310::method_1523@485 (line 1219)
                      ;   {runtime_call throw_null_pointer_exception Runtime1 stub}
  0x00000001097ef0a8: 5648 5895 

  0x00000001097ef0ac: ;   {metadata({method} {0x0000000125dc6068} 'handler$mdh001$postRender' '(ZLorg/spongepowered/asm/mixin/injection/callback/CallbackInfo;)V' in 'net/minecraft/class_310')}
  0x00000001097ef0ac: 080d 8cd2 | 88bb a4f2 | 2800 c0f2 | e807 00f9 | 0800 8092 | e803 00f9 

  0x00000001097ef0c4: ; ImmutableOopMap {[216]=Oop }
                      ;*synchronization entry
                      ; - net.minecraft.class_310::handler$mdh001$postRender@-1 (line 50062)
                      ; - net.minecraft.class_310::method_1523@497 (line 1219)
                      ;   {runtime_call counter_overflow Runtime1 stub}
  0x00000001097ef0c4: 8f5c 5895 | 57eb ff17 

  0x00000001097ef0cc: ; ImmutableOopMap {[216]=Oop }
                      ;*getfield invoker {reexecute=1 rethrow=0 return_oop=0}
                      ; - (reexecute) com.replaymod.lib.de.johni0702.minecraft.gui.utils.Event::invoker@1 (line 36)
                      ; - net.minecraft.class_310::handler$mdh001$postRender@3 (line 50062)
                      ; - net.minecraft.class_310::method_1523@497 (line 1219)
                      ;   {runtime_call throw_null_pointer_exception Runtime1 stub}
  0x00000001097ef0cc: 4d48 5895 | e803 01aa 

  0x00000001097ef0d4: ; ImmutableOopMap {[216]=Oop }
                      ;*checkcast {reexecute=0 rethrow=0 return_oop=0}
                      ; - net.minecraft.class_310::handler$mdh001$postRender@6 (line 50062)
                      ; - net.minecraft.class_310::method_1523@497 (line 1219)
                      ;   {runtime_call throw_class_cast_exception Runtime1 stub}
  0x00000001097ef0d4: 0b52 5895 

  0x00000001097ef0d8: ; ImmutableOopMap {[216]=Oop c_rarg1=Oop }
                      ;*invokeinterface postRender {reexecute=0 rethrow=0 return_oop=0}
                      ; - net.minecraft.class_310::handler$mdh001$postRender@9 (line 50062)
                      ; - net.minecraft.class_310::method_1523@497 (line 1219)
                      ;   {runtime_call throw_null_pointer_exception Runtime1 stub}
  0x00000001097ef0d8: 4a48 5895 

  0x00000001097ef0dc: ; ImmutableOopMap {c_rarg1=Oop [216]=Oop c_rarg3=Oop }
                      ;*invokeinterface method_15407 {reexecute=0 rethrow=0 return_oop=0}
                      ; - net.minecraft.class_310::method_1523@504 (line 1220)
                      ;   {runtime_call throw_incompatible_class_change_error Runtime1 stub}
  0x00000001097ef0dc: 8953 5895 

  0x00000001097ef0e0: ; ImmutableOopMap {c_rarg1=Oop [216]=Oop c_rarg3=Oop }
                      ;*invokeinterface method_15407 {reexecute=0 rethrow=0 return_oop=0}
                      ; - net.minecraft.class_310::method_1523@504 (line 1220)
                      ;   {runtime_call throw_null_pointer_exception Runtime1 stub}
  0x00000001097ef0e0: 4848 5895 

  0x00000001097ef0e4: ;   {metadata({method} {0x0000000125e9faa0} 'method_15407' '()V' in 'net/minecraft/class_3694')}
  0x00000001097ef0e4: 0854 9fd2 | 28bd a4f2 | 2800 c0f2 | e807 00f9 | 0800 8092 | e803 00f9 

  0x00000001097ef0fc: ; ImmutableOopMap {c_rarg1=Oop [216]=Oop }
                      ;*synchronization entry
                      ; - net.minecraft.class_3694::method_15407@-1 (line 39)
                      ; - net.minecraft.class_310::method_1523@504 (line 1220)
                      ;   {runtime_call counter_overflow Runtime1 stub}
  0x00000001097ef0fc: 815c 5895 | e5eb ff17 

  0x00000001097ef104: ; ImmutableOopMap {c_rarg1=Oop [216]=Oop c_rarg3=Oop }
                      ;*invokeinterface method_15396 {reexecute=0 rethrow=0 return_oop=0}
                      ; - net.minecraft.class_310::method_1523@523 (line 1224)
                      ;   {runtime_call throw_incompatible_class_change_error Runtime1 stub}
  0x00000001097ef104: 7f53 5895 

  0x00000001097ef108: ; ImmutableOopMap {c_rarg1=Oop [216]=Oop c_rarg3=Oop }
                      ;*invokeinterface method_15396 {reexecute=0 rethrow=0 return_oop=0}
                      ; - net.minecraft.class_310::method_1523@523 (line 1224)
                      ;   {runtime_call throw_null_pointer_exception Runtime1 stub}
  0x00000001097ef108: 3e48 5895 

  0x00000001097ef10c: ;   {metadata({method} {0x0000000125e9f888} 'method_15396' '(Ljava/lang/String;)V' in 'net/minecraft/class_3694')}
  0x00000001097ef10c: 0811 9fd2 | 28bd a4f2 | 2800 c0f2 | e807 00f9 | 0800 8092 | e803 00f9 

  0x00000001097ef124: ; ImmutableOopMap {c_rarg1=Oop [216]=Oop }
                      ;*synchronization entry
                      ; - net.minecraft.class_3694::method_15396@-1 (line 27)
                      ; - net.minecraft.class_310::method_1523@523 (line 1224)
                      ;   {runtime_call counter_overflow Runtime1 stub}
  0x00000001097ef124: 775c 5895 | 0bec ff17 

  0x00000001097ef12c: ; ImmutableOopMap {c_rarg1=Oop [216]=Oop }
                      ;*new {reexecute=0 rethrow=0 return_oop=0}
                      ; - net.minecraft.class_310::method_1523@528 (line 1225)
                      ;   {runtime_call fast_new_instance Runtime1 stub}
  0x00000001097ef12c: 754a 5895 | 18ec ff17 

  0x00000001097ef134: ; ImmutableOopMap {c_rarg1=Oop [216]=Oop c_rarg0=Oop c_rarg2=Oop }
                      ;*invokevirtual method_23000 {reexecute=0 rethrow=0 return_oop=0}
                      ; - net.minecraft.class_310::method_1523@537 (line 1225)
                      ;   {runtime_call throw_null_pointer_exception Runtime1 stub}
  0x00000001097ef134: 3348 5895 

  0x00000001097ef138: ;   {metadata({method} {0x000000032ab05a80} '<init>' '(Lnet/minecraft/class_310;Lnet/minecraft/class_4597$class_4598;)V' in 'net/minecraft/class_332')}
  0x00000001097ef138: 0850 8bd2 | 0856 a5f2 | 6800 c0f2 | e807 00f9 | 0800 8092 | e803 00f9 

  0x00000001097ef150: ; ImmutableOopMap {[216]=Oop [328]=Oop c_rarg0=Oop }
                      ;*synchronization entry
                      ; - net.minecraft.class_332::<init>@-1 (line 80)
                      ; - net.minecraft.class_310::method_1523@540 (line 1225)
                      ;   {runtime_call counter_overflow Runtime1 stub}
  0x00000001097ef150: 6c5c 5895 | 31ec ff17 

  0x00000001097ef158: ; ImmutableOopMap {[216]=Oop [328]=Oop [344]=Oop }
                      ;*new {reexecute=0 rethrow=0 return_oop=0}
                      ; - net.minecraft.class_332::<init>@2 (line 80)
                      ; - net.minecraft.class_310::method_1523@540 (line 1225)
                      ;   {runtime_call fast_new_instance Runtime1 stub}
  0x00000001097ef158: 6a4a 5895 | 41ec ff17 

  0x00000001097ef160: ; ImmutableOopMap {c_rarg1=Oop [216]=Oop c_rarg0=Oop }
                      ;*invokeinterface method_15407 {reexecute=0 rethrow=0 return_oop=0}
                      ; - net.minecraft.class_310::method_1523@564 (line 1228)
                      ;   {runtime_call throw_incompatible_class_change_error Runtime1 stub}
  0x00000001097ef160: 6853 5895 

  0x00000001097ef164: ; ImmutableOopMap {c_rarg1=Oop [216]=Oop c_rarg0=Oop }
                      ;*invokeinterface method_15407 {reexecute=0 rethrow=0 return_oop=0}
                      ; - net.minecraft.class_310::method_1523@564 (line 1228)
                      ;   {runtime_call throw_null_pointer_exception Runtime1 stub}
  0x00000001097ef164: 2748 5895 

  0x00000001097ef168: ;   {metadata({method} {0x0000000125e9faa0} 'method_15407' '()V' in 'net/minecraft/class_3694')}
  0x00000001097ef168: 0854 9fd2 | 28bd a4f2 | 2800 c0f2 | e807 00f9 | 0800 8092 | e803 00f9 

  0x00000001097ef180: ; ImmutableOopMap {c_rarg1=Oop [216]=Oop }
                      ;*synchronization entry
                      ; - net.minecraft.class_3694::method_15407@-1 (line 39)
                      ; - net.minecraft.class_310::method_1523@564 (line 1228)
                      ;   {runtime_call counter_overflow Runtime1 stub}
  0x00000001097ef180: 605c 5895 | a8ec ff17 

  0x00000001097ef188: ; ImmutableOopMap {c_rarg1=Oop [216]=Oop c_rarg3=Oop }
                      ;*invokeinterface method_15396 {reexecute=0 rethrow=0 return_oop=0}
                      ; - net.minecraft.class_310::method_1523@576 (line 1231)
                      ;   {runtime_call throw_incompatible_class_change_error Runtime1 stub}
  0x00000001097ef188: 5e53 5895 

  0x00000001097ef18c: ; ImmutableOopMap {c_rarg1=Oop [216]=Oop c_rarg3=Oop }
                      ;*invokeinterface method_15396 {reexecute=0 rethrow=0 return_oop=0}
                      ; - net.minecraft.class_310::method_1523@576 (line 1231)
                      ;   {runtime_call throw_null_pointer_exception Runtime1 stub}
  0x00000001097ef18c: 1d48 5895 

  0x00000001097ef190: ;   {metadata({method} {0x0000000125e9f888} 'method_15396' '(Ljava/lang/String;)V' in 'net/minecraft/class_3694')}
  0x00000001097ef190: 0811 9fd2 | 28bd a4f2 | 2800 c0f2 | e807 00f9 | 0800 8092 | e803 00f9 

  0x00000001097ef1a8: ; ImmutableOopMap {c_rarg1=Oop [216]=Oop }
                      ;*synchronization entry
                      ; - net.minecraft.class_3694::method_15396@-1 (line 27)
                      ; - net.minecraft.class_310::method_1523@576 (line 1231)
                      ;   {runtime_call counter_overflow Runtime1 stub}
  0x00000001097ef1a8: 565c 5895 | bbec ff17 

  0x00000001097ef1b0: ; ImmutableOopMap {c_rarg1=Oop [216]=Oop c_rarg3=Oop }
                      ;*invokevirtual method_1240 {reexecute=0 rethrow=0 return_oop=0}
                      ; - net.minecraft.class_310::method_1523@585 (line 1232)
                      ;   {runtime_call throw_null_pointer_exception Runtime1 stub}
  0x00000001097ef1b0: 1448 5895 

  0x00000001097ef1b4: ; ImmutableOopMap {c_rarg1=Oop [216]=Oop c_rarg0=Oop c_rarg2=Oop }
                      ;*invokevirtual method_4489 {reexecute=0 rethrow=0 return_oop=0}
                      ; - net.minecraft.class_310::method_1523@596 (line 1234)
                      ;   {runtime_call throw_null_pointer_exception Runtime1 stub}
  0x00000001097ef1b4: 1348 5895 

  0x00000001097ef1b8: ; ImmutableOopMap {c_rarg1=Oop [216]=Oop c_rarg0=Oop }
                      ;*invokevirtual method_1237 {reexecute=0 rethrow=0 return_oop=0}
                      ; - net.minecraft.class_310::method_1523@606 (line 1234)
                      ;   {runtime_call throw_null_pointer_exception Runtime1 stub}
  0x00000001097ef1b8: 1248 5895 

  0x00000001097ef1bc: ;   {metadata({method} {0x0000000125dd2048} 'method_1237' '(II)V' in 'net/minecraft/class_276')}
  0x00000001097ef1bc: 0809 84d2 | a8bb a4f2 | 2800 c0f2 | e807 00f9 | 0800 8092 | e803 00f9 

  0x00000001097ef1d4: ; ImmutableOopMap {c_rarg1=Oop [216]=Oop c_rarg0=Oop }
                      ;*synchronization entry
                      ; - net.minecraft.class_276::method_1237@-1 (line 232)
                      ; - net.minecraft.class_310::method_1523@606 (line 1234)
                      ;   {runtime_call counter_overflow Runtime1 stub}
  0x00000001097ef1d4: 4b5c 5895 | 2aed ff17 

  0x00000001097ef1dc: ;   {metadata({method} {0x0000000123c654a8} 'method_648' '()J' in 'net/minecraft/class_156')}
  0x00000001097ef1dc: 0895 8ad2 | c878 a4f2 | 2800 c0f2 | e807 00f9 | 0800 8092 | e803 00f9 

  0x00000001097ef1f4: ; ImmutableOopMap {[216]=Oop }
                      ;*synchronization entry
                      ; - net.minecraft.class_156::method_648@-1 (line 126)
                      ; - net.minecraft.class_310::method_1523@610 (line 1235)
                      ;   {runtime_call counter_overflow Runtime1 stub}
  0x00000001097ef1f4: 435c 5895 | 5fed ff17 

  0x00000001097ef1fc: ; ImmutableOopMap {[216]=Oop c_rarg1=Oop }
                      ;*invokeinterface getAsLong {reexecute=0 rethrow=0 return_oop=0}
                      ; - net.minecraft.class_156::method_648@3 (line 126)
                      ; - net.minecraft.class_310::method_1523@610 (line 1235)
                      ;   {runtime_call throw_null_pointer_exception Runtime1 stub}
  0x00000001097ef1fc: 0148 5895 

  0x00000001097ef200: ; ImmutableOopMap {[216]=Oop c_rarg0=Oop c_rarg2=Oop }
                      ;*invokevirtual ifPresent {reexecute=0 rethrow=0 return_oop=0}
                      ; - net.minecraft.class_310::method_1523@633 (line 1237)
                      ;   {runtime_call throw_null_pointer_exception Runtime1 stub}
  0x00000001097ef200: 0048 5895 

  0x00000001097ef204: ;   {metadata({method} {0x000000a000115fb8} 'ifPresent' '(Ljava/util/function/Consumer;)V' in 'java/util/Optional')}
  0x00000001097ef204: 08f7 8bd2 | 2802 a0f2 | 0814 c0f2 | e807 00f9 | 0800 8092 | e803 00f9 

  0x00000001097ef21c: ; ImmutableOopMap {[216]=Oop c_rarg0=Oop c_rarg2=Oop }
                      ;*synchronization entry
                      ; - java.util.Optional::ifPresent@-1
                      ; - net.minecraft.class_310::method_1523@633 (line 1237)
                      ;   {runtime_call counter_overflow Runtime1 stub}
  0x00000001097ef21c: 395c 5895 | cfed ff17 

  0x00000001097ef224: ; ImmutableOopMap {[216]=Oop c_rarg2=Oop c_rarg0=Oop }
                      ;*invokeinterface accept {reexecute=0 rethrow=0 return_oop=0}
                      ; - java.util.Optional::ifPresent@12
                      ; - net.minecraft.class_310::method_1523@633 (line 1237)
                      ;   {runtime_call throw_null_pointer_exception Runtime1 stub}
  0x00000001097ef224: f747 5895 

  0x00000001097ef228: ; ImmutableOopMap {c_rarg1=Oop [216]=Oop c_rarg0=Oop }
                      ;*invokeinterface method_15405 {reexecute=0 rethrow=0 return_oop=0}
                      ; - net.minecraft.class_310::method_1523@643 (line 1240)
                      ;   {runtime_call throw_incompatible_class_change_error Runtime1 stub}
  0x00000001097ef228: 3653 5895 

  0x00000001097ef22c: ; ImmutableOopMap {c_rarg1=Oop [216]=Oop c_rarg0=Oop }
                      ;*invokeinterface method_15405 {reexecute=0 rethrow=0 return_oop=0}
                      ; - net.minecraft.class_310::method_1523@643 (line 1240)
                      ;   {runtime_call throw_null_pointer_exception Runtime1 stub}
  0x00000001097ef22c: f547 5895 

  0x00000001097ef230: ;   {metadata({method} {0x0000000125e9fb58} 'method_15405' '(Ljava/lang/String;)V' in 'net/minecraft/class_3694')}
  0x00000001097ef230: 086b 9fd2 | 28bd a4f2 | 2800 c0f2 | e807 00f9 | 0800 8092 | e803 00f9 

  0x00000001097ef248: ; ImmutableOopMap {c_rarg1=Oop [216]=Oop }
                      ;*synchronization entry
                      ; - net.minecraft.class_3694::method_15405@-1 (line 43)
                      ; - net.minecraft.class_310::method_1523@643 (line 1240)
                      ;   {runtime_call counter_overflow Runtime1 stub}
  0x00000001097ef248: 2e5c 5895 | 1fee ff17 

  0x00000001097ef250: ; ImmutableOopMap {c_rarg1=Oop [216]=Oop c_rarg0=Oop }
                      ;*invokevirtual method_15998 {reexecute=0 rethrow=0 return_oop=0}
                      ; - net.minecraft.class_310::method_1523@652 (line 1241)
                      ;   {runtime_call throw_null_pointer_exception Runtime1 stub}
  0x00000001097ef250: ec47 5895 

  0x00000001097ef254: ;   {metadata({method} {0x0000000330938820} 'method_15998' '()V' in 'net/minecraft/class_1041')}
  0x00000001097ef254: 0804 91d2 | 6812 a6f2 | 6800 c0f2 | e807 00f9 | 0800 8092 | e803 00f9 

  0x00000001097ef26c: ; ImmutableOopMap {c_rarg1=Oop [216]=Oop c_rarg0=Oop }
                      ;*synchronization entry
                      ; - net.minecraft.class_1041::method_15998@-1 (line 288)
                      ; - net.minecraft.class_310::method_1523@652 (line 1241)
                      ;   {runtime_call counter_overflow Runtime1 stub}
  0x00000001097ef26c: 255c 5895 | 29ee ff17 

  0x00000001097ef274: ;   {metadata({method} {0x0000000125d495e8} 'flipFrame' '(J)V' in 'com/mojang/blaze3d/systems/RenderSystem')}
  0x00000001097ef274: 08bd 92d2 | 88ba a4f2 | 2800 c0f2 | e807 00f9 | 0800 8092 | e803 00f9 

  0x00000001097ef28c: ; ImmutableOopMap {c_rarg1=Oop [216]=Oop c_rarg0=Oop }
                      ;*synchronization entry
                      ; - com.mojang.blaze3d.systems.RenderSystem::flipFrame@-1 (line 212)
                      ; - net.minecraft.class_1041::method_15998@4 (line 288)
                      ; - net.minecraft.class_310::method_1523@652 (line 1241)
                      ;   {runtime_call counter_overflow Runtime1 stub}
  0x00000001097ef28c: 1d5c 5895 | 31ee ff17 

  0x00000001097ef294: ;   {metadata({method} {0x0000000125d64a50} 'redirect$jkl000$sodium$removeFirstPoll' '()V' in 'com/mojang/blaze3d/systems/RenderSystem')}
  0x00000001097ef294: 084a 89d2 | c8ba a4f2 | 2800 c0f2 | e807 00f9 | 0800 8092 | e803 00f9 

  0x00000001097ef2ac: ; ImmutableOopMap {c_rarg1=Oop [216]=Oop c_rarg0=Oop }
                      ;*synchronization entry
                      ; - com.mojang.blaze3d.systems.RenderSystem::redirect$jkl000$sodium$removeFirstPoll@-1 (line 5962)
                      ; - com.mojang.blaze3d.systems.RenderSystem::flipFrame@0 (line 212)
                      ; - net.minecraft.class_1041::method_15998@4 (line 288)
                      ; - net.minecraft.class_310::method_1523@652 (line 1241)
                      ;   {runtime_call counter_overflow Runtime1 stub}
  0x00000001097ef2ac: 155c 5895 | 38ee ff17 

  0x00000001097ef2b4: ;   {metadata({method} {0x0000000125d69920} 'method_1348' '()Lnet/minecraft/class_289;' in 'net/minecraft/class_289')}
  0x00000001097ef2b4: 0824 93d2 | c8ba a4f2 | 2800 c0f2 | e807 00f9 | 0800 8092 | e803 00f9 

  0x00000001097ef2cc: ; ImmutableOopMap {[368]=Oop [216]=Oop }
                      ;*synchronization entry
                      ; - net.minecraft.class_289::method_1348@-1 (line 14)
                      ; - com.mojang.blaze3d.systems.RenderSystem::flipFrame@6 (line 216)
                      ; - net.minecraft.class_1041::method_15998@4 (line 288)
                      ; - net.minecraft.class_310::method_1523@652 (line 1241)
                      ;   {runtime_call counter_overflow Runtime1 stub}
  0x00000001097ef2cc: 0d5c 5895 | 47ee ff17 

  0x00000001097ef2d4: ;   {metadata({method} {0x0000000125d48f78} 'assertOnGameThreadOrInit' '()V' in 'com/mojang/blaze3d/systems/RenderSystem')}
  0x00000001097ef2d4: 08ef 91d2 | 88ba a4f2 | 2800 c0f2 | e807 00f9 | 0800 8092 | e803 00f9 

  0x00000001097ef2ec: ; ImmutableOopMap {[368]=Oop [216]=Oop }
                      ;*synchronization entry
                      ; - com.mojang.blaze3d.systems.RenderSystem::assertOnGameThreadOrInit@-1 (line 158)
                      ; - net.minecraft.class_289::method_1348@0 (line 14)
                      ; - com.mojang.blaze3d.systems.RenderSystem::flipFrame@6 (line 216)
                      ; - net.minecraft.class_1041::method_15998@4 (line 288)
                      ; - net.minecraft.class_310::method_1523@652 (line 1241)
                      ;   {runtime_call counter_overflow Runtime1 stub}
  0x00000001097ef2ec: 055c 5895 | 4eee ff17 

  0x00000001097ef2f4: ;   {metadata({method} {0x0000000125d48e18} 'isOnGameThread' '()Z' in 'com/mojang/blaze3d/systems/RenderSystem')}
  0x00000001097ef2f4: 08c3 91d2 | 88ba a4f2 | 2800 c0f2 | e807 00f9 | 0800 8092 | e803 00f9 

  0x00000001097ef30c: ; ImmutableOopMap {[368]=Oop [216]=Oop }
                      ;*synchronization entry
                      ; - com.mojang.blaze3d.systems.RenderSystem::isOnGameThread@-1 (line 146)
                      ; - com.mojang.blaze3d.systems.RenderSystem::assertOnGameThreadOrInit@6 (line 158)
                      ; - net.minecraft.class_289::method_1348@0 (line 14)
                      ; - com.mojang.blaze3d.systems.RenderSystem::flipFrame@6 (line 216)
                      ; - net.minecraft.class_1041::method_15998@4 (line 288)
                      ; - net.minecraft.class_310::method_1523@652 (line 1241)
                      ;   {runtime_call counter_overflow Runtime1 stub}
  0x00000001097ef30c: fd5b 5895 | 64ee ff17 

  0x00000001097ef314: ; ImmutableOopMap {[368]=Oop [216]=Oop }
                      ;*getfield field_1574 {reexecute=1 rethrow=0 return_oop=0}
                      ; - (reexecute) net.minecraft.class_289::method_1349@1 (line 31)
                      ; - com.mojang.blaze3d.systems.RenderSystem::flipFrame@9 (line 216)
                      ; - net.minecraft.class_1041::method_15998@4 (line 288)
                      ; - net.minecraft.class_310::method_1523@652 (line 1241)
                      ;   {runtime_call throw_null_pointer_exception Runtime1 stub}
  0x00000001097ef314: bb47 5895 

  0x00000001097ef318: ; ImmutableOopMap {[368]=Oop [216]=Oop c_rarg0=Oop }
                      ;*invokevirtual method_1343 {reexecute=0 rethrow=0 return_oop=0}
                      ; - com.mojang.blaze3d.systems.RenderSystem::flipFrame@12 (line 216)
                      ; - net.minecraft.class_1041::method_15998@4 (line 288)
                      ; - net.minecraft.class_310::method_1523@652 (line 1241)
                      ;   {runtime_call throw_null_pointer_exception Runtime1 stub}
  0x00000001097ef318: ba47 5895 

  0x00000001097ef31c: ;   {metadata({method} {0x0000000125d75778} 'method_1343' '()V' in 'net/minecraft/class_287')}
  0x00000001097ef31c: 08ef 8ad2 | e8ba a4f2 | 2800 c0f2 | e807 00f9 | 0800 8092 | e803 00f9 

  0x00000001097ef334: ; ImmutableOopMap {[368]=Oop [216]=Oop c_rarg0=Oop }
                      ;*synchronization entry
                      ; - net.minecraft.class_287::method_1343@-1 (line 381)
                      ; - com.mojang.blaze3d.systems.RenderSystem::flipFrame@12 (line 216)
                      ; - net.minecraft.class_1041::method_15998@4 (line 288)
                      ; - net.minecraft.class_310::method_1523@652 (line 1241)
                      ;   {runtime_call counter_overflow Runtime1 stub}
  0x00000001097ef334: f35b 5895 | 7dee ff17 

  0x00000001097ef33c: ;   {metadata({method} {0x0000000125d75848} 'method_23477' '()V' in 'net/minecraft/class_287')}
  0x00000001097ef33c: 0809 8bd2 | e8ba a4f2 | 2800 c0f2 | e807 00f9 | 0800 8092 | e803 00f9 

  0x00000001097ef354: ; ImmutableOopMap {[368]=Oop [216]=Oop c_rarg0=Oop }
                      ;*synchronization entry
                      ; - net.minecraft.class_287::method_23477@-1 (line 388)
                      ; - net.minecraft.class_287::method_1343@19 (line 384)
                      ; - com.mojang.blaze3d.systems.RenderSystem::flipFrame@12 (line 216)
                      ; - net.minecraft.class_1041::method_15998@4 (line 288)
                      ; - net.minecraft.class_310::method_1523@652 (line 1241)
                      ;   {runtime_call counter_overflow Runtime1 stub}
  0x00000001097ef354: eb5b 5895 | a6ee ff17 

  0x00000001097ef35c: ;   {metadata({method} {0x0000000125d77f30} 'handler$jik000$sodium$resetDelegate' '(Lorg/spongepowered/asm/mixin/injection/callback/CallbackInfo;)V' in 'net/minecraft/class_287')}
  0x00000001097ef35c: 08e6 8fd2 | e8ba a4f2 | 2800 c0f2 | e807 00f9 | 0800 8092 | e803 00f9 

  0x00000001097ef374: ; ImmutableOopMap {[368]=Oop [216]=Oop c_rarg0=Oop }
                      ;*synchronization entry
                      ; - net.minecraft.class_287::handler$jik000$sodium$resetDelegate@-1 (line 4071)
                      ; - net.minecraft.class_287::method_23477@17 (line 391)
                      ; - net.minecraft.class_287::method_1343@19 (line 384)
                      ; - com.mojang.blaze3d.systems.RenderSystem::flipFrame@12 (line 216)
                      ; - net.minecraft.class_1041::method_15998@4 (line 288)
                      ; - net.minecraft.class_310::method_1523@652 (line 1241)
                      ;   {runtime_call counter_overflow Runtime1 stub}
  0x00000001097ef374: e35b 5895 | b1ee ff17 

  0x00000001097ef37c: ; ImmutableOopMap {[368]=Oop [216]=Oop c_rarg1=Oop }
                      ;*invokevirtual reset {reexecute=0 rethrow=0 return_oop=0}
                      ; - net.minecraft.class_287::handler$jik000$sodium$resetDelegate@11 (line 4072)
                      ; - net.minecraft.class_287::method_23477@17 (line 391)
                      ; - net.minecraft.class_287::method_1343@19 (line 384)
                      ; - com.mojang.blaze3d.systems.RenderSystem::flipFrame@12 (line 216)
                      ; - net.minecraft.class_1041::method_15998@4 (line 288)
                      ; - net.minecraft.class_310::method_1523@652 (line 1241)
                      ;   {runtime_call throw_null_pointer_exception Runtime1 stub}
  0x00000001097ef37c: a147 5895 

  0x00000001097ef380: ;   {metadata({method} {0x0000000336566110} 'reset' '()V' in 'me/jellysquid/mods/sodium/client/render/vertex/buffer/SodiumBufferBuilder')}
  0x00000001097ef380: 0822 8cd2 | c8ca a6f2 | 6800 c0f2 | e807 00f9 | 0800 8092 | e803 00f9 

  0x00000001097ef398: ; ImmutableOopMap {[368]=Oop [216]=Oop c_rarg1=Oop }
                      ;*synchronization entry
                      ; - me.jellysquid.mods.sodium.client.render.vertex.buffer.SodiumBufferBuilder::reset@-1 (line 308)
                      ; - net.minecraft.class_287::handler$jik000$sodium$resetDelegate@11 (line 4072)
                      ; - net.minecraft.class_287::method_23477@17 (line 391)
                      ; - net.minecraft.class_287::method_1343@19 (line 384)
                      ; - com.mojang.blaze3d.systems.RenderSystem::flipFrame@12 (line 216)
                      ; - net.minecraft.class_1041::method_15998@4 (line 288)
                      ; - net.minecraft.class_310::method_1523@652 (line 1241)
                      ;   {runtime_call counter_overflow Runtime1 stub}
  0x00000001097ef398: da5b 5895 | c7ee ff17 

  0x00000001097ef3a0: ;   {metadata({method} {0x0000000125d49458} 'pollEvents' '()V' in 'com/mojang/blaze3d/systems/RenderSystem')}
  0x00000001097ef3a0: 088b 92d2 | 88ba a4f2 | 2800 c0f2 | e807 00f9 | 0800 8092 | e803 00f9 

  0x00000001097ef3b8: ; ImmutableOopMap {[368]=Oop [216]=Oop }
                      ;*synchronization entry
                      ; - com.mojang.blaze3d.systems.RenderSystem::pollEvents@-1 (line 199)
                      ; - com.mojang.blaze3d.systems.RenderSystem::flipFrame@19 (line 219)
                      ; - net.minecraft.class_1041::method_15998@4 (line 288)
                      ; - net.minecraft.class_310::method_1523@652 (line 1241)
                      ;   {runtime_call counter_overflow Runtime1 stub}
  0x00000001097ef3b8: d25b 5895 | d8ee ff17 

  0x00000001097ef3c0: ;   {metadata({method} {0x0000000123c65408} 'method_658' '()J' in 'net/minecraft/class_156')}
  0x00000001097ef3c0: 0881 8ad2 | c878 a4f2 | 2800 c0f2 | e807 00f9 | 0800 8092 | e803 00f9 

  0x00000001097ef3d8: ; ImmutableOopMap {[368]=Oop [216]=Oop }
                      ;*synchronization entry
                      ; - net.minecraft.class_156::method_658@-1 (line 122)
                      ; - com.mojang.blaze3d.systems.RenderSystem::pollEvents@3 (line 199)
                      ; - com.mojang.blaze3d.systems.RenderSystem::flipFrame@19 (line 219)
                      ; - net.minecraft.class_1041::method_15998@4 (line 288)
                      ; - net.minecraft.class_310::method_1523@652 (line 1241)
                      ;   {runtime_call counter_overflow Runtime1 stub}
  0x00000001097ef3d8: ca5b 5895 | dfee ff17 

  0x00000001097ef3e0: ;   {metadata({method} {0x0000000123c654a8} 'method_648' '()J' in 'net/minecraft/class_156')}
  0x00000001097ef3e0: 0895 8ad2 | c878 a4f2 | 2800 c0f2 | e807 00f9 | 0800 8092 | e803 00f9 

  0x00000001097ef3f8: ; ImmutableOopMap {[368]=Oop [216]=Oop }
                      ;*synchronization entry
                      ; - net.minecraft.class_156::method_648@-1 (line 126)
                      ; - net.minecraft.class_156::method_658@0 (line 122)
                      ; - com.mojang.blaze3d.systems.RenderSystem::pollEvents@3 (line 199)
                      ; - com.mojang.blaze3d.systems.RenderSystem::flipFrame@19 (line 219)
                      ; - net.minecraft.class_1041::method_15998@4 (line 288)
                      ; - net.minecraft.class_310::method_1523@652 (line 1241)
                      ;   {runtime_call counter_overflow Runtime1 stub}
  0x00000001097ef3f8: c25b 5895 | e6ee ff17 

  0x00000001097ef400: ; ImmutableOopMap {[368]=Oop [216]=Oop c_rarg1=Oop }
                      ;*invokeinterface getAsLong {reexecute=0 rethrow=0 return_oop=0}
                      ; - net.minecraft.class_156::method_648@3 (line 126)
                      ; - net.minecraft.class_156::method_658@0 (line 122)
                      ; - com.mojang.blaze3d.systems.RenderSystem::pollEvents@3 (line 199)
                      ; - com.mojang.blaze3d.systems.RenderSystem::flipFrame@19 (line 219)
                      ; - net.minecraft.class_1041::method_15998@4 (line 288)
                      ; - net.minecraft.class_310::method_1523@652 (line 1241)
                      ;   {runtime_call throw_null_pointer_exception Runtime1 stub}
  0x00000001097ef400: 8047 5895 

  0x00000001097ef404: ;   {metadata({method} {0x0000000122078358} 'set' '(Z)V' in 'java/util/concurrent/atomic/AtomicBoolean')}
  0x00000001097ef404: 086b 90d2 | e840 a4f2 | 2800 c0f2 | e807 00f9 | 0800 8092 | e803 00f9 

  0x00000001097ef41c: ; ImmutableOopMap {[368]=Oop [216]=Oop }
                      ;*synchronization entry
                      ; - java.util.concurrent.atomic.AtomicBoolean::set@-1
                      ; - com.mojang.blaze3d.systems.RenderSystem::pollEvents@13 (line 200)
                      ; - com.mojang.blaze3d.systems.RenderSystem::flipFrame@19 (line 219)
                      ; - net.minecraft.class_1041::method_15998@4 (line 288)
                      ; - net.minecraft.class_310::method_1523@652 (line 1241)
                      ;   {runtime_call counter_overflow Runtime1 stub}
  0x00000001097ef41c: b95b 5895 | 32ef ff17 

  0x00000001097ef424: ; ImmutableOopMap {[368]=Oop [216]=Oop }
                      ;*putfield value {reexecute=1 rethrow=0 return_oop=0}
                      ; - (reexecute) java.util.concurrent.atomic.AtomicBoolean::set@10
                      ; - com.mojang.blaze3d.systems.RenderSystem::pollEvents@13 (line 200)
                      ; - com.mojang.blaze3d.systems.RenderSystem::flipFrame@19 (line 219)
                      ; - net.minecraft.class_1041::method_15998@4 (line 288)
                      ; - net.minecraft.class_310::method_1523@652 (line 1241)
                      ;   {runtime_call throw_null_pointer_exception Runtime1 stub}
  0x00000001097ef424: 7747 5895 

  0x00000001097ef428: ;   {metadata({method} {0x00000001232a2de0} 'glfwPollEvents' '()V' in 'org/lwjgl/glfw/GLFW')}
  0x00000001097ef428: 08bc 85d2 | 4865 a4f2 | 2800 c0f2 | e807 00f9 | 0800 8092 | e803 00f9 

  0x00000001097ef440: ; ImmutableOopMap {[368]=Oop [216]=Oop }
                      ;*synchronization entry
                      ; - org.lwjgl.glfw.GLFW::glfwPollEvents@-1 (line 3402)
                      ; - com.mojang.blaze3d.systems.RenderSystem::pollEvents@16 (line 201)
                      ; - com.mojang.blaze3d.systems.RenderSystem::flipFrame@19 (line 219)
                      ; - net.minecraft.class_1041::method_15998@4 (line 288)
                      ; - net.minecraft.class_310::method_1523@652 (line 1241)
                      ;   {runtime_call counter_overflow Runtime1 stub}
  0x00000001097ef440: b05b 5895 | 4bef ff17 

  0x00000001097ef448: ;   {metadata({method} {0x0000000122078358} 'set' '(Z)V' in 'java/util/concurrent/atomic/AtomicBoolean')}
  0x00000001097ef448: 086b 90d2 | e840 a4f2 | 2800 c0f2 | e807 00f9 | 0800 8092 | e803 00f9 

  0x00000001097ef460: ; ImmutableOopMap {[368]=Oop [216]=Oop }
                      ;*synchronization entry
                      ; - java.util.concurrent.atomic.AtomicBoolean::set@-1
                      ; - com.mojang.blaze3d.systems.RenderSystem::pollEvents@23 (line 203)
                      ; - com.mojang.blaze3d.systems.RenderSystem::flipFrame@19 (line 219)
                      ; - net.minecraft.class_1041::method_15998@4 (line 288)
                      ; - net.minecraft.class_310::method_1523@652 (line 1241)
                      ;   {runtime_call counter_overflow Runtime1 stub}
  0x00000001097ef460: a85b 5895 | 5fef ff17 

  0x00000001097ef468: ;   {metadata({method} {0x0000000125dbb9c0} 'method_16009' '()I' in 'net/minecraft/class_310')}
  0x00000001097ef468: 0838 97d2 | 68bb a4f2 | 2800 c0f2 | e807 00f9 | 0800 8092 | e803 00f9 

  0x00000001097ef480: ; ImmutableOopMap {c_rarg1=Oop [216]=Oop }
                      ;*synchronization entry
                      ; - net.minecraft.class_310::method_16009@-1 (line 1374)
                      ; - net.minecraft.class_310::method_1523@656 (line 1242)
                      ;   {runtime_call counter_overflow Runtime1 stub}
  0x00000001097ef480: a05b 5895 | 8fef ff17 

  0x00000001097ef488: ; ImmutableOopMap {c_rarg1=Oop [216]=Oop c_rarg0=Oop }
                      ;*invokevirtual method_16000 {reexecute=0 rethrow=0 return_oop=0}
                      ; - net.minecraft.class_310::method_16009@28 (line 1377)
                      ; - net.minecraft.class_310::method_1523@656 (line 1242)
                      ;   {runtime_call throw_null_pointer_exception Runtime1 stub}
  0x00000001097ef488: 5e47 5895 

  0x00000001097ef48c: ; ImmutableOopMap {c_rarg1=Oop [216]=Oop c_rarg0=Oop }
                      ;*invokeinterface method_15405 {reexecute=0 rethrow=0 return_oop=0}
                      ; - net.minecraft.class_310::method_1523@681 (line 1247)
                      ;   {runtime_call throw_incompatible_class_change_error Runtime1 stub}
  0x00000001097ef48c: 9d52 5895 

  0x00000001097ef490: ; ImmutableOopMap {c_rarg1=Oop [216]=Oop c_rarg0=Oop }
                      ;*invokeinterface method_15405 {reexecute=0 rethrow=0 return_oop=0}
                      ; - net.minecraft.class_310::method_1523@681 (line 1247)
                      ;   {runtime_call throw_null_pointer_exception Runtime1 stub}
  0x00000001097ef490: 5c47 5895 

  0x00000001097ef494: ;   {metadata({method} {0x0000000125e9fb58} 'method_15405' '(Ljava/lang/String;)V' in 'net/minecraft/class_3694')}
  0x00000001097ef494: 086b 9fd2 | 28bd a4f2 | 2800 c0f2 | e807 00f9 | 0800 8092 | e803 00f9 

  0x00000001097ef4ac: ; ImmutableOopMap {c_rarg1=Oop [216]=Oop }
                      ;*synchronization entry
                      ; - net.minecraft.class_3694::method_15405@-1 (line 43)
                      ; - net.minecraft.class_310::method_1523@681 (line 1247)
                      ;   {runtime_call counter_overflow Runtime1 stub}
  0x00000001097ef4ac: 955b 5895 | efef ff17 

  0x00000001097ef4b4: ; ImmutableOopMap {c_rarg1=Oop [216]=Oop c_rarg0=Oop }
                      ;*invokeinterface method_15407 {reexecute=0 rethrow=0 return_oop=0}
                      ; - net.minecraft.class_310::method_1523@693 (line 1249)
                      ;   {runtime_call throw_incompatible_class_change_error Runtime1 stub}
  0x00000001097ef4b4: 9352 5895 

  0x00000001097ef4b8: ; ImmutableOopMap {c_rarg1=Oop [216]=Oop c_rarg0=Oop }
                      ;*invokeinterface method_15407 {reexecute=0 rethrow=0 return_oop=0}
                      ; - net.minecraft.class_310::method_1523@693 (line 1249)
                      ;   {runtime_call throw_null_pointer_exception Runtime1 stub}
  0x00000001097ef4b8: 5247 5895 

  0x00000001097ef4bc: ;   {metadata({method} {0x0000000125e9faa0} 'method_15407' '()V' in 'net/minecraft/class_3694')}
  0x00000001097ef4bc: 0854 9fd2 | 28bd a4f2 | 2800 c0f2 | e807 00f9 | 0800 8092 | e803 00f9 

  0x00000001097ef4d4: ; ImmutableOopMap {c_rarg1=Oop [216]=Oop }
                      ;*synchronization entry
                      ; - net.minecraft.class_3694::method_15407@-1 (line 39)
                      ; - net.minecraft.class_310::method_1523@693 (line 1249)
                      ;   {runtime_call counter_overflow Runtime1 stub}
  0x00000001097ef4d4: 8b5b 5895 | 0af0 ff17 

  0x00000001097ef4dc: ; ImmutableOopMap {c_rarg1=Oop [216]=Oop c_rarg0=Oop }
                      ;*invokevirtual method_4474 {reexecute=0 rethrow=0 return_oop=0}
                      ; - net.minecraft.class_310::method_1523@705 (line 1251)
                      ;   {runtime_call throw_null_pointer_exception Runtime1 stub}
  0x00000001097ef4dc: 4947 5895 | 0368 40b9 | 63f0 7dd3 | c302 feb4 | e303 00f9 

  0x00000001097ef4f0: ;   {runtime_call g1_pre_barrier_slow}
  0x00000001097ef4f0: 045d 5895 | 13f0 ff17 | 0203 feb4 | e003 00f9 

  0x00000001097ef500: ;   {runtime_call g1_post_barrier_slow}
  0x00000001097ef500: c05d 5895 | 15f0 ff17 

  0x00000001097ef508: ;   {metadata({method} {0x0000000125d91230} 'method_1496' '()Z' in 'net/minecraft/class_310')}
  0x00000001097ef508: 0846 82d2 | 28bb a4f2 | 2800 c0f2 | e807 00f9 | 0800 8092 | e803 00f9 

  0x00000001097ef520: ; ImmutableOopMap {c_rarg1=Oop [216]=Oop }
                      ;*synchronization entry
                      ; - net.minecraft.class_310::method_1496@-1 (line 2488)
                      ; - net.minecraft.class_310::method_1523@719 (line 1253)
                      ;   {runtime_call counter_overflow Runtime1 stub}
  0x00000001097ef520: 785b 5895 | 20f0 ff17 

  0x00000001097ef528: ; ImmutableOopMap {[216]=Oop c_rarg0=Oop }
                      ;*invokevirtual method_25421 {reexecute=0 rethrow=0 return_oop=0}
                      ; - net.minecraft.class_310::method_1523@736 (line 1253)
                      ;   {runtime_call throw_null_pointer_exception Runtime1 stub}
  0x00000001097ef528: 3647 5895 

  0x00000001097ef52c: ; ImmutableOopMap {c_rarg1=Oop [216]=Oop c_rarg0=Oop }
                      ;*invokevirtual method_18640 {reexecute=0 rethrow=0 return_oop=0}
                      ; - net.minecraft.class_310::method_1523@753 (line 1253)
                      ;   {runtime_call throw_null_pointer_exception Runtime1 stub}
  0x00000001097ef52c: 3547 5895 

  0x00000001097ef530: ;   {metadata({method} {0x0000000125ddf4a8} 'method_18640' '()Z' in 'net/minecraft/class_425')}
  0x00000001097ef530: 0895 9ed2 | a8bb a4f2 | 2800 c0f2 | e807 00f9 | 0800 8092 | e803 00f9 

  0x00000001097ef548: ; ImmutableOopMap {c_rarg1=Oop [216]=Oop }
                      ;*synchronization entry
                      ; - net.minecraft.class_425::method_18640@-1 (line 177)
                      ; - net.minecraft.class_310::method_1523@753 (line 1253)
                      ;   {runtime_call counter_overflow Runtime1 stub}
  0x00000001097ef548: 6e5b 5895 | b8f0 ff17 

  0x00000001097ef550: ; ImmutableOopMap {c_rarg1=Oop [216]=Oop c_rarg0=Oop }
                      ;*invokevirtual method_3860 {reexecute=0 rethrow=0 return_oop=0}
                      ; - net.minecraft.class_310::method_1523@763 (line 1253)
                      ;   {runtime_call throw_null_pointer_exception Runtime1 stub}
  0x00000001097ef550: 2c47 5895 

  0x00000001097ef554: ; ImmutableOopMap {c_rarg0=Oop [216]=Oop }
                      ;*getfield field_1970 {reexecute=1 rethrow=0 return_oop=0}
                      ; - (reexecute) net.minecraft.class_310::method_1523@797 (line 1256)
                      ;   {runtime_call throw_null_pointer_exception Runtime1 stub}
  0x00000001097ef554: 2b47 5895 

  0x00000001097ef558: ; ImmutableOopMap {c_rarg0=Oop [216]=Oop }
                      ;*putfield field_1970 {reexecute=1 rethrow=0 return_oop=0}
                      ; - (reexecute) net.minecraft.class_310::method_1523@814 (line 1258)
                      ;   {runtime_call throw_null_pointer_exception Runtime1 stub}
  0x00000001097ef558: 2a47 5895 

  0x00000001097ef55c: ;   {metadata({method} {0x0000000123c654a8} 'method_648' '()J' in 'net/minecraft/class_156')}
  0x00000001097ef55c: 0895 8ad2 | c878 a4f2 | 2800 c0f2 | e807 00f9 | 0800 8092 | e803 00f9 

  0x00000001097ef574: ; ImmutableOopMap {[216]=Oop }
                      ;*synchronization entry
                      ; - net.minecraft.class_156::method_648@-1 (line 126)
                      ; - net.minecraft.class_310::method_1523@823 (line 1263)
                      ;   {runtime_call counter_overflow Runtime1 stub}
  0x00000001097ef574: 635b 5895 | 3df1 ff17 

  0x00000001097ef57c: ; ImmutableOopMap {[216]=Oop c_rarg0=Oop }
                      ;*invokeinterface getAsLong {reexecute=0 rethrow=0 return_oop=0}
                      ; - net.minecraft.class_156::method_648@3 (line 126)
                      ; - net.minecraft.class_310::method_1523@823 (line 1263)
                      ;   {runtime_call throw_null_pointer_exception Runtime1 stub}
  0x00000001097ef57c: 2147 5895 

  0x00000001097ef580: ; ImmutableOopMap {c_rarg1=Oop [216]=Oop c_rarg3=Oop }
                      ;*invokevirtual method_15247 {reexecute=0 rethrow=0 return_oop=0}
                      ; - net.minecraft.class_310::method_1523@854 (line 1268)
                      ;   {runtime_call throw_null_pointer_exception Runtime1 stub}
  0x00000001097ef580: 2047 5895 

  0x00000001097ef584: ; ImmutableOopMap {c_rarg1=Oop [216]=Oop c_rarg0=Oop }
                      ;*invokeinterface method_15396 {reexecute=0 rethrow=0 return_oop=0}
                      ; - net.minecraft.class_310::method_1523@870 (line 1271)
                      ;   {runtime_call throw_incompatible_class_change_error Runtime1 stub}
  0x00000001097ef584: 5f52 5895 

  0x00000001097ef588: ; ImmutableOopMap {c_rarg1=Oop [216]=Oop c_rarg0=Oop }
                      ;*invokeinterface method_15396 {reexecute=0 rethrow=0 return_oop=0}
                      ; - net.minecraft.class_310::method_1523@870 (line 1271)
                      ;   {runtime_call throw_null_pointer_exception Runtime1 stub}
  0x00000001097ef588: 1e47 5895 

  0x00000001097ef58c: ;   {metadata({method} {0x0000000125e9f888} 'method_15396' '(Ljava/lang/String;)V' in 'net/minecraft/class_3694')}
  0x00000001097ef58c: 0811 9fd2 | 28bd a4f2 | 2800 c0f2 | e807 00f9 | 0800 8092 | e803 00f9 

  0x00000001097ef5a4: ; ImmutableOopMap {c_rarg1=Oop [216]=Oop }
                      ;*synchronization entry
                      ; - net.minecraft.class_3694::method_15396@-1 (line 27)
                      ; - net.minecraft.class_310::method_1523@870 (line 1271)
                      ;   {runtime_call counter_overflow Runtime1 stub}
  0x00000001097ef5a4: 575b 5895 | a2f1 ff17 

  0x00000001097ef5ac: ; ImmutableOopMap {[216]=Oop c_rarg0=Oop }
                      ;*invokevirtual method_41723 {reexecute=0 rethrow=0 return_oop=0}
                      ; - net.minecraft.class_310::method_1523@886 (line 1273)
                      ;   {runtime_call throw_null_pointer_exception Runtime1 stub}
  0x00000001097ef5ac: 1547 5895 

  0x00000001097ef5b0: ; ImmutableOopMap {c_rarg1=Oop [216]=Oop c_rarg0=Oop }
                      ;*invokevirtual method_41724 {reexecute=0 rethrow=0 return_oop=0}
                      ; - net.minecraft.class_310::method_1523@897 (line 1274)
                      ;   {runtime_call throw_null_pointer_exception Runtime1 stub}
  0x00000001097ef5b0: 1447 5895 

  0x00000001097ef5b4: ;   {metadata({method} {0x0000000123c65408} 'method_658' '()J' in 'net/minecraft/class_156')}
  0x00000001097ef5b4: 0881 8ad2 | c878 a4f2 | 2800 c0f2 | e807 00f9 | 0800 8092 | e803 00f9 

  0x00000001097ef5cc: ; ImmutableOopMap {[216]=Oop }
                      ;*synchronization entry
                      ; - net.minecraft.class_156::method_658@-1 (line 122)
                      ; - net.minecraft.class_310::method_1523@914 (line 1277)
                      ;   {runtime_call counter_overflow Runtime1 stub}
  0x00000001097ef5cc: 4d5b 5895 | 36f2 ff17 

  0x00000001097ef5d4: ;   {metadata({method} {0x0000000123c654a8} 'method_648' '()J' in 'net/minecraft/class_156')}
  0x00000001097ef5d4: 0895 8ad2 | c878 a4f2 | 2800 c0f2 | e807 00f9 | 0800 8092 | e803 00f9 

  0x00000001097ef5ec: ; ImmutableOopMap {[216]=Oop }
                      ;*synchronization entry
                      ; - net.minecraft.class_156::method_648@-1 (line 126)
                      ; - net.minecraft.class_156::method_658@0 (line 122)
                      ; - net.minecraft.class_310::method_1523@914 (line 1277)
                      ;   {runtime_call counter_overflow Runtime1 stub}
  0x00000001097ef5ec: 455b 5895 | 3df2 ff17 

  0x00000001097ef5f4: ; ImmutableOopMap {[216]=Oop c_rarg2=Oop }
                      ;*invokeinterface getAsLong {reexecute=0 rethrow=0 return_oop=0}
                      ; - net.minecraft.class_156::method_648@3 (line 126)
                      ; - net.minecraft.class_156::method_658@0 (line 122)
                      ; - net.minecraft.class_310::method_1523@914 (line 1277)
                      ;   {runtime_call throw_null_pointer_exception Runtime1 stub}
  0x00000001097ef5f4: 0347 5895 

  0x00000001097ef5f8: ; ImmutableOopMap {c_rarg2=Oop c_rarg1=Oop [216]=Oop c_rarg4=Oop }
                      ;*anewarray {reexecute=0 rethrow=0 return_oop=0}
                      ; - net.minecraft.class_310::method_1523@1003 (line 1286)
                      ;   {runtime_call new_object_array Runtime1 stub}
  0x00000001097ef5f8: 824b 5895 | 0ff3 ff17 

  0x00000001097ef600: ;   {metadata({method} {0x000000a000046150} 'valueOf' '(I)Ljava/lang/Integer;' in 'java/lang/Integer')}
  0x00000001097ef600: 082a 8cd2 | 8800 a0f2 | 0814 c0f2 | e807 00f9 | 0800 8092 | e803 00f9 

  0x00000001097ef618: ; ImmutableOopMap {c_rarg2=Oop c_rarg1=Oop [216]=Oop c_rarg0=Oop }
                      ;*synchronization entry
                      ; - java.lang.Integer::valueOf@-1
                      ; - net.minecraft.class_310::method_1523@1011 (line 1287)
                      ;   {runtime_call counter_overflow Runtime1 stub}
  0x00000001097ef618: 3a5b 5895 | 17f3 ff17 

  0x00000001097ef620: ; ImmutableOopMap {c_rarg2=Oop c_rarg1=Oop [216]=Oop c_rarg6=Oop }
                      ;*new {reexecute=0 rethrow=0 return_oop=0}
                      ; - java.lang.Integer::valueOf@23
                      ; - net.minecraft.class_310::method_1523@1011 (line 1287)
                      ;   {runtime_call fast_new_instance Runtime1 stub}
  0x00000001097ef620: 3849 5895 | 3af3 ff17 

  0x00000001097ef628: ;   {metadata({method} {0x000000a000045b50} '<init>' '(I)V' in 'java/lang/Integer')}
  0x00000001097ef628: 086a 8bd2 | 8800 a0f2 | 0814 c0f2 | e807 00f9 | 0800 8092 | e803 00f9 

  0x00000001097ef640: ; ImmutableOopMap {c_rarg2=Oop c_rarg1=Oop [216]=Oop c_rarg6=Oop c_rarg0=Oop }
                      ;*synchronization entry
                      ; - java.lang.Integer::<init>@-1
                      ; - java.lang.Integer::valueOf@28
                      ; - net.minecraft.class_310::method_1523@1011 (line 1287)
                      ;   {runtime_call counter_overflow Runtime1 stub}
  0x00000001097ef640: 305b 5895 | 42f3 ff17 

  0x00000001097ef648: ;   {metadata({method} {0x000000a0004022c8} '<init>' '()V' in 'java/lang/Number')}
  0x00000001097ef648: 0859 84d2 | 0808 a0f2 | 0814 c0f2 | e807 00f9 | 0800 8092 | e803 00f9 

  0x00000001097ef660: ; ImmutableOopMap {c_rarg2=Oop c_rarg1=Oop [216]=Oop c_rarg6=Oop c_rarg0=Oop }
                      ;*synchronization entry
                      ; - java.lang.Number::<init>@-1
                      ; - java.lang.Integer::<init>@1
                      ; - java.lang.Integer::valueOf@28
                      ; - net.minecraft.class_310::method_1523@1011 (line 1287)
                      ;   {runtime_call counter_overflow Runtime1 stub}
  0x00000001097ef660: 285b 5895 | 4af3 ff17 

  0x00000001097ef668: ;   {metadata({method} {0x000000a000467488} '<init>' '()V' in 'java/lang/Object')}
  0x00000001097ef668: 0891 8ed2 | c808 a0f2 | 0814 c0f2 | e807 00f9 | 0800 8092 | e803 00f9 

  0x00000001097ef680: ; ImmutableOopMap {c_rarg2=Oop c_rarg1=Oop [216]=Oop c_rarg6=Oop c_rarg0=Oop }
                      ;*synchronization entry
                      ; - java.lang.Object::<init>@-1
                      ; - java.lang.Number::<init>@1
                      ; - java.lang.Integer::<init>@1
                      ; - java.lang.Integer::valueOf@28
                      ; - net.minecraft.class_310::method_1523@1011 (line 1287)
                      ;   {runtime_call counter_overflow Runtime1 stub}
  0x00000001097ef680: 205b 5895 | 52f3 ff17 

  0x00000001097ef688: ; ImmutableOopMap {c_rarg2=Oop c_rarg1=Oop [216]=Oop c_rarg6=Oop }
                      ;*aaload {reexecute=0 rethrow=0 return_oop=0}
                      ; - java.lang.Integer::valueOf@21
                      ; - net.minecraft.class_310::method_1523@1011 (line 1287)
                      ;   {runtime_call throw_null_pointer_exception Runtime1 stub}
  0x00000001097ef688: de46 5895 

  0x00000001097ef68c: ; ImmutableOopMap {c_rarg2=Oop c_rarg1=Oop [216]=Oop c_rarg6=Oop c_rarg0=Oop }
                      ;*aastore {reexecute=1 rethrow=0 return_oop=0}
                      ; - (reexecute) net.minecraft.class_310::method_1523@1014 (line 1287)
                      ;   {runtime_call throw_null_pointer_exception Runtime1 stub}
  0x00000001097ef68c: dd46 5895 | e803 00aa 

  0x00000001097ef694: ; ImmutableOopMap {c_rarg2=Oop c_rarg1=Oop [216]=Oop c_rarg6=Oop c_rarg0=Oop }
                      ;*aastore {reexecute=1 rethrow=0 return_oop=0}
                      ; - (reexecute) net.minecraft.class_310::method_1523@1014 (line 1287)
                      ;   {runtime_call throw_array_store_exception Runtime1 stub}
  0x00000001097ef694: db4f 5895 | 6400 40b9 | 84f0 7dd3 | a475 feb4 | e403 00f9 

  0x00000001097ef6a8: ;   {runtime_call g1_pre_barrier_slow}
  0x00000001097ef6a8: 965c 5895 | aaf3 ff17 | e075 feb4 | e303 00f9 

  0x00000001097ef6b8: ;   {runtime_call g1_post_barrier_slow}
  0x00000001097ef6b8: 525d 5895 | acf3 ff17 

  0x00000001097ef6c0: ;   {metadata({method} {0x000000a000046150} 'valueOf' '(I)Ljava/lang/Integer;' in 'java/lang/Integer')}
  0x00000001097ef6c0: 082a 8cd2 | 8800 a0f2 | 0814 c0f2 | e807 00f9 | 0800 8092 | e803 00f9 

  0x00000001097ef6d8: ; ImmutableOopMap {c_rarg2=Oop c_rarg1=Oop [216]=Oop c_rarg6=Oop }
                      ;*synchronization entry
                      ; - java.lang.Integer::valueOf@-1
                      ; - net.minecraft.class_310::method_1523@1033 (line 1288)
                      ;   {runtime_call counter_overflow Runtime1 stub}
  0x00000001097ef6d8: 0a5b 5895 | c8f3 ff17 

  0x00000001097ef6e0: ; ImmutableOopMap {c_rarg2=Oop c_rarg1=Oop [216]=Oop c_rarg6=Oop }
                      ;*new {reexecute=0 rethrow=0 return_oop=0}
                      ; - java.lang.Integer::valueOf@23
                      ; - net.minecraft.class_310::method_1523@1033 (line 1288)
                      ;   {runtime_call fast_new_instance Runtime1 stub}
  0x00000001097ef6e0: 0849 5895 | eaf3 ff17 

  0x00000001097ef6e8: ;   {metadata({method} {0x000000a000045b50} '<init>' '(I)V' in 'java/lang/Integer')}
  0x00000001097ef6e8: 086a 8bd2 | 8800 a0f2 | 0814 c0f2 | e807 00f9 | 0800 8092 | e803 00f9 

  0x00000001097ef700: ; ImmutableOopMap {c_rarg2=Oop c_rarg1=Oop [216]=Oop c_rarg6=Oop c_rarg0=Oop }
                      ;*synchronization entry
                      ; - java.lang.Integer::<init>@-1
                      ; - java.lang.Integer::valueOf@28
                      ; - net.minecraft.class_310::method_1523@1033 (line 1288)
                      ;   {runtime_call counter_overflow Runtime1 stub}
  0x00000001097ef700: 005b 5895 | f2f3 ff17 

  0x00000001097ef708: ;   {metadata({method} {0x000000a0004022c8} '<init>' '()V' in 'java/lang/Number')}
  0x00000001097ef708: 0859 84d2 | 0808 a0f2 | 0814 c0f2 | e807 00f9 | 0800 8092 | e803 00f9 

  0x00000001097ef720: ; ImmutableOopMap {c_rarg2=Oop c_rarg1=Oop [216]=Oop c_rarg6=Oop c_rarg0=Oop }
                      ;*synchronization entry
                      ; - java.lang.Number::<init>@-1
                      ; - java.lang.Integer::<init>@1
                      ; - java.lang.Integer::valueOf@28
                      ; - net.minecraft.class_310::method_1523@1033 (line 1288)
                      ;   {runtime_call counter_overflow Runtime1 stub}
  0x00000001097ef720: f85a 5895 | faf3 ff17 

  0x00000001097ef728: ;   {metadata({method} {0x000000a000467488} '<init>' '()V' in 'java/lang/Object')}
  0x00000001097ef728: 0891 8ed2 | c808 a0f2 | 0814 c0f2 | e807 00f9 | 0800 8092 | e803 00f9 

  0x00000001097ef740: ; ImmutableOopMap {c_rarg2=Oop c_rarg1=Oop [216]=Oop c_rarg6=Oop c_rarg0=Oop }
                      ;*synchronization entry
                      ; - java.lang.Object::<init>@-1
                      ; - java.lang.Number::<init>@1
                      ; - java.lang.Integer::<init>@1
                      ; - java.lang.Integer::valueOf@28
                      ; - net.minecraft.class_310::method_1523@1033 (line 1288)
                      ;   {runtime_call counter_overflow Runtime1 stub}
  0x00000001097ef740: f05a 5895 | 02f4 ff17 

  0x00000001097ef748: ; ImmutableOopMap {c_rarg2=Oop c_rarg1=Oop [216]=Oop c_rarg6=Oop }
                      ;*aaload {reexecute=0 rethrow=0 return_oop=0}
                      ; - java.lang.Integer::valueOf@21
                      ; - net.minecraft.class_310::method_1523@1033 (line 1288)
                      ;   {runtime_call throw_null_pointer_exception Runtime1 stub}
  0x00000001097ef748: ae46 5895 

  0x00000001097ef74c: ; ImmutableOopMap {c_rarg2=Oop c_rarg1=Oop [216]=Oop c_rarg6=Oop c_rarg7=Oop }
                      ;*aastore {reexecute=1 rethrow=0 return_oop=0}
                      ; - (reexecute) net.minecraft.class_310::method_1523@1036 (line 1288)
                      ;   {runtime_call throw_null_pointer_exception Runtime1 stub}
  0x00000001097ef74c: ad46 5895 | e803 07aa 

  0x00000001097ef754: ; ImmutableOopMap {c_rarg2=Oop c_rarg1=Oop [216]=Oop c_rarg6=Oop c_rarg7=Oop }
                      ;*aastore {reexecute=1 rethrow=0 return_oop=0}
                      ; - (reexecute) net.minecraft.class_310::method_1523@1036 (line 1288)
                      ;   {runtime_call throw_array_store_exception Runtime1 stub}
  0x00000001097ef754: ab4f 5895 | 6000 40b9 | 00f0 7dd3 | 808b feb4 | e003 00f9 

  0x00000001097ef768: ;   {runtime_call g1_pre_barrier_slow}
  0x00000001097ef768: 665c 5895 | 59f4 ff17 | c78b feb4 | e303 00f9 

  0x00000001097ef778: ;   {runtime_call g1_post_barrier_slow}
  0x00000001097ef778: 225d 5895 | 5bf4 ff17 

  0x00000001097ef780: ; ImmutableOopMap {c_rarg2=Oop c_rarg1=Oop [216]=Oop c_rarg6=Oop c_rarg3=Oop }
                      ;*invokevirtual method_42433 {reexecute=0 rethrow=0 return_oop=0}
                      ; - net.minecraft.class_310::method_1523@1043 (line 1289)
                      ;   {runtime_call throw_null_pointer_exception Runtime1 stub}
  0x00000001097ef780: a046 5895 

  0x00000001097ef784: ; ImmutableOopMap {c_rarg2=Oop c_rarg1=Oop [216]=Oop c_rarg6=Oop c_rarg3=Oop c_rarg0=Oop }
                      ;*invokevirtual method_41753 {reexecute=0 rethrow=0 return_oop=0}
                      ; - net.minecraft.class_310::method_1523@1046 (line 1289)
                      ;   {runtime_call throw_null_pointer_exception Runtime1 stub}
  0x00000001097ef784: 9f46 5895 | e803 00aa 

  0x00000001097ef78c: ; ImmutableOopMap {c_rarg2=Oop c_rarg1=Oop [216]=Oop c_rarg6=Oop c_rarg3=Oop }
                      ;*checkcast {reexecute=0 rethrow=0 return_oop=0}
                      ; - net.minecraft.class_310::method_1523@1049 (line 1289)
                      ;   {runtime_call throw_class_cast_exception Runtime1 stub}
  0x00000001097ef78c: 5d50 5895 

  0x00000001097ef790: ; ImmutableOopMap {c_rarg2=Oop c_rarg1=Oop [216]=Oop c_rarg6=Oop c_rarg3=Oop c_rarg0=Oop }
                      ;*invokevirtual booleanValue {reexecute=0 rethrow=0 return_oop=0}
                      ; - net.minecraft.class_310::method_1523@1052 (line 1289)
                      ;   {runtime_call throw_null_pointer_exception Runtime1 stub}
  0x00000001097ef790: 9c46 5895 

  0x00000001097ef794: ; ImmutableOopMap {c_rarg2=Oop c_rarg1=Oop [216]=Oop c_rarg6=Oop c_rarg3=Oop c_rarg0=Oop }
                      ;*aastore {reexecute=1 rethrow=0 return_oop=0}
                      ; - (reexecute) net.minecraft.class_310::method_1523@1067 (line 1289)
                      ;   {runtime_call throw_null_pointer_exception Runtime1 stub}
  0x00000001097ef794: 9b46 5895 | e803 00aa 

  0x00000001097ef79c: ; ImmutableOopMap {c_rarg2=Oop c_rarg1=Oop [216]=Oop c_rarg6=Oop c_rarg3=Oop c_rarg0=Oop }
                      ;*aastore {reexecute=1 rethrow=0 return_oop=0}
                      ; - (reexecute) net.minecraft.class_310::method_1523@1067 (line 1289)
                      ;   {runtime_call throw_array_store_exception Runtime1 stub}
  0x00000001097ef79c: 994f 5895 | 8a00 40b9 | 4af1 7dd3 | 0aa9 feb4 | ea03 00f9 

  0x00000001097ef7b0: ;   {runtime_call g1_pre_barrier_slow}
  0x00000001097ef7b0: 545c 5895 | 45f5 ff17 | 40a9 feb4 | e403 00f9 

  0x00000001097ef7c0: ;   {runtime_call g1_post_barrier_slow}
  0x00000001097ef7c0: 105d 5895 | 47f5 ff17 

  0x00000001097ef7c8: ; ImmutableOopMap {c_rarg2=Oop c_rarg1=Oop [216]=Oop c_rarg6=Oop c_rarg3=Oop c_rarg0=Oop }
                      ;*invokevirtual method_41753 {reexecute=0 rethrow=0 return_oop=0}
                      ; - net.minecraft.class_310::method_1523@1077 (line 1290)
                      ;   {runtime_call throw_null_pointer_exception Runtime1 stub}
  0x00000001097ef7c8: 8e46 5895 

  0x00000001097ef7cc: ; ImmutableOopMap {c_rarg2=Oop c_rarg1=Oop [216]=Oop c_rarg6=Oop c_rarg3=Oop c_rarg0=Oop }
                      ;*aastore {reexecute=1 rethrow=0 return_oop=0}
                      ; - (reexecute) net.minecraft.class_310::method_1523@1080 (line 1290)
                      ;   {runtime_call throw_null_pointer_exception Runtime1 stub}
  0x00000001097ef7cc: 8d46 5895 | e803 00aa 

  0x00000001097ef7d4: ; ImmutableOopMap {c_rarg2=Oop c_rarg1=Oop [216]=Oop c_rarg6=Oop c_rarg3=Oop c_rarg0=Oop }
                      ;*aastore {reexecute=1 rethrow=0 return_oop=0}
                      ; - (reexecute) net.minecraft.class_310::method_1523@1080 (line 1290)
                      ;   {runtime_call throw_array_store_exception Runtime1 stub}
  0x00000001097ef7d4: 8b4f 5895 | 8a00 40b9 | 4af1 7dd3 | cab9 feb4 | ea03 00f9 

  0x00000001097ef7e8: ;   {runtime_call g1_pre_barrier_slow}
  0x00000001097ef7e8: 465c 5895 | cbf5 ff17 | 00ba feb4 | e403 00f9 

  0x00000001097ef7f8: ;   {runtime_call g1_post_barrier_slow}
  0x00000001097ef7f8: 025d 5895 | cdf5 ff17 

  0x00000001097ef800: ; ImmutableOopMap {c_rarg2=Oop c_rarg1=Oop [216]=Oop c_rarg6=Oop c_rarg3=Oop c_rarg0=Oop }
                      ;*invokevirtual method_41753 {reexecute=0 rethrow=0 return_oop=0}
                      ; - net.minecraft.class_310::method_1523@1090 (line 1291)
                      ;   {runtime_call throw_null_pointer_exception Runtime1 stub}
  0x00000001097ef800: 8046 5895 

  0x00000001097ef804: ; ImmutableOopMap {c_rarg2=Oop c_rarg6=Oop c_rarg3=Oop c_rarg0=Oop [216]=Oop }
                      ;*aastore {reexecute=1 rethrow=0 return_oop=0}
                      ; - (reexecute) net.minecraft.class_310::method_1523@1130 (line 1291)
                      ;   {runtime_call throw_null_pointer_exception Runtime1 stub}
  0x00000001097ef804: 7f46 5895 | e803 00aa 

  0x00000001097ef80c: ; ImmutableOopMap {c_rarg2=Oop c_rarg6=Oop c_rarg3=Oop c_rarg0=Oop [216]=Oop }
                      ;*aastore {reexecute=1 rethrow=0 return_oop=0}
                      ; - (reexecute) net.minecraft.class_310::method_1523@1130 (line 1291)
                      ;   {runtime_call throw_array_store_exception Runtime1 stub}
  0x00000001097ef80c: 7d4f 5895 | 8a00 40b9 | 4af1 7dd3 | 6ad8 feb4 | ea03 00f9 

  0x00000001097ef820: ;   {runtime_call g1_pre_barrier_slow}
  0x00000001097ef820: 385c 5895 | c0f6 ff17 | a0d8 feb4 | e403 00f9 

  0x00000001097ef830: ;   {runtime_call g1_post_barrier_slow}
  0x00000001097ef830: f45c 5895 | c2f6 ff17 

  0x00000001097ef838: ; ImmutableOopMap {c_rarg2=Oop c_rarg6=Oop [216]=Oop c_rarg3=Oop }
                      ;*invokevirtual method_41753 {reexecute=0 rethrow=0 return_oop=0}
                      ; - net.minecraft.class_310::method_1523@1140 (line 1292)
                      ;   {runtime_call throw_null_pointer_exception Runtime1 stub}
  0x00000001097ef838: 7246 5895 

  0x00000001097ef83c: ; ImmutableOopMap {c_rarg2=Oop c_rarg6=Oop [216]=Oop c_rarg3=Oop }
                      ;*aastore {reexecute=1 rethrow=0 return_oop=0}
                      ; - (reexecute) net.minecraft.class_310::method_1523@1143 (line 1292)
                      ;   {runtime_call throw_null_pointer_exception Runtime1 stub}
  0x00000001097ef83c: 7146 5895 | e803 03aa 

  0x00000001097ef844: ; ImmutableOopMap {c_rarg2=Oop c_rarg6=Oop [216]=Oop c_rarg3=Oop }
                      ;*aastore {reexecute=1 rethrow=0 return_oop=0}
                      ; - (reexecute) net.minecraft.class_310::method_1523@1143 (line 1292)
                      ;   {runtime_call throw_array_store_exception Runtime1 stub}
  0x00000001097ef844: 6f4f 5895 | 0400 40b9 | 84f0 7dd3 | 24e9 feb4 | e403 00f9 

  0x00000001097ef858: ;   {runtime_call g1_pre_barrier_slow}
  0x00000001097ef858: 2a5c 5895 | 46f7 ff17 | 63e9 feb4 | e003 00f9 

  0x00000001097ef868: ;   {runtime_call g1_post_barrier_slow}
  0x00000001097ef868: e65c 5895 | 48f7 ff17 

  0x00000001097ef870: ; ImmutableOopMap {c_rarg2=Oop c_rarg6=Oop [216]=Oop }
                      ;*aastore {reexecute=1 rethrow=0 return_oop=0}
                      ; - (reexecute) net.minecraft.class_310::method_1523@1149 (line 1292)
                      ;   {runtime_call throw_null_pointer_exception Runtime1 stub}
  0x00000001097ef870: 6446 5895 | e803 02aa 

  0x00000001097ef878: ; ImmutableOopMap {c_rarg2=Oop c_rarg6=Oop [216]=Oop }
                      ;*aastore {reexecute=1 rethrow=0 return_oop=0}
                      ; - (reexecute) net.minecraft.class_310::method_1523@1149 (line 1292)
                      ;   {runtime_call throw_array_store_exception Runtime1 stub}
  0x00000001097ef878: 624f 5895 | 6000 40b9 | 00f0 7dd3 | a0f2 feb4 | e003 00f9 

  0x00000001097ef88c: ;   {runtime_call g1_pre_barrier_slow}
  0x00000001097ef88c: 1d5c 5895 | 92f7 ff17 | e2f2 feb4 | e303 00f9 

  0x00000001097ef89c: ;   {runtime_call g1_post_barrier_slow}
  0x00000001097ef89c: d95c 5895 | 94f7 ff17 

  0x00000001097ef8a4: ;   {metadata({method} {0x000000a00044f188} 'format' '(Ljava/util/Locale;Ljava/lang/String;[Ljava/lang/Object;)Ljava/lang/String;' in 'java/lang/String')}
  0x00000001097ef8a4: 0831 9ed2 | 8808 a0f2 | 0814 c0f2 | e807 00f9 | 0800 8092 | e803 00f9 

  0x00000001097ef8bc: ; ImmutableOopMap {c_rarg6=Oop [216]=Oop }
                      ;*synchronization entry
                      ; - java.lang.String::format@-1
                      ; - net.minecraft.class_310::method_1523@1150 (line 1286)
                      ;   {runtime_call counter_overflow Runtime1 stub}
  0x00000001097ef8bc: 915a 5895 | 9bf7 ff17 

  0x00000001097ef8c4: ; ImmutableOopMap {c_rarg6=Oop [216]=Oop }
                      ;*new {reexecute=0 rethrow=0 return_oop=0}
                      ; - java.lang.String::format@0
                      ; - net.minecraft.class_310::method_1523@1150 (line 1286)
                      ;   {runtime_call fast_new_instance Runtime1 stub}
  0x00000001097ef8c4: 8f48 5895 | a9f7 ff17 

  0x00000001097ef8cc: ;   {metadata({method} {0x000000a000113db8} '<init>' '(Ljava/util/Locale;)V' in 'java/util/Formatter')}
  0x00000001097ef8cc: 08b7 87d2 | 2802 a0f2 | 0814 c0f2 | e807 00f9 | 0800 8092 | e803 00f9 

  0x00000001097ef8e4: ; ImmutableOopMap {c_rarg6=Oop [216]=Oop c_rarg0=Oop }
                      ;*synchronization entry
                      ; - java.util.Formatter::<init>@-1
                      ; - java.lang.String::format@5
                      ; - net.minecraft.class_310::method_1523@1150 (line 1286)
                      ;   {runtime_call counter_overflow Runtime1 stub}
  0x00000001097ef8e4: 875a 5895 | b1f7 ff17 

  0x00000001097ef8ec: ; ImmutableOopMap {c_rarg6=Oop [216]=Oop [392]=Oop }
                      ;*new {reexecute=0 rethrow=0 return_oop=0}
                      ; - java.util.Formatter::<init>@2
                      ; - java.lang.String::format@5
                      ; - net.minecraft.class_310::method_1523@1150 (line 1286)
                      ;   {runtime_call fast_new_instance Runtime1 stub}
  0x00000001097ef8ec: 8548 5895 | c0f7 ff17 

  0x00000001097ef8f4: ;   {metadata({method} {0x000000a000443970} '<init>' '()V' in 'java/lang/StringBuilder')}
  0x00000001097ef8f4: 082e 87d2 | 8808 a0f2 | 0814 c0f2 | e807 00f9 | 0800 8092 | e803 00f9 

  0x00000001097ef90c: ; ImmutableOopMap {c_rarg6=Oop [216]=Oop [392]=Oop c_rarg0=Oop }
                      ;*synchronization entry
                      ; - java.lang.StringBuilder::<init>@-1
                      ; - java.util.Formatter::<init>@6
                      ; - java.lang.String::format@5
                      ; - net.minecraft.class_310::method_1523@1150 (line 1286)
                      ;   {runtime_call counter_overflow Runtime1 stub}
  0x00000001097ef90c: 7d5a 5895 | c8f7 ff17 

  0x00000001097ef914: ;   {metadata({method} {0x000000a000113bd8} '<init>' '(Ljava/util/Locale;Ljava/lang/Appendable;)V' in 'java/util/Formatter')}
  0x00000001097ef914: 087b 87d2 | 2802 a0f2 | 0814 c0f2 | e807 00f9 | 0800 8092 | e803 00f9 

  0x00000001097ef92c: ; ImmutableOopMap {[408]=Oop [216]=Oop [400]=Oop [392]=Oop }
                      ;*synchronization entry
                      ; - java.util.Formatter::<init>@-1
                      ; - java.util.Formatter::<init>@9
                      ; - java.lang.String::format@5
                      ; - net.minecraft.class_310::method_1523@1150 (line 1286)
                      ;   {runtime_call counter_overflow Runtime1 stub}
  0x00000001097ef92c: 755a 5895 | dbf7 ff17 

  0x00000001097ef934: ;   {metadata({method} {0x000000a000467488} '<init>' '()V' in 'java/lang/Object')}
  0x00000001097ef934: 0891 8ed2 | c808 a0f2 | 0814 c0f2 | e807 00f9 | 0800 8092 | e803 00f9 

  0x00000001097ef94c: ; ImmutableOopMap {[408]=Oop [216]=Oop [400]=Oop [392]=Oop }
                      ;*synchronization entry
                      ; - java.lang.Object::<init>@-1
                      ; - java.util.Formatter::<init>@1
                      ; - java.util.Formatter::<init>@9
                      ; - java.lang.String::format@5
                      ; - net.minecraft.class_310::method_1523@1150 (line 1286)
                      ;   {runtime_call counter_overflow Runtime1 stub}
  0x00000001097ef94c: 6d5a 5895 | e3f7 ff17 | 0210 40b9 | 42f0 7dd3 | c2fc feb4 | e203 00f9 

  0x00000001097ef964: ;   {runtime_call g1_pre_barrier_slow}
  0x00000001097ef964: e75b 5895 | e3f7 ff17 | 22fd feb4 | e003 00f9 

  0x00000001097ef974: ;   {runtime_call g1_post_barrier_slow}
  0x00000001097ef974: a35c 5895 | e6f7 ff17 | 0314 40b9 | 63f0 7dd3 | 23fd feb4 | e303 00f9 

  0x00000001097ef98c: ;   {runtime_call g1_pre_barrier_slow}
  0x00000001097ef98c: dd5b 5895 | e6f7 ff17 | 62fd feb4 | e003 00f9 

  0x00000001097ef99c: ;   {runtime_call g1_post_barrier_slow}
  0x00000001097ef99c: 995c 5895 | e8f7 ff17 

  0x00000001097ef9a4: ;   {metadata({method} {0x000000a000113f98} 'format' '(Ljava/lang/String;[Ljava/lang/Object;)Ljava/util/Formatter;' in 'java/util/Formatter')}
  0x00000001097ef9a4: 08f3 87d2 | 2802 a0f2 | 0814 c0f2 | e807 00f9 | 0800 8092 | e803 00f9 

  0x00000001097ef9bc: ; ImmutableOopMap {[408]=Oop [216]=Oop c_rarg0=Oop c_rarg2=Oop }
                      ;*synchronization entry
                      ; - java.util.Formatter::format@-1
                      ; - java.lang.String::format@10
                      ; - net.minecraft.class_310::method_1523@1150 (line 1286)
                      ;   {runtime_call counter_overflow Runtime1 stub}
  0x00000001097ef9bc: 515a 5895 | f1f7 ff17 

  0x00000001097ef9c4: ; ImmutableOopMap {[216]=Oop c_rarg0=Oop }
                      ;*invokevirtual toString {reexecute=0 rethrow=0 return_oop=0}
                      ; - java.lang.String::format@13
                      ; - net.minecraft.class_310::method_1523@1150 (line 1286)
                      ;   {runtime_call throw_null_pointer_exception Runtime1 stub}
  0x00000001097ef9c4: 0f46 5895 

  0x00000001097ef9c8: ;   {metadata({method} {0x000000a000112cc8} 'toString' '()Ljava/lang/String;' in 'java/util/Formatter')}
  0x00000001097ef9c8: 0899 85d2 | 2802 a0f2 | 0814 c0f2 | e807 00f9 | 0800 8092 | e803 00f9 

  0x00000001097ef9e0: ; ImmutableOopMap {[216]=Oop c_rarg0=Oop }
                      ;*synchronization entry
                      ; - java.util.Formatter::toString@-1
                      ; - java.lang.String::format@13
                      ; - net.minecraft.class_310::method_1523@1150 (line 1286)
                      ;   {runtime_call counter_overflow Runtime1 stub}
  0x00000001097ef9e0: 485a 5895 | 06f8 ff17 

  0x00000001097ef9e8: ;   {metadata({method} {0x000000a000114178} 'ensureOpen' '()V' in 'java/util/Formatter')}
  0x00000001097ef9e8: 082f 88d2 | 2802 a0f2 | 0814 c0f2 | e807 00f9 | 0800 8092 | e803 00f9 

  0x00000001097efa00: ; ImmutableOopMap {[216]=Oop c_rarg0=Oop }
                      ;*synchronization entry
                      ; - java.util.Formatter::ensureOpen@-1
                      ; - java.util.Formatter::toString@1
                      ; - java.lang.String::format@13
                      ; - net.minecraft.class_310::method_1523@1150 (line 1286)
                      ;   {runtime_call counter_overflow Runtime1 stub}
  0x00000001097efa00: 405a 5895 | 0ef8 ff17 

  0x00000001097efa08: ; ImmutableOopMap {[216]=Oop c_rarg1=Oop }
                      ;*invokevirtual toString {reexecute=0 rethrow=0 return_oop=0}
                      ; - java.util.Formatter::toString@8
                      ; - java.lang.String::format@13
                      ; - net.minecraft.class_310::method_1523@1150 (line 1286)
                      ;   {runtime_call throw_null_pointer_exception Runtime1 stub}
  0x00000001097efa08: fe45 5895 | 2298 41b9 | 42f0 7dd3 | 4209 ffb4 | e203 00f9 

  0x00000001097efa1c: ;   {runtime_call g1_pre_barrier_slow}
  0x00000001097efa1c: b95b 5895 | 47f8 ff17 | 8009 ffb4 | e103 00f9 

  0x00000001097efa2c: ;   {runtime_call g1_post_barrier_slow}
  0x00000001097efa2c: 755c 5895 | 49f8 ff17 

  0x00000001097efa34: ;   {metadata({method} {0x0000000125dbb038} 'method_1523' '(Z)V' in 'net/minecraft/class_310')}
  0x00000001097efa34: 0807 96d2 | 68bb a4f2 | 2800 c0f2 | e807 00f9 | a892 80d2 | e803 00f9 

  0x00000001097efa4c: ; ImmutableOopMap {c_rarg1=Oop [216]=Oop }
                      ;*goto {reexecute=1 rethrow=0 return_oop=0}
                      ; - (reexecute) net.minecraft.class_310::method_1523@1173 (line 1297)
                      ;   {runtime_call counter_overflow Runtime1 stub}
  0x00000001097efa4c: 2d5a 5895 | 4ff8 ff17 

  0x00000001097efa54: ; ImmutableOopMap {c_rarg1=Oop [216]=Oop c_rarg2=Oop }
                      ;*invokeinterface method_15407 {reexecute=0 rethrow=0 return_oop=0}
                      ; - net.minecraft.class_310::method_1523@1180 (line 1298)
                      ;   {runtime_call throw_incompatible_class_change_error Runtime1 stub}
  0x00000001097efa54: 2b51 5895 

  0x00000001097efa58: ; ImmutableOopMap {c_rarg1=Oop [216]=Oop c_rarg2=Oop }
                      ;*invokeinterface method_15407 {reexecute=0 rethrow=0 return_oop=0}
                      ; - net.minecraft.class_310::method_1523@1180 (line 1298)
                      ;   {runtime_call throw_null_pointer_exception Runtime1 stub}
  0x00000001097efa58: ea45 5895 

  0x00000001097efa5c: ;   {metadata({method} {0x0000000125e9faa0} 'method_15407' '()V' in 'net/minecraft/class_3694')}
  0x00000001097efa5c: 0854 9fd2 | 28bd a4f2 | 2800 c0f2 | e807 00f9 | 0800 8092 | e803 00f9 

  0x00000001097efa74: ; ImmutableOopMap {c_rarg1=Oop [216]=Oop }
                      ;*synchronization entry
                      ; - net.minecraft.class_3694::method_15407@-1 (line 39)
                      ; - net.minecraft.class_310::method_1523@1180 (line 1298)
                      ;   {runtime_call counter_overflow Runtime1 stub}
  0x00000001097efa74: 235a 5895 | 6bf8 ff17 

  0x00000001097efa7c: ;   {metadata({method} {0x0000000125dc06d0} 'handler$gck000$lavender$onFrameEnd' '(ZLorg/spongepowered/asm/mixin/injection/callback/CallbackInfo;)V' in 'net/minecraft/class_310')}
  0x00000001097efa7c: 08da 80d2 | 88bb a4f2 | 2800 c0f2 | e807 00f9 | 0800 8092 | e803 00f9 

  0x00000001097efa94: ; ImmutableOopMap {c_rarg1=Oop [216]=Oop }
                      ;*synchronization entry
                      ; - net.minecraft.class_310::handler$gck000$lavender$onFrameEnd@-1 (line 23536)
                      ; - net.minecraft.class_310::method_1523@1188 (line 1299)
                      ;   {runtime_call counter_overflow Runtime1 stub}
  0x00000001097efa94: 1b5a 5895 | 73f8 ff17 

  0x00000001097efa9c: ;   {metadata({method} {0x00000003310b2f10} 'endFrame' '()V' in 'io/wispforest/lavender/client/OffhandBookRenderer')}
  0x00000001097efa9c: 08e2 85d2 | 6821 a6f2 | 6800 c0f2 | e807 00f9 | 0800 8092 | e803 00f9 

  0x00000001097efab4: ; ImmutableOopMap {c_rarg1=Oop [216]=Oop }
                      ;*synchronization entry
                      ; - io.wispforest.lavender.client.OffhandBookRenderer::endFrame@-1 (line 139)
                      ; - net.minecraft.class_310::handler$gck000$lavender$onFrameEnd@8 (line 23537)
                      ; - net.minecraft.class_310::method_1523@1188 (line 1299)
                      ;   {runtime_call counter_overflow Runtime1 stub}
  0x00000001097efab4: 135a 5895 | 88f8 ff17 | 4378 40b9 | 63f0 7dd3 | 4313 ffb4 | e303 00f9 

  0x00000001097efacc: ;   {runtime_call g1_pre_barrier_slow}
  0x00000001097efacc: 8d5b 5895 | 97f8 ff17 

  0x00000001097efad4: ;   {metadata({method} {0x0000000125dc3d30} 'handler$kfa000$trafficcraft$tc$runAfterClientTick' '(ZLorg/spongepowered/asm/mixin/injection/callback/CallbackInfo;)V' in 'net/minecraft/class_310')}
  0x00000001097efad4: 08a6 87d2 | 88bb a4f2 | 2800 c0f2 | e807 00f9 | 0800 8092 | e803 00f9 

  0x00000001097efaec: ; ImmutableOopMap {[216]=Oop }
                      ;*synchronization entry
                      ; - net.minecraft.class_310::handler$kfa000$trafficcraft$tc$runAfterClientTick@-1 (line 42008)
                      ; - net.minecraft.class_310::method_1523@1200 (line 1299)
                      ;   {runtime_call counter_overflow Runtime1 stub}
  0x00000001097efaec: 055a 5895 | acf8 ff17 

  0x00000001097efaf4: ;   {metadata({method} {0x0000000337e1a748} 'runAllScheduledRenderTasks' '()V' in 'de/mrjulsen/trafficcraft/client/ClientWrapper')}
  0x00000001097efaf4: 08e9 94d2 | 28fc a6f2 | 6800 c0f2 | e807 00f9 | 0800 8092 | e803 00f9 

  0x00000001097efb0c: ; ImmutableOopMap {[216]=Oop }
                      ;*synchronization entry
                      ; - de.mrjulsen.trafficcraft.client.ClientWrapper::runAllScheduledRenderTasks@-1 (line 39)
                      ; - net.minecraft.class_310::handler$kfa000$trafficcraft$tc$runAfterClientTick@0 (line 42008)
                      ; - net.minecraft.class_310::method_1523@1200 (line 1299)
                      ;   {runtime_call counter_overflow Runtime1 stub}
  0x00000001097efb0c: fd59 5895 | b3f8 ff17 

  0x00000001097efb14: ;   {metadata({method} {0x000000012236a200} 'isEmpty' '()Z' in 'java/util/concurrent/ConcurrentLinkedQueue')}
  0x00000001097efb14: 0840 94d2 | c846 a4f2 | 2800 c0f2 | e807 00f9 | 0800 8092 | e803 00f9 

  0x00000001097efb2c: ; ImmutableOopMap {[216]=Oop c_rarg1=Oop }
                      ;*synchronization entry
                      ; - java.util.concurrent.ConcurrentLinkedQueue::isEmpty@-1
                      ; - de.mrjulsen.trafficcraft.client.ClientWrapper::runAllScheduledRenderTasks@3 (line 39)
                      ; - net.minecraft.class_310::handler$kfa000$trafficcraft$tc$runAfterClientTick@0 (line 42008)
                      ; - net.minecraft.class_310::method_1523@1200 (line 1299)
                      ;   {runtime_call counter_overflow Runtime1 stub}
  0x00000001097efb2c: f559 5895 | e0f8 ff17 | e803 00aa 

  0x00000001097efb38: ; ImmutableOopMap {[216]=Oop }
                      ;*checkcast {reexecute=0 rethrow=0 return_oop=0}
                      ; - de.mrjulsen.trafficcraft.client.ClientWrapper::runAllScheduledRenderTasks@19 (line 40)
                      ; - net.minecraft.class_310::handler$kfa000$trafficcraft$tc$runAfterClientTick@0 (line 42008)
                      ; - net.minecraft.class_310::method_1523@1200 (line 1299)
                      ;   {runtime_call throw_class_cast_exception Runtime1 stub}
  0x00000001097efb38: 724f 5895 

  0x00000001097efb3c: ; ImmutableOopMap {[216]=Oop c_rarg1=Oop }
                      ;*invokeinterface run {reexecute=0 rethrow=0 return_oop=0}
                      ; - de.mrjulsen.trafficcraft.client.ClientWrapper::runAllScheduledRenderTasks@22 (line 40)
                      ; - net.minecraft.class_310::handler$kfa000$trafficcraft$tc$runAfterClientTick@0 (line 42008)
                      ; - net.minecraft.class_310::method_1523@1200 (line 1299)
                      ;   {runtime_call throw_null_pointer_exception Runtime1 stub}
  0x00000001097efb3c: b145 5895 

  0x00000001097efb40: ;   {metadata({method} {0x0000000337e1a748} 'runAllScheduledRenderTasks' '()V' in 'de/mrjulsen/trafficcraft/client/ClientWrapper')}
  0x00000001097efb40: 08e9 94d2 | 28fc a6f2 | 6800 c0f2 | e807 00f9 | 6803 80d2 | e803 00f9 

  0x00000001097efb58: ; ImmutableOopMap {[216]=Oop }
                      ;*goto {reexecute=1 rethrow=0 return_oop=0}
                      ; - (reexecute) de.mrjulsen.trafficcraft.client.ClientWrapper::runAllScheduledRenderTasks@27 (line 40)
                      ; - net.minecraft.class_310::handler$kfa000$trafficcraft$tc$runAfterClientTick@0 (line 42008)
                      ; - net.minecraft.class_310::method_1523@1200 (line 1299)
                      ;   {runtime_call counter_overflow Runtime1 stub}
  0x00000001097efb58: ea59 5895 | c9f9 ff17 

  0x00000001097efb60: ;   {internal_word}
  0x00000001097efb60: c83b ff10 | 88b3 01f9 

  0x00000001097efb68: ;   {runtime_call SafepointBlob}
  0x00000001097efb68: a69d 5515 

  0x00000001097efb6c: ; ImmutableOopMap {[216]=Oop [424]=Oop }
                      ;*new {reexecute=0 rethrow=0 return_oop=0}
                      ; - java.util.Formatter::ensureOpen@7
                      ; - java.util.Formatter::toString@1
                      ; - java.lang.String::format@13
                      ; - net.minecraft.class_310::method_1523@1150 (line 1286)
                      ;   {runtime_call new_instance Runtime1 stub}
  0x00000001097efb6c: 2547 5895 | e1f9 ff17 

  0x00000001097efb74: ;   {metadata({method} {0x0000000125d49250} 'constructThreadException' '()Ljava/lang/IllegalStateException;' in 'com/mojang/blaze3d/systems/RenderSystem')}
  0x00000001097efb74: 084a 92d2 | 88ba a4f2 | 2800 c0f2 | e807 00f9 | 0800 8092 | e803 00f9 

  0x00000001097efb8c: ; ImmutableOopMap {[216]=Oop }
                      ;*synchronization entry
                      ; - com.mojang.blaze3d.systems.RenderSystem::constructThreadException@-1 (line 184)
                      ; - com.mojang.blaze3d.systems.RenderSystem::assertOnRenderThread@6 (line 173)
                      ; - com.mojang.blaze3d.platform.GlStateManager::_enableCull@0 (line 459)
                      ; - com.mojang.blaze3d.systems.RenderSystem::enableCull@3 (line 385)
                      ; - net.minecraft.class_310::method_1523@394 (line 1214)
                      ;   {runtime_call counter_overflow Runtime1 stub}
  0x00000001097efb8c: dd59 5895 | f4f9 ff17 

  0x00000001097efb94: ; ImmutableOopMap {[216]=Oop }
                      ;*new {reexecute=0 rethrow=0 return_oop=0}
                      ; - com.mojang.blaze3d.systems.RenderSystem::constructThreadException@0 (line 184)
                      ; - com.mojang.blaze3d.systems.RenderSystem::assertOnRenderThread@6 (line 173)
                      ; - com.mojang.blaze3d.platform.GlStateManager::_enableCull@0 (line 459)
                      ; - com.mojang.blaze3d.systems.RenderSystem::enableCull@3 (line 385)
                      ; - net.minecraft.class_310::method_1523@394 (line 1214)
                      ;   {runtime_call fast_new_instance Runtime1 stub}
  0x00000001097efb94: db47 5895 | 01fa ff17 

  0x00000001097efb9c: ;   {metadata({method} {0x0000000125d49250} 'constructThreadException' '()Ljava/lang/IllegalStateException;' in 'com/mojang/blaze3d/systems/RenderSystem')}
  0x00000001097efb9c: 084a 92d2 | 88ba a4f2 | 2800 c0f2 | e807 00f9 | 0800 8092 | e803 00f9 

  0x00000001097efbb4: ; ImmutableOopMap {[216]=Oop }
                      ;*synchronization entry
                      ; - com.mojang.blaze3d.systems.RenderSystem::constructThreadException@-1 (line 184)
                      ; - com.mojang.blaze3d.systems.RenderSystem::assertOnRenderThread@6 (line 173)
                      ; - com.mojang.blaze3d.systems.RenderSystem::enableCull@0 (line 381)
                      ; - net.minecraft.class_310::method_1523@394 (line 1214)
                      ;   {runtime_call counter_overflow Runtime1 stub}
  0x00000001097efbb4: d359 5895 | 17fa ff17 

  0x00000001097efbbc: ; ImmutableOopMap {[216]=Oop }
                      ;*new {reexecute=0 rethrow=0 return_oop=0}
                      ; - com.mojang.blaze3d.systems.RenderSystem::constructThreadException@0 (line 184)
                      ; - com.mojang.blaze3d.systems.RenderSystem::assertOnRenderThread@6 (line 173)
                      ; - com.mojang.blaze3d.systems.RenderSystem::enableCull@0 (line 381)
                      ; - net.minecraft.class_310::method_1523@394 (line 1214)
                      ;   {runtime_call fast_new_instance Runtime1 stub}
  0x00000001097efbbc: d147 5895 | 24fa ff17 

  0x00000001097efbc4: ;   {metadata({method} {0x0000000125d49250} 'constructThreadException' '()Ljava/lang/IllegalStateException;' in 'com/mojang/blaze3d/systems/RenderSystem')}
  0x00000001097efbc4: 084a 92d2 | 88ba a4f2 | 2800 c0f2 | e807 00f9 | 0800 8092 | e803 00f9 

  0x00000001097efbdc: ; ImmutableOopMap {[216]=Oop }
                      ;*synchronization entry
                      ; - com.mojang.blaze3d.systems.RenderSystem::constructThreadException@-1 (line 184)
                      ; - com.mojang.blaze3d.systems.RenderSystem::assertOnRenderThread@6 (line 173)
                      ; - com.mojang.blaze3d.systems.RenderSystem::setShaderFogStart@0 (line 620)
                      ; - net.minecraft.class_758::method_23792@3 (line 203)
                      ; - net.minecraft.class_310::method_1523@379 (line 1211)
                      ;   {runtime_call counter_overflow Runtime1 stub}
  0x00000001097efbdc: c959 5895 | 3afa ff17 

  0x00000001097efbe4: ; ImmutableOopMap {[216]=Oop }
                      ;*new {reexecute=0 rethrow=0 return_oop=0}
                      ; - com.mojang.blaze3d.systems.RenderSystem::constructThreadException@0 (line 184)
                      ; - com.mojang.blaze3d.systems.RenderSystem::assertOnRenderThread@6 (line 173)
                      ; - com.mojang.blaze3d.systems.RenderSystem::setShaderFogStart@0 (line 620)
                      ; - net.minecraft.class_758::method_23792@3 (line 203)
                      ; - net.minecraft.class_310::method_1523@379 (line 1211)
                      ;   {runtime_call fast_new_instance Runtime1 stub}
  0x00000001097efbe4: c747 5895 | 47fa ff17 

  0x00000001097efbec: ;   {metadata({method} {0x0000000125d49250} 'constructThreadException' '()Ljava/lang/IllegalStateException;' in 'com/mojang/blaze3d/systems/RenderSystem')}
  0x00000001097efbec: 084a 92d2 | 88ba a4f2 | 2800 c0f2 | e807 00f9 | 0800 8092 | e803 00f9 

  0x00000001097efc04: ; ImmutableOopMap {[216]=Oop }
                      ;*synchronization entry
                      ; - com.mojang.blaze3d.systems.RenderSystem::constructThreadException@-1 (line 184)
                      ; - com.mojang.blaze3d.systems.RenderSystem::assertOnRenderThread@6 (line 173)
                      ; - com.mojang.blaze3d.platform.GlStateManager::_getError@0 (line 759)
                      ; - com.mojang.blaze3d.platform.GlStateManager::_clear@11 (line 709)
                      ; - com.mojang.blaze3d.systems.RenderSystem::clear@5 (line 615)
                      ; - net.minecraft.class_310::method_1523@368 (line 1208)
                      ;   {runtime_call counter_overflow Runtime1 stub}
  0x00000001097efc04: bf59 5895 | 5dfa ff17 

  0x00000001097efc0c: ; ImmutableOopMap {[216]=Oop }
                      ;*new {reexecute=0 rethrow=0 return_oop=0}
                      ; - com.mojang.blaze3d.systems.RenderSystem::constructThreadException@0 (line 184)
                      ; - com.mojang.blaze3d.systems.RenderSystem::assertOnRenderThread@6 (line 173)
                      ; - com.mojang.blaze3d.platform.GlStateManager::_getError@0 (line 759)
                      ; - com.mojang.blaze3d.platform.GlStateManager::_clear@11 (line 709)
                      ; - com.mojang.blaze3d.systems.RenderSystem::clear@5 (line 615)
                      ; - net.minecraft.class_310::method_1523@368 (line 1208)
                      ;   {runtime_call fast_new_instance Runtime1 stub}
  0x00000001097efc0c: bd47 5895 | 6afa ff17 

  0x00000001097efc14: ;   {metadata({method} {0x0000000125d49250} 'constructThreadException' '()Ljava/lang/IllegalStateException;' in 'com/mojang/blaze3d/systems/RenderSystem')}
  0x00000001097efc14: 084a 92d2 | 88ba a4f2 | 2800 c0f2 | e807 00f9 | 0800 8092 | e803 00f9 

  0x00000001097efc2c: ; ImmutableOopMap {[216]=Oop }
                      ;*synchronization entry
                      ; - com.mojang.blaze3d.systems.RenderSystem::constructThreadException@-1 (line 184)
                      ; - com.mojang.blaze3d.systems.RenderSystem::assertOnRenderThreadOrInit@13 (line 168)
                      ; - com.mojang.blaze3d.platform.GlStateManager::_clear@0 (line 705)
                      ; - com.mojang.blaze3d.systems.RenderSystem::clear@5 (line 615)
                      ; - net.minecraft.class_310::method_1523@368 (line 1208)
                      ;   {runtime_call counter_overflow Runtime1 stub}
  0x00000001097efc2c: b559 5895 | 81fa ff17 

  0x00000001097efc34: ; ImmutableOopMap {[216]=Oop }
                      ;*new {reexecute=0 rethrow=0 return_oop=0}
                      ; - com.mojang.blaze3d.systems.RenderSystem::constructThreadException@0 (line 184)
                      ; - com.mojang.blaze3d.systems.RenderSystem::assertOnRenderThreadOrInit@13 (line 168)
                      ; - com.mojang.blaze3d.platform.GlStateManager::_clear@0 (line 705)
                      ; - com.mojang.blaze3d.systems.RenderSystem::clear@5 (line 615)
                      ; - net.minecraft.class_310::method_1523@368 (line 1208)
                      ;   {runtime_call fast_new_instance Runtime1 stub}
  0x00000001097efc34: b347 5895 | 8efa ff17 | 1f20 03d5 | 1f20 03d5 | 80ef 41f9 | 9fef 01f9 | 9ff3 01f9 | fd7b 5fa9 
  0x00000001097efc54: ff03 0891 

  0x00000001097efc58: ;   {runtime_call unwind_exception Runtime1 stub}
  0x00000001097efc58: 0a3f 5815 | 0000 0000 | 0000 0000 | 0000 0000 | 0000 0000 | 0000 0000 | 0000 0000 | 0000 0000 
  0x00000001097efc78: 0000 0000 | 0000 0000 
[Stub Code]
  0x00000001097efc80: ;   {no_reloc}
  0x00000001097efc80: df3f 03d5 

  0x00000001097efc84: ;   {metadata({method} {0x0000000125dc05b8} 'handler$gck000$lavender$onFrameStart' '(ZLorg/spongepowered/asm/mixin/injection/callback/CallbackInfo;)V' in 'net/minecraft/class_310')}
  0x00000001097efc84: 0cb7 80d2 | 8cbb a4f2 | 2c00 c0f2 | 0838 81d2 | 68da a1f2 | 2800 c0f2 | 0001 1fd6 

  0x00000001097efca0: ;   {trampoline_stub}
  0x00000001097efca0: 4800 0058 | 0001 1fd6 | 80fc 7e09 | 0100 0000 

  0x00000001097efcb0: ;   {static_stub}
  0x00000001097efcb0: df3f 03d5 

  0x00000001097efcb4: ;   {metadata(NULL)}
  0x00000001097efcb4: 0c00 80d2 | 0c00 a0f2 | 0c00 c0f2 | 0800 80d2 | 0800 a0f2 | 0800 c0f2 | 0001 1fd6 

  0x00000001097efcd0: ;   {trampoline_stub}
  0x00000001097efcd0: 4800 0058 | 0001 1fd6 | 00e2 6108 | 0100 0000 

  0x00000001097efce0: ;   {static_stub}
  0x00000001097efce0: df3f 03d5 

  0x00000001097efce4: ;   {metadata(NULL)}
  0x00000001097efce4: 0c00 80d2 | 0c00 a0f2 | 0c00 c0f2 | 0800 80d2 | 0800 a0f2 | 0800 c0f2 | 0001 1fd6 

  0x00000001097efd00: ;   {trampoline_stub}
  0x00000001097efd00: 4800 0058 | 0001 1fd6 | 40a8 0e08 | 0100 0000 

  0x00000001097efd10: ;   {static_stub}
  0x00000001097efd10: df3f 03d5 

  0x00000001097efd14: ;   {metadata(NULL)}
  0x00000001097efd14: 0c00 80d2 | 0c00 a0f2 | 0c00 c0f2 | 0800 80d2 | 0800 a0f2 | 0800 c0f2 | 0001 1fd6 

  0x00000001097efd30: ;   {trampoline_stub}
  0x00000001097efd30: 4800 0058 | 0001 1fd6 | 4043 ac09 | 0100 0000 

  0x00000001097efd40: ;   {static_stub}
  0x00000001097efd40: df3f 03d5 

  0x00000001097efd44: ;   {metadata(NULL)}
  0x00000001097efd44: 0c00 80d2 | 0c00 a0f2 | 0c00 c0f2 | 0800 80d2 | 0800 a0f2 | 0800 c0f2 | 0001 1fd6 

  0x00000001097efd60: ;   {trampoline_stub}
  0x00000001097efd60: 4800 0058 | 0001 1fd6 | 402f 2910 | 0100 0000 

  0x00000001097efd70: ;   {static_stub}
  0x00000001097efd70: df3f 03d5 

  0x00000001097efd74: ;   {metadata(NULL)}
  0x00000001097efd74: 0c00 80d2 | 0c00 a0f2 | 0c00 c0f2 | 0800 80d2 | 0800 a0f2 | 0800 c0f2 | 0001 1fd6 

  0x00000001097efd90: ;   {trampoline_stub}
  0x00000001097efd90: 4800 0058 | 0001 1fd6 | 00bb e408 | 0100 0000 

  0x00000001097efda0: ;   {static_stub}
  0x00000001097efda0: df3f 03d5 

  0x00000001097efda4: ;   {metadata(NULL)}
  0x00000001097efda4: 0c00 80d2 | 0c00 a0f2 | 0c00 c0f2 | 0800 80d2 | 0800 a0f2 | 0800 c0f2 | 0001 1fd6 

  0x00000001097efdc0: ;   {trampoline_stub}
  0x00000001097efdc0: 4800 0058 | 0001 1fd6 | 000f d50e | 0100 0000 

  0x00000001097efdd0: ;   {static_stub}
  0x00000001097efdd0: df3f 03d5 

  0x00000001097efdd4: ;   {metadata(NULL)}
  0x00000001097efdd4: 0c00 80d2 | 0c00 a0f2 | 0c00 c0f2 | 0800 80d2 | 0800 a0f2 | 0800 c0f2 | 0001 1fd6 

  0x00000001097efdf0: ;   {trampoline_stub}
  0x00000001097efdf0: 4800 0058 | 0001 1fd6 | 000f d50e | 0100 0000 

  0x00000001097efe00: ;   {static_stub}
  0x00000001097efe00: df3f 03d5 

  0x00000001097efe04: ;   {metadata(NULL)}
  0x00000001097efe04: 0c00 80d2 | 0c00 a0f2 | 0c00 c0f2 | 0800 80d2 | 0800 a0f2 | 0800 c0f2 | 0001 1fd6 

  0x00000001097efe20: ;   {trampoline_stub}
  0x00000001097efe20: 4800 0058 | 0001 1fd6 | 0015 d50e | 0100 0000 

  0x00000001097efe30: ;   {static_stub}
  0x00000001097efe30: df3f 03d5 

  0x00000001097efe34: ;   {metadata(NULL)}
  0x00000001097efe34: 0c00 80d2 | 0c00 a0f2 | 0c00 c0f2 | 0800 80d2 | 0800 a0f2 | 0800 c0f2 | 0001 1fd6 

  0x00000001097efe50: ;   {trampoline_stub}
  0x00000001097efe50: 4800 0058 | 0001 1fd6 | 0015 d50e | 0100 0000 

  0x00000001097efe60: ;   {static_stub}
  0x00000001097efe60: df3f 03d5 

  0x00000001097efe64: ;   {metadata(NULL)}
  0x00000001097efe64: 0c00 80d2 | 0c00 a0f2 | 0c00 c0f2 | 0800 80d2 | 0800 a0f2 | 0800 c0f2 | 0001 1fd6 

  0x00000001097efe80: ;   {trampoline_stub}
  0x00000001097efe80: 4800 0058 | 0001 1fd6 | 000f d50e | 0100 0000 

  0x00000001097efe90: ;   {static_stub}
  0x00000001097efe90: df3f 03d5 

  0x00000001097efe94: ;   {metadata(NULL)}
  0x00000001097efe94: 0c00 80d2 | 0c00 a0f2 | 0c00 c0f2 | 0800 80d2 | 0800 a0f2 | 0800 c0f2 | 0001 1fd6 

  0x00000001097efeb0: ;   {trampoline_stub}
  0x00000001097efeb0: 4800 0058 | 0001 1fd6 | 9002 d50e | 0100 0000 

  0x00000001097efec0: ;   {static_stub}
  0x00000001097efec0: df3f 03d5 

  0x00000001097efec4: ;   {metadata(NULL)}
  0x00000001097efec4: 0c00 80d2 | 0c00 a0f2 | 0c00 c0f2 | 0800 80d2 | 0800 a0f2 | 0800 c0f2 | 0001 1fd6 

  0x00000001097efee0: ;   {trampoline_stub}
  0x00000001097efee0: 4800 0058 | 0001 1fd6 | 4099 ab10 | 0100 0000 

  0x00000001097efef0: ;   {static_stub}
  0x00000001097efef0: df3f 03d5 

  0x00000001097efef4: ;   {metadata(NULL)}
  0x00000001097efef4: 0c00 80d2 | 0c00 a0f2 | 0c00 c0f2 | 0800 80d2 | 0800 a0f2 | 0800 c0f2 | 0001 1fd6 

  0x00000001097eff10: ;   {trampoline_stub}
  0x00000001097eff10: 4800 0058 | 0001 1fd6 | 402f 2910 | 0100 0000 

  0x00000001097eff20: ;   {static_stub}
  0x00000001097eff20: df3f 03d5 

  0x00000001097eff24: ;   {metadata(NULL)}
  0x00000001097eff24: 0c00 80d2 | 0c00 a0f2 | 0c00 c0f2 | 0800 80d2 | 0800 a0f2 | 0800 c0f2 | 0001 1fd6 

  0x00000001097eff40: ;   {trampoline_stub}
  0x00000001097eff40: 4800 0058 | 0001 1fd6 | 80e5 7209 | 0100 0000 

  0x00000001097eff50: ;   {static_stub}
  0x00000001097eff50: df3f 03d5 

  0x00000001097eff54: ;   {metadata(NULL)}
  0x00000001097eff54: 0c00 80d2 | 0c00 a0f2 | 0c00 c0f2 | 0800 80d2 | 0800 a0f2 | 0800 c0f2 | 0001 1fd6 

  0x00000001097eff70: ;   {trampoline_stub}
  0x00000001097eff70: 4800 0058 | 0001 1fd6 | 80b6 bd07 | 0100 0000 

  0x00000001097eff80: ;   {static_stub}
  0x00000001097eff80: df3f 03d5 

  0x00000001097eff84: ;   {metadata(NULL)}
  0x00000001097eff84: 0c00 80d2 | 0c00 a0f2 | 0c00 c0f2 | 0800 80d2 | 0800 a0f2 | 0800 c0f2 | 0001 1fd6 

  0x00000001097effa0: ;   {trampoline_stub}
  0x00000001097effa0: 4800 0058 | 0001 1fd6 | d0d2 7410 | 0100 0000 

  0x00000001097effb0: ;   {static_stub}
  0x00000001097effb0: df3f 03d5 

  0x00000001097effb4: ;   {metadata({method} {0x0000000125dbe210} 'method_1574' '()V' in 'net/minecraft/class_310')}
  0x00000001097effb4: 0c42 9cd2 | 6cbb a4f2 | 2c00 c0f2 | 0857 80d2 | a8da a1f2 | 2800 c0f2 | 0001 1fd6 

  0x00000001097effd0: ;   {trampoline_stub}
  0x00000001097effd0: 4800 0058 | 0001 1fd6 | b0ff 7e09 | 0100 0000 

  0x00000001097effe0: ;   {static_stub}
  0x00000001097effe0: df3f 03d5 

  0x00000001097effe4: ;   {metadata({method} {0x00000003362ea140} 'method_1606' '()V' in 'net/minecraft/class_312')}
  0x00000001097effe4: 0c28 94d2 | ccc5 a6f2 | 6c00 c0f2 | 0857 80d2 | a8da a1f2 | 2800 c0f2 | 0001 1fd6 

  0x00000001097f0000: ;   {trampoline_stub}
  0x00000001097f0000: 4800 0058 | 0001 1fd6 | e0ff 7e09 | 0100 0000 

  0x00000001097f0010: ;   {static_stub}
  0x00000001097f0010: df3f 03d5 

  0x00000001097f0014: ;   {metadata({method} {0x00000003363ed980} 'method_4840' '(Lnet/minecraft/class_4184;)V' in 'net/minecraft/class_1140')}
  0x00000001097f0014: 0c30 9bd2 | ccc7 a6f2 | 6c00 c0f2 | 08d7 8bd2 | a8da a1f2 | 2800 c0f2 | 0001 1fd6 

  0x00000001097f0030: ;   {trampoline_stub}
  0x00000001097f0030: 4800 0058 | 0001 1fd6 | 1000 7f09 | 0100 0000 

  0x00000001097f0040: ;   {static_stub}
  0x00000001097f0040: df3f 03d5 

  0x00000001097f0044: ;   {metadata(NULL)}
  0x00000001097f0044: 0c00 80d2 | 0c00 a0f2 | 0c00 c0f2 | 0800 80d2 | 0800 a0f2 | 0800 c0f2 | 0001 1fd6 

  0x00000001097f0060: ;   {trampoline_stub}
  0x00000001097f0060: 4800 0058 | 0001 1fd6 | 402f 2910 | 0100 0000 

  0x00000001097f0070: ;   {static_stub}
  0x00000001097f0070: df3f 03d5 

  0x00000001097f0074: ;   {metadata(NULL)}
  0x00000001097f0074: 0c00 80d2 | 0c00 a0f2 | 0c00 c0f2 | 0800 80d2 | 0800 a0f2 | 0800 c0f2 | 0001 1fd6 

  0x00000001097f0090: ;   {trampoline_stub}
  0x00000001097f0090: 4800 0058 | 0001 1fd6 | 0012 d50e | 0100 0000 

  0x00000001097f00a0: ;   {static_stub}
  0x00000001097f00a0: df3f 03d5 

  0x00000001097f00a4: ;   {metadata(NULL)}
  0x00000001097f00a4: 0c00 80d2 | 0c00 a0f2 | 0c00 c0f2 | 0800 80d2 | 0800 a0f2 | 0800 c0f2 | 0001 1fd6 

  0x00000001097f00c0: ;   {trampoline_stub}
  0x00000001097f00c0: 4800 0058 | 0001 1fd6 | 0015 d50e | 0100 0000 

  0x00000001097f00d0: ;   {static_stub}
  0x00000001097f00d0: df3f 03d5 

  0x00000001097f00d4: ;   {metadata(NULL)}
  0x00000001097f00d4: 0c00 80d2 | 0c00 a0f2 | 0c00 c0f2 | 0800 80d2 | 0800 a0f2 | 0800 c0f2 | 0001 1fd6 

  0x00000001097f00f0: ;   {trampoline_stub}
  0x00000001097f00f0: 4800 0058 | 0001 1fd6 | 0015 d50e | 0100 0000 

  0x00000001097f0100: ;   {static_stub}
  0x00000001097f0100: df3f 03d5 

  0x00000001097f0104: ;   {metadata(NULL)}
  0x00000001097f0104: 0c00 80d2 | 0c00 a0f2 | 0c00 c0f2 | 0800 80d2 | 0800 a0f2 | 0800 c0f2 | 0001 1fd6 

  0x00000001097f0120: ;   {trampoline_stub}
  0x00000001097f0120: 4800 0058 | 0001 1fd6 | 0012 d50e | 0100 0000 

  0x00000001097f0130: ;   {static_stub}
  0x00000001097f0130: df3f 03d5 

  0x00000001097f0134: ;   {metadata(NULL)}
  0x00000001097f0134: 0c00 80d2 | 0c00 a0f2 | 0c00 c0f2 | 0800 80d2 | 0800 a0f2 | 0800 c0f2 | 0001 1fd6 

  0x00000001097f0150: ;   {trampoline_stub}
  0x00000001097f0150: 4800 0058 | 0001 1fd6 | d00b 580f | 0100 0000 

  0x00000001097f0160: ;   {static_stub}
  0x00000001097f0160: df3f 03d5 

  0x00000001097f0164: ;   {metadata(NULL)}
  0x00000001097f0164: 0c00 80d2 | 0c00 a0f2 | 0c00 c0f2 | 0800 80d2 | 0800 a0f2 | 0800 c0f2 | 0001 1fd6 

  0x00000001097f0180: ;   {trampoline_stub}
  0x00000001097f0180: 4800 0058 | 0001 1fd6 | 0015 d50e | 0100 0000 

  0x00000001097f0190: ;   {static_stub}
  0x00000001097f0190: df3f 03d5 

  0x00000001097f0194: ;   {metadata(NULL)}
  0x00000001097f0194: 0c00 80d2 | 0c00 a0f2 | 0c00 c0f2 | 0800 80d2 | 0800 a0f2 | 0800 c0f2 | 0001 1fd6 

  0x00000001097f01b0: ;   {trampoline_stub}
  0x00000001097f01b0: 4800 0058 | 0001 1fd6 | 4096 6b10 | 0100 0000 

  0x00000001097f01c0: ;   {static_stub}
  0x00000001097f01c0: df3f 03d5 

  0x00000001097f01c4: ;   {metadata(NULL)}
  0x00000001097f01c4: 0c00 80d2 | 0c00 a0f2 | 0c00 c0f2 | 0800 80d2 | 0800 a0f2 | 0800 c0f2 | 0001 1fd6 

  0x00000001097f01e0: ;   {trampoline_stub}
  0x00000001097f01e0: 4800 0058 | 0001 1fd6 | 0012 d50e | 0100 0000 

  0x00000001097f01f0: ;   {static_stub}
  0x00000001097f01f0: df3f 03d5 

  0x00000001097f01f4: ;   {metadata({method} {0x0000000337d60ec0} 'update' '()V' in 'dev/engine_room/flywheel/backend/engine/uniform/FogUniforms')}
  0x00000001097f01f4: 0cd8 81d2 | ccfa a6f2 | 6c00 c0f2 | 88c6 80d2 | a8da a1f2 | 2800 c0f2 | 0001 1fd6 

  0x00000001097f0210: ;   {trampoline_stub}
  0x00000001097f0210: 4800 0058 | 0001 1fd6 | f001 7f09 | 0100 0000 

  0x00000001097f0220: ;   {static_stub}
  0x00000001097f0220: df3f 03d5 

  0x00000001097f0224: ;   {metadata(NULL)}
  0x00000001097f0224: 0c00 80d2 | 0c00 a0f2 | 0c00 c0f2 | 0800 80d2 | 0800 a0f2 | 0800 c0f2 | 0001 1fd6 

  0x00000001097f0240: ;   {trampoline_stub}
  0x00000001097f0240: 4800 0058 | 0001 1fd6 | 5017 2510 | 0100 0000 

  0x00000001097f0250: ;   {static_stub}
  0x00000001097f0250: df3f 03d5 

  0x00000001097f0254: ;   {metadata(NULL)}
  0x00000001097f0254: 0c00 80d2 | 0c00 a0f2 | 0c00 c0f2 | 0800 80d2 | 0800 a0f2 | 0800 c0f2 | 0001 1fd6 

  0x00000001097f0270: ;   {trampoline_stub}
  0x00000001097f0270: 4800 0058 | 0001 1fd6 | c093 9a08 | 0100 0000 

  0x00000001097f0280: ;   {static_stub}
  0x00000001097f0280: df3f 03d5 

  0x00000001097f0284: ;   {metadata(NULL)}
  0x00000001097f0284: 0c00 80d2 | 0c00 a0f2 | 0c00 c0f2 | 0800 80d2 | 0800 a0f2 | 0800 c0f2 | 0001 1fd6 

  0x00000001097f02a0: ;   {trampoline_stub}
  0x00000001097f02a0: 4800 0058 | 0001 1fd6 | 80ec 5408 | 0100 0000 

  0x00000001097f02b0: ;   {static_stub}
  0x00000001097f02b0: df3f 03d5 

  0x00000001097f02b4: ;   {metadata(NULL)}
  0x00000001097f02b4: 0c00 80d2 | 0c00 a0f2 | 0c00 c0f2 | 0800 80d2 | 0800 a0f2 | 0800 c0f2 | 0001 1fd6 

  0x00000001097f02d0: ;   {trampoline_stub}
  0x00000001097f02d0: 4800 0058 | 0001 1fd6 | 000f d50e | 0100 0000 

  0x00000001097f02e0: ;   {static_stub}
  0x00000001097f02e0: df3f 03d5 

  0x00000001097f02e4: ;   {metadata(NULL)}
  0x00000001097f02e4: 0c00 80d2 | 0c00 a0f2 | 0c00 c0f2 | 0800 80d2 | 0800 a0f2 | 0800 c0f2 | 0001 1fd6 

  0x00000001097f0300: ;   {trampoline_stub}
  0x00000001097f0300: 4800 0058 | 0001 1fd6 | 000f d50e | 0100 0000 

  0x00000001097f0310: ;   {static_stub}
  0x00000001097f0310: df3f 03d5 

  0x00000001097f0314: ;   {metadata(NULL)}
  0x00000001097f0314: 0c00 80d2 | 0c00 a0f2 | 0c00 c0f2 | 0800 80d2 | 0800 a0f2 | 0800 c0f2 | 0001 1fd6 

  0x00000001097f0330: ;   {trampoline_stub}
  0x00000001097f0330: 4800 0058 | 0001 1fd6 | 000f d50e | 0100 0000 

  0x00000001097f0340: ;   {static_stub}
  0x00000001097f0340: df3f 03d5 

  0x00000001097f0344: ;   {metadata(NULL)}
  0x00000001097f0344: 0c00 80d2 | 0c00 a0f2 | 0c00 c0f2 | 0800 80d2 | 0800 a0f2 | 0800 c0f2 | 0001 1fd6 

  0x00000001097f0360: ;   {trampoline_stub}
  0x00000001097f0360: 4800 0058 | 0001 1fd6 | 40a8 0e08 | 0100 0000 

  0x00000001097f0370: ;   {static_stub}
  0x00000001097f0370: df3f 03d5 

  0x00000001097f0374: ;   {metadata({method} {0x0000000331f77998} 'handleRenderTick' '(Z)Z' in 'xaero/map/events/ClientEvents')}
  0x00000001097f0374: 0c33 8fd2 | ec3e a6f2 | 6c00 c0f2 | 8877 8bd2 | a8da a1f2 | 2800 c0f2 | 0001 1fd6 

  0x00000001097f0390: ;   {trampoline_stub}
  0x00000001097f0390: 4800 0058 | 0001 1fd6 | 7003 7f09 | 0100 0000 

  0x00000001097f03a0: ;   {static_stub}
  0x00000001097f03a0: df3f 03d5 

  0x00000001097f03a4: ;   {metadata(NULL)}
  0x00000001097f03a4: 0c00 80d2 | 0c00 a0f2 | 0c00 c0f2 | 0800 80d2 | 0800 a0f2 | 0800 c0f2 | 0001 1fd6 

  0x00000001097f03c0: ;   {trampoline_stub}
  0x00000001097f03c0: 4800 0058 | 0001 1fd6 | 4018 9d08 | 0100 0000 

  0x00000001097f03d0: ;   {static_stub}
  0x00000001097f03d0: df3f 03d5 

  0x00000001097f03d4: ;   {metadata({method} {0x000000032bd04000} 'method_3192' '(FJZ)V' in 'net/minecraft/class_757')}
  0x00000001097f03d4: 0c00 88d2 | 0c7a a5f2 | 6c00 c0f2 | 8828 89d2 | 48de a1f2 | 2800 c0f2 | 0001 1fd6 

  0x00000001097f03f0: ;   {trampoline_stub}
  0x00000001097f03f0: 4800 0058 | 0001 1fd6 | d003 7f09 | 0100 0000 

  0x00000001097f0400: ;   {static_stub}
  0x00000001097f0400: df3f 03d5 

  0x00000001097f0404: ;   {metadata(NULL)}
  0x00000001097f0404: 0c00 80d2 | 0c00 a0f2 | 0c00 c0f2 | 0800 80d2 | 0800 a0f2 | 0800 c0f2 | 0001 1fd6 

  0x00000001097f0420: ;   {trampoline_stub}
  0x00000001097f0420: 4800 0058 | 0001 1fd6 | 8001 4a08 | 0100 0000 

  0x00000001097f0430: ;   {static_stub}
  0x00000001097f0430: df3f 03d5 

  0x00000001097f0434: ;   {metadata(NULL)}
  0x00000001097f0434: 0c00 80d2 | 0c00 a0f2 | 0c00 c0f2 | 0800 80d2 | 0800 a0f2 | 0800 c0f2 | 0001 1fd6 

  0x00000001097f0450: ;   {trampoline_stub}
  0x00000001097f0450: 4800 0058 | 0001 1fd6 | c02b 7d08 | 0100 0000 

  0x00000001097f0460: ;   {static_stub}
  0x00000001097f0460: df3f 03d5 

  0x00000001097f0464: ;   {metadata(NULL)}
  0x00000001097f0464: 0c00 80d2 | 0c00 a0f2 | 0c00 c0f2 | 0800 80d2 | 0800 a0f2 | 0800 c0f2 | 0001 1fd6 

  0x00000001097f0480: ;   {trampoline_stub}
  0x00000001097f0480: 4800 0058 | 0001 1fd6 | 000f d50e | 0100 0000 

  0x00000001097f0490: ;   {static_stub}
  0x00000001097f0490: df3f 03d5 

  0x00000001097f0494: ;   {metadata(NULL)}
  0x00000001097f0494: 0c00 80d2 | 0c00 a0f2 | 0c00 c0f2 | 0800 80d2 | 0800 a0f2 | 0800 c0f2 | 0001 1fd6 

  0x00000001097f04b0: ;   {trampoline_stub}
  0x00000001097f04b0: 4800 0058 | 0001 1fd6 | 000f d50e | 0100 0000 

  0x00000001097f04c0: ;   {static_stub}
  0x00000001097f04c0: df3f 03d5 

  0x00000001097f04c4: ;   {metadata(NULL)}
  0x00000001097f04c4: 0c00 80d2 | 0c00 a0f2 | 0c00 c0f2 | 0800 80d2 | 0800 a0f2 | 0800 c0f2 | 0001 1fd6 

  0x00000001097f04e0: ;   {trampoline_stub}
  0x00000001097f04e0: 4800 0058 | 0001 1fd6 | 000f d50e | 0100 0000 

  0x00000001097f04f0: ;   {static_stub}
  0x00000001097f04f0: df3f 03d5 

  0x00000001097f04f4: ;   {metadata(NULL)}
  0x00000001097f04f4: 0c00 80d2 | 0c00 a0f2 | 0c00 c0f2 | 0800 80d2 | 0800 a0f2 | 0800 c0f2 | 0001 1fd6 

  0x00000001097f0510: ;   {trampoline_stub}
  0x00000001097f0510: 4800 0058 | 0001 1fd6 | 000f d50e | 0100 0000 

  0x00000001097f0520: ;   {static_stub}
  0x00000001097f0520: df3f 03d5 

  0x00000001097f0524: ;   {metadata(NULL)}
  0x00000001097f0524: 0c00 80d2 | 0c00 a0f2 | 0c00 c0f2 | 0800 80d2 | 0800 a0f2 | 0800 c0f2 | 0001 1fd6 

  0x00000001097f0540: ;   {trampoline_stub}
  0x00000001097f0540: 4800 0058 | 0001 1fd6 | 000f d50e | 0100 0000 

  0x00000001097f0550: ;   {static_stub}
  0x00000001097f0550: df3f 03d5 

  0x00000001097f0554: ;   {metadata(NULL)}
  0x00000001097f0554: 0c00 80d2 | 0c00 a0f2 | 0c00 c0f2 | 0800 80d2 | 0800 a0f2 | 0800 c0f2 | 0001 1fd6 

  0x00000001097f0570: ;   {trampoline_stub}
  0x00000001097f0570: 4800 0058 | 0001 1fd6 | c0d4 6e10 | 0100 0000 

  0x00000001097f0580: ;   {static_stub}
  0x00000001097f0580: df3f 03d5 

  0x00000001097f0584: ;   {metadata(NULL)}
  0x00000001097f0584: 0c00 80d2 | 0c00 a0f2 | 0c00 c0f2 | 0800 80d2 | 0800 a0f2 | 0800 c0f2 | 0001 1fd6 

  0x00000001097f05a0: ;   {trampoline_stub}
  0x00000001097f05a0: 4800 0058 | 0001 1fd6 | 403a 6608 | 0100 0000 

  0x00000001097f05b0: ;   {static_stub}
  0x00000001097f05b0: df3f 03d5 

  0x00000001097f05b4: ;   {metadata(NULL)}
  0x00000001097f05b4: 0c00 80d2 | 0c00 a0f2 | 0c00 c0f2 | 0800 80d2 | 0800 a0f2 | 0800 c0f2 | 0001 1fd6 

  0x00000001097f05d0: ;   {trampoline_stub}
  0x00000001097f05d0: 4800 0058 | 0001 1fd6 | 402f 2910 | 0100 0000 

  0x00000001097f05e0: ;   {static_stub}
  0x00000001097f05e0: df3f 03d5 

  0x00000001097f05e4: ;   {metadata(NULL)}
  0x00000001097f05e4: 0c00 80d2 | 0c00 a0f2 | 0c00 c0f2 | 0800 80d2 | 0800 a0f2 | 0800 c0f2 | 0001 1fd6 

  0x00000001097f0600: ;   {trampoline_stub}
  0x00000001097f0600: 4800 0058 | 0001 1fd6 | 0015 d50e | 0100 0000 

  0x00000001097f0610: ;   {static_stub}
  0x00000001097f0610: df3f 03d5 

  0x00000001097f0614: ;   {metadata(NULL)}
  0x00000001097f0614: 0c00 80d2 | 0c00 a0f2 | 0c00 c0f2 | 0800 80d2 | 0800 a0f2 | 0800 c0f2 | 0001 1fd6 

  0x00000001097f0630: ;   {trampoline_stub}
  0x00000001097f0630: 4800 0058 | 0001 1fd6 | 0015 d50e | 0100 0000 

  0x00000001097f0640: ;   {static_stub}
  0x00000001097f0640: df3f 03d5 

  0x00000001097f0644: ;   {metadata(NULL)}
  0x00000001097f0644: 0c00 80d2 | 0c00 a0f2 | 0c00 c0f2 | 0800 80d2 | 0800 a0f2 | 0800 c0f2 | 0001 1fd6 

  0x00000001097f0660: ;   {trampoline_stub}
  0x00000001097f0660: 4800 0058 | 0001 1fd6 | 0012 d50e | 0100 0000 

  0x00000001097f0670: ;   {static_stub}
  0x00000001097f0670: df3f 03d5 

  0x00000001097f0674: ;   {metadata(NULL)}
  0x00000001097f0674: 0c00 80d2 | 0c00 a0f2 | 0c00 c0f2 | 0800 80d2 | 0800 a0f2 | 0800 c0f2 | 0001 1fd6 

  0x00000001097f0690: ;   {trampoline_stub}
  0x00000001097f0690: 4800 0058 | 0001 1fd6 | c0db eb07 | 0100 0000 

  0x00000001097f06a0: ;   {static_stub}
  0x00000001097f06a0: df3f 03d5 

  0x00000001097f06a4: ;   {metadata(NULL)}
  0x00000001097f06a4: 0c00 80d2 | 0c00 a0f2 | 0c00 c0f2 | 0800 80d2 | 0800 a0f2 | 0800 c0f2 | 0001 1fd6 

  0x00000001097f06c0: ;   {trampoline_stub}
  0x00000001097f06c0: 4800 0058 | 0001 1fd6 | 000f d50e | 0100 0000 

  0x00000001097f06d0: ;   {static_stub}
  0x00000001097f06d0: df3f 03d5 

  0x00000001097f06d4: ;   {metadata(NULL)}
  0x00000001097f06d4: 0c00 80d2 | 0c00 a0f2 | 0c00 c0f2 | 0800 80d2 | 0800 a0f2 | 0800 c0f2 | 0001 1fd6 

  0x00000001097f06f0: ;   {trampoline_stub}
  0x00000001097f06f0: 4800 0058 | 0001 1fd6 | 0084 fd08 | 0100 0000 

  0x00000001097f0700: ;   {static_stub}
  0x00000001097f0700: df3f 03d5 

  0x00000001097f0704: ;   {metadata(NULL)}
  0x00000001097f0704: 0c00 80d2 | 0c00 a0f2 | 0c00 c0f2 | 0800 80d2 | 0800 a0f2 | 0800 c0f2 | 0001 1fd6 

  0x00000001097f0720: ;   {trampoline_stub}
  0x00000001097f0720: 4800 0058 | 0001 1fd6 | 402f 2910 | 0100 0000 

  0x00000001097f0730: ;   {static_stub}
  0x00000001097f0730: df3f 03d5 

  0x00000001097f0734: ;   {metadata(NULL)}
  0x00000001097f0734: 0c00 80d2 | 0c00 a0f2 | 0c00 c0f2 | 0800 80d2 | 0800 a0f2 | 0800 c0f2 | 0001 1fd6 

  0x00000001097f0750: ;   {trampoline_stub}
  0x00000001097f0750: 4800 0058 | 0001 1fd6 | 905d 2810 | 0100 0000 

  0x00000001097f0760: ;   {static_stub}
  0x00000001097f0760: df3f 03d5 

  0x00000001097f0764: ;   {metadata(NULL)}
  0x00000001097f0764: 0c00 80d2 | 0c00 a0f2 | 0c00 c0f2 | 0800 80d2 | 0800 a0f2 | 0800 c0f2 | 0001 1fd6 

  0x00000001097f0780: ;   {trampoline_stub}
  0x00000001097f0780: 4800 0058 | 0001 1fd6 | 5054 1110 | 0100 0000 

  0x00000001097f0790: ;   {static_stub}
  0x00000001097f0790: df3f 03d5 

  0x00000001097f0794: ;   {metadata(NULL)}
  0x00000001097f0794: 0c00 80d2 | 0c00 a0f2 | 0c00 c0f2 | 0800 80d2 | 0800 a0f2 | 0800 c0f2 | 0001 1fd6 

  0x00000001097f07b0: ;   {trampoline_stub}
  0x00000001097f07b0: 4800 0058 | 0001 1fd6 | 000f d50e | 0100 0000 

  0x00000001097f07c0: ;   {static_stub}
  0x00000001097f07c0: df3f 03d5 

  0x00000001097f07c4: ;   {metadata(NULL)}
  0x00000001097f07c4: 0c00 80d2 | 0c00 a0f2 | 0c00 c0f2 | 0800 80d2 | 0800 a0f2 | 0800 c0f2 | 0001 1fd6 

  0x00000001097f07e0: ;   {trampoline_stub}
  0x00000001097f07e0: 4800 0058 | 0001 1fd6 | 80b3 0b08 | 0100 0000 

  0x00000001097f07f0: ;   {static_stub}
  0x00000001097f07f0: df3f 03d5 

  0x00000001097f07f4: ;   {metadata(NULL)}
  0x00000001097f07f4: 0c00 80d2 | 0c00 a0f2 | 0c00 c0f2 | 0800 80d2 | 0800 a0f2 | 0800 c0f2 | 0001 1fd6 

  0x00000001097f0810: ;   {trampoline_stub}
  0x00000001097f0810: 4800 0058 | 0001 1fd6 | d08d ab0f | 0100 0000 

  0x00000001097f0820: ;   {static_stub}
  0x00000001097f0820: df3f 03d5 

  0x00000001097f0824: ;   {metadata(NULL)}
  0x00000001097f0824: 0c00 80d2 | 0c00 a0f2 | 0c00 c0f2 | 0800 80d2 | 0800 a0f2 | 0800 c0f2 | 0001 1fd6 

  0x00000001097f0840: ;   {trampoline_stub}
  0x00000001097f0840: 4800 0058 | 0001 1fd6 | 0012 d50e | 0100 0000 

  0x00000001097f0850: ;   {static_stub}
  0x00000001097f0850: df3f 03d5 

  0x00000001097f0854: ;   {metadata(NULL)}
  0x00000001097f0854: 0c00 80d2 | 0c00 a0f2 | 0c00 c0f2 | 0800 80d2 | 0800 a0f2 | 0800 c0f2 | 0001 1fd6 

  0x00000001097f0870: ;   {trampoline_stub}
  0x00000001097f0870: 4800 0058 | 0001 1fd6 | 0012 d50e | 0100 0000 

  0x00000001097f0880: ;   {static_stub}
  0x00000001097f0880: df3f 03d5 

  0x00000001097f0884: ;   {metadata(NULL)}
  0x00000001097f0884: 0c00 80d2 | 0c00 a0f2 | 0c00 c0f2 | 0800 80d2 | 0800 a0f2 | 0800 c0f2 | 0001 1fd6 

  0x00000001097f08a0: ;   {trampoline_stub}
  0x00000001097f08a0: 4800 0058 | 0001 1fd6 | 402f 2910 | 0100 0000 

  0x00000001097f08b0: ;   {static_stub}
  0x00000001097f08b0: df3f 03d5 

  0x00000001097f08b4: ;   {metadata(NULL)}
  0x00000001097f08b4: 0c00 80d2 | 0c00 a0f2 | 0c00 c0f2 | 0800 80d2 | 0800 a0f2 | 0800 c0f2 | 0001 1fd6 

  0x00000001097f08d0: ;   {trampoline_stub}
  0x00000001097f08d0: 4800 0058 | 0001 1fd6 | 00bf 4c09 | 0100 0000 

  0x00000001097f08e0: ;   {static_stub}
  0x00000001097f08e0: df3f 03d5 

  0x00000001097f08e4: ;   {metadata(NULL)}
  0x00000001097f08e4: 0c00 80d2 | 0c00 a0f2 | 0c00 c0f2 | 0800 80d2 | 0800 a0f2 | 0800 c0f2 | 0001 1fd6 

  0x00000001097f0900: ;   {trampoline_stub}
  0x00000001097f0900: 4800 0058 | 0001 1fd6 | 0012 d50e | 0100 0000 

  0x00000001097f0910: ;   {static_stub}
  0x00000001097f0910: df3f 03d5 

  0x00000001097f0914: ;   {metadata(NULL)}
  0x00000001097f0914: 0c00 80d2 | 0c00 a0f2 | 0c00 c0f2 | 0800 80d2 | 0800 a0f2 | 0800 c0f2 | 0001 1fd6 

  0x00000001097f0930: ;   {trampoline_stub}
  0x00000001097f0930: 4800 0058 | 0001 1fd6 | 0012 d50e | 0100 0000 

  0x00000001097f0940: ;   {static_stub}
  0x00000001097f0940: df3f 03d5 

  0x00000001097f0944: ;   {metadata(NULL)}
  0x00000001097f0944: 0c00 80d2 | 0c00 a0f2 | 0c00 c0f2 | 0800 80d2 | 0800 a0f2 | 0800 c0f2 | 0001 1fd6 

  0x00000001097f0960: ;   {trampoline_stub}
  0x00000001097f0960: 4800 0058 | 0001 1fd6 | 402f 2910 | 0100 0000 

  0x00000001097f0970: ;   {static_stub}
  0x00000001097f0970: df3f 03d5 

  0x00000001097f0974: ;   {metadata(NULL)}
  0x00000001097f0974: 0c00 80d2 | 0c00 a0f2 | 0c00 c0f2 | 0800 80d2 | 0800 a0f2 | 0800 c0f2 | 0001 1fd6 

  0x00000001097f0990: ;   {trampoline_stub}
  0x00000001097f0990: 4800 0058 | 0001 1fd6 | 0015 d50e | 0100 0000 

  0x00000001097f09a0: ;   {static_stub}
  0x00000001097f09a0: df3f 03d5 

  0x00000001097f09a4: ;   {metadata(NULL)}
  0x00000001097f09a4: 0c00 80d2 | 0c00 a0f2 | 0c00 c0f2 | 0800 80d2 | 0800 a0f2 | 0800 c0f2 | 0001 1fd6 

  0x00000001097f09c0: ;   {trampoline_stub}
  0x00000001097f09c0: 4800 0058 | 0001 1fd6 | 0015 d50e | 0100 0000 

  0x00000001097f09d0: ;   {static_stub}
  0x00000001097f09d0: df3f 03d5 

  0x00000001097f09d4: ;   {metadata(NULL)}
  0x00000001097f09d4: 0c00 80d2 | 0c00 a0f2 | 0c00 c0f2 | 0800 80d2 | 0800 a0f2 | 0800 c0f2 | 0001 1fd6 

  0x00000001097f09f0: ;   {trampoline_stub}
  0x00000001097f09f0: 4800 0058 | 0001 1fd6 | 0015 d50e | 0100 0000 

  0x00000001097f0a00: ;   {static_stub}
  0x00000001097f0a00: df3f 03d5 

  0x00000001097f0a04: ;   {metadata(NULL)}
  0x00000001097f0a04: 0c00 80d2 | 0c00 a0f2 | 0c00 c0f2 | 0800 80d2 | 0800 a0f2 | 0800 c0f2 | 0001 1fd6 

  0x00000001097f0a20: ;   {trampoline_stub}
  0x00000001097f0a20: 4800 0058 | 0001 1fd6 | 0015 d50e | 0100 0000 

  0x00000001097f0a30: ;   {static_stub}
  0x00000001097f0a30: df3f 03d5 

  0x00000001097f0a34: ;   {metadata(NULL)}
  0x00000001097f0a34: 0c00 80d2 | 0c00 a0f2 | 0c00 c0f2 | 0800 80d2 | 0800 a0f2 | 0800 c0f2 | 0001 1fd6 

  0x00000001097f0a50: ;   {trampoline_stub}
  0x00000001097f0a50: 4800 0058 | 0001 1fd6 | 50e9 390f | 0100 0000 

  0x00000001097f0a60: ;   {static_stub}
  0x00000001097f0a60: df3f 03d5 

  0x00000001097f0a64: ;   {metadata(NULL)}
  0x00000001097f0a64: 0c00 80d2 | 0c00 a0f2 | 0c00 c0f2 | 0800 80d2 | 0800 a0f2 | 0800 c0f2 | 0001 1fd6 

  0x00000001097f0a80: ;   {trampoline_stub}
  0x00000001097f0a80: 4800 0058 | 0001 1fd6 | 50e9 c70f | 0100 0000 

  0x00000001097f0a90: ;   {static_stub}
  0x00000001097f0a90: df3f 03d5 

  0x00000001097f0a94: ;   {metadata(NULL)}
  0x00000001097f0a94: 0c00 80d2 | 0c00 a0f2 | 0c00 c0f2 | 0800 80d2 | 0800 a0f2 | 0800 c0f2 | 0001 1fd6 

  0x00000001097f0ab0: ;   {trampoline_stub}
  0x00000001097f0ab0: 4800 0058 | 0001 1fd6 | 80fe 390f | 0100 0000 

  0x00000001097f0ac0: ;   {static_stub}
  0x00000001097f0ac0: df3f 03d5 

  0x00000001097f0ac4: ;   {metadata(NULL)}
  0x00000001097f0ac4: 0c00 80d2 | 0c00 a0f2 | 0c00 c0f2 | 0800 80d2 | 0800 a0f2 | 0800 c0f2 | 0001 1fd6 

  0x00000001097f0ae0: ;   {trampoline_stub}
  0x00000001097f0ae0: 4800 0058 | 0001 1fd6 | c0ad bd07 | 0100 0000 

  0x00000001097f0af0: ;   {static_stub}
  0x00000001097f0af0: df3f 03d5 

  0x00000001097f0af4: ;   {metadata(NULL)}
  0x00000001097f0af4: 0c00 80d2 | 0c00 a0f2 | 0c00 c0f2 | 0800 80d2 | 0800 a0f2 | 0800 c0f2 | 0001 1fd6 

  0x00000001097f0b10: ;   {trampoline_stub}
  0x00000001097f0b10: 4800 0058 | 0001 1fd6 | d033 7210 | 0100 0000 

  0x00000001097f0b20: ;   {static_stub}
  0x00000001097f0b20: df3f 03d5 

  0x00000001097f0b24: ;   {metadata(NULL)}
  0x00000001097f0b24: 0c00 80d2 | 0c00 a0f2 | 0c00 c0f2 | 0800 80d2 | 0800 a0f2 | 0800 c0f2 | 0001 1fd6 

  0x00000001097f0b40: ;   {trampoline_stub}
  0x00000001097f0b40: 4800 0058 | 0001 1fd6 | 000f d50e | 0100 0000 

  0x00000001097f0b50: ;   {static_stub}
  0x00000001097f0b50: df3f 03d5 

  0x00000001097f0b54: ;   {metadata(NULL)}
  0x00000001097f0b54: 0c00 80d2 | 0c00 a0f2 | 0c00 c0f2 | 0800 80d2 | 0800 a0f2 | 0800 c0f2 | 0001 1fd6 

  0x00000001097f0b70: ;   {trampoline_stub}
  0x00000001097f0b70: 4800 0058 | 0001 1fd6 | 0012 d50e | 0100 0000 

  0x00000001097f0b80: ;   {static_stub}
  0x00000001097f0b80: df3f 03d5 

  0x00000001097f0b84: ;   {metadata(NULL)}
  0x00000001097f0b84: 0c00 80d2 | 0c00 a0f2 | 0c00 c0f2 | 0800 80d2 | 0800 a0f2 | 0800 c0f2 | 0001 1fd6 

  0x00000001097f0ba0: ;   {trampoline_stub}
  0x00000001097f0ba0: 4800 0058 | 0001 1fd6 | c08d ad08 | 0100 0000 

  0x00000001097f0bb0: ;   {static_stub}
  0x00000001097f0bb0: df3f 03d5 

  0x00000001097f0bb4: ;   {metadata(NULL)}
  0x00000001097f0bb4: 0c00 80d2 | 0c00 a0f2 | 0c00 c0f2 | 0800 80d2 | 0800 a0f2 | 0800 c0f2 | 0001 1fd6 

  0x00000001097f0bd0: ;   {trampoline_stub}
  0x00000001097f0bd0: 4800 0058 | 0001 1fd6 | 000f d50e | 0100 0000 

  0x00000001097f0be0: ;   {static_stub}
  0x00000001097f0be0: df3f 03d5 

  0x00000001097f0be4: ;   {metadata(NULL)}
  0x00000001097f0be4: 0c00 80d2 | 0c00 a0f2 | 0c00 c0f2 | 0800 80d2 | 0800 a0f2 | 0800 c0f2 | 0001 1fd6 

  0x00000001097f0c00: ;   {trampoline_stub}
  0x00000001097f0c00: 4800 0058 | 0001 1fd6 | 000f d50e | 0100 0000 

  0x00000001097f0c10: ;   {static_stub}
  0x00000001097f0c10: df3f 03d5 

  0x00000001097f0c14: ;   {metadata(NULL)}
  0x00000001097f0c14: 0c00 80d2 | 0c00 a0f2 | 0c00 c0f2 | 0800 80d2 | 0800 a0f2 | 0800 c0f2 | 0001 1fd6 

  0x00000001097f0c30: ;   {trampoline_stub}
  0x00000001097f0c30: 4800 0058 | 0001 1fd6 | 000f d50e | 0100 0000 

  0x00000001097f0c40: ;   {static_stub}
  0x00000001097f0c40: df3f 03d5 

  0x00000001097f0c44: ;   {metadata(NULL)}
  0x00000001097f0c44: 0c00 80d2 | 0c00 a0f2 | 0c00 c0f2 | 0800 80d2 | 0800 a0f2 | 0800 c0f2 | 0001 1fd6 

  0x00000001097f0c60: ;   {trampoline_stub}
  0x00000001097f0c60: 4800 0058 | 0001 1fd6 | 000f d50e | 0100 0000 

  0x00000001097f0c70: ;   {static_stub}
  0x00000001097f0c70: df3f 03d5 

  0x00000001097f0c74: ;   {metadata(NULL)}
  0x00000001097f0c74: 0c00 80d2 | 0c00 a0f2 | 0c00 c0f2 | 0800 80d2 | 0800 a0f2 | 0800 c0f2 | 0001 1fd6 

  0x00000001097f0c90: ;   {trampoline_stub}
  0x00000001097f0c90: 4800 0058 | 0001 1fd6 | 000f d50e | 0100 0000 

  0x00000001097f0ca0: ;   {static_stub}
  0x00000001097f0ca0: df3f 03d5 

  0x00000001097f0ca4: ;   {metadata(NULL)}
  0x00000001097f0ca4: 0c00 80d2 | 0c00 a0f2 | 0c00 c0f2 | 0800 80d2 | 0800 a0f2 | 0800 c0f2 | 0001 1fd6 

  0x00000001097f0cc0: ;   {trampoline_stub}
  0x00000001097f0cc0: 4800 0058 | 0001 1fd6 | 000f d50e | 0100 0000 
[Exception Handler]
  0x00000001097f0cd0: ;   {runtime_call handle_exception_from_callee Runtime1 stub}
  0x00000001097f0cd0: 8c49 5895 | c1d5 bbd4 | 4a5f 0f02 | 0100 0000 
[Deopt Handler Code]
  0x00000001097f0ce0: 1e00 0010 

  0x00000001097f0ce4: ;   {runtime_call DeoptimizationBlob}
  0x00000001097f0ce4: 179a 5515 
[/MachCode]


---------------  P R O C E S S  ---------------

Threads class SMR info:
_java_thread_list=0x0000600004f8e300, length=136, elements={
0x000000014b010400, 0x000000014a00c800, 0x000000014a016400, 0x0000000129810200,
0x000000014a01c600, 0x000000012a80a400, 0x000000014b0fec00, 0x000000014b102a00,
0x000000014b103000, 0x000000014a017400, 0x000000014b15e600, 0x000000014982fc00,
0x0000000149830200, 0x000000014b2ef200, 0x000000012d235c00, 0x0000000129e0a600,
0x0000000149808200, 0x000000012e114e00, 0x0000000129fffa00, 0x000000014b283600,
0x000000012cedb200, 0x000000014c8cfc00, 0x000000013f584600, 0x000000013f55ec00,
0x000000014999ba00, 0x000000012cd3da00, 0x000000012d93e600, 0x000000012d93ec00,
0x000000014ca1bc00, 0x00000001499eae00, 0x000000012cddd400, 0x000000012d3ed800,
0x000000012d300800, 0x000000014b0fe000, 0x000000012cccc200, 0x000000013f09dc00,
0x000000012cef2200, 0x000000014cc5ea00, 0x0000000129b90400, 0x000000012eb09a00,
0x000000012deba600, 0x000000012ea85c00, 0x000000012c04c200, 0x000000012d8bec00,
0x000000014b2a2c00, 0x0000000149ebbc00, 0x000000014ce67200, 0x000000012cf13000,
0x000000014ccd7400, 0x000000013f338000, 0x000000012e8e7c00, 0x000000012d8ed600,
0x000000012d736400, 0x000000012d4d4400, 0x000000012d236800, 0x000000012a07be00,
0x000000012d4b4e00, 0x000000013f256a00, 0x000000013f248800, 0x000000012e0b4400,
0x000000013f222200, 0x000000012c088400, 0x000000012a05ba00, 0x000000012882e400,
0x000000012e90a800, 0x000000012e0f1000, 0x000000012e0a3400, 0x000000012d93bc00,
0x000000014cb3ae00, 0x000000012d4d4a00, 0x00000003caee3a00, 0x00000003dc432600,
0x00000003b0304c00, 0x000000014ca17e00, 0x000000012e8ffa00, 0x000000012d19f400,
0x00000003c6f10a00, 0x00000003e5929c00, 0x000000012ea28200, 0x000000014cf40600,
0x000000014ccef400, 0x000000012b844000, 0x00000003c7766200, 0x00000003c7766800,
0x00000003c7766e00, 0x000000012a096a00, 0x00000003b0304400, 0x00000003caef0400,
0x000000012d9e8c00, 0x0000000389c60c00, 0x000000012cd26c00, 0x00000001299cf000,
0x00000003c7767400, 0x000000012e8dc800, 0x00000003c66b5e00, 0x00000003c6680800,
0x000000012cd27200, 0x000000013f153c00, 0x00000003c66ab000, 0x00000003c67e6400,
0x00000003c6675e00, 0x00000003df164600, 0x000000012c083e00, 0x000000012c085600,
0x000000012c017c00, 0x000000012882de00, 0x0000000121821000, 0x0000000149d95a00,
0x000000014ca18c00, 0x00000003df1ffe00, 0x000000012b82f000, 0x00000001288af400,
0x000000012c0bc600, 0x00000003e4850000, 0x00000003df23a200, 0x000000038eea6a00,
0x0000000128845000, 0x00000001219b3e00, 0x00000003df213600, 0x00000003e485a600,
0x00000003e487d000, 0x0000000129aa6c00, 0x000000012b8cba00, 0x000000012b83ca00,
0x0000000121998000, 0x000000012182d600, 0x00000001219f3400, 0x000000038a8e8200,
0x00000003c660c200, 0x000000038a8e8800, 0x000000012aa68600, 0x00000003df162000,
0x0000000129abc200, 0x0000000129954a00, 0x000000038ed9ba00, 0x00000003e486aa00
}

Java Threads: ( => current thread )
=>0x000000014b010400 JavaThread "Render thread" [_thread_in_native, id=259, stack(0x000000016f3ac000,0x000000016fba8000)]
  0x000000014a00c800 JavaThread "Reference Handler" daemon [_thread_blocked, id=23043, stack(0x0000000170880000,0x0000000170a83000)]
  0x000000014a016400 JavaThread "Finalizer" daemon [_thread_blocked, id=31491, stack(0x0000000170a8c000,0x0000000170c8f000)]
  0x0000000129810200 JavaThread "Signal Dispatcher" daemon [_thread_blocked, id=24323, stack(0x0000000170db0000,0x0000000170fb3000)]
  0x000000014a01c600 JavaThread "Service Thread" daemon [_thread_blocked, id=24579, stack(0x0000000170fbc000,0x00000001711bf000)]
  0x000000012a80a400 JavaThread "Monitor Deflation Thread" daemon [_thread_blocked, id=25091, stack(0x00000001711c8000,0x00000001713cb000)]
  0x000000014b0fec00 JavaThread "C2 CompilerThread0" daemon [_thread_in_vm, id=25603, stack(0x00000001713d4000,0x00000001715d7000)]
  0x000000014b102a00 JavaThread "C1 CompilerThread0" daemon [_thread_blocked, id=26115, stack(0x00000001715e0000,0x00000001717e3000)]
  0x000000014b103000 JavaThread "Sweeper thread" daemon [_thread_blocked, id=28931, stack(0x00000001717ec000,0x00000001719ef000)]
  0x000000014a017400 JavaThread "Common-Cleaner" daemon [_thread_blocked, id=26627, stack(0x00000001719f8000,0x0000000171bfb000)]
  0x000000014b15e600 JavaThread "Notification Thread" daemon [_thread_blocked, id=28163, stack(0x0000000171c04000,0x0000000171e07000)]
  0x000000014982fc00 JavaThread "Theseus RPC Main" daemon [_thread_blocked, id=27139, stack(0x000000017201c000,0x000000017221f000)]
  0x0000000149830200 JavaThread "Theseus RPC Read" daemon [_thread_in_native, id=32771, stack(0x0000000172228000,0x000000017242b000)]
  0x000000014b2ef200 JavaThread "JNA Cleaner" daemon [_thread_blocked, id=37139, stack(0x00000001742e8000,0x00000001744eb000)]
  0x000000012d235c00 JavaThread "Attach Listener" daemon [_thread_blocked, id=43791, stack(0x00000001744f4000,0x00000001746f7000)]
  0x0000000129e0a600 JavaThread "Cleaner-0" daemon [_thread_blocked, id=64271, stack(0x0000000174700000,0x0000000174903000)]
  0x0000000149808200 JavaThread "EarlyLoadingScreen Scheduler" daemon [_thread_blocked, id=81171, stack(0x0000000174a24000,0x0000000174c27000)]
  0x000000012e114e00 JavaThread "Timer hack thread" daemon [_thread_blocked, id=100355, stack(0x0000000174f08000,0x000000017510b000)]
  0x0000000129fffa00 JavaThread "DH-Log Ticker Thread[0]" daemon [_thread_blocked, id=100611, stack(0x0000000175114000,0x0000000175317000)]
  0x000000014b283600 JavaThread "Yggdrasil Key Fetcher" daemon [_thread_blocked, id=117763, stack(0x000000017596c000,0x0000000175b6f000)]
  0x000000012cedb200 JavaThread "HttpClient-1-SelectorManager" daemon [_thread_in_native, id=101651, stack(0x0000000175d84000,0x0000000175f87000)]
  0x000000014c8cfc00 JavaThread "HttpClient-3-SelectorManager" daemon [_thread_in_native, id=115715, stack(0x00000001765b4000,0x00000001767b7000)]
  0x000000013f584600 JavaThread "config-file-watcher-0-0" daemon [_thread_blocked, id=102659, stack(0x0000000176bd8000,0x0000000176ddb000)]
  0x000000013f55ec00 JavaThread "ForkJoinPool.commonPool-worker-2" daemon [_thread_blocked, id=113923, stack(0x0000000176ff0000,0x00000001771f3000)]
  0x000000014999ba00 JavaThread "FileSystemWatcher" daemon [_thread_blocked, id=116235, stack(0x0000000175760000,0x0000000175963000)]
  0x000000012cd3da00 JavaThread "FileWatcher-1-thread-1" daemon [_thread_blocked, id=103183, stack(0x00000001771fc000,0x00000001773ff000)]
  0x000000012d93e600 JavaThread "FileSystemWatcher" daemon [_thread_blocked, id=115215, stack(0x00000001767c0000,0x00000001769c3000)]
  0x000000012d93ec00 JavaThread "PointBlank-ConfigWatcher" daemon [_thread_blocked, id=112387, stack(0x0000000177a2c000,0x0000000177c2f000)]
  0x000000014ca1bc00 JavaThread "FileSystemWatcher" daemon [_thread_blocked, id=111875, stack(0x0000000177c38000,0x0000000177e3b000)]
  0x00000001499eae00 JavaThread "PointBlank-ConfigWatcher" daemon [_thread_blocked, id=104451, stack(0x00000003298c4000,0x0000000329ac7000)]
  0x000000012cddd400 JavaThread "HttpClient-4-SelectorManager" daemon [_thread_in_native, id=104963, stack(0x0000000329ad0000,0x0000000329cd3000)]
  0x000000012d3ed800 JavaThread "HttpClient-5-SelectorManager" daemon [_thread_in_native, id=111619, stack(0x0000000329cdc000,0x0000000329edf000)]
  0x000000012d300800 JavaThread "MineSkinClient/scheduler" daemon [_thread_blocked, id=111107, stack(0x0000000332004000,0x0000000332207000)]
  0x000000014b0fe000 JavaThread "ConfigSaver" daemon [_thread_blocked, id=110595, stack(0x0000000332210000,0x0000000332413000)]
  0x000000012cccc200 JavaThread "ConfigSaver" daemon [_thread_blocked, id=105755, stack(0x0000000332628000,0x000000033282b000)]
  0x000000013f09dc00 JavaThread "WorldEdit Session Manager" [_thread_blocked, id=105987, stack(0x0000000332834000,0x0000000332a37000)]
  0x000000012cef2200 JavaThread "DH-ApplyConfigPresetTimer" daemon [_thread_blocked, id=109323, stack(0x0000000332a40000,0x0000000332c43000)]
  0x000000014cc5ea00 JavaThread "HttpClient-6-SelectorManager" daemon [_thread_in_native, id=109059, stack(0x0000000332c4c000,0x0000000332e4f000)]
  0x0000000129b90400 JavaThread "gdc-players-poller" daemon [_thread_blocked, id=106499, stack(0x0000000333064000,0x0000000333267000)]
  0x000000012eb09a00 JavaThread "HttpClient-7-SelectorManager" daemon [_thread_in_native, id=107011, stack(0x0000000333688000,0x000000033388b000)]
  0x000000012deba600 JavaThread "Worker-Main-1" daemon [_thread_blocked, id=131331, stack(0x0000000333894000,0x0000000333a97000)]
  0x000000012ea85c00 JavaThread "pointblank:state_ticker_thread" daemon [_thread_blocked, id=174339, stack(0x0000000333aa0000,0x0000000333ca3000)]
  0x000000012c04c200 JavaThread "ForkJoinPool.commonPool-worker-3" daemon [_thread_blocked, id=132355, stack(0x0000000333eb8000,0x00000003340bb000)]
  0x000000012d8bec00 JavaThread "FileSystemWatcher" daemon [_thread_blocked, id=173059, stack(0x00000003344dc000,0x00000003346df000)]
  0x000000014b2a2c00 JavaThread "replaymod-config-watcher" daemon [_thread_blocked, id=133123, stack(0x00000003346e8000,0x00000003348eb000)]
  0x0000000149ebbc00 JavaThread "spark-monitoring-thread" daemon [_thread_blocked, id=133639, stack(0x00000003348f4000,0x0000000334af7000)]
  0x000000014ce67200 JavaThread "spark-worker-pool-1-thread-1" daemon [_thread_blocked, id=134147, stack(0x0000000334b00000,0x0000000334d03000)]
  0x000000012cf13000 JavaThread "Cleaner-1" daemon [_thread_blocked, id=134915, stack(0x0000000334f18000,0x000000033511b000)]
  0x000000014ccd7400 JavaThread "Cleaner-2" daemon [_thread_blocked, id=172035, stack(0x0000000335124000,0x0000000335327000)]
  0x000000013f338000 JavaThread "Cleaner-3" daemon [_thread_blocked, id=171523, stack(0x0000000335330000,0x0000000335533000)]
  0x000000012e8e7c00 JavaThread "Cleaner-4" daemon [_thread_blocked, id=171267, stack(0x000000033553c000,0x000000033573f000)]
  0x000000012d8ed600 JavaThread "Worker-Main-2" daemon [_thread_blocked, id=134675, stack(0x0000000334d0c000,0x0000000334f0f000)]
  0x000000012d736400 JavaThread "DH-RenderCacheClearConfigTimer" daemon [_thread_blocked, id=170279, stack(0x0000000335d6c000,0x0000000335f6f000)]
  0x000000012d4d4400 JavaThread "Thread-24" [_thread_blocked, id=110351, stack(0x000000033241c000,0x000000033261f000)]
  0x000000012d236800 JavaThread "Cleaner-5" daemon [_thread_blocked, id=136211, stack(0x0000000335b60000,0x0000000335d63000)]
  0x000000012a07be00 JavaThread "Worker-Main-3" daemon [_thread_blocked, id=129823, stack(0x00000003425ec000,0x00000003427ef000)]
  0x000000012d4b4e00 JavaThread "FancyMenu-JsonPlaceholder-Cleanup" daemon [_thread_blocked, id=251147, stack(0x00000003427f8000,0x00000003429fb000)]
  0x000000013f256a00 JavaThread "pool-14-thread-1" [_thread_blocked, id=183567, stack(0x0000000342a04000,0x0000000342c07000)]
  0x000000013f248800 JavaThread "pool-15-thread-1" [_thread_blocked, id=250627, stack(0x0000000342c10000,0x0000000342e13000)]
  0x000000012e0b4400 JavaThread "Worker-Main-4" daemon [_thread_blocked, id=173587, stack(0x00000003340c4000,0x00000003342c7000)]
  0x000000013f222200 JavaThread "Worker-Main-5" daemon [_thread_blocked, id=132627, stack(0x00000003342d0000,0x00000003344d3000)]
  0x000000012c088400 JavaThread "Worker-Main-6" daemon [_thread_blocked, id=132883, stack(0x0000000342e1c000,0x000000034301f000)]
  0x000000012a05ba00 JavaThread "Worker-Main-7" daemon [_thread_blocked, id=184067, stack(0x0000000343028000,0x000000034322b000)]
  0x000000012882e400 JavaThread "Worker-Main-8" daemon [_thread_blocked, id=184323, stack(0x0000000343234000,0x0000000343437000)]
  0x000000012e90a800 JavaThread "Worker-Main-9" daemon [_thread_blocked, id=249859, stack(0x0000000343440000,0x0000000343643000)]
  0x000000012e0f1000 JavaThread "Thread-31" [_thread_blocked, id=248359, stack(0x0000000343b1c000,0x0000000343d1f000)]
  0x000000012e0a3400 JavaThread "Thread-32" [_thread_blocked, id=248067, stack(0x0000000344004000,0x0000000344207000)]
  0x000000012d93bc00 JavaThread "Java2D Disposer" daemon [_thread_blocked, id=252687, stack(0x0000000365f24000,0x0000000366127000)]
  0x000000014cb3ae00 JavaThread "IO-Worker-10" [_thread_blocked, id=80155, stack(0x0000000366324000,0x0000000366527000)]
  0x000000012d4d4a00 JavaThread "lava-daemon-pool-manager-6-thread-1" daemon [_thread_blocked, id=107271, stack(0x000000033347c000,0x000000033367f000)]
  0x00000003caee3a00 JavaThread "Cleaner-6" daemon [_thread_blocked, id=223507, stack(0x00000003466ac000,0x00000003468af000)]
  0x00000003dc432600 JavaThread "pool-19-thread-1" [_thread_blocked, id=205679, stack(0x00000003798ac000,0x0000000379aaf000)]
  0x00000003b0304c00 JavaThread "Netty Client IO #0" daemon [_thread_in_native, id=185871, stack(0x00000001763a8000,0x00000001765ab000)]
  0x000000014ca17e00 JavaThread "pool-21-thread-1" [_thread_blocked, id=186451, stack(0x0000000174c30000,0x0000000174e33000)]
  0x000000012e8ffa00 JavaThread "Via-Mappingloader-0" [_thread_blocked, id=200507, stack(0x00000001769cc000,0x0000000176bcf000)]
  0x000000012d19f400 JavaThread "Via-Mappingloader-1" [_thread_blocked, id=249131, stack(0x0000000176de4000,0x0000000176fe7000)]
  0x00000003c6f10a00 JavaThread "Via-Mappingloader-2" [_thread_blocked, id=185363, stack(0x0000000332e58000,0x000000033305b000)]
  0x00000003e5929c00 JavaThread "Via-Mappingloader-3" [_thread_blocked, id=114191, stack(0x0000000333270000,0x0000000333473000)]
  0x000000012ea28200 JavaThread "Via-Mappingloader-4" [_thread_blocked, id=170771, stack(0x0000000335748000,0x000000033594b000)]
  0x000000014cf40600 JavaThread "Via-Mappingloader-5" [_thread_blocked, id=135695, stack(0x0000000335954000,0x0000000335b57000)]
  0x000000014ccef400 JavaThread "Via-Mappingloader-6" [_thread_blocked, id=108303, stack(0x000000034364c000,0x000000034384f000)]
  0x000000012b844000 JavaThread "Via-Mappingloader-7" [_thread_blocked, id=107531, stack(0x00000003438d0000,0x0000000343ad3000)]
  0x00000003c7766200 JavaThread "Via-Mappingloader-8" [_thread_blocked, id=114707, stack(0x0000000344604000,0x0000000344807000)]
  0x00000003c7766800 JavaThread "Via-Mappingloader-9" [_thread_blocked, id=101159, stack(0x0000000344810000,0x0000000344a13000)]
  0x00000003c7766e00 JavaThread "Via-Mappingloader-10" [_thread_blocked, id=117007, stack(0x0000000344a1c000,0x0000000344c1f000)]
  0x000000012a096a00 JavaThread "Via-Mappingloader-11" [_thread_blocked, id=116491, stack(0x0000000344c28000,0x0000000344e2b000)]
  0x00000003b0304400 JavaThread "Sound engine" daemon [_thread_blocked, id=170083, stack(0x0000000175f90000,0x0000000176193000)]
  0x00000003caef0400 JavaThread "Flywheel Task Executor #0" [_thread_blocked, id=208899, stack(0x00000003cb714000,0x00000003cb917000)]
  0x000000012d9e8c00 JavaThread "Flywheel Task Executor #1" [_thread_blocked, id=221955, stack(0x00000003cb920000,0x00000003cbb23000)]
  0x0000000389c60c00 JavaThread "Flywheel Task Executor #2" [_thread_blocked, id=221699, stack(0x00000003cbb2c000,0x00000003cbd2f000)]
  0x000000012cd26c00 JavaThread "Flywheel Task Executor #3" [_thread_blocked, id=209411, stack(0x00000003dd9fc000,0x00000003ddbff000)]
  0x00000001299cf000 JavaThread "DH-ClientTickTimer" daemon [_thread_blocked, id=209667, stack(0x00000003ddc08000,0x00000003dde0b000)]
  0x00000003c7767400 JavaThread "DH-delayed save cache cleaner Thread[0]" daemon [_thread_blocked, id=219911, stack(0x00000003dde14000,0x00000003de017000)]
  0x000000012e8dc800 JavaThread "DH-Phantom Array Recycler Thread[0]" daemon [_thread_blocked, id=219651, stack(0x00000003de9ec000,0x00000003debef000)]
  0x00000003c66b5e00 JavaThread "DH-Update Propagate Queue [f9p48rt6rre72@minecraft:overworld] Thread[0]" [_thread_blocked, id=210435, stack(0x00000003debf8000,0x00000003dedfb000)]
  0x00000003c6680800 JavaThread "DH-Full Data Migration Thread[0]" [_thread_blocked, id=210947, stack(0x00000003e42d4000,0x00000003e44d7000)]
  0x000000012cd27200 JavaThread "DH-Request Module Ticker [f9p48rt6rre72@minecraft:overworld] Thread[0]" daemon [_thread_blocked, id=211203, stack(0x00000003e44e0000,0x00000003e46e3000)]
  0x000000013f153c00 JavaThread "Chunk Render Task Executor #0" [_thread_blocked, id=222471, stack(0x00000003c8804000,0x00000003c8a07000)]
  0x00000003c66ab000 JavaThread "Chunk Render Task Executor #1" [_thread_blocked, id=208647, stack(0x00000003c8a10000,0x00000003c8c13000)]
  0x00000003c67e6400 JavaThread "Chunk Render Task Executor #2" [_thread_blocked, id=208399, stack(0x00000003c8c1c000,0x00000003c8e1f000)]
  0x00000003c6675e00 JavaThread "Chunk Render Task Executor #3" [_thread_blocked, id=223011, stack(0x00000003cb508000,0x00000003cb70b000)]
  0x00000003df164600 JavaThread "DH-GLBuffer Cleanup Thread[0]" daemon [_thread_blocked, id=218883, stack(0x00000003e67fc000,0x00000003e69ff000)]
  0x000000012c083e00 JavaThread "DH-Render Loader Thread[0]" [_thread_blocked, id=218371, stack(0x00000003e7dc0000,0x00000003e7fc3000)]
  0x000000012c085600 JavaThread "DH-Render Loader Thread[1]" [_thread_blocked, id=218115, stack(0x00000003e7fcc000,0x00000003e81cf000)]
  0x000000012c017c00 JavaThread "DH-Render Loader Thread[2]" [_thread_blocked, id=217859, stack(0x00000003e81d8000,0x00000003e83db000)]
  0x000000012882de00 JavaThread "DH-Render Loader Thread[3]" [_thread_blocked, id=211971, stack(0x00000003e83e4000,0x00000003e85e7000)]
  0x0000000121821000 JavaThread "DH-Render Loader Thread[4]" [_thread_blocked, id=212227, stack(0x00000003e85f0000,0x00000003e87f3000)]
  0x0000000149d95a00 JavaThread "DH-Render Loader Thread[5]" [_thread_blocked, id=216835, stack(0x00000003e87fc000,0x00000003e89ff000)]
  0x000000014ca18c00 JavaThread "DH-Beacon Culling Thread[0]" [_thread_blocked, id=216323, stack(0x00000003e8a08000,0x00000003e8c0b000)]
  0x00000003df1ffe00 JavaThread "REI-ReloadPlugins" daemon [_thread_blocked, id=212483, stack(0x00000003eabf4000,0x00000003eadf7000)]
  0x000000012b82f000 JavaThread "ForkJoinPool.commonPool-worker-4" daemon [_thread_blocked, id=263179, stack(0x000000041e024000,0x000000041e227000)]
  0x00000001288af400 JavaThread "ForkJoinPool.commonPool-worker-5" daemon [_thread_blocked, id=263683, stack(0x000000041e230000,0x000000041e433000)]
  0x000000012c0bc600 JavaThread "ForkJoinPool.commonPool-worker-7" daemon [_thread_blocked, id=264195, stack(0x000000041e43c000,0x000000041e63f000)]
  0x00000003e4850000 JavaThread "ForkJoinPool.commonPool-worker-9" daemon [_thread_blocked, id=347651, stack(0x000000041e648000,0x000000041e84b000)]
  0x00000003df23a200 JavaThread "ForkJoinPool.commonPool-worker-6" daemon [_thread_blocked, id=264707, stack(0x000000041e854000,0x000000041ea57000)]
  0x000000038eea6a00 JavaThread "ForkJoinPool.commonPool-worker-10" daemon [_thread_blocked, id=265219, stack(0x000000041ea60000,0x000000041ec63000)]
  0x0000000128845000 JavaThread "ForkJoinPool.commonPool-worker-8" daemon [_thread_blocked, id=346883, stack(0x000000041ec6c000,0x000000041ee6f000)]
  0x00000001219b3e00 JavaThread "REI-Cache-0" daemon [_thread_blocked, id=346627, stack(0x000000041f180000,0x000000041f383000)]
  0x00000003df213600 JavaThread "REI-Cache-1" daemon [_thread_blocked, id=346371, stack(0x000000041f38c000,0x000000041f58f000)]
  0x00000003e485a600 JavaThread "Telemetry-Sender-#1" [_thread_blocked, id=346115, stack(0x000000041f598000,0x000000041f79b000)]
  0x00000003e487d000 JavaThread "DH-IO Thread[0]" [_thread_blocked, id=228371, stack(0x000000017619c000,0x000000017639f000)]
  0x0000000129aa6c00 JavaThread "DH-LOD Builder Thread[0]" [_thread_in_Java, id=228139, stack(0x0000000530064000,0x0000000530267000)]
  0x000000012b8cba00 JavaThread "DH-IO Thread[1]" [_thread_blocked, id=229731, stack(0x0000000530270000,0x0000000530473000)]
  0x000000012b83ca00 JavaThread "DH-IO Thread[2]" [_thread_blocked, id=230243, stack(0x000000053047c000,0x000000053067f000)]
  0x0000000121998000 JavaThread "DH-IO Thread[3]" [_thread_blocked, id=54023, stack(0x0000000530688000,0x000000053088b000)]
  0x000000012182d600 JavaThread "DH-IO Thread[4]" [_thread_blocked, id=126259, stack(0x0000000530894000,0x0000000530a97000)]
  0x00000001219f3400 JavaThread "DH-IO Thread[5]" [_thread_blocked, id=99411, stack(0x0000000530aa0000,0x0000000530ca3000)]
  0x000000038a8e8200 JavaThread "DH-LOD Builder Thread[1]" [_thread_in_Java, id=103715, stack(0x0000000530cac000,0x0000000530eaf000)]
  0x00000003c660c200 JavaThread "DH-LOD Builder Thread[2]" [_thread_in_Java, id=266243, stack(0x0000000530eb8000,0x00000005310bb000)]
  0x000000038a8e8800 JavaThread "DH-LOD Builder Thread[3]" [_thread_in_Java, id=345091, stack(0x00000005310c4000,0x00000005312c7000)]
  0x000000012aa68600 JavaThread "DH-LOD Builder Thread[4]" [_thread_in_Java, id=266755, stack(0x00000005312d0000,0x00000005314d3000)]
  0x00000003df162000 JavaThread "DH-LOD Builder Thread[5]" [_thread_in_Java, id=267267, stack(0x00000005314dc000,0x00000005316df000)]
  0x0000000129abc200 JavaThread "VoiceChatAuthenticationThread" daemon [_thread_blocked, id=344835, stack(0x00000005316e8000,0x00000005318eb000)]
  0x0000000129954a00 JavaThread "VoiceChatConnectionThread" daemon [_thread_in_native, id=344323, stack(0x00000005318f4000,0x0000000531af7000)]
  0x000000038ed9ba00 JavaThread "MicrophoneThread" daemon [_thread_in_native, id=343823, stack(0x000000041b850000,0x000000041ba53000)]
  0x00000003e486aa00 JavaThread "Java Sound Event Dispatcher" daemon [_thread_blocked, id=344071, stack(0x0000000426340000,0x0000000426543000)]

Other Threads:
  0x0000000149605f80 VMThread "VM Thread" [stack: 0x0000000170674000,0x0000000170877000] [id=20227]
  0x000000014a810480 WatcherThread [stack: 0x0000000171e10000,0x0000000172013000] [id=27651]
  0x000000014a807150 GCTaskThread "GC Thread#0" [stack: 0x000000016fc38000,0x000000016fe3b000] [id=12803]
  0x0000000149713d80 GCTaskThread "GC Thread#1" [stack: 0x0000000172434000,0x0000000172637000] [id=43267]
  0x0000000149714210 GCTaskThread "GC Thread#2" [stack: 0x0000000172640000,0x0000000172843000] [id=42755]
  0x00000001497146a0 GCTaskThread "GC Thread#3" [stack: 0x000000017284c000,0x0000000172a4f000] [id=42499]
  0x0000000149714f20 GCTaskThread "GC Thread#4" [stack: 0x0000000172a58000,0x0000000172c5b000] [id=42243]
  0x00000001497157a0 GCTaskThread "GC Thread#5" [stack: 0x0000000172c64000,0x0000000172e67000] [id=41987]
  0x0000000149632640 GCTaskThread "GC Thread#6" [stack: 0x0000000175348000,0x000000017554b000] [id=63747]
  0x0000000149632b10 GCTaskThread "GC Thread#7" [stack: 0x0000000175554000,0x0000000175757000] [id=63235]
  0x000000012962cbe0 GCTaskThread "GC Thread#8" [stack: 0x0000000173ed0000,0x00000001740d3000] [id=44323]
  0x000000014a807810 ConcurrentGCThread "G1 Main Marker" [stack: 0x000000016fe44000,0x0000000170047000] [id=13059]
  0x000000014a8080a0 ConcurrentGCThread "G1 Conc#0" [stack: 0x0000000170050000,0x0000000170253000] [id=14339]
  0x000000014972b760 ConcurrentGCThread "G1 Conc#1" [stack: 0x00000001740dc000,0x00000001742df000] [id=43535]
  0x000000014a80a1e0 ConcurrentGCThread "G1 Refine#0" [stack: 0x000000017025c000,0x000000017045f000] [id=14083]
  0x0000000149716ce0 ConcurrentGCThread "G1 Refine#1" [stack: 0x0000000172e70000,0x0000000173073000] [id=34307]
  0x00000001497171a0 ConcurrentGCThread "G1 Refine#2" [stack: 0x000000017307c000,0x000000017327f000] [id=34819]
  0x0000000139705330 ConcurrentGCThread "G1 Refine#3" [stack: 0x0000000173288000,0x000000017348b000] [id=35331]
  0x00000001011042c0 ConcurrentGCThread "G1 Refine#4" [stack: 0x0000000173494000,0x0000000173697000] [id=40707]
  0x0000000139605270 ConcurrentGCThread "G1 Refine#5" [stack: 0x00000001736a0000,0x00000001738a3000] [id=39939]
  0x0000000101004510 ConcurrentGCThread "G1 Refine#6" [stack: 0x00000001738ac000,0x0000000173aaf000] [id=39683]
  0x00000001297059a0 ConcurrentGCThread "G1 Refine#7" [stack: 0x0000000173ab8000,0x0000000173cbb000] [id=38915]
  0x0000000101004d20 ConcurrentGCThread "G1 Refine#8" [stack: 0x0000000173cc4000,0x0000000173ec7000] [id=38403]
  0x000000014a80aa90 ConcurrentGCThread "G1 Service" [stack: 0x0000000170468000,0x000000017066b000] [id=21507]

Threads with active compile tasks:
C2 CompilerThread0  112945 59167       4       net.minecraft.class_259::method_1076 (23 bytes)

VM state: not at safepoint (normal execution)

VM Mutex/Monitor currently owned by a thread: None

Heap address: 0x0000000700000000, size: 4096 MB, Compressed Oops mode: Zero based, Oop shift amount: 3

CDS archive(s) mapped at: [0x000000a000000000-0x000000a000a88000-0x000000a000a88000), size 11042816, SharedBaseAddress: 0x000000a000000000, ArchiveRelocationMode: 1.
Compressed class space mapped at: 0x000000a001000000-0x000000a041000000, reserved size: 1073741824
Narrow klass base: 0x000000a000000000, Narrow klass shift: 0, Narrow klass range: 0x100000000

GC Precious Log:
 CPUs: 10 total, 10 available
 Memory: 16384M
 Large Page Support: Disabled
 NUMA Support: Disabled
 Compressed Oops: Enabled (Zero based)
 Heap Region Size: 2M
 Heap Min Capacity: 8M
 Heap Initial Capacity: 256M
 Heap Max Capacity: 4G
 Pre-touch: Disabled
 Parallel Workers: 9
 Concurrent Workers: 2
 Concurrent Refinement Workers: 9
 Periodic GC: Disabled

Heap:
 garbage-first heap   total 3622912K, used 2310159K [0x0000000700000000, 0x0000000800000000)
  region size 2048K, 432 young (884736K), 22 survivors (45056K)
 Metaspace       used 335350K, committed 337856K, reserved 1376256K
  class space    used 57725K, committed 58816K, reserved 1048576K

Heap Regions: E=young(eden), S=young(survivor), O=old, HS=humongous(starts), HC=humongous(continues), CS=collection set, F=free, OA=open archive, CA=closed archive, TAMS=top-at-mark-start (previous, next)
|   0|0x0000000700000000, 0x0000000700200000, 0x0000000700200000|100%|HS|  |TAMS 0x0000000700200000, 0x0000000700000000| Complete 
|   1|0x0000000700200000, 0x0000000700400000, 0x0000000700400000|100%| O|  |TAMS 0x0000000700400000, 0x0000000700200000| Untracked 
|   2|0x0000000700400000, 0x0000000700600000, 0x0000000700600000|100%| O|  |TAMS 0x0000000700600000, 0x0000000700400000| Untracked 
|   3|0x0000000700600000, 0x0000000700800000, 0x0000000700800000|100%|HS|  |TAMS 0x0000000700800000, 0x0000000700600000| Complete 
|   4|0x0000000700800000, 0x0000000700a00000, 0x0000000700a00000|100%| O|  |TAMS 0x0000000700a00000, 0x0000000700800000| Untracked 
|   5|0x0000000700a00000, 0x0000000700c00000, 0x0000000700c00000|100%| O|  |TAMS 0x0000000700c00000, 0x0000000700a00000| Untracked 
|   6|0x0000000700c00000, 0x0000000700e00000, 0x0000000700e00000|100%| O|  |TAMS 0x0000000700e00000, 0x0000000700c00000| Untracked 
|   7|0x0000000700e00000, 0x0000000701000000, 0x0000000701000000|100%| O|  |TAMS 0x0000000701000000, 0x0000000700e00000| Untracked 
|   8|0x0000000701000000, 0x0000000701200000, 0x0000000701200000|100%| O|  |TAMS 0x0000000701200000, 0x0000000701000000| Untracked 
|   9|0x0000000701200000, 0x0000000701400000, 0x0000000701400000|100%| O|  |TAMS 0x0000000701400000, 0x0000000701200000| Untracked 
|  10|0x0000000701400000, 0x0000000701600000, 0x0000000701600000|100%| O|  |TAMS 0x0000000701600000, 0x0000000701400000| Untracked 
|  11|0x0000000701600000, 0x0000000701800000, 0x0000000701800000|100%| O|  |TAMS 0x0000000701800000, 0x0000000701600000| Untracked 
|  12|0x0000000701800000, 0x0000000701a00000, 0x0000000701a00000|100%| O|  |TAMS 0x0000000701a00000, 0x0000000701800000| Untracked 
|  13|0x0000000701a00000, 0x0000000701c00000, 0x0000000701c00000|100%| O|  |TAMS 0x0000000701c00000, 0x0000000701a00000| Untracked 
|  14|0x0000000701c00000, 0x0000000701e00000, 0x0000000701e00000|100%| O|  |TAMS 0x0000000701e00000, 0x0000000701c00000| Untracked 
|  15|0x0000000701e00000, 0x0000000702000000, 0x0000000702000000|100%| O|  |TAMS 0x0000000702000000, 0x0000000701e00000| Untracked 
|  16|0x0000000702000000, 0x0000000702200000, 0x0000000702200000|100%| O|  |TAMS 0x0000000702200000, 0x0000000702000000| Untracked 
|  17|0x0000000702200000, 0x0000000702400000, 0x0000000702400000|100%| O|  |TAMS 0x0000000702400000, 0x0000000702200000| Untracked 
|  18|0x0000000702400000, 0x0000000702600000, 0x0000000702600000|100%| O|  |TAMS 0x0000000702600000, 0x0000000702400000| Untracked 
|  19|0x0000000702600000, 0x0000000702800000, 0x0000000702800000|100%| O|  |TAMS 0x0000000702800000, 0x0000000702600000| Untracked 
|  20|0x0000000702800000, 0x0000000702a00000, 0x0000000702a00000|100%| O|  |TAMS 0x0000000702a00000, 0x0000000702800000| Untracked 
|  21|0x0000000702a00000, 0x0000000702c00000, 0x0000000702c00000|100%| O|  |TAMS 0x0000000702c00000, 0x0000000702a00000| Untracked 
|  22|0x0000000702c00000, 0x0000000702e00000, 0x0000000702e00000|100%| O|  |TAMS 0x0000000702e00000, 0x0000000702c00000| Untracked 
|  23|0x0000000702e00000, 0x0000000703000000, 0x0000000703000000|100%| O|  |TAMS 0x0000000703000000, 0x0000000702e00000| Untracked 
|  24|0x0000000703000000, 0x0000000703200000, 0x0000000703200000|100%| O|  |TAMS 0x0000000703200000, 0x0000000703000000| Untracked 
|  25|0x0000000703200000, 0x0000000703400000, 0x0000000703400000|100%| O|  |TAMS 0x0000000703400000, 0x0000000703200000| Untracked 
|  26|0x0000000703400000, 0x0000000703600000, 0x0000000703600000|100%| O|  |TAMS 0x0000000703600000, 0x0000000703400000| Untracked 
|  27|0x0000000703600000, 0x0000000703800000, 0x0000000703800000|100%| O|  |TAMS 0x0000000703800000, 0x0000000703600000| Untracked 
|  28|0x0000000703800000, 0x0000000703a00000, 0x0000000703a00000|100%| O|  |TAMS 0x0000000703a00000, 0x0000000703800000| Untracked 
|  29|0x0000000703a00000, 0x0000000703c00000, 0x0000000703c00000|100%| O|  |TAMS 0x0000000703c00000, 0x0000000703a00000| Untracked 
|  30|0x0000000703c00000, 0x0000000703e00000, 0x0000000703e00000|100%| O|  |TAMS 0x0000000703e00000, 0x0000000703c00000| Untracked 
|  31|0x0000000703e00000, 0x0000000704000000, 0x0000000704000000|100%| O|  |TAMS 0x0000000704000000, 0x0000000703e00000| Untracked 
|  32|0x0000000704000000, 0x0000000704200000, 0x0000000704200000|100%| O|  |TAMS 0x0000000704200000, 0x0000000704000000| Untracked 
|  33|0x0000000704200000, 0x0000000704400000, 0x0000000704400000|100%| O|  |TAMS 0x0000000704400000, 0x0000000704200000| Untracked 
|  34|0x0000000704400000, 0x0000000704600000, 0x0000000704600000|100%| O|  |TAMS 0x0000000704600000, 0x0000000704400000| Untracked 
|  35|0x0000000704600000, 0x0000000704800000, 0x0000000704800000|100%| O|  |TAMS 0x0000000704800000, 0x0000000704600000| Untracked 
|  36|0x0000000704800000, 0x0000000704a00000, 0x0000000704a00000|100%| O|  |TAMS 0x0000000704a00000, 0x0000000704800000| Untracked 
|  37|0x0000000704a00000, 0x0000000704c00000, 0x0000000704c00000|100%| O|  |TAMS 0x0000000704c00000, 0x0000000704a00000| Untracked 
|  38|0x0000000704c00000, 0x0000000704e00000, 0x0000000704e00000|100%| O|  |TAMS 0x0000000704c00000, 0x0000000704c00000| Untracked 
|  39|0x0000000704e00000, 0x0000000705000000, 0x0000000705000000|100%| O|  |TAMS 0x0000000705000000, 0x0000000704e00000| Untracked 
|  40|0x0000000705000000, 0x0000000705200000, 0x0000000705200000|100%| O|  |TAMS 0x0000000705200000, 0x0000000705000000| Untracked 
|  41|0x0000000705200000, 0x0000000705400000, 0x0000000705400000|100%| O|  |TAMS 0x0000000705400000, 0x0000000705200000| Untracked 
|  42|0x0000000705400000, 0x0000000705600000, 0x0000000705600000|100%| O|  |TAMS 0x0000000705600000, 0x0000000705400000| Untracked 
|  43|0x0000000705600000, 0x0000000705800000, 0x0000000705800000|100%| O|  |TAMS 0x0000000705800000, 0x0000000705600000| Untracked 
|  44|0x0000000705800000, 0x0000000705a00000, 0x0000000705a00000|100%| O|  |TAMS 0x0000000705a00000, 0x0000000705800000| Untracked 
|  45|0x0000000705a00000, 0x0000000705c00000, 0x0000000705c00000|100%| O|  |TAMS 0x0000000705a00000, 0x0000000705a00000| Untracked 
|  46|0x0000000705c00000, 0x0000000705e00000, 0x0000000705e00000|100%| O|  |TAMS 0x0000000705e00000, 0x0000000705c00000| Untracked 
|  47|0x0000000705e00000, 0x0000000706000000, 0x0000000706000000|100%| O|  |TAMS 0x0000000706000000, 0x0000000705e00000| Untracked 
|  48|0x0000000706000000, 0x0000000706200000, 0x0000000706200000|100%| O|  |TAMS 0x0000000706200000, 0x0000000706000000| Untracked 
|  49|0x0000000706200000, 0x0000000706200000, 0x0000000706400000|  0%| F|  |TAMS 0x0000000706200000, 0x0000000706200000| Untracked 
|  50|0x0000000706400000, 0x0000000706600000, 0x0000000706600000|100%| O|  |TAMS 0x0000000706600000, 0x0000000706400000| Untracked 
|  51|0x0000000706600000, 0x0000000706800000, 0x0000000706800000|100%| O|  |TAMS 0x0000000706800000, 0x0000000706600000| Untracked 
|  52|0x0000000706800000, 0x0000000706a00000, 0x0000000706a00000|100%| O|  |TAMS 0x0000000706a00000, 0x0000000706800000| Untracked 
|  53|0x0000000706a00000, 0x0000000706a00000, 0x0000000706c00000|  0%| F|  |TAMS 0x0000000706a00000, 0x0000000706a00000| Untracked 
|  54|0x0000000706c00000, 0x0000000706e00000, 0x0000000706e00000|100%| O|  |TAMS 0x0000000706e00000, 0x0000000706c00000| Untracked 
|  55|0x0000000706e00000, 0x0000000707000000, 0x0000000707000000|100%| O|  |TAMS 0x0000000707000000, 0x0000000706e00000| Untracked 
|  56|0x0000000707000000, 0x0000000707200000, 0x0000000707200000|100%| O|  |TAMS 0x0000000707200000, 0x0000000707000000| Untracked 
|  57|0x0000000707200000, 0x0000000707400000, 0x0000000707400000|100%| O|  |TAMS 0x0000000707400000, 0x0000000707200000| Untracked 
|  58|0x0000000707400000, 0x0000000707400000, 0x0000000707600000|  0%| F|  |TAMS 0x0000000707400000, 0x0000000707400000| Untracked 
|  59|0x0000000707600000, 0x0000000707800000, 0x0000000707800000|100%| O|  |TAMS 0x0000000707800000, 0x0000000707600000| Untracked 
|  60|0x0000000707800000, 0x0000000707800000, 0x0000000707a00000|  0%| F|  |TAMS 0x0000000707800000, 0x0000000707800000| Untracked 
|  61|0x0000000707a00000, 0x0000000707c00000, 0x0000000707c00000|100%| O|  |TAMS 0x0000000707c00000, 0x0000000707a00000| Untracked 
|  62|0x0000000707c00000, 0x0000000707e00000, 0x0000000707e00000|100%| O|  |TAMS 0x0000000707e00000, 0x0000000707c00000| Untracked 
|  63|0x0000000707e00000, 0x0000000708000000, 0x0000000708000000|100%| O|  |TAMS 0x0000000708000000, 0x0000000707e00000| Untracked 
|  64|0x0000000708000000, 0x0000000708200000, 0x0000000708200000|100%| O|  |TAMS 0x0000000708200000, 0x0000000708000000| Untracked 
|  65|0x0000000708200000, 0x0000000708400000, 0x0000000708400000|100%|HS|  |TAMS 0x0000000708400000, 0x0000000708200000| Complete 
|  66|0x0000000708400000, 0x0000000708600000, 0x0000000708600000|100%| O|  |TAMS 0x0000000708600000, 0x0000000708400000| Untracked 
|  67|0x0000000708600000, 0x0000000708800000, 0x0000000708800000|100%| O|  |TAMS 0x0000000708800000, 0x0000000708600000| Untracked 
|  68|0x0000000708800000, 0x0000000708a00000, 0x0000000708a00000|100%|HS|  |TAMS 0x0000000708a00000, 0x0000000708800000| Complete 
|  69|0x0000000708a00000, 0x0000000708c00000, 0x0000000708c00000|100%|HS|  |TAMS 0x0000000708c00000, 0x0000000708a00000| Complete 
|  70|0x0000000708c00000, 0x0000000708e00000, 0x0000000708e00000|100%|HC|  |TAMS 0x0000000708e00000, 0x0000000708c00000| Complete 
|  71|0x0000000708e00000, 0x0000000709000000, 0x0000000709000000|100%| O|  |TAMS 0x0000000709000000, 0x0000000708e00000| Untracked 
|  72|0x0000000709000000, 0x0000000709200000, 0x0000000709200000|100%| O|  |TAMS 0x0000000709200000, 0x0000000709000000| Untracked 
|  73|0x0000000709200000, 0x0000000709400000, 0x0000000709400000|100%| O|  |TAMS 0x0000000709400000, 0x0000000709200000| Untracked 
|  74|0x0000000709400000, 0x0000000709600000, 0x0000000709600000|100%| O|  |TAMS 0x0000000709600000, 0x0000000709400000| Untracked 
|  75|0x0000000709600000, 0x0000000709800000, 0x0000000709800000|100%| O|  |TAMS 0x0000000709800000, 0x0000000709600000| Untracked 
|  76|0x0000000709800000, 0x0000000709a00000, 0x0000000709a00000|100%| O|  |TAMS 0x0000000709a00000, 0x0000000709800000| Untracked 
|  77|0x0000000709a00000, 0x0000000709c00000, 0x0000000709c00000|100%| O|  |TAMS 0x0000000709c00000, 0x0000000709a00000| Untracked 
|  78|0x0000000709c00000, 0x0000000709e00000, 0x0000000709e00000|100%| O|  |TAMS 0x0000000709e00000, 0x0000000709c00000| Untracked 
|  79|0x0000000709e00000, 0x000000070a000000, 0x000000070a000000|100%| O|  |TAMS 0x000000070a000000, 0x0000000709e00000| Untracked 
|  80|0x000000070a000000, 0x000000070a200000, 0x000000070a200000|100%| O|  |TAMS 0x000000070a200000, 0x000000070a000000| Untracked 
|  81|0x000000070a200000, 0x000000070a400000, 0x000000070a400000|100%| O|  |TAMS 0x000000070a400000, 0x000000070a200000| Untracked 
|  82|0x000000070a400000, 0x000000070a600000, 0x000000070a600000|100%| O|  |TAMS 0x000000070a600000, 0x000000070a400000| Untracked 
|  83|0x000000070a600000, 0x000000070a800000, 0x000000070a800000|100%| O|  |TAMS 0x000000070a800000, 0x000000070a600000| Untracked 
|  84|0x000000070a800000, 0x000000070aa00000, 0x000000070aa00000|100%| O|  |TAMS 0x000000070aa00000, 0x000000070a800000| Untracked 
|  85|0x000000070aa00000, 0x000000070ac00000, 0x000000070ac00000|100%| O|  |TAMS 0x000000070ac00000, 0x000000070aa00000| Untracked 
|  86|0x000000070ac00000, 0x000000070ae00000, 0x000000070ae00000|100%| O|  |TAMS 0x000000070ae00000, 0x000000070ac00000| Untracked 
|  87|0x000000070ae00000, 0x000000070b000000, 0x000000070b000000|100%| O|  |TAMS 0x000000070b000000, 0x000000070ae00000| Untracked 
|  88|0x000000070b000000, 0x000000070b200000, 0x000000070b200000|100%| O|  |TAMS 0x000000070b200000, 0x000000070b000000| Untracked 
|  89|0x000000070b200000, 0x000000070b400000, 0x000000070b400000|100%|HS|  |TAMS 0x000000070b400000, 0x000000070b200000| Complete 
|  90|0x000000070b400000, 0x000000070b600000, 0x000000070b600000|100%|HC|  |TAMS 0x000000070b600000, 0x000000070b400000| Complete 
|  91|0x000000070b600000, 0x000000070b800000, 0x000000070b800000|100%| O|  |TAMS 0x000000070b800000, 0x000000070b600000| Untracked 
|  92|0x000000070b800000, 0x000000070ba00000, 0x000000070ba00000|100%| O|  |TAMS 0x000000070ba00000, 0x000000070b800000| Untracked 
|  93|0x000000070ba00000, 0x000000070bc00000, 0x000000070bc00000|100%| O|  |TAMS 0x000000070bc00000, 0x000000070ba00000| Untracked 
|  94|0x000000070bc00000, 0x000000070be00000, 0x000000070be00000|100%| O|  |TAMS 0x000000070be00000, 0x000000070bc00000| Untracked 
|  95|0x000000070be00000, 0x000000070c000000, 0x000000070c000000|100%| O|  |TAMS 0x000000070c000000, 0x000000070be00000| Untracked 
|  96|0x000000070c000000, 0x000000070c200000, 0x000000070c200000|100%| O|  |TAMS 0x000000070c200000, 0x000000070c000000| Untracked 
|  97|0x000000070c200000, 0x000000070c400000, 0x000000070c400000|100%| O|  |TAMS 0x000000070c400000, 0x000000070c200000| Untracked 
|  98|0x000000070c400000, 0x000000070c600000, 0x000000070c600000|100%| O|  |TAMS 0x000000070c600000, 0x000000070c400000| Untracked 
|  99|0x000000070c600000, 0x000000070c800000, 0x000000070c800000|100%| O|  |TAMS 0x000000070c800000, 0x000000070c600000| Untracked 
| 100|0x000000070c800000, 0x000000070ca00000, 0x000000070ca00000|100%| O|  |TAMS 0x000000070ca00000, 0x000000070c800000| Untracked 
| 101|0x000000070ca00000, 0x000000070cc00000, 0x000000070cc00000|100%| O|  |TAMS 0x000000070cc00000, 0x000000070ca00000| Untracked 
| 102|0x000000070cc00000, 0x000000070ce00000, 0x000000070ce00000|100%| O|  |TAMS 0x000000070ce00000, 0x000000070cc00000| Untracked 
| 103|0x000000070ce00000, 0x000000070d000000, 0x000000070d000000|100%| O|  |TAMS 0x000000070d000000, 0x000000070ce00000| Untracked 
| 104|0x000000070d000000, 0x000000070d200000, 0x000000070d200000|100%| O|  |TAMS 0x000000070d200000, 0x000000070d000000| Untracked 
| 105|0x000000070d200000, 0x000000070d400000, 0x000000070d400000|100%|HS|  |TAMS 0x000000070d400000, 0x000000070d200000| Complete 
| 106|0x000000070d400000, 0x000000070d600000, 0x000000070d600000|100%|HC|  |TAMS 0x000000070d600000, 0x000000070d400000| Complete 
| 107|0x000000070d600000, 0x000000070d800000, 0x000000070d800000|100%| O|  |TAMS 0x000000070d800000, 0x000000070d600000| Untracked 
| 108|0x000000070d800000, 0x000000070da00000, 0x000000070da00000|100%| O|  |TAMS 0x000000070da00000, 0x000000070d800000| Untracked 
| 109|0x000000070da00000, 0x000000070da00000, 0x000000070dc00000|  0%| F|  |TAMS 0x000000070da00000, 0x000000070da00000| Untracked 
| 110|0x000000070dc00000, 0x000000070de00000, 0x000000070de00000|100%| O|  |TAMS 0x000000070de00000, 0x000000070dc00000| Untracked 
| 111|0x000000070de00000, 0x000000070e000000, 0x000000070e000000|100%| O|  |TAMS 0x000000070e000000, 0x000000070de00000| Untracked 
| 112|0x000000070e000000, 0x000000070e200000, 0x000000070e200000|100%| O|  |TAMS 0x000000070e200000, 0x000000070e000000| Untracked 
| 113|0x000000070e200000, 0x000000070e400000, 0x000000070e400000|100%| O|  |TAMS 0x000000070e400000, 0x000000070e200000| Untracked 
| 114|0x000000070e400000, 0x000000070e600000, 0x000000070e600000|100%| O|  |TAMS 0x000000070e600000, 0x000000070e400000| Untracked 
| 115|0x000000070e600000, 0x000000070e800000, 0x000000070e800000|100%|HS|  |TAMS 0x000000070e800000, 0x000000070e600000| Complete 
| 116|0x000000070e800000, 0x000000070ea00000, 0x000000070ea00000|100%|HC|  |TAMS 0x000000070ea00000, 0x000000070e800000| Complete 
| 117|0x000000070ea00000, 0x000000070ec00000, 0x000000070ec00000|100%| O|  |TAMS 0x000000070ec00000, 0x000000070ea00000| Untracked 
| 118|0x000000070ec00000, 0x000000070ee00000, 0x000000070ee00000|100%| O|  |TAMS 0x000000070ee00000, 0x000000070ec00000| Untracked 
| 119|0x000000070ee00000, 0x000000070f000000, 0x000000070f000000|100%|HS|  |TAMS 0x000000070f000000, 0x000000070ee00000| Complete 
| 120|0x000000070f000000, 0x000000070f200000, 0x000000070f200000|100%|HC|  |TAMS 0x000000070f200000, 0x000000070f000000| Complete 
| 121|0x000000070f200000, 0x000000070f400000, 0x000000070f400000|100%| O|  |TAMS 0x000000070f400000, 0x000000070f200000| Untracked 
| 122|0x000000070f400000, 0x000000070f600000, 0x000000070f600000|100%| O|  |TAMS 0x000000070f600000, 0x000000070f400000| Untracked 
| 123|0x000000070f600000, 0x000000070f800000, 0x000000070f800000|100%| O|  |TAMS 0x000000070f800000, 0x000000070f600000| Untracked 
| 124|0x000000070f800000, 0x000000070fa00000, 0x000000070fa00000|100%| O|  |TAMS 0x000000070fa00000, 0x000000070f800000| Untracked 
| 125|0x000000070fa00000, 0x000000070fc00000, 0x000000070fc00000|100%| O|  |TAMS 0x000000070fc00000, 0x000000070fa00000| Untracked 
| 126|0x000000070fc00000, 0x000000070fe00000, 0x000000070fe00000|100%| O|  |TAMS 0x000000070fe00000, 0x000000070fc00000| Untracked 
| 127|0x000000070fe00000, 0x0000000710000000, 0x0000000710000000|100%| O|  |TAMS 0x0000000710000000, 0x000000070fe00000| Untracked 
| 128|0x0000000710000000, 0x0000000710200000, 0x0000000710200000|100%| O|  |TAMS 0x0000000710200000, 0x0000000710000000| Untracked 
| 129|0x0000000710200000, 0x0000000710400000, 0x0000000710400000|100%| O|  |TAMS 0x0000000710400000, 0x0000000710200000| Untracked 
| 130|0x0000000710400000, 0x0000000710600000, 0x0000000710600000|100%| O|  |TAMS 0x0000000710600000, 0x0000000710400000| Untracked 
| 131|0x0000000710600000, 0x0000000710800000, 0x0000000710800000|100%| O|  |TAMS 0x0000000710800000, 0x0000000710600000| Untracked 
| 132|0x0000000710800000, 0x0000000710a00000, 0x0000000710a00000|100%| O|  |TAMS 0x0000000710a00000, 0x0000000710800000| Untracked 
| 133|0x0000000710a00000, 0x0000000710c00000, 0x0000000710c00000|100%| O|  |TAMS 0x0000000710c00000, 0x0000000710a00000| Untracked 
| 134|0x0000000710c00000, 0x0000000710e00000, 0x0000000710e00000|100%| O|  |TAMS 0x0000000710e00000, 0x0000000710c00000| Untracked 
| 135|0x0000000710e00000, 0x0000000711000000, 0x0000000711000000|100%| O|  |TAMS 0x0000000711000000, 0x0000000710e00000| Untracked 
| 136|0x0000000711000000, 0x0000000711200000, 0x0000000711200000|100%| O|  |TAMS 0x0000000711200000, 0x0000000711000000| Untracked 
| 137|0x0000000711200000, 0x0000000711400000, 0x0000000711400000|100%|HS|  |TAMS 0x0000000711400000, 0x0000000711200000| Complete 
| 138|0x0000000711400000, 0x0000000711600000, 0x0000000711600000|100%|HC|  |TAMS 0x0000000711600000, 0x0000000711400000| Complete 
| 139|0x0000000711600000, 0x0000000711800000, 0x0000000711800000|100%|HC|  |TAMS 0x0000000711800000, 0x0000000711600000| Complete 
| 140|0x0000000711800000, 0x0000000711a00000, 0x0000000711a00000|100%|HC|  |TAMS 0x0000000711a00000, 0x0000000711800000| Complete 
| 141|0x0000000711a00000, 0x0000000711c00000, 0x0000000711c00000|100%|HC|  |TAMS 0x0000000711c00000, 0x0000000711a00000| Complete 
| 142|0x0000000711c00000, 0x0000000711e00000, 0x0000000711e00000|100%|HC|  |TAMS 0x0000000711e00000, 0x0000000711c00000| Complete 
| 143|0x0000000711e00000, 0x0000000712000000, 0x0000000712000000|100%| O|  |TAMS 0x0000000712000000, 0x0000000711e00000| Untracked 
| 144|0x0000000712000000, 0x0000000712200000, 0x0000000712200000|100%| O|  |TAMS 0x0000000712200000, 0x0000000712000000| Untracked 
| 145|0x0000000712200000, 0x0000000712400000, 0x0000000712400000|100%| O|  |TAMS 0x0000000712400000, 0x0000000712200000| Untracked 
| 146|0x0000000712400000, 0x0000000712600000, 0x0000000712600000|100%| O|  |TAMS 0x0000000712600000, 0x0000000712400000| Untracked 
| 147|0x0000000712600000, 0x0000000712800000, 0x0000000712800000|100%| O|  |TAMS 0x0000000712800000, 0x0000000712600000| Untracked 
| 148|0x0000000712800000, 0x0000000712a00000, 0x0000000712a00000|100%| O|  |TAMS 0x0000000712a00000, 0x0000000712800000| Untracked 
| 149|0x0000000712a00000, 0x0000000712c00000, 0x0000000712c00000|100%| O|  |TAMS 0x0000000712c00000, 0x0000000712a00000| Untracked 
| 150|0x0000000712c00000, 0x0000000712e00000, 0x0000000712e00000|100%| O|  |TAMS 0x0000000712e00000, 0x0000000712c00000| Untracked 
| 151|0x0000000712e00000, 0x0000000713000000, 0x0000000713000000|100%| O|  |TAMS 0x0000000713000000, 0x0000000712e00000| Untracked 
| 152|0x0000000713000000, 0x0000000713200000, 0x0000000713200000|100%| O|  |TAMS 0x0000000713200000, 0x0000000713000000| Untracked 
| 153|0x0000000713200000, 0x0000000713400000, 0x0000000713400000|100%| O|  |TAMS 0x0000000713400000, 0x0000000713200000| Untracked 
| 154|0x0000000713400000, 0x0000000713600000, 0x0000000713600000|100%| O|  |TAMS 0x0000000713600000, 0x0000000713400000| Untracked 
| 155|0x0000000713600000, 0x0000000713800000, 0x0000000713800000|100%| O|  |TAMS 0x0000000713800000, 0x0000000713600000| Untracked 
| 156|0x0000000713800000, 0x0000000713a00000, 0x0000000713a00000|100%| O|  |TAMS 0x0000000713a00000, 0x0000000713800000| Untracked 
| 157|0x0000000713a00000, 0x0000000713c00000, 0x0000000713c00000|100%| O|  |TAMS 0x0000000713c00000, 0x0000000713a00000| Untracked 
| 158|0x0000000713c00000, 0x0000000713e00000, 0x0000000713e00000|100%| O|  |TAMS 0x0000000713e00000, 0x0000000713c00000| Untracked 
| 159|0x0000000713e00000, 0x0000000714000000, 0x0000000714000000|100%| O|  |TAMS 0x0000000714000000, 0x0000000713e00000| Untracked 
| 160|0x0000000714000000, 0x0000000714200000, 0x0000000714200000|100%| O|  |TAMS 0x0000000714200000, 0x0000000714000000| Untracked 
| 161|0x0000000714200000, 0x0000000714400000, 0x0000000714400000|100%| O|  |TAMS 0x0000000714400000, 0x0000000714200000| Untracked 
| 162|0x0000000714400000, 0x0000000714600000, 0x0000000714600000|100%| O|  |TAMS 0x0000000714600000, 0x0000000714400000| Untracked 
| 163|0x0000000714600000, 0x0000000714800000, 0x0000000714800000|100%| O|  |TAMS 0x0000000714800000, 0x0000000714600000| Untracked 
| 164|0x0000000714800000, 0x0000000714a00000, 0x0000000714a00000|100%| O|  |TAMS 0x0000000714a00000, 0x0000000714800000| Untracked 
| 165|0x0000000714a00000, 0x0000000714c00000, 0x0000000714c00000|100%| O|  |TAMS 0x0000000714c00000, 0x0000000714a00000| Untracked 
| 166|0x0000000714c00000, 0x0000000714e00000, 0x0000000714e00000|100%| O|  |TAMS 0x0000000714e00000, 0x0000000714c00000| Untracked 
| 167|0x0000000714e00000, 0x0000000715000000, 0x0000000715000000|100%| O|  |TAMS 0x0000000715000000, 0x0000000714e00000| Untracked 
| 168|0x0000000715000000, 0x0000000715200000, 0x0000000715200000|100%| O|  |TAMS 0x0000000715200000, 0x0000000715000000| Untracked 
| 169|0x0000000715200000, 0x0000000715400000, 0x0000000715400000|100%| O|  |TAMS 0x0000000715400000, 0x0000000715200000| Untracked 
| 170|0x0000000715400000, 0x0000000715600000, 0x0000000715600000|100%| O|  |TAMS 0x0000000715600000, 0x0000000715400000| Untracked 
| 171|0x0000000715600000, 0x0000000715800000, 0x0000000715800000|100%| O|  |TAMS 0x0000000715800000, 0x0000000715600000| Untracked 
| 172|0x0000000715800000, 0x0000000715a00000, 0x0000000715a00000|100%| O|  |TAMS 0x0000000715a00000, 0x0000000715800000| Untracked 
| 173|0x0000000715a00000, 0x0000000715c00000, 0x0000000715c00000|100%| O|  |TAMS 0x0000000715c00000, 0x0000000715a00000| Untracked 
| 174|0x0000000715c00000, 0x0000000715e00000, 0x0000000715e00000|100%| O|  |TAMS 0x0000000715e00000, 0x0000000715c00000| Untracked 
| 175|0x0000000715e00000, 0x0000000716000000, 0x0000000716000000|100%| O|  |TAMS 0x0000000716000000, 0x0000000715e00000| Untracked 
| 176|0x0000000716000000, 0x0000000716200000, 0x0000000716200000|100%| O|  |TAMS 0x0000000716200000, 0x0000000716000000| Untracked 
| 177|0x0000000716200000, 0x0000000716400000, 0x0000000716400000|100%| O|  |TAMS 0x0000000716400000, 0x0000000716200000| Untracked 
| 178|0x0000000716400000, 0x0000000716600000, 0x0000000716600000|100%| O|  |TAMS 0x0000000716600000, 0x0000000716400000| Untracked 
| 179|0x0000000716600000, 0x0000000716800000, 0x0000000716800000|100%| O|  |TAMS 0x0000000716800000, 0x0000000716600000| Untracked 
| 180|0x0000000716800000, 0x0000000716a00000, 0x0000000716a00000|100%| O|  |TAMS 0x0000000716a00000, 0x0000000716800000| Untracked 
| 181|0x0000000716a00000, 0x0000000716c00000, 0x0000000716c00000|100%| O|  |TAMS 0x0000000716c00000, 0x0000000716a00000| Untracked 
| 182|0x0000000716c00000, 0x0000000716e00000, 0x0000000716e00000|100%| O|  |TAMS 0x0000000716e00000, 0x0000000716c00000| Untracked 
| 183|0x0000000716e00000, 0x0000000717000000, 0x0000000717000000|100%| O|  |TAMS 0x0000000717000000, 0x0000000716e00000| Untracked 
| 184|0x0000000717000000, 0x0000000717200000, 0x0000000717200000|100%| O|  |TAMS 0x0000000717200000, 0x0000000717000000| Untracked 
| 185|0x0000000717200000, 0x0000000717400000, 0x0000000717400000|100%| O|  |TAMS 0x0000000717400000, 0x0000000717200000| Untracked 
| 186|0x0000000717400000, 0x0000000717600000, 0x0000000717600000|100%| O|  |TAMS 0x0000000717600000, 0x0000000717400000| Untracked 
| 187|0x0000000717600000, 0x0000000717800000, 0x0000000717800000|100%| O|  |TAMS 0x0000000717800000, 0x0000000717600000| Untracked 
| 188|0x0000000717800000, 0x0000000717a00000, 0x0000000717a00000|100%| O|  |TAMS 0x0000000717a00000, 0x0000000717800000| Untracked 
| 189|0x0000000717a00000, 0x0000000717c00000, 0x0000000717c00000|100%| O|  |TAMS 0x0000000717c00000, 0x0000000717a00000| Untracked 
| 190|0x0000000717c00000, 0x0000000717e00000, 0x0000000717e00000|100%| O|  |TAMS 0x0000000717e00000, 0x0000000717c00000| Untracked 
| 191|0x0000000717e00000, 0x0000000718000000, 0x0000000718000000|100%| O|  |TAMS 0x0000000718000000, 0x0000000717e00000| Untracked 
| 192|0x0000000718000000, 0x0000000718200000, 0x0000000718200000|100%| O|  |TAMS 0x0000000718200000, 0x0000000718000000| Untracked 
| 193|0x0000000718200000, 0x0000000718400000, 0x0000000718400000|100%| O|  |TAMS 0x0000000718400000, 0x0000000718200000| Untracked 
| 194|0x0000000718400000, 0x0000000718600000, 0x0000000718600000|100%| O|  |TAMS 0x0000000718600000, 0x0000000718400000| Untracked 
| 195|0x0000000718600000, 0x0000000718800000, 0x0000000718800000|100%| O|  |TAMS 0x0000000718800000, 0x0000000718600000| Untracked 
| 196|0x0000000718800000, 0x0000000718a00000, 0x0000000718a00000|100%| O|  |TAMS 0x0000000718a00000, 0x0000000718800000| Untracked 
| 197|0x0000000718a00000, 0x0000000718c00000, 0x0000000718c00000|100%| O|  |TAMS 0x0000000718c00000, 0x0000000718a00000| Untracked 
| 198|0x0000000718c00000, 0x0000000718e00000, 0x0000000718e00000|100%| O|  |TAMS 0x0000000718e00000, 0x0000000718c00000| Untracked 
| 199|0x0000000718e00000, 0x0000000719000000, 0x0000000719000000|100%| O|  |TAMS 0x0000000719000000, 0x0000000718e00000| Untracked 
| 200|0x0000000719000000, 0x0000000719200000, 0x0000000719200000|100%| O|  |TAMS 0x0000000719200000, 0x0000000719000000| Untracked 
| 201|0x0000000719200000, 0x0000000719400000, 0x0000000719400000|100%| O|  |TAMS 0x0000000719400000, 0x0000000719200000| Untracked 
| 202|0x0000000719400000, 0x0000000719600000, 0x0000000719600000|100%| O|  |TAMS 0x0000000719600000, 0x0000000719400000| Untracked 
| 203|0x0000000719600000, 0x0000000719800000, 0x0000000719800000|100%| O|  |TAMS 0x0000000719800000, 0x0000000719600000| Untracked 
| 204|0x0000000719800000, 0x0000000719a00000, 0x0000000719a00000|100%| O|  |TAMS 0x0000000719a00000, 0x0000000719800000| Untracked 
| 205|0x0000000719a00000, 0x0000000719c00000, 0x0000000719c00000|100%| O|  |TAMS 0x0000000719c00000, 0x0000000719a00000| Untracked 
| 206|0x0000000719c00000, 0x0000000719e00000, 0x0000000719e00000|100%|HS|  |TAMS 0x0000000719e00000, 0x0000000719c00000| Complete 
| 207|0x0000000719e00000, 0x000000071a000000, 0x000000071a000000|100%|HS|  |TAMS 0x000000071a000000, 0x0000000719e00000| Complete 
| 208|0x000000071a000000, 0x000000071a200000, 0x000000071a200000|100%|HS|  |TAMS 0x000000071a200000, 0x000000071a000000| Complete 
| 209|0x000000071a200000, 0x000000071a400000, 0x000000071a400000|100%| O|  |TAMS 0x000000071a400000, 0x000000071a200000| Untracked 
| 210|0x000000071a400000, 0x000000071a600000, 0x000000071a600000|100%| O|  |TAMS 0x000000071a600000, 0x000000071a400000| Untracked 
| 211|0x000000071a600000, 0x000000071a800000, 0x000000071a800000|100%| O|  |TAMS 0x000000071a800000, 0x000000071a600000| Untracked 
| 212|0x000000071a800000, 0x000000071aa00000, 0x000000071aa00000|100%| O|  |TAMS 0x000000071aa00000, 0x000000071a800000| Untracked 
| 213|0x000000071aa00000, 0x000000071ac00000, 0x000000071ac00000|100%| O|  |TAMS 0x000000071ac00000, 0x000000071aa00000| Untracked 
| 214|0x000000071ac00000, 0x000000071ae00000, 0x000000071ae00000|100%| O|  |TAMS 0x000000071ae00000, 0x000000071ac00000| Untracked 
| 215|0x000000071ae00000, 0x000000071b000000, 0x000000071b000000|100%| O|  |TAMS 0x000000071b000000, 0x000000071ae00000| Untracked 
| 216|0x000000071b000000, 0x000000071b200000, 0x000000071b200000|100%| O|  |TAMS 0x000000071b200000, 0x000000071b000000| Untracked 
| 217|0x000000071b200000, 0x000000071b400000, 0x000000071b400000|100%| O|  |TAMS 0x000000071b400000, 0x000000071b200000| Untracked 
| 218|0x000000071b400000, 0x000000071b600000, 0x000000071b600000|100%| O|  |TAMS 0x000000071b600000, 0x000000071b400000| Untracked 
| 219|0x000000071b600000, 0x000000071b800000, 0x000000071b800000|100%| O|  |TAMS 0x000000071b800000, 0x000000071b600000| Untracked 
| 220|0x000000071b800000, 0x000000071ba00000, 0x000000071ba00000|100%| O|  |TAMS 0x000000071ba00000, 0x000000071b800000| Untracked 
| 221|0x000000071ba00000, 0x000000071bc00000, 0x000000071bc00000|100%| O|  |TAMS 0x000000071bc00000, 0x000000071ba00000| Untracked 
| 222|0x000000071bc00000, 0x000000071be00000, 0x000000071be00000|100%| O|  |TAMS 0x000000071be00000, 0x000000071bc00000| Untracked 
| 223|0x000000071be00000, 0x000000071c000000, 0x000000071c000000|100%| O|  |TAMS 0x000000071c000000, 0x000000071be00000| Untracked 
| 224|0x000000071c000000, 0x000000071c200000, 0x000000071c200000|100%| O|  |TAMS 0x000000071c200000, 0x000000071c000000| Untracked 
| 225|0x000000071c200000, 0x000000071c400000, 0x000000071c400000|100%| O|  |TAMS 0x000000071c400000, 0x000000071c200000| Untracked 
| 226|0x000000071c400000, 0x000000071c600000, 0x000000071c600000|100%| O|  |TAMS 0x000000071c600000, 0x000000071c400000| Untracked 
| 227|0x000000071c600000, 0x000000071c800000, 0x000000071c800000|100%| O|  |TAMS 0x000000071c800000, 0x000000071c600000| Untracked 
| 228|0x000000071c800000, 0x000000071ca00000, 0x000000071ca00000|100%| O|  |TAMS 0x000000071ca00000, 0x000000071c800000| Untracked 
| 229|0x000000071ca00000, 0x000000071cc00000, 0x000000071cc00000|100%| O|  |TAMS 0x000000071cc00000, 0x000000071ca00000| Untracked 
| 230|0x000000071cc00000, 0x000000071ce00000, 0x000000071ce00000|100%| O|  |TAMS 0x000000071ce00000, 0x000000071cc00000| Untracked 
| 231|0x000000071ce00000, 0x000000071d000000, 0x000000071d000000|100%| O|  |TAMS 0x000000071d000000, 0x000000071ce00000| Untracked 
| 232|0x000000071d000000, 0x000000071d200000, 0x000000071d200000|100%| O|  |TAMS 0x000000071d200000, 0x000000071d000000| Untracked 
| 233|0x000000071d200000, 0x000000071d400000, 0x000000071d400000|100%| O|  |TAMS 0x000000071d400000, 0x000000071d200000| Untracked 
| 234|0x000000071d400000, 0x000000071d600000, 0x000000071d600000|100%| O|  |TAMS 0x000000071d600000, 0x000000071d400000| Untracked 
| 235|0x000000071d600000, 0x000000071d800000, 0x000000071d800000|100%| O|  |TAMS 0x000000071d800000, 0x000000071d600000| Untracked 
| 236|0x000000071d800000, 0x000000071da00000, 0x000000071da00000|100%| O|  |TAMS 0x000000071da00000, 0x000000071d800000| Untracked 
| 237|0x000000071da00000, 0x000000071dc00000, 0x000000071dc00000|100%| O|  |TAMS 0x000000071dc00000, 0x000000071da00000| Untracked 
| 238|0x000000071dc00000, 0x000000071de00000, 0x000000071de00000|100%| O|  |TAMS 0x000000071de00000, 0x000000071dc00000| Untracked 
| 239|0x000000071de00000, 0x000000071e000000, 0x000000071e000000|100%| O|  |TAMS 0x000000071e000000, 0x000000071de00000| Untracked 
| 240|0x000000071e000000, 0x000000071e200000, 0x000000071e200000|100%| O|  |TAMS 0x000000071e200000, 0x000000071e000000| Untracked 
| 241|0x000000071e200000, 0x000000071e400000, 0x000000071e400000|100%| O|  |TAMS 0x000000071e400000, 0x000000071e200000| Untracked 
| 242|0x000000071e400000, 0x000000071e600000, 0x000000071e600000|100%| O|  |TAMS 0x000000071e600000, 0x000000071e400000| Untracked 
| 243|0x000000071e600000, 0x000000071e800000, 0x000000071e800000|100%| O|  |TAMS 0x000000071e800000, 0x000000071e600000| Untracked 
| 244|0x000000071e800000, 0x000000071ea00000, 0x000000071ea00000|100%| O|  |TAMS 0x000000071ea00000, 0x000000071e800000| Untracked 
| 245|0x000000071ea00000, 0x000000071ec00000, 0x000000071ec00000|100%| O|  |TAMS 0x000000071ec00000, 0x000000071ea00000| Untracked 
| 246|0x000000071ec00000, 0x000000071ee00000, 0x000000071ee00000|100%| O|  |TAMS 0x000000071ee00000, 0x000000071ec00000| Untracked 
| 247|0x000000071ee00000, 0x000000071f000000, 0x000000071f000000|100%| O|  |TAMS 0x000000071f000000, 0x000000071ee00000| Untracked 
| 248|0x000000071f000000, 0x000000071f200000, 0x000000071f200000|100%| O|  |TAMS 0x000000071f200000, 0x000000071f000000| Untracked 
| 249|0x000000071f200000, 0x000000071f400000, 0x000000071f400000|100%| O|  |TAMS 0x000000071f400000, 0x000000071f200000| Untracked 
| 250|0x000000071f400000, 0x000000071f600000, 0x000000071f600000|100%| O|  |TAMS 0x000000071f600000, 0x000000071f400000| Untracked 
| 251|0x000000071f600000, 0x000000071f800000, 0x000000071f800000|100%| O|  |TAMS 0x000000071f800000, 0x000000071f600000| Untracked 
| 252|0x000000071f800000, 0x000000071fa00000, 0x000000071fa00000|100%| O|  |TAMS 0x000000071fa00000, 0x000000071f800000| Untracked 
| 253|0x000000071fa00000, 0x000000071fc00000, 0x000000071fc00000|100%| O|  |TAMS 0x000000071fc00000, 0x000000071fa00000| Untracked 
| 254|0x000000071fc00000, 0x000000071fe00000, 0x000000071fe00000|100%| O|  |TAMS 0x000000071fc00000, 0x000000071fc00000| Untracked 
| 255|0x000000071fe00000, 0x0000000720000000, 0x0000000720000000|100%|HS|  |TAMS 0x0000000720000000, 0x000000071fe00000| Complete 
| 256|0x0000000720000000, 0x0000000720200000, 0x0000000720200000|100%|HC|  |TAMS 0x0000000720200000, 0x0000000720000000| Complete 
| 257|0x0000000720200000, 0x0000000720400000, 0x0000000720400000|100%|HS|  |TAMS 0x0000000720400000, 0x0000000720200000| Complete 
| 258|0x0000000720400000, 0x0000000720600000, 0x0000000720600000|100%|HC|  |TAMS 0x0000000720600000, 0x0000000720400000| Complete 
| 259|0x0000000720600000, 0x0000000720800000, 0x0000000720800000|100%|HC|  |TAMS 0x0000000720800000, 0x0000000720600000| Complete 
| 260|0x0000000720800000, 0x0000000720a00000, 0x0000000720a00000|100%|HS|  |TAMS 0x0000000720a00000, 0x0000000720800000| Complete 
| 261|0x0000000720a00000, 0x0000000720c00000, 0x0000000720c00000|100%|HC|  |TAMS 0x0000000720c00000, 0x0000000720a00000| Complete 
| 262|0x0000000720c00000, 0x0000000720e00000, 0x0000000720e00000|100%|HC|  |TAMS 0x0000000720e00000, 0x0000000720c00000| Complete 
| 263|0x0000000720e00000, 0x0000000721000000, 0x0000000721000000|100%| O|  |TAMS 0x0000000721000000, 0x0000000720e00000| Untracked 
| 264|0x0000000721000000, 0x0000000721200000, 0x0000000721200000|100%| O|  |TAMS 0x0000000721200000, 0x0000000721000000| Untracked 
| 265|0x0000000721200000, 0x0000000721400000, 0x0000000721400000|100%| O|  |TAMS 0x0000000721400000, 0x0000000721200000| Untracked 
| 266|0x0000000721400000, 0x0000000721600000, 0x0000000721600000|100%| O|  |TAMS 0x0000000721600000, 0x0000000721400000| Untracked 
| 267|0x0000000721600000, 0x0000000721800000, 0x0000000721800000|100%| O|  |TAMS 0x0000000721800000, 0x0000000721600000| Untracked 
| 268|0x0000000721800000, 0x0000000721a00000, 0x0000000721a00000|100%| O|  |TAMS 0x0000000721a00000, 0x0000000721800000| Untracked 
| 269|0x0000000721a00000, 0x0000000721c00000, 0x0000000721c00000|100%| O|  |TAMS 0x0000000721c00000, 0x0000000721a00000| Untracked 
| 270|0x0000000721c00000, 0x0000000721e00000, 0x0000000721e00000|100%| O|  |TAMS 0x0000000721e00000, 0x0000000721c00000| Untracked 
| 271|0x0000000721e00000, 0x0000000722000000, 0x0000000722000000|100%| O|  |TAMS 0x0000000722000000, 0x0000000721e00000| Untracked 
| 272|0x0000000722000000, 0x0000000722200000, 0x0000000722200000|100%| O|  |TAMS 0x0000000722200000, 0x0000000722000000| Untracked 
| 273|0x0000000722200000, 0x0000000722400000, 0x0000000722400000|100%| O|  |TAMS 0x0000000722400000, 0x0000000722200000| Untracked 
| 274|0x0000000722400000, 0x0000000722600000, 0x0000000722600000|100%| O|  |TAMS 0x0000000722600000, 0x0000000722400000| Untracked 
| 275|0x0000000722600000, 0x0000000722800000, 0x0000000722800000|100%| O|  |TAMS 0x0000000722800000, 0x0000000722600000| Untracked 
| 276|0x0000000722800000, 0x0000000722a00000, 0x0000000722a00000|100%| O|  |TAMS 0x0000000722a00000, 0x0000000722800000| Untracked 
| 277|0x0000000722a00000, 0x0000000722c00000, 0x0000000722c00000|100%| O|  |TAMS 0x0000000722c00000, 0x0000000722a00000| Untracked 
| 278|0x0000000722c00000, 0x0000000722e00000, 0x0000000722e00000|100%| O|  |TAMS 0x0000000722e00000, 0x0000000722c00000| Untracked 
| 279|0x0000000722e00000, 0x0000000723000000, 0x0000000723000000|100%| O|  |TAMS 0x0000000723000000, 0x0000000722e00000| Untracked 
| 280|0x0000000723000000, 0x0000000723200000, 0x0000000723200000|100%| O|  |TAMS 0x0000000723200000, 0x0000000723000000| Untracked 
| 281|0x0000000723200000, 0x0000000723400000, 0x0000000723400000|100%| O|  |TAMS 0x0000000723400000, 0x0000000723200000| Untracked 
| 282|0x0000000723400000, 0x0000000723600000, 0x0000000723600000|100%| O|  |TAMS 0x0000000723600000, 0x0000000723400000| Untracked 
| 283|0x0000000723600000, 0x0000000723800000, 0x0000000723800000|100%| O|  |TAMS 0x0000000723800000, 0x0000000723600000| Untracked 
| 284|0x0000000723800000, 0x0000000723a00000, 0x0000000723a00000|100%| O|  |TAMS 0x0000000723a00000, 0x0000000723800000| Untracked 
| 285|0x0000000723a00000, 0x0000000723c00000, 0x0000000723c00000|100%| O|  |TAMS 0x0000000723c00000, 0x0000000723a00000| Untracked 
| 286|0x0000000723c00000, 0x0000000723e00000, 0x0000000723e00000|100%| O|  |TAMS 0x0000000723e00000, 0x0000000723c00000| Untracked 
| 287|0x0000000723e00000, 0x0000000724000000, 0x0000000724000000|100%| O|  |TAMS 0x0000000724000000, 0x0000000723e00000| Untracked 
| 288|0x0000000724000000, 0x0000000724200000, 0x0000000724200000|100%| O|  |TAMS 0x0000000724200000, 0x0000000724000000| Untracked 
| 289|0x0000000724200000, 0x0000000724400000, 0x0000000724400000|100%| O|  |TAMS 0x0000000724400000, 0x0000000724200000| Untracked 
| 290|0x0000000724400000, 0x0000000724400000, 0x0000000724600000|  0%| F|  |TAMS 0x0000000724400000, 0x0000000724400000| Untracked 
| 291|0x0000000724600000, 0x0000000724800000, 0x0000000724800000|100%| O|  |TAMS 0x0000000724800000, 0x0000000724600000| Untracked 
| 292|0x0000000724800000, 0x0000000724800000, 0x0000000724a00000|  0%| F|  |TAMS 0x0000000724800000, 0x0000000724800000| Untracked 
| 293|0x0000000724a00000, 0x0000000724a00000, 0x0000000724c00000|  0%| F|  |TAMS 0x0000000724a00000, 0x0000000724a00000| Untracked 
| 294|0x0000000724c00000, 0x0000000724e00000, 0x0000000724e00000|100%| O|  |TAMS 0x0000000724c00000, 0x0000000724c00000| Untracked 
| 295|0x0000000724e00000, 0x0000000725000000, 0x0000000725000000|100%| O|  |TAMS 0x0000000724e00000, 0x0000000724e00000| Untracked 
| 296|0x0000000725000000, 0x0000000725000000, 0x0000000725200000|  0%| F|  |TAMS 0x0000000725000000, 0x0000000725000000| Untracked 
| 297|0x0000000725200000, 0x0000000725200000, 0x0000000725400000|  0%| F|  |TAMS 0x0000000725200000, 0x0000000725200000| Untracked 
| 298|0x0000000725400000, 0x0000000725400000, 0x0000000725600000|  0%| F|  |TAMS 0x0000000725400000, 0x0000000725400000| Untracked 
| 299|0x0000000725600000, 0x0000000725600000, 0x0000000725800000|  0%| F|  |TAMS 0x0000000725600000, 0x0000000725600000| Untracked 
| 300|0x0000000725800000, 0x0000000725a00000, 0x0000000725a00000|100%| O|  |TAMS 0x0000000725800000, 0x0000000725800000| Untracked 
| 301|0x0000000725a00000, 0x0000000725a00000, 0x0000000725c00000|  0%| F|  |TAMS 0x0000000725a00000, 0x0000000725a00000| Untracked 
| 302|0x0000000725c00000, 0x0000000725e00000, 0x0000000725e00000|100%| O|  |TAMS 0x0000000725c00000, 0x0000000725c00000| Untracked 
| 303|0x0000000725e00000, 0x0000000726000000, 0x0000000726000000|100%| O|  |TAMS 0x0000000725e00000, 0x0000000725e00000| Untracked 
| 304|0x0000000726000000, 0x0000000726200000, 0x0000000726200000|100%| O|  |TAMS 0x0000000726000000, 0x0000000726000000| Untracked 
| 305|0x0000000726200000, 0x0000000726400000, 0x0000000726400000|100%| O|  |TAMS 0x0000000726400000, 0x0000000726200000| Untracked 
| 306|0x0000000726400000, 0x0000000726600000, 0x0000000726600000|100%| O|  |TAMS 0x0000000726600000, 0x0000000726400000| Untracked 
| 307|0x0000000726600000, 0x0000000726800000, 0x0000000726800000|100%| O|  |TAMS 0x0000000726800000, 0x0000000726600000| Untracked 
| 308|0x0000000726800000, 0x0000000726a00000, 0x0000000726a00000|100%| O|  |TAMS 0x0000000726a00000, 0x0000000726800000| Untracked 
| 309|0x0000000726a00000, 0x0000000726c00000, 0x0000000726c00000|100%| O|  |TAMS 0x0000000726c00000, 0x0000000726a00000| Untracked 
| 310|0x0000000726c00000, 0x0000000726c00000, 0x0000000726e00000|  0%| F|  |TAMS 0x0000000726c00000, 0x0000000726c00000| Untracked 
| 311|0x0000000726e00000, 0x0000000727000000, 0x0000000727000000|100%| O|  |TAMS 0x0000000727000000, 0x0000000726e00000| Untracked 
| 312|0x0000000727000000, 0x0000000727200000, 0x0000000727200000|100%| O|  |TAMS 0x0000000727200000, 0x0000000727000000| Untracked 
| 313|0x0000000727200000, 0x0000000727400000, 0x0000000727400000|100%| O|  |TAMS 0x0000000727400000, 0x0000000727200000| Untracked 
| 314|0x0000000727400000, 0x0000000727600000, 0x0000000727600000|100%| O|  |TAMS 0x0000000727600000, 0x0000000727400000| Untracked 
| 315|0x0000000727600000, 0x0000000727800000, 0x0000000727800000|100%| O|  |TAMS 0x0000000727800000, 0x0000000727600000| Untracked 
| 316|0x0000000727800000, 0x0000000727800000, 0x0000000727a00000|  0%| F|  |TAMS 0x0000000727800000, 0x0000000727800000| Untracked 
| 317|0x0000000727a00000, 0x0000000727c00000, 0x0000000727c00000|100%| O|  |TAMS 0x0000000727c00000, 0x0000000727a00000| Untracked 
| 318|0x0000000727c00000, 0x0000000727e00000, 0x0000000727e00000|100%| O|  |TAMS 0x0000000727e00000, 0x0000000727c00000| Untracked 
| 319|0x0000000727e00000, 0x0000000728000000, 0x0000000728000000|100%| O|  |TAMS 0x0000000728000000, 0x0000000727e00000| Untracked 
| 320|0x0000000728000000, 0x0000000728200000, 0x0000000728200000|100%| O|  |TAMS 0x0000000728200000, 0x0000000728000000| Untracked 
| 321|0x0000000728200000, 0x0000000728400000, 0x0000000728400000|100%| O|  |TAMS 0x0000000728400000, 0x0000000728200000| Untracked 
| 322|0x0000000728400000, 0x0000000728600000, 0x0000000728600000|100%| O|  |TAMS 0x0000000728600000, 0x0000000728400000| Untracked 
| 323|0x0000000728600000, 0x0000000728800000, 0x0000000728800000|100%| O|  |TAMS 0x0000000728800000, 0x0000000728600000| Untracked 
| 324|0x0000000728800000, 0x0000000728a00000, 0x0000000728a00000|100%| O|  |TAMS 0x0000000728a00000, 0x0000000728800000| Untracked 
| 325|0x0000000728a00000, 0x0000000728c00000, 0x0000000728c00000|100%| O|  |TAMS 0x0000000728a00000, 0x0000000728a00000| Untracked 
| 326|0x0000000728c00000, 0x0000000728e00000, 0x0000000728e00000|100%| O|  |TAMS 0x0000000728e00000, 0x0000000728c00000| Untracked 
| 327|0x0000000728e00000, 0x0000000729000000, 0x0000000729000000|100%| O|  |TAMS 0x0000000728e00000, 0x0000000728e00000| Untracked 
| 328|0x0000000729000000, 0x0000000729200000, 0x0000000729200000|100%| O|  |TAMS 0x0000000729200000, 0x0000000729000000| Untracked 
| 329|0x0000000729200000, 0x0000000729400000, 0x0000000729400000|100%| O|  |TAMS 0x0000000729400000, 0x0000000729200000| Untracked 
| 330|0x0000000729400000, 0x0000000729600000, 0x0000000729600000|100%| O|  |TAMS 0x0000000729600000, 0x0000000729400000| Untracked 
| 331|0x0000000729600000, 0x0000000729800000, 0x0000000729800000|100%| O|  |TAMS 0x0000000729800000, 0x0000000729600000| Untracked 
| 332|0x0000000729800000, 0x0000000729a00000, 0x0000000729a00000|100%| O|  |TAMS 0x0000000729a00000, 0x0000000729800000| Untracked 
| 333|0x0000000729a00000, 0x0000000729c00000, 0x0000000729c00000|100%| O|  |TAMS 0x0000000729c00000, 0x0000000729a00000| Untracked 
| 334|0x0000000729c00000, 0x0000000729e00000, 0x0000000729e00000|100%| O|  |TAMS 0x0000000729c00000, 0x0000000729c00000| Untracked 
| 335|0x0000000729e00000, 0x000000072a000000, 0x000000072a000000|100%| O|  |TAMS 0x000000072a000000, 0x0000000729e00000| Untracked 
| 336|0x000000072a000000, 0x000000072a200000, 0x000000072a200000|100%| O|  |TAMS 0x000000072a200000, 0x000000072a000000| Untracked 
| 337|0x000000072a200000, 0x000000072a400000, 0x000000072a400000|100%| O|  |TAMS 0x000000072a400000, 0x000000072a200000| Untracked 
| 338|0x000000072a400000, 0x000000072a600000, 0x000000072a600000|100%| O|  |TAMS 0x000000072a600000, 0x000000072a400000| Untracked 
| 339|0x000000072a600000, 0x000000072a800000, 0x000000072a800000|100%| O|  |TAMS 0x000000072a800000, 0x000000072a600000| Untracked 
| 340|0x000000072a800000, 0x000000072aa00000, 0x000000072aa00000|100%| O|  |TAMS 0x000000072a800000, 0x000000072a800000| Untracked 
| 341|0x000000072aa00000, 0x000000072aa00000, 0x000000072ac00000|  0%| F|  |TAMS 0x000000072aa00000, 0x000000072aa00000| Untracked 
| 342|0x000000072ac00000, 0x000000072ac00000, 0x000000072ae00000|  0%| F|  |TAMS 0x000000072ac00000, 0x000000072ac00000| Untracked 
| 343|0x000000072ae00000, 0x000000072ae00000, 0x000000072b000000|  0%| F|  |TAMS 0x000000072ae00000, 0x000000072ae00000| Untracked 
| 344|0x000000072b000000, 0x000000072b000000, 0x000000072b200000|  0%| F|  |TAMS 0x000000072b000000, 0x000000072b000000| Untracked 
| 345|0x000000072b200000, 0x000000072b200000, 0x000000072b400000|  0%| F|  |TAMS 0x000000072b200000, 0x000000072b200000| Untracked 
| 346|0x000000072b400000, 0x000000072b400000, 0x000000072b600000|  0%| F|  |TAMS 0x000000072b400000, 0x000000072b400000| Untracked 
| 347|0x000000072b600000, 0x000000072b800000, 0x000000072b800000|100%| O|  |TAMS 0x000000072b800000, 0x000000072b600000| Untracked 
| 348|0x000000072b800000, 0x000000072b800000, 0x000000072ba00000|  0%| F|  |TAMS 0x000000072b800000, 0x000000072b800000| Untracked 
| 349|0x000000072ba00000, 0x000000072bc00000, 0x000000072bc00000|100%| O|  |TAMS 0x000000072ba00000, 0x000000072ba00000| Untracked 
| 350|0x000000072bc00000, 0x000000072be00000, 0x000000072be00000|100%| O|  |TAMS 0x000000072be00000, 0x000000072bc00000| Untracked 
| 351|0x000000072be00000, 0x000000072be00000, 0x000000072c000000|  0%| F|  |TAMS 0x000000072be00000, 0x000000072be00000| Untracked 
| 352|0x000000072c000000, 0x000000072c000000, 0x000000072c200000|  0%| F|  |TAMS 0x000000072c000000, 0x000000072c000000| Untracked 
| 353|0x000000072c200000, 0x000000072c200000, 0x000000072c400000|  0%| F|  |TAMS 0x000000072c200000, 0x000000072c200000| Untracked 
| 354|0x000000072c400000, 0x000000072c400000, 0x000000072c600000|  0%| F|  |TAMS 0x000000072c400000, 0x000000072c400000| Untracked 
| 355|0x000000072c600000, 0x000000072c600000, 0x000000072c800000|  0%| F|  |TAMS 0x000000072c600000, 0x000000072c600000| Untracked 
| 356|0x000000072c800000, 0x000000072c800000, 0x000000072ca00000|  0%| F|  |TAMS 0x000000072c800000, 0x000000072c800000| Untracked 
| 357|0x000000072ca00000, 0x000000072ca00000, 0x000000072cc00000|  0%| F|  |TAMS 0x000000072ca00000, 0x000000072ca00000| Untracked 
| 358|0x000000072cc00000, 0x000000072cc00000, 0x000000072ce00000|  0%| F|  |TAMS 0x000000072cc00000, 0x000000072cc00000| Untracked 
| 359|0x000000072ce00000, 0x000000072d000000, 0x000000072d000000|100%| O|  |TAMS 0x000000072d000000, 0x000000072ce00000| Untracked 
| 360|0x000000072d000000, 0x000000072d200000, 0x000000072d200000|100%| O|  |TAMS 0x000000072d200000, 0x000000072d000000| Untracked 
| 361|0x000000072d200000, 0x000000072d400000, 0x000000072d400000|100%| O|  |TAMS 0x000000072d400000, 0x000000072d200000| Untracked 
| 362|0x000000072d400000, 0x000000072d600000, 0x000000072d600000|100%| O|  |TAMS 0x000000072d600000, 0x000000072d400000| Untracked 
| 363|0x000000072d600000, 0x000000072d800000, 0x000000072d800000|100%| O|  |TAMS 0x000000072d800000, 0x000000072d600000| Untracked 
| 364|0x000000072d800000, 0x000000072da00000, 0x000000072da00000|100%| O|  |TAMS 0x000000072da00000, 0x000000072d800000| Untracked 
| 365|0x000000072da00000, 0x000000072dc00000, 0x000000072dc00000|100%| O|  |TAMS 0x000000072dc00000, 0x000000072da00000| Untracked 
| 366|0x000000072dc00000, 0x000000072dc00000, 0x000000072de00000|  0%| F|  |TAMS 0x000000072dc00000, 0x000000072dc00000| Untracked 
| 367|0x000000072de00000, 0x000000072de00000, 0x000000072e000000|  0%| F|  |TAMS 0x000000072de00000, 0x000000072de00000| Untracked 
| 368|0x000000072e000000, 0x000000072e000000, 0x000000072e200000|  0%| F|  |TAMS 0x000000072e000000, 0x000000072e000000| Untracked 
| 369|0x000000072e200000, 0x000000072e400000, 0x000000072e400000|100%| O|  |TAMS 0x000000072e200000, 0x000000072e200000| Untracked 
| 370|0x000000072e400000, 0x000000072e600000, 0x000000072e600000|100%| O|  |TAMS 0x000000072e400000, 0x000000072e400000| Untracked 
| 371|0x000000072e600000, 0x000000072e600000, 0x000000072e800000|  0%| F|  |TAMS 0x000000072e600000, 0x000000072e600000| Untracked 
| 372|0x000000072e800000, 0x000000072e800000, 0x000000072ea00000|  0%| F|  |TAMS 0x000000072e800000, 0x000000072e800000| Untracked 
| 373|0x000000072ea00000, 0x000000072ea00000, 0x000000072ec00000|  0%| F|  |TAMS 0x000000072ea00000, 0x000000072ea00000| Untracked 
| 374|0x000000072ec00000, 0x000000072ec00000, 0x000000072ee00000|  0%| F|  |TAMS 0x000000072ec00000, 0x000000072ec00000| Untracked 
| 375|0x000000072ee00000, 0x000000072ee00000, 0x000000072f000000|  0%| F|  |TAMS 0x000000072ee00000, 0x000000072ee00000| Untracked 
| 376|0x000000072f000000, 0x000000072f200000, 0x000000072f200000|100%| O|  |TAMS 0x000000072f200000, 0x000000072f000000| Untracked 
| 377|0x000000072f200000, 0x000000072f400000, 0x000000072f400000|100%| O|  |TAMS 0x000000072f400000, 0x000000072f200000| Untracked 
| 378|0x000000072f400000, 0x000000072f600000, 0x000000072f600000|100%| O|  |TAMS 0x000000072f600000, 0x000000072f400000| Untracked 
| 379|0x000000072f600000, 0x000000072f600000, 0x000000072f800000|  0%| F|  |TAMS 0x000000072f600000, 0x000000072f600000| Untracked 
| 380|0x000000072f800000, 0x000000072f800000, 0x000000072fa00000|  0%| F|  |TAMS 0x000000072f800000, 0x000000072f800000| Untracked 
| 381|0x000000072fa00000, 0x000000072fc00000, 0x000000072fc00000|100%| O|  |TAMS 0x000000072fa00000, 0x000000072fa00000| Untracked 
| 382|0x000000072fc00000, 0x000000072fe00000, 0x000000072fe00000|100%| O|  |TAMS 0x000000072fc00000, 0x000000072fc00000| Untracked 
| 383|0x000000072fe00000, 0x000000072fe00000, 0x0000000730000000|  0%| F|  |TAMS 0x000000072fe00000, 0x000000072fe00000| Untracked 
| 384|0x0000000730000000, 0x0000000730200000, 0x0000000730200000|100%| O|  |TAMS 0x0000000730000000, 0x0000000730000000| Untracked 
| 385|0x0000000730200000, 0x0000000730400000, 0x0000000730400000|100%| O|  |TAMS 0x0000000730200000, 0x0000000730200000| Untracked 
| 386|0x0000000730400000, 0x0000000730600000, 0x0000000730600000|100%| O|  |TAMS 0x0000000730400000, 0x0000000730400000| Untracked 
| 387|0x0000000730600000, 0x0000000730600000, 0x0000000730800000|  0%| F|  |TAMS 0x0000000730600000, 0x0000000730600000| Untracked 
| 388|0x0000000730800000, 0x0000000730a00000, 0x0000000730a00000|100%| O|  |TAMS 0x0000000730800000, 0x0000000730800000| Untracked 
| 389|0x0000000730a00000, 0x0000000730a00000, 0x0000000730c00000|  0%| F|  |TAMS 0x0000000730a00000, 0x0000000730a00000| Untracked 
| 390|0x0000000730c00000, 0x0000000730e00000, 0x0000000730e00000|100%| O|  |TAMS 0x0000000730c00000, 0x0000000730c00000| Untracked 
| 391|0x0000000730e00000, 0x0000000730e00000, 0x0000000731000000|  0%| F|  |TAMS 0x0000000730e00000, 0x0000000730e00000| Untracked 
| 392|0x0000000731000000, 0x0000000731000000, 0x0000000731200000|  0%| F|  |TAMS 0x0000000731000000, 0x0000000731000000| Untracked 
| 393|0x0000000731200000, 0x0000000731400000, 0x0000000731400000|100%| O|  |TAMS 0x0000000731200000, 0x0000000731200000| Untracked 
| 394|0x0000000731400000, 0x0000000731400000, 0x0000000731600000|  0%| F|  |TAMS 0x0000000731400000, 0x0000000731400000| Untracked 
| 395|0x0000000731600000, 0x0000000731600000, 0x0000000731800000|  0%| F|  |TAMS 0x0000000731600000, 0x0000000731600000| Untracked 
| 396|0x0000000731800000, 0x0000000731800000, 0x0000000731a00000|  0%| F|  |TAMS 0x0000000731800000, 0x0000000731800000| Untracked 
| 397|0x0000000731a00000, 0x0000000731a00000, 0x0000000731c00000|  0%| F|  |TAMS 0x0000000731a00000, 0x0000000731a00000| Untracked 
| 398|0x0000000731c00000, 0x0000000731c00000, 0x0000000731e00000|  0%| F|  |TAMS 0x0000000731c00000, 0x0000000731c00000| Untracked 
| 399|0x0000000731e00000, 0x0000000731e00000, 0x0000000732000000|  0%| F|  |TAMS 0x0000000731e00000, 0x0000000731e00000| Untracked 
| 400|0x0000000732000000, 0x0000000732200000, 0x0000000732200000|100%| O|  |TAMS 0x0000000732000000, 0x0000000732000000| Untracked 
| 401|0x0000000732200000, 0x0000000732200000, 0x0000000732400000|  0%| F|  |TAMS 0x0000000732200000, 0x0000000732200000| Untracked 
| 402|0x0000000732400000, 0x0000000732400000, 0x0000000732600000|  0%| F|  |TAMS 0x0000000732400000, 0x0000000732400000| Untracked 
| 403|0x0000000732600000, 0x0000000732600000, 0x0000000732800000|  0%| F|  |TAMS 0x0000000732600000, 0x0000000732600000| Untracked 
| 404|0x0000000732800000, 0x0000000732800000, 0x0000000732a00000|  0%| F|  |TAMS 0x0000000732800000, 0x0000000732800000| Untracked 
| 405|0x0000000732a00000, 0x0000000732a00000, 0x0000000732c00000|  0%| F|  |TAMS 0x0000000732a00000, 0x0000000732a00000| Untracked 
| 406|0x0000000732c00000, 0x0000000732c00000, 0x0000000732e00000|  0%| F|  |TAMS 0x0000000732c00000, 0x0000000732c00000| Untracked 
| 407|0x0000000732e00000, 0x0000000732e00000, 0x0000000733000000|  0%| F|  |TAMS 0x0000000732e00000, 0x0000000732e00000| Untracked 
| 408|0x0000000733000000, 0x0000000733000000, 0x0000000733200000|  0%| F|  |TAMS 0x0000000733000000, 0x0000000733000000| Untracked 
| 409|0x0000000733200000, 0x0000000733200000, 0x0000000733400000|  0%| F|  |TAMS 0x0000000733200000, 0x0000000733200000| Untracked 
| 410|0x0000000733400000, 0x0000000733600000, 0x0000000733600000|100%| O|  |TAMS 0x0000000733400000, 0x0000000733400000| Untracked 
| 411|0x0000000733600000, 0x0000000733600000, 0x0000000733800000|  0%| F|  |TAMS 0x0000000733600000, 0x0000000733600000| Untracked 
| 412|0x0000000733800000, 0x0000000733a00000, 0x0000000733a00000|100%| O|  |TAMS 0x0000000733800000, 0x0000000733800000| Untracked 
| 413|0x0000000733a00000, 0x0000000733c00000, 0x0000000733c00000|100%| O|  |TAMS 0x0000000733a00000, 0x0000000733a00000| Untracked 
| 414|0x0000000733c00000, 0x0000000733e00000, 0x0000000733e00000|100%| O|  |TAMS 0x0000000733c00000, 0x0000000733c00000| Untracked 
| 415|0x0000000733e00000, 0x0000000733e00000, 0x0000000734000000|  0%| F|  |TAMS 0x0000000733e00000, 0x0000000733e00000| Untracked 
| 416|0x0000000734000000, 0x0000000734000000, 0x0000000734200000|  0%| F|  |TAMS 0x0000000734000000, 0x0000000734000000| Untracked 
| 417|0x0000000734200000, 0x0000000734200000, 0x0000000734400000|  0%| F|  |TAMS 0x0000000734200000, 0x0000000734200000| Untracked 
| 418|0x0000000734400000, 0x0000000734400000, 0x0000000734600000|  0%| F|  |TAMS 0x0000000734400000, 0x0000000734400000| Untracked 
| 419|0x0000000734600000, 0x0000000734600000, 0x0000000734800000|  0%| F|  |TAMS 0x0000000734600000, 0x0000000734600000| Untracked 
| 420|0x0000000734800000, 0x0000000734800000, 0x0000000734a00000|  0%| F|  |TAMS 0x0000000734800000, 0x0000000734800000| Untracked 
| 421|0x0000000734a00000, 0x0000000734a00000, 0x0000000734c00000|  0%| F|  |TAMS 0x0000000734a00000, 0x0000000734a00000| Untracked 
| 422|0x0000000734c00000, 0x0000000734e00000, 0x0000000734e00000|100%| O|  |TAMS 0x0000000734c00000, 0x0000000734c00000| Untracked 
| 423|0x0000000734e00000, 0x0000000735000000, 0x0000000735000000|100%| O|  |TAMS 0x0000000735000000, 0x0000000734e00000| Untracked 
| 424|0x0000000735000000, 0x0000000735200000, 0x0000000735200000|100%| O|  |TAMS 0x0000000735200000, 0x0000000735000000| Untracked 
| 425|0x0000000735200000, 0x0000000735400000, 0x0000000735400000|100%| O|  |TAMS 0x0000000735400000, 0x0000000735200000| Untracked 
| 426|0x0000000735400000, 0x0000000735600000, 0x0000000735600000|100%| O|  |TAMS 0x0000000735600000, 0x0000000735400000| Untracked 
| 427|0x0000000735600000, 0x0000000735800000, 0x0000000735800000|100%| O|  |TAMS 0x0000000735600000, 0x0000000735600000| Untracked 
| 428|0x0000000735800000, 0x0000000735a00000, 0x0000000735a00000|100%| O|  |TAMS 0x0000000735a00000, 0x0000000735800000| Untracked 
| 429|0x0000000735a00000, 0x0000000735c00000, 0x0000000735c00000|100%| O|  |TAMS 0x0000000735c00000, 0x0000000735a00000| Untracked 
| 430|0x0000000735c00000, 0x0000000735e00000, 0x0000000735e00000|100%| O|  |TAMS 0x0000000735e00000, 0x0000000735c00000| Untracked 
| 431|0x0000000735e00000, 0x0000000736000000, 0x0000000736000000|100%| O|  |TAMS 0x0000000736000000, 0x0000000735e00000| Untracked 
| 432|0x0000000736000000, 0x0000000736200000, 0x0000000736200000|100%| O|  |TAMS 0x0000000736200000, 0x0000000736000000| Untracked 
| 433|0x0000000736200000, 0x0000000736400000, 0x0000000736400000|100%| O|  |TAMS 0x0000000736400000, 0x0000000736200000| Untracked 
| 434|0x0000000736400000, 0x0000000736600000, 0x0000000736600000|100%| O|  |TAMS 0x0000000736600000, 0x0000000736400000| Untracked 
| 435|0x0000000736600000, 0x0000000736800000, 0x0000000736800000|100%| O|  |TAMS 0x0000000736800000, 0x0000000736600000| Untracked 
| 436|0x0000000736800000, 0x0000000736a00000, 0x0000000736a00000|100%| O|  |TAMS 0x0000000736a00000, 0x0000000736800000| Untracked 
| 437|0x0000000736a00000, 0x0000000736c00000, 0x0000000736c00000|100%| O|  |TAMS 0x0000000736c00000, 0x0000000736a00000| Untracked 
| 438|0x0000000736c00000, 0x0000000736e00000, 0x0000000736e00000|100%| O|  |TAMS 0x0000000736e00000, 0x0000000736c00000| Untracked 
| 439|0x0000000736e00000, 0x0000000737000000, 0x0000000737000000|100%| O|  |TAMS 0x0000000737000000, 0x0000000736e00000| Untracked 
| 440|0x0000000737000000, 0x0000000737000000, 0x0000000737200000|  0%| F|  |TAMS 0x0000000737000000, 0x0000000737000000| Untracked 
| 441|0x0000000737200000, 0x0000000737200000, 0x0000000737400000|  0%| F|  |TAMS 0x0000000737200000, 0x0000000737200000| Untracked 
| 442|0x0000000737400000, 0x0000000737400000, 0x0000000737600000|  0%| F|  |TAMS 0x0000000737400000, 0x0000000737400000| Untracked 
| 443|0x0000000737600000, 0x0000000737800000, 0x0000000737800000|100%| O|  |TAMS 0x0000000737800000, 0x0000000737600000| Untracked 
| 444|0x0000000737800000, 0x0000000737800000, 0x0000000737a00000|  0%| F|  |TAMS 0x0000000737800000, 0x0000000737800000| Untracked 
| 445|0x0000000737a00000, 0x0000000737a00000, 0x0000000737c00000|  0%| F|  |TAMS 0x0000000737a00000, 0x0000000737a00000| Untracked 
| 446|0x0000000737c00000, 0x0000000737c00000, 0x0000000737e00000|  0%| F|  |TAMS 0x0000000737c00000, 0x0000000737c00000| Untracked 
| 447|0x0000000737e00000, 0x0000000738000000, 0x0000000738000000|100%| O|  |TAMS 0x0000000738000000, 0x0000000737e00000| Untracked 
| 448|0x0000000738000000, 0x0000000738200000, 0x0000000738200000|100%| O|  |TAMS 0x0000000738200000, 0x0000000738000000| Untracked 
| 449|0x0000000738200000, 0x0000000738400000, 0x0000000738400000|100%| O|  |TAMS 0x0000000738400000, 0x0000000738200000| Untracked 
| 450|0x0000000738400000, 0x0000000738600000, 0x0000000738600000|100%| O|  |TAMS 0x0000000738600000, 0x0000000738400000| Untracked 
| 451|0x0000000738600000, 0x0000000738800000, 0x0000000738800000|100%| O|  |TAMS 0x0000000738800000, 0x0000000738600000| Untracked 
| 452|0x0000000738800000, 0x0000000738a00000, 0x0000000738a00000|100%| O|  |TAMS 0x0000000738a00000, 0x0000000738800000| Untracked 
| 453|0x0000000738a00000, 0x0000000738c00000, 0x0000000738c00000|100%| O|  |TAMS 0x0000000738c00000, 0x0000000738a00000| Untracked 
| 454|0x0000000738c00000, 0x0000000738e00000, 0x0000000738e00000|100%| O|  |TAMS 0x0000000738e00000, 0x0000000738c00000| Untracked 
| 455|0x0000000738e00000, 0x0000000738e00000, 0x0000000739000000|  0%| F|  |TAMS 0x0000000738e00000, 0x0000000738e00000| Untracked 
| 456|0x0000000739000000, 0x0000000739000000, 0x0000000739200000|  0%| F|  |TAMS 0x0000000739000000, 0x0000000739000000| Untracked 
| 457|0x0000000739200000, 0x0000000739400000, 0x0000000739400000|100%| O|  |TAMS 0x0000000739400000, 0x0000000739200000| Untracked 
| 458|0x0000000739400000, 0x0000000739400000, 0x0000000739600000|  0%| F|  |TAMS 0x0000000739400000, 0x0000000739400000| Untracked 
| 459|0x0000000739600000, 0x0000000739800000, 0x0000000739800000|100%| O|  |TAMS 0x0000000739800000, 0x0000000739600000| Untracked 
| 460|0x0000000739800000, 0x0000000739800000, 0x0000000739a00000|  0%| F|  |TAMS 0x0000000739800000, 0x0000000739800000| Untracked 
| 461|0x0000000739a00000, 0x0000000739a00000, 0x0000000739c00000|  0%| F|  |TAMS 0x0000000739a00000, 0x0000000739a00000| Untracked 
| 462|0x0000000739c00000, 0x0000000739c00000, 0x0000000739e00000|  0%| F|  |TAMS 0x0000000739c00000, 0x0000000739c00000| Untracked 
| 463|0x0000000739e00000, 0x000000073a000000, 0x000000073a000000|100%| O|  |TAMS 0x000000073a000000, 0x0000000739e00000| Untracked 
| 464|0x000000073a000000, 0x000000073a000000, 0x000000073a200000|  0%| F|  |TAMS 0x000000073a000000, 0x000000073a000000| Untracked 
| 465|0x000000073a200000, 0x000000073a200000, 0x000000073a400000|  0%| F|  |TAMS 0x000000073a200000, 0x000000073a200000| Untracked 
| 466|0x000000073a400000, 0x000000073a600000, 0x000000073a600000|100%| O|  |TAMS 0x000000073a600000, 0x000000073a400000| Untracked 
| 467|0x000000073a600000, 0x000000073a600000, 0x000000073a800000|  0%| F|  |TAMS 0x000000073a600000, 0x000000073a600000| Untracked 
| 468|0x000000073a800000, 0x000000073aa00000, 0x000000073aa00000|100%| O|  |TAMS 0x000000073aa00000, 0x000000073a800000| Untracked 
| 469|0x000000073aa00000, 0x000000073ac00000, 0x000000073ac00000|100%| O|  |TAMS 0x000000073ac00000, 0x000000073aa00000| Untracked 
| 470|0x000000073ac00000, 0x000000073ae00000, 0x000000073ae00000|100%| O|  |TAMS 0x000000073ae00000, 0x000000073ac00000| Untracked 
| 471|0x000000073ae00000, 0x000000073b000000, 0x000000073b000000|100%| O|  |TAMS 0x000000073b000000, 0x000000073ae00000| Untracked 
| 472|0x000000073b000000, 0x000000073b200000, 0x000000073b200000|100%| O|  |TAMS 0x000000073b000000, 0x000000073b000000| Untracked 
| 473|0x000000073b200000, 0x000000073b400000, 0x000000073b400000|100%| O|  |TAMS 0x000000073b200000, 0x000000073b200000| Untracked 
| 474|0x000000073b400000, 0x000000073b600000, 0x000000073b600000|100%| O|  |TAMS 0x000000073b400000, 0x000000073b400000| Untracked 
| 475|0x000000073b600000, 0x000000073b800000, 0x000000073b800000|100%| O|  |TAMS 0x000000073b800000, 0x000000073b600000| Untracked 
| 476|0x000000073b800000, 0x000000073ba00000, 0x000000073ba00000|100%| O|  |TAMS 0x000000073ba00000, 0x000000073b800000| Untracked 
| 477|0x000000073ba00000, 0x000000073bc00000, 0x000000073bc00000|100%| O|  |TAMS 0x000000073bc00000, 0x000000073ba00000| Untracked 
| 478|0x000000073bc00000, 0x000000073be00000, 0x000000073be00000|100%| O|  |TAMS 0x000000073be00000, 0x000000073bc00000| Untracked 
| 479|0x000000073be00000, 0x000000073c000000, 0x000000073c000000|100%| O|  |TAMS 0x000000073c000000, 0x000000073be00000| Untracked 
| 480|0x000000073c000000, 0x000000073c200000, 0x000000073c200000|100%| O|  |TAMS 0x000000073c200000, 0x000000073c000000| Untracked 
| 481|0x000000073c200000, 0x000000073c400000, 0x000000073c400000|100%| O|  |TAMS 0x000000073c400000, 0x000000073c200000| Untracked 
| 482|0x000000073c400000, 0x000000073c600000, 0x000000073c600000|100%| O|  |TAMS 0x000000073c600000, 0x000000073c400000| Untracked 
| 483|0x000000073c600000, 0x000000073c600000, 0x000000073c800000|  0%| F|  |TAMS 0x000000073c600000, 0x000000073c600000| Untracked 
| 484|0x000000073c800000, 0x000000073c800000, 0x000000073ca00000|  0%| F|  |TAMS 0x000000073c800000, 0x000000073c800000| Untracked 
| 485|0x000000073ca00000, 0x000000073ca00000, 0x000000073cc00000|  0%| F|  |TAMS 0x000000073ca00000, 0x000000073ca00000| Untracked 
| 486|0x000000073cc00000, 0x000000073cc00000, 0x000000073ce00000|  0%| F|  |TAMS 0x000000073cc00000, 0x000000073cc00000| Untracked 
| 487|0x000000073ce00000, 0x000000073ce00000, 0x000000073d000000|  0%| F|  |TAMS 0x000000073ce00000, 0x000000073ce00000| Untracked 
| 488|0x000000073d000000, 0x000000073d000000, 0x000000073d200000|  0%| F|  |TAMS 0x000000073d000000, 0x000000073d000000| Untracked 
| 489|0x000000073d200000, 0x000000073d200000, 0x000000073d400000|  0%| F|  |TAMS 0x000000073d200000, 0x000000073d200000| Untracked 
| 490|0x000000073d400000, 0x000000073d600000, 0x000000073d600000|100%| O|  |TAMS 0x000000073d600000, 0x000000073d400000| Untracked 
| 491|0x000000073d600000, 0x000000073d600000, 0x000000073d800000|  0%| F|  |TAMS 0x000000073d600000, 0x000000073d600000| Untracked 
| 492|0x000000073d800000, 0x000000073d800000, 0x000000073da00000|  0%| F|  |TAMS 0x000000073d800000, 0x000000073d800000| Untracked 
| 493|0x000000073da00000, 0x000000073da00000, 0x000000073dc00000|  0%| F|  |TAMS 0x000000073da00000, 0x000000073da00000| Untracked 
| 494|0x000000073dc00000, 0x000000073dc00000, 0x000000073de00000|  0%| F|  |TAMS 0x000000073dc00000, 0x000000073dc00000| Untracked 
| 495|0x000000073de00000, 0x000000073de00000, 0x000000073e000000|  0%| F|  |TAMS 0x000000073de00000, 0x000000073de00000| Untracked 
| 496|0x000000073e000000, 0x000000073e000000, 0x000000073e200000|  0%| F|  |TAMS 0x000000073e000000, 0x000000073e000000| Untracked 
| 497|0x000000073e200000, 0x000000073e200000, 0x000000073e400000|  0%| F|  |TAMS 0x000000073e200000, 0x000000073e200000| Untracked 
| 498|0x000000073e400000, 0x000000073e400000, 0x000000073e600000|  0%| F|  |TAMS 0x000000073e400000, 0x000000073e400000| Untracked 
| 499|0x000000073e600000, 0x000000073e800000, 0x000000073e800000|100%| O|  |TAMS 0x000000073e800000, 0x000000073e600000| Untracked 
| 500|0x000000073e800000, 0x000000073ea00000, 0x000000073ea00000|100%| O|  |TAMS 0x000000073ea00000, 0x000000073e800000| Untracked 
| 501|0x000000073ea00000, 0x000000073ec00000, 0x000000073ec00000|100%| O|  |TAMS 0x000000073ec00000, 0x000000073ea00000| Untracked 
| 502|0x000000073ec00000, 0x000000073ee00000, 0x000000073ee00000|100%| O|  |TAMS 0x000000073ee00000, 0x000000073ec00000| Untracked 
| 503|0x000000073ee00000, 0x000000073ee00000, 0x000000073f000000|  0%| F|  |TAMS 0x000000073ee00000, 0x000000073ee00000| Untracked 
| 504|0x000000073f000000, 0x000000073f000000, 0x000000073f200000|  0%| F|  |TAMS 0x000000073f000000, 0x000000073f000000| Untracked 
| 505|0x000000073f200000, 0x000000073f200000, 0x000000073f400000|  0%| F|  |TAMS 0x000000073f200000, 0x000000073f200000| Untracked 
| 506|0x000000073f400000, 0x000000073f600000, 0x000000073f600000|100%| O|  |TAMS 0x000000073f400000, 0x000000073f400000| Untracked 
| 507|0x000000073f600000, 0x000000073f800000, 0x000000073f800000|100%| O|  |TAMS 0x000000073f600000, 0x000000073f600000| Untracked 
| 508|0x000000073f800000, 0x000000073fa00000, 0x000000073fa00000|100%| O|  |TAMS 0x000000073f800000, 0x000000073f800000| Untracked 
| 509|0x000000073fa00000, 0x000000073fc00000, 0x000000073fc00000|100%|HS|  |TAMS 0x000000073fc00000, 0x000000073fa00000| Complete 
| 510|0x000000073fc00000, 0x000000073fe00000, 0x000000073fe00000|100%|HC|  |TAMS 0x000000073fe00000, 0x000000073fc00000| Complete 
| 511|0x000000073fe00000, 0x0000000740000000, 0x0000000740000000|100%|HC|  |TAMS 0x0000000740000000, 0x000000073fe00000| Complete 
| 512|0x0000000740000000, 0x0000000740200000, 0x0000000740200000|100%|HS|  |TAMS 0x0000000740200000, 0x0000000740000000| Complete 
| 513|0x0000000740200000, 0x0000000740400000, 0x0000000740400000|100%|HC|  |TAMS 0x0000000740400000, 0x0000000740200000| Complete 
| 514|0x0000000740400000, 0x0000000740600000, 0x0000000740600000|100%|HC|  |TAMS 0x0000000740600000, 0x0000000740400000| Complete 
| 515|0x0000000740600000, 0x0000000740800000, 0x0000000740800000|100%| O|  |TAMS 0x0000000740800000, 0x0000000740600000| Untracked 
| 516|0x0000000740800000, 0x0000000740a00000, 0x0000000740a00000|100%| O|  |TAMS 0x0000000740a00000, 0x0000000740800000| Untracked 
| 517|0x0000000740a00000, 0x0000000740c00000, 0x0000000740c00000|100%| O|  |TAMS 0x0000000740c00000, 0x0000000740a00000| Untracked 
| 518|0x0000000740c00000, 0x0000000740e00000, 0x0000000740e00000|100%| O|  |TAMS 0x0000000740e00000, 0x0000000740c00000| Untracked 
| 519|0x0000000740e00000, 0x0000000741000000, 0x0000000741000000|100%| O|  |TAMS 0x0000000741000000, 0x0000000740e00000| Untracked 
| 520|0x0000000741000000, 0x0000000741200000, 0x0000000741200000|100%| O|  |TAMS 0x0000000741200000, 0x0000000741000000| Untracked 
| 521|0x0000000741200000, 0x0000000741400000, 0x0000000741400000|100%| O|  |TAMS 0x0000000741400000, 0x0000000741200000| Untracked 
| 522|0x0000000741400000, 0x0000000741600000, 0x0000000741600000|100%| O|  |TAMS 0x0000000741600000, 0x0000000741400000| Untracked 
| 523|0x0000000741600000, 0x0000000741800000, 0x0000000741800000|100%| O|  |TAMS 0x0000000741800000, 0x0000000741600000| Untracked 
| 524|0x0000000741800000, 0x0000000741800000, 0x0000000741a00000|  0%| F|  |TAMS 0x0000000741800000, 0x0000000741800000| Untracked 
| 525|0x0000000741a00000, 0x0000000741a00000, 0x0000000741c00000|  0%| F|  |TAMS 0x0000000741a00000, 0x0000000741a00000| Untracked 
| 526|0x0000000741c00000, 0x0000000741e00000, 0x0000000741e00000|100%| O|  |TAMS 0x0000000741e00000, 0x0000000741c00000| Untracked 
| 527|0x0000000741e00000, 0x0000000742000000, 0x0000000742000000|100%| O|  |TAMS 0x0000000742000000, 0x0000000741e00000| Untracked 
| 528|0x0000000742000000, 0x0000000742200000, 0x0000000742200000|100%| O|  |TAMS 0x0000000742200000, 0x0000000742000000| Untracked 
| 529|0x0000000742200000, 0x0000000742400000, 0x0000000742400000|100%| O|  |TAMS 0x0000000742400000, 0x0000000742200000| Untracked 
| 530|0x0000000742400000, 0x0000000742600000, 0x0000000742600000|100%| O|  |TAMS 0x0000000742600000, 0x0000000742400000| Untracked 
| 531|0x0000000742600000, 0x0000000742800000, 0x0000000742800000|100%| O|  |TAMS 0x0000000742800000, 0x0000000742600000| Untracked 
| 532|0x0000000742800000, 0x0000000742a00000, 0x0000000742a00000|100%| O|  |TAMS 0x00000007428fe200, 0x0000000742800000| Untracked 
| 533|0x0000000742a00000, 0x0000000742c00000, 0x0000000742c00000|100%| O|  |TAMS 0x0000000742a00000, 0x0000000742a00000| Untracked 
| 534|0x0000000742c00000, 0x0000000742e00000, 0x0000000742e00000|100%| O|  |TAMS 0x0000000742c00000, 0x0000000742c00000| Untracked 
| 535|0x0000000742e00000, 0x0000000743000000, 0x0000000743000000|100%| O|  |TAMS 0x0000000742e00000, 0x0000000742e00000| Untracked 
| 536|0x0000000743000000, 0x0000000743200000, 0x0000000743200000|100%| O|  |TAMS 0x0000000743000000, 0x0000000743000000| Untracked 
| 537|0x0000000743200000, 0x0000000743400000, 0x0000000743400000|100%| O|  |TAMS 0x0000000743400000, 0x0000000743200000| Untracked 
| 538|0x0000000743400000, 0x0000000743600000, 0x0000000743600000|100%| O|  |TAMS 0x0000000743600000, 0x0000000743400000| Untracked 
| 539|0x0000000743600000, 0x0000000743800000, 0x0000000743800000|100%| O|  |TAMS 0x0000000743800000, 0x0000000743600000| Untracked 
| 540|0x0000000743800000, 0x0000000743a00000, 0x0000000743a00000|100%| O|  |TAMS 0x0000000743a00000, 0x0000000743800000| Untracked 
| 541|0x0000000743a00000, 0x0000000743c00000, 0x0000000743c00000|100%| O|  |TAMS 0x0000000743c00000, 0x0000000743a00000| Untracked 
| 542|0x0000000743c00000, 0x0000000743e00000, 0x0000000743e00000|100%| O|  |TAMS 0x0000000743e00000, 0x0000000743c00000| Untracked 
| 543|0x0000000743e00000, 0x0000000744000000, 0x0000000744000000|100%| O|  |TAMS 0x0000000744000000, 0x0000000743e00000| Untracked 
| 544|0x0000000744000000, 0x0000000744200000, 0x0000000744200000|100%| O|  |TAMS 0x0000000744200000, 0x0000000744000000| Untracked 
| 545|0x0000000744200000, 0x0000000744400000, 0x0000000744400000|100%| O|  |TAMS 0x0000000744400000, 0x0000000744200000| Untracked 
| 546|0x0000000744400000, 0x0000000744600000, 0x0000000744600000|100%| O|  |TAMS 0x0000000744600000, 0x0000000744400000| Untracked 
| 547|0x0000000744600000, 0x0000000744600000, 0x0000000744800000|  0%| F|  |TAMS 0x0000000744600000, 0x0000000744600000| Untracked 
| 548|0x0000000744800000, 0x0000000744800000, 0x0000000744a00000|  0%| F|  |TAMS 0x0000000744800000, 0x0000000744800000| Untracked 
| 549|0x0000000744a00000, 0x0000000744a00000, 0x0000000744c00000|  0%| F|  |TAMS 0x0000000744a00000, 0x0000000744a00000| Untracked 
| 550|0x0000000744c00000, 0x0000000744e00000, 0x0000000744e00000|100%| O|  |TAMS 0x0000000744e00000, 0x0000000744c00000| Untracked 
| 551|0x0000000744e00000, 0x0000000745000000, 0x0000000745000000|100%| O|  |TAMS 0x0000000745000000, 0x0000000744e00000| Untracked 
| 552|0x0000000745000000, 0x0000000745200000, 0x0000000745200000|100%| O|  |TAMS 0x0000000745200000, 0x0000000745000000| Untracked 
| 553|0x0000000745200000, 0x0000000745400000, 0x0000000745400000|100%| O|  |TAMS 0x0000000745400000, 0x0000000745200000| Untracked 
| 554|0x0000000745400000, 0x0000000745600000, 0x0000000745600000|100%| O|  |TAMS 0x0000000745400000, 0x0000000745400000| Untracked 
| 555|0x0000000745600000, 0x0000000745800000, 0x0000000745800000|100%| O|  |TAMS 0x0000000745600000, 0x0000000745600000| Untracked 
| 556|0x0000000745800000, 0x0000000745a00000, 0x0000000745a00000|100%| O|  |TAMS 0x0000000745800000, 0x0000000745800000| Untracked 
| 557|0x0000000745a00000, 0x0000000745c00000, 0x0000000745c00000|100%| O|  |TAMS 0x0000000745a00000, 0x0000000745a00000| Untracked 
| 558|0x0000000745c00000, 0x0000000745e00000, 0x0000000745e00000|100%| O|  |TAMS 0x0000000745e00000, 0x0000000745c00000| Untracked 
| 559|0x0000000745e00000, 0x0000000746000000, 0x0000000746000000|100%| O|  |TAMS 0x0000000746000000, 0x0000000745e00000| Untracked 
| 560|0x0000000746000000, 0x0000000746000000, 0x0000000746200000|  0%| F|  |TAMS 0x0000000746000000, 0x0000000746000000| Untracked 
| 561|0x0000000746200000, 0x0000000746200000, 0x0000000746400000|  0%| F|  |TAMS 0x0000000746200000, 0x0000000746200000| Untracked 
| 562|0x0000000746400000, 0x0000000746600000, 0x0000000746600000|100%| O|  |TAMS 0x0000000746600000, 0x0000000746400000| Untracked 
| 563|0x0000000746600000, 0x0000000746600000, 0x0000000746800000|  0%| F|  |TAMS 0x0000000746600000, 0x0000000746600000| Untracked 
| 564|0x0000000746800000, 0x0000000746a00000, 0x0000000746a00000|100%| O|  |TAMS 0x0000000746a00000, 0x0000000746800000| Untracked 
| 565|0x0000000746a00000, 0x0000000746c00000, 0x0000000746c00000|100%| O|  |TAMS 0x0000000746c00000, 0x0000000746a00000| Untracked 
| 566|0x0000000746c00000, 0x0000000746e00000, 0x0000000746e00000|100%| O|  |TAMS 0x0000000746e00000, 0x0000000746c00000| Untracked 
| 567|0x0000000746e00000, 0x0000000746e00000, 0x0000000747000000|  0%| F|  |TAMS 0x0000000746e00000, 0x0000000746e00000| Untracked 
| 568|0x0000000747000000, 0x0000000747200000, 0x0000000747200000|100%| O|  |TAMS 0x0000000747200000, 0x0000000747000000| Untracked 
| 569|0x0000000747200000, 0x0000000747400000, 0x0000000747400000|100%| O|  |TAMS 0x0000000747400000, 0x0000000747200000| Untracked 
| 570|0x0000000747400000, 0x0000000747600000, 0x0000000747600000|100%| O|  |TAMS 0x0000000747600000, 0x0000000747400000| Untracked 
| 571|0x0000000747600000, 0x0000000747800000, 0x0000000747800000|100%| O|  |TAMS 0x0000000747800000, 0x0000000747600000| Untracked 
| 572|0x0000000747800000, 0x0000000747a00000, 0x0000000747a00000|100%| O|  |TAMS 0x0000000747a00000, 0x0000000747800000| Untracked 
| 573|0x0000000747a00000, 0x0000000747c00000, 0x0000000747c00000|100%| O|  |TAMS 0x0000000747c00000, 0x0000000747a00000| Untracked 
| 574|0x0000000747c00000, 0x0000000747e00000, 0x0000000747e00000|100%| O|  |TAMS 0x0000000747e00000, 0x0000000747c00000| Untracked 
| 575|0x0000000747e00000, 0x0000000748000000, 0x0000000748000000|100%| O|  |TAMS 0x0000000748000000, 0x0000000747e00000| Untracked 
| 576|0x0000000748000000, 0x0000000748200000, 0x0000000748200000|100%| O|  |TAMS 0x0000000748200000, 0x0000000748000000| Untracked 
| 577|0x0000000748200000, 0x0000000748400000, 0x0000000748400000|100%| O|  |TAMS 0x0000000748400000, 0x0000000748200000| Untracked 
| 578|0x0000000748400000, 0x0000000748600000, 0x0000000748600000|100%| O|  |TAMS 0x0000000748600000, 0x0000000748400000| Untracked 
| 579|0x0000000748600000, 0x0000000748800000, 0x0000000748800000|100%| O|  |TAMS 0x0000000748800000, 0x0000000748600000| Untracked 
| 580|0x0000000748800000, 0x0000000748a00000, 0x0000000748a00000|100%| O|  |TAMS 0x0000000748a00000, 0x0000000748800000| Untracked 
| 581|0x0000000748a00000, 0x0000000748c00000, 0x0000000748c00000|100%| O|  |TAMS 0x0000000748c00000, 0x0000000748a00000| Untracked 
| 582|0x0000000748c00000, 0x0000000748e00000, 0x0000000748e00000|100%| O|  |TAMS 0x0000000748e00000, 0x0000000748c00000| Untracked 
| 583|0x0000000748e00000, 0x0000000749000000, 0x0000000749000000|100%| O|  |TAMS 0x0000000749000000, 0x0000000748e00000| Untracked 
| 584|0x0000000749000000, 0x0000000749200000, 0x0000000749200000|100%| O|  |TAMS 0x0000000749200000, 0x0000000749000000| Untracked 
| 585|0x0000000749200000, 0x0000000749400000, 0x0000000749400000|100%| O|  |TAMS 0x0000000749400000, 0x0000000749200000| Untracked 
| 586|0x0000000749400000, 0x0000000749600000, 0x0000000749600000|100%| O|  |TAMS 0x0000000749600000, 0x0000000749400000| Untracked 
| 587|0x0000000749600000, 0x0000000749800000, 0x0000000749800000|100%| O|  |TAMS 0x0000000749800000, 0x0000000749600000| Untracked 
| 588|0x0000000749800000, 0x0000000749a00000, 0x0000000749a00000|100%| O|  |TAMS 0x0000000749a00000, 0x0000000749800000| Untracked 
| 589|0x0000000749a00000, 0x0000000749c00000, 0x0000000749c00000|100%| O|  |TAMS 0x0000000749c00000, 0x0000000749a00000| Untracked 
| 590|0x0000000749c00000, 0x0000000749e00000, 0x0000000749e00000|100%| O|  |TAMS 0x0000000749e00000, 0x0000000749c00000| Untracked 
| 591|0x0000000749e00000, 0x000000074a000000, 0x000000074a000000|100%| O|  |TAMS 0x000000074a000000, 0x0000000749e00000| Untracked 
| 592|0x000000074a000000, 0x000000074a200000, 0x000000074a200000|100%| O|  |TAMS 0x000000074a200000, 0x000000074a000000| Untracked 
| 593|0x000000074a200000, 0x000000074a400000, 0x000000074a400000|100%| O|  |TAMS 0x000000074a400000, 0x000000074a200000| Untracked 
| 594|0x000000074a400000, 0x000000074a600000, 0x000000074a600000|100%| O|  |TAMS 0x000000074a600000, 0x000000074a400000| Untracked 
| 595|0x000000074a600000, 0x000000074a800000, 0x000000074a800000|100%| O|  |TAMS 0x000000074a800000, 0x000000074a600000| Untracked 
| 596|0x000000074a800000, 0x000000074aa00000, 0x000000074aa00000|100%| O|  |TAMS 0x000000074aa00000, 0x000000074a800000| Untracked 
| 597|0x000000074aa00000, 0x000000074ac00000, 0x000000074ac00000|100%| O|  |TAMS 0x000000074ac00000, 0x000000074aa00000| Untracked 
| 598|0x000000074ac00000, 0x000000074ac00000, 0x000000074ae00000|  0%| F|  |TAMS 0x000000074ac00000, 0x000000074ac00000| Untracked 
| 599|0x000000074ae00000, 0x000000074b000000, 0x000000074b000000|100%| O|  |TAMS 0x000000074b000000, 0x000000074ae00000| Untracked 
| 600|0x000000074b000000, 0x000000074b200000, 0x000000074b200000|100%| O|  |TAMS 0x000000074b200000, 0x000000074b000000| Untracked 
| 601|0x000000074b200000, 0x000000074b400000, 0x000000074b400000|100%| O|  |TAMS 0x000000074b400000, 0x000000074b200000| Untracked 
| 602|0x000000074b400000, 0x000000074b400000, 0x000000074b600000|  0%| F|  |TAMS 0x000000074b400000, 0x000000074b400000| Untracked 
| 603|0x000000074b600000, 0x000000074b800000, 0x000000074b800000|100%| O|  |TAMS 0x000000074b800000, 0x000000074b600000| Untracked 
| 604|0x000000074b800000, 0x000000074ba00000, 0x000000074ba00000|100%| O|  |TAMS 0x000000074ba00000, 0x000000074b800000| Untracked 
| 605|0x000000074ba00000, 0x000000074bc00000, 0x000000074bc00000|100%| O|  |TAMS 0x000000074bc00000, 0x000000074ba00000| Untracked 
| 606|0x000000074bc00000, 0x000000074be00000, 0x000000074be00000|100%| O|  |TAMS 0x000000074be00000, 0x000000074bc00000| Untracked 
| 607|0x000000074be00000, 0x000000074c000000, 0x000000074c000000|100%| O|  |TAMS 0x000000074c000000, 0x000000074be00000| Untracked 
| 608|0x000000074c000000, 0x000000074c200000, 0x000000074c200000|100%| O|  |TAMS 0x000000074c200000, 0x000000074c000000| Untracked 
| 609|0x000000074c200000, 0x000000074c200000, 0x000000074c400000|  0%| F|  |TAMS 0x000000074c200000, 0x000000074c200000| Untracked 
| 610|0x000000074c400000, 0x000000074c400000, 0x000000074c600000|  0%| F|  |TAMS 0x000000074c400000, 0x000000074c400000| Untracked 
| 611|0x000000074c600000, 0x000000074c800000, 0x000000074c800000|100%| O|  |TAMS 0x000000074c800000, 0x000000074c600000| Untracked 
| 612|0x000000074c800000, 0x000000074ca00000, 0x000000074ca00000|100%| O|  |TAMS 0x000000074c800000, 0x000000074c800000| Untracked 
| 613|0x000000074ca00000, 0x000000074cc00000, 0x000000074cc00000|100%| O|  |TAMS 0x000000074ca00000, 0x000000074ca00000| Untracked 
| 614|0x000000074cc00000, 0x000000074ce00000, 0x000000074ce00000|100%| O|  |TAMS 0x000000074cc00000, 0x000000074cc00000| Untracked 
| 615|0x000000074ce00000, 0x000000074d000000, 0x000000074d000000|100%| O|  |TAMS 0x000000074ce00000, 0x000000074ce00000| Untracked 
| 616|0x000000074d000000, 0x000000074d200000, 0x000000074d200000|100%| O|  |TAMS 0x000000074d000000, 0x000000074d000000| Untracked 
| 617|0x000000074d200000, 0x000000074d400000, 0x000000074d400000|100%| O|  |TAMS 0x000000074d200000, 0x000000074d200000| Untracked 
| 618|0x000000074d400000, 0x000000074d600000, 0x000000074d600000|100%| O|  |TAMS 0x000000074d400000, 0x000000074d400000| Untracked 
| 619|0x000000074d600000, 0x000000074d800000, 0x000000074d800000|100%| O|  |TAMS 0x000000074d800000, 0x000000074d600000| Untracked 
| 620|0x000000074d800000, 0x000000074da00000, 0x000000074da00000|100%| O|  |TAMS 0x000000074da00000, 0x000000074d800000| Untracked 
| 621|0x000000074da00000, 0x000000074dc00000, 0x000000074dc00000|100%| O|  |TAMS 0x000000074dc00000, 0x000000074da00000| Untracked 
| 622|0x000000074dc00000, 0x000000074de00000, 0x000000074de00000|100%| O|  |TAMS 0x000000074de00000, 0x000000074dc00000| Untracked 
| 623|0x000000074de00000, 0x000000074e000000, 0x000000074e000000|100%| O|  |TAMS 0x000000074e000000, 0x000000074de00000| Untracked 
| 624|0x000000074e000000, 0x000000074e200000, 0x000000074e200000|100%| O|  |TAMS 0x000000074e200000, 0x000000074e000000| Untracked 
| 625|0x000000074e200000, 0x000000074e400000, 0x000000074e400000|100%| O|  |TAMS 0x000000074e400000, 0x000000074e200000| Untracked 
| 626|0x000000074e400000, 0x000000074e600000, 0x000000074e600000|100%| O|  |TAMS 0x000000074e600000, 0x000000074e400000| Untracked 
| 627|0x000000074e600000, 0x000000074e800000, 0x000000074e800000|100%| O|  |TAMS 0x000000074e800000, 0x000000074e600000| Untracked 
| 628|0x000000074e800000, 0x000000074ea00000, 0x000000074ea00000|100%| O|  |TAMS 0x000000074ea00000, 0x000000074e800000| Untracked 
| 629|0x000000074ea00000, 0x000000074ec00000, 0x000000074ec00000|100%| O|  |TAMS 0x000000074ec00000, 0x000000074ea00000| Untracked 
| 630|0x000000074ec00000, 0x000000074ee00000, 0x000000074ee00000|100%| O|  |TAMS 0x000000074ee00000, 0x000000074ec00000| Untracked 
| 631|0x000000074ee00000, 0x000000074f000000, 0x000000074f000000|100%| O|  |TAMS 0x000000074f000000, 0x000000074ee00000| Untracked 
| 632|0x000000074f000000, 0x000000074f200000, 0x000000074f200000|100%| O|  |TAMS 0x000000074f200000, 0x000000074f000000| Untracked 
| 633|0x000000074f200000, 0x000000074f400000, 0x000000074f400000|100%| O|  |TAMS 0x000000074f400000, 0x000000074f200000| Untracked 
| 634|0x000000074f400000, 0x000000074f600000, 0x000000074f600000|100%| O|  |TAMS 0x000000074f600000, 0x000000074f400000| Untracked 
| 635|0x000000074f600000, 0x000000074f800000, 0x000000074f800000|100%| O|  |TAMS 0x000000074f800000, 0x000000074f600000| Untracked 
| 636|0x000000074f800000, 0x000000074fa00000, 0x000000074fa00000|100%| O|  |TAMS 0x000000074fa00000, 0x000000074f800000| Untracked 
| 637|0x000000074fa00000, 0x000000074fc00000, 0x000000074fc00000|100%| O|  |TAMS 0x000000074fc00000, 0x000000074fa00000| Untracked 
| 638|0x000000074fc00000, 0x000000074fe00000, 0x000000074fe00000|100%| O|  |TAMS 0x000000074fe00000, 0x000000074fc00000| Untracked 
| 639|0x000000074fe00000, 0x0000000750000000, 0x0000000750000000|100%| O|  |TAMS 0x0000000750000000, 0x000000074fe00000| Untracked 
| 640|0x0000000750000000, 0x0000000750200000, 0x0000000750200000|100%| O|  |TAMS 0x0000000750200000, 0x0000000750000000| Untracked 
| 641|0x0000000750200000, 0x0000000750200000, 0x0000000750400000|  0%| F|  |TAMS 0x0000000750200000, 0x0000000750200000| Untracked 
| 642|0x0000000750400000, 0x0000000750400000, 0x0000000750600000|  0%| F|  |TAMS 0x0000000750400000, 0x0000000750400000| Untracked 
| 643|0x0000000750600000, 0x0000000750800000, 0x0000000750800000|100%| O|  |TAMS 0x0000000750800000, 0x0000000750600000| Untracked 
| 644|0x0000000750800000, 0x0000000750a00000, 0x0000000750a00000|100%| O|  |TAMS 0x0000000750a00000, 0x0000000750800000| Untracked 
| 645|0x0000000750a00000, 0x0000000750c00000, 0x0000000750c00000|100%| O|  |TAMS 0x0000000750c00000, 0x0000000750a00000| Untracked 
| 646|0x0000000750c00000, 0x0000000750e00000, 0x0000000750e00000|100%| O|  |TAMS 0x0000000750e00000, 0x0000000750c00000| Untracked 
| 647|0x0000000750e00000, 0x0000000751000000, 0x0000000751000000|100%| O|  |TAMS 0x0000000751000000, 0x0000000750e00000| Untracked 
| 648|0x0000000751000000, 0x0000000751200000, 0x0000000751200000|100%| O|  |TAMS 0x0000000751200000, 0x0000000751000000| Untracked 
| 649|0x0000000751200000, 0x0000000751400000, 0x0000000751400000|100%| O|  |TAMS 0x0000000751400000, 0x0000000751200000| Untracked 
| 650|0x0000000751400000, 0x0000000751600000, 0x0000000751600000|100%| O|  |TAMS 0x0000000751600000, 0x0000000751400000| Untracked 
| 651|0x0000000751600000, 0x0000000751800000, 0x0000000751800000|100%| O|  |TAMS 0x0000000751800000, 0x0000000751600000| Untracked 
| 652|0x0000000751800000, 0x0000000751a00000, 0x0000000751a00000|100%| O|  |TAMS 0x0000000751a00000, 0x0000000751800000| Untracked 
| 653|0x0000000751a00000, 0x0000000751c00000, 0x0000000751c00000|100%| O|  |TAMS 0x0000000751c00000, 0x0000000751a00000| Untracked 
| 654|0x0000000751c00000, 0x0000000751e00000, 0x0000000751e00000|100%| O|  |TAMS 0x0000000751e00000, 0x0000000751c00000| Untracked 
| 655|0x0000000751e00000, 0x0000000752000000, 0x0000000752000000|100%| O|  |TAMS 0x0000000752000000, 0x0000000751e00000| Untracked 
| 656|0x0000000752000000, 0x0000000752200000, 0x0000000752200000|100%| O|  |TAMS 0x0000000752200000, 0x0000000752000000| Untracked 
| 657|0x0000000752200000, 0x0000000752400000, 0x0000000752400000|100%| O|  |TAMS 0x0000000752400000, 0x0000000752200000| Untracked 
| 658|0x0000000752400000, 0x0000000752600000, 0x0000000752600000|100%| O|  |TAMS 0x0000000752600000, 0x0000000752400000| Untracked 
| 659|0x0000000752600000, 0x0000000752800000, 0x0000000752800000|100%| O|  |TAMS 0x0000000752800000, 0x0000000752600000| Untracked 
| 660|0x0000000752800000, 0x0000000752a00000, 0x0000000752a00000|100%| O|  |TAMS 0x0000000752a00000, 0x0000000752800000| Untracked 
| 661|0x0000000752a00000, 0x0000000752c00000, 0x0000000752c00000|100%| O|  |TAMS 0x0000000752c00000, 0x0000000752a00000| Untracked 
| 662|0x0000000752c00000, 0x0000000752e00000, 0x0000000752e00000|100%| O|  |TAMS 0x0000000752e00000, 0x0000000752c00000| Untracked 
| 663|0x0000000752e00000, 0x0000000753000000, 0x0000000753000000|100%| O|  |TAMS 0x0000000752e00000, 0x0000000752e00000| Untracked 
| 664|0x0000000753000000, 0x0000000753200000, 0x0000000753200000|100%| O|  |TAMS 0x0000000753000000, 0x0000000753000000| Untracked 
| 665|0x0000000753200000, 0x0000000753400000, 0x0000000753400000|100%| O|  |TAMS 0x0000000753400000, 0x0000000753200000| Untracked 
| 666|0x0000000753400000, 0x0000000753600000, 0x0000000753600000|100%| O|  |TAMS 0x0000000753400000, 0x0000000753400000| Untracked 
| 667|0x0000000753600000, 0x0000000753800000, 0x0000000753800000|100%| O|  |TAMS 0x0000000753600000, 0x0000000753600000| Untracked 
| 668|0x0000000753800000, 0x0000000753a00000, 0x0000000753a00000|100%| O|  |TAMS 0x0000000753800000, 0x0000000753800000| Untracked 
| 669|0x0000000753a00000, 0x0000000753c00000, 0x0000000753c00000|100%| O|  |TAMS 0x0000000753c00000, 0x0000000753a00000| Untracked 
| 670|0x0000000753c00000, 0x0000000753e00000, 0x0000000753e00000|100%| O|  |TAMS 0x0000000753e00000, 0x0000000753c00000| Untracked 
| 671|0x0000000753e00000, 0x0000000754000000, 0x0000000754000000|100%| O|  |TAMS 0x0000000754000000, 0x0000000753e00000| Untracked 
| 672|0x0000000754000000, 0x0000000754200000, 0x0000000754200000|100%| O|  |TAMS 0x0000000754200000, 0x0000000754000000| Untracked 
| 673|0x0000000754200000, 0x0000000754400000, 0x0000000754400000|100%| O|  |TAMS 0x0000000754400000, 0x0000000754200000| Untracked 
| 674|0x0000000754400000, 0x0000000754600000, 0x0000000754600000|100%| O|  |TAMS 0x0000000754600000, 0x0000000754400000| Untracked 
| 675|0x0000000754600000, 0x0000000754800000, 0x0000000754800000|100%| O|  |TAMS 0x0000000754800000, 0x0000000754600000| Untracked 
| 676|0x0000000754800000, 0x0000000754a00000, 0x0000000754a00000|100%| O|  |TAMS 0x0000000754a00000, 0x0000000754800000| Untracked 
| 677|0x0000000754a00000, 0x0000000754c00000, 0x0000000754c00000|100%| O|  |TAMS 0x0000000754c00000, 0x0000000754a00000| Untracked 
| 678|0x0000000754c00000, 0x0000000754e00000, 0x0000000754e00000|100%| O|  |TAMS 0x0000000754e00000, 0x0000000754c00000| Untracked 
| 679|0x0000000754e00000, 0x0000000755000000, 0x0000000755000000|100%| O|  |TAMS 0x0000000755000000, 0x0000000754e00000| Untracked 
| 680|0x0000000755000000, 0x0000000755200000, 0x0000000755200000|100%| O|  |TAMS 0x0000000755200000, 0x0000000755000000| Untracked 
| 681|0x0000000755200000, 0x0000000755400000, 0x0000000755400000|100%| O|  |TAMS 0x0000000755400000, 0x0000000755200000| Untracked 
| 682|0x0000000755400000, 0x0000000755600000, 0x0000000755600000|100%| O|  |TAMS 0x0000000755600000, 0x0000000755400000| Untracked 
| 683|0x0000000755600000, 0x0000000755800000, 0x0000000755800000|100%| O|  |TAMS 0x0000000755800000, 0x0000000755600000| Untracked 
| 684|0x0000000755800000, 0x0000000755a00000, 0x0000000755a00000|100%| O|  |TAMS 0x0000000755a00000, 0x0000000755800000| Untracked 
| 685|0x0000000755a00000, 0x0000000755c00000, 0x0000000755c00000|100%| O|  |TAMS 0x0000000755c00000, 0x0000000755a00000| Untracked 
| 686|0x0000000755c00000, 0x0000000755e00000, 0x0000000755e00000|100%| O|  |TAMS 0x0000000755e00000, 0x0000000755c00000| Untracked 
| 687|0x0000000755e00000, 0x0000000755e00000, 0x0000000756000000|  0%| F|  |TAMS 0x0000000755e00000, 0x0000000755e00000| Untracked 
| 688|0x0000000756000000, 0x0000000756200000, 0x0000000756200000|100%|HS|  |TAMS 0x0000000756200000, 0x0000000756000000| Complete 
| 689|0x0000000756200000, 0x0000000756400000, 0x0000000756400000|100%|HC|  |TAMS 0x0000000756400000, 0x0000000756200000| Complete 
| 690|0x0000000756400000, 0x0000000756600000, 0x0000000756600000|100%|HC|  |TAMS 0x0000000756600000, 0x0000000756400000| Complete 
| 691|0x0000000756600000, 0x0000000756800000, 0x0000000756800000|100%| O|  |TAMS 0x0000000756800000, 0x0000000756600000| Untracked 
| 692|0x0000000756800000, 0x0000000756a00000, 0x0000000756a00000|100%| O|  |TAMS 0x0000000756a00000, 0x0000000756800000| Untracked 
| 693|0x0000000756a00000, 0x0000000756c00000, 0x0000000756c00000|100%| O|  |TAMS 0x0000000756c00000, 0x0000000756a00000| Untracked 
| 694|0x0000000756c00000, 0x0000000756e00000, 0x0000000756e00000|100%| O|  |TAMS 0x0000000756e00000, 0x0000000756c00000| Untracked 
| 695|0x0000000756e00000, 0x0000000757000000, 0x0000000757000000|100%| O|  |TAMS 0x0000000757000000, 0x0000000756e00000| Untracked 
| 696|0x0000000757000000, 0x0000000757200000, 0x0000000757200000|100%| O|  |TAMS 0x0000000757200000, 0x0000000757000000| Untracked 
| 697|0x0000000757200000, 0x0000000757400000, 0x0000000757400000|100%| O|  |TAMS 0x0000000757400000, 0x0000000757200000| Untracked 
| 698|0x0000000757400000, 0x0000000757600000, 0x0000000757600000|100%| O|  |TAMS 0x0000000757600000, 0x0000000757400000| Untracked 
| 699|0x0000000757600000, 0x0000000757800000, 0x0000000757800000|100%| O|  |TAMS 0x0000000757800000, 0x0000000757600000| Untracked 
| 700|0x0000000757800000, 0x0000000757a00000, 0x0000000757a00000|100%| O|  |TAMS 0x0000000757a00000, 0x0000000757800000| Untracked 
| 701|0x0000000757a00000, 0x0000000757c00000, 0x0000000757c00000|100%| O|  |TAMS 0x0000000757c00000, 0x0000000757a00000| Untracked 
| 702|0x0000000757c00000, 0x0000000757e00000, 0x0000000757e00000|100%| O|  |TAMS 0x0000000757e00000, 0x0000000757c00000| Untracked 
| 703|0x0000000757e00000, 0x0000000758000000, 0x0000000758000000|100%| O|  |TAMS 0x0000000758000000, 0x0000000757e00000| Untracked 
| 704|0x0000000758000000, 0x0000000758200000, 0x0000000758200000|100%| O|  |TAMS 0x0000000758200000, 0x0000000758000000| Untracked 
| 705|0x0000000758200000, 0x0000000758400000, 0x0000000758400000|100%| O|  |TAMS 0x0000000758400000, 0x0000000758200000| Untracked 
| 706|0x0000000758400000, 0x0000000758600000, 0x0000000758600000|100%| O|  |TAMS 0x0000000758600000, 0x0000000758400000| Untracked 
| 707|0x0000000758600000, 0x0000000758600000, 0x0000000758800000|  0%| F|  |TAMS 0x0000000758600000, 0x0000000758600000| Untracked 
| 708|0x0000000758800000, 0x0000000758a00000, 0x0000000758a00000|100%| O|  |TAMS 0x0000000758800000, 0x0000000758800000| Untracked 
| 709|0x0000000758a00000, 0x0000000758c00000, 0x0000000758c00000|100%| O|  |TAMS 0x0000000758c00000, 0x0000000758a00000| Untracked 
| 710|0x0000000758c00000, 0x0000000758e00000, 0x0000000758e00000|100%| O|  |TAMS 0x0000000758e00000, 0x0000000758c00000| Untracked 
| 711|0x0000000758e00000, 0x0000000759000000, 0x0000000759000000|100%| O|  |TAMS 0x0000000759000000, 0x0000000758e00000| Untracked 
| 712|0x0000000759000000, 0x0000000759200000, 0x0000000759200000|100%| O|  |TAMS 0x0000000759200000, 0x0000000759000000| Untracked 
| 713|0x0000000759200000, 0x0000000759400000, 0x0000000759400000|100%| O|  |TAMS 0x0000000759400000, 0x0000000759200000| Untracked 
| 714|0x0000000759400000, 0x0000000759600000, 0x0000000759600000|100%| O|  |TAMS 0x0000000759600000, 0x0000000759400000| Untracked 
| 715|0x0000000759600000, 0x0000000759800000, 0x0000000759800000|100%| O|  |TAMS 0x0000000759800000, 0x0000000759600000| Untracked 
| 716|0x0000000759800000, 0x0000000759a00000, 0x0000000759a00000|100%| O|  |TAMS 0x0000000759a00000, 0x0000000759800000| Untracked 
| 717|0x0000000759a00000, 0x0000000759c00000, 0x0000000759c00000|100%| O|  |TAMS 0x0000000759c00000, 0x0000000759a00000| Untracked 
| 718|0x0000000759c00000, 0x0000000759e00000, 0x0000000759e00000|100%| O|  |TAMS 0x0000000759e00000, 0x0000000759c00000| Untracked 
| 719|0x0000000759e00000, 0x000000075a000000, 0x000000075a000000|100%| O|  |TAMS 0x000000075a000000, 0x0000000759e00000| Untracked 
| 720|0x000000075a000000, 0x000000075a200000, 0x000000075a200000|100%| O|  |TAMS 0x000000075a200000, 0x000000075a000000| Untracked 
| 721|0x000000075a200000, 0x000000075a400000, 0x000000075a400000|100%| O|  |TAMS 0x000000075a400000, 0x000000075a200000| Untracked 
| 722|0x000000075a400000, 0x000000075a600000, 0x000000075a600000|100%| O|  |TAMS 0x000000075a600000, 0x000000075a400000| Untracked 
| 723|0x000000075a600000, 0x000000075a800000, 0x000000075a800000|100%| O|  |TAMS 0x000000075a800000, 0x000000075a600000| Untracked 
| 724|0x000000075a800000, 0x000000075aa00000, 0x000000075aa00000|100%| O|  |TAMS 0x000000075aa00000, 0x000000075a800000| Untracked 
| 725|0x000000075aa00000, 0x000000075ac00000, 0x000000075ac00000|100%| O|  |TAMS 0x000000075aa00000, 0x000000075aa00000| Untracked 
| 726|0x000000075ac00000, 0x000000075ae00000, 0x000000075ae00000|100%| O|  |TAMS 0x000000075ac00000, 0x000000075ac00000| Untracked 
| 727|0x000000075ae00000, 0x000000075b000000, 0x000000075b000000|100%| O|  |TAMS 0x000000075ae00000, 0x000000075ae00000| Untracked 
| 728|0x000000075b000000, 0x000000075b200000, 0x000000075b200000|100%| O|  |TAMS 0x000000075b000000, 0x000000075b000000| Untracked 
| 729|0x000000075b200000, 0x000000075b400000, 0x000000075b400000|100%| O|  |TAMS 0x000000075b200000, 0x000000075b200000| Untracked 
| 730|0x000000075b400000, 0x000000075b600000, 0x000000075b600000|100%| O|  |TAMS 0x000000075b400000, 0x000000075b400000| Untracked 
| 731|0x000000075b600000, 0x000000075b800000, 0x000000075b800000|100%|HS|  |TAMS 0x000000075b800000, 0x000000075b600000| Complete 
| 732|0x000000075b800000, 0x000000075ba00000, 0x000000075ba00000|100%|HC|  |TAMS 0x000000075ba00000, 0x000000075b800000| Complete 
| 733|0x000000075ba00000, 0x000000075bc00000, 0x000000075bc00000|100%|HC|  |TAMS 0x000000075bc00000, 0x000000075ba00000| Complete 
| 734|0x000000075bc00000, 0x000000075be00000, 0x000000075be00000|100%|HC|  |TAMS 0x000000075be00000, 0x000000075bc00000| Complete 
| 735|0x000000075be00000, 0x000000075c000000, 0x000000075c000000|100%|HC|  |TAMS 0x000000075c000000, 0x000000075be00000| Complete 
| 736|0x000000075c000000, 0x000000075c200000, 0x000000075c200000|100%| O|  |TAMS 0x000000075c200000, 0x000000075c000000| Untracked 
| 737|0x000000075c200000, 0x000000075c400000, 0x000000075c400000|100%| O|  |TAMS 0x000000075c400000, 0x000000075c200000| Untracked 
| 738|0x000000075c400000, 0x000000075c600000, 0x000000075c600000|100%| O|  |TAMS 0x000000075c600000, 0x000000075c400000| Untracked 
| 739|0x000000075c600000, 0x000000075c800000, 0x000000075c800000|100%| O|  |TAMS 0x000000075c800000, 0x000000075c600000| Untracked 
| 740|0x000000075c800000, 0x000000075ca00000, 0x000000075ca00000|100%| O|  |TAMS 0x000000075ca00000, 0x000000075c800000| Untracked 
| 741|0x000000075ca00000, 0x000000075cc00000, 0x000000075cc00000|100%| O|  |TAMS 0x000000075cc00000, 0x000000075ca00000| Untracked 
| 742|0x000000075cc00000, 0x000000075ce00000, 0x000000075ce00000|100%| O|  |TAMS 0x000000075ce00000, 0x000000075cc00000| Untracked 
| 743|0x000000075ce00000, 0x000000075d000000, 0x000000075d000000|100%| O|  |TAMS 0x000000075d000000, 0x000000075ce00000| Untracked 
| 744|0x000000075d000000, 0x000000075d200000, 0x000000075d200000|100%| O|  |TAMS 0x000000075d200000, 0x000000075d000000| Untracked 
| 745|0x000000075d200000, 0x000000075d400000, 0x000000075d400000|100%| O|  |TAMS 0x000000075d400000, 0x000000075d200000| Untracked 
| 746|0x000000075d400000, 0x000000075d600000, 0x000000075d600000|100%| O|  |TAMS 0x000000075d600000, 0x000000075d400000| Untracked 
| 747|0x000000075d600000, 0x000000075d800000, 0x000000075d800000|100%| O|  |TAMS 0x000000075d800000, 0x000000075d600000| Untracked 
| 748|0x000000075d800000, 0x000000075d800000, 0x000000075da00000|  0%| F|  |TAMS 0x000000075d800000, 0x000000075d800000| Untracked 
| 749|0x000000075da00000, 0x000000075da00000, 0x000000075dc00000|  0%| F|  |TAMS 0x000000075da00000, 0x000000075da00000| Untracked 
| 750|0x000000075dc00000, 0x000000075de00000, 0x000000075de00000|100%| O|  |TAMS 0x000000075de00000, 0x000000075dc00000| Untracked 
| 751|0x000000075de00000, 0x000000075e000000, 0x000000075e000000|100%| O|  |TAMS 0x000000075e000000, 0x000000075de00000| Untracked 
| 752|0x000000075e000000, 0x000000075e200000, 0x000000075e200000|100%| O|  |TAMS 0x000000075e200000, 0x000000075e000000| Untracked 
| 753|0x000000075e200000, 0x000000075e400000, 0x000000075e400000|100%| O|  |TAMS 0x000000075e400000, 0x000000075e200000| Untracked 
| 754|0x000000075e400000, 0x000000075e600000, 0x000000075e600000|100%| O|  |TAMS 0x000000075e600000, 0x000000075e400000| Untracked 
| 755|0x000000075e600000, 0x000000075e800000, 0x000000075e800000|100%| O|  |TAMS 0x000000075e800000, 0x000000075e600000| Untracked 
| 756|0x000000075e800000, 0x000000075ea00000, 0x000000075ea00000|100%| O|  |TAMS 0x000000075ea00000, 0x000000075e800000| Untracked 
| 757|0x000000075ea00000, 0x000000075ec00000, 0x000000075ec00000|100%| O|  |TAMS 0x000000075ec00000, 0x000000075ea00000| Untracked 
| 758|0x000000075ec00000, 0x000000075ee00000, 0x000000075ee00000|100%| O|  |TAMS 0x000000075ee00000, 0x000000075ec00000| Untracked 
| 759|0x000000075ee00000, 0x000000075f000000, 0x000000075f000000|100%| O|  |TAMS 0x000000075f000000, 0x000000075ee00000| Untracked 
| 760|0x000000075f000000, 0x000000075f200000, 0x000000075f200000|100%| O|  |TAMS 0x000000075f200000, 0x000000075f000000| Untracked 
| 761|0x000000075f200000, 0x000000075f400000, 0x000000075f400000|100%| O|  |TAMS 0x000000075f400000, 0x000000075f200000| Untracked 
| 762|0x000000075f400000, 0x000000075f600000, 0x000000075f600000|100%| O|  |TAMS 0x000000075f600000, 0x000000075f400000| Untracked 
| 763|0x000000075f600000, 0x000000075f800000, 0x000000075f800000|100%| O|  |TAMS 0x000000075f800000, 0x000000075f600000| Untracked 
| 764|0x000000075f800000, 0x000000075fa00000, 0x000000075fa00000|100%| O|  |TAMS 0x000000075fa00000, 0x000000075f800000| Untracked 
| 765|0x000000075fa00000, 0x000000075fc00000, 0x000000075fc00000|100%| O|  |TAMS 0x000000075fc00000, 0x000000075fa00000| Untracked 
| 766|0x000000075fc00000, 0x000000075fe00000, 0x000000075fe00000|100%| O|  |TAMS 0x000000075fe00000, 0x000000075fc00000| Untracked 
| 767|0x000000075fe00000, 0x0000000760000000, 0x0000000760000000|100%| O|  |TAMS 0x0000000760000000, 0x000000075fe00000| Untracked 
| 768|0x0000000760000000, 0x0000000760200000, 0x0000000760200000|100%| O|  |TAMS 0x0000000760200000, 0x0000000760000000| Untracked 
| 769|0x0000000760200000, 0x0000000760200000, 0x0000000760400000|  0%| F|  |TAMS 0x0000000760200000, 0x0000000760200000| Untracked 
| 770|0x0000000760400000, 0x0000000760400000, 0x0000000760600000|  0%| F|  |TAMS 0x0000000760400000, 0x0000000760400000| Untracked 
| 771|0x0000000760600000, 0x0000000760800000, 0x0000000760800000|100%| O|  |TAMS 0x0000000760800000, 0x0000000760600000| Untracked 
| 772|0x0000000760800000, 0x0000000760a00000, 0x0000000760a00000|100%| O|  |TAMS 0x0000000760a00000, 0x0000000760800000| Untracked 
| 773|0x0000000760a00000, 0x0000000760c00000, 0x0000000760c00000|100%| O|  |TAMS 0x0000000760c00000, 0x0000000760a00000| Untracked 
| 774|0x0000000760c00000, 0x0000000760e00000, 0x0000000760e00000|100%| O|  |TAMS 0x0000000760e00000, 0x0000000760c00000| Untracked 
| 775|0x0000000760e00000, 0x0000000761000000, 0x0000000761000000|100%| O|  |TAMS 0x0000000761000000, 0x0000000760e00000| Untracked 
| 776|0x0000000761000000, 0x0000000761200000, 0x0000000761200000|100%| O|  |TAMS 0x0000000761200000, 0x0000000761000000| Untracked 
| 777|0x0000000761200000, 0x0000000761400000, 0x0000000761400000|100%| O|  |TAMS 0x0000000761400000, 0x0000000761200000| Untracked 
| 778|0x0000000761400000, 0x0000000761600000, 0x0000000761600000|100%| O|  |TAMS 0x0000000761600000, 0x0000000761400000| Untracked 
| 779|0x0000000761600000, 0x0000000761800000, 0x0000000761800000|100%| O|  |TAMS 0x0000000761800000, 0x0000000761600000| Untracked 
| 780|0x0000000761800000, 0x0000000761a00000, 0x0000000761a00000|100%| O|  |TAMS 0x0000000761a00000, 0x0000000761800000| Untracked 
| 781|0x0000000761a00000, 0x0000000761c00000, 0x0000000761c00000|100%| O|  |TAMS 0x0000000761c00000, 0x0000000761a00000| Untracked 
| 782|0x0000000761c00000, 0x0000000761e00000, 0x0000000761e00000|100%| O|  |TAMS 0x0000000761e00000, 0x0000000761c00000| Untracked 
| 783|0x0000000761e00000, 0x0000000762000000, 0x0000000762000000|100%| O|  |TAMS 0x0000000762000000, 0x0000000761e00000| Untracked 
| 784|0x0000000762000000, 0x0000000762200000, 0x0000000762200000|100%| O|  |TAMS 0x0000000762000000, 0x0000000762000000| Untracked 
| 785|0x0000000762200000, 0x0000000762400000, 0x0000000762400000|100%| O|  |TAMS 0x0000000762200000, 0x0000000762200000| Untracked 
| 786|0x0000000762400000, 0x0000000762600000, 0x0000000762600000|100%| O|  |TAMS 0x0000000762400000, 0x0000000762400000| Untracked 
| 787|0x0000000762600000, 0x0000000762800000, 0x0000000762800000|100%| O|  |TAMS 0x0000000762600000, 0x0000000762600000| Untracked 
| 788|0x0000000762800000, 0x0000000762a00000, 0x0000000762a00000|100%| O|  |TAMS 0x0000000762800000, 0x0000000762800000| Untracked 
| 789|0x0000000762a00000, 0x0000000762c00000, 0x0000000762c00000|100%| O|  |TAMS 0x0000000762a00000, 0x0000000762a00000| Untracked 
| 790|0x0000000762c00000, 0x0000000762e00000, 0x0000000762e00000|100%| O|  |TAMS 0x0000000762c00000, 0x0000000762c00000| Untracked 
| 791|0x0000000762e00000, 0x0000000763000000, 0x0000000763000000|100%| O|  |TAMS 0x0000000762e00000, 0x0000000762e00000| Untracked 
| 792|0x0000000763000000, 0x0000000763200000, 0x0000000763200000|100%| O|  |TAMS 0x0000000763000000, 0x0000000763000000| Untracked 
| 793|0x0000000763200000, 0x0000000763400000, 0x0000000763400000|100%| O|  |TAMS 0x0000000763200000, 0x0000000763200000| Untracked 
| 794|0x0000000763400000, 0x0000000763600000, 0x0000000763600000|100%| O|  |TAMS 0x0000000763400000, 0x0000000763400000| Untracked 
| 795|0x0000000763600000, 0x0000000763800000, 0x0000000763800000|100%| O|  |TAMS 0x0000000763600000, 0x0000000763600000| Untracked 
| 796|0x0000000763800000, 0x0000000763a00000, 0x0000000763a00000|100%| O|  |TAMS 0x0000000763800000, 0x0000000763800000| Untracked 
| 797|0x0000000763a00000, 0x0000000763c00000, 0x0000000763c00000|100%| O|  |TAMS 0x0000000763a00000, 0x0000000763a00000| Untracked 
| 798|0x0000000763c00000, 0x0000000763e00000, 0x0000000763e00000|100%| O|  |TAMS 0x0000000763c00000, 0x0000000763c00000| Untracked 
| 799|0x0000000763e00000, 0x0000000764000000, 0x0000000764000000|100%| O|  |TAMS 0x0000000763e00000, 0x0000000763e00000| Untracked 
| 800|0x0000000764000000, 0x0000000764200000, 0x0000000764200000|100%| O|  |TAMS 0x0000000764000000, 0x0000000764000000| Untracked 
| 801|0x0000000764200000, 0x0000000764400000, 0x0000000764400000|100%| O|  |TAMS 0x0000000764200000, 0x0000000764200000| Untracked 
| 802|0x0000000764400000, 0x0000000764600000, 0x0000000764600000|100%| O|  |TAMS 0x0000000764400000, 0x0000000764400000| Untracked 
| 803|0x0000000764600000, 0x0000000764800000, 0x0000000764800000|100%| O|  |TAMS 0x0000000764600000, 0x0000000764600000| Untracked 
| 804|0x0000000764800000, 0x0000000764a00000, 0x0000000764a00000|100%| O|  |TAMS 0x0000000764800000, 0x0000000764800000| Untracked 
| 805|0x0000000764a00000, 0x0000000764c00000, 0x0000000764c00000|100%| O|  |TAMS 0x0000000764a00000, 0x0000000764a00000| Untracked 
| 806|0x0000000764c00000, 0x0000000764e00000, 0x0000000764e00000|100%| O|  |TAMS 0x0000000764c00000, 0x0000000764c00000| Untracked 
| 807|0x0000000764e00000, 0x0000000765000000, 0x0000000765000000|100%| O|  |TAMS 0x0000000764e00000, 0x0000000764e00000| Untracked 
| 808|0x0000000765000000, 0x0000000765200000, 0x0000000765200000|100%| O|  |TAMS 0x0000000765000000, 0x0000000765000000| Untracked 
| 809|0x0000000765200000, 0x0000000765400000, 0x0000000765400000|100%| O|  |TAMS 0x0000000765200000, 0x0000000765200000| Untracked 
| 810|0x0000000765400000, 0x0000000765600000, 0x0000000765600000|100%| O|  |TAMS 0x0000000765400000, 0x0000000765400000| Untracked 
| 811|0x0000000765600000, 0x0000000765800000, 0x0000000765800000|100%| O|  |TAMS 0x0000000765600000, 0x0000000765600000| Untracked 
| 812|0x0000000765800000, 0x0000000765a00000, 0x0000000765a00000|100%| O|  |TAMS 0x0000000765800000, 0x0000000765800000| Untracked 
| 813|0x0000000765a00000, 0x0000000765c00000, 0x0000000765c00000|100%| O|  |TAMS 0x0000000765a00000, 0x0000000765a00000| Untracked 
| 814|0x0000000765c00000, 0x0000000765e00000, 0x0000000765e00000|100%| O|  |TAMS 0x0000000765c00000, 0x0000000765c00000| Untracked 
| 815|0x0000000765e00000, 0x0000000766000000, 0x0000000766000000|100%| O|  |TAMS 0x0000000765e00000, 0x0000000765e00000| Untracked 
| 816|0x0000000766000000, 0x0000000766200000, 0x0000000766200000|100%| O|  |TAMS 0x0000000766000000, 0x0000000766000000| Untracked 
| 817|0x0000000766200000, 0x0000000766400000, 0x0000000766400000|100%| O|  |TAMS 0x0000000766200000, 0x0000000766200000| Untracked 
| 818|0x0000000766400000, 0x0000000766600000, 0x0000000766600000|100%| O|  |TAMS 0x0000000766400000, 0x0000000766400000| Untracked 
| 819|0x0000000766600000, 0x00000007666d3400, 0x0000000766800000| 41%| O|  |TAMS 0x0000000766600000, 0x0000000766600000| Untracked 
| 820|0x0000000766800000, 0x0000000766800000, 0x0000000766a00000|  0%| F|  |TAMS 0x0000000766800000, 0x0000000766800000| Untracked 
| 821|0x0000000766a00000, 0x0000000766a00000, 0x0000000766c00000|  0%| F|  |TAMS 0x0000000766a00000, 0x0000000766a00000| Untracked 
| 822|0x0000000766c00000, 0x0000000766c00000, 0x0000000766e00000|  0%| F|  |TAMS 0x0000000766c00000, 0x0000000766c00000| Untracked 
| 823|0x0000000766e00000, 0x0000000766e00000, 0x0000000767000000|  0%| F|  |TAMS 0x0000000766e00000, 0x0000000766e00000| Untracked 
| 824|0x0000000767000000, 0x0000000767000000, 0x0000000767200000|  0%| F|  |TAMS 0x0000000767000000, 0x0000000767000000| Untracked 
| 825|0x0000000767200000, 0x0000000767200000, 0x0000000767400000|  0%| F|  |TAMS 0x0000000767200000, 0x0000000767200000| Untracked 
| 826|0x0000000767400000, 0x0000000767400000, 0x0000000767600000|  0%| F|  |TAMS 0x0000000767400000, 0x0000000767400000| Untracked 
| 827|0x0000000767600000, 0x0000000767600000, 0x0000000767800000|  0%| F|  |TAMS 0x0000000767600000, 0x0000000767600000| Untracked 
| 828|0x0000000767800000, 0x0000000767800000, 0x0000000767a00000|  0%| F|  |TAMS 0x0000000767800000, 0x0000000767800000| Untracked 
| 829|0x0000000767a00000, 0x0000000767a00000, 0x0000000767c00000|  0%| F|  |TAMS 0x0000000767a00000, 0x0000000767a00000| Untracked 
| 830|0x0000000767c00000, 0x0000000767c00000, 0x0000000767e00000|  0%| F|  |TAMS 0x0000000767c00000, 0x0000000767c00000| Untracked 
| 831|0x0000000767e00000, 0x0000000767e00000, 0x0000000768000000|  0%| F|  |TAMS 0x0000000767e00000, 0x0000000767e00000| Untracked 
| 832|0x0000000768000000, 0x0000000768000000, 0x0000000768200000|  0%| F|  |TAMS 0x0000000768000000, 0x0000000768000000| Untracked 
| 833|0x0000000768200000, 0x0000000768200000, 0x0000000768400000|  0%| F|  |TAMS 0x0000000768200000, 0x0000000768200000| Untracked 
| 834|0x0000000768400000, 0x0000000768400000, 0x0000000768600000|  0%| F|  |TAMS 0x0000000768400000, 0x0000000768400000| Untracked 
| 835|0x0000000768600000, 0x0000000768600000, 0x0000000768800000|  0%| F|  |TAMS 0x0000000768600000, 0x0000000768600000| Untracked 
| 836|0x0000000768800000, 0x0000000768800000, 0x0000000768a00000|  0%| F|  |TAMS 0x0000000768800000, 0x0000000768800000| Untracked 
| 837|0x0000000768a00000, 0x0000000768a00000, 0x0000000768c00000|  0%| F|  |TAMS 0x0000000768a00000, 0x0000000768a00000| Untracked 
| 838|0x0000000768c00000, 0x0000000768c00000, 0x0000000768e00000|  0%| F|  |TAMS 0x0000000768c00000, 0x0000000768c00000| Untracked 
| 839|0x0000000768e00000, 0x0000000768e00000, 0x0000000769000000|  0%| F|  |TAMS 0x0000000768e00000, 0x0000000768e00000| Untracked 
| 840|0x0000000769000000, 0x0000000769000000, 0x0000000769200000|  0%| F|  |TAMS 0x0000000769000000, 0x0000000769000000| Untracked 
| 841|0x0000000769200000, 0x0000000769200000, 0x0000000769400000|  0%| F|  |TAMS 0x0000000769200000, 0x0000000769200000| Untracked 
| 842|0x0000000769400000, 0x0000000769400000, 0x0000000769600000|  0%| F|  |TAMS 0x0000000769400000, 0x0000000769400000| Untracked 
| 843|0x0000000769600000, 0x0000000769600000, 0x0000000769800000|  0%| F|  |TAMS 0x0000000769600000, 0x0000000769600000| Untracked 
| 844|0x0000000769800000, 0x0000000769800000, 0x0000000769a00000|  0%| F|  |TAMS 0x0000000769800000, 0x0000000769800000| Untracked 
| 845|0x0000000769a00000, 0x0000000769a00000, 0x0000000769c00000|  0%| F|  |TAMS 0x0000000769a00000, 0x0000000769a00000| Untracked 
| 846|0x0000000769c00000, 0x0000000769c00000, 0x0000000769e00000|  0%| F|  |TAMS 0x0000000769c00000, 0x0000000769c00000| Untracked 
| 847|0x0000000769e00000, 0x0000000769e00000, 0x000000076a000000|  0%| F|  |TAMS 0x0000000769e00000, 0x0000000769e00000| Untracked 
| 848|0x000000076a000000, 0x000000076a000000, 0x000000076a200000|  0%| F|  |TAMS 0x000000076a000000, 0x000000076a000000| Untracked 
| 849|0x000000076a200000, 0x000000076a200000, 0x000000076a400000|  0%| F|  |TAMS 0x000000076a200000, 0x000000076a200000| Untracked 
| 850|0x000000076a400000, 0x000000076a400000, 0x000000076a600000|  0%| F|  |TAMS 0x000000076a400000, 0x000000076a400000| Untracked 
| 851|0x000000076a600000, 0x000000076a600000, 0x000000076a800000|  0%| F|  |TAMS 0x000000076a600000, 0x000000076a600000| Untracked 
| 852|0x000000076a800000, 0x000000076a800000, 0x000000076aa00000|  0%| F|  |TAMS 0x000000076a800000, 0x000000076a800000| Untracked 
| 853|0x000000076aa00000, 0x000000076aa00000, 0x000000076ac00000|  0%| F|  |TAMS 0x000000076aa00000, 0x000000076aa00000| Untracked 
| 854|0x000000076ac00000, 0x000000076ac00000, 0x000000076ae00000|  0%| F|  |TAMS 0x000000076ac00000, 0x000000076ac00000| Untracked 
| 855|0x000000076ae00000, 0x000000076ae00000, 0x000000076b000000|  0%| F|  |TAMS 0x000000076ae00000, 0x000000076ae00000| Untracked 
| 856|0x000000076b000000, 0x000000076b000000, 0x000000076b200000|  0%| F|  |TAMS 0x000000076b000000, 0x000000076b000000| Untracked 
| 857|0x000000076b200000, 0x000000076b200000, 0x000000076b400000|  0%| F|  |TAMS 0x000000076b200000, 0x000000076b200000| Untracked 
| 858|0x000000076b400000, 0x000000076b400000, 0x000000076b600000|  0%| F|  |TAMS 0x000000076b400000, 0x000000076b400000| Untracked 
| 859|0x000000076b600000, 0x000000076b600000, 0x000000076b800000|  0%| F|  |TAMS 0x000000076b600000, 0x000000076b600000| Untracked 
| 860|0x000000076b800000, 0x000000076b800000, 0x000000076ba00000|  0%| F|  |TAMS 0x000000076b800000, 0x000000076b800000| Untracked 
| 861|0x000000076ba00000, 0x000000076ba00000, 0x000000076bc00000|  0%| F|  |TAMS 0x000000076ba00000, 0x000000076ba00000| Untracked 
| 862|0x000000076bc00000, 0x000000076bc00000, 0x000000076be00000|  0%| F|  |TAMS 0x000000076bc00000, 0x000000076bc00000| Untracked 
| 863|0x000000076be00000, 0x000000076be00000, 0x000000076c000000|  0%| F|  |TAMS 0x000000076be00000, 0x000000076be00000| Untracked 
| 864|0x000000076c000000, 0x000000076c000000, 0x000000076c200000|  0%| F|  |TAMS 0x000000076c000000, 0x000000076c000000| Untracked 
| 865|0x000000076c200000, 0x000000076c200000, 0x000000076c400000|  0%| F|  |TAMS 0x000000076c200000, 0x000000076c200000| Untracked 
| 866|0x000000076c400000, 0x000000076c400000, 0x000000076c600000|  0%| F|  |TAMS 0x000000076c400000, 0x000000076c400000| Untracked 
| 867|0x000000076c600000, 0x000000076c600000, 0x000000076c800000|  0%| F|  |TAMS 0x000000076c600000, 0x000000076c600000| Untracked 
| 868|0x000000076c800000, 0x000000076c800000, 0x000000076ca00000|  0%| F|  |TAMS 0x000000076c800000, 0x000000076c800000| Untracked 
| 869|0x000000076ca00000, 0x000000076ca00000, 0x000000076cc00000|  0%| F|  |TAMS 0x000000076ca00000, 0x000000076ca00000| Untracked 
| 870|0x000000076cc00000, 0x000000076cc00000, 0x000000076ce00000|  0%| F|  |TAMS 0x000000076cc00000, 0x000000076cc00000| Untracked 
| 871|0x000000076ce00000, 0x000000076ce00000, 0x000000076d000000|  0%| F|  |TAMS 0x000000076ce00000, 0x000000076ce00000| Untracked 
| 872|0x000000076d000000, 0x000000076d000000, 0x000000076d200000|  0%| F|  |TAMS 0x000000076d000000, 0x000000076d000000| Untracked 
| 873|0x000000076d200000, 0x000000076d200000, 0x000000076d400000|  0%| F|  |TAMS 0x000000076d200000, 0x000000076d200000| Untracked 
| 874|0x000000076d400000, 0x000000076d400000, 0x000000076d600000|  0%| F|  |TAMS 0x000000076d400000, 0x000000076d400000| Untracked 
| 875|0x000000076d600000, 0x000000076d600000, 0x000000076d800000|  0%| F|  |TAMS 0x000000076d600000, 0x000000076d600000| Untracked 
| 876|0x000000076d800000, 0x000000076d9548c0, 0x000000076da00000| 66%| S|CS|TAMS 0x000000076d800000, 0x000000076d800000| Complete 
| 877|0x000000076da00000, 0x000000076dc00000, 0x000000076dc00000|100%| S|CS|TAMS 0x000000076da00000, 0x000000076da00000| Complete 
| 878|0x000000076dc00000, 0x000000076de00000, 0x000000076de00000|100%| S|CS|TAMS 0x000000076dc00000, 0x000000076dc00000| Complete 
| 879|0x000000076de00000, 0x000000076e000000, 0x000000076e000000|100%| S|CS|TAMS 0x000000076de00000, 0x000000076de00000| Complete 
| 880|0x000000076e000000, 0x000000076e200000, 0x000000076e200000|100%| S|CS|TAMS 0x000000076e000000, 0x000000076e000000| Complete 
| 881|0x000000076e200000, 0x000000076e400000, 0x000000076e400000|100%| S|CS|TAMS 0x000000076e200000, 0x000000076e200000| Complete 
| 882|0x000000076e400000, 0x000000076e600000, 0x000000076e600000|100%| S|CS|TAMS 0x000000076e400000, 0x000000076e400000| Complete 
| 883|0x000000076e600000, 0x000000076e800000, 0x000000076e800000|100%| S|CS|TAMS 0x000000076e600000, 0x000000076e600000| Complete 
| 884|0x000000076e800000, 0x000000076ea00000, 0x000000076ea00000|100%| S|CS|TAMS 0x000000076e800000, 0x000000076e800000| Complete 
| 885|0x000000076ea00000, 0x000000076ec00000, 0x000000076ec00000|100%| S|CS|TAMS 0x000000076ea00000, 0x000000076ea00000| Complete 
| 886|0x000000076ec00000, 0x000000076ee00000, 0x000000076ee00000|100%| S|CS|TAMS 0x000000076ec00000, 0x000000076ec00000| Complete 
| 887|0x000000076ee00000, 0x000000076f000000, 0x000000076f000000|100%| S|CS|TAMS 0x000000076ee00000, 0x000000076ee00000| Complete 
| 888|0x000000076f000000, 0x000000076f200000, 0x000000076f200000|100%| S|CS|TAMS 0x000000076f000000, 0x000000076f000000| Complete 
| 889|0x000000076f200000, 0x000000076f400000, 0x000000076f400000|100%| S|CS|TAMS 0x000000076f200000, 0x000000076f200000| Complete 
| 890|0x000000076f400000, 0x000000076f400000, 0x000000076f600000|  0%| F|  |TAMS 0x000000076f400000, 0x000000076f400000| Untracked 
| 891|0x000000076f600000, 0x000000076f600000, 0x000000076f800000|  0%| F|  |TAMS 0x000000076f600000, 0x000000076f600000| Untracked 
| 892|0x000000076f800000, 0x000000076f800000, 0x000000076fa00000|  0%| F|  |TAMS 0x000000076f800000, 0x000000076f800000| Untracked 
| 893|0x000000076fa00000, 0x000000076fa00000, 0x000000076fc00000|  0%| F|  |TAMS 0x000000076fa00000, 0x000000076fa00000| Untracked 
| 894|0x000000076fc00000, 0x000000076fc00000, 0x000000076fe00000|  0%| F|  |TAMS 0x000000076fc00000, 0x000000076fc00000| Untracked 
| 895|0x000000076fe00000, 0x000000076fe00000, 0x0000000770000000|  0%| F|  |TAMS 0x000000076fe00000, 0x000000076fe00000| Untracked 
| 896|0x0000000770000000, 0x0000000770000000, 0x0000000770200000|  0%| F|  |TAMS 0x0000000770000000, 0x0000000770000000| Untracked 
| 897|0x0000000770200000, 0x0000000770200000, 0x0000000770400000|  0%| F|  |TAMS 0x0000000770200000, 0x0000000770200000| Untracked 
| 898|0x0000000770400000, 0x0000000770400000, 0x0000000770600000|  0%| F|  |TAMS 0x0000000770400000, 0x0000000770400000| Untracked 
| 899|0x0000000770600000, 0x0000000770800000, 0x0000000770800000|100%| S|CS|TAMS 0x0000000770600000, 0x0000000770600000| Complete 
| 900|0x0000000770800000, 0x0000000770a00000, 0x0000000770a00000|100%| S|CS|TAMS 0x0000000770800000, 0x0000000770800000| Complete 
| 901|0x0000000770a00000, 0x0000000770c00000, 0x0000000770c00000|100%| S|CS|TAMS 0x0000000770a00000, 0x0000000770a00000| Complete 
| 902|0x0000000770c00000, 0x0000000770e00000, 0x0000000770e00000|100%| S|CS|TAMS 0x0000000770c00000, 0x0000000770c00000| Complete 
| 903|0x0000000770e00000, 0x0000000771000000, 0x0000000771000000|100%| S|CS|TAMS 0x0000000770e00000, 0x0000000770e00000| Complete 
| 904|0x0000000771000000, 0x0000000771200000, 0x0000000771200000|100%| S|CS|TAMS 0x0000000771000000, 0x0000000771000000| Complete 
| 905|0x0000000771200000, 0x0000000771400000, 0x0000000771400000|100%| S|CS|TAMS 0x0000000771200000, 0x0000000771200000| Complete 
| 906|0x0000000771400000, 0x0000000771600000, 0x0000000771600000|100%| S|CS|TAMS 0x0000000771400000, 0x0000000771400000| Complete 
| 907|0x0000000771600000, 0x0000000771600000, 0x0000000771800000|  0%| F|  |TAMS 0x0000000771600000, 0x0000000771600000| Untracked 
| 908|0x0000000771800000, 0x0000000771800000, 0x0000000771a00000|  0%| F|  |TAMS 0x0000000771800000, 0x0000000771800000| Untracked 
| 909|0x0000000771a00000, 0x0000000771a00000, 0x0000000771c00000|  0%| F|  |TAMS 0x0000000771a00000, 0x0000000771a00000| Untracked 
| 910|0x0000000771c00000, 0x0000000771c00000, 0x0000000771e00000|  0%| F|  |TAMS 0x0000000771c00000, 0x0000000771c00000| Untracked 
| 911|0x0000000771e00000, 0x0000000771e00000, 0x0000000772000000|  0%| F|  |TAMS 0x0000000771e00000, 0x0000000771e00000| Untracked 
| 912|0x0000000772000000, 0x0000000772000000, 0x0000000772200000|  0%| F|  |TAMS 0x0000000772000000, 0x0000000772000000| Untracked 
| 913|0x0000000772200000, 0x0000000772200000, 0x0000000772400000|  0%| F|  |TAMS 0x0000000772200000, 0x0000000772200000| Untracked 
| 914|0x0000000772400000, 0x0000000772400000, 0x0000000772600000|  0%| F|  |TAMS 0x0000000772400000, 0x0000000772400000| Untracked 
| 915|0x0000000772600000, 0x0000000772600000, 0x0000000772800000|  0%| F|  |TAMS 0x0000000772600000, 0x0000000772600000| Untracked 
| 916|0x0000000772800000, 0x0000000772800000, 0x0000000772a00000|  0%| F|  |TAMS 0x0000000772800000, 0x0000000772800000| Untracked 
| 917|0x0000000772a00000, 0x0000000772a00000, 0x0000000772c00000|  0%| F|  |TAMS 0x0000000772a00000, 0x0000000772a00000| Untracked 
| 918|0x0000000772c00000, 0x0000000772c00000, 0x0000000772e00000|  0%| F|  |TAMS 0x0000000772c00000, 0x0000000772c00000| Untracked 
| 919|0x0000000772e00000, 0x0000000772e00000, 0x0000000773000000|  0%| F|  |TAMS 0x0000000772e00000, 0x0000000772e00000| Untracked 
| 920|0x0000000773000000, 0x0000000773000000, 0x0000000773200000|  0%| F|  |TAMS 0x0000000773000000, 0x0000000773000000| Untracked 
| 921|0x0000000773200000, 0x0000000773200000, 0x0000000773400000|  0%| F|  |TAMS 0x0000000773200000, 0x0000000773200000| Untracked 
| 922|0x0000000773400000, 0x0000000773400000, 0x0000000773600000|  0%| F|  |TAMS 0x0000000773400000, 0x0000000773400000| Untracked 
| 923|0x0000000773600000, 0x0000000773600000, 0x0000000773800000|  0%| F|  |TAMS 0x0000000773600000, 0x0000000773600000| Untracked 
| 924|0x0000000773800000, 0x0000000773800000, 0x0000000773a00000|  0%| F|  |TAMS 0x0000000773800000, 0x0000000773800000| Untracked 
| 925|0x0000000773a00000, 0x0000000773a00000, 0x0000000773c00000|  0%| F|  |TAMS 0x0000000773a00000, 0x0000000773a00000| Untracked 
| 926|0x0000000773c00000, 0x0000000773c00000, 0x0000000773e00000|  0%| F|  |TAMS 0x0000000773c00000, 0x0000000773c00000| Untracked 
| 927|0x0000000773e00000, 0x0000000773e00000, 0x0000000774000000|  0%| F|  |TAMS 0x0000000773e00000, 0x0000000773e00000| Untracked 
| 928|0x0000000774000000, 0x0000000774000000, 0x0000000774200000|  0%| F|  |TAMS 0x0000000774000000, 0x0000000774000000| Untracked 
| 929|0x0000000774200000, 0x0000000774200000, 0x0000000774400000|  0%| F|  |TAMS 0x0000000774200000, 0x0000000774200000| Untracked 
| 930|0x0000000774400000, 0x0000000774400000, 0x0000000774600000|  0%| F|  |TAMS 0x0000000774400000, 0x0000000774400000| Untracked 
| 931|0x0000000774600000, 0x0000000774600000, 0x0000000774800000|  0%| F|  |TAMS 0x0000000774600000, 0x0000000774600000| Untracked 
| 932|0x0000000774800000, 0x0000000774800000, 0x0000000774a00000|  0%| F|  |TAMS 0x0000000774800000, 0x0000000774800000| Untracked 
| 933|0x0000000774a00000, 0x0000000774a00000, 0x0000000774c00000|  0%| F|  |TAMS 0x0000000774a00000, 0x0000000774a00000| Untracked 
| 934|0x0000000774c00000, 0x0000000774c00000, 0x0000000774e00000|  0%| F|  |TAMS 0x0000000774c00000, 0x0000000774c00000| Untracked 
| 935|0x0000000774e00000, 0x0000000774e00000, 0x0000000775000000|  0%| F|  |TAMS 0x0000000774e00000, 0x0000000774e00000| Untracked 
| 936|0x0000000775000000, 0x0000000775000000, 0x0000000775200000|  0%| F|  |TAMS 0x0000000775000000, 0x0000000775000000| Untracked 
| 937|0x0000000775200000, 0x0000000775200000, 0x0000000775400000|  0%| F|  |TAMS 0x0000000775200000, 0x0000000775200000| Untracked 
| 938|0x0000000775400000, 0x0000000775400000, 0x0000000775600000|  0%| F|  |TAMS 0x0000000775400000, 0x0000000775400000| Untracked 
| 939|0x0000000775600000, 0x0000000775600000, 0x0000000775800000|  0%| F|  |TAMS 0x0000000775600000, 0x0000000775600000| Untracked 
| 940|0x0000000775800000, 0x0000000775800000, 0x0000000775a00000|  0%| F|  |TAMS 0x0000000775800000, 0x0000000775800000| Untracked 
| 941|0x0000000775a00000, 0x0000000775a00000, 0x0000000775c00000|  0%| F|  |TAMS 0x0000000775a00000, 0x0000000775a00000| Untracked 
| 942|0x0000000775c00000, 0x0000000775c00000, 0x0000000775e00000|  0%| F|  |TAMS 0x0000000775c00000, 0x0000000775c00000| Untracked 
| 943|0x0000000775e00000, 0x0000000775e00000, 0x0000000776000000|  0%| F|  |TAMS 0x0000000775e00000, 0x0000000775e00000| Untracked 
| 944|0x0000000776000000, 0x0000000776000000, 0x0000000776200000|  0%| F|  |TAMS 0x0000000776000000, 0x0000000776000000| Untracked 
| 945|0x0000000776200000, 0x0000000776200000, 0x0000000776400000|  0%| F|  |TAMS 0x0000000776200000, 0x0000000776200000| Untracked 
| 946|0x0000000776400000, 0x0000000776400000, 0x0000000776600000|  0%| F|  |TAMS 0x0000000776400000, 0x0000000776400000| Untracked 
| 947|0x0000000776600000, 0x0000000776600000, 0x0000000776800000|  0%| F|  |TAMS 0x0000000776600000, 0x0000000776600000| Untracked 
| 948|0x0000000776800000, 0x0000000776800000, 0x0000000776a00000|  0%| F|  |TAMS 0x0000000776800000, 0x0000000776800000| Untracked 
| 949|0x0000000776a00000, 0x0000000776a00000, 0x0000000776c00000|  0%| F|  |TAMS 0x0000000776a00000, 0x0000000776a00000| Untracked 
| 950|0x0000000776c00000, 0x0000000776c00000, 0x0000000776e00000|  0%| F|  |TAMS 0x0000000776c00000, 0x0000000776c00000| Untracked 
| 951|0x0000000776e00000, 0x0000000776e00000, 0x0000000777000000|  0%| F|  |TAMS 0x0000000776e00000, 0x0000000776e00000| Untracked 
| 952|0x0000000777000000, 0x0000000777000000, 0x0000000777200000|  0%| F|  |TAMS 0x0000000777000000, 0x0000000777000000| Untracked 
| 953|0x0000000777200000, 0x0000000777200000, 0x0000000777400000|  0%| F|  |TAMS 0x0000000777200000, 0x0000000777200000| Untracked 
| 954|0x0000000777400000, 0x0000000777400000, 0x0000000777600000|  0%| F|  |TAMS 0x0000000777400000, 0x0000000777400000| Untracked 
| 955|0x0000000777600000, 0x0000000777600000, 0x0000000777800000|  0%| F|  |TAMS 0x0000000777600000, 0x0000000777600000| Untracked 
| 956|0x0000000777800000, 0x0000000777800000, 0x0000000777a00000|  0%| F|  |TAMS 0x0000000777800000, 0x0000000777800000| Untracked 
| 957|0x0000000777a00000, 0x0000000777a00000, 0x0000000777c00000|  0%| F|  |TAMS 0x0000000777a00000, 0x0000000777a00000| Untracked 
| 958|0x0000000777c00000, 0x0000000777c00000, 0x0000000777e00000|  0%| F|  |TAMS 0x0000000777c00000, 0x0000000777c00000| Untracked 
| 959|0x0000000777e00000, 0x0000000777e00000, 0x0000000778000000|  0%| F|  |TAMS 0x0000000777e00000, 0x0000000777e00000| Untracked 
| 960|0x0000000778000000, 0x0000000778000000, 0x0000000778200000|  0%| F|  |TAMS 0x0000000778000000, 0x0000000778000000| Untracked 
| 961|0x0000000778200000, 0x0000000778200000, 0x0000000778400000|  0%| F|  |TAMS 0x0000000778200000, 0x0000000778200000| Untracked 
| 962|0x0000000778400000, 0x0000000778400000, 0x0000000778600000|  0%| F|  |TAMS 0x0000000778400000, 0x0000000778400000| Untracked 
| 963|0x0000000778600000, 0x0000000778600000, 0x0000000778800000|  0%| F|  |TAMS 0x0000000778600000, 0x0000000778600000| Untracked 
| 964|0x0000000778800000, 0x0000000778800000, 0x0000000778a00000|  0%| F|  |TAMS 0x0000000778800000, 0x0000000778800000| Untracked 
| 965|0x0000000778a00000, 0x0000000778a00000, 0x0000000778c00000|  0%| F|  |TAMS 0x0000000778a00000, 0x0000000778a00000| Untracked 
| 966|0x0000000778c00000, 0x0000000778c00000, 0x0000000778e00000|  0%| F|  |TAMS 0x0000000778c00000, 0x0000000778c00000| Untracked 
| 967|0x0000000778e00000, 0x0000000778e00000, 0x0000000779000000|  0%| F|  |TAMS 0x0000000778e00000, 0x0000000778e00000| Untracked 
| 968|0x0000000779000000, 0x0000000779000000, 0x0000000779200000|  0%| F|  |TAMS 0x0000000779000000, 0x0000000779000000| Untracked 
| 969|0x0000000779200000, 0x0000000779200000, 0x0000000779400000|  0%| F|  |TAMS 0x0000000779200000, 0x0000000779200000| Untracked 
| 970|0x0000000779400000, 0x0000000779400000, 0x0000000779600000|  0%| F|  |TAMS 0x0000000779400000, 0x0000000779400000| Untracked 
| 971|0x0000000779600000, 0x0000000779600000, 0x0000000779800000|  0%| F|  |TAMS 0x0000000779600000, 0x0000000779600000| Untracked 
| 972|0x0000000779800000, 0x0000000779800000, 0x0000000779a00000|  0%| F|  |TAMS 0x0000000779800000, 0x0000000779800000| Untracked 
| 973|0x0000000779a00000, 0x0000000779a00000, 0x0000000779c00000|  0%| F|  |TAMS 0x0000000779a00000, 0x0000000779a00000| Untracked 
| 974|0x0000000779c00000, 0x0000000779c00000, 0x0000000779e00000|  0%| F|  |TAMS 0x0000000779c00000, 0x0000000779c00000| Untracked 
| 975|0x0000000779e00000, 0x0000000779e00000, 0x000000077a000000|  0%| F|  |TAMS 0x0000000779e00000, 0x0000000779e00000| Untracked 
| 976|0x000000077a000000, 0x000000077a000000, 0x000000077a200000|  0%| F|  |TAMS 0x000000077a000000, 0x000000077a000000| Untracked 
| 977|0x000000077a200000, 0x000000077a200000, 0x000000077a400000|  0%| F|  |TAMS 0x000000077a200000, 0x000000077a200000| Untracked 
| 978|0x000000077a400000, 0x000000077a400000, 0x000000077a600000|  0%| F|  |TAMS 0x000000077a400000, 0x000000077a400000| Untracked 
| 979|0x000000077a600000, 0x000000077a600000, 0x000000077a800000|  0%| F|  |TAMS 0x000000077a600000, 0x000000077a600000| Untracked 
| 980|0x000000077a800000, 0x000000077a800000, 0x000000077aa00000|  0%| F|  |TAMS 0x000000077a800000, 0x000000077a800000| Untracked 
| 981|0x000000077aa00000, 0x000000077aa00000, 0x000000077ac00000|  0%| F|  |TAMS 0x000000077aa00000, 0x000000077aa00000| Untracked 
| 982|0x000000077ac00000, 0x000000077ac00000, 0x000000077ae00000|  0%| F|  |TAMS 0x000000077ac00000, 0x000000077ac00000| Untracked 
| 983|0x000000077ae00000, 0x000000077ae00000, 0x000000077b000000|  0%| F|  |TAMS 0x000000077ae00000, 0x000000077ae00000| Untracked 
| 984|0x000000077b000000, 0x000000077b000000, 0x000000077b200000|  0%| F|  |TAMS 0x000000077b000000, 0x000000077b000000| Untracked 
| 985|0x000000077b200000, 0x000000077b200000, 0x000000077b400000|  0%| F|  |TAMS 0x000000077b200000, 0x000000077b200000| Untracked 
| 986|0x000000077b400000, 0x000000077b400000, 0x000000077b600000|  0%| F|  |TAMS 0x000000077b400000, 0x000000077b400000| Untracked 
| 987|0x000000077b600000, 0x000000077b600000, 0x000000077b800000|  0%| F|  |TAMS 0x000000077b600000, 0x000000077b600000| Untracked 
| 988|0x000000077b800000, 0x000000077b800000, 0x000000077ba00000|  0%| F|  |TAMS 0x000000077b800000, 0x000000077b800000| Untracked 
| 989|0x000000077ba00000, 0x000000077ba00000, 0x000000077bc00000|  0%| F|  |TAMS 0x000000077ba00000, 0x000000077ba00000| Untracked 
| 990|0x000000077bc00000, 0x000000077bc00000, 0x000000077be00000|  0%| F|  |TAMS 0x000000077bc00000, 0x000000077bc00000| Untracked 
| 991|0x000000077be00000, 0x000000077be00000, 0x000000077c000000|  0%| F|  |TAMS 0x000000077be00000, 0x000000077be00000| Untracked 
| 992|0x000000077c000000, 0x000000077c000000, 0x000000077c200000|  0%| F|  |TAMS 0x000000077c000000, 0x000000077c000000| Untracked 
| 993|0x000000077c200000, 0x000000077c200000, 0x000000077c400000|  0%| F|  |TAMS 0x000000077c200000, 0x000000077c200000| Untracked 
| 994|0x000000077c400000, 0x000000077c400000, 0x000000077c600000|  0%| F|  |TAMS 0x000000077c400000, 0x000000077c400000| Untracked 
| 995|0x000000077c600000, 0x000000077c600000, 0x000000077c800000|  0%| F|  |TAMS 0x000000077c600000, 0x000000077c600000| Untracked 
| 996|0x000000077c800000, 0x000000077c800000, 0x000000077ca00000|  0%| F|  |TAMS 0x000000077c800000, 0x000000077c800000| Untracked 
| 997|0x000000077ca00000, 0x000000077ca00000, 0x000000077cc00000|  0%| F|  |TAMS 0x000000077ca00000, 0x000000077ca00000| Untracked 
| 998|0x000000077cc00000, 0x000000077cc00000, 0x000000077ce00000|  0%| F|  |TAMS 0x000000077cc00000, 0x000000077cc00000| Untracked 
| 999|0x000000077ce00000, 0x000000077ce00000, 0x000000077d000000|  0%| F|  |TAMS 0x000000077ce00000, 0x000000077ce00000| Untracked 
|1000|0x000000077d000000, 0x000000077d000000, 0x000000077d200000|  0%| F|  |TAMS 0x000000077d000000, 0x000000077d000000| Untracked 
|1001|0x000000077d200000, 0x000000077d200000, 0x000000077d400000|  0%| F|  |TAMS 0x000000077d200000, 0x000000077d200000| Untracked 
|1002|0x000000077d400000, 0x000000077d400000, 0x000000077d600000|  0%| F|  |TAMS 0x000000077d400000, 0x000000077d400000| Untracked 
|1003|0x000000077d600000, 0x000000077d600000, 0x000000077d800000|  0%| F|  |TAMS 0x000000077d600000, 0x000000077d600000| Untracked 
|1004|0x000000077d800000, 0x000000077d800000, 0x000000077da00000|  0%| F|  |TAMS 0x000000077d800000, 0x000000077d800000| Untracked 
|1005|0x000000077da00000, 0x000000077da00000, 0x000000077dc00000|  0%| F|  |TAMS 0x000000077da00000, 0x000000077da00000| Untracked 
|1006|0x000000077dc00000, 0x000000077dc00000, 0x000000077de00000|  0%| F|  |TAMS 0x000000077dc00000, 0x000000077dc00000| Untracked 
|1007|0x000000077de00000, 0x000000077de00000, 0x000000077e000000|  0%| F|  |TAMS 0x000000077de00000, 0x000000077de00000| Untracked 
|1008|0x000000077e000000, 0x000000077e000000, 0x000000077e200000|  0%| F|  |TAMS 0x000000077e000000, 0x000000077e000000| Untracked 
|1009|0x000000077e200000, 0x000000077e200000, 0x000000077e400000|  0%| F|  |TAMS 0x000000077e200000, 0x000000077e200000| Untracked 
|1010|0x000000077e400000, 0x000000077e400000, 0x000000077e600000|  0%| F|  |TAMS 0x000000077e400000, 0x000000077e400000| Untracked 
|1011|0x000000077e600000, 0x000000077e600000, 0x000000077e800000|  0%| F|  |TAMS 0x000000077e600000, 0x000000077e600000| Untracked 
|1012|0x000000077e800000, 0x000000077e800000, 0x000000077ea00000|  0%| F|  |TAMS 0x000000077e800000, 0x000000077e800000| Untracked 
|1013|0x000000077ea00000, 0x000000077ea00000, 0x000000077ec00000|  0%| F|  |TAMS 0x000000077ea00000, 0x000000077ea00000| Untracked 
|1014|0x000000077ec00000, 0x000000077ec00000, 0x000000077ee00000|  0%| F|  |TAMS 0x000000077ec00000, 0x000000077ec00000| Untracked 
|1015|0x000000077ee00000, 0x000000077ee00000, 0x000000077f000000|  0%| F|  |TAMS 0x000000077ee00000, 0x000000077ee00000| Untracked 
|1016|0x000000077f000000, 0x000000077f000000, 0x000000077f200000|  0%| F|  |TAMS 0x000000077f000000, 0x000000077f000000| Untracked 
|1017|0x000000077f200000, 0x000000077f200000, 0x000000077f400000|  0%| F|  |TAMS 0x000000077f200000, 0x000000077f200000| Untracked 
|1018|0x000000077f400000, 0x000000077f400000, 0x000000077f600000|  0%| F|  |TAMS 0x000000077f400000, 0x000000077f400000| Untracked 
|1019|0x000000077f600000, 0x000000077f600000, 0x000000077f800000|  0%| F|  |TAMS 0x000000077f600000, 0x000000077f600000| Untracked 
|1020|0x000000077f800000, 0x000000077f800000, 0x000000077fa00000|  0%| F|  |TAMS 0x000000077f800000, 0x000000077f800000| Untracked 
|1021|0x000000077fa00000, 0x000000077fa00000, 0x000000077fc00000|  0%| F|  |TAMS 0x000000077fa00000, 0x000000077fa00000| Untracked 
|1022|0x000000077fc00000, 0x000000077fc00000, 0x000000077fe00000|  0%| F|  |TAMS 0x000000077fc00000, 0x000000077fc00000| Untracked 
|1023|0x000000077fe00000, 0x000000077fe00000, 0x0000000780000000|  0%| F|  |TAMS 0x000000077fe00000, 0x000000077fe00000| Untracked 
|1024|0x0000000780000000, 0x0000000780000000, 0x0000000780200000|  0%| F|  |TAMS 0x0000000780000000, 0x0000000780000000| Untracked 
|1025|0x0000000780200000, 0x0000000780200000, 0x0000000780400000|  0%| F|  |TAMS 0x0000000780200000, 0x0000000780200000| Untracked 
|1026|0x0000000780400000, 0x0000000780400000, 0x0000000780600000|  0%| F|  |TAMS 0x0000000780400000, 0x0000000780400000| Untracked 
|1027|0x0000000780600000, 0x0000000780600000, 0x0000000780800000|  0%| F|  |TAMS 0x0000000780600000, 0x0000000780600000| Untracked 
|1028|0x0000000780800000, 0x0000000780800000, 0x0000000780a00000|  0%| F|  |TAMS 0x0000000780800000, 0x0000000780800000| Untracked 
|1029|0x0000000780a00000, 0x0000000780a00000, 0x0000000780c00000|  0%| F|  |TAMS 0x0000000780a00000, 0x0000000780a00000| Untracked 
|1030|0x0000000780c00000, 0x0000000780c00000, 0x0000000780e00000|  0%| F|  |TAMS 0x0000000780c00000, 0x0000000780c00000| Untracked 
|1031|0x0000000780e00000, 0x0000000780e00000, 0x0000000781000000|  0%| F|  |TAMS 0x0000000780e00000, 0x0000000780e00000| Untracked 
|1032|0x0000000781000000, 0x0000000781000000, 0x0000000781200000|  0%| F|  |TAMS 0x0000000781000000, 0x0000000781000000| Untracked 
|1033|0x0000000781200000, 0x0000000781200000, 0x0000000781400000|  0%| F|  |TAMS 0x0000000781200000, 0x0000000781200000| Untracked 
|1034|0x0000000781400000, 0x0000000781400000, 0x0000000781600000|  0%| F|  |TAMS 0x0000000781400000, 0x0000000781400000| Untracked 
|1035|0x0000000781600000, 0x0000000781600000, 0x0000000781800000|  0%| F|  |TAMS 0x0000000781600000, 0x0000000781600000| Untracked 
|1036|0x0000000781800000, 0x0000000781800000, 0x0000000781a00000|  0%| F|  |TAMS 0x0000000781800000, 0x0000000781800000| Untracked 
|1037|0x0000000781a00000, 0x0000000781a00000, 0x0000000781c00000|  0%| F|  |TAMS 0x0000000781a00000, 0x0000000781a00000| Untracked 
|1038|0x0000000781c00000, 0x0000000781c00000, 0x0000000781e00000|  0%| F|  |TAMS 0x0000000781c00000, 0x0000000781c00000| Untracked 
|1039|0x0000000781e00000, 0x0000000781e00000, 0x0000000782000000|  0%| F|  |TAMS 0x0000000781e00000, 0x0000000781e00000| Untracked 
|1040|0x0000000782000000, 0x0000000782000000, 0x0000000782200000|  0%| F|  |TAMS 0x0000000782000000, 0x0000000782000000| Untracked 
|1041|0x0000000782200000, 0x0000000782200000, 0x0000000782400000|  0%| F|  |TAMS 0x0000000782200000, 0x0000000782200000| Untracked 
|1042|0x0000000782400000, 0x0000000782400000, 0x0000000782600000|  0%| F|  |TAMS 0x0000000782400000, 0x0000000782400000| Untracked 
|1043|0x0000000782600000, 0x0000000782600000, 0x0000000782800000|  0%| F|  |TAMS 0x0000000782600000, 0x0000000782600000| Untracked 
|1044|0x0000000782800000, 0x0000000782800000, 0x0000000782a00000|  0%| F|  |TAMS 0x0000000782800000, 0x0000000782800000| Untracked 
|1045|0x0000000782a00000, 0x0000000782a00000, 0x0000000782c00000|  0%| F|  |TAMS 0x0000000782a00000, 0x0000000782a00000| Untracked 
|1046|0x0000000782c00000, 0x0000000782c00000, 0x0000000782e00000|  0%| F|  |TAMS 0x0000000782c00000, 0x0000000782c00000| Untracked 
|1047|0x0000000782e00000, 0x0000000782e00000, 0x0000000783000000|  0%| F|  |TAMS 0x0000000782e00000, 0x0000000782e00000| Untracked 
|1048|0x0000000783000000, 0x0000000783000000, 0x0000000783200000|  0%| F|  |TAMS 0x0000000783000000, 0x0000000783000000| Untracked 
|1049|0x0000000783200000, 0x0000000783200000, 0x0000000783400000|  0%| F|  |TAMS 0x0000000783200000, 0x0000000783200000| Untracked 
|1050|0x0000000783400000, 0x0000000783400000, 0x0000000783600000|  0%| F|  |TAMS 0x0000000783400000, 0x0000000783400000| Untracked 
|1051|0x0000000783600000, 0x0000000783600000, 0x0000000783800000|  0%| F|  |TAMS 0x0000000783600000, 0x0000000783600000| Untracked 
|1052|0x0000000783800000, 0x0000000783800000, 0x0000000783a00000|  0%| F|  |TAMS 0x0000000783800000, 0x0000000783800000| Untracked 
|1053|0x0000000783a00000, 0x0000000783a00000, 0x0000000783c00000|  0%| F|  |TAMS 0x0000000783a00000, 0x0000000783a00000| Untracked 
|1054|0x0000000783c00000, 0x0000000783c00000, 0x0000000783e00000|  0%| F|  |TAMS 0x0000000783c00000, 0x0000000783c00000| Untracked 
|1055|0x0000000783e00000, 0x0000000783e00000, 0x0000000784000000|  0%| F|  |TAMS 0x0000000783e00000, 0x0000000783e00000| Untracked 
|1056|0x0000000784000000, 0x0000000784000000, 0x0000000784200000|  0%| F|  |TAMS 0x0000000784000000, 0x0000000784000000| Untracked 
|1057|0x0000000784200000, 0x0000000784200000, 0x0000000784400000|  0%| F|  |TAMS 0x0000000784200000, 0x0000000784200000| Untracked 
|1058|0x0000000784400000, 0x0000000784400000, 0x0000000784600000|  0%| F|  |TAMS 0x0000000784400000, 0x0000000784400000| Untracked 
|1059|0x0000000784600000, 0x0000000784600000, 0x0000000784800000|  0%| F|  |TAMS 0x0000000784600000, 0x0000000784600000| Untracked 
|1060|0x0000000784800000, 0x0000000784800000, 0x0000000784a00000|  0%| F|  |TAMS 0x0000000784800000, 0x0000000784800000| Untracked 
|1061|0x0000000784a00000, 0x0000000784a00000, 0x0000000784c00000|  0%| F|  |TAMS 0x0000000784a00000, 0x0000000784a00000| Untracked 
|1062|0x0000000784c00000, 0x0000000784c00000, 0x0000000784e00000|  0%| F|  |TAMS 0x0000000784c00000, 0x0000000784c00000| Untracked 
|1063|0x0000000784e00000, 0x0000000784e00000, 0x0000000785000000|  0%| F|  |TAMS 0x0000000784e00000, 0x0000000784e00000| Untracked 
|1064|0x0000000785000000, 0x0000000785000000, 0x0000000785200000|  0%| F|  |TAMS 0x0000000785000000, 0x0000000785000000| Untracked 
|1065|0x0000000785200000, 0x0000000785200000, 0x0000000785400000|  0%| F|  |TAMS 0x0000000785200000, 0x0000000785200000| Untracked 
|1066|0x0000000785400000, 0x0000000785400000, 0x0000000785600000|  0%| F|  |TAMS 0x0000000785400000, 0x0000000785400000| Untracked 
|1067|0x0000000785600000, 0x0000000785600000, 0x0000000785800000|  0%| F|  |TAMS 0x0000000785600000, 0x0000000785600000| Untracked 
|1068|0x0000000785800000, 0x0000000785800000, 0x0000000785a00000|  0%| F|  |TAMS 0x0000000785800000, 0x0000000785800000| Untracked 
|1069|0x0000000785a00000, 0x0000000785a00000, 0x0000000785c00000|  0%| F|  |TAMS 0x0000000785a00000, 0x0000000785a00000| Untracked 
|1070|0x0000000785c00000, 0x0000000785c00000, 0x0000000785e00000|  0%| F|  |TAMS 0x0000000785c00000, 0x0000000785c00000| Untracked 
|1071|0x0000000785e00000, 0x0000000785e00000, 0x0000000786000000|  0%| F|  |TAMS 0x0000000785e00000, 0x0000000785e00000| Untracked 
|1072|0x0000000786000000, 0x0000000786000000, 0x0000000786200000|  0%| F|  |TAMS 0x0000000786000000, 0x0000000786000000| Untracked 
|1073|0x0000000786200000, 0x0000000786200000, 0x0000000786400000|  0%| F|  |TAMS 0x0000000786200000, 0x0000000786200000| Untracked 
|1074|0x0000000786400000, 0x0000000786400000, 0x0000000786600000|  0%| F|  |TAMS 0x0000000786400000, 0x0000000786400000| Untracked 
|1075|0x0000000786600000, 0x0000000786600000, 0x0000000786800000|  0%| F|  |TAMS 0x0000000786600000, 0x0000000786600000| Untracked 
|1076|0x0000000786800000, 0x0000000786800000, 0x0000000786a00000|  0%| F|  |TAMS 0x0000000786800000, 0x0000000786800000| Untracked 
|1077|0x0000000786a00000, 0x0000000786a00000, 0x0000000786c00000|  0%| F|  |TAMS 0x0000000786a00000, 0x0000000786a00000| Untracked 
|1078|0x0000000786c00000, 0x0000000786c00000, 0x0000000786e00000|  0%| F|  |TAMS 0x0000000786c00000, 0x0000000786c00000| Untracked 
|1079|0x0000000786e00000, 0x0000000786e00000, 0x0000000787000000|  0%| F|  |TAMS 0x0000000786e00000, 0x0000000786e00000| Untracked 
|1080|0x0000000787000000, 0x0000000787000000, 0x0000000787200000|  0%| F|  |TAMS 0x0000000787000000, 0x0000000787000000| Untracked 
|1081|0x0000000787200000, 0x0000000787200000, 0x0000000787400000|  0%| F|  |TAMS 0x0000000787200000, 0x0000000787200000| Untracked 
|1082|0x0000000787400000, 0x0000000787400000, 0x0000000787600000|  0%| F|  |TAMS 0x0000000787400000, 0x0000000787400000| Untracked 
|1083|0x0000000787600000, 0x0000000787600000, 0x0000000787800000|  0%| F|  |TAMS 0x0000000787600000, 0x0000000787600000| Untracked 
|1084|0x0000000787800000, 0x0000000787800000, 0x0000000787a00000|  0%| F|  |TAMS 0x0000000787800000, 0x0000000787800000| Untracked 
|1085|0x0000000787a00000, 0x0000000787a00000, 0x0000000787c00000|  0%| F|  |TAMS 0x0000000787a00000, 0x0000000787a00000| Untracked 
|1086|0x0000000787c00000, 0x0000000787c00000, 0x0000000787e00000|  0%| F|  |TAMS 0x0000000787c00000, 0x0000000787c00000| Untracked 
|1087|0x0000000787e00000, 0x0000000787e00000, 0x0000000788000000|  0%| F|  |TAMS 0x0000000787e00000, 0x0000000787e00000| Untracked 
|1088|0x0000000788000000, 0x0000000788000000, 0x0000000788200000|  0%| F|  |TAMS 0x0000000788000000, 0x0000000788000000| Untracked 
|1089|0x0000000788200000, 0x0000000788200000, 0x0000000788400000|  0%| F|  |TAMS 0x0000000788200000, 0x0000000788200000| Untracked 
|1090|0x0000000788400000, 0x0000000788400000, 0x0000000788600000|  0%| F|  |TAMS 0x0000000788400000, 0x0000000788400000| Untracked 
|1091|0x0000000788600000, 0x0000000788600000, 0x0000000788800000|  0%| F|  |TAMS 0x0000000788600000, 0x0000000788600000| Untracked 
|1092|0x0000000788800000, 0x0000000788800000, 0x0000000788a00000|  0%| F|  |TAMS 0x0000000788800000, 0x0000000788800000| Untracked 
|1093|0x0000000788a00000, 0x0000000788a00000, 0x0000000788c00000|  0%| F|  |TAMS 0x0000000788a00000, 0x0000000788a00000| Untracked 
|1094|0x0000000788c00000, 0x0000000788c00000, 0x0000000788e00000|  0%| F|  |TAMS 0x0000000788c00000, 0x0000000788c00000| Untracked 
|1095|0x0000000788e00000, 0x0000000788e00000, 0x0000000789000000|  0%| F|  |TAMS 0x0000000788e00000, 0x0000000788e00000| Untracked 
|1096|0x0000000789000000, 0x0000000789000000, 0x0000000789200000|  0%| F|  |TAMS 0x0000000789000000, 0x0000000789000000| Untracked 
|1097|0x0000000789200000, 0x0000000789200000, 0x0000000789400000|  0%| F|  |TAMS 0x0000000789200000, 0x0000000789200000| Untracked 
|1098|0x0000000789400000, 0x0000000789400000, 0x0000000789600000|  0%| F|  |TAMS 0x0000000789400000, 0x0000000789400000| Untracked 
|1099|0x0000000789600000, 0x0000000789600000, 0x0000000789800000|  0%| F|  |TAMS 0x0000000789600000, 0x0000000789600000| Untracked 
|1100|0x0000000789800000, 0x0000000789800000, 0x0000000789a00000|  0%| F|  |TAMS 0x0000000789800000, 0x0000000789800000| Untracked 
|1101|0x0000000789a00000, 0x0000000789a00000, 0x0000000789c00000|  0%| F|  |TAMS 0x0000000789a00000, 0x0000000789a00000| Untracked 
|1102|0x0000000789c00000, 0x0000000789c00000, 0x0000000789e00000|  0%| F|  |TAMS 0x0000000789c00000, 0x0000000789c00000| Untracked 
|1103|0x0000000789e00000, 0x0000000789e00000, 0x000000078a000000|  0%| F|  |TAMS 0x0000000789e00000, 0x0000000789e00000| Untracked 
|1104|0x000000078a000000, 0x000000078a000000, 0x000000078a200000|  0%| F|  |TAMS 0x000000078a000000, 0x000000078a000000| Untracked 
|1105|0x000000078a200000, 0x000000078a200000, 0x000000078a400000|  0%| F|  |TAMS 0x000000078a200000, 0x000000078a200000| Untracked 
|1106|0x000000078a400000, 0x000000078a400000, 0x000000078a600000|  0%| F|  |TAMS 0x000000078a400000, 0x000000078a400000| Untracked 
|1107|0x000000078a600000, 0x000000078a600000, 0x000000078a800000|  0%| F|  |TAMS 0x000000078a600000, 0x000000078a600000| Untracked 
|1108|0x000000078a800000, 0x000000078a800000, 0x000000078aa00000|  0%| F|  |TAMS 0x000000078a800000, 0x000000078a800000| Untracked 
|1109|0x000000078aa00000, 0x000000078aa00000, 0x000000078ac00000|  0%| F|  |TAMS 0x000000078aa00000, 0x000000078aa00000| Untracked 
|1110|0x000000078ac00000, 0x000000078ac00000, 0x000000078ae00000|  0%| F|  |TAMS 0x000000078ac00000, 0x000000078ac00000| Untracked 
|1111|0x000000078ae00000, 0x000000078ae00000, 0x000000078b000000|  0%| F|  |TAMS 0x000000078ae00000, 0x000000078ae00000| Untracked 
|1112|0x000000078b000000, 0x000000078b000000, 0x000000078b200000|  0%| F|  |TAMS 0x000000078b000000, 0x000000078b000000| Untracked 
|1113|0x000000078b200000, 0x000000078b200000, 0x000000078b400000|  0%| F|  |TAMS 0x000000078b200000, 0x000000078b200000| Untracked 
|1114|0x000000078b400000, 0x000000078b400000, 0x000000078b600000|  0%| F|  |TAMS 0x000000078b400000, 0x000000078b400000| Untracked 
|1115|0x000000078b600000, 0x000000078b600000, 0x000000078b800000|  0%| F|  |TAMS 0x000000078b600000, 0x000000078b600000| Untracked 
|1116|0x000000078b800000, 0x000000078b800000, 0x000000078ba00000|  0%| F|  |TAMS 0x000000078b800000, 0x000000078b800000| Untracked 
|1117|0x000000078ba00000, 0x000000078ba00000, 0x000000078bc00000|  0%| F|  |TAMS 0x000000078ba00000, 0x000000078ba00000| Untracked 
|1118|0x000000078bc00000, 0x000000078bc00000, 0x000000078be00000|  0%| F|  |TAMS 0x000000078bc00000, 0x000000078bc00000| Untracked 
|1119|0x000000078be00000, 0x000000078be00000, 0x000000078c000000|  0%| F|  |TAMS 0x000000078be00000, 0x000000078be00000| Untracked 
|1120|0x000000078c000000, 0x000000078c000000, 0x000000078c200000|  0%| F|  |TAMS 0x000000078c000000, 0x000000078c000000| Untracked 
|1121|0x000000078c200000, 0x000000078c200000, 0x000000078c400000|  0%| F|  |TAMS 0x000000078c200000, 0x000000078c200000| Untracked 
|1122|0x000000078c400000, 0x000000078c400000, 0x000000078c600000|  0%| F|  |TAMS 0x000000078c400000, 0x000000078c400000| Untracked 
|1123|0x000000078c600000, 0x000000078c600000, 0x000000078c800000|  0%| F|  |TAMS 0x000000078c600000, 0x000000078c600000| Untracked 
|1124|0x000000078c800000, 0x000000078c800000, 0x000000078ca00000|  0%| F|  |TAMS 0x000000078c800000, 0x000000078c800000| Untracked 
|1125|0x000000078ca00000, 0x000000078ca00000, 0x000000078cc00000|  0%| F|  |TAMS 0x000000078ca00000, 0x000000078ca00000| Untracked 
|1126|0x000000078cc00000, 0x000000078cc00000, 0x000000078ce00000|  0%| F|  |TAMS 0x000000078cc00000, 0x000000078cc00000| Untracked 
|1127|0x000000078ce00000, 0x000000078ce00000, 0x000000078d000000|  0%| F|  |TAMS 0x000000078ce00000, 0x000000078ce00000| Untracked 
|1128|0x000000078d000000, 0x000000078d000000, 0x000000078d200000|  0%| F|  |TAMS 0x000000078d000000, 0x000000078d000000| Untracked 
|1129|0x000000078d200000, 0x000000078d200000, 0x000000078d400000|  0%| F|  |TAMS 0x000000078d200000, 0x000000078d200000| Untracked 
|1130|0x000000078d400000, 0x000000078d400000, 0x000000078d600000|  0%| F|  |TAMS 0x000000078d400000, 0x000000078d400000| Untracked 
|1131|0x000000078d600000, 0x000000078d600000, 0x000000078d800000|  0%| F|  |TAMS 0x000000078d600000, 0x000000078d600000| Untracked 
|1132|0x000000078d800000, 0x000000078d800000, 0x000000078da00000|  0%| F|  |TAMS 0x000000078d800000, 0x000000078d800000| Untracked 
|1133|0x000000078da00000, 0x000000078da00000, 0x000000078dc00000|  0%| F|  |TAMS 0x000000078da00000, 0x000000078da00000| Untracked 
|1134|0x000000078dc00000, 0x000000078dc00000, 0x000000078de00000|  0%| F|  |TAMS 0x000000078dc00000, 0x000000078dc00000| Untracked 
|1135|0x000000078de00000, 0x000000078de00000, 0x000000078e000000|  0%| F|  |TAMS 0x000000078de00000, 0x000000078de00000| Untracked 
|1136|0x000000078e000000, 0x000000078e000000, 0x000000078e200000|  0%| F|  |TAMS 0x000000078e000000, 0x000000078e000000| Untracked 
|1137|0x000000078e200000, 0x000000078e200000, 0x000000078e400000|  0%| F|  |TAMS 0x000000078e200000, 0x000000078e200000| Untracked 
|1138|0x000000078e400000, 0x000000078e400000, 0x000000078e600000|  0%| F|  |TAMS 0x000000078e400000, 0x000000078e400000| Untracked 
|1139|0x000000078e600000, 0x000000078e600000, 0x000000078e800000|  0%| F|  |TAMS 0x000000078e600000, 0x000000078e600000| Untracked 
|1140|0x000000078e800000, 0x000000078e800000, 0x000000078ea00000|  0%| F|  |TAMS 0x000000078e800000, 0x000000078e800000| Untracked 
|1141|0x000000078ea00000, 0x000000078ea00000, 0x000000078ec00000|  0%| F|  |TAMS 0x000000078ea00000, 0x000000078ea00000| Untracked 
|1142|0x000000078ec00000, 0x000000078ec00000, 0x000000078ee00000|  0%| F|  |TAMS 0x000000078ec00000, 0x000000078ec00000| Untracked 
|1143|0x000000078ee00000, 0x000000078ee00000, 0x000000078f000000|  0%| F|  |TAMS 0x000000078ee00000, 0x000000078ee00000| Untracked 
|1144|0x000000078f000000, 0x000000078f000000, 0x000000078f200000|  0%| F|  |TAMS 0x000000078f000000, 0x000000078f000000| Untracked 
|1145|0x000000078f200000, 0x000000078f200000, 0x000000078f400000|  0%| F|  |TAMS 0x000000078f200000, 0x000000078f200000| Untracked 
|1146|0x000000078f400000, 0x000000078f400000, 0x000000078f600000|  0%| F|  |TAMS 0x000000078f400000, 0x000000078f400000| Untracked 
|1147|0x000000078f600000, 0x000000078f600000, 0x000000078f800000|  0%| F|  |TAMS 0x000000078f600000, 0x000000078f600000| Untracked 
|1148|0x000000078f800000, 0x000000078f800000, 0x000000078fa00000|  0%| F|  |TAMS 0x000000078f800000, 0x000000078f800000| Untracked 
|1149|0x000000078fa00000, 0x000000078fa00000, 0x000000078fc00000|  0%| F|  |TAMS 0x000000078fa00000, 0x000000078fa00000| Untracked 
|1150|0x000000078fc00000, 0x000000078fc00000, 0x000000078fe00000|  0%| F|  |TAMS 0x000000078fc00000, 0x000000078fc00000| Untracked 
|1151|0x000000078fe00000, 0x000000078fe00000, 0x0000000790000000|  0%| F|  |TAMS 0x000000078fe00000, 0x000000078fe00000| Untracked 
|1152|0x0000000790000000, 0x0000000790000000, 0x0000000790200000|  0%| F|  |TAMS 0x0000000790000000, 0x0000000790000000| Untracked 
|1153|0x0000000790200000, 0x0000000790200000, 0x0000000790400000|  0%| F|  |TAMS 0x0000000790200000, 0x0000000790200000| Untracked 
|1154|0x0000000790400000, 0x0000000790400000, 0x0000000790600000|  0%| F|  |TAMS 0x0000000790400000, 0x0000000790400000| Untracked 
|1155|0x0000000790600000, 0x0000000790600000, 0x0000000790800000|  0%| F|  |TAMS 0x0000000790600000, 0x0000000790600000| Untracked 
|1156|0x0000000790800000, 0x0000000790800000, 0x0000000790a00000|  0%| F|  |TAMS 0x0000000790800000, 0x0000000790800000| Untracked 
|1157|0x0000000790a00000, 0x0000000790a00000, 0x0000000790c00000|  0%| F|  |TAMS 0x0000000790a00000, 0x0000000790a00000| Untracked 
|1158|0x0000000790c00000, 0x0000000790c00000, 0x0000000790e00000|  0%| F|  |TAMS 0x0000000790c00000, 0x0000000790c00000| Untracked 
|1159|0x0000000790e00000, 0x0000000790e00000, 0x0000000791000000|  0%| F|  |TAMS 0x0000000790e00000, 0x0000000790e00000| Untracked 
|1160|0x0000000791000000, 0x0000000791000000, 0x0000000791200000|  0%| F|  |TAMS 0x0000000791000000, 0x0000000791000000| Untracked 
|1161|0x0000000791200000, 0x0000000791200000, 0x0000000791400000|  0%| F|  |TAMS 0x0000000791200000, 0x0000000791200000| Untracked 
|1162|0x0000000791400000, 0x0000000791400000, 0x0000000791600000|  0%| F|  |TAMS 0x0000000791400000, 0x0000000791400000| Untracked 
|1163|0x0000000791600000, 0x0000000791600000, 0x0000000791800000|  0%| F|  |TAMS 0x0000000791600000, 0x0000000791600000| Untracked 
|1164|0x0000000791800000, 0x0000000791800000, 0x0000000791a00000|  0%| F|  |TAMS 0x0000000791800000, 0x0000000791800000| Untracked 
|1165|0x0000000791a00000, 0x0000000791a00000, 0x0000000791c00000|  0%| F|  |TAMS 0x0000000791a00000, 0x0000000791a00000| Untracked 
|1166|0x0000000791c00000, 0x0000000791c00000, 0x0000000791e00000|  0%| F|  |TAMS 0x0000000791c00000, 0x0000000791c00000| Untracked 
|1167|0x0000000791e00000, 0x0000000791e00000, 0x0000000792000000|  0%| F|  |TAMS 0x0000000791e00000, 0x0000000791e00000| Untracked 
|1168|0x0000000792000000, 0x0000000792000000, 0x0000000792200000|  0%| F|  |TAMS 0x0000000792000000, 0x0000000792000000| Untracked 
|1169|0x0000000792200000, 0x0000000792200000, 0x0000000792400000|  0%| F|  |TAMS 0x0000000792200000, 0x0000000792200000| Untracked 
|1170|0x0000000792400000, 0x0000000792400000, 0x0000000792600000|  0%| F|  |TAMS 0x0000000792400000, 0x0000000792400000| Untracked 
|1171|0x0000000792600000, 0x0000000792600000, 0x0000000792800000|  0%| F|  |TAMS 0x0000000792600000, 0x0000000792600000| Untracked 
|1172|0x0000000792800000, 0x0000000792800000, 0x0000000792a00000|  0%| F|  |TAMS 0x0000000792800000, 0x0000000792800000| Untracked 
|1173|0x0000000792a00000, 0x0000000792a00000, 0x0000000792c00000|  0%| F|  |TAMS 0x0000000792a00000, 0x0000000792a00000| Untracked 
|1174|0x0000000792c00000, 0x0000000792c00000, 0x0000000792e00000|  0%| F|  |TAMS 0x0000000792c00000, 0x0000000792c00000| Untracked 
|1175|0x0000000792e00000, 0x0000000792e00000, 0x0000000793000000|  0%| F|  |TAMS 0x0000000792e00000, 0x0000000792e00000| Untracked 
|1176|0x0000000793000000, 0x0000000793000000, 0x0000000793200000|  0%| F|  |TAMS 0x0000000793000000, 0x0000000793000000| Untracked 
|1177|0x0000000793200000, 0x0000000793200000, 0x0000000793400000|  0%| F|  |TAMS 0x0000000793200000, 0x0000000793200000| Untracked 
|1178|0x0000000793400000, 0x0000000793400000, 0x0000000793600000|  0%| F|  |TAMS 0x0000000793400000, 0x0000000793400000| Untracked 
|1179|0x0000000793600000, 0x0000000793600000, 0x0000000793800000|  0%| F|  |TAMS 0x0000000793600000, 0x0000000793600000| Untracked 
|1180|0x0000000793800000, 0x0000000793800000, 0x0000000793a00000|  0%| F|  |TAMS 0x0000000793800000, 0x0000000793800000| Untracked 
|1181|0x0000000793a00000, 0x0000000793a00000, 0x0000000793c00000|  0%| F|  |TAMS 0x0000000793a00000, 0x0000000793a00000| Untracked 
|1182|0x0000000793c00000, 0x0000000793c00000, 0x0000000793e00000|  0%| F|  |TAMS 0x0000000793c00000, 0x0000000793c00000| Untracked 
|1183|0x0000000793e00000, 0x0000000793e00000, 0x0000000794000000|  0%| F|  |TAMS 0x0000000793e00000, 0x0000000793e00000| Untracked 
|1184|0x0000000794000000, 0x0000000794000000, 0x0000000794200000|  0%| F|  |TAMS 0x0000000794000000, 0x0000000794000000| Untracked 
|1185|0x0000000794200000, 0x0000000794200000, 0x0000000794400000|  0%| F|  |TAMS 0x0000000794200000, 0x0000000794200000| Untracked 
|1186|0x0000000794400000, 0x0000000794400000, 0x0000000794600000|  0%| F|  |TAMS 0x0000000794400000, 0x0000000794400000| Untracked 
|1187|0x0000000794600000, 0x0000000794600000, 0x0000000794800000|  0%| F|  |TAMS 0x0000000794600000, 0x0000000794600000| Untracked 
|1188|0x0000000794800000, 0x0000000794800000, 0x0000000794a00000|  0%| F|  |TAMS 0x0000000794800000, 0x0000000794800000| Untracked 
|1189|0x0000000794a00000, 0x0000000794a00000, 0x0000000794c00000|  0%| F|  |TAMS 0x0000000794a00000, 0x0000000794a00000| Untracked 
|1190|0x0000000794c00000, 0x0000000794c00000, 0x0000000794e00000|  0%| F|  |TAMS 0x0000000794c00000, 0x0000000794c00000| Untracked 
|1191|0x0000000794e00000, 0x0000000794e00000, 0x0000000795000000|  0%| F|  |TAMS 0x0000000794e00000, 0x0000000794e00000| Untracked 
|1192|0x0000000795000000, 0x0000000795000000, 0x0000000795200000|  0%| F|  |TAMS 0x0000000795000000, 0x0000000795000000| Untracked 
|1193|0x0000000795200000, 0x0000000795200000, 0x0000000795400000|  0%| F|  |TAMS 0x0000000795200000, 0x0000000795200000| Untracked 
|1194|0x0000000795400000, 0x0000000795400000, 0x0000000795600000|  0%| F|  |TAMS 0x0000000795400000, 0x0000000795400000| Untracked 
|1195|0x0000000795600000, 0x0000000795600000, 0x0000000795800000|  0%| F|  |TAMS 0x0000000795600000, 0x0000000795600000| Untracked 
|1196|0x0000000795800000, 0x0000000795800000, 0x0000000795a00000|  0%| F|  |TAMS 0x0000000795800000, 0x0000000795800000| Untracked 
|1197|0x0000000795a00000, 0x0000000795a00000, 0x0000000795c00000|  0%| F|  |TAMS 0x0000000795a00000, 0x0000000795a00000| Untracked 
|1198|0x0000000795c00000, 0x0000000795c00000, 0x0000000795e00000|  0%| F|  |TAMS 0x0000000795c00000, 0x0000000795c00000| Untracked 
|1199|0x0000000795e00000, 0x0000000795e00000, 0x0000000796000000|  0%| F|  |TAMS 0x0000000795e00000, 0x0000000795e00000| Untracked 
|1200|0x0000000796000000, 0x0000000796000000, 0x0000000796200000|  0%| F|  |TAMS 0x0000000796000000, 0x0000000796000000| Untracked 
|1201|0x0000000796200000, 0x0000000796200000, 0x0000000796400000|  0%| F|  |TAMS 0x0000000796200000, 0x0000000796200000| Untracked 
|1202|0x0000000796400000, 0x0000000796400000, 0x0000000796600000|  0%| F|  |TAMS 0x0000000796400000, 0x0000000796400000| Untracked 
|1203|0x0000000796600000, 0x0000000796600000, 0x0000000796800000|  0%| F|  |TAMS 0x0000000796600000, 0x0000000796600000| Untracked 
|1204|0x0000000796800000, 0x0000000796800000, 0x0000000796a00000|  0%| F|  |TAMS 0x0000000796800000, 0x0000000796800000| Untracked 
|1205|0x0000000796a00000, 0x0000000796a00000, 0x0000000796c00000|  0%| F|  |TAMS 0x0000000796a00000, 0x0000000796a00000| Untracked 
|1206|0x0000000796c00000, 0x0000000796c00000, 0x0000000796e00000|  0%| F|  |TAMS 0x0000000796c00000, 0x0000000796c00000| Untracked 
|1207|0x0000000796e00000, 0x0000000796e00000, 0x0000000797000000|  0%| F|  |TAMS 0x0000000796e00000, 0x0000000796e00000| Untracked 
|1208|0x0000000797000000, 0x0000000797000000, 0x0000000797200000|  0%| F|  |TAMS 0x0000000797000000, 0x0000000797000000| Untracked 
|1209|0x0000000797200000, 0x0000000797200000, 0x0000000797400000|  0%| F|  |TAMS 0x0000000797200000, 0x0000000797200000| Untracked 
|1210|0x0000000797400000, 0x0000000797400000, 0x0000000797600000|  0%| F|  |TAMS 0x0000000797400000, 0x0000000797400000| Untracked 
|1211|0x0000000797600000, 0x0000000797600000, 0x0000000797800000|  0%| F|  |TAMS 0x0000000797600000, 0x0000000797600000| Untracked 
|1212|0x0000000797800000, 0x0000000797800000, 0x0000000797a00000|  0%| F|  |TAMS 0x0000000797800000, 0x0000000797800000| Untracked 
|1213|0x0000000797a00000, 0x0000000797a00000, 0x0000000797c00000|  0%| F|  |TAMS 0x0000000797a00000, 0x0000000797a00000| Untracked 
|1214|0x0000000797c00000, 0x0000000797c00000, 0x0000000797e00000|  0%| F|  |TAMS 0x0000000797c00000, 0x0000000797c00000| Untracked 
|1215|0x0000000797e00000, 0x0000000797e00000, 0x0000000798000000|  0%| F|  |TAMS 0x0000000797e00000, 0x0000000797e00000| Untracked 
|1216|0x0000000798000000, 0x0000000798000000, 0x0000000798200000|  0%| F|  |TAMS 0x0000000798000000, 0x0000000798000000| Untracked 
|1217|0x0000000798200000, 0x0000000798200000, 0x0000000798400000|  0%| F|  |TAMS 0x0000000798200000, 0x0000000798200000| Untracked 
|1218|0x0000000798400000, 0x0000000798400000, 0x0000000798600000|  0%| F|  |TAMS 0x0000000798400000, 0x0000000798400000| Untracked 
|1219|0x0000000798600000, 0x0000000798600000, 0x0000000798800000|  0%| F|  |TAMS 0x0000000798600000, 0x0000000798600000| Untracked 
|1220|0x0000000798800000, 0x0000000798800000, 0x0000000798a00000|  0%| F|  |TAMS 0x0000000798800000, 0x0000000798800000| Untracked 
|1221|0x0000000798a00000, 0x0000000798a00000, 0x0000000798c00000|  0%| F|  |TAMS 0x0000000798a00000, 0x0000000798a00000| Untracked 
|1222|0x0000000798c00000, 0x0000000798c00000, 0x0000000798e00000|  0%| F|  |TAMS 0x0000000798c00000, 0x0000000798c00000| Untracked 
|1223|0x0000000798e00000, 0x0000000798e00000, 0x0000000799000000|  0%| F|  |TAMS 0x0000000798e00000, 0x0000000798e00000| Untracked 
|1224|0x0000000799000000, 0x0000000799000000, 0x0000000799200000|  0%| F|  |TAMS 0x0000000799000000, 0x0000000799000000| Untracked 
|1225|0x0000000799200000, 0x0000000799200000, 0x0000000799400000|  0%| F|  |TAMS 0x0000000799200000, 0x0000000799200000| Untracked 
|1226|0x0000000799400000, 0x0000000799400000, 0x0000000799600000|  0%| F|  |TAMS 0x0000000799400000, 0x0000000799400000| Untracked 
|1227|0x0000000799600000, 0x0000000799600000, 0x0000000799800000|  0%| F|  |TAMS 0x0000000799600000, 0x0000000799600000| Untracked 
|1228|0x0000000799800000, 0x0000000799800000, 0x0000000799a00000|  0%| F|  |TAMS 0x0000000799800000, 0x0000000799800000| Untracked 
|1229|0x0000000799a00000, 0x0000000799a00000, 0x0000000799c00000|  0%| F|  |TAMS 0x0000000799a00000, 0x0000000799a00000| Untracked 
|1230|0x0000000799c00000, 0x0000000799c00000, 0x0000000799e00000|  0%| F|  |TAMS 0x0000000799c00000, 0x0000000799c00000| Untracked 
|1231|0x0000000799e00000, 0x0000000799e00000, 0x000000079a000000|  0%| F|  |TAMS 0x0000000799e00000, 0x0000000799e00000| Untracked 
|1232|0x000000079a000000, 0x000000079a000000, 0x000000079a200000|  0%| F|  |TAMS 0x000000079a000000, 0x000000079a000000| Untracked 
|1233|0x000000079a200000, 0x000000079a200000, 0x000000079a400000|  0%| F|  |TAMS 0x000000079a200000, 0x000000079a200000| Untracked 
|1234|0x000000079a400000, 0x000000079a400000, 0x000000079a600000|  0%| F|  |TAMS 0x000000079a400000, 0x000000079a400000| Untracked 
|1235|0x000000079a600000, 0x000000079a600000, 0x000000079a800000|  0%| F|  |TAMS 0x000000079a600000, 0x000000079a600000| Untracked 
|1236|0x000000079a800000, 0x000000079a800000, 0x000000079aa00000|  0%| F|  |TAMS 0x000000079a800000, 0x000000079a800000| Untracked 
|1237|0x000000079aa00000, 0x000000079aa00000, 0x000000079ac00000|  0%| F|  |TAMS 0x000000079aa00000, 0x000000079aa00000| Untracked 
|1238|0x000000079ac00000, 0x000000079ac00000, 0x000000079ae00000|  0%| F|  |TAMS 0x000000079ac00000, 0x000000079ac00000| Untracked 
|1239|0x000000079ae00000, 0x000000079ae00000, 0x000000079b000000|  0%| F|  |TAMS 0x000000079ae00000, 0x000000079ae00000| Untracked 
|1240|0x000000079b000000, 0x000000079b000000, 0x000000079b200000|  0%| F|  |TAMS 0x000000079b000000, 0x000000079b000000| Untracked 
|1241|0x000000079b200000, 0x000000079b200000, 0x000000079b400000|  0%| F|  |TAMS 0x000000079b200000, 0x000000079b200000| Untracked 
|1242|0x000000079b400000, 0x000000079b400000, 0x000000079b600000|  0%| F|  |TAMS 0x000000079b400000, 0x000000079b400000| Untracked 
|1243|0x000000079b600000, 0x000000079b600000, 0x000000079b800000|  0%| F|  |TAMS 0x000000079b600000, 0x000000079b600000| Untracked 
|1244|0x000000079b800000, 0x000000079b800000, 0x000000079ba00000|  0%| F|  |TAMS 0x000000079b800000, 0x000000079b800000| Untracked 
|1245|0x000000079ba00000, 0x000000079ba00000, 0x000000079bc00000|  0%| F|  |TAMS 0x000000079ba00000, 0x000000079ba00000| Untracked 
|1246|0x000000079bc00000, 0x000000079bc00000, 0x000000079be00000|  0%| F|  |TAMS 0x000000079bc00000, 0x000000079bc00000| Untracked 
|1247|0x000000079be00000, 0x000000079be00000, 0x000000079c000000|  0%| F|  |TAMS 0x000000079be00000, 0x000000079be00000| Untracked 
|1248|0x000000079c000000, 0x000000079c000000, 0x000000079c200000|  0%| F|  |TAMS 0x000000079c000000, 0x000000079c000000| Untracked 
|1249|0x000000079c200000, 0x000000079c200000, 0x000000079c400000|  0%| F|  |TAMS 0x000000079c200000, 0x000000079c200000| Untracked 
|1250|0x000000079c400000, 0x000000079c400000, 0x000000079c600000|  0%| F|  |TAMS 0x000000079c400000, 0x000000079c400000| Untracked 
|1251|0x000000079c600000, 0x000000079c600000, 0x000000079c800000|  0%| F|  |TAMS 0x000000079c600000, 0x000000079c600000| Untracked 
|1252|0x000000079c800000, 0x000000079c800000, 0x000000079ca00000|  0%| F|  |TAMS 0x000000079c800000, 0x000000079c800000| Untracked 
|1253|0x000000079ca00000, 0x000000079ca00000, 0x000000079cc00000|  0%| F|  |TAMS 0x000000079ca00000, 0x000000079ca00000| Untracked 
|1254|0x000000079cc00000, 0x000000079cc00000, 0x000000079ce00000|  0%| F|  |TAMS 0x000000079cc00000, 0x000000079cc00000| Untracked 
|1255|0x000000079ce00000, 0x000000079ce00000, 0x000000079d000000|  0%| F|  |TAMS 0x000000079ce00000, 0x000000079ce00000| Untracked 
|1256|0x000000079d000000, 0x000000079d000000, 0x000000079d200000|  0%| F|  |TAMS 0x000000079d000000, 0x000000079d000000| Untracked 
|1257|0x000000079d200000, 0x000000079d200000, 0x000000079d400000|  0%| F|  |TAMS 0x000000079d200000, 0x000000079d200000| Untracked 
|1258|0x000000079d400000, 0x000000079d400000, 0x000000079d600000|  0%| F|  |TAMS 0x000000079d400000, 0x000000079d400000| Untracked 
|1259|0x000000079d600000, 0x000000079d600000, 0x000000079d800000|  0%| F|  |TAMS 0x000000079d600000, 0x000000079d600000| Untracked 
|1260|0x000000079d800000, 0x000000079d800000, 0x000000079da00000|  0%| F|  |TAMS 0x000000079d800000, 0x000000079d800000| Untracked 
|1261|0x000000079da00000, 0x000000079da00000, 0x000000079dc00000|  0%| F|  |TAMS 0x000000079da00000, 0x000000079da00000| Untracked 
|1262|0x000000079dc00000, 0x000000079dc00000, 0x000000079de00000|  0%| F|  |TAMS 0x000000079dc00000, 0x000000079dc00000| Untracked 
|1263|0x000000079de00000, 0x000000079de00000, 0x000000079e000000|  0%| F|  |TAMS 0x000000079de00000, 0x000000079de00000| Untracked 
|1264|0x000000079e000000, 0x000000079e000000, 0x000000079e200000|  0%| F|  |TAMS 0x000000079e000000, 0x000000079e000000| Untracked 
|1265|0x000000079e200000, 0x000000079e200000, 0x000000079e400000|  0%| F|  |TAMS 0x000000079e200000, 0x000000079e200000| Untracked 
|1266|0x000000079e400000, 0x000000079e400000, 0x000000079e600000|  0%| F|  |TAMS 0x000000079e400000, 0x000000079e400000| Untracked 
|1267|0x000000079e600000, 0x000000079e600000, 0x000000079e800000|  0%| F|  |TAMS 0x000000079e600000, 0x000000079e600000| Untracked 
|1268|0x000000079e800000, 0x000000079e800000, 0x000000079ea00000|  0%| F|  |TAMS 0x000000079e800000, 0x000000079e800000| Untracked 
|1269|0x000000079ea00000, 0x000000079ea00000, 0x000000079ec00000|  0%| F|  |TAMS 0x000000079ea00000, 0x000000079ea00000| Untracked 
|1270|0x000000079ec00000, 0x000000079ec00000, 0x000000079ee00000|  0%| F|  |TAMS 0x000000079ec00000, 0x000000079ec00000| Untracked 
|1271|0x000000079ee00000, 0x000000079ee00000, 0x000000079f000000|  0%| F|  |TAMS 0x000000079ee00000, 0x000000079ee00000| Untracked 
|1272|0x000000079f000000, 0x000000079f000000, 0x000000079f200000|  0%| F|  |TAMS 0x000000079f000000, 0x000000079f000000| Untracked 
|1273|0x000000079f200000, 0x000000079f200000, 0x000000079f400000|  0%| F|  |TAMS 0x000000079f200000, 0x000000079f200000| Untracked 
|1274|0x000000079f400000, 0x000000079f400000, 0x000000079f600000|  0%| F|  |TAMS 0x000000079f400000, 0x000000079f400000| Untracked 
|1275|0x000000079f600000, 0x000000079f600000, 0x000000079f800000|  0%| F|  |TAMS 0x000000079f600000, 0x000000079f600000| Untracked 
|1276|0x000000079f800000, 0x000000079f800000, 0x000000079fa00000|  0%| F|  |TAMS 0x000000079f800000, 0x000000079f800000| Untracked 
|1277|0x000000079fa00000, 0x000000079fa00000, 0x000000079fc00000|  0%| F|  |TAMS 0x000000079fa00000, 0x000000079fa00000| Untracked 
|1278|0x000000079fc00000, 0x000000079fc00000, 0x000000079fe00000|  0%| F|  |TAMS 0x000000079fc00000, 0x000000079fc00000| Untracked 
|1279|0x000000079fe00000, 0x000000079fe00000, 0x00000007a0000000|  0%| F|  |TAMS 0x000000079fe00000, 0x000000079fe00000| Untracked 
|1280|0x00000007a0000000, 0x00000007a0000000, 0x00000007a0200000|  0%| F|  |TAMS 0x00000007a0000000, 0x00000007a0000000| Untracked 
|1281|0x00000007a0200000, 0x00000007a0200000, 0x00000007a0400000|  0%| F|  |TAMS 0x00000007a0200000, 0x00000007a0200000| Untracked 
|1282|0x00000007a0400000, 0x00000007a0400000, 0x00000007a0600000|  0%| F|  |TAMS 0x00000007a0400000, 0x00000007a0400000| Untracked 
|1283|0x00000007a0600000, 0x00000007a0600000, 0x00000007a0800000|  0%| F|  |TAMS 0x00000007a0600000, 0x00000007a0600000| Untracked 
|1284|0x00000007a0800000, 0x00000007a0800000, 0x00000007a0a00000|  0%| F|  |TAMS 0x00000007a0800000, 0x00000007a0800000| Untracked 
|1285|0x00000007a0a00000, 0x00000007a0a00000, 0x00000007a0c00000|  0%| F|  |TAMS 0x00000007a0a00000, 0x00000007a0a00000| Untracked 
|1286|0x00000007a0c00000, 0x00000007a0c00000, 0x00000007a0e00000|  0%| F|  |TAMS 0x00000007a0c00000, 0x00000007a0c00000| Untracked 
|1287|0x00000007a0e00000, 0x00000007a0e00000, 0x00000007a1000000|  0%| F|  |TAMS 0x00000007a0e00000, 0x00000007a0e00000| Untracked 
|1288|0x00000007a1000000, 0x00000007a1000000, 0x00000007a1200000|  0%| F|  |TAMS 0x00000007a1000000, 0x00000007a1000000| Untracked 
|1289|0x00000007a1200000, 0x00000007a1200000, 0x00000007a1400000|  0%| F|  |TAMS 0x00000007a1200000, 0x00000007a1200000| Untracked 
|1290|0x00000007a1400000, 0x00000007a1400000, 0x00000007a1600000|  0%| F|  |TAMS 0x00000007a1400000, 0x00000007a1400000| Untracked 
|1291|0x00000007a1600000, 0x00000007a1600000, 0x00000007a1800000|  0%| F|  |TAMS 0x00000007a1600000, 0x00000007a1600000| Untracked 
|1292|0x00000007a1800000, 0x00000007a1800000, 0x00000007a1a00000|  0%| F|  |TAMS 0x00000007a1800000, 0x00000007a1800000| Untracked 
|1293|0x00000007a1a00000, 0x00000007a1a00000, 0x00000007a1c00000|  0%| F|  |TAMS 0x00000007a1a00000, 0x00000007a1a00000| Untracked 
|1294|0x00000007a1c00000, 0x00000007a1c00000, 0x00000007a1e00000|  0%| F|  |TAMS 0x00000007a1c00000, 0x00000007a1c00000| Untracked 
|1295|0x00000007a1e00000, 0x00000007a1e00000, 0x00000007a2000000|  0%| F|  |TAMS 0x00000007a1e00000, 0x00000007a1e00000| Untracked 
|1296|0x00000007a2000000, 0x00000007a2000000, 0x00000007a2200000|  0%| F|  |TAMS 0x00000007a2000000, 0x00000007a2000000| Untracked 
|1297|0x00000007a2200000, 0x00000007a2200000, 0x00000007a2400000|  0%| F|  |TAMS 0x00000007a2200000, 0x00000007a2200000| Untracked 
|1298|0x00000007a2400000, 0x00000007a2400000, 0x00000007a2600000|  0%| F|  |TAMS 0x00000007a2400000, 0x00000007a2400000| Untracked 
|1299|0x00000007a2600000, 0x00000007a2600000, 0x00000007a2800000|  0%| F|  |TAMS 0x00000007a2600000, 0x00000007a2600000| Untracked 
|1300|0x00000007a2800000, 0x00000007a2800000, 0x00000007a2a00000|  0%| F|  |TAMS 0x00000007a2800000, 0x00000007a2800000| Untracked 
|1301|0x00000007a2a00000, 0x00000007a2a00000, 0x00000007a2c00000|  0%| F|  |TAMS 0x00000007a2a00000, 0x00000007a2a00000| Untracked 
|1302|0x00000007a2c00000, 0x00000007a2c00000, 0x00000007a2e00000|  0%| F|  |TAMS 0x00000007a2c00000, 0x00000007a2c00000| Untracked 
|1303|0x00000007a2e00000, 0x00000007a2e00000, 0x00000007a3000000|  0%| F|  |TAMS 0x00000007a2e00000, 0x00000007a2e00000| Untracked 
|1304|0x00000007a3000000, 0x00000007a3000000, 0x00000007a3200000|  0%| F|  |TAMS 0x00000007a3000000, 0x00000007a3000000| Untracked 
|1305|0x00000007a3200000, 0x00000007a3200000, 0x00000007a3400000|  0%| F|  |TAMS 0x00000007a3200000, 0x00000007a3200000| Untracked 
|1306|0x00000007a3400000, 0x00000007a3400000, 0x00000007a3600000|  0%| F|  |TAMS 0x00000007a3400000, 0x00000007a3400000| Untracked 
|1307|0x00000007a3600000, 0x00000007a3600000, 0x00000007a3800000|  0%| F|  |TAMS 0x00000007a3600000, 0x00000007a3600000| Untracked 
|1308|0x00000007a3800000, 0x00000007a3800000, 0x00000007a3a00000|  0%| F|  |TAMS 0x00000007a3800000, 0x00000007a3800000| Untracked 
|1309|0x00000007a3a00000, 0x00000007a3a00000, 0x00000007a3c00000|  0%| F|  |TAMS 0x00000007a3a00000, 0x00000007a3a00000| Untracked 
|1310|0x00000007a3c00000, 0x00000007a3c00000, 0x00000007a3e00000|  0%| F|  |TAMS 0x00000007a3c00000, 0x00000007a3c00000| Untracked 
|1311|0x00000007a3e00000, 0x00000007a3e00000, 0x00000007a4000000|  0%| F|  |TAMS 0x00000007a3e00000, 0x00000007a3e00000| Untracked 
|1312|0x00000007a4000000, 0x00000007a4000000, 0x00000007a4200000|  0%| F|  |TAMS 0x00000007a4000000, 0x00000007a4000000| Untracked 
|1313|0x00000007a4200000, 0x00000007a4200000, 0x00000007a4400000|  0%| F|  |TAMS 0x00000007a4200000, 0x00000007a4200000| Untracked 
|1314|0x00000007a4400000, 0x00000007a4400000, 0x00000007a4600000|  0%| F|  |TAMS 0x00000007a4400000, 0x00000007a4400000| Untracked 
|1315|0x00000007a4600000, 0x00000007a4600000, 0x00000007a4800000|  0%| F|  |TAMS 0x00000007a4600000, 0x00000007a4600000| Untracked 
|1316|0x00000007a4800000, 0x00000007a4800000, 0x00000007a4a00000|  0%| F|  |TAMS 0x00000007a4800000, 0x00000007a4800000| Untracked 
|1317|0x00000007a4a00000, 0x00000007a4a00000, 0x00000007a4c00000|  0%| F|  |TAMS 0x00000007a4a00000, 0x00000007a4a00000| Untracked 
|1318|0x00000007a4c00000, 0x00000007a4c00000, 0x00000007a4e00000|  0%| F|  |TAMS 0x00000007a4c00000, 0x00000007a4c00000| Untracked 
|1319|0x00000007a4e00000, 0x00000007a4e00000, 0x00000007a5000000|  0%| F|  |TAMS 0x00000007a4e00000, 0x00000007a4e00000| Untracked 
|1320|0x00000007a5000000, 0x00000007a5000000, 0x00000007a5200000|  0%| F|  |TAMS 0x00000007a5000000, 0x00000007a5000000| Untracked 
|1321|0x00000007a5200000, 0x00000007a5200000, 0x00000007a5400000|  0%| F|  |TAMS 0x00000007a5200000, 0x00000007a5200000| Untracked 
|1322|0x00000007a5400000, 0x00000007a5400000, 0x00000007a5600000|  0%| F|  |TAMS 0x00000007a5400000, 0x00000007a5400000| Untracked 
|1323|0x00000007a5600000, 0x00000007a5600000, 0x00000007a5800000|  0%| F|  |TAMS 0x00000007a5600000, 0x00000007a5600000| Untracked 
|1324|0x00000007a5800000, 0x00000007a5800000, 0x00000007a5a00000|  0%| F|  |TAMS 0x00000007a5800000, 0x00000007a5800000| Untracked 
|1325|0x00000007a5a00000, 0x00000007a5a00000, 0x00000007a5c00000|  0%| F|  |TAMS 0x00000007a5a00000, 0x00000007a5a00000| Untracked 
|1326|0x00000007a5c00000, 0x00000007a5c00000, 0x00000007a5e00000|  0%| F|  |TAMS 0x00000007a5c00000, 0x00000007a5c00000| Untracked 
|1327|0x00000007a5e00000, 0x00000007a5e00000, 0x00000007a6000000|  0%| F|  |TAMS 0x00000007a5e00000, 0x00000007a5e00000| Untracked 
|1328|0x00000007a6000000, 0x00000007a6000000, 0x00000007a6200000|  0%| F|  |TAMS 0x00000007a6000000, 0x00000007a6000000| Untracked 
|1329|0x00000007a6200000, 0x00000007a6200000, 0x00000007a6400000|  0%| F|  |TAMS 0x00000007a6200000, 0x00000007a6200000| Untracked 
|1330|0x00000007a6400000, 0x00000007a6400000, 0x00000007a6600000|  0%| F|  |TAMS 0x00000007a6400000, 0x00000007a6400000| Untracked 
|1331|0x00000007a6600000, 0x00000007a6600000, 0x00000007a6800000|  0%| F|  |TAMS 0x00000007a6600000, 0x00000007a6600000| Untracked 
|1332|0x00000007a6800000, 0x00000007a6800000, 0x00000007a6a00000|  0%| F|  |TAMS 0x00000007a6800000, 0x00000007a6800000| Untracked 
|1333|0x00000007a6a00000, 0x00000007a6a00000, 0x00000007a6c00000|  0%| F|  |TAMS 0x00000007a6a00000, 0x00000007a6a00000| Untracked 
|1334|0x00000007a6c00000, 0x00000007a6c00000, 0x00000007a6e00000|  0%| F|  |TAMS 0x00000007a6c00000, 0x00000007a6c00000| Untracked 
|1335|0x00000007a6e00000, 0x00000007a6e00000, 0x00000007a7000000|  0%| F|  |TAMS 0x00000007a6e00000, 0x00000007a6e00000| Untracked 
|1336|0x00000007a7000000, 0x00000007a7000000, 0x00000007a7200000|  0%| F|  |TAMS 0x00000007a7000000, 0x00000007a7000000| Untracked 
|1337|0x00000007a7200000, 0x00000007a7200000, 0x00000007a7400000|  0%| F|  |TAMS 0x00000007a7200000, 0x00000007a7200000| Untracked 
|1338|0x00000007a7400000, 0x00000007a7400000, 0x00000007a7600000|  0%| F|  |TAMS 0x00000007a7400000, 0x00000007a7400000| Untracked 
|1339|0x00000007a7600000, 0x00000007a7600000, 0x00000007a7800000|  0%| F|  |TAMS 0x00000007a7600000, 0x00000007a7600000| Untracked 
|1340|0x00000007a7800000, 0x00000007a7800000, 0x00000007a7a00000|  0%| F|  |TAMS 0x00000007a7800000, 0x00000007a7800000| Untracked 
|1341|0x00000007a7a00000, 0x00000007a7a00000, 0x00000007a7c00000|  0%| F|  |TAMS 0x00000007a7a00000, 0x00000007a7a00000| Untracked 
|1342|0x00000007a7c00000, 0x00000007a7c00000, 0x00000007a7e00000|  0%| F|  |TAMS 0x00000007a7c00000, 0x00000007a7c00000| Untracked 
|1343|0x00000007a7e00000, 0x00000007a7e00000, 0x00000007a8000000|  0%| F|  |TAMS 0x00000007a7e00000, 0x00000007a7e00000| Untracked 
|1344|0x00000007a8000000, 0x00000007a8000000, 0x00000007a8200000|  0%| F|  |TAMS 0x00000007a8000000, 0x00000007a8000000| Untracked 
|1345|0x00000007a8200000, 0x00000007a8200000, 0x00000007a8400000|  0%| F|  |TAMS 0x00000007a8200000, 0x00000007a8200000| Untracked 
|1346|0x00000007a8400000, 0x00000007a8400000, 0x00000007a8600000|  0%| F|  |TAMS 0x00000007a8400000, 0x00000007a8400000| Untracked 
|1347|0x00000007a8600000, 0x00000007a8600000, 0x00000007a8800000|  0%| F|  |TAMS 0x00000007a8600000, 0x00000007a8600000| Untracked 
|1348|0x00000007a8800000, 0x00000007a8800000, 0x00000007a8a00000|  0%| F|  |TAMS 0x00000007a8800000, 0x00000007a8800000| Untracked 
|1349|0x00000007a8a00000, 0x00000007a8a00000, 0x00000007a8c00000|  0%| F|  |TAMS 0x00000007a8a00000, 0x00000007a8a00000| Untracked 
|1350|0x00000007a8c00000, 0x00000007a8c00000, 0x00000007a8e00000|  0%| F|  |TAMS 0x00000007a8c00000, 0x00000007a8c00000| Untracked 
|1351|0x00000007a8e00000, 0x00000007a8e00000, 0x00000007a9000000|  0%| F|  |TAMS 0x00000007a8e00000, 0x00000007a8e00000| Untracked 
|1352|0x00000007a9000000, 0x00000007a9000000, 0x00000007a9200000|  0%| F|  |TAMS 0x00000007a9000000, 0x00000007a9000000| Untracked 
|1353|0x00000007a9200000, 0x00000007a93e3230, 0x00000007a9400000| 94%| E|  |TAMS 0x00000007a9200000, 0x00000007a9200000| Complete 
|1354|0x00000007a9400000, 0x00000007a9600000, 0x00000007a9600000|100%| E|CS|TAMS 0x00000007a9400000, 0x00000007a9400000| Complete 
|1355|0x00000007a9600000, 0x00000007a9800000, 0x00000007a9800000|100%| E|CS|TAMS 0x00000007a9600000, 0x00000007a9600000| Complete 
|1356|0x00000007a9800000, 0x00000007a9a00000, 0x00000007a9a00000|100%| E|CS|TAMS 0x00000007a9800000, 0x00000007a9800000| Complete 
|1357|0x00000007a9a00000, 0x00000007a9c00000, 0x00000007a9c00000|100%| E|CS|TAMS 0x00000007a9a00000, 0x00000007a9a00000| Complete 
|1358|0x00000007a9c00000, 0x00000007a9e00000, 0x00000007a9e00000|100%| E|CS|TAMS 0x00000007a9c00000, 0x00000007a9c00000| Complete 
|1359|0x00000007a9e00000, 0x00000007aa000000, 0x00000007aa000000|100%| E|CS|TAMS 0x00000007a9e00000, 0x00000007a9e00000| Complete 
|1360|0x00000007aa000000, 0x00000007aa200000, 0x00000007aa200000|100%| E|CS|TAMS 0x00000007aa000000, 0x00000007aa000000| Complete 
|1361|0x00000007aa200000, 0x00000007aa400000, 0x00000007aa400000|100%| E|CS|TAMS 0x00000007aa200000, 0x00000007aa200000| Complete 
|1362|0x00000007aa400000, 0x00000007aa600000, 0x00000007aa600000|100%| E|CS|TAMS 0x00000007aa400000, 0x00000007aa400000| Complete 
|1363|0x00000007aa600000, 0x00000007aa800000, 0x00000007aa800000|100%| E|CS|TAMS 0x00000007aa600000, 0x00000007aa600000| Complete 
|1364|0x00000007aa800000, 0x00000007aaa00000, 0x00000007aaa00000|100%| E|CS|TAMS 0x00000007aa800000, 0x00000007aa800000| Complete 
|1365|0x00000007aaa00000, 0x00000007aac00000, 0x00000007aac00000|100%| E|CS|TAMS 0x00000007aaa00000, 0x00000007aaa00000| Complete 
|1366|0x00000007aac00000, 0x00000007aae00000, 0x00000007aae00000|100%| E|CS|TAMS 0x00000007aac00000, 0x00000007aac00000| Complete 
|1367|0x00000007aae00000, 0x00000007ab000000, 0x00000007ab000000|100%| E|CS|TAMS 0x00000007aae00000, 0x00000007aae00000| Complete 
|1368|0x00000007ab000000, 0x00000007ab200000, 0x00000007ab200000|100%| E|  |TAMS 0x00000007ab000000, 0x00000007ab000000| Complete 
|1369|0x00000007ab200000, 0x00000007ab400000, 0x00000007ab400000|100%| E|CS|TAMS 0x00000007ab200000, 0x00000007ab200000| Complete 
|1370|0x00000007ab400000, 0x00000007ab600000, 0x00000007ab600000|100%| E|CS|TAMS 0x00000007ab400000, 0x00000007ab400000| Complete 
|1371|0x00000007ab600000, 0x00000007ab800000, 0x00000007ab800000|100%| E|CS|TAMS 0x00000007ab600000, 0x00000007ab600000| Complete 
|1372|0x00000007ab800000, 0x00000007aba00000, 0x00000007aba00000|100%| E|CS|TAMS 0x00000007ab800000, 0x00000007ab800000| Complete 
|1373|0x00000007aba00000, 0x00000007abc00000, 0x00000007abc00000|100%| E|CS|TAMS 0x00000007aba00000, 0x00000007aba00000| Complete 
|1374|0x00000007abc00000, 0x00000007abe00000, 0x00000007abe00000|100%| E|CS|TAMS 0x00000007abc00000, 0x00000007abc00000| Complete 
|1375|0x00000007abe00000, 0x00000007ac000000, 0x00000007ac000000|100%| E|CS|TAMS 0x00000007abe00000, 0x00000007abe00000| Complete 
|1376|0x00000007ac000000, 0x00000007ac200000, 0x00000007ac200000|100%| E|CS|TAMS 0x00000007ac000000, 0x00000007ac000000| Complete 
|1377|0x00000007ac200000, 0x00000007ac400000, 0x00000007ac400000|100%| E|CS|TAMS 0x00000007ac200000, 0x00000007ac200000| Complete 
|1378|0x00000007ac400000, 0x00000007ac600000, 0x00000007ac600000|100%| E|CS|TAMS 0x00000007ac400000, 0x00000007ac400000| Complete 
|1379|0x00000007ac600000, 0x00000007ac800000, 0x00000007ac800000|100%| E|CS|TAMS 0x00000007ac600000, 0x00000007ac600000| Complete 
|1380|0x00000007ac800000, 0x00000007aca00000, 0x00000007aca00000|100%| E|CS|TAMS 0x00000007ac800000, 0x00000007ac800000| Complete 
|1381|0x00000007aca00000, 0x00000007acc00000, 0x00000007acc00000|100%| E|CS|TAMS 0x00000007aca00000, 0x00000007aca00000| Complete 
|1382|0x00000007acc00000, 0x00000007ace00000, 0x00000007ace00000|100%| E|CS|TAMS 0x00000007acc00000, 0x00000007acc00000| Complete 
|1383|0x00000007ace00000, 0x00000007ad000000, 0x00000007ad000000|100%| E|CS|TAMS 0x00000007ace00000, 0x00000007ace00000| Complete 
|1384|0x00000007ad000000, 0x00000007ad200000, 0x00000007ad200000|100%| E|CS|TAMS 0x00000007ad000000, 0x00000007ad000000| Complete 
|1385|0x00000007ad200000, 0x00000007ad400000, 0x00000007ad400000|100%| E|CS|TAMS 0x00000007ad200000, 0x00000007ad200000| Complete 
|1386|0x00000007ad400000, 0x00000007ad600000, 0x00000007ad600000|100%| E|CS|TAMS 0x00000007ad400000, 0x00000007ad400000| Complete 
|1387|0x00000007ad600000, 0x00000007ad800000, 0x00000007ad800000|100%| E|CS|TAMS 0x00000007ad600000, 0x00000007ad600000| Complete 
|1388|0x00000007ad800000, 0x00000007ada00000, 0x00000007ada00000|100%| E|CS|TAMS 0x00000007ad800000, 0x00000007ad800000| Complete 
|1389|0x00000007ada00000, 0x00000007adc00000, 0x00000007adc00000|100%| E|CS|TAMS 0x00000007ada00000, 0x00000007ada00000| Complete 
|1390|0x00000007adc00000, 0x00000007ade00000, 0x00000007ade00000|100%| E|CS|TAMS 0x00000007adc00000, 0x00000007adc00000| Complete 
|1391|0x00000007ade00000, 0x00000007ae000000, 0x00000007ae000000|100%| E|CS|TAMS 0x00000007ade00000, 0x00000007ade00000| Complete 
|1392|0x00000007ae000000, 0x00000007ae200000, 0x00000007ae200000|100%| E|CS|TAMS 0x00000007ae000000, 0x00000007ae000000| Complete 
|1393|0x00000007ae200000, 0x00000007ae400000, 0x00000007ae400000|100%| E|CS|TAMS 0x00000007ae200000, 0x00000007ae200000| Complete 
|1394|0x00000007ae400000, 0x00000007ae600000, 0x00000007ae600000|100%| E|CS|TAMS 0x00000007ae400000, 0x00000007ae400000| Complete 
|1395|0x00000007ae600000, 0x00000007ae800000, 0x00000007ae800000|100%| E|CS|TAMS 0x00000007ae600000, 0x00000007ae600000| Complete 
|1396|0x00000007ae800000, 0x00000007aea00000, 0x00000007aea00000|100%| E|CS|TAMS 0x00000007ae800000, 0x00000007ae800000| Complete 
|1397|0x00000007aea00000, 0x00000007aec00000, 0x00000007aec00000|100%| E|CS|TAMS 0x00000007aea00000, 0x00000007aea00000| Complete 
|1398|0x00000007aec00000, 0x00000007aee00000, 0x00000007aee00000|100%| E|CS|TAMS 0x00000007aec00000, 0x00000007aec00000| Complete 
|1399|0x00000007aee00000, 0x00000007af000000, 0x00000007af000000|100%| E|CS|TAMS 0x00000007aee00000, 0x00000007aee00000| Complete 
|1400|0x00000007af000000, 0x00000007af200000, 0x00000007af200000|100%| E|CS|TAMS 0x00000007af000000, 0x00000007af000000| Complete 
|1401|0x00000007af200000, 0x00000007af400000, 0x00000007af400000|100%| E|CS|TAMS 0x00000007af200000, 0x00000007af200000| Complete 
|1402|0x00000007af400000, 0x00000007af600000, 0x00000007af600000|100%| E|CS|TAMS 0x00000007af400000, 0x00000007af400000| Complete 
|1403|0x00000007af600000, 0x00000007af800000, 0x00000007af800000|100%| E|CS|TAMS 0x00000007af600000, 0x00000007af600000| Complete 
|1404|0x00000007af800000, 0x00000007afa00000, 0x00000007afa00000|100%| E|CS|TAMS 0x00000007af800000, 0x00000007af800000| Complete 
|1405|0x00000007afa00000, 0x00000007afc00000, 0x00000007afc00000|100%| E|CS|TAMS 0x00000007afa00000, 0x00000007afa00000| Complete 
|1406|0x00000007afc00000, 0x00000007afe00000, 0x00000007afe00000|100%| E|CS|TAMS 0x00000007afc00000, 0x00000007afc00000| Complete 
|1407|0x00000007afe00000, 0x00000007b0000000, 0x00000007b0000000|100%| E|CS|TAMS 0x00000007afe00000, 0x00000007afe00000| Complete 
|1408|0x00000007b0000000, 0x00000007b0200000, 0x00000007b0200000|100%| E|CS|TAMS 0x00000007b0000000, 0x00000007b0000000| Complete 
|1409|0x00000007b0200000, 0x00000007b0400000, 0x00000007b0400000|100%| E|CS|TAMS 0x00000007b0200000, 0x00000007b0200000| Complete 
|1410|0x00000007b0400000, 0x00000007b0600000, 0x00000007b0600000|100%| E|CS|TAMS 0x00000007b0400000, 0x00000007b0400000| Complete 
|1411|0x00000007b0600000, 0x00000007b0800000, 0x00000007b0800000|100%| E|CS|TAMS 0x00000007b0600000, 0x00000007b0600000| Complete 
|1412|0x00000007b0800000, 0x00000007b0a00000, 0x00000007b0a00000|100%| E|CS|TAMS 0x00000007b0800000, 0x00000007b0800000| Complete 
|1413|0x00000007b0a00000, 0x00000007b0c00000, 0x00000007b0c00000|100%| E|CS|TAMS 0x00000007b0a00000, 0x00000007b0a00000| Complete 
|1414|0x00000007b0c00000, 0x00000007b0e00000, 0x00000007b0e00000|100%| E|CS|TAMS 0x00000007b0c00000, 0x00000007b0c00000| Complete 
|1415|0x00000007b0e00000, 0x00000007b1000000, 0x00000007b1000000|100%| E|CS|TAMS 0x00000007b0e00000, 0x00000007b0e00000| Complete 
|1416|0x00000007b1000000, 0x00000007b1200000, 0x00000007b1200000|100%| E|CS|TAMS 0x00000007b1000000, 0x00000007b1000000| Complete 
|1417|0x00000007b1200000, 0x00000007b1400000, 0x00000007b1400000|100%| E|CS|TAMS 0x00000007b1200000, 0x00000007b1200000| Complete 
|1418|0x00000007b1400000, 0x00000007b1600000, 0x00000007b1600000|100%| E|CS|TAMS 0x00000007b1400000, 0x00000007b1400000| Complete 
|1419|0x00000007b1600000, 0x00000007b1800000, 0x00000007b1800000|100%| E|CS|TAMS 0x00000007b1600000, 0x00000007b1600000| Complete 
|1420|0x00000007b1800000, 0x00000007b1a00000, 0x00000007b1a00000|100%| E|CS|TAMS 0x00000007b1800000, 0x00000007b1800000| Complete 
|1421|0x00000007b1a00000, 0x00000007b1c00000, 0x00000007b1c00000|100%| E|CS|TAMS 0x00000007b1a00000, 0x00000007b1a00000| Complete 
|1422|0x00000007b1c00000, 0x00000007b1e00000, 0x00000007b1e00000|100%| E|CS|TAMS 0x00000007b1c00000, 0x00000007b1c00000| Complete 
|1423|0x00000007b1e00000, 0x00000007b2000000, 0x00000007b2000000|100%| E|CS|TAMS 0x00000007b1e00000, 0x00000007b1e00000| Complete 
|1424|0x00000007b2000000, 0x00000007b2200000, 0x00000007b2200000|100%| E|CS|TAMS 0x00000007b2000000, 0x00000007b2000000| Complete 
|1425|0x00000007b2200000, 0x00000007b2400000, 0x00000007b2400000|100%| E|CS|TAMS 0x00000007b2200000, 0x00000007b2200000| Complete 
|1426|0x00000007b2400000, 0x00000007b2600000, 0x00000007b2600000|100%| E|CS|TAMS 0x00000007b2400000, 0x00000007b2400000| Complete 
|1427|0x00000007b2600000, 0x00000007b2800000, 0x00000007b2800000|100%| E|CS|TAMS 0x00000007b2600000, 0x00000007b2600000| Complete 
|1428|0x00000007b2800000, 0x00000007b2a00000, 0x00000007b2a00000|100%| E|CS|TAMS 0x00000007b2800000, 0x00000007b2800000| Complete 
|1429|0x00000007b2a00000, 0x00000007b2c00000, 0x00000007b2c00000|100%| E|CS|TAMS 0x00000007b2a00000, 0x00000007b2a00000| Complete 
|1430|0x00000007b2c00000, 0x00000007b2e00000, 0x00000007b2e00000|100%| E|CS|TAMS 0x00000007b2c00000, 0x00000007b2c00000| Complete 
|1431|0x00000007b2e00000, 0x00000007b3000000, 0x00000007b3000000|100%| E|CS|TAMS 0x00000007b2e00000, 0x00000007b2e00000| Complete 
|1432|0x00000007b3000000, 0x00000007b3200000, 0x00000007b3200000|100%| E|CS|TAMS 0x00000007b3000000, 0x00000007b3000000| Complete 
|1433|0x00000007b3200000, 0x00000007b3400000, 0x00000007b3400000|100%| E|CS|TAMS 0x00000007b3200000, 0x00000007b3200000| Complete 
|1434|0x00000007b3400000, 0x00000007b3600000, 0x00000007b3600000|100%| E|CS|TAMS 0x00000007b3400000, 0x00000007b3400000| Complete 
|1435|0x00000007b3600000, 0x00000007b3800000, 0x00000007b3800000|100%| E|CS|TAMS 0x00000007b3600000, 0x00000007b3600000| Complete 
|1436|0x00000007b3800000, 0x00000007b3a00000, 0x00000007b3a00000|100%| E|CS|TAMS 0x00000007b3800000, 0x00000007b3800000| Complete 
|1437|0x00000007b3a00000, 0x00000007b3c00000, 0x00000007b3c00000|100%| E|CS|TAMS 0x00000007b3a00000, 0x00000007b3a00000| Complete 
|1438|0x00000007b3c00000, 0x00000007b3e00000, 0x00000007b3e00000|100%| E|CS|TAMS 0x00000007b3c00000, 0x00000007b3c00000| Complete 
|1439|0x00000007b3e00000, 0x00000007b4000000, 0x00000007b4000000|100%| E|CS|TAMS 0x00000007b3e00000, 0x00000007b3e00000| Complete 
|1440|0x00000007b4000000, 0x00000007b4200000, 0x00000007b4200000|100%| E|CS|TAMS 0x00000007b4000000, 0x00000007b4000000| Complete 
|1441|0x00000007b4200000, 0x00000007b4400000, 0x00000007b4400000|100%| E|CS|TAMS 0x00000007b4200000, 0x00000007b4200000| Complete 
|1442|0x00000007b4400000, 0x00000007b4600000, 0x00000007b4600000|100%| E|CS|TAMS 0x00000007b4400000, 0x00000007b4400000| Complete 
|1443|0x00000007b4600000, 0x00000007b4800000, 0x00000007b4800000|100%| E|CS|TAMS 0x00000007b4600000, 0x00000007b4600000| Complete 
|1444|0x00000007b4800000, 0x00000007b4a00000, 0x00000007b4a00000|100%| E|CS|TAMS 0x00000007b4800000, 0x00000007b4800000| Complete 
|1445|0x00000007b4a00000, 0x00000007b4c00000, 0x00000007b4c00000|100%| E|CS|TAMS 0x00000007b4a00000, 0x00000007b4a00000| Complete 
|1446|0x00000007b4c00000, 0x00000007b4e00000, 0x00000007b4e00000|100%| E|CS|TAMS 0x00000007b4c00000, 0x00000007b4c00000| Complete 
|1447|0x00000007b4e00000, 0x00000007b5000000, 0x00000007b5000000|100%| E|CS|TAMS 0x00000007b4e00000, 0x00000007b4e00000| Complete 
|1448|0x00000007b5000000, 0x00000007b5200000, 0x00000007b5200000|100%| E|CS|TAMS 0x00000007b5000000, 0x00000007b5000000| Complete 
|1449|0x00000007b5200000, 0x00000007b5400000, 0x00000007b5400000|100%| E|CS|TAMS 0x00000007b5200000, 0x00000007b5200000| Complete 
|1450|0x00000007b5400000, 0x00000007b5600000, 0x00000007b5600000|100%| E|CS|TAMS 0x00000007b5400000, 0x00000007b5400000| Complete 
|1451|0x00000007b5600000, 0x00000007b5800000, 0x00000007b5800000|100%| E|CS|TAMS 0x00000007b5600000, 0x00000007b5600000| Complete 
|1452|0x00000007b5800000, 0x00000007b5a00000, 0x00000007b5a00000|100%| E|CS|TAMS 0x00000007b5800000, 0x00000007b5800000| Complete 
|1453|0x00000007b5a00000, 0x00000007b5c00000, 0x00000007b5c00000|100%| E|CS|TAMS 0x00000007b5a00000, 0x00000007b5a00000| Complete 
|1454|0x00000007b5c00000, 0x00000007b5e00000, 0x00000007b5e00000|100%| E|CS|TAMS 0x00000007b5c00000, 0x00000007b5c00000| Complete 
|1455|0x00000007b5e00000, 0x00000007b6000000, 0x00000007b6000000|100%| E|CS|TAMS 0x00000007b5e00000, 0x00000007b5e00000| Complete 
|1456|0x00000007b6000000, 0x00000007b6200000, 0x00000007b6200000|100%| E|CS|TAMS 0x00000007b6000000, 0x00000007b6000000| Complete 
|1457|0x00000007b6200000, 0x00000007b6400000, 0x00000007b6400000|100%| E|CS|TAMS 0x00000007b6200000, 0x00000007b6200000| Complete 
|1458|0x00000007b6400000, 0x00000007b6600000, 0x00000007b6600000|100%| E|CS|TAMS 0x00000007b6400000, 0x00000007b6400000| Complete 
|1459|0x00000007b6600000, 0x00000007b6800000, 0x00000007b6800000|100%| E|CS|TAMS 0x00000007b6600000, 0x00000007b6600000| Complete 
|1460|0x00000007b6800000, 0x00000007b6a00000, 0x00000007b6a00000|100%| E|CS|TAMS 0x00000007b6800000, 0x00000007b6800000| Complete 
|1461|0x00000007b6a00000, 0x00000007b6c00000, 0x00000007b6c00000|100%| E|CS|TAMS 0x00000007b6a00000, 0x00000007b6a00000| Complete 
|1462|0x00000007b6c00000, 0x00000007b6e00000, 0x00000007b6e00000|100%| E|CS|TAMS 0x00000007b6c00000, 0x00000007b6c00000| Complete 
|1463|0x00000007b6e00000, 0x00000007b7000000, 0x00000007b7000000|100%| E|CS|TAMS 0x00000007b6e00000, 0x00000007b6e00000| Complete 
|1464|0x00000007b7000000, 0x00000007b7200000, 0x00000007b7200000|100%| E|CS|TAMS 0x00000007b7000000, 0x00000007b7000000| Complete 
|1465|0x00000007b7200000, 0x00000007b7400000, 0x00000007b7400000|100%| E|CS|TAMS 0x00000007b7200000, 0x00000007b7200000| Complete 
|1466|0x00000007b7400000, 0x00000007b7600000, 0x00000007b7600000|100%| E|CS|TAMS 0x00000007b7400000, 0x00000007b7400000| Complete 
|1467|0x00000007b7600000, 0x00000007b7800000, 0x00000007b7800000|100%| E|CS|TAMS 0x00000007b7600000, 0x00000007b7600000| Complete 
|1468|0x00000007b7800000, 0x00000007b7a00000, 0x00000007b7a00000|100%| E|CS|TAMS 0x00000007b7800000, 0x00000007b7800000| Complete 
|1469|0x00000007b7a00000, 0x00000007b7c00000, 0x00000007b7c00000|100%| E|CS|TAMS 0x00000007b7a00000, 0x00000007b7a00000| Complete 
|1470|0x00000007b7c00000, 0x00000007b7e00000, 0x00000007b7e00000|100%| E|CS|TAMS 0x00000007b7c00000, 0x00000007b7c00000| Complete 
|1471|0x00000007b7e00000, 0x00000007b8000000, 0x00000007b8000000|100%| E|CS|TAMS 0x00000007b7e00000, 0x00000007b7e00000| Complete 
|1472|0x00000007b8000000, 0x00000007b8200000, 0x00000007b8200000|100%| E|CS|TAMS 0x00000007b8000000, 0x00000007b8000000| Complete 
|1473|0x00000007b8200000, 0x00000007b8400000, 0x00000007b8400000|100%| E|CS|TAMS 0x00000007b8200000, 0x00000007b8200000| Complete 
|1474|0x00000007b8400000, 0x00000007b8600000, 0x00000007b8600000|100%| E|CS|TAMS 0x00000007b8400000, 0x00000007b8400000| Complete 
|1475|0x00000007b8600000, 0x00000007b8800000, 0x00000007b8800000|100%| E|CS|TAMS 0x00000007b8600000, 0x00000007b8600000| Complete 
|1476|0x00000007b8800000, 0x00000007b8a00000, 0x00000007b8a00000|100%| E|CS|TAMS 0x00000007b8800000, 0x00000007b8800000| Complete 
|1477|0x00000007b8a00000, 0x00000007b8c00000, 0x00000007b8c00000|100%| E|CS|TAMS 0x00000007b8a00000, 0x00000007b8a00000| Complete 
|1478|0x00000007b8c00000, 0x00000007b8e00000, 0x00000007b8e00000|100%| E|CS|TAMS 0x00000007b8c00000, 0x00000007b8c00000| Complete 
|1479|0x00000007b8e00000, 0x00000007b9000000, 0x00000007b9000000|100%| E|CS|TAMS 0x00000007b8e00000, 0x00000007b8e00000| Complete 
|1480|0x00000007b9000000, 0x00000007b9200000, 0x00000007b9200000|100%| E|CS|TAMS 0x00000007b9000000, 0x00000007b9000000| Complete 
|1481|0x00000007b9200000, 0x00000007b9400000, 0x00000007b9400000|100%| E|CS|TAMS 0x00000007b9200000, 0x00000007b9200000| Complete 
|1482|0x00000007b9400000, 0x00000007b9600000, 0x00000007b9600000|100%| E|CS|TAMS 0x00000007b9400000, 0x00000007b9400000| Complete 
|1483|0x00000007b9600000, 0x00000007b9800000, 0x00000007b9800000|100%| E|CS|TAMS 0x00000007b9600000, 0x00000007b9600000| Complete 
|1484|0x00000007b9800000, 0x00000007b9a00000, 0x00000007b9a00000|100%| E|CS|TAMS 0x00000007b9800000, 0x00000007b9800000| Complete 
|1485|0x00000007b9a00000, 0x00000007b9c00000, 0x00000007b9c00000|100%| E|CS|TAMS 0x00000007b9a00000, 0x00000007b9a00000| Complete 
|1486|0x00000007b9c00000, 0x00000007b9e00000, 0x00000007b9e00000|100%| E|CS|TAMS 0x00000007b9c00000, 0x00000007b9c00000| Complete 
|1487|0x00000007b9e00000, 0x00000007ba000000, 0x00000007ba000000|100%| E|CS|TAMS 0x00000007b9e00000, 0x00000007b9e00000| Complete 
|1488|0x00000007ba000000, 0x00000007ba200000, 0x00000007ba200000|100%| E|CS|TAMS 0x00000007ba000000, 0x00000007ba000000| Complete 
|1489|0x00000007ba200000, 0x00000007ba400000, 0x00000007ba400000|100%| E|CS|TAMS 0x00000007ba200000, 0x00000007ba200000| Complete 
|1490|0x00000007ba400000, 0x00000007ba600000, 0x00000007ba600000|100%| E|CS|TAMS 0x00000007ba400000, 0x00000007ba400000| Complete 
|1491|0x00000007ba600000, 0x00000007ba800000, 0x00000007ba800000|100%| E|CS|TAMS 0x00000007ba600000, 0x00000007ba600000| Complete 
|1492|0x00000007ba800000, 0x00000007baa00000, 0x00000007baa00000|100%| E|CS|TAMS 0x00000007ba800000, 0x00000007ba800000| Complete 
|1493|0x00000007baa00000, 0x00000007bac00000, 0x00000007bac00000|100%| E|CS|TAMS 0x00000007baa00000, 0x00000007baa00000| Complete 
|1494|0x00000007bac00000, 0x00000007bae00000, 0x00000007bae00000|100%| E|CS|TAMS 0x00000007bac00000, 0x00000007bac00000| Complete 
|1495|0x00000007bae00000, 0x00000007bb000000, 0x00000007bb000000|100%| E|CS|TAMS 0x00000007bae00000, 0x00000007bae00000| Complete 
|1496|0x00000007bb000000, 0x00000007bb200000, 0x00000007bb200000|100%| E|CS|TAMS 0x00000007bb000000, 0x00000007bb000000| Complete 
|1497|0x00000007bb200000, 0x00000007bb400000, 0x00000007bb400000|100%| E|CS|TAMS 0x00000007bb200000, 0x00000007bb200000| Complete 
|1498|0x00000007bb400000, 0x00000007bb600000, 0x00000007bb600000|100%| E|CS|TAMS 0x00000007bb400000, 0x00000007bb400000| Complete 
|1499|0x00000007bb600000, 0x00000007bb800000, 0x00000007bb800000|100%| E|CS|TAMS 0x00000007bb600000, 0x00000007bb600000| Complete 
|1500|0x00000007bb800000, 0x00000007bba00000, 0x00000007bba00000|100%| E|CS|TAMS 0x00000007bb800000, 0x00000007bb800000| Complete 
|1501|0x00000007bba00000, 0x00000007bbc00000, 0x00000007bbc00000|100%| E|CS|TAMS 0x00000007bba00000, 0x00000007bba00000| Complete 
|1502|0x00000007bbc00000, 0x00000007bbe00000, 0x00000007bbe00000|100%| E|CS|TAMS 0x00000007bbc00000, 0x00000007bbc00000| Complete 
|1503|0x00000007bbe00000, 0x00000007bc000000, 0x00000007bc000000|100%| E|CS|TAMS 0x00000007bbe00000, 0x00000007bbe00000| Complete 
|1504|0x00000007bc000000, 0x00000007bc200000, 0x00000007bc200000|100%| E|CS|TAMS 0x00000007bc000000, 0x00000007bc000000| Complete 
|1505|0x00000007bc200000, 0x00000007bc400000, 0x00000007bc400000|100%| E|CS|TAMS 0x00000007bc200000, 0x00000007bc200000| Complete 
|1506|0x00000007bc400000, 0x00000007bc600000, 0x00000007bc600000|100%| E|CS|TAMS 0x00000007bc400000, 0x00000007bc400000| Complete 
|1507|0x00000007bc600000, 0x00000007bc800000, 0x00000007bc800000|100%| E|CS|TAMS 0x00000007bc600000, 0x00000007bc600000| Complete 
|1508|0x00000007bc800000, 0x00000007bca00000, 0x00000007bca00000|100%| E|CS|TAMS 0x00000007bc800000, 0x00000007bc800000| Complete 
|1509|0x00000007bca00000, 0x00000007bcc00000, 0x00000007bcc00000|100%| E|CS|TAMS 0x00000007bca00000, 0x00000007bca00000| Complete 
|1510|0x00000007bcc00000, 0x00000007bce00000, 0x00000007bce00000|100%| E|CS|TAMS 0x00000007bcc00000, 0x00000007bcc00000| Complete 
|1511|0x00000007bce00000, 0x00000007bd000000, 0x00000007bd000000|100%| E|CS|TAMS 0x00000007bce00000, 0x00000007bce00000| Complete 
|1512|0x00000007bd000000, 0x00000007bd200000, 0x00000007bd200000|100%| E|CS|TAMS 0x00000007bd000000, 0x00000007bd000000| Complete 
|1513|0x00000007bd200000, 0x00000007bd400000, 0x00000007bd400000|100%| E|CS|TAMS 0x00000007bd200000, 0x00000007bd200000| Complete 
|1514|0x00000007bd400000, 0x00000007bd600000, 0x00000007bd600000|100%| E|CS|TAMS 0x00000007bd400000, 0x00000007bd400000| Complete 
|1515|0x00000007bd600000, 0x00000007bd800000, 0x00000007bd800000|100%| E|CS|TAMS 0x00000007bd600000, 0x00000007bd600000| Complete 
|1516|0x00000007bd800000, 0x00000007bda00000, 0x00000007bda00000|100%| E|CS|TAMS 0x00000007bd800000, 0x00000007bd800000| Complete 
|1517|0x00000007bda00000, 0x00000007bdc00000, 0x00000007bdc00000|100%| E|CS|TAMS 0x00000007bda00000, 0x00000007bda00000| Complete 
|1518|0x00000007bdc00000, 0x00000007bde00000, 0x00000007bde00000|100%| E|CS|TAMS 0x00000007bdc00000, 0x00000007bdc00000| Complete 
|1519|0x00000007bde00000, 0x00000007be000000, 0x00000007be000000|100%| E|CS|TAMS 0x00000007bde00000, 0x00000007bde00000| Complete 
|1520|0x00000007be000000, 0x00000007be200000, 0x00000007be200000|100%| E|CS|TAMS 0x00000007be000000, 0x00000007be000000| Complete 
|1521|0x00000007be200000, 0x00000007be400000, 0x00000007be400000|100%| E|CS|TAMS 0x00000007be200000, 0x00000007be200000| Complete 
|1522|0x00000007be400000, 0x00000007be600000, 0x00000007be600000|100%| E|CS|TAMS 0x00000007be400000, 0x00000007be400000| Complete 
|1523|0x00000007be600000, 0x00000007be800000, 0x00000007be800000|100%| E|CS|TAMS 0x00000007be600000, 0x00000007be600000| Complete 
|1524|0x00000007be800000, 0x00000007bea00000, 0x00000007bea00000|100%| E|CS|TAMS 0x00000007be800000, 0x00000007be800000| Complete 
|1525|0x00000007bea00000, 0x00000007bec00000, 0x00000007bec00000|100%| E|CS|TAMS 0x00000007bea00000, 0x00000007bea00000| Complete 
|1526|0x00000007bec00000, 0x00000007bee00000, 0x00000007bee00000|100%| E|CS|TAMS 0x00000007bec00000, 0x00000007bec00000| Complete 
|1527|0x00000007bee00000, 0x00000007bf000000, 0x00000007bf000000|100%| E|CS|TAMS 0x00000007bee00000, 0x00000007bee00000| Complete 
|1528|0x00000007bf000000, 0x00000007bf200000, 0x00000007bf200000|100%| E|CS|TAMS 0x00000007bf000000, 0x00000007bf000000| Complete 
|1529|0x00000007bf200000, 0x00000007bf400000, 0x00000007bf400000|100%| E|CS|TAMS 0x00000007bf200000, 0x00000007bf200000| Complete 
|1530|0x00000007bf400000, 0x00000007bf600000, 0x00000007bf600000|100%| E|CS|TAMS 0x00000007bf400000, 0x00000007bf400000| Complete 
|1531|0x00000007bf600000, 0x00000007bf800000, 0x00000007bf800000|100%| E|CS|TAMS 0x00000007bf600000, 0x00000007bf600000| Complete 
|1532|0x00000007bf800000, 0x00000007bfa00000, 0x00000007bfa00000|100%| E|CS|TAMS 0x00000007bf800000, 0x00000007bf800000| Complete 
|1533|0x00000007bfa00000, 0x00000007bfc00000, 0x00000007bfc00000|100%| E|CS|TAMS 0x00000007bfa00000, 0x00000007bfa00000| Complete 
|1534|0x00000007bfc00000, 0x00000007bfe00000, 0x00000007bfe00000|100%| E|CS|TAMS 0x00000007bfc00000, 0x00000007bfc00000| Complete 
|1535|0x00000007bfe00000, 0x00000007c0000000, 0x00000007c0000000|100%| E|CS|TAMS 0x00000007bfe00000, 0x00000007bfe00000| Complete 
|1536|0x00000007c0000000, 0x00000007c0200000, 0x00000007c0200000|100%| E|CS|TAMS 0x00000007c0000000, 0x00000007c0000000| Complete 
|1537|0x00000007c0200000, 0x00000007c0400000, 0x00000007c0400000|100%| E|CS|TAMS 0x00000007c0200000, 0x00000007c0200000| Complete 
|1538|0x00000007c0400000, 0x00000007c0600000, 0x00000007c0600000|100%| E|CS|TAMS 0x00000007c0400000, 0x00000007c0400000| Complete 
|1539|0x00000007c0600000, 0x00000007c0800000, 0x00000007c0800000|100%| E|CS|TAMS 0x00000007c0600000, 0x00000007c0600000| Complete 
|1540|0x00000007c0800000, 0x00000007c0a00000, 0x00000007c0a00000|100%| E|CS|TAMS 0x00000007c0800000, 0x00000007c0800000| Complete 
|1541|0x00000007c0a00000, 0x00000007c0c00000, 0x00000007c0c00000|100%| E|CS|TAMS 0x00000007c0a00000, 0x00000007c0a00000| Complete 
|1542|0x00000007c0c00000, 0x00000007c0e00000, 0x00000007c0e00000|100%| E|CS|TAMS 0x00000007c0c00000, 0x00000007c0c00000| Complete 
|1543|0x00000007c0e00000, 0x00000007c1000000, 0x00000007c1000000|100%| E|CS|TAMS 0x00000007c0e00000, 0x00000007c0e00000| Complete 
|1544|0x00000007c1000000, 0x00000007c1200000, 0x00000007c1200000|100%| E|CS|TAMS 0x00000007c1000000, 0x00000007c1000000| Complete 
|1545|0x00000007c1200000, 0x00000007c1400000, 0x00000007c1400000|100%| E|CS|TAMS 0x00000007c1200000, 0x00000007c1200000| Complete 
|1546|0x00000007c1400000, 0x00000007c1600000, 0x00000007c1600000|100%| E|CS|TAMS 0x00000007c1400000, 0x00000007c1400000| Complete 
|1547|0x00000007c1600000, 0x00000007c1800000, 0x00000007c1800000|100%| E|CS|TAMS 0x00000007c1600000, 0x00000007c1600000| Complete 
|1548|0x00000007c1800000, 0x00000007c1a00000, 0x00000007c1a00000|100%| E|CS|TAMS 0x00000007c1800000, 0x00000007c1800000| Complete 
|1549|0x00000007c1a00000, 0x00000007c1c00000, 0x00000007c1c00000|100%| E|CS|TAMS 0x00000007c1a00000, 0x00000007c1a00000| Complete 
|1550|0x00000007c1c00000, 0x00000007c1e00000, 0x00000007c1e00000|100%| E|CS|TAMS 0x00000007c1c00000, 0x00000007c1c00000| Complete 
|1551|0x00000007c1e00000, 0x00000007c2000000, 0x00000007c2000000|100%| E|CS|TAMS 0x00000007c1e00000, 0x00000007c1e00000| Complete 
|1552|0x00000007c2000000, 0x00000007c2200000, 0x00000007c2200000|100%| E|CS|TAMS 0x00000007c2000000, 0x00000007c2000000| Complete 
|1553|0x00000007c2200000, 0x00000007c2400000, 0x00000007c2400000|100%| E|CS|TAMS 0x00000007c2200000, 0x00000007c2200000| Complete 
|1554|0x00000007c2400000, 0x00000007c2600000, 0x00000007c2600000|100%| E|CS|TAMS 0x00000007c2400000, 0x00000007c2400000| Complete 
|1555|0x00000007c2600000, 0x00000007c2800000, 0x00000007c2800000|100%| E|CS|TAMS 0x00000007c2600000, 0x00000007c2600000| Complete 
|1556|0x00000007c2800000, 0x00000007c2a00000, 0x00000007c2a00000|100%| E|CS|TAMS 0x00000007c2800000, 0x00000007c2800000| Complete 
|1557|0x00000007c2a00000, 0x00000007c2c00000, 0x00000007c2c00000|100%| E|CS|TAMS 0x00000007c2a00000, 0x00000007c2a00000| Complete 
|1558|0x00000007c2c00000, 0x00000007c2e00000, 0x00000007c2e00000|100%| E|CS|TAMS 0x00000007c2c00000, 0x00000007c2c00000| Complete 
|1559|0x00000007c2e00000, 0x00000007c3000000, 0x00000007c3000000|100%| E|CS|TAMS 0x00000007c2e00000, 0x00000007c2e00000| Complete 
|1560|0x00000007c3000000, 0x00000007c3200000, 0x00000007c3200000|100%| E|CS|TAMS 0x00000007c3000000, 0x00000007c3000000| Complete 
|1561|0x00000007c3200000, 0x00000007c3400000, 0x00000007c3400000|100%| E|CS|TAMS 0x00000007c3200000, 0x00000007c3200000| Complete 
|1562|0x00000007c3400000, 0x00000007c3600000, 0x00000007c3600000|100%| E|CS|TAMS 0x00000007c3400000, 0x00000007c3400000| Complete 
|1563|0x00000007c3600000, 0x00000007c3800000, 0x00000007c3800000|100%| E|CS|TAMS 0x00000007c3600000, 0x00000007c3600000| Complete 
|1564|0x00000007c3800000, 0x00000007c3a00000, 0x00000007c3a00000|100%| E|CS|TAMS 0x00000007c3800000, 0x00000007c3800000| Complete 
|1565|0x00000007c3a00000, 0x00000007c3c00000, 0x00000007c3c00000|100%| E|CS|TAMS 0x00000007c3a00000, 0x00000007c3a00000| Complete 
|1566|0x00000007c3c00000, 0x00000007c3e00000, 0x00000007c3e00000|100%| E|CS|TAMS 0x00000007c3c00000, 0x00000007c3c00000| Complete 
|1567|0x00000007c3e00000, 0x00000007c4000000, 0x00000007c4000000|100%| E|CS|TAMS 0x00000007c3e00000, 0x00000007c3e00000| Complete 
|1568|0x00000007c4000000, 0x00000007c4200000, 0x00000007c4200000|100%| E|CS|TAMS 0x00000007c4000000, 0x00000007c4000000| Complete 
|1569|0x00000007c4200000, 0x00000007c4400000, 0x00000007c4400000|100%| E|CS|TAMS 0x00000007c4200000, 0x00000007c4200000| Complete 
|1570|0x00000007c4400000, 0x00000007c4600000, 0x00000007c4600000|100%| E|CS|TAMS 0x00000007c4400000, 0x00000007c4400000| Complete 
|1571|0x00000007c4600000, 0x00000007c4800000, 0x00000007c4800000|100%| E|CS|TAMS 0x00000007c4600000, 0x00000007c4600000| Complete 
|1572|0x00000007c4800000, 0x00000007c4a00000, 0x00000007c4a00000|100%| E|CS|TAMS 0x00000007c4800000, 0x00000007c4800000| Complete 
|1573|0x00000007c4a00000, 0x00000007c4c00000, 0x00000007c4c00000|100%| E|CS|TAMS 0x00000007c4a00000, 0x00000007c4a00000| Complete 
|1574|0x00000007c4c00000, 0x00000007c4e00000, 0x00000007c4e00000|100%| E|CS|TAMS 0x00000007c4c00000, 0x00000007c4c00000| Complete 
|1575|0x00000007c4e00000, 0x00000007c5000000, 0x00000007c5000000|100%| E|CS|TAMS 0x00000007c4e00000, 0x00000007c4e00000| Complete 
|1576|0x00000007c5000000, 0x00000007c5200000, 0x00000007c5200000|100%| E|CS|TAMS 0x00000007c5000000, 0x00000007c5000000| Complete 
|1577|0x00000007c5200000, 0x00000007c5400000, 0x00000007c5400000|100%| E|CS|TAMS 0x00000007c5200000, 0x00000007c5200000| Complete 
|1578|0x00000007c5400000, 0x00000007c5600000, 0x00000007c5600000|100%| E|CS|TAMS 0x00000007c5400000, 0x00000007c5400000| Complete 
|1579|0x00000007c5600000, 0x00000007c5800000, 0x00000007c5800000|100%| E|CS|TAMS 0x00000007c5600000, 0x00000007c5600000| Complete 
|1580|0x00000007c5800000, 0x00000007c5a00000, 0x00000007c5a00000|100%| E|CS|TAMS 0x00000007c5800000, 0x00000007c5800000| Complete 
|1581|0x00000007c5a00000, 0x00000007c5c00000, 0x00000007c5c00000|100%| E|CS|TAMS 0x00000007c5a00000, 0x00000007c5a00000| Complete 
|1582|0x00000007c5c00000, 0x00000007c5e00000, 0x00000007c5e00000|100%| E|CS|TAMS 0x00000007c5c00000, 0x00000007c5c00000| Complete 
|1583|0x00000007c5e00000, 0x00000007c6000000, 0x00000007c6000000|100%| E|CS|TAMS 0x00000007c5e00000, 0x00000007c5e00000| Complete 
|1584|0x00000007c6000000, 0x00000007c6200000, 0x00000007c6200000|100%| E|CS|TAMS 0x00000007c6000000, 0x00000007c6000000| Complete 
|1585|0x00000007c6200000, 0x00000007c6400000, 0x00000007c6400000|100%| E|CS|TAMS 0x00000007c6200000, 0x00000007c6200000| Complete 
|1586|0x00000007c6400000, 0x00000007c6600000, 0x00000007c6600000|100%| E|CS|TAMS 0x00000007c6400000, 0x00000007c6400000| Complete 
|1587|0x00000007c6600000, 0x00000007c6800000, 0x00000007c6800000|100%| E|CS|TAMS 0x00000007c6600000, 0x00000007c6600000| Complete 
|1588|0x00000007c6800000, 0x00000007c6a00000, 0x00000007c6a00000|100%| E|CS|TAMS 0x00000007c6800000, 0x00000007c6800000| Complete 
|1589|0x00000007c6a00000, 0x00000007c6c00000, 0x00000007c6c00000|100%| E|CS|TAMS 0x00000007c6a00000, 0x00000007c6a00000| Complete 
|1590|0x00000007c6c00000, 0x00000007c6e00000, 0x00000007c6e00000|100%| E|CS|TAMS 0x00000007c6c00000, 0x00000007c6c00000| Complete 
|1591|0x00000007c6e00000, 0x00000007c7000000, 0x00000007c7000000|100%| E|CS|TAMS 0x00000007c6e00000, 0x00000007c6e00000| Complete 
|1592|0x00000007c7000000, 0x00000007c7200000, 0x00000007c7200000|100%| E|CS|TAMS 0x00000007c7000000, 0x00000007c7000000| Complete 
|1593|0x00000007c7200000, 0x00000007c7400000, 0x00000007c7400000|100%| E|CS|TAMS 0x00000007c7200000, 0x00000007c7200000| Complete 
|1594|0x00000007c7400000, 0x00000007c7600000, 0x00000007c7600000|100%| E|CS|TAMS 0x00000007c7400000, 0x00000007c7400000| Complete 
|1595|0x00000007c7600000, 0x00000007c7800000, 0x00000007c7800000|100%| E|CS|TAMS 0x00000007c7600000, 0x00000007c7600000| Complete 
|1596|0x00000007c7800000, 0x00000007c7a00000, 0x00000007c7a00000|100%| E|CS|TAMS 0x00000007c7800000, 0x00000007c7800000| Complete 
|1597|0x00000007c7a00000, 0x00000007c7c00000, 0x00000007c7c00000|100%| E|CS|TAMS 0x00000007c7a00000, 0x00000007c7a00000| Complete 
|1598|0x00000007c7c00000, 0x00000007c7e00000, 0x00000007c7e00000|100%| E|CS|TAMS 0x00000007c7c00000, 0x00000007c7c00000| Complete 
|1599|0x00000007c7e00000, 0x00000007c8000000, 0x00000007c8000000|100%| E|CS|TAMS 0x00000007c7e00000, 0x00000007c7e00000| Complete 
|1600|0x00000007c8000000, 0x00000007c8200000, 0x00000007c8200000|100%| E|CS|TAMS 0x00000007c8000000, 0x00000007c8000000| Complete 
|1601|0x00000007c8200000, 0x00000007c8400000, 0x00000007c8400000|100%| E|CS|TAMS 0x00000007c8200000, 0x00000007c8200000| Complete 
|1602|0x00000007c8400000, 0x00000007c8600000, 0x00000007c8600000|100%| E|CS|TAMS 0x00000007c8400000, 0x00000007c8400000| Complete 
|1603|0x00000007c8600000, 0x00000007c8800000, 0x00000007c8800000|100%| E|CS|TAMS 0x00000007c8600000, 0x00000007c8600000| Complete 
|1604|0x00000007c8800000, 0x00000007c8a00000, 0x00000007c8a00000|100%| E|CS|TAMS 0x00000007c8800000, 0x00000007c8800000| Complete 
|1605|0x00000007c8a00000, 0x00000007c8c00000, 0x00000007c8c00000|100%| E|CS|TAMS 0x00000007c8a00000, 0x00000007c8a00000| Complete 
|1606|0x00000007c8c00000, 0x00000007c8e00000, 0x00000007c8e00000|100%| E|CS|TAMS 0x00000007c8c00000, 0x00000007c8c00000| Complete 
|1607|0x00000007c8e00000, 0x00000007c9000000, 0x00000007c9000000|100%| E|CS|TAMS 0x00000007c8e00000, 0x00000007c8e00000| Complete 
|1608|0x00000007c9000000, 0x00000007c9200000, 0x00000007c9200000|100%| E|CS|TAMS 0x00000007c9000000, 0x00000007c9000000| Complete 
|1609|0x00000007c9200000, 0x00000007c9400000, 0x00000007c9400000|100%| E|CS|TAMS 0x00000007c9200000, 0x00000007c9200000| Complete 
|1610|0x00000007c9400000, 0x00000007c9600000, 0x00000007c9600000|100%| E|CS|TAMS 0x00000007c9400000, 0x00000007c9400000| Complete 
|1611|0x00000007c9600000, 0x00000007c9800000, 0x00000007c9800000|100%| E|CS|TAMS 0x00000007c9600000, 0x00000007c9600000| Complete 
|1612|0x00000007c9800000, 0x00000007c9a00000, 0x00000007c9a00000|100%| E|CS|TAMS 0x00000007c9800000, 0x00000007c9800000| Complete 
|1613|0x00000007c9a00000, 0x00000007c9c00000, 0x00000007c9c00000|100%| E|CS|TAMS 0x00000007c9a00000, 0x00000007c9a00000| Complete 
|1614|0x00000007c9c00000, 0x00000007c9e00000, 0x00000007c9e00000|100%| E|CS|TAMS 0x00000007c9c00000, 0x00000007c9c00000| Complete 
|1615|0x00000007c9e00000, 0x00000007ca000000, 0x00000007ca000000|100%| E|CS|TAMS 0x00000007c9e00000, 0x00000007c9e00000| Complete 
|1616|0x00000007ca000000, 0x00000007ca200000, 0x00000007ca200000|100%| E|CS|TAMS 0x00000007ca000000, 0x00000007ca000000| Complete 
|1617|0x00000007ca200000, 0x00000007ca400000, 0x00000007ca400000|100%| E|CS|TAMS 0x00000007ca200000, 0x00000007ca200000| Complete 
|1618|0x00000007ca400000, 0x00000007ca600000, 0x00000007ca600000|100%| E|CS|TAMS 0x00000007ca400000, 0x00000007ca400000| Complete 
|1619|0x00000007ca600000, 0x00000007ca800000, 0x00000007ca800000|100%| E|CS|TAMS 0x00000007ca600000, 0x00000007ca600000| Complete 
|1620|0x00000007ca800000, 0x00000007caa00000, 0x00000007caa00000|100%| E|CS|TAMS 0x00000007ca800000, 0x00000007ca800000| Complete 
|1621|0x00000007caa00000, 0x00000007cac00000, 0x00000007cac00000|100%| E|CS|TAMS 0x00000007caa00000, 0x00000007caa00000| Complete 
|1622|0x00000007cac00000, 0x00000007cae00000, 0x00000007cae00000|100%| E|CS|TAMS 0x00000007cac00000, 0x00000007cac00000| Complete 
|1623|0x00000007cae00000, 0x00000007cb000000, 0x00000007cb000000|100%| E|CS|TAMS 0x00000007cae00000, 0x00000007cae00000| Complete 
|1624|0x00000007cb000000, 0x00000007cb200000, 0x00000007cb200000|100%| E|CS|TAMS 0x00000007cb000000, 0x00000007cb000000| Complete 
|1625|0x00000007cb200000, 0x00000007cb400000, 0x00000007cb400000|100%| E|CS|TAMS 0x00000007cb200000, 0x00000007cb200000| Complete 
|1626|0x00000007cb400000, 0x00000007cb600000, 0x00000007cb600000|100%| E|CS|TAMS 0x00000007cb400000, 0x00000007cb400000| Complete 
|1627|0x00000007cb600000, 0x00000007cb800000, 0x00000007cb800000|100%| E|CS|TAMS 0x00000007cb600000, 0x00000007cb600000| Complete 
|1628|0x00000007cb800000, 0x00000007cba00000, 0x00000007cba00000|100%| E|CS|TAMS 0x00000007cb800000, 0x00000007cb800000| Complete 
|1629|0x00000007cba00000, 0x00000007cbc00000, 0x00000007cbc00000|100%| E|CS|TAMS 0x00000007cba00000, 0x00000007cba00000| Complete 
|1630|0x00000007cbc00000, 0x00000007cbe00000, 0x00000007cbe00000|100%| E|CS|TAMS 0x00000007cbc00000, 0x00000007cbc00000| Complete 
|1631|0x00000007cbe00000, 0x00000007cc000000, 0x00000007cc000000|100%| E|CS|TAMS 0x00000007cbe00000, 0x00000007cbe00000| Complete 
|1632|0x00000007cc000000, 0x00000007cc200000, 0x00000007cc200000|100%| E|CS|TAMS 0x00000007cc000000, 0x00000007cc000000| Complete 
|1633|0x00000007cc200000, 0x00000007cc400000, 0x00000007cc400000|100%| E|CS|TAMS 0x00000007cc200000, 0x00000007cc200000| Complete 
|1634|0x00000007cc400000, 0x00000007cc600000, 0x00000007cc600000|100%| E|CS|TAMS 0x00000007cc400000, 0x00000007cc400000| Complete 
|1635|0x00000007cc600000, 0x00000007cc800000, 0x00000007cc800000|100%| E|CS|TAMS 0x00000007cc600000, 0x00000007cc600000| Complete 
|1636|0x00000007cc800000, 0x00000007cca00000, 0x00000007cca00000|100%| E|CS|TAMS 0x00000007cc800000, 0x00000007cc800000| Complete 
|1637|0x00000007cca00000, 0x00000007ccc00000, 0x00000007ccc00000|100%| E|CS|TAMS 0x00000007cca00000, 0x00000007cca00000| Complete 
|1638|0x00000007ccc00000, 0x00000007cce00000, 0x00000007cce00000|100%| E|CS|TAMS 0x00000007ccc00000, 0x00000007ccc00000| Complete 
|1639|0x00000007cce00000, 0x00000007cd000000, 0x00000007cd000000|100%| E|CS|TAMS 0x00000007cce00000, 0x00000007cce00000| Complete 
|1640|0x00000007cd000000, 0x00000007cd200000, 0x00000007cd200000|100%| E|CS|TAMS 0x00000007cd000000, 0x00000007cd000000| Complete 
|1641|0x00000007cd200000, 0x00000007cd400000, 0x00000007cd400000|100%| E|CS|TAMS 0x00000007cd200000, 0x00000007cd200000| Complete 
|1642|0x00000007cd400000, 0x00000007cd600000, 0x00000007cd600000|100%| E|CS|TAMS 0x00000007cd400000, 0x00000007cd400000| Complete 
|1643|0x00000007cd600000, 0x00000007cd800000, 0x00000007cd800000|100%| E|CS|TAMS 0x00000007cd600000, 0x00000007cd600000| Complete 
|1644|0x00000007cd800000, 0x00000007cda00000, 0x00000007cda00000|100%| E|CS|TAMS 0x00000007cd800000, 0x00000007cd800000| Complete 
|1645|0x00000007cda00000, 0x00000007cdc00000, 0x00000007cdc00000|100%| E|CS|TAMS 0x00000007cda00000, 0x00000007cda00000| Complete 
|1646|0x00000007cdc00000, 0x00000007cde00000, 0x00000007cde00000|100%| E|CS|TAMS 0x00000007cdc00000, 0x00000007cdc00000| Complete 
|1647|0x00000007cde00000, 0x00000007ce000000, 0x00000007ce000000|100%| E|CS|TAMS 0x00000007cde00000, 0x00000007cde00000| Complete 
|1648|0x00000007ce000000, 0x00000007ce200000, 0x00000007ce200000|100%| E|CS|TAMS 0x00000007ce000000, 0x00000007ce000000| Complete 
|1649|0x00000007ce200000, 0x00000007ce400000, 0x00000007ce400000|100%| E|CS|TAMS 0x00000007ce200000, 0x00000007ce200000| Complete 
|1650|0x00000007ce400000, 0x00000007ce600000, 0x00000007ce600000|100%| E|CS|TAMS 0x00000007ce400000, 0x00000007ce400000| Complete 
|1651|0x00000007ce600000, 0x00000007ce800000, 0x00000007ce800000|100%| E|CS|TAMS 0x00000007ce600000, 0x00000007ce600000| Complete 
|1652|0x00000007ce800000, 0x00000007cea00000, 0x00000007cea00000|100%| E|CS|TAMS 0x00000007ce800000, 0x00000007ce800000| Complete 
|1653|0x00000007cea00000, 0x00000007cec00000, 0x00000007cec00000|100%| E|CS|TAMS 0x00000007cea00000, 0x00000007cea00000| Complete 
|1654|0x00000007cec00000, 0x00000007cee00000, 0x00000007cee00000|100%| E|CS|TAMS 0x00000007cec00000, 0x00000007cec00000| Complete 
|1655|0x00000007cee00000, 0x00000007cf000000, 0x00000007cf000000|100%| E|CS|TAMS 0x00000007cee00000, 0x00000007cee00000| Complete 
|1656|0x00000007cf000000, 0x00000007cf200000, 0x00000007cf200000|100%| E|CS|TAMS 0x00000007cf000000, 0x00000007cf000000| Complete 
|1657|0x00000007cf200000, 0x00000007cf400000, 0x00000007cf400000|100%| E|CS|TAMS 0x00000007cf200000, 0x00000007cf200000| Complete 
|1658|0x00000007cf400000, 0x00000007cf600000, 0x00000007cf600000|100%| E|CS|TAMS 0x00000007cf400000, 0x00000007cf400000| Complete 
|1659|0x00000007cf600000, 0x00000007cf800000, 0x00000007cf800000|100%| E|CS|TAMS 0x00000007cf600000, 0x00000007cf600000| Complete 
|1660|0x00000007cf800000, 0x00000007cfa00000, 0x00000007cfa00000|100%| E|CS|TAMS 0x00000007cf800000, 0x00000007cf800000| Complete 
|1661|0x00000007cfa00000, 0x00000007cfc00000, 0x00000007cfc00000|100%| E|CS|TAMS 0x00000007cfa00000, 0x00000007cfa00000| Complete 
|1662|0x00000007cfc00000, 0x00000007cfe00000, 0x00000007cfe00000|100%| E|CS|TAMS 0x00000007cfc00000, 0x00000007cfc00000| Complete 
|1663|0x00000007cfe00000, 0x00000007d0000000, 0x00000007d0000000|100%| E|CS|TAMS 0x00000007cfe00000, 0x00000007cfe00000| Complete 
|1664|0x00000007d0000000, 0x00000007d0200000, 0x00000007d0200000|100%| E|CS|TAMS 0x00000007d0000000, 0x00000007d0000000| Complete 
|1665|0x00000007d0200000, 0x00000007d0400000, 0x00000007d0400000|100%| E|CS|TAMS 0x00000007d0200000, 0x00000007d0200000| Complete 
|1666|0x00000007d0400000, 0x00000007d0600000, 0x00000007d0600000|100%| E|CS|TAMS 0x00000007d0400000, 0x00000007d0400000| Complete 
|1667|0x00000007d0600000, 0x00000007d0800000, 0x00000007d0800000|100%| E|CS|TAMS 0x00000007d0600000, 0x00000007d0600000| Complete 
|1668|0x00000007d0800000, 0x00000007d0a00000, 0x00000007d0a00000|100%| E|CS|TAMS 0x00000007d0800000, 0x00000007d0800000| Complete 
|1669|0x00000007d0a00000, 0x00000007d0c00000, 0x00000007d0c00000|100%| E|CS|TAMS 0x00000007d0a00000, 0x00000007d0a00000| Complete 
|1670|0x00000007d0c00000, 0x00000007d0e00000, 0x00000007d0e00000|100%| E|CS|TAMS 0x00000007d0c00000, 0x00000007d0c00000| Complete 
|1671|0x00000007d0e00000, 0x00000007d1000000, 0x00000007d1000000|100%| E|CS|TAMS 0x00000007d0e00000, 0x00000007d0e00000| Complete 
|1672|0x00000007d1000000, 0x00000007d1200000, 0x00000007d1200000|100%| E|CS|TAMS 0x00000007d1000000, 0x00000007d1000000| Complete 
|1673|0x00000007d1200000, 0x00000007d1400000, 0x00000007d1400000|100%| E|CS|TAMS 0x00000007d1200000, 0x00000007d1200000| Complete 
|1674|0x00000007d1400000, 0x00000007d1600000, 0x00000007d1600000|100%| E|CS|TAMS 0x00000007d1400000, 0x00000007d1400000| Complete 
|1675|0x00000007d1600000, 0x00000007d1800000, 0x00000007d1800000|100%| E|CS|TAMS 0x00000007d1600000, 0x00000007d1600000| Complete 
|1676|0x00000007d1800000, 0x00000007d1a00000, 0x00000007d1a00000|100%| E|CS|TAMS 0x00000007d1800000, 0x00000007d1800000| Complete 
|1677|0x00000007d1a00000, 0x00000007d1c00000, 0x00000007d1c00000|100%| E|CS|TAMS 0x00000007d1a00000, 0x00000007d1a00000| Complete 
|1678|0x00000007d1c00000, 0x00000007d1e00000, 0x00000007d1e00000|100%| E|CS|TAMS 0x00000007d1c00000, 0x00000007d1c00000| Complete 
|1679|0x00000007d1e00000, 0x00000007d2000000, 0x00000007d2000000|100%| E|CS|TAMS 0x00000007d1e00000, 0x00000007d1e00000| Complete 
|1680|0x00000007d2000000, 0x00000007d2200000, 0x00000007d2200000|100%| E|CS|TAMS 0x00000007d2000000, 0x00000007d2000000| Complete 
|1681|0x00000007d2200000, 0x00000007d2400000, 0x00000007d2400000|100%| E|CS|TAMS 0x00000007d2200000, 0x00000007d2200000| Complete 
|1682|0x00000007d2400000, 0x00000007d2600000, 0x00000007d2600000|100%| E|CS|TAMS 0x00000007d2400000, 0x00000007d2400000| Complete 
|1683|0x00000007d2600000, 0x00000007d2800000, 0x00000007d2800000|100%| E|CS|TAMS 0x00000007d2600000, 0x00000007d2600000| Complete 
|1684|0x00000007d2800000, 0x00000007d2a00000, 0x00000007d2a00000|100%| E|CS|TAMS 0x00000007d2800000, 0x00000007d2800000| Complete 
|1685|0x00000007d2a00000, 0x00000007d2c00000, 0x00000007d2c00000|100%| E|CS|TAMS 0x00000007d2a00000, 0x00000007d2a00000| Complete 
|1686|0x00000007d2c00000, 0x00000007d2e00000, 0x00000007d2e00000|100%| E|CS|TAMS 0x00000007d2c00000, 0x00000007d2c00000| Complete 
|1687|0x00000007d2e00000, 0x00000007d3000000, 0x00000007d3000000|100%| E|CS|TAMS 0x00000007d2e00000, 0x00000007d2e00000| Complete 
|1688|0x00000007d3000000, 0x00000007d3200000, 0x00000007d3200000|100%| E|CS|TAMS 0x00000007d3000000, 0x00000007d3000000| Complete 
|1689|0x00000007d3200000, 0x00000007d3400000, 0x00000007d3400000|100%| E|CS|TAMS 0x00000007d3200000, 0x00000007d3200000| Complete 
|1690|0x00000007d3400000, 0x00000007d3600000, 0x00000007d3600000|100%| E|CS|TAMS 0x00000007d3400000, 0x00000007d3400000| Complete 
|1691|0x00000007d3600000, 0x00000007d3800000, 0x00000007d3800000|100%| E|CS|TAMS 0x00000007d3600000, 0x00000007d3600000| Complete 
|1692|0x00000007d3800000, 0x00000007d3a00000, 0x00000007d3a00000|100%| E|CS|TAMS 0x00000007d3800000, 0x00000007d3800000| Complete 
|1693|0x00000007d3a00000, 0x00000007d3c00000, 0x00000007d3c00000|100%| E|CS|TAMS 0x00000007d3a00000, 0x00000007d3a00000| Complete 
|1694|0x00000007d3c00000, 0x00000007d3e00000, 0x00000007d3e00000|100%| E|CS|TAMS 0x00000007d3c00000, 0x00000007d3c00000| Complete 
|1695|0x00000007d3e00000, 0x00000007d4000000, 0x00000007d4000000|100%| E|CS|TAMS 0x00000007d3e00000, 0x00000007d3e00000| Complete 
|1696|0x00000007d4000000, 0x00000007d4200000, 0x00000007d4200000|100%| E|CS|TAMS 0x00000007d4000000, 0x00000007d4000000| Complete 
|1697|0x00000007d4200000, 0x00000007d4400000, 0x00000007d4400000|100%| E|CS|TAMS 0x00000007d4200000, 0x00000007d4200000| Complete 
|1698|0x00000007d4400000, 0x00000007d4600000, 0x00000007d4600000|100%| E|CS|TAMS 0x00000007d4400000, 0x00000007d4400000| Complete 
|1699|0x00000007d4600000, 0x00000007d4800000, 0x00000007d4800000|100%| E|CS|TAMS 0x00000007d4600000, 0x00000007d4600000| Complete 
|1700|0x00000007d4800000, 0x00000007d4a00000, 0x00000007d4a00000|100%| E|CS|TAMS 0x00000007d4800000, 0x00000007d4800000| Complete 
|1701|0x00000007d4a00000, 0x00000007d4c00000, 0x00000007d4c00000|100%| E|CS|TAMS 0x00000007d4a00000, 0x00000007d4a00000| Complete 
|1702|0x00000007d4c00000, 0x00000007d4e00000, 0x00000007d4e00000|100%| E|CS|TAMS 0x00000007d4c00000, 0x00000007d4c00000| Complete 
|1703|0x00000007d4e00000, 0x00000007d5000000, 0x00000007d5000000|100%| E|CS|TAMS 0x00000007d4e00000, 0x00000007d4e00000| Complete 
|1704|0x00000007d5000000, 0x00000007d5200000, 0x00000007d5200000|100%| E|CS|TAMS 0x00000007d5000000, 0x00000007d5000000| Complete 
|1705|0x00000007d5200000, 0x00000007d5400000, 0x00000007d5400000|100%| E|CS|TAMS 0x00000007d5200000, 0x00000007d5200000| Complete 
|1706|0x00000007d5400000, 0x00000007d5600000, 0x00000007d5600000|100%| E|CS|TAMS 0x00000007d5400000, 0x00000007d5400000| Complete 
|1707|0x00000007d5600000, 0x00000007d5800000, 0x00000007d5800000|100%| E|CS|TAMS 0x00000007d5600000, 0x00000007d5600000| Complete 
|1708|0x00000007d5800000, 0x00000007d5a00000, 0x00000007d5a00000|100%| E|CS|TAMS 0x00000007d5800000, 0x00000007d5800000| Complete 
|1709|0x00000007d5a00000, 0x00000007d5c00000, 0x00000007d5c00000|100%| E|CS|TAMS 0x00000007d5a00000, 0x00000007d5a00000| Complete 
|1710|0x00000007d5c00000, 0x00000007d5e00000, 0x00000007d5e00000|100%| E|CS|TAMS 0x00000007d5c00000, 0x00000007d5c00000| Complete 
|1711|0x00000007d5e00000, 0x00000007d6000000, 0x00000007d6000000|100%| E|CS|TAMS 0x00000007d5e00000, 0x00000007d5e00000| Complete 
|1712|0x00000007d6000000, 0x00000007d6200000, 0x00000007d6200000|100%| E|CS|TAMS 0x00000007d6000000, 0x00000007d6000000| Complete 
|1713|0x00000007d6200000, 0x00000007d6400000, 0x00000007d6400000|100%| E|CS|TAMS 0x00000007d6200000, 0x00000007d6200000| Complete 
|1714|0x00000007d6400000, 0x00000007d6600000, 0x00000007d6600000|100%| E|CS|TAMS 0x00000007d6400000, 0x00000007d6400000| Complete 
|1715|0x00000007d6600000, 0x00000007d6800000, 0x00000007d6800000|100%| E|CS|TAMS 0x00000007d6600000, 0x00000007d6600000| Complete 
|1716|0x00000007d6800000, 0x00000007d6a00000, 0x00000007d6a00000|100%| E|CS|TAMS 0x00000007d6800000, 0x00000007d6800000| Complete 
|1717|0x00000007d6a00000, 0x00000007d6c00000, 0x00000007d6c00000|100%| E|CS|TAMS 0x00000007d6a00000, 0x00000007d6a00000| Complete 
|1718|0x00000007d6c00000, 0x00000007d6e00000, 0x00000007d6e00000|100%| E|CS|TAMS 0x00000007d6c00000, 0x00000007d6c00000| Complete 
|1719|0x00000007d6e00000, 0x00000007d7000000, 0x00000007d7000000|100%| E|CS|TAMS 0x00000007d6e00000, 0x00000007d6e00000| Complete 
|1720|0x00000007d7000000, 0x00000007d7200000, 0x00000007d7200000|100%| E|CS|TAMS 0x00000007d7000000, 0x00000007d7000000| Complete 
|1721|0x00000007d7200000, 0x00000007d7400000, 0x00000007d7400000|100%| E|CS|TAMS 0x00000007d7200000, 0x00000007d7200000| Complete 
|1722|0x00000007d7400000, 0x00000007d7600000, 0x00000007d7600000|100%| E|CS|TAMS 0x00000007d7400000, 0x00000007d7400000| Complete 
|1723|0x00000007d7600000, 0x00000007d7800000, 0x00000007d7800000|100%| E|CS|TAMS 0x00000007d7600000, 0x00000007d7600000| Complete 
|1724|0x00000007d7800000, 0x00000007d7a00000, 0x00000007d7a00000|100%| E|CS|TAMS 0x00000007d7800000, 0x00000007d7800000| Complete 
|1725|0x00000007d7a00000, 0x00000007d7c00000, 0x00000007d7c00000|100%| E|CS|TAMS 0x00000007d7a00000, 0x00000007d7a00000| Complete 
|1726|0x00000007d7c00000, 0x00000007d7e00000, 0x00000007d7e00000|100%| E|CS|TAMS 0x00000007d7c00000, 0x00000007d7c00000| Complete 
|1727|0x00000007d7e00000, 0x00000007d8000000, 0x00000007d8000000|100%| E|CS|TAMS 0x00000007d7e00000, 0x00000007d7e00000| Complete 
|1728|0x00000007d8000000, 0x00000007d8200000, 0x00000007d8200000|100%| E|CS|TAMS 0x00000007d8000000, 0x00000007d8000000| Complete 
|1729|0x00000007d8200000, 0x00000007d8400000, 0x00000007d8400000|100%| E|CS|TAMS 0x00000007d8200000, 0x00000007d8200000| Complete 
|1730|0x00000007d8400000, 0x00000007d8600000, 0x00000007d8600000|100%| E|CS|TAMS 0x00000007d8400000, 0x00000007d8400000| Complete 
|1731|0x00000007d8600000, 0x00000007d8800000, 0x00000007d8800000|100%| E|CS|TAMS 0x00000007d8600000, 0x00000007d8600000| Complete 
|1732|0x00000007d8800000, 0x00000007d8a00000, 0x00000007d8a00000|100%| E|CS|TAMS 0x00000007d8800000, 0x00000007d8800000| Complete 
|1733|0x00000007d8a00000, 0x00000007d8c00000, 0x00000007d8c00000|100%| E|CS|TAMS 0x00000007d8a00000, 0x00000007d8a00000| Complete 
|1734|0x00000007d8c00000, 0x00000007d8e00000, 0x00000007d8e00000|100%| E|CS|TAMS 0x00000007d8c00000, 0x00000007d8c00000| Complete 
|1735|0x00000007d8e00000, 0x00000007d9000000, 0x00000007d9000000|100%| E|CS|TAMS 0x00000007d8e00000, 0x00000007d8e00000| Complete 
|1736|0x00000007d9000000, 0x00000007d9200000, 0x00000007d9200000|100%| E|CS|TAMS 0x00000007d9000000, 0x00000007d9000000| Complete 
|1737|0x00000007d9200000, 0x00000007d9400000, 0x00000007d9400000|100%| E|CS|TAMS 0x00000007d9200000, 0x00000007d9200000| Complete 
|1738|0x00000007d9400000, 0x00000007d9600000, 0x00000007d9600000|100%| E|CS|TAMS 0x00000007d9400000, 0x00000007d9400000| Complete 
|1739|0x00000007d9600000, 0x00000007d9800000, 0x00000007d9800000|100%| E|CS|TAMS 0x00000007d9600000, 0x00000007d9600000| Complete 
|1740|0x00000007d9800000, 0x00000007d9a00000, 0x00000007d9a00000|100%| E|CS|TAMS 0x00000007d9800000, 0x00000007d9800000| Complete 
|1741|0x00000007d9a00000, 0x00000007d9c00000, 0x00000007d9c00000|100%| E|CS|TAMS 0x00000007d9a00000, 0x00000007d9a00000| Complete 
|1742|0x00000007d9c00000, 0x00000007d9e00000, 0x00000007d9e00000|100%| E|CS|TAMS 0x00000007d9c00000, 0x00000007d9c00000| Complete 
|1743|0x00000007d9e00000, 0x00000007da000000, 0x00000007da000000|100%| E|CS|TAMS 0x00000007d9e00000, 0x00000007d9e00000| Complete 
|1744|0x00000007da000000, 0x00000007da200000, 0x00000007da200000|100%| E|CS|TAMS 0x00000007da000000, 0x00000007da000000| Complete 
|1745|0x00000007da200000, 0x00000007da400000, 0x00000007da400000|100%| E|CS|TAMS 0x00000007da200000, 0x00000007da200000| Complete 
|1746|0x00000007da400000, 0x00000007da600000, 0x00000007da600000|100%| E|CS|TAMS 0x00000007da400000, 0x00000007da400000| Complete 
|1747|0x00000007da600000, 0x00000007da800000, 0x00000007da800000|100%| E|CS|TAMS 0x00000007da600000, 0x00000007da600000| Complete 
|1748|0x00000007da800000, 0x00000007daa00000, 0x00000007daa00000|100%| E|CS|TAMS 0x00000007da800000, 0x00000007da800000| Complete 
|1749|0x00000007daa00000, 0x00000007dac00000, 0x00000007dac00000|100%| E|CS|TAMS 0x00000007daa00000, 0x00000007daa00000| Complete 
|1750|0x00000007dac00000, 0x00000007dae00000, 0x00000007dae00000|100%| E|CS|TAMS 0x00000007dac00000, 0x00000007dac00000| Complete 
|1751|0x00000007dae00000, 0x00000007db000000, 0x00000007db000000|100%| E|CS|TAMS 0x00000007dae00000, 0x00000007dae00000| Complete 
|1752|0x00000007db000000, 0x00000007db200000, 0x00000007db200000|100%| E|CS|TAMS 0x00000007db000000, 0x00000007db000000| Complete 
|1753|0x00000007db200000, 0x00000007db400000, 0x00000007db400000|100%| E|CS|TAMS 0x00000007db200000, 0x00000007db200000| Complete 
|1754|0x00000007db400000, 0x00000007db600000, 0x00000007db600000|100%| E|CS|TAMS 0x00000007db400000, 0x00000007db400000| Complete 
|1755|0x00000007db600000, 0x00000007db800000, 0x00000007db800000|100%| E|CS|TAMS 0x00000007db600000, 0x00000007db600000| Complete 
|1756|0x00000007db800000, 0x00000007dba00000, 0x00000007dba00000|100%| E|CS|TAMS 0x00000007db800000, 0x00000007db800000| Complete 
|1757|0x00000007dba00000, 0x00000007dbc00000, 0x00000007dbc00000|100%| E|CS|TAMS 0x00000007dba00000, 0x00000007dba00000| Complete 
|1758|0x00000007dbc00000, 0x00000007dbe00000, 0x00000007dbe00000|100%| E|CS|TAMS 0x00000007dbc00000, 0x00000007dbc00000| Complete 
|1759|0x00000007dbe00000, 0x00000007dc000000, 0x00000007dc000000|100%| E|CS|TAMS 0x00000007dbe00000, 0x00000007dbe00000| Complete 
|1760|0x00000007dc000000, 0x00000007dc200000, 0x00000007dc200000|100%| E|CS|TAMS 0x00000007dc000000, 0x00000007dc000000| Complete 
|1761|0x00000007dc200000, 0x00000007dc400000, 0x00000007dc400000|100%| E|CS|TAMS 0x00000007dc200000, 0x00000007dc200000| Complete 
|1762|0x00000007dc400000, 0x00000007dc600000, 0x00000007dc600000|100%| E|CS|TAMS 0x00000007dc400000, 0x00000007dc400000| Complete 
|2042|0x00000007ff400000, 0x00000007ff600000, 0x00000007ff600000|100%| E|CS|TAMS 0x00000007ff400000, 0x00000007ff400000| Complete 
|2043|0x00000007ff600000, 0x00000007ff800000, 0x00000007ff800000|100%| E|CS|TAMS 0x00000007ff600000, 0x00000007ff600000| Complete 
|2044|0x00000007ff800000, 0x00000007ffa00000, 0x00000007ffa00000|100%| E|CS|TAMS 0x00000007ff800000, 0x00000007ff800000| Complete 
|2045|0x00000007ffa00000, 0x00000007ffc00000, 0x00000007ffc00000|100%| E|CS|TAMS 0x00000007ffa00000, 0x00000007ffa00000| Complete 
|2046|0x00000007ffc00000, 0x00000007ffd6c000, 0x00000007ffe00000| 71%|OA|  |TAMS 0x00000007ffd6c000, 0x00000007ffc00000| Untracked 
|2047|0x00000007ffe00000, 0x00000007ffe70000, 0x0000000800000000| 21%|CA|  |TAMS 0x00000007ffe70000, 0x00000007ffe00000| Untracked 

Card table byte_map: [0x00000001167dc000,0x0000000116fdc000] _byte_map_base: 0x0000000112fdc000

Marking Bits (Prev, Next): (CMBitMap*) 0x000000014b035610, (CMBitMap*) 0x000000014b035650
 Prev Bits: [0x00000001177dc000, 0x000000011b7dc000)
 Next Bits: [0x000000011b7dc000, 0x000000011f7dc000)

Polling page: 0x00000001002ec000

Metaspace:

Usage:
  Non-class:    271.12 MB used.
      Class:     56.37 MB used.
       Both:    327.49 MB used.

Virtual space:
  Non-class space:      320.00 MB reserved,     272.50 MB ( 85%) committed,  5 nodes.
      Class space:        1.00 GB reserved,      57.44 MB (  6%) committed,  1 nodes.
             Both:        1.31 GB reserved,     329.94 MB ( 25%) committed. 

Chunk freelists:
   Non-Class:  15.15 MB
       Class:  6.54 MB
        Both:  21.70 MB

MaxMetaspaceSize: unlimited
CompressedClassSpaceSize: 1.00 GB
Initial GC threshold: 21.00 MB
Current GC threshold: 533.06 MB
CDS: on
MetaspaceReclaimPolicy: balanced
 - commit_granule_bytes: 65536.
 - commit_granule_words: 8192.
 - virtual_space_node_default_size: 8388608.
 - enlarge_chunks_in_place: 1.
 - new_chunks_are_fully_committed: 0.
 - uncommit_free_chunks: 1.
 - use_allocation_guard: 0.
 - handle_deallocations: 1.


Internal statistics:

num_allocs_failed_limit: 67.
num_arena_births: 3894.
num_arena_deaths: 18.
num_vsnodes_births: 6.
num_vsnodes_deaths: 0.
num_space_committed: 5267.
num_space_uncommitted: 0.
num_chunks_returned_to_freelist: 92.
num_chunks_taken_from_freelist: 16927.
num_chunk_merges: 70.
num_chunk_splits: 12345.
num_chunks_enlarged: 9919.
num_inconsistent_stats: 0.

CodeHeap 'non-profiled nmethods': size=120032Kb used=26424Kb max_used=26424Kb free=93607Kb
 bounds [0x000000010f2a4000, 0x0000000110c84000, 0x00000001167dc000]
CodeHeap 'profiled nmethods': size=120016Kb used=53819Kb max_used=53819Kb free=66196Kb
 bounds [0x00000001077dc000, 0x000000010ac6c000, 0x000000010ed10000]
CodeHeap 'non-nmethods': size=5712Kb used=3305Kb max_used=3452Kb free=2406Kb
 bounds [0x000000010ed10000, 0x000000010f080000, 0x000000010f2a4000]
 total_blobs=32659 nmethods=29390 adapters=3184
 compilation: enabled
              stopped_count=0, restarted_count=0
 full_count=0

Compilation events (20 events):
Event: 112.758 Thread 0x000000014b102a00 nmethod 61025 0x000000010ac46490 code [0x000000010ac46640, 0x000000010ac46788]
Event: 112.758 Thread 0x000000014b102a00 61018       2       me.jellysquid.mods.sodium.client.render.chunk.occlusion.OcclusionCuller::visitNode (31 bytes)
Event: 112.758 Thread 0x000000014b102a00 nmethod 61018 0x000000010ac46890 code [0x000000010ac46a40, 0x000000010ac46bc8]
Event: 112.758 Thread 0x000000014b102a00 61036       2       link.infra.indium.renderer.aocalc.AoFace$$Lambda$29715/0x000000a004916638::apply (7 bytes)
Event: 112.758 Thread 0x000000014b102a00 nmethod 61036 0x000000010ac46d10 code [0x000000010ac46ec0, 0x000000010ac47008]
Event: 112.758 Thread 0x000000014b102a00 61037       2       link.infra.indium.renderer.aocalc.AoFace::lambda$static$1 (56 bytes)
Event: 112.758 Thread 0x000000014b102a00 nmethod 61037 0x000000010ac47110 code [0x000000010ac472c0, 0x000000010ac47558]
Event: 112.758 Thread 0x000000014b102a00 61052       2       link.infra.indium.renderer.aocalc.AoFace$$Lambda$29719/0x000000a004916ed8::apply (7 bytes)
Event: 112.759 Thread 0x000000014b102a00 nmethod 61052 0x000000010ac47710 code [0x000000010ac478c0, 0x000000010ac47a08]
Event: 112.759 Thread 0x000000014b102a00 61017       1       me.jellysquid.mods.sodium.client.render.chunk.RenderSection::getBuildCancellationToken (5 bytes)
Event: 112.759 Thread 0x000000014b102a00 nmethod 61017 0x0000000110605110 code [0x0000000110605280, 0x0000000110605318]
Event: 112.759 Thread 0x000000014b102a00 61022       1       me.jellysquid.mods.sodium.client.render.chunk.ChunkUpdateType::getMaximumQueueSize (5 bytes)
Event: 112.759 Thread 0x000000014b102a00 nmethod 61022 0x0000000110b81810 code [0x0000000110b81980, 0x0000000110b81a18]
Event: 112.759 Thread 0x000000014b102a00 61048       2       org.lwjgl.opengl.GL20::glUniformMatrix4fv (7 bytes)
Event: 112.759 Thread 0x000000014b102a00 nmethod 61048 0x000000010ac47b10 code [0x000000010ac47cc0, 0x000000010ac47dc8]
Event: 112.759 Thread 0x000000014b102a00 61003       1       me.jellysquid.mods.sodium.client.world.cloned.ClonedChunkSection::setLastUsedTimestamp (6 bytes)
Event: 112.759 Thread 0x000000014b102a00 nmethod 61003 0x0000000110b81510 code [0x0000000110b81680, 0x0000000110b81718]
Event: 112.759 Thread 0x000000014b102a00 60990       2       me.jellysquid.mods.sodium.client.render.chunk.RenderSection::setRenderState (46 bytes)
Event: 112.761 Thread 0x000000014b102a00 nmethod 60990 0x000000010ac47e90 code [0x000000010ac48040, 0x000000010ac48258]
Event: 112.761 Thread 0x000000014b102a00 61056       3       com.seibel.distanthorizons.core.dataObjects.render.bufferBuilding.LodQuadBuilder::putQuad (602 bytes)

GC Heap History (20 events):
Event: 101.824 GC heap before
{Heap before GC invocations=99 (full 0):
 garbage-first heap   total 3622912K, used 2432163K [0x0000000700000000, 0x0000000800000000)
  region size 2048K, 415 young (849920K), 8 survivors (16384K)
 Metaspace       used 325261K, committed 327552K, reserved 1376256K
  class space    used 56245K, committed 57216K, reserved 1048576K
}
Event: 101.838 GC heap after
{Heap after GC invocations=100 (full 0):
 garbage-first heap   total 3622912K, used 1600208K [0x0000000700000000, 0x0000000800000000)
  region size 2048K, 9 young (18432K), 9 survivors (18432K)
 Metaspace       used 325261K, committed 327552K, reserved 1376256K
  class space    used 56245K, committed 57216K, reserved 1048576K
}
Event: 102.691 GC heap before
{Heap before GC invocations=101 (full 0):
 garbage-first heap   total 3622912K, used 3060432K [0x0000000700000000, 0x0000000800000000)
  region size 2048K, 722 young (1478656K), 9 survivors (18432K)
 Metaspace       used 326561K, committed 328896K, reserved 1376256K
  class space    used 56419K, committed 57408K, reserved 1048576K
}
Event: 102.727 GC heap after
{Heap after GC invocations=102 (full 0):
 garbage-first heap   total 3622912K, used 1625000K [0x0000000700000000, 0x0000000800000000)
  region size 2048K, 21 young (43008K), 21 survivors (43008K)
 Metaspace       used 326561K, committed 328896K, reserved 1376256K
  class space    used 56419K, committed 57408K, reserved 1048576K
}
Event: 102.805 GC heap before
{Heap before GC invocations=102 (full 0):
 garbage-first heap   total 3622912K, used 1760168K [0x0000000700000000, 0x0000000800000000)
  region size 2048K, 88 young (180224K), 21 survivors (43008K)
 Metaspace       used 326605K, committed 328896K, reserved 1376256K
  class space    used 56419K, committed 57408K, reserved 1048576K
}
Event: 102.904 GC heap after
{Heap after GC invocations=103 (full 0):
 garbage-first heap   total 3622912K, used 1439872K [0x0000000700000000, 0x0000000800000000)
  region size 2048K, 5 young (10240K), 5 survivors (10240K)
 Metaspace       used 326605K, committed 328896K, reserved 1376256K
  class space    used 56419K, committed 57408K, reserved 1048576K
}
Event: 104.670 GC heap before
{Heap before GC invocations=103 (full 0):
 garbage-first heap   total 3622912K, used 3072128K [0x0000000700000000, 0x0000000800000000)
  region size 2048K, 803 young (1644544K), 5 survivors (10240K)
 Metaspace       used 326704K, committed 329024K, reserved 1376256K
  class space    used 56425K, committed 57408K, reserved 1048576K
}
Event: 104.798 GC heap after
{Heap after GC invocations=104 (full 0):
 garbage-first heap   total 3622912K, used 1443184K [0x0000000700000000, 0x0000000800000000)
  region size 2048K, 7 young (14336K), 7 survivors (14336K)
 Metaspace       used 326704K, committed 329024K, reserved 1376256K
  class space    used 56425K, committed 57408K, reserved 1048576K
}
Event: 105.124 GC heap before
{Heap before GC invocations=104 (full 0):
 garbage-first heap   total 3622912K, used 1938800K [0x0000000700000000, 0x0000000800000000)
  region size 2048K, 249 young (509952K), 7 survivors (14336K)
 Metaspace       used 326720K, committed 329024K, reserved 1376256K
  class space    used 56425K, committed 57408K, reserved 1048576K
}
Event: 105.129 GC heap after
{Heap after GC invocations=105 (full 0):
 garbage-first heap   total 3622912K, used 1443501K [0x0000000700000000, 0x0000000800000000)
  region size 2048K, 7 young (14336K), 7 survivors (14336K)
 Metaspace       used 326720K, committed 329024K, reserved 1376256K
  class space    used 56425K, committed 57408K, reserved 1048576K
}
Event: 105.647 GC heap before
{Heap before GC invocations=105 (full 0):
 garbage-first heap   total 3622912K, used 2287277K [0x0000000700000000, 0x0000000800000000)
  region size 2048K, 420 young (860160K), 7 survivors (14336K)
 Metaspace       used 326850K, committed 329152K, reserved 1376256K
  class space    used 56439K, committed 57408K, reserved 1048576K
}
Event: 105.652 GC heap after
{Heap after GC invocations=106 (full 0):
 garbage-first heap   total 3622912K, used 1444800K [0x0000000700000000, 0x0000000800000000)
  region size 2048K, 8 young (16384K), 8 survivors (16384K)
 Metaspace       used 326850K, committed 329152K, reserved 1376256K
  class space    used 56439K, committed 57408K, reserved 1048576K
}
Event: 106.553 GC heap before
{Heap before GC invocations=106 (full 0):
 garbage-first heap   total 3622912K, used 3167168K [0x0000000700000000, 0x0000000800000000)
  region size 2048K, 849 young (1738752K), 8 survivors (16384K)
 Metaspace       used 326942K, committed 329216K, reserved 1376256K
  class space    used 56445K, committed 57408K, reserved 1048576K
}
Event: 106.568 GC heap after
{Heap after GC invocations=107 (full 0):
 garbage-first heap   total 3622912K, used 1447557K [0x0000000700000000, 0x0000000800000000)
  region size 2048K, 9 young (18432K), 9 survivors (18432K)
 Metaspace       used 326942K, committed 329216K, reserved 1376256K
  class space    used 56445K, committed 57408K, reserved 1048576K
}
Event: 107.589 GC heap before
{Heap before GC invocations=107 (full 0):
 garbage-first heap   total 3622912K, used 3186309K [0x0000000700000000, 0x0000000800000000)
  region size 2048K, 858 young (1757184K), 9 survivors (18432K)
 Metaspace       used 327011K, committed 329280K, reserved 1376256K
  class space    used 56458K, committed 57408K, reserved 1048576K
}
Event: 107.608 GC heap after
{Heap after GC invocations=108 (full 0):
 garbage-first heap   total 3622912K, used 1449549K [0x0000000700000000, 0x0000000800000000)
  region size 2048K, 10 young (20480K), 10 survivors (20480K)
 Metaspace       used 327011K, committed 329280K, reserved 1376256K
  class space    used 56458K, committed 57408K, reserved 1048576K
}
Event: 108.768 GC heap before
{Heap before GC invocations=108 (full 0):
 garbage-first heap   total 3622912K, used 3198541K [0x0000000700000000, 0x0000000800000000)
  region size 2048K, 865 young (1771520K), 10 survivors (20480K)
 Metaspace       used 327150K, committed 329408K, reserved 1376256K
  class space    used 56469K, committed 57408K, reserved 1048576K
}
Event: 108.779 GC heap after
{Heap after GC invocations=109 (full 0):
 garbage-first heap   total 3622912K, used 1453559K [0x0000000700000000, 0x0000000800000000)
  region size 2048K, 12 young (24576K), 12 survivors (24576K)
 Metaspace       used 327150K, committed 329408K, reserved 1376256K
  class space    used 56469K, committed 57408K, reserved 1048576K
}
Event: 110.326 GC heap before
{Heap before GC invocations=109 (full 0):
 garbage-first heap   total 3622912K, used 3206647K [0x0000000700000000, 0x0000000800000000)
  region size 2048K, 869 young (1779712K), 12 survivors (24576K)
 Metaspace       used 327415K, committed 329664K, reserved 1376256K
  class space    used 56497K, committed 57472K, reserved 1048576K
}
Event: 110.428 GC heap after
{Heap after GC invocations=110 (full 0):
 garbage-first heap   total 3622912K, used 1474575K [0x0000000700000000, 0x0000000800000000)
  region size 2048K, 22 young (45056K), 22 survivors (45056K)
 Metaspace       used 327415K, committed 329664K, reserved 1376256K
  class space    used 56497K, committed 57472K, reserved 1048576K
}

Dll operation events (20 events):
Event: 4.320 Loaded shared library /Users/stefano.deblasi/Library/Application Support/ModrinthApp/meta/natives/1.20.1-0.18.4/liblwjgl_opengl.dylib
Event: 12.257 Loaded shared library /Users/stefano.deblasi/Library/Application Support/ModrinthApp/meta/java_versions/zulu17.64.17-ca-jre17.0.18-macosx_aarch64/zulu-17.jre/Contents/Home/lib/libawt.dylib
Event: 12.264 Loaded shared library /Users/stefano.deblasi/Library/Application Support/ModrinthApp/meta/java_versions/zulu17.64.17-ca-jre17.0.18-macosx_aarch64/zulu-17.jre/Contents/Home/lib/libawt_lwawt.dylib
Event: 14.178 Loaded shared library /private/var/folders/pd/smzmx_zx7rdfpvpjh7md1gdc0000gp/T/native-6838747476982640293.dylib
Event: 14.294 Loaded shared library /private/var/folders/pd/smzmx_zx7rdfpvpjh7md1gdc0000gp/T/native-420006813877205870.dylib
Event: 14.777 Loading shared library /Users/stefano.deblasi/Library/Application Support/ModrinthApp/meta/java_versions/zulu17.64.17-ca-jre17.0.18-macosx_aarch64/zulu-17.jre/Contents/Home/lib/libpowergridNative5.dylib failed, dlopen(/Users/stefano.deblasi/Library/Applic
Event: 14.777 Loading shared library /Users/stefano.deblasi/Library/Application Support/ModrinthApp/meta/java_versions/zulu17.64.17-ca-jre17.0.18-macosx_aarch64/zulu-17.jre/Contents/Home/lib/libpowergridNative5.jnilib failed, dlopen(/Users/stefano.deblasi/Library/Appli
Event: 14.777 Loading shared library /Users/stefano.deblasi/Library/Application Support/ModrinthApp/meta/natives/1.20.1-0.18.4/libpowergridNative5.dylib failed, dlopen(/Users/stefano.deblasi/Library/Application Support/ModrinthApp/meta/natives/1.20.1-0.18.4/libpowergri
Event: 14.777 Loading shared library /Users/stefano.deblasi/Library/Application Support/ModrinthApp/meta/natives/1.20.1-0.18.4/libpowergridNative5.jnilib failed, dlopen(/Users/stefano.deblasi/Library/Application Support/ModrinthApp/meta/natives/1.20.1-0.18.4/libpowergr
Event: 18.165 Loaded shared library /private/var/folders/pd/smzmx_zx7rdfpvpjh7md1gdc0000gp/T/libzstd-jni_dh-1.5.7-61720360667583450807.dylib
Event: 18.343 Loaded shared library /private/var/folders/pd/smzmx_zx7rdfpvpjh7md1gdc0000gp/T/sqlite-3.47.2.0-70c54ceb-b905-4bb1-8f71-531e6e977499-libsqlitejdbc.dylib
Event: 20.620 Loaded shared library /private/var/folders/pd/smzmx_zx7rdfpvpjh7md1gdc0000gp/T/libopus4j-1eb5d9e3e7c729c7d3e18224b0a53fb6/libopus4j.dylib
Event: 20.632 Loaded shared library /private/var/folders/pd/smzmx_zx7rdfpvpjh7md1gdc0000gp/T/librnnoise4j-dd0bc92191c29275673e4f820630aa49/librnnoise4j.dylib
Event: 20.645 Loaded shared library /private/var/folders/pd/smzmx_zx7rdfpvpjh7md1gdc0000gp/T/libspeex4j-f75720920af514f7fd1a458b9748f906/libspeex4j.dylib
Event: 20.655 Loaded shared library /private/var/folders/pd/smzmx_zx7rdfpvpjh7md1gdc0000gp/T/liblame4j-616f7ca627be4f4f2d2039debf359014/liblame4j.dylib
Event: 22.928 Loaded shared library /private/var/folders/pd/smzmx_zx7rdfpvpjh7md1gdc0000gp/T/libjcocoa15730110445147491129.dylib
Event: 24.968 Loaded shared library /Users/stefano.deblasi/Library/Application Support/ModrinthApp/meta/natives/1.20.1-0.18.4/liblwjgl_stb.dylib
Event: 27.783 Loaded shared library /Users/stefano.deblasi/Library/Application Support/ModrinthApp/profiles/GDCModpack 1.0.0/mods/mcef-libraries/macos_arm64/jcef_app.app/Contents/Java/libjcef.dylib
Event: 27.837 Loaded shared library /Users/stefano.deblasi/Library/Application Support/ModrinthApp/meta/java_versions/zulu17.64.17-ca-jre17.0.18-macosx_aarch64/zulu-17.jre/Contents/Home/lib/libfontmanager.dylib
Event: 112.703 Loaded shared library /Users/stefano.deblasi/Library/Application Support/ModrinthApp/meta/java_versions/zulu17.64.17-ca-jre17.0.18-macosx_aarch64/zulu-17.jre/Contents/Home/lib/libjsound.dylib

Deoptimization events (20 events):
Event: 112.757 Thread 0x000000012882de00 DEOPT PACKING pc=0x000000010abaa460 sp=0x00000003e85e5f10
Event: 112.757 Thread 0x000000012882de00 DEOPT UNPACKING pc=0x000000010ed5777c sp=0x00000003e85e5bb0 mode 0
Event: 112.758 Thread 0x000000012882de00 DEOPT PACKING pc=0x000000010abaa460 sp=0x00000003e85e5f10
Event: 112.758 Thread 0x000000012882de00 DEOPT UNPACKING pc=0x000000010ed5777c sp=0x00000003e85e5bb0 mode 0
Event: 112.759 Thread 0x0000000121821000 DEOPT PACKING pc=0x000000010abaa460 sp=0x00000003e87f1f10
Event: 112.759 Thread 0x000000012882de00 DEOPT PACKING pc=0x000000010abaa460 sp=0x00000003e85e5f10
Event: 112.759 Thread 0x000000012882de00 DEOPT UNPACKING pc=0x000000010ed5777c sp=0x00000003e85e5bb0 mode 0
Event: 112.759 Thread 0x0000000121821000 DEOPT UNPACKING pc=0x000000010ed5777c sp=0x00000003e87f1bb0 mode 0
Event: 112.759 Thread 0x0000000121821000 DEOPT PACKING pc=0x000000010abaa460 sp=0x00000003e87f1f10
Event: 112.759 Thread 0x0000000121821000 DEOPT UNPACKING pc=0x000000010ed5777c sp=0x00000003e87f1bb0 mode 0
Event: 112.760 Thread 0x0000000121821000 DEOPT PACKING pc=0x000000010abaa460 sp=0x00000003e87f1f10
Event: 112.760 Thread 0x0000000121821000 DEOPT UNPACKING pc=0x000000010ed5777c sp=0x00000003e87f1bb0 mode 0
Event: 112.761 Thread 0x000000012c017c00 Uncommon trap: trap_request=0xffffff45 fr.pc=0x000000011061c96c relative=0x0000000000000aec
Event: 112.761 Thread 0x000000012c017c00 Uncommon trap: reason=unstable_if action=reinterpret pc=0x000000011061c96c method=com.seibel.distanthorizons.core.dataObjects.render.bufferBuilding.LodQuadBuilder.putQuad(Ljava/nio/ByteBuffer;Lcom/seibel/distanthorizons/core/dataObjects/render/bufferBuild
Event: 112.761 Thread 0x000000012c017c00 DEOPT PACKING pc=0x000000011061c96c sp=0x00000003e83d9f50
Event: 112.761 Thread 0x000000012c017c00 DEOPT UNPACKING pc=0x000000010ed5791c sp=0x00000003e83d9ea0 mode 2
Event: 112.761 Thread 0x0000000121821000 DEOPT PACKING pc=0x000000010abaa460 sp=0x00000003e87f1f10
Event: 112.761 Thread 0x0000000121821000 DEOPT UNPACKING pc=0x000000010ed5777c sp=0x00000003e87f1bb0 mode 0
Event: 112.762 Thread 0x000000012882de00 DEOPT PACKING pc=0x000000010abaa460 sp=0x00000003e85e5f10
Event: 112.762 Thread 0x000000012882de00 DEOPT UNPACKING pc=0x000000010ed5777c sp=0x00000003e85e5bb0 mode 0

Classes loaded (20 events):
Event: 112.679 Loading class javax/sound/sampled/Mixer$Info
Event: 112.679 Loading class javax/sound/sampled/Mixer$Info done
Event: 112.679 Loading class javax/sound/sampled/Mixer
Event: 112.679 Loading class javax/sound/sampled/Mixer done
Event: 112.679 Loading class com/sun/media/sound/Platform
Event: 112.679 Loading class com/sun/media/sound/Platform done
Event: 112.706 Loading class com/sun/media/sound/DirectAudioDeviceProvider$DirectAudioDeviceInfo
Event: 112.706 Loading class com/sun/media/sound/DirectAudioDeviceProvider$DirectAudioDeviceInfo done
Event: 112.706 Loading class com/sun/media/sound/DirectAudioDevice
Event: 112.706 Loading class com/sun/media/sound/AbstractMixer
Event: 112.707 Loading class com/sun/media/sound/AbstractLine
Event: 112.707 Loading class com/sun/media/sound/AbstractLine done
Event: 112.707 Loading class com/sun/media/sound/AbstractMixer done
Event: 112.707 Loading class com/sun/media/sound/DirectAudioDevice done
Event: 112.730 Loading class com/sun/media/sound/PortMixerProvider
Event: 112.730 Loading class com/sun/media/sound/PortMixerProvider done
Event: 112.732 Loading class com/sun/media/sound/PortMixerProvider$PortMixerInfo
Event: 112.733 Loading class com/sun/media/sound/PortMixerProvider$PortMixerInfo done
Event: 112.733 Loading class com/sun/media/sound/PortMixer
Event: 112.733 Loading class com/sun/media/sound/PortMixer done

Classes unloaded (9 events):
Event: 97.999 Thread 0x0000000149605f80 Unloading class 0x000000a003daf400 'java/lang/invoke/LambdaForm$DMH+0x000000a003daf400'
Event: 97.999 Thread 0x0000000149605f80 Unloading class 0x000000a003daf800 'java/lang/invoke/LambdaForm$DMH+0x000000a003daf800'
Event: 97.999 Thread 0x0000000149605f80 Unloading class 0x000000a003dae800 'java/lang/invoke/LambdaForm$MH+0x000000a003dae800'
Event: 97.999 Thread 0x0000000149605f80 Unloading class 0x000000a003daec00 'java/lang/invoke/LambdaForm$MH+0x000000a003daec00'
Event: 97.999 Thread 0x0000000149605f80 Unloading class 0x000000a003dad800 'java/lang/invoke/LambdaForm$DMH+0x000000a003dad800'
Event: 97.999 Thread 0x0000000149605f80 Unloading class 0x000000a003dae000 'java/lang/invoke/LambdaForm$DMH+0x000000a003dae000'
Event: 97.999 Thread 0x0000000149605f80 Unloading class 0x000000a003dad000 'java/lang/invoke/LambdaForm$DMH+0x000000a003dad000'
Event: 97.999 Thread 0x0000000149605f80 Unloading class 0x000000a003dac400 'java/lang/invoke/LambdaForm$DMH+0x000000a003dac400'
Event: 97.999 Thread 0x0000000149605f80 Unloading class 0x000000a003dacc00 'java/lang/invoke/LambdaForm$DMH+0x000000a003dacc00'

Classes redefined (2 events):
Event: 1.804 Thread 0x0000000149605f80 redefined class name=net.fabricmc.loader.impl.launch.knot.KnotClassDelegate, count=1
Event: 1.828 Thread 0x0000000149605f80 redefined class name=net.fabricmc.loader.impl.FabricLoaderImpl, count=1

Internal exceptions (20 events):
Event: 111.401 Thread 0x000000014b010400 Exception <a 'java/lang/NoSuchMethodError'{0x00000007bc315d20}: 'int java.lang.invoke.DirectMethodHandle$Holder.invokeStaticInit(java.lang.Object, java.lang.Object, java.lang.Object, java.lang.Object, java.lang.Object, float)'> (0x00000007bc315d20) 
thrown [src/hotspot/share/interpreter/linkResolver.cpp, line 759]
Event: 111.401 Thread 0x000000014b010400 Exception <a 'java/lang/NoSuchMethodError'{0x00000007bc348fd0}: 'int java.lang.invoke.DirectMethodHandle$Holder.invokeStaticInit(java.lang.Object, java.lang.Object, java.lang.Object, java.lang.Object, double, double, double)'> (0x00000007bc348fd0) 
thrown [src/hotspot/share/interpreter/linkResolver.cpp, line 759]
Event: 111.444 Thread 0x000000038a8e8200 Implicit null exception at 0x000000011023f234 to 0x000000011023f34c
Event: 111.460 Thread 0x0000000129abc200 Exception <a 'java/lang/NullPointerException'{0x00000007bb6b1f80}> (0x00000007bb6b1f80) 
thrown [src/hotspot/share/runtime/sharedRuntime.cpp, line 1165]
Event: 111.473 Thread 0x000000014b010400 Exception <a 'java/lang/NoSuchMethodError'{0x00000007bb1441f0}: 'void java.lang.invoke.DirectMethodHandle$Holder.invokeStatic(java.lang.Object, java.lang.Object, java.lang.Object, java.lang.Object, double, double, double)'> (0x00000007bb1441f0) 
thrown [src/hotspot/share/interpreter/linkResolver.cpp, line 759]
Event: 111.493 Thread 0x000000014b010400 Exception <a 'java/lang/NoSuchMethodError'{0x00000007ba89f3f8}: 'void java.lang.invoke.DirectMethodHandle$Holder.invokeSpecial(java.lang.Object, java.lang.Object, java.lang.Object, int, int, int)'> (0x00000007ba89f3f8) 
thrown [src/hotspot/share/interpreter/linkResolver.cpp, line 759]
Event: 111.512 Thread 0x000000014b010400 Exception <a 'java/lang/NoSuchMethodError'{0x00000007ba44cc68}: 'java.lang.Object java.lang.invoke.DirectMethodHandle$Holder.invokeStaticInit(java.lang.Object, float, java.lang.Object)'> (0x00000007ba44cc68) 
thrown [src/hotspot/share/interpreter/linkResolver.cpp, line 759]
Event: 111.676 Thread 0x000000012cd26c00 Exception <a 'java/lang/NoSuchMethodError'{0x00000007b990e5c8}: 'java.lang.Object java.lang.invoke.DirectMethodHandle$Holder.invokeSpecial(java.lang.Object, java.lang.Object, java.lang.Object, float, java.lang.Object, java.lang.Object)'> (0x00000007b990e5c8) 
thrown [src/hotspot/share/interpreter/linkResolver.cpp, line 759]
Event: 111.689 Thread 0x00000003caef0400 Exception <a 'java/lang/NoSuchMethodError'{0x00000007b7bc3aa8}: 'void java.lang.invoke.DirectMethodHandle$Holder.invokeVirtual(java.lang.Object, java.lang.Object, long)'> (0x00000007b7bc3aa8) 
thrown [src/hotspot/share/interpreter/linkResolver.cpp, line 759]
Event: 112.293 Thread 0x000000012d9e8c00 Exception <a 'java/lang/NoSuchMethodError'{0x00000007b4343410}: 'void java.lang.invoke.DirectMethodHandle$Holder.invokeSpecial(java.lang.Object, java.lang.Object, java.lang.Object, java.lang.Object, int, java.lang.Object)'> (0x00000007b4343410) 
thrown [src/hotspot/share/interpreter/linkResolver.cpp, line 759]
Event: 112.307 Thread 0x000000012d9e8c00 Exception <a 'java/lang/NoSuchMethodError'{0x00000007b3d137a0}: 'float java.lang.invoke.DirectMethodHandle$Holder.invokeStaticInit(java.lang.Object, java.lang.Object, int)'> (0x00000007b3d137a0) 
thrown [src/hotspot/share/interpreter/linkResolver.cpp, line 759]
Event: 112.416 Thread 0x000000038a8e8800 Implicit null exception at 0x0000000110c43640 to 0x0000000110c467b4
Event: 112.423 Thread 0x000000014b010400 Implicit null exception at 0x0000000110c5a9b4 to 0x0000000110c5b198
Event: 112.466 Thread 0x000000014b010400 Exception <a 'java/lang/NoSuchMethodError'{0x00000007b1be0ef0}: 'java.lang.Object java.lang.invoke.DirectMethodHandle$Holder.invokeSpecial(java.lang.Object, java.lang.Object, long, java.lang.Object, java.lang.Object, java.lang.Object, java.lang.Object, java.lang.Object, java.lang.Object, java.lang.Object)'> (0x00000007b1be0ef0) 
thrown [src/hotspot/share/interpreter/linkResolver.cpp, line 759]
Event: 112.466 Thread 0x000000014b010400 Exception <a 'java/lang/NoSuchMethodError'{0x00000007b1be59b8}: 'java.lang.Object java.lang.invoke.DelegatingMethodHandle$Holder.reinvoke_L(java.lang.Object, long, java.lang.Object, java.lang.Object, java.lang.Object, java.lang.Object, java.lang.Object, java.lang.Object, java.lang.Object)'> (0x00000007b1be59b8) 
thrown [src/hotspot/share/interpreter/linkResolver.cpp, line 759]
Event: 112.672 Thread 0x000000038ed9ba00 Exception <a 'java/lang/NullPointerException'{0x00000007afc4b288}> (0x00000007afc4b288) 
thrown [src/hotspot/share/runtime/sharedRuntime.cpp, line 1165]
Event: 112.673 Thread 0x000000038ed9ba00 Exception <a 'java/lang/NullPointerException'{0x00000007afc4ed38}> (0x00000007afc4ed38) 
thrown [src/hotspot/share/runtime/sharedRuntime.cpp, line 1165]
Event: 112.674 Thread 0x000000038ed9ba00 Exception <a 'java/lang/NullPointerException'{0x00000007afc54748}> (0x00000007afc54748) 
thrown [src/hotspot/share/runtime/sharedRuntime.cpp, line 1165]
Event: 112.674 Thread 0x000000038ed9ba00 Exception <a 'java/lang/NullPointerException'{0x00000007afc5f3c8}> (0x00000007afc5f3c8) 
thrown [src/hotspot/share/runtime/sharedRuntime.cpp, line 1165]
Event: 112.675 Thread 0x000000038ed9ba00 Exception <a 'java/lang/NullPointerException'{0x00000007afc66248}> (0x00000007afc66248) 
thrown [src/hotspot/share/runtime/sharedRuntime.cpp, line 1165]

VM Operations (20 events):
Event: 112.280 Executing VM operation: HandshakeAllThreads
Event: 112.284 Executing VM operation: HandshakeAllThreads done
Event: 112.317 Executing VM operation: HandshakeAllThreads
Event: 112.318 Executing VM operation: HandshakeAllThreads done
Event: 112.384 Executing VM operation: ICBufferFull
Event: 112.384 Executing VM operation: ICBufferFull done
Event: 112.384 Executing VM operation: ICBufferFull
Event: 112.384 Executing VM operation: ICBufferFull done
Event: 112.408 Executing VM operation: HandshakeAllThreads
Event: 112.409 Executing VM operation: HandshakeAllThreads done
Event: 112.442 Executing VM operation: ICBufferFull
Event: 112.442 Executing VM operation: ICBufferFull done
Event: 112.444 Executing VM operation: ICBufferFull
Event: 112.444 Executing VM operation: ICBufferFull done
Event: 112.449 Executing VM operation: ICBufferFull
Event: 112.451 Executing VM operation: ICBufferFull done
Event: 112.649 Executing VM operation: ICBufferFull
Event: 112.649 Executing VM operation: ICBufferFull done
Event: 112.698 Executing VM operation: ICBufferFull
Event: 112.698 Executing VM operation: ICBufferFull done

Memory protections (20 events):
Event: 105.301 Protecting memory [0x000000017619c000,0x00000001761a8000] with protection modes 3
Event: 110.952 Protecting memory [0x000000017619c000,0x00000001761a8000] with protection modes 0
Event: 110.958 Protecting memory [0x0000000530064000,0x0000000530070000] with protection modes 0
Event: 110.971 Protecting memory [0x0000000530270000,0x000000053027c000] with protection modes 0
Event: 110.971 Protecting memory [0x000000053047c000,0x0000000530488000] with protection modes 0
Event: 110.971 Protecting memory [0x0000000530688000,0x0000000530694000] with protection modes 0
Event: 110.971 Protecting memory [0x0000000530894000,0x00000005308a0000] with protection modes 0
Event: 110.971 Protecting memory [0x0000000530aa0000,0x0000000530aac000] with protection modes 0
Event: 110.973 Protecting memory [0x0000000530cac000,0x0000000530cb8000] with protection modes 0
Event: 110.974 Protecting memory [0x0000000530eb8000,0x0000000530ec4000] with protection modes 0
Event: 110.974 Protecting memory [0x00000005310c4000,0x00000005310d0000] with protection modes 0
Event: 110.980 Protecting memory [0x00000005312d0000,0x00000005312dc000] with protection modes 0
Event: 110.980 Protecting memory [0x00000005314dc000,0x00000005314e8000] with protection modes 0
Event: 111.453 Protecting memory [0x00000005316e8000,0x00000005316f4000] with protection modes 0
Event: 111.453 Protecting memory [0x00000005318f4000,0x0000000531900000] with protection modes 0
Event: 112.666 Protecting memory [0x000000041b850000,0x000000041b85c000] with protection modes 0
Event: 112.667 Protecting memory [0x000000041b850000,0x000000041b85c000] with protection modes 3
Event: 112.668 Protecting memory [0x000000041ba5c000,0x000000041ba68000] with protection modes 0
Event: 112.668 Protecting memory [0x000000041ba5c000,0x000000041ba68000] with protection modes 3
Event: 112.668 Protecting memory [0x000000041b850000,0x000000041b85c000] with protection modes 0

Nmethod flushes (20 events):
Event: 112.213 Thread 0x000000014b103000 flushing  nmethod 0x00000001085d7710
Event: 112.214 Thread 0x000000014b103000 flushing  nmethod 0x00000001086a6690
Event: 112.214 Thread 0x000000014b103000 flushing  nmethod 0x00000001086da510
Event: 112.215 Thread 0x000000014b103000 flushing  nmethod 0x0000000108879a10
Event: 112.215 Thread 0x000000014b103000 flushing  nmethod 0x00000001088eae90
Event: 112.215 Thread 0x000000014b103000 flushing  nmethod 0x0000000108993790
Event: 112.216 Thread 0x000000014b103000 flushing  nmethod 0x0000000108c87510
Event: 112.217 Thread 0x000000014b103000 flushing  nmethod 0x0000000108f7db90
Event: 112.217 Thread 0x000000014b103000 flushing  nmethod 0x0000000109030590
Event: 112.218 Thread 0x000000014b103000 flushing  nmethod 0x0000000109547d10
Event: 112.219 Thread 0x000000014b103000 flushing  nmethod 0x0000000109740510
Event: 112.221 Thread 0x000000014b103000 flushing  nmethod 0x0000000109ae3990
Event: 112.221 Thread 0x000000014b103000 flushing  nmethod 0x0000000109b05210
Event: 112.222 Thread 0x000000014b103000 flushing  nmethod 0x0000000109d30110
Event: 112.222 Thread 0x000000014b103000 flushing  nmethod 0x0000000109dc6690
Event: 112.222 Thread 0x000000014b103000 flushing  nmethod 0x0000000109dea710
Event: 112.222 Thread 0x000000014b103000 flushing  nmethod 0x0000000109e71710
Event: 112.223 Thread 0x000000014b103000 flushing  nmethod 0x0000000109f53a10
Event: 112.223 Thread 0x000000014b103000 flushing  nmethod 0x000000010a057210
Event: 112.223 Thread 0x000000014b103000 flushing  nmethod 0x000000010a0c4210

Events (20 events):
Event: 105.301 Thread 0x000000012df64e00 Thread exited: 0x000000012df64e00
Event: 110.952 Thread 0x000000012882de00 Thread added: 0x00000003e487d000
Event: 110.958 Thread 0x00000003e487d000 Thread added: 0x0000000129aa6c00
Event: 110.971 Thread 0x0000000129aa6c00 Thread added: 0x000000012b8cba00
Event: 110.971 Thread 0x000000012b8cba00 Thread added: 0x000000012b83ca00
Event: 110.971 Thread 0x000000012b83ca00 Thread added: 0x0000000121998000
Event: 110.971 Thread 0x0000000121998000 Thread added: 0x000000012182d600
Event: 110.971 Thread 0x000000012182d600 Thread added: 0x00000001219f3400
Event: 110.973 Thread 0x00000003e487d000 Thread added: 0x000000038a8e8200
Event: 110.974 Thread 0x000000012c017c00 Thread added: 0x00000003c660c200
Event: 110.974 Thread 0x000000012c017c00 Thread added: 0x000000038a8e8800
Event: 110.980 Thread 0x00000001219f3400 Thread added: 0x000000012aa68600
Event: 110.980 Thread 0x000000012b8cba00 Thread added: 0x00000003df162000
Event: 111.453 Thread 0x000000014b010400 Thread added: 0x0000000129abc200
Event: 111.453 Thread 0x000000014b010400 Thread added: 0x0000000129954a00
Event: 112.666 Thread 0x0000000129954a00 Thread added: 0x0000000129a97000
Event: 112.667 Thread 0x0000000129a97000 Thread exited: 0x0000000129a97000
Event: 112.668 Thread 0x0000000129954a00 Thread added: 0x0000000121b53000
Event: 112.668 Thread 0x0000000121b53000 Thread exited: 0x0000000121b53000
Event: 112.668 Thread 0x0000000129954a00 Thread added: 0x000000038ed9ba00


Dynamic libraries:
0x0000000100298000 	/Users/stefano.deblasi/Library/Application Support/ModrinthApp/meta/java_versions/zulu17.64.17-ca-jre17.0.18-macosx_aarch64/zulu-17.jre/Contents/Home/lib/libjli.dylib
0x00000001a9936000 	/System/Library/Frameworks/Cocoa.framework/Versions/A/Cocoa
0x000000018ee7f000 	/System/Library/Frameworks/AppKit.framework/Versions/C/AppKit
0x00000001924c8000 	/System/Library/Frameworks/CoreData.framework/Versions/A/CoreData
0x000000018c27f000 	/System/Library/Frameworks/Foundation.framework/Versions/C/Foundation
0x000000019a407000 	/usr/lib/libSystem.B.dylib
0x00000001905af000 	/System/Library/PrivateFrameworks/UIFoundation.framework/Versions/A/UIFoundation
0x0000000240e93000 	/System/Library/PrivateFrameworks/CollectionViewCore.framework/Versions/A/CollectionViewCore
0x00000001977d3000 	/System/Library/PrivateFrameworks/XCTTargetBootstrap.framework/Versions/A/XCTTargetBootstrap
0x000000019cd84000 	/System/Library/PrivateFrameworks/InternationalSupport.framework/Versions/A/InternationalSupport
0x000000019d0de000 	/System/Library/PrivateFrameworks/UserActivity.framework/Versions/A/UserActivity
0x0000000192b58000 	/System/Library/PrivateFrameworks/BaseBoard.framework/Versions/A/BaseBoard
0x0000000249637000 	/System/Library/PrivateFrameworks/FrontBoard.framework/Versions/A/FrontBoard
0x00000001a478a000 	/System/Library/PrivateFrameworks/FrontBoardServices.framework/Versions/A/FrontBoardServices
0x0000000284eb4000 	/usr/lib/libRosetta.dylib
0x00000002787b9000 	/System/Library/PrivateFrameworks/UIIntelligenceSupport.framework/Versions/A/UIIntelligenceSupport
0x0000000235e36000 	/System/Library/Frameworks/SwiftUICore.framework/Versions/A/SwiftUICore
0x000000027ed33000 	/System/Library/PrivateFrameworks/WritingTools.framework/Versions/A/WritingTools
0x000000027db89000 	/System/Library/PrivateFrameworks/WindowManagement.framework/Versions/A/WindowManagement
0x000000018bede000 	/System/Library/Frameworks/SystemConfiguration.framework/Versions/A/SystemConfiguration
0x000000019c0a1000 	/usr/lib/libspindump.dylib
0x000000019076a000 	/System/Library/Frameworks/UniformTypeIdentifiers.framework/Versions/A/UniformTypeIdentifiers
0x00000001996b2000 	/usr/lib/libbsm.0.dylib
0x0000000194ee0000 	/usr/lib/libapp_launch_measurement.dylib
0x00000001941e6000 	/System/Library/PrivateFrameworks/CoreAnalytics.framework/Versions/A/CoreAnalytics
0x0000000194ee4000 	/System/Library/PrivateFrameworks/CoreAutoLayout.framework/Versions/A/CoreAutoLayout
0x0000000196d1e000 	/System/Library/Frameworks/Metal.framework/Versions/A/Metal
0x000000019811e000 	/usr/lib/liblangid.dylib
0x00000001977d9000 	/System/Library/PrivateFrameworks/CoreSVG.framework/Versions/A/CoreSVG
0x00000001911cb000 	/System/Library/PrivateFrameworks/SkyLight.framework/Versions/A/SkyLight
0x0000000249370000 	/System/Library/PrivateFrameworks/FocusEngine.framework/Versions/A/FocusEngine
0x0000000191764000 	/System/Library/Frameworks/CoreGraphics.framework/Versions/A/CoreGraphics
0x0000000246f7f000 	/System/Library/PrivateFrameworks/DesignLibrary.framework/Versions/A/DesignLibrary
0x00000001a2a50000 	/System/Library/Frameworks/Accelerate.framework/Versions/A/Accelerate
0x000000019be97000 	/System/Library/PrivateFrameworks/IconServices.framework/Versions/A/IconServices
0x0000000196cf6000 	/System/Library/Frameworks/IOSurface.framework/Versions/A/IOSurface
0x0000000194216000 	/usr/lib/libDiagnosticMessagesClient.dylib
0x000000019a350000 	/usr/lib/libz.1.dylib
0x00000001a6d73000 	/System/Library/Frameworks/ApplicationServices.framework/Versions/A/ApplicationServices
0x00000001977be000 	/System/Library/PrivateFrameworks/DFRFoundation.framework/Versions/A/DFRFoundation
0x000000018e6ce000 	/usr/lib/libicucore.A.dylib
0x000000019e31a000 	/System/Library/Frameworks/AudioToolbox.framework/Versions/A/AudioToolbox
0x000000019d08c000 	/System/Library/PrivateFrameworks/DataDetectorsCore.framework/Versions/A/DataDetectorsCore
0x000000027939f000 	/System/Library/PrivateFrameworks/UpdateCycle.framework/Versions/A/UpdateCycle
0x00000001baf44000 	/System/Library/PrivateFrameworks/TextInput.framework/Versions/A/TextInput
0x000000019110d000 	/usr/lib/libMobileGestalt.dylib
0x00000001974ba000 	/System/Library/Frameworks/Carbon.framework/Versions/A/Frameworks/HIToolbox.framework/Versions/A/HIToolbox
0x000000019474b000 	/System/Library/Frameworks/QuartzCore.framework/Versions/A/QuartzCore
0x000000018e2a9000 	/System/Library/Frameworks/Security.framework/Versions/A/Security
0x00000001a23cf000 	/System/Library/Frameworks/Carbon.framework/Versions/A/Frameworks/SpeechRecognition.framework/Versions/A/SpeechRecognition
0x0000000194baf000 	/System/Library/PrivateFrameworks/CoreUI.framework/Versions/A/CoreUI
0x000000018dafd000 	/System/Library/Frameworks/CoreAudio.framework/Versions/A/CoreAudio
0x000000019430a000 	/System/Library/Frameworks/DiskArbitration.framework/Versions/A/DiskArbitration
0x000000019c55e000 	/System/Library/PrivateFrameworks/MultitouchSupport.framework/Versions/A/MultitouchSupport
0x000000019110b000 	/usr/lib/libenergytrace.dylib
0x00000001ae471000 	/System/Library/PrivateFrameworks/RenderBox.framework/Versions/A/RenderBox
0x000000018ed26000 	/System/Library/Frameworks/IOKit.framework/Versions/A/IOKit
0x00000001a27d9000 	/System/Library/Frameworks/CoreServices.framework/Versions/A/CoreServices
0x0000000194e71000 	/System/Library/PrivateFrameworks/PerformanceAnalysis.framework/Versions/A/PerformanceAnalysis
0x00000001f0bcc000 	/System/Library/Frameworks/OpenGL.framework/Versions/A/OpenGL
0x0000000194f2e000 	/usr/lib/libxml2.2.dylib
0x0000000199593000 	/System/Library/PrivateFrameworks/MobileKeyBag.framework/Versions/A/MobileKeyBag
0x000000018a598000 	/usr/lib/libobjc.A.dylib
0x000000018a8fc000 	/usr/lib/libc++.1.dylib
0x00000001a2756000 	/System/Library/Frameworks/Accessibility.framework/Versions/A/Accessibility
0x0000000191ebe000 	/System/Library/Frameworks/ColorSync.framework/Versions/A/ColorSync
0x000000018aa2d000 	/System/Library/Frameworks/CoreFoundation.framework/Versions/A/CoreFoundation
0x0000000197b60000 	/System/Library/Frameworks/CoreImage.framework/Versions/A/CoreImage
0x000000018d8d0000 	/System/Library/Frameworks/CoreText.framework/Versions/A/CoreText
0x000000023041d000 	/System/Library/Frameworks/CoreTransferable.framework/Versions/A/CoreTransferable
0x0000000230959000 	/System/Library/Frameworks/DataDetection.framework/Versions/A/DataDetection
0x000000023096e000 	/System/Library/Frameworks/DeveloperToolsSupport.framework/Versions/A/DeveloperToolsSupport
0x0000000197817000 	/System/Library/Frameworks/ImageIO.framework/Versions/A/ImageIO
0x0000000236dab000 	/System/Library/Frameworks/Symbols.framework/Versions/A/Symbols
0x00000001c0118000 	/System/Library/PrivateFrameworks/AttributeGraph.framework/Versions/A/AttributeGraph
0x00000001a4869000 	/System/Library/PrivateFrameworks/BoardServices.framework/Versions/A/BoardServices
0x00000001e47ad000 	/System/Library/PrivateFrameworks/FeatureFlags.framework/Versions/A/FeatureFlags
0x0000000252557000 	/System/Library/PrivateFrameworks/Gestures.framework/Versions/A/Gestures
0x000000019a40c000 	/System/Library/PrivateFrameworks/SoftLinking.framework/Versions/A/SoftLinking
0x00000001ce919000 	/usr/lib/swift/libswiftAccelerate.dylib
0x00000001c4dfb000 	/usr/lib/swift/libswiftCompression.dylib
0x000000019dc82000 	/usr/lib/swift/libswiftCore.dylib
0x00000001b7228000 	/usr/lib/swift/libswiftCoreFoundation.dylib
0x00000001b7281000 	/usr/lib/swift/libswiftCoreImage.dylib
0x00000001a4505000 	/usr/lib/swift/libswiftDispatch.dylib
0x00000001b7282000 	/usr/lib/swift/libswiftIOKit.dylib
0x00000001c4dee000 	/usr/lib/swift/libswiftMetal.dylib
0x00000001d40fc000 	/usr/lib/swift/libswiftOSLog.dylib
0x00000001a73c3000 	/usr/lib/swift/libswiftObjectiveC.dylib
0x00000002860f2000 	/usr/lib/swift/libswiftObservation.dylib
0x00000001ca0b1000 	/usr/lib/swift/libswiftQuartzCore.dylib
0x0000000286231000 	/usr/lib/swift/libswiftSynchronization.dylib
0x00000001ce90a000 	/usr/lib/swift/libswiftUniformTypeIdentifiers.dylib
0x00000001b723a000 	/usr/lib/swift/libswiftXPC.dylib
0x000000028626b000 	/usr/lib/swift/libswift_Builtin_float.dylib
0x000000028626e000 	/usr/lib/swift/libswift_Concurrency.dylib
0x00000001a73c7000 	/usr/lib/swift/libswiftos.dylib
0x00000001bacd9000 	/usr/lib/swift/libswiftsimd.dylib
0x000000019a633000 	/usr/lib/libcompression.dylib
0x000000019cce4000 	/System/Library/PrivateFrameworks/TextureIO.framework/Versions/A/TextureIO
0x000000019206a000 	/System/Library/Frameworks/ApplicationServices.framework/Versions/A/Frameworks/HIServices.framework/Versions/A/HIServices
0x000000019bb20000 	/usr/lib/libate.dylib
0x000000019a401000 	/usr/lib/system/libcache.dylib
0x000000019a3bc000 	/usr/lib/system/libcommonCrypto.dylib
0x000000019a3e7000 	/usr/lib/system/libcompiler_rt.dylib
0x000000019a3dc000 	/usr/lib/system/libcopyfile.dylib
0x000000018a736000 	/usr/lib/system/libcorecrypto.dylib
0x000000018a82f000 	/usr/lib/system/libdispatch.dylib
0x000000018a5ec000 	/usr/lib/system/libdyld.dylib
0x000000019a3f7000 	/usr/lib/system/libkeymgr.dylib
0x000000019a39f000 	/usr/lib/system/libmacho.dylib
0x000000019968a000 	/usr/lib/system/libquarantine.dylib
0x000000019a3f4000 	/usr/lib/system/libremovefile.dylib
0x000000019118e000 	/usr/lib/system/libsystem_asl.dylib
0x000000018a6bc000 	/usr/lib/system/libsystem_blocks.dylib
0x000000018a879000 	/usr/lib/system/libsystem_c.dylib
0x000000019a3eb000 	/usr/lib/system/libsystem_collections.dylib
0x000000019810b000 	/usr/lib/system/libsystem_configuration.dylib
0x0000000196cbd000 	/usr/lib/system/libsystem_containermanager.dylib
0x0000000199e0d000 	/usr/lib/system/libsystem_coreservices.dylib
0x000000018e9a0000 	/usr/lib/system/libsystem_darwin.dylib
0x00000002865c1000 	/usr/lib/system/libsystem_darwindirectory.dylib
0x000000019a3f8000 	/usr/lib/system/libsystem_dnssd.dylib
0x00000002865c5000 	/usr/lib/system/libsystem_eligibility.dylib
0x000000018a876000 	/usr/lib/system/libsystem_featureflags.dylib
0x000000018a9fd000 	/usr/lib/system/libsystem_info.dylib
0x000000019a360000 	/usr/lib/system/libsystem_m.dylib
0x000000018a7e3000 	/usr/lib/system/libsystem_malloc.dylib
0x00000001910f0000 	/usr/lib/system/libsystem_networkextension.dylib
0x000000018ee11000 	/usr/lib/system/libsystem_notify.dylib
0x0000000198110000 	/usr/lib/system/libsystem_sandbox.dylib
0x00000002865cf000 	/usr/lib/system/libsystem_sanitizers.dylib
0x000000019a3f0000 	/usr/lib/system/libsystem_secinit.dylib
0x000000018a9aa000 	/usr/lib/system/libsystem_kernel.dylib
0x000000018a9f4000 	/usr/lib/system/libsystem_platform.dylib
0x000000018a9e7000 	/usr/lib/system/libsystem_pthread.dylib
0x0000000192d3b000 	/usr/lib/system/libsystem_symptoms.dylib
0x000000018a715000 	/usr/lib/system/libsystem_trace.dylib
0x00000002865d7000 	/usr/lib/system/libsystem_trial.dylib
0x000000019a3ca000 	/usr/lib/system/libunwind.dylib
0x000000018a6c0000 	/usr/lib/system/libxpc.dylib
0x000000018a98f000 	/usr/lib/libc++abi.dylib
0x0000000285e02000 	/usr/lib/libswiftPrespecialized.dylib
0x000000019a409000 	/usr/lib/libfakelink.dylib
0x0000000190d34000 	/System/Library/Frameworks/CFNetwork.framework/Versions/A/CFNetwork
0x000000019a45d000 	/usr/lib/libarchive.2.dylib
0x00000001a04e4000 	/System/Library/Frameworks/Combine.framework/Versions/A/Combine
0x0000000240eb8000 	/System/Library/PrivateFrameworks/CollectionsInternal.framework/Versions/A/CollectionsInternal
0x00000002679f3000 	/System/Library/PrivateFrameworks/ReflectionInternal.framework/Versions/A/ReflectionInternal
0x000000026887f000 	/System/Library/PrivateFrameworks/RuntimeInternal.framework/Versions/A/RuntimeInternal
0x00000001b40e2000 	/usr/lib/swift/libswiftDarwin.dylib
0x0000000286239000 	/usr/lib/swift/libswiftSystem.dylib
0x00000002862f8000 	/usr/lib/swift/libswift_DarwinFoundation1.dylib
0x00000002863d9000 	/usr/lib/swift/libswift_StringProcessing.dylib
0x000000018eca5000 	/System/Library/PrivateFrameworks/CoreServicesInternal.framework/Versions/A/CoreServicesInternal
0x000000019a3d4000 	/usr/lib/liboah.dylib
0x00000001a6811000 	/System/Library/PrivateFrameworks/DiskImages.framework/Versions/A/DiskImages
0x00000001b3ba5000 	/System/Library/Frameworks/NetFS.framework/Versions/A/NetFS
0x0000000194ea8000 	/System/Library/Frameworks/CoreServices.framework/Versions/A/Frameworks/FSEvents.framework/Versions/A/FSEvents
0x000000018e9ab000 	/System/Library/Frameworks/CoreServices.framework/Versions/A/Frameworks/CarbonCore.framework/Versions/A/CarbonCore
0x000000019427e000 	/System/Library/Frameworks/CoreServices.framework/Versions/A/Frameworks/Metadata.framework/Versions/A/Metadata
0x0000000199e14000 	/System/Library/Frameworks/CoreServices.framework/Versions/A/Frameworks/OSServices.framework/Versions/A/OSServices
0x000000019a555000 	/System/Library/Frameworks/CoreServices.framework/Versions/A/Frameworks/SearchKit.framework/Versions/A/SearchKit
0x0000000192cb5000 	/System/Library/Frameworks/CoreServices.framework/Versions/A/Frameworks/AE.framework/Versions/A/AE
0x000000018af76000 	/System/Library/Frameworks/CoreServices.framework/Versions/A/Frameworks/LaunchServices.framework/Versions/A/LaunchServices
0x000000019b976000 	/System/Library/Frameworks/CoreServices.framework/Versions/A/Frameworks/DictionaryServices.framework/Versions/A/DictionaryServices
0x0000000194eb6000 	/System/Library/Frameworks/CoreServices.framework/Versions/A/Frameworks/SharedFileList.framework/Versions/A/SharedFileList
0x000000019a5ea000 	/usr/lib/libapple_nghttp2.dylib
0x00000001928cf000 	/usr/lib/libsqlite3.dylib
0x00000001a6a59000 	/System/Library/PrivateFrameworks/AppSupport.framework/Versions/A/AppSupport
0x000000019e9b3000 	/System/Library/Frameworks/GSS.framework/Versions/A/GSS
0x0000000192c49000 	/System/Library/PrivateFrameworks/RunningBoardServices.framework/Versions/A/RunningBoardServices
0x00000001a7351000 	/System/Library/PrivateFrameworks/StreamingZip.framework/Versions/A/StreamingZip
0x0000000192d44000 	/System/Library/Frameworks/Network.framework/Versions/A/Network
0x000000019a3a3000 	/usr/lib/system/libkxld.dylib
0x000000023c762000 	/System/Library/PrivateFrameworks/AppleKeyStore.framework/Versions/A/AppleKeyStore
0x0000000284b98000 	/usr/lib/libCoreEntitlements.dylib
0x000000025d94e000 	/System/Library/PrivateFrameworks/MessageSecurity.framework/Versions/A/MessageSecurity
0x00000001928b3000 	/System/Library/PrivateFrameworks/ProtocolBuffer.framework/Versions/A/ProtocolBuffer
0x00000001a390b000 	/System/Library/PrivateFrameworks/SymptomDiagnosticReporter.framework/Versions/A/SymptomDiagnosticReporter
0x000000019bbba000 	/System/Library/PrivateFrameworks/CrashReporterSupport.framework/Versions/A/CrashReporterSupport
0x0000000199df4000 	/System/Library/PrivateFrameworks/AppleFSCompression.framework/Versions/A/AppleFSCompression
0x000000019969a000 	/usr/lib/libcoretls.dylib
0x000000019b9ed000 	/usr/lib/libcoretls_cfhelpers.dylib
0x000000019a62c000 	/usr/lib/libpam.2.dylib
0x000000019ba5f000 	/usr/lib/libxar.1.dylib
0x000000019b9ef000 	/System/Library/PrivateFrameworks/APFS.framework/Versions/A/APFS
0x00000002732ab000 	/System/Library/PrivateFrameworks/SwiftASN1Internal.framework/Versions/A/SwiftASN1Internal
0x000000019ba6e000 	/usr/lib/libutil.dylib
0x0000000198119000 	/System/Library/PrivateFrameworks/AppleSystemInfo.framework/Versions/A/AppleSystemInfo
0x0000000199382000 	/System/Library/PrivateFrameworks/IOMobileFramebuffer.framework/Versions/A/IOMobileFramebuffer
0x00000001b70ee000 	/System/Library/PrivateFrameworks/LoggingSupport.framework/Versions/A/LoggingSupport
0x000000019ea16000 	/System/Library/PrivateFrameworks/MobileAsset.framework/Versions/A/MobileAsset
0x00000001a391b000 	/System/Library/PrivateFrameworks/PowerLog.framework/Versions/A/PowerLog
0x0000000235cd4000 	/System/Library/Frameworks/SwiftData.framework/Versions/A/SwiftData
0x00000001950da000 	/System/Library/PrivateFrameworks/UserManagement.framework/Versions/A/UserManagement
0x0000000190c5f000 	/usr/lib/libboringssl.dylib
0x0000000192d29000 	/usr/lib/libdns_services.dylib
0x00000001b6127000 	/usr/lib/libquic.dylib
0x000000019dc12000 	/usr/lib/libusrtcp.dylib
0x000000023d555000 	/System/Library/PrivateFrameworks/AtomicsInternal.framework/Versions/A/AtomicsInternal
0x00000001dc934000 	/System/Library/PrivateFrameworks/InternalSwiftProtobuf.framework/Versions/A/InternalSwiftProtobuf
0x00000002860c9000 	/usr/lib/swift/libswiftDistributed.dylib
0x0000000198117000 	/System/Library/PrivateFrameworks/AggregateDictionary.framework/Versions/A/AggregateDictionary
0x000000023dce5000 	/System/Library/PrivateFrameworks/BiomeLibrary.framework/Versions/A/BiomeLibrary
0x00000001c5dc2000 	/System/Library/PrivateFrameworks/BiomeStreams.framework/Versions/A/BiomeStreams
0x00000001c1ff9000 	/System/Library/PrivateFrameworks/BiomeFoundation.framework/Versions/A/BiomeFoundation
0x00000001cbe76000 	/System/Library/PrivateFrameworks/BiomePubSub.framework/Versions/A/BiomePubSub
0x00000001a8375000 	/System/Library/PrivateFrameworks/ProactiveSupport.framework/Versions/A/ProactiveSupport
0x000000019b9ce000 	/usr/lib/liblzma.5.dylib
0x00000001a6d74000 	/System/Library/PrivateFrameworks/InternationalTextSearch.framework/Versions/A/InternationalTextSearch
0x00000001be516000 	/System/Library/PrivateFrameworks/SoftwareUpdateCoreSupport.framework/Versions/A/SoftwareUpdateCoreSupport
0x00000001c6844000 	/System/Library/PrivateFrameworks/SoftwareUpdateCoreConnect.framework/Versions/A/SoftwareUpdateCoreConnect
0x00000001a690f000 	/System/Library/PrivateFrameworks/RemoteServiceDiscovery.framework/Versions/A/RemoteServiceDiscovery
0x00000001be10d000 	/System/Library/PrivateFrameworks/MSUDataAccessor.framework/Versions/A/MSUDataAccessor
0x00000001b9246000 	/usr/lib/libbootpolicy.dylib
0x00000001a6926000 	/System/Library/PrivateFrameworks/RemoteXPC.framework/Versions/A/RemoteXPC
0x00000001c5c8e000 	/usr/lib/libFDR.dylib
0x00000001cba97000 	/usr/lib/libamsupport.dylib
0x0000000284eac000 	/usr/lib/libReverseProxyDevice.dylib
0x000000023c0bc000 	/System/Library/PrivateFrameworks/AppleDeviceQuerySupport.framework/Versions/A/AppleDeviceQuerySupport
0x00000001ceb19000 	/usr/lib/libpartition2_dynamic.dylib
0x000000019a5c6000 	/System/Library/PrivateFrameworks/AppleSauce.framework/Versions/A/AppleSauce
0x0000000284a39000 	/usr/lib/libAppleArchive.dylib
0x0000000199e00000 	/usr/lib/libbz2.1.0.dylib
0x0000000194314000 	/System/Library/Frameworks/Accelerate.framework/Versions/A/Frameworks/vImage.framework/Versions/A/vImage
0x00000001a27b3000 	/System/Library/Frameworks/Accelerate.framework/Versions/A/Frameworks/vecLib.framework/Versions/A/vecLib
0x000000019baa5000 	/System/Library/Frameworks/Accelerate.framework/Versions/A/Frameworks/vecLib.framework/Versions/A/libvMisc.dylib
0x000000018b476000 	/System/Library/Frameworks/Accelerate.framework/Versions/A/Frameworks/vecLib.framework/Versions/A/libBLAS.dylib
0x0000000195015000 	/System/Library/Frameworks/CoreVideo.framework/Versions/A/CoreVideo
0x000000019e5bb000 	/System/Library/Frameworks/ApplicationServices.framework/Versions/A/Frameworks/ATS.framework/Versions/A/ATS
0x000000019cc6d000 	/System/Library/Frameworks/ApplicationServices.framework/Versions/A/Frameworks/PrintCore.framework/Versions/A/PrintCore
0x000000019e97c000 	/System/Library/Frameworks/ApplicationServices.framework/Versions/A/Frameworks/QD.framework/Versions/A/QD
0x000000019e977000 	/System/Library/Frameworks/ApplicationServices.framework/Versions/A/Frameworks/ColorSyncLegacy.framework/Versions/A/ColorSyncLegacy
0x000000019e58d000 	/System/Library/Frameworks/ApplicationServices.framework/Versions/A/Frameworks/SpeechSynthesis.framework/Versions/A/SpeechSynthesis
0x00000001971e8000 	/System/Library/PrivateFrameworks/FontServices.framework/libFontParser.dylib
0x00000001a6635000 	/System/Library/PrivateFrameworks/BackBoardServices.framework/Versions/A/BackBoardServices
0x000000023dc01000 	/System/Library/PrivateFrameworks/BackBoardHIDEventFoundation.framework/Versions/A/BackBoardHIDEventFoundation
0x000000018d3e1000 	/System/Library/Frameworks/CoreDisplay.framework/Versions/A/CoreDisplay
0x000000019c5a4000 	/System/Library/Frameworks/VideoToolbox.framework/Versions/A/VideoToolbox
0x000000019a62a000 	/System/Library/Frameworks/MetalPerformanceShaders.framework/Versions/A/MetalPerformanceShaders
0x0000000266ad0000 	/System/Library/PrivateFrameworks/ProDisplayLibrary.framework/Versions/A/ProDisplayLibrary
0x00000001aa3ff000 	/System/Library/PrivateFrameworks/IOSurfaceAccelerator.framework/Versions/A/IOSurfaceAccelerator
0x0000000196d13000 	/System/Library/PrivateFrameworks/IOAccelerator.framework/Versions/A/IOAccelerator
0x000000019702b000 	/System/Library/Frameworks/CoreMedia.framework/Versions/A/CoreMedia
0x00000001911a6000 	/System/Library/PrivateFrameworks/TCC.framework/Versions/A/TCC
0x000000019c55c000 	/System/Library/PrivateFrameworks/WatchdogClient.framework/Versions/A/WatchdogClient
0x00000001cbed4000 	/System/Library/PrivateFrameworks/BiomeStorage.framework/Versions/A/BiomeStorage
0x00000002584f6000 	/System/Library/PrivateFrameworks/IntelligencePlatformLibrary.framework/Versions/A/IntelligencePlatformLibrary
0x0000000265ddd000 	/System/Library/PrivateFrameworks/PoirotSchematizer.framework/Versions/A/PoirotSchematizer
0x000000023e52a000 	/System/Library/PrivateFrameworks/BiomeSync.framework/Versions/A/BiomeSync
0x000000023dccb000 	/System/Library/PrivateFrameworks/BiomeDSL.framework/Versions/A/BiomeDSL
0x0000000265e47000 	/System/Library/PrivateFrameworks/PoirotUDFs.framework/Versions/A/PoirotUDFs
0x0000000265dac000 	/System/Library/PrivateFrameworks/PoirotSQLite.framework/Versions/A/PoirotSQLite
0x00000001a4d86000 	/System/Library/PrivateFrameworks/CoreTime.framework/Versions/A/CoreTime
0x000000019a442000 	/usr/lib/libiconv.2.dylib
0x000000019a39e000 	/usr/lib/libcharset.1.dylib
0x0000000286339000 	/usr/lib/swift/libswift_RegexParser.dylib
0x000000023fb33000 	/System/Library/PrivateFrameworks/CascadeSets.framework/Versions/A/CascadeSets
0x000000019eb83000 	/System/Library/PrivateFrameworks/CorePhoneNumbers.framework/Versions/A/CorePhoneNumbers
0x000000019c426000 	/System/Library/PrivateFrameworks/AppleJPEG.framework/Versions/A/AppleJPEG
0x000000019be12000 	/usr/lib/libexpat.1.dylib
0x000000019cb40000 	/System/Library/Frameworks/ImageIO.framework/Versions/A/Resources/libPng.dylib
0x000000019cb6c000 	/System/Library/Frameworks/ImageIO.framework/Versions/A/Resources/libTIFF.dylib
0x000000019cc56000 	/System/Library/Frameworks/ImageIO.framework/Versions/A/Resources/libGIF.dylib
0x000000019c46b000 	/System/Library/Frameworks/ImageIO.framework/Versions/A/Resources/libJP2.dylib
0x000000019cbfc000 	/System/Library/Frameworks/ImageIO.framework/Versions/A/Resources/libJPEG.dylib
0x000000019cbf3000 	/System/Library/Frameworks/ImageIO.framework/Versions/A/Resources/libRadiance.dylib
0x000000024ed1e000 	/System/Library/PrivateFrameworks/GPUCompiler.framework/Versions/32023/Libraries/libllvm-flatbuffers.dylib
0x000000024962a000 	/System/Library/PrivateFrameworks/FramePacing.framework/Versions/A/FramePacing
0x00000001f0bbe000 	/System/Library/Frameworks/OpenGL.framework/Versions/A/Libraries/libCoreFSCache.dylib
0x000000024a76b000 	/System/Library/PrivateFrameworks/GPUCompiler.framework/Versions/32023/Libraries/libGPUCompilerUtils.dylib
0x00000001a4936000 	/System/Library/PrivateFrameworks/GraphicsServices.framework/Versions/A/GraphicsServices
0x00000001a8501000 	/System/Library/PrivateFrameworks/ASEProcessing.framework/Versions/A/ASEProcessing
0x00000001d8150000 	/System/Library/PrivateFrameworks/Symbolication.framework/Versions/A/Symbolication
0x00000002659cd000 	/System/Library/PrivateFrameworks/PhotosensitivityProcessing.framework/Versions/A/PhotosensitivityProcessing
0x000000019c043000 	/System/Library/PrivateFrameworks/GraphVisualizer.framework/Versions/A/GraphVisualizer
0x00000001f0c1d000 	/System/Library/Frameworks/OpenGL.framework/Versions/A/Libraries/libGLU.dylib
0x00000001f0be0000 	/System/Library/Frameworks/OpenGL.framework/Versions/A/Libraries/libGFXShared.dylib
0x000000022ecf4000 	/System/Library/Frameworks/OpenGL.framework/Versions/A/Libraries/libGL.dylib
0x00000001f0be9000 	/System/Library/Frameworks/OpenGL.framework/Versions/A/Libraries/libGLImage.dylib
0x00000001f0bdd000 	/System/Library/Frameworks/OpenGL.framework/Versions/A/Libraries/libCVMSPluginSupport.dylib
0x00000001f0bc6000 	/System/Library/Frameworks/OpenGL.framework/Versions/A/Libraries/libCoreVMClient.dylib
0x0000000249535000 	/System/Library/PrivateFrameworks/FontServices.framework/Versions/A/FontServices
0x000000019c053000 	/System/Library/PrivateFrameworks/OTSVG.framework/Versions/A/OTSVG
0x0000000194b5c000 	/System/Library/Frameworks/ApplicationServices.framework/Versions/A/Frameworks/ATS.framework/Versions/A/Resources/libFontRegistry.dylib
0x00000002853bc000 	/usr/lib/libhvf.dylib
0x0000000262802000 	/System/Library/PrivateFrameworks/ParsingInternal.framework/Versions/A/ParsingInternal
0x0000000249539000 	/System/Library/PrivateFrameworks/FontServices.framework/libXTFontStaticRegistryData.dylib
0x0000000198058000 	/System/Library/Frameworks/MetalPerformanceShaders.framework/Versions/A/Frameworks/MPSCore.framework/Versions/A/MPSCore
0x0000000199d5f000 	/System/Library/Frameworks/MetalPerformanceShaders.framework/Versions/A/Frameworks/MPSImage.framework/Versions/A/MPSImage
0x000000019973d000 	/System/Library/Frameworks/MetalPerformanceShaders.framework/Versions/A/Frameworks/MPSNeuralNetwork.framework/Versions/A/MPSNeuralNetwork
0x0000000199b75000 	/System/Library/Frameworks/MetalPerformanceShaders.framework/Versions/A/Frameworks/MPSMatrix.framework/Versions/A/MPSMatrix
0x000000019998a000 	/System/Library/Frameworks/MetalPerformanceShaders.framework/Versions/A/Frameworks/MPSRayIntersector.framework/Versions/A/MPSRayIntersector
0x0000000199ba7000 	/System/Library/Frameworks/MetalPerformanceShaders.framework/Versions/A/Frameworks/MPSNDArray.framework/Versions/A/MPSNDArray
0x0000000232c98000 	/System/Library/Frameworks/MetalPerformanceShaders.framework/Versions/A/Frameworks/MPSFunctions.framework/Versions/A/MPSFunctions
0x0000000232c79000 	/System/Library/Frameworks/MetalPerformanceShaders.framework/Versions/A/Frameworks/MPSBenchmarkLoop.framework/Versions/A/MPSBenchmarkLoop
0x000000018b291000 	/System/Library/PrivateFrameworks/MetalTools.framework/Versions/A/MetalTools
0x00000001bc37e000 	/System/Library/PrivateFrameworks/IOAccelMemoryInfo.framework/Versions/A/IOAccelMemoryInfo
0x00000001ca4a7000 	/System/Library/PrivateFrameworks/kperf.framework/Versions/A/kperf
0x00000001b7204000 	/System/Library/PrivateFrameworks/GPURawCounter.framework/Versions/A/GPURawCounter
0x00000001a4c6f000 	/System/Library/PrivateFrameworks/CoreSymbolication.framework/Versions/A/CoreSymbolication
0x00000001b717b000 	/System/Library/PrivateFrameworks/MallocStackLogging.framework/Versions/A/MallocStackLogging
0x00000001a4c4c000 	/System/Library/PrivateFrameworks/DebugSymbols.framework/Versions/A/DebugSymbols
0x00000001c8d10000 	/System/Library/PrivateFrameworks/OSAnalytics.framework/Versions/A/OSAnalytics
0x0000000247431000 	/System/Library/PrivateFrameworks/DeviceRecovery.framework/Versions/A/DeviceRecovery
0x0000000230ab3000 	/System/Library/Frameworks/ExtensionFoundation.framework/Versions/A/ExtensionFoundation
0x000000019c094000 	/System/Library/PrivateFrameworks/AppServerSupport.framework/Versions/A/AppServerSupport
0x000000019bd11000 	/System/Library/PrivateFrameworks/PlugInKit.framework/Versions/A/PlugInKit
0x00000001995ab000 	/System/Library/PrivateFrameworks/AssertionServices.framework/Versions/A/AssertionServices
0x000000019be37000 	/System/Library/PrivateFrameworks/IconFoundation.framework/Versions/A/IconFoundation
0x00000002553fa000 	/System/Library/PrivateFrameworks/IconRendering.framework/Versions/A/IconRendering
0x0000000268a30000 	/System/Library/PrivateFrameworks/SFSymbols.framework/Versions/A/SFSymbols
0x000000018d505000 	/System/Library/PrivateFrameworks/AudioToolboxCore.framework/Versions/A/AudioToolboxCore
0x000000019e4f5000 	/System/Library/PrivateFrameworks/AudioSession.framework/Versions/A/AudioSession
0x00000001a9749000 	/System/Library/Frameworks/CoreMIDI.framework/Versions/A/CoreMIDI
0x000000019e574000 	/usr/lib/libAudioStatistics.dylib
0x0000000197002000 	/System/Library/PrivateFrameworks/caulk.framework/Versions/A/caulk
0x000000019cb1a000 	/usr/lib/libAudioToolboxUtility.dylib
0x00000001b7208000 	/usr/lib/swift/libswiftCoreAudio.dylib
0x00000001bd96f000 	/usr/lib/swift/libswiftCoreMIDI.dylib
0x000000019e985000 	/System/Library/PrivateFrameworks/perfdata.framework/Versions/A/perfdata
0x00000001b6225000 	/System/Library/PrivateFrameworks/SystemPolicy.framework/Versions/A/SystemPolicy
0x000000019e82a000 	/usr/lib/libSMC.dylib
0x000000019e993000 	/usr/lib/libperfcheck.dylib
0x000000023d615000 	/System/Library/PrivateFrameworks/AudioAnalytics.framework/Versions/A/AudioAnalytics
0x00000002862fc000 	/usr/lib/swift/libswift_DarwinFoundation2.dylib
0x00000002862fd000 	/usr/lib/swift/libswift_DarwinFoundation3.dylib
0x00000001dc635000 	/System/Library/Frameworks/OSLog.framework/Versions/A/OSLog
0x00000001b71ad000 	/usr/lib/libmis.dylib
0x000000019bf54000 	/System/Library/PrivateFrameworks/MediaExperience.framework/Versions/A/MediaExperience
0x000000019e2c3000 	/System/Library/PrivateFrameworks/AudioSession.framework/libSessionUtility.dylib
0x000000019cc5c000 	/System/Library/PrivateFrameworks/CMCaptureCore.framework/Versions/A/CMCaptureCore
0x00000001a37fa000 	/System/Library/Frameworks/CoreBluetooth.framework/Versions/A/CoreBluetooth
0x0000000199417000 	/System/Library/PrivateFrameworks/CoreUtils.framework/Versions/A/CoreUtils
0x00000001af197000 	/System/Library/PrivateFrameworks/HID.framework/Versions/A/HID
0x0000000246833000 	/System/Library/PrivateFrameworks/CoreUtilsExtras.framework/Versions/A/CoreUtilsExtras
0x000000025535c000 	/System/Library/PrivateFrameworks/IO80211.framework/Versions/A/IO80211
0x00000001a023d000 	/System/Library/Frameworks/IOBluetooth.framework/Versions/A/IOBluetooth
0x000000023d203000 	/System/Library/PrivateFrameworks/ArgumentParserInternal.framework/Versions/A/ArgumentParserInternal
0x000000019bbb1000 	/usr/lib/libIOReport.dylib
0x00000001995ba000 	/System/Library/Frameworks/SecurityFoundation.framework/Versions/A/SecurityFoundation
0x000000018bc55000 	/System/Library/PrivateFrameworks/Lexicon.framework/Versions/A/Lexicon
0x0000000199725000 	/usr/lib/libgermantok.dylib
0x0000000198242000 	/System/Library/PrivateFrameworks/LinguisticData.framework/Versions/A/LinguisticData
0x00000001a3a0d000 	/System/Library/PrivateFrameworks/MediaKit.framework/Versions/A/MediaKit
0x00000001a3958000 	/System/Library/Frameworks/DiscRecording.framework/Versions/A/DiscRecording
0x000000019be2d000 	/usr/lib/libheimdal-asn1.dylib
0x00000001a7327000 	/System/Library/Frameworks/AudioUnit.framework/Versions/A/AudioUnit
0x0000000194e7b000 	/System/Library/Frameworks/OpenDirectory.framework/Versions/A/OpenDirectory
0x0000000194e89000 	/System/Library/Frameworks/OpenDirectory.framework/Versions/A/Frameworks/CFOpenDirectory.framework/Versions/A/CFOpenDirectory
0x000000022f078000 	/System/Library/Frameworks/AVFAudio.framework/Versions/A/AVFAudio
0x00000001b0161000 	/usr/lib/libAccessibility.dylib
0x000000025908a000 	/System/Library/PrivateFrameworks/IsolatedCoreAudioClient.framework/Versions/A/IsolatedCoreAudioClient
0x00000001d2956000 	/usr/lib/swift/libswiftCoreMedia.dylib
0x0000000276853000 	/System/Library/PrivateFrameworks/Tightbeam.framework/Versions/A/Tightbeam
0x0000000242743000 	/System/Library/PrivateFrameworks/CoreAudioOrchestration.framework/Versions/A/CoreAudioOrchestration
0x00000001cf065000 	/System/Library/PrivateFrameworks/AFKUser.framework/Versions/A/AFKUser
0x00000001a2aa0000 	/System/Library/Frameworks/MediaAccessibility.framework/Versions/A/MediaAccessibility
0x000000027aa3f000 	/System/Library/PrivateFrameworks/VideoToolboxParavirtualizationSupport.framework/Versions/A/VideoToolboxParavirtualizationSupport
0x000000019bdc9000 	/System/Library/PrivateFrameworks/AppleVA.framework/Versions/A/AppleVA
0x000000019cbee000 	/System/Library/PrivateFrameworks/GPUWrangler.framework/Versions/A/GPUWrangler
0x000000019cbce000 	/System/Library/PrivateFrameworks/IOPresentment.framework/Versions/A/IOPresentment
0x000000019cbf6000 	/System/Library/PrivateFrameworks/DSExternalDisplay.framework/Versions/A/DSExternalDisplay
0x000000023d05a000 	/System/Library/PrivateFrameworks/AppleMobileFileIntegrity.framework/Versions/A/AppleMobileFileIntegrity
0x0000000284f39000 	/usr/lib/libTLE.dylib
0x00000001ed8fd000 	/System/Library/PrivateFrameworks/ConfigProfileHelper.framework/Versions/A/ConfigProfileHelper
0x00000001e271d000 	/usr/lib/libedit.3.dylib
0x000000025a60b000 	/System/Library/PrivateFrameworks/MIL.framework/Versions/A/MIL
0x00000001bc341000 	/usr/lib/libncurses.5.4.dylib
0x000000019934c000 	/System/Library/PrivateFrameworks/CoreEmoji.framework/Versions/A/CoreEmoji
0x000000018bf72000 	/usr/lib/libCRFSuite.dylib
0x0000000198120000 	/System/Library/PrivateFrameworks/CoreNLP.framework/Versions/A/CoreNLP
0x00000001996c4000 	/usr/lib/libmecab.dylib
0x000000019a5bd000 	/usr/lib/libThaiTokenizer.dylib
0x00000001dcaf4000 	/System/Library/PrivateFrameworks/HIDDisplay.framework/Versions/A/HIDDisplay
0x000000019cc28000 	/System/Library/Frameworks/ApplicationServices.framework/Versions/A/Frameworks/ATSUI.framework/Versions/A/ATSUI
0x000000019e90b000 	/usr/lib/libcups.2.dylib
0x000000019e9a1000 	/System/Library/Frameworks/Kerberos.framework/Versions/A/Kerberos
0x000000019e603000 	/usr/lib/libresolv.9.dylib
0x000000019c0a8000 	/System/Library/PrivateFrameworks/Heimdal.framework/Versions/A/Heimdal
0x00000001a7326000 	/System/Library/Frameworks/Kerberos.framework/Versions/A/Libraries/libHeimdalProxy.dylib
0x000000019ea05000 	/System/Library/PrivateFrameworks/CommonAuth.framework/Versions/A/CommonAuth
0x00000001b005c000 	/System/Library/PrivateFrameworks/AXCoreUtilities.framework/Versions/A/AXCoreUtilities
0x0000000284953000 	/usr/lib/libAXSafeCategoryBundle.dylib
0x0000000199231000 	/System/Library/Frameworks/Accelerate.framework/Versions/A/Frameworks/vecLib.framework/Versions/A/libvDSP.dylib
0x000000019a70a000 	/System/Library/Frameworks/Accelerate.framework/Versions/A/Frameworks/vecLib.framework/Versions/A/libLAPACK.dylib
0x0000000199728000 	/System/Library/Frameworks/Accelerate.framework/Versions/A/Frameworks/vecLib.framework/Versions/A/libLinearAlgebra.dylib
0x000000019a603000 	/System/Library/Frameworks/Accelerate.framework/Versions/A/Frameworks/vecLib.framework/Versions/A/libSparseBLAS.dylib
0x000000019a705000 	/System/Library/Frameworks/Accelerate.framework/Versions/A/Frameworks/vecLib.framework/Versions/A/libQuadrature.dylib
0x0000000198249000 	/System/Library/Frameworks/Accelerate.framework/Versions/A/Frameworks/vecLib.framework/Versions/A/libBNNS.dylib
0x000000018bd6b000 	/System/Library/Frameworks/Accelerate.framework/Versions/A/Frameworks/vecLib.framework/Versions/A/libSparse.dylib
0x000000019e96a000 	/System/Library/PrivateFrameworks/NetAuth.framework/Versions/A/NetAuth
0x0000000195099000 	/System/Library/PrivateFrameworks/login.framework/Versions/A/Frameworks/loginsupport.framework/Versions/A/loginsupport
0x000000019968e000 	/usr/lib/libCheckFix.dylib
0x0000000194218000 	/System/Library/PrivateFrameworks/MetadataUtilities.framework/Versions/A/MetadataUtilities
0x0000000255e15000 	/System/Library/PrivateFrameworks/InstalledContentLibrary.framework/Versions/A/InstalledContentLibrary
0x000000018ece6000 	/System/Library/PrivateFrameworks/CoreServicesStore.framework/Versions/A/CoreServicesStore
0x00000001ca5ae000 	/System/Library/PrivateFrameworks/MobileSystemServices.framework/Versions/A/MobileSystemServices
0x000000019ba72000 	/usr/lib/libxslt.1.dylib
0x000000019964d000 	/System/Library/PrivateFrameworks/BackgroundTaskManagement.framework/Versions/A/BackgroundTaskManagement
0x00000001a69d1000 	/usr/lib/libcurl.4.dylib
0x0000000285172000 	/usr/lib/libcrypto.46.dylib
0x0000000285d8f000 	/usr/lib/libssl.48.dylib
0x00000001a66a7000 	/System/Library/Frameworks/LDAP.framework/Versions/A/LDAP
0x00000001a66e3000 	/System/Library/PrivateFrameworks/TrustEvaluationAgent.framework/Versions/A/TrustEvaluationAgent
0x000000019e620000 	/usr/lib/libsasl2.2.dylib
0x00000001b40e1000 	/usr/lib/swift/libswiftCoreGraphics.dylib
0x00000001a319c000 	/usr/lib/swift/libswiftFoundation.dylib
0x00000001ed2ba000 	/usr/lib/swift/libswiftSwiftOnoneSupport.dylib
0x000000028646e000 	/usr/lib/swift/libswiftsys_time.dylib
0x00000001d890d000 	/System/Library/PrivateFrameworks/CoreMaterial.framework/Versions/A/CoreMaterial
0x00000002861b4000 	/usr/lib/swift/libswiftSpatial.dylib
0x0000000284f36000 	/usr/lib/libSpatial.dylib
0x0000000284871000 	/System/Library/SubFrameworks/UIUtilities.framework/Versions/A/UIUtilities
0x000000010161c000 	/Users/stefano.deblasi/Library/Application Support/ModrinthApp/meta/java_versions/zulu17.64.17-ca-jre17.0.18-macosx_aarch64/zulu-17.jre/Contents/Home/lib/server/libjvm.dylib
0x0000000100300000 	/Users/stefano.deblasi/Library/Application Support/ModrinthApp/meta/java_versions/zulu17.64.17-ca-jre17.0.18-macosx_aarch64/zulu-17.jre/Contents/Home/lib/libjimage.dylib
0x000000010032c000 	/Users/stefano.deblasi/Library/Application Support/ModrinthApp/meta/java_versions/zulu17.64.17-ca-jre17.0.18-macosx_aarch64/zulu-17.jre/Contents/Home/lib/libinstrument.dylib
0x0000000100378000 	/Users/stefano.deblasi/Library/Application Support/ModrinthApp/meta/java_versions/zulu17.64.17-ca-jre17.0.18-macosx_aarch64/zulu-17.jre/Contents/Home/lib/libjava.dylib
0x0000000100ee4000 	/Users/stefano.deblasi/Library/Application Support/ModrinthApp/meta/java_versions/zulu17.64.17-ca-jre17.0.18-macosx_aarch64/zulu-17.jre/Contents/Home/lib/libzip.dylib
0x0000000100560000 	/Users/stefano.deblasi/Library/Application Support/ModrinthApp/meta/java_versions/zulu17.64.17-ca-jre17.0.18-macosx_aarch64/zulu-17.jre/Contents/Home/lib/libnio.dylib
0x0000000100f30000 	/Users/stefano.deblasi/Library/Application Support/ModrinthApp/meta/java_versions/zulu17.64.17-ca-jre17.0.18-macosx_aarch64/zulu-17.jre/Contents/Home/lib/libnet.dylib
0x0000000100580000 	/Users/stefano.deblasi/Library/Application Support/ModrinthApp/meta/java_versions/zulu17.64.17-ca-jre17.0.18-macosx_aarch64/zulu-17.jre/Contents/Home/lib/libextnet.dylib
0x0000000100f0c000 	/Users/stefano.deblasi/Library/Application Support/ModrinthApp/meta/java_versions/zulu17.64.17-ca-jre17.0.18-macosx_aarch64/zulu-17.jre/Contents/Home/lib/libmanagement.dylib
0x0000000100f54000 	/Users/stefano.deblasi/Library/Application Support/ModrinthApp/meta/java_versions/zulu17.64.17-ca-jre17.0.18-macosx_aarch64/zulu-17.jre/Contents/Home/lib/libmanagement_ext.dylib
0x0000000100f68000 	/Users/stefano.deblasi/Library/Application Support/ModrinthApp/meta/java_versions/zulu17.64.17-ca-jre17.0.18-macosx_aarch64/zulu-17.jre/Contents/Home/lib/libverify.dylib
0x0000000100fac000 	/Users/stefano.deblasi/Library/Application Support/ModrinthApp/meta/natives/1.20.1-0.18.4/jna13039780494604049926.tmp
0x0000000101248000 	/Users/stefano.deblasi/Library/Application Support/ModrinthApp/meta/natives/1.20.1-0.18.4/liblwjgl.dylib
0x0000000101290000 	/Users/stefano.deblasi/Library/Application Support/ModrinthApp/meta/natives/1.20.1-0.18.4/libglfw.dylib
0x00000001012cc000 	/Users/stefano.deblasi/Library/Application Support/ModrinthApp/meta/natives/1.20.1-0.18.4/libjemalloc.dylib
0x000000022f348000 	/System/Library/Frameworks/AppIntents.framework/Versions/A/AppIntents
0x000000023554c000 	/System/Library/Frameworks/RelevanceKit.framework/Versions/A/RelevanceKit
0x000000019a202000 	/System/Library/Frameworks/CoreSpotlight.framework/Versions/A/CoreSpotlight
0x000000025a11e000 	/System/Library/PrivateFrameworks/LinkServices.framework/Versions/A/LinkServices
0x000000024794c000 	/System/Library/PrivateFrameworks/DoNotDisturb.framework/Versions/A/DoNotDisturb
0x0000000259f79000 	/System/Library/PrivateFrameworks/LinkMetadata.framework/Versions/A/LinkMetadata
0x00000001b722f000 	/usr/lib/swift/libswiftIntents.dylib
0x00000001bc49b000 	/System/Library/PrivateFrameworks/IntentsCore.framework/Versions/A/IntentsCore
0x000000023daef000 	/System/Library/PrivateFrameworks/AvailabilityKit.framework/Versions/A/AvailabilityKit
0x000000023ae63000 	/System/Library/PrivateFrameworks/AppIntentSchemas.framework/Versions/A/AppIntentSchemas
0x000000024f28c000 	/System/Library/PrivateFrameworks/GRDBInternal.framework/Versions/A/GRDBInternal
0x0000000272a5e000 	/System/Library/PrivateFrameworks/StatusKit.framework/Versions/A/StatusKit
0x00000001a3d3c000 	/System/Library/PrivateFrameworks/GenerationalStorage.framework/Versions/A/GenerationalStorage
0x00000001a3b64000 	/System/Library/Frameworks/FileProvider.framework/Versions/A/FileProvider
0x0000000190781000 	/System/Library/PrivateFrameworks/DesktopServicesPriv.framework/Versions/A/DesktopServicesPriv
0x0000000192ab7000 	/System/Library/Frameworks/Accounts.framework/Versions/A/Accounts
0x00000001b6c9b000 	/System/Library/PrivateFrameworks/FTServices.framework/Versions/A/FTServices
0x00000001af156000 	/System/Library/PrivateFrameworks/CloudServices.framework/Versions/A/CloudServices
0x00000001a61f6000 	/System/Library/PrivateFrameworks/CoreWiFi.framework/Versions/A/CoreWiFi
0x0000000196a3d000 	/System/Library/Frameworks/CoreLocation.framework/Versions/A/CoreLocation
0x00000001a5b8d000 	/System/Library/Frameworks/Intents.framework/Versions/A/Intents
0x0000000237d06000 	/System/Library/Frameworks/_LocationEssentials.framework/Versions/A/_LocationEssentials
0x000000019a1b1000 	/System/Library/Frameworks/UserNotifications.framework/Versions/A/UserNotifications
0x000000019fe48000 	/System/Library/PrivateFrameworks/Sharing.framework/Versions/A/Sharing
0x000000019f9c9000 	/System/Library/PrivateFrameworks/IDSFoundation.framework/Versions/A/IDSFoundation
0x00000001a61f5000 	/System/Library/PrivateFrameworks/Apple80211.framework/Versions/A/Apple80211
0x0000000199e47000 	/System/Library/PrivateFrameworks/AuthKit.framework/Versions/A/AuthKit
0x0000000199394000 	/System/Library/Frameworks/CoreWLAN.framework/Versions/A/CoreWLAN
0x00000001bd950000 	/usr/lib/swift/libswiftCoreLocation.dylib
0x000000019e211000 	/System/Library/PrivateFrameworks/IMFoundation.framework/Versions/A/IMFoundation
0x00000001af4ab000 	/System/Library/PrivateFrameworks/Marco.framework/Versions/A/Marco
0x0000000192b41000 	/System/Library/PrivateFrameworks/CommonUtilities.framework/Versions/A/CommonUtilities
0x00000001abed4000 	/System/Library/PrivateFrameworks/Engram.framework/Versions/A/Engram
0x0000000286113000 	/usr/lib/swift/libswiftRegexBuilder.dylib
0x00000001abe72000 	/usr/lib/libtidy.A.dylib
0x000000019c3b0000 	/System/Library/PrivateFrameworks/Bom.framework/Versions/A/Bom
0x000000019e641000 	/usr/lib/libParallelCompression.dylib
0x00000001e4832000 	/System/Library/PrivateFrameworks/WiFiPeerToPeer.framework/Versions/A/WiFiPeerToPeer
0x00000002858a4000 	/usr/lib/libmrc.dylib
0x00000002553c6000 	/System/Library/PrivateFrameworks/IPConfiguration.framework/Versions/A/IPConfiguration
0x00000001d88cf000 	/System/Library/PrivateFrameworks/Netrb.framework/Versions/A/Netrb
0x000000019e633000 	/System/Library/PrivateFrameworks/MultiverseSupport.framework/Versions/A/MultiverseSupport
0x00000001a3a3f000 	/System/Library/PrivateFrameworks/DiskManagement.framework/Versions/A/DiskManagement
0x00000001a394b000 	/System/Library/PrivateFrameworks/AppleIDAuthSupport.framework/Versions/A/AppleIDAuthSupport
0x00000002385e6000 	/System/Library/PrivateFrameworks/AAAFoundation.framework/Versions/A/AAAFoundation
0x000000019eb41000 	/System/Library/PrivateFrameworks/KeychainCircle.framework/Versions/A/KeychainCircle
0x00000001b0052000 	/System/Library/PrivateFrameworks/URLFormatting.framework/Versions/A/URLFormatting
0x00000001a69c5000 	/usr/lib/libcsfde.dylib
0x000000019bd5b000 	/usr/lib/libCoreStorage.dylib
0x00000001a0314000 	/System/Library/PrivateFrameworks/ProtectedCloudStorage.framework/Versions/A/ProtectedCloudStorage
0x00000001a69c0000 	/System/Library/PrivateFrameworks/EFILogin.framework/Versions/A/EFILogin
0x00000001a3d63000 	/System/Library/PrivateFrameworks/OctagonTrust.framework/Versions/A/OctagonTrust
0x00000001a05db000 	/System/Library/PrivateFrameworks/GeoServices.framework/Versions/A/GeoServices
0x000000019e28a000 	/System/Library/PrivateFrameworks/LocationSupport.framework/Versions/A/LocationSupport
0x00000002523b1000 	/System/Library/PrivateFrameworks/GeoServicesCore.framework/Versions/A/GeoServicesCore
0x00000001b0050000 	/System/Library/PrivateFrameworks/PhoneNumbers.framework/Versions/A/PhoneNumbers
0x000000025a4fc000 	/System/Library/PrivateFrameworks/LocationLogEncryption.framework/Versions/A/LocationLogEncryption
0x000000019f7ea000 	/System/Library/PrivateFrameworks/IDS.framework/Versions/A/IDS
0x00000001df4f3000 	/System/Library/Frameworks/CryptoKit.framework/Versions/A/CryptoKit
0x00000001a7322000 	/System/Library/PrivateFrameworks/CryptoKitCBridging.framework/Versions/A/CryptoKitCBridging
0x00000001a4948000 	/System/Library/Frameworks/CryptoTokenKit.framework/Versions/A/CryptoTokenKit
0x00000001c57e7000 	/System/Library/PrivateFrameworks/FTAWD.framework/Versions/A/FTAWD
0x000000018ee23000 	/usr/lib/libsandbox.1.dylib
0x000000019bd53000 	/usr/lib/libMatch.1.dylib
0x00000001a73e5000 	/System/Library/PrivateFrameworks/IntentsFoundation.framework/Versions/A/IntentsFoundation
0x0000000194d38000 	/System/Library/PrivateFrameworks/ViewBridge.framework/Versions/A/ViewBridge
0x0000000237c10000 	/System/Library/Frameworks/_AppIntents_AppKit.framework/Versions/A/_AppIntents_AppKit
0x0000000284957000 	/usr/lib/libAccessibilityBaseImplementations.dylib
0x0000000128094000 	/usr/lib/libobjc-trampolines.dylib
0x000000027ed38000 	/System/Library/PrivateFrameworks/WritingToolsUI.framework/Versions/A/WritingToolsUI
0x0000000251d97000 	/System/Library/PrivateFrameworks/GenerativeAssistantSettings.framework/Versions/A/GenerativeAssistantSettings
0x00000002747d2000 	/System/Library/PrivateFrameworks/TextComposer.framework/Versions/A/TextComposer
0x0000000251d6e000 	/System/Library/PrivateFrameworks/GenerativeAssistantCommon.framework/Versions/A/GenerativeAssistantCommon
0x00000001be9d1000 	/System/Library/Frameworks/SwiftUI.framework/Versions/A/SwiftUI
0x0000000237c4f000 	/System/Library/Frameworks/_AuthenticationServices_SwiftUI.framework/Versions/A/_AuthenticationServices_SwiftUI
0x000000023ab98000 	/System/Library/PrivateFrameworks/Anvil.framework/Versions/A/Anvil
0x00000001bdf7f000 	/System/Library/PrivateFrameworks/AppStoreDaemon.framework/Versions/A/AppStoreDaemon
0x00000001a998a000 	/System/Library/PrivateFrameworks/AppleMediaServices.framework/Versions/A/AppleMediaServices
0x000000025223c000 	/System/Library/PrivateFrameworks/GenerativePartnerServiceUI.framework/Versions/A/GenerativePartnerServiceUI
0x00000001ec82b000 	/System/Library/PrivateFrameworks/JetEngine.framework/Versions/A/JetEngine
0x00000002746af000 	/System/Library/PrivateFrameworks/TextAnimationSupport.framework/Versions/A/TextAnimationSupport
0x0000000267966000 	/System/Library/PrivateFrameworks/RecapPerformanceTesting.framework/Versions/A/RecapPerformanceTesting
0x00000001b7b00000 	/System/Library/PrivateFrameworks/SignpostCollection.framework/Versions/A/SignpostCollection
0x000000023d9a7000 	/System/Library/PrivateFrameworks/AuthenticationServicesCore.framework/Versions/A/AuthenticationServicesCore
0x00000001c135d000 	/System/Library/Frameworks/AuthenticationServices.framework/Versions/A/AuthenticationServices
0x000000019bced000 	/System/Library/PrivateFrameworks/SharedWebCredentials.framework/Versions/A/SharedWebCredentials
0x00000001b899e000 	/System/Library/PrivateFrameworks/SafariCore.framework/Versions/A/SafariCore
0x00000001c0e88000 	/System/Library/PrivateFrameworks/SafariFoundation.framework/Versions/A/SafariFoundation
0x00000001a345c000 	/System/Library/Frameworks/Contacts.framework/Versions/A/Contacts
0x000000023ebef000 	/System/Library/PrivateFrameworks/CBORLibrary.framework/Versions/A/CBORLibrary
0x000000023fbd6000 	/System/Library/PrivateFrameworks/Chirp.framework/Versions/A/Chirp
0x00000002407d3000 	/System/Library/PrivateFrameworks/CloudSubscriptionFeatures.framework/Versions/A/CloudSubscriptionFeatures
0x00000001a319d000 	/System/Library/PrivateFrameworks/ContactsFoundation.framework/Versions/A/ContactsFoundation
0x00000001edc2d000 	/System/Library/PrivateFrameworks/RemoteManagement.framework/Versions/A/RemoteManagement
0x0000000267cf4000 	/System/Library/PrivateFrameworks/RemoteManagementModel.framework/Versions/A/RemoteManagementModel
0x0000000267d85000 	/System/Library/PrivateFrameworks/RemoteManagementStore.framework/Versions/A/RemoteManagementStore
0x00000001a0423000 	/usr/lib/libxcselect.dylib
0x00000001c0df7000 	/System/Library/PrivateFrameworks/DifferentialPrivacy.framework/Versions/A/DifferentialPrivacy
0x000000025c855000 	/System/Library/PrivateFrameworks/ManagedSettingsObjC.framework/Versions/A/ManagedSettingsObjC
0x000000025a501000 	/System/Library/PrivateFrameworks/LockdownMode.framework/Versions/A/LockdownMode
0x0000000279693000 	/System/Library/PrivateFrameworks/VDAF.framework/Versions/A/VDAF
0x00000001a3275000 	/System/Library/PrivateFrameworks/ContactsPersistence.framework/Versions/A/ContactsPersistence
0x00000001a23d3000 	/System/Library/PrivateFrameworks/AppleLDAP.framework/Versions/A/AppleLDAP
0x00000001a6d77000 	/System/Library/Frameworks/ClassKit.framework/Versions/A/ClassKit
0x00000001a901d000 	/System/Library/PrivateFrameworks/CoreSuggestions.framework/Versions/A/CoreSuggestions
0x00000001a48f6000 	/System/Library/PrivateFrameworks/vCard.framework/Versions/A/vCard
0x000000024145c000 	/System/Library/PrivateFrameworks/ContactsMetrics.framework/Versions/A/ContactsMetrics
0x000000019c169000 	/System/Library/PrivateFrameworks/login.framework/Versions/A/login
0x000000025c84f000 	/System/Library/PrivateFrameworks/ManagedOrganizationContacts.framework/Versions/A/ManagedOrganizationContacts
0x000000019551c000 	/System/Library/PrivateFrameworks/CloudDocs.framework/Versions/A/CloudDocs
0x00000001afa12000 	/System/Library/PrivateFrameworks/ProactiveEventTracker.framework/Versions/A/ProactiveEventTracker
0x000000019e6e3000 	/System/Library/PrivateFrameworks/CoreFollowUp.framework/Versions/A/CoreFollowUp
0x00000001a853c000 	/System/Library/PrivateFrameworks/ConfigurationProfiles.framework/Versions/A/ConfigurationProfiles
0x0000000246ab7000 	/System/Library/PrivateFrameworks/DMCUtilities.framework/Versions/A/DMCUtilities
0x000000025a582000 	/System/Library/PrivateFrameworks/MDMClientLibrary.framework/Versions/A/MDMClientLibrary
0x0000000267d79000 	/System/Library/PrivateFrameworks/RemoteManagementProtocol.framework/Versions/A/RemoteManagementProtocol
0x0000000284d11000 	/usr/lib/libEndpointSecuritySystem.dylib
0x00000001a2ab8000 	/System/Library/PrivateFrameworks/SystemAdministration.framework/Versions/A/SystemAdministration
0x00000001ad9a4000 	/System/Library/PrivateFrameworks/PowerlogControl.framework/Versions/A/PowerlogControl
0x00000001ad9a6000 	/usr/lib/libUniversalAccess.dylib
0x00000001aa40a000 	/System/Library/PrivateFrameworks/FamilyControls.framework/Versions/A/FamilyControls
0x00000001a23a8000 	/System/Library/Frameworks/DirectoryService.framework/Versions/A/DirectoryService
0x00000001a6a53000 	/System/Library/PrivateFrameworks/LoginUIKit.framework/Versions/A/Frameworks/LoginUICore.framework/Versions/A/LoginUICore
0x000000019c3ae000 	/usr/lib/libodfde.dylib
0x00000001aa404000 	/System/Library/PrivateFrameworks/UniversalAccess.framework/Versions/A/Libraries/libUAPreferences.dylib
0x00000001aa42e000 	/System/Library/PrivateFrameworks/CommerceKit.framework/Versions/A/Frameworks/CommerceCore.framework/Versions/A/CommerceCore
0x0000000246a23000 	/System/Library/PrivateFrameworks/DEPClientLibrary.framework/Versions/A/DEPClientLibrary
0x0000000246a4c000 	/System/Library/PrivateFrameworks/DMCEnrollmentLibrary.framework/Versions/A/DMCEnrollmentLibrary
0x00000001ada88000 	/System/Library/PrivateFrameworks/SetupAssistantFramework.framework/Versions/A/SetupAssistantFramework
0x00000001a715e000 	/System/Library/PrivateFrameworks/AuthKitUI.framework/Versions/A/AuthKitUI
0x00000001a6a9d000 	/System/Library/PrivateFrameworks/AppSSO.framework/Versions/A/AppSSO
0x00000001bdcdb000 	/System/Library/PrivateFrameworks/LocalAuthenticationUI.framework/Versions/A/LocalAuthenticationUI
0x0000000265a29000 	/System/Library/PrivateFrameworks/PlatformSSO.framework/Versions/A/PlatformSSO
0x0000000265b16000 	/System/Library/PrivateFrameworks/PlatformSSOCore.framework/Versions/A/PlatformSSOCore
0x0000000231ea0000 	/System/Library/Frameworks/LocalAuthenticationEmbeddedUI.framework/Versions/A/LocalAuthenticationEmbeddedUI
0x00000001be796000 	/System/Library/PrivateFrameworks/AOSUI.framework/Versions/A/AOSUI
0x00000001af7da000 	/System/Library/Frameworks/ContactsUI.framework/Versions/A/ContactsUI
0x00000001a36eb000 	/System/Library/PrivateFrameworks/FamilyCircle.framework/Versions/A/FamilyCircle
0x00000001cc5cd000 	/System/Library/Frameworks/LinkPresentation.framework/Versions/A/LinkPresentation
0x00000001af392000 	/System/Library/PrivateFrameworks/IASUtilities.framework/Versions/A/IASUtilities
0x000000025528f000 	/System/Library/PrivateFrameworks/IASUtilitiesCore.framework/Versions/A/IASUtilitiesCore
0x00000001b7b10000 	/System/Library/PrivateFrameworks/OnBoardingKit.framework/Versions/A/OnBoardingKit
0x0000000267def000 	/System/Library/PrivateFrameworks/RemoteUI.framework/Versions/A/RemoteUI
0x00000001b41c1000 	/System/Library/Frameworks/WebKit.framework/Versions/A/WebKit
0x00000001abf14000 	/System/Library/Frameworks/JavaScriptCore.framework/Versions/A/JavaScriptCore
0x0000000259910000 	/System/Library/PrivateFrameworks/LiftUI.framework/Versions/A/LiftUI
0x000000026a42c000 	/System/Library/PrivateFrameworks/Settings.framework/Versions/A/Settings
0x000000027f345000 	/System/Library/PrivateFrameworks/_IconServices_SwiftUI.framework/Versions/A/_IconServices_SwiftUI
0x000000022fdbc000 	/System/Library/Frameworks/BrowserEngineCore.framework/Versions/A/BrowserEngineCore
0x00000001a931d000 	/System/Library/Frameworks/WebKit.framework/Versions/A/Frameworks/WebKitLegacy.framework/Versions/A/WebKitLegacy
0x00000001b5bf5000 	/System/Library/Frameworks/Carbon.framework/Versions/A/Carbon
0x00000001a7106000 	/System/Library/PrivateFrameworks/CorePrediction.framework/Versions/A/CorePrediction
0x0000000195e27000 	/System/Library/Frameworks/WebKit.framework/Versions/A/Frameworks/WebCore.framework/Versions/A/Frameworks/libwebrtc.dylib
0x00000001b414b000 	/System/Library/PrivateFrameworks/SafariSafeBrowsing.framework/Versions/A/SafariSafeBrowsing
0x000000019e6a9000 	/System/Library/Frameworks/SecurityInterface.framework/Versions/A/SecurityInterface
0x00000001b7b0f000 	/System/Library/PrivateFrameworks/WebInspectorUI.framework/Versions/A/WebInspectorUI
0x00000001b0197000 	/System/Library/Frameworks/WebKit.framework/Versions/A/Frameworks/WebCore.framework/Versions/A/WebCore
0x00000001abf0d000 	/System/Library/Frameworks/Carbon.framework/Versions/A/Frameworks/CommonPanels.framework/Versions/A/CommonPanels
0x00000001a69bc000 	/System/Library/Frameworks/Carbon.framework/Versions/A/Frameworks/Help.framework/Versions/A/Help
0x00000001abf11000 	/System/Library/Frameworks/Carbon.framework/Versions/A/Frameworks/ImageCapture.framework/Versions/A/ImageCapture
0x00000001abeec000 	/System/Library/Frameworks/Carbon.framework/Versions/A/Frameworks/OpenScripting.framework/Versions/A/OpenScripting
0x00000001abf0c000 	/System/Library/Frameworks/Carbon.framework/Versions/A/Frameworks/Ink.framework/Versions/A/Ink
0x00000001abf09000 	/System/Library/Frameworks/Carbon.framework/Versions/A/Frameworks/SecurityHI.framework/Versions/A/SecurityHI
0x0000000284d94000 	/usr/lib/libInterpreterSecurity.dylib
0x00000001cc1e4000 	/System/Library/PrivateFrameworks/XprotectFramework.framework/Versions/A/XprotectFramework
0x00000001af4ac000 	/System/Library/PrivateFrameworks/yara.framework/Versions/A/yara
0x00000002377cd000 	/System/Library/Frameworks/WebKit.framework/Versions/A/Frameworks/WebCore.framework/Versions/A/Frameworks/libANGLE-shared.dylib
0x000000027d5e1000 	/System/Library/PrivateFrameworks/WebGPU.framework/Versions/A/WebGPU
0x00000001b99e9000 	/System/Library/Frameworks/SceneKit.framework/Versions/A/SceneKit
0x00000001cae07000 	/System/Library/Frameworks/ModelIO.framework/Versions/A/ModelIO
0x00000001a0405000 	/System/Library/Frameworks/MetalKit.framework/Versions/A/MetalKit
0x00000001a26d9000 	/System/Library/Frameworks/GLKit.framework/Versions/A/GLKit
0x0000000286747000 	/usr/lib/usd/libusd_ms.dylib
0x0000000278a78000 	/System/Library/PrivateFrameworks/USDLib_FormatLoaderProxy.framework/Versions/A/USDLib_FormatLoaderProxy
0x0000000286469000 	/usr/lib/swift/libswift_errno.dylib
0x00000001b6c7c000 	/System/Library/PrivateFrameworks/CoreOptimization.framework/Versions/A/CoreOptimization
0x0000000230be8000 	/System/Library/Frameworks/ExtensionKit.framework/Versions/A/ExtensionKit
0x0000000240712000 	/System/Library/PrivateFrameworks/CloudSettings.framework/Versions/A/CloudSettings
0x0000000230c2c000 	/System/Library/Frameworks/FSKit.framework/Versions/A/FSKit
0x000000025a2ad000 	/System/Library/PrivateFrameworks/LiveFS.framework/Versions/A/LiveFS
0x00000001a90ee000 	/System/Library/Frameworks/EventKit.framework/Versions/A/EventKit
0x00000001b7d24000 	/System/Library/PrivateFrameworks/SearchFoundation.framework/Versions/A/SearchFoundation
0x00000001ce687000 	/System/Library/PrivateFrameworks/Email.framework/Versions/A/Email
0x00000001b687e000 	/System/Library/PrivateFrameworks/CoreRoutine.framework/Versions/A/CoreRoutine
0x00000001ed59b000 	/System/Library/PrivateFrameworks/VoiceShortcutClient.framework/Versions/A/VoiceShortcutClient
0x00000001c6376000 	/System/Library/PrivateFrameworks/Categories.framework/Versions/A/Categories
0x00000001be645000 	/System/Library/PrivateFrameworks/ChronoServices.framework/Versions/A/ChronoServices
0x000000023f694000 	/System/Library/PrivateFrameworks/CalendarDatabase.framework/Versions/A/CalendarDatabase
0x000000023f5de000 	/System/Library/PrivateFrameworks/CalendarDaemon.framework/Versions/A/CalendarDaemon
0x00000001a8460000 	/System/Library/PrivateFrameworks/CalendarFoundation.framework/Versions/A/CalendarFoundation
0x00000001a841c000 	/System/Library/PrivateFrameworks/iCalendar.framework/Versions/A/iCalendar
0x0000000246cb6000 	/System/Library/PrivateFrameworks/DataAccessExpress.framework/Versions/A/DataAccessExpress
0x00000001af93c000 	/System/Library/PrivateFrameworks/ContactsAutocomplete.framework/Versions/A/ContactsAutocomplete
0x0000000286253000 	/usr/lib/swift/libswiftVideoToolbox.dylib
0x00000001be592000 	/System/Library/PrivateFrameworks/FTClientServices.framework/Versions/A/FTClientServices
0x0000000261e6d000 	/System/Library/PrivateFrameworks/OSEligibility.framework/Versions/A/OSEligibility
0x0000000273039000 	/System/Library/PrivateFrameworks/StorageContainersPrivate.framework/Versions/A/StorageContainersPrivate
0x00000002860c4000 	/usr/lib/swift/libswiftCoreMediaIO.dylib
0x00000001af21c000 	/System/Library/PrivateFrameworks/CoreDAV.framework/Versions/A/CoreDAV
0x00000001a8fbe000 	/System/Library/PrivateFrameworks/CalDAV.framework/Versions/A/CalDAV
0x00000001b3e48000 	/System/Library/PrivateFrameworks/TelephonyUtilities.framework/Versions/A/TelephonyUtilities
0x0000000231e5d000 	/System/Library/Frameworks/LiveCommunicationKit.framework/Versions/A/LiveCommunicationKit
0x000000024100f000 	/System/Library/PrivateFrameworks/CommunicationTrust.framework/Versions/A/CommunicationTrust
0x00000001b87b0000 	/System/Library/Frameworks/CallKit.framework/Versions/A/CallKit
0x00000001a36e3000 	/System/Library/PrivateFrameworks/CommunicationsFilter.framework/Versions/A/CommunicationsFilter
0x00000001e2858000 	/System/Library/PrivateFrameworks/IMTransferServices.framework/Versions/A/IMTransferServices
0x00000001b6c95000 	/System/Library/PrivateFrameworks/IncomingCallFilter.framework/Versions/A/IncomingCallFilter
0x00000002605be000 	/System/Library/PrivateFrameworks/NeighborhoodActivityConduit.framework/Versions/A/NeighborhoodActivityConduit
0x00000001bacf1000 	/System/Library/PrivateFrameworks/CallHistory.framework/Versions/A/CallHistory
0x0000000284b84000 	/usr/lib/libBASupport.dylib
0x000000023faac000 	/System/Library/PrivateFrameworks/CallsUtilities.framework/Versions/A/CallsUtilities
0x000000023fab7000 	/System/Library/PrivateFrameworks/CallsXPC.framework/Versions/A/CallsXPC
0x00000001edd8e000 	/usr/lib/swift/libswiftCallKit.dylib
0x000000023fa9f000 	/System/Library/PrivateFrameworks/CallsPersistence.framework/Versions/A/CallsPersistence
0x0000000235823000 	/System/Library/Frameworks/SensitiveContentAnalysis.framework/Versions/A/SensitiveContentAnalysis
0x00000001bbd27000 	/System/Library/PrivateFrameworks/PeopleSuggester.framework/Versions/A/PeopleSuggester
0x00000001c517f000 	/System/Library/PrivateFrameworks/SpotlightReceiver.framework/Versions/A/SpotlightReceiver
0x000000027f30c000 	/System/Library/PrivateFrameworks/_AppIntentsServices_AppIntents.framework/Versions/A/_AppIntentsServices_AppIntents
0x000000023aecc000 	/System/Library/PrivateFrameworks/AppIntentsServices.framework/Versions/A/AppIntentsServices
0x00000001a8404000 	/System/Library/PrivateFrameworks/CoreRecents.framework/Versions/A/CoreRecents
0x0000000231332000 	/System/Library/Frameworks/GeoToolbox.framework/Versions/A/GeoToolbox
0x0000000237cd2000 	/System/Library/Frameworks/_GeoToolbox_AppIntents.framework/Versions/A/_GeoToolbox_AppIntents
0x00000001d8302000 	/System/Library/PrivateFrameworks/DiagnosticRequest.framework/Versions/A/DiagnosticRequest
0x000000027f250000 	/System/Library/PrivateFrameworks/XPCDistributed.framework/Versions/A/XPCDistributed
0x00000002679fc000 	/System/Library/PrivateFrameworks/RegulatoryDomain.framework/Versions/A/RegulatoryDomain
0x00000001a27b1000 	/usr/lib/libCTGreenTeaLogger.dylib
0x000000025a4d3000 	/System/Library/PrivateFrameworks/LocalStatusKit.framework/Versions/A/LocalStatusKit
0x00000001b3d34000 	/System/Library/PrivateFrameworks/CoreParsec.framework/Versions/A/CoreParsec
0x00000001ce67b000 	/System/Library/PrivateFrameworks/EmailAddressing.framework/Versions/A/EmailAddressing
0x00000001ca676000 	/System/Library/PrivateFrameworks/EmailCore.framework/Versions/A/EmailCore
0x00000001cb6a4000 	/System/Library/PrivateFrameworks/EmailFoundation.framework/Versions/A/EmailFoundation
0x00000002635b2000 	/System/Library/PrivateFrameworks/PegasusAPI.framework/Versions/A/PegasusAPI
0x0000000264103000 	/System/Library/PrivateFrameworks/PegasusConfiguration.framework/Versions/A/PegasusConfiguration
0x00000002772e6000 	/System/Library/PrivateFrameworks/ToolKit.framework/Versions/A/ToolKit
0x0000000268184000 	/System/Library/PrivateFrameworks/ReplicatorEngine.framework/Versions/A/ReplicatorEngine
0x0000000268326000 	/System/Library/PrivateFrameworks/ReplicatorServices.framework/Versions/A/ReplicatorServices
0x0000000273fa3000 	/System/Library/PrivateFrameworks/SystemWake.framework/Versions/A/SystemWake
0x00000001b8984000 	/System/Library/PrivateFrameworks/ContextKit.framework/Versions/A/ContextKit
0x00000002415a8000 	/System/Library/PrivateFrameworks/ContextKitCore.framework/Versions/A/ContextKitCore
0x00000001b6f1b000 	/System/Library/Frameworks/LocalAuthentication.framework/Support/DaemonUtils.framework/Versions/A/DaemonUtils
0x000000025a468000 	/System/Library/PrivateFrameworks/LocalAuthenticationCoreUI.framework/Versions/A/LocalAuthenticationCoreUI
0x00000001ba33c000 	/System/Library/PrivateFrameworks/BridgeXPC.framework/Versions/A/BridgeXPC
0x00000001b7bec000 	/System/Library/PrivateFrameworks/CoreKDL.framework/Versions/A/CoreKDL
0x00000001b621e000 	/System/Library/PrivateFrameworks/EmbeddedOSSupportHost.framework/Versions/A/EmbeddedOSSupportHost
0x00000001aaeec000 	/System/Library/PrivateFrameworks/LoginUIKit.framework/Versions/A/LoginUIKit
0x00000001c6871000 	/System/Library/PrivateFrameworks/StorageKit.framework/Versions/A/StorageKit
0x00000001ef59f000 	/System/Library/Frameworks/DeviceCheck.framework/Versions/A/DeviceCheck
0x00000001c68ea000 	/System/Library/PrivateFrameworks/CoreWLANKit.framework/Versions/A/CoreWLANKit
0x000000027c969000 	/System/Library/PrivateFrameworks/Wallpaper.framework/Versions/A/Wallpaper
0x00000002860df000 	/usr/lib/swift/libswiftGLKit.dylib
0x00000002860ea000 	/usr/lib/swift/libswiftMetalKit.dylib
0x00000002860ee000 	/usr/lib/swift/libswiftModelIO.dylib
0x00000002861b1000 	/usr/lib/swift/libswiftSceneKit.dylib
0x000000024761c000 	/System/Library/PrivateFrameworks/DiskImages2.framework/Versions/A/DiskImages2
0x00000001cf5b6000 	/System/Library/PrivateFrameworks/DynamicDesktop.framework/Versions/A/DynamicDesktop
0x000000027caf8000 	/System/Library/PrivateFrameworks/WallpaperFoundation.framework/Versions/A/WallpaperFoundation
0x000000027cb55000 	/System/Library/PrivateFrameworks/WallpaperTypes.framework/Versions/A/WallpaperTypes
0x00000001e45b5000 	/System/Library/PrivateFrameworks/SystemDesktopAppearance.framework/Versions/A/SystemDesktopAppearance
0x00000002823eb000 	/System/Library/PrivateFrameworks/icloudMCCKit.framework/Versions/A/icloudMCCKit
0x000000023be24000 	/System/Library/PrivateFrameworks/AppleAccountUI.framework/Versions/A/AppleAccountUI
0x00000001d88d9000 	/System/Library/PrivateFrameworks/PreferencePanesSupport.framework/Versions/A/PreferencePanesSupport
0x00000001be948000 	/System/Library/PrivateFrameworks/FindMyDeviceUI.framework/Versions/A/FindMyDeviceUI
0x0000000280032000 	/System/Library/PrivateFrameworks/iCloudQuotaUI.framework/Versions/A/iCloudQuotaUI
0x00000001d8a8d000 	/System/Library/PrivateFrameworks/CoreCDPUI.framework/Versions/A/CoreCDPUI
0x00000001b86df000 	/System/Library/PrivateFrameworks/CoreFollowUpUI.framework/Versions/A/CoreFollowUpUI
0x00000001c53fe000 	/System/Library/PrivateFrameworks/IMCore.framework/Versions/A/IMCore
0x00000001ada0d000 	/System/Library/PrivateFrameworks/CoreCDP.framework/Versions/A/CoreCDP
0x00000001a9975000 	/System/Library/PrivateFrameworks/AskPermission.framework/Versions/A/AskPermission
0x00000001bc40c000 	/System/Library/Frameworks/Quartz.framework/Versions/A/Quartz
0x00000001c8e4b000 	/System/Library/PrivateFrameworks/CloudPhotoServicesConfiguration.framework/Versions/A/CloudPhotoServicesConfiguration
0x00000001bab16000 	/System/Library/PrivateFrameworks/CommerceKit.framework/Versions/A/CommerceKit
0x00000001ca746000 	/System/Library/PrivateFrameworks/FindMyMac.framework/Versions/A/FindMyMac
0x00000001ca619000 	/System/Library/Frameworks/PreferencePanes.framework/Versions/A/PreferencePanes
0x00000001bddc6000 	/System/Library/Frameworks/AddressBook.framework/Versions/A/AddressBook
0x00000001a885d000 	/System/Library/PrivateFrameworks/AOSAccounts.framework/Versions/A/AOSAccounts
0x00000001a2ab2000 	/System/Library/PrivateFrameworks/AppleSRP.framework/Versions/A/AppleSRP
0x00000001b6e31000 	/System/Library/Frameworks/SafariServices.framework/Versions/A/SafariServices
0x00000001a7336000 	/System/Library/PrivateFrameworks/NetFSServer.framework/Versions/A/NetFSServer
0x00000001b98c3000 	/System/Library/Frameworks/PDFKit.framework/Versions/A/PDFKit
0x0000000236dc5000 	/System/Library/Frameworks/TabularData.framework/Versions/A/TabularData
0x0000000286105000 	/usr/lib/swift/libswiftPassKit.dylib
0x00000001dca30000 	/System/Library/Frameworks/PassKit.framework/Versions/A/PassKit
0x00000001aaff6000 	/System/Library/PrivateFrameworks/PassKitCore.framework/Versions/A/PassKitCore
0x0000000262ed0000 	/System/Library/PrivateFrameworks/PassKitMacHelperTemp.framework/Versions/A/PassKitMacHelperTemp
0x0000000284ad4000 	/usr/lib/libAppleSSE.dylib
0x00000001b6f67000 	/System/Library/PrivateFrameworks/BiometricKit.framework/Versions/A/BiometricKit
0x000000026892a000 	/System/Library/PrivateFrameworks/SEService.framework/Versions/A/SEService
0x0000000230cf1000 	/System/Library/Frameworks/FinanceKit.framework/Versions/A/FinanceKit
0x00000001bc4bb000 	/System/Library/PrivateFrameworks/NearField.framework/Versions/A/NearField
0x0000000284ed3000 	/usr/lib/libSESShared.dylib
0x0000000268b92000 	/System/Library/PrivateFrameworks/STSXPCHelperClient.framework/Versions/A/STSXPCHelperClient
0x00000001be1d2000 	/usr/lib/libnfshared.dylib
0x0000000273d2b000 	/System/Library/PrivateFrameworks/Symptoms.framework/Versions/A/Frameworks/SymptomPresentationFeed.framework/Versions/A/SymptomPresentationFeed
0x000000023c809000 	/System/Library/PrivateFrameworks/AppleMediaServicesKitInternal.framework/Versions/A/AppleMediaServicesKitInternal
0x000000023d4ad000 	/System/Library/PrivateFrameworks/AsyncAlgorithmsInternal.framework/Versions/A/AsyncAlgorithmsInternal
0x0000000273a6d000 	/System/Library/PrivateFrameworks/SymptomShared.framework/Versions/A/SymptomShared
0x00000001df760000 	/System/Library/PrivateFrameworks/PassKitUIFoundation.framework/Versions/A/PassKitUIFoundation
0x00000001a23e5000 	/System/Library/Frameworks/MapKit.framework/Versions/A/MapKit
0x00000002522e7000 	/System/Library/PrivateFrameworks/GeoAnalytics.framework/Versions/A/GeoAnalytics
0x00000001be200000 	/System/Library/PrivateFrameworks/Navigation.framework/Versions/A/Navigation
0x00000001c7e93000 	/System/Library/PrivateFrameworks/VectorKit.framework/Versions/A/VectorKit
0x00000001af45d000 	/System/Library/PrivateFrameworks/VirtualGarage.framework/Versions/A/VirtualGarage
0x00000001be3df000 	/System/Library/Frameworks/ExternalAccessory.framework/ExternalAccessory
0x00000001be3fa000 	/System/Library/PrivateFrameworks/IAP.framework/Versions/A/IAP
0x00000001a26a1000 	/System/Library/PrivateFrameworks/IOPlatformPluginFamily.framework/Versions/A/IOPlatformPluginFamily
0x000000023daf2000 	/System/Library/PrivateFrameworks/AvatarKit.framework/Versions/A/AvatarKit
0x000000023dbb1000 	/System/Library/PrivateFrameworks/AvatarPersistence.framework/Versions/A/AvatarPersistence
0x000000023714c000 	/System/Library/Frameworks/TipKit.framework/Versions/A/TipKit
0x00000001aaafa000 	/System/Library/PrivateFrameworks/IMSharedUtilities.framework/Versions/A/IMSharedUtilities
0x00000002860a4000 	/usr/lib/swift/libswiftAppleArchive.dylib
0x0000000279793000 	/System/Library/PrivateFrameworks/VFX.framework/Versions/A/VFX
0x00000001da636000 	/System/Library/PrivateFrameworks/AppleCVA.framework/Versions/A/AppleCVA
0x000000023dbb0000 	/System/Library/PrivateFrameworks/AvatarKitContent.framework/Versions/A/AvatarKitContent
0x0000000232c06000 	/System/Library/Frameworks/MetalFX.framework/Versions/A/MetalFX
0x0000000241124000 	/System/Library/PrivateFrameworks/CompositorNonUI.framework/Versions/A/CompositorNonUI
0x000000022f077000 	/System/Library/Frameworks/ARKit.framework/Versions/A/ARKit
0x000000023983d000 	/System/Library/PrivateFrameworks/ARKitCore.framework/Versions/A/ARKitCore
0x0000000284bce000 	/usr/lib/libDisplayWarpSupport.dylib
0x0000000242872000 	/System/Library/PrivateFrameworks/CoreComposite.framework/Versions/A/CoreComposite
0x0000000285007000 	/usr/lib/libchannel.dylib
0x0000000285d01000 	/usr/lib/librealtime_safety.dylib
0x00000002398ca000 	/System/Library/PrivateFrameworks/ARKitFoundation.framework/Versions/A/ARKitFoundation
0x000000023bec2000 	/System/Library/PrivateFrameworks/AppleDepth.framework/Versions/A/AppleDepth
0x000000023c038000 	/System/Library/PrivateFrameworks/AppleDepthCore.framework/Versions/A/AppleDepthCore
0x00000001a27da000 	/System/Library/PrivateFrameworks/CoreAppleCVA.framework/Versions/A/CoreAppleCVA
0x00000001af58b000 	/System/Library/PrivateFrameworks/ContactsUICore.framework/Versions/A/ContactsUICore
0x00000001b6d9d000 	/System/Library/PrivateFrameworks/ContactsDonation.framework/Versions/A/ContactsDonation
0x00000001b6654000 	/System/Library/PrivateFrameworks/DataDetectors.framework/Versions/A/DataDetectors
0x00000001a8faa000 	/System/Library/Frameworks/MediaLibrary.framework/Versions/A/MediaLibrary
0x00000001a36d2000 	/System/Library/PrivateFrameworks/PersonaKit.framework/Versions/A/PersonaKit
0x00000001af579000 	/System/Library/PrivateFrameworks/PersonaUI.framework/Versions/A/PersonaUI
0x00000001ca03b000 	/System/Library/PrivateFrameworks/Transparency.framework/Versions/A/Transparency
0x0000000249070000 	/System/Library/PrivateFrameworks/FindMyLocate.framework/Versions/A/FindMyLocate
0x00000001b865e000 	/System/Library/PrivateFrameworks/IntlPreferences.framework/Versions/A/IntlPreferences
0x0000000248f49000 	/System/Library/PrivateFrameworks/FindMyCommon.framework/Versions/A/FindMyCommon
0x0000000248d39000 	/System/Library/PrivateFrameworks/FindMyBase.framework/Versions/A/FindMyBase
0x00000002344a3000 	/System/Library/Frameworks/NearbyInteraction.framework/Versions/A/NearbyInteraction
0x00000001a32f3000 	/System/Library/PrivateFrameworks/AddressBookCore.framework/Versions/A/AddressBookCore
0x00000001bdf5d000 	/System/Library/PrivateFrameworks/ToneKit.framework/Versions/A/ToneKit
0x00000001b86a5000 	/System/Library/PrivateFrameworks/ToneLibrary.framework/Versions/A/ToneLibrary
0x0000000241429000 	/System/Library/PrivateFrameworks/ContactsAccounts.framework/Versions/A/ContactsAccounts
0x00000001bc327000 	/System/Library/PrivateFrameworks/Lookup.framework/Versions/A/Lookup
0x0000000234d88000 	/System/Library/Frameworks/QuickLookUI.framework/Versions/A/QuickLookUI
0x000000023579d000 	/System/Library/Frameworks/ScreenCaptureKit.framework/Versions/A/ScreenCaptureKit
0x00000001b93d7000 	/System/Library/Frameworks/Quartz.framework/Versions/A/Frameworks/QuartzComposer.framework/Versions/A/QuartzComposer
0x00000001b8635000 	/System/Library/Frameworks/Quartz.framework/Versions/A/Frameworks/QuartzFilters.framework/Versions/A/QuartzFilters
0x00000001b76e1000 	/System/Library/Frameworks/Quartz.framework/Versions/A/Frameworks/ImageKit.framework/Versions/A/ImageKit
0x000000022ee84000 	/System/Library/Frameworks/OpenCL.framework/Versions/A/OpenCL
0x00000001b5bf4000 	/System/Library/PrivateFrameworks/CorePDF.framework/Versions/A/CorePDF
0x00000001a039c000 	/System/Library/Frameworks/QuickLook.framework/Versions/A/QuickLook
0x00000001aaee7000 	/System/Library/PrivateFrameworks/DisplayServices.framework/Versions/A/DisplayServices
0x00000001b85ba000 	/System/Library/Frameworks/ImageCaptureCore.framework/Versions/A/ImageCaptureCore
0x000000027b79f000 	/System/Library/PrivateFrameworks/VisionKitCore.framework/Versions/A/VisionKitCore
0x00000001b3d04000 	/System/Library/PrivateFrameworks/QuickLookSupport.framework/Versions/A/QuickLookSupport
0x000000025d136000 	/System/Library/PrivateFrameworks/MediaAnalysisServices.framework/Versions/A/MediaAnalysisServices
0x00000001bb312000 	/System/Library/PrivateFrameworks/PhotoLibraryServices.framework/Versions/A/PhotoLibraryServices
0x00000001b81d2000 	/System/Library/Frameworks/Photos.framework/Versions/A/Photos
0x00000001cc9bf000 	/System/Library/PrivateFrameworks/PhotosFormats.framework/Versions/A/PhotosFormats
0x00000001c8e76000 	/System/Library/PrivateFrameworks/CloudPhotoLibrary.framework/Versions/A/CloudPhotoLibrary
0x00000001d224e000 	/System/Library/PrivateFrameworks/CloudPhotoServices.framework/Versions/A/CloudPhotoServices
0x00000001ce7ec000 	/System/Library/PrivateFrameworks/CoreMediaStream.framework/Versions/A/CoreMediaStream
0x00000001a3d93000 	/System/Library/PrivateFrameworks/CPAnalytics.framework/Versions/A/CPAnalytics
0x00000001cad3f000 	/System/Library/PrivateFrameworks/MediaConversionService.framework/Versions/A/MediaConversionService
0x00000001aaae6000 	/System/Library/PrivateFrameworks/PhotoFoundation.framework/Versions/A/PhotoFoundation
0x00000002646eb000 	/System/Library/PrivateFrameworks/PhotoLibraryServicesCore.framework/Versions/A/PhotoLibraryServicesCore
0x00000001c4b0b000 	/System/Library/PrivateFrameworks/MMCS.framework/Versions/A/MMCS
0x00000001a8e03000 	/System/Library/PrivateFrameworks/ChunkingLibrary.framework/Versions/A/ChunkingLibrary
0x00000001a2a7f000 	/System/Library/PrivateFrameworks/AssetCacheServices.framework/Versions/A/AssetCacheServices
0x00000001a4a47000 	/System/Library/PrivateFrameworks/AVFoundationCF.framework/Versions/A/AVFoundationCF
0x00000001e2753000 	/usr/lib/swift/libswiftDemangle.dylib
0x0000000255473000 	/System/Library/PrivateFrameworks/ImageCaptureDevices.framework/Versions/A/ImageCaptureDevices
0x00000001b6911000 	/System/Library/PrivateFrameworks/MediaStream.framework/Versions/A/MediaStream
0x00000001cb1e1000 	/System/Library/PrivateFrameworks/NeutrinoCore.framework/Versions/A/NeutrinoCore
0x00000001923d0000 	/System/Library/PrivateFrameworks/NLP.framework/Versions/A/NLP
0x00000001d0fe1000 	/System/Library/PrivateFrameworks/PhotoImaging.framework/Versions/A/PhotoImaging
0x00000001d220f000 	/System/Library/PrivateFrameworks/PhotosImagingFoundation.framework/Versions/A/PhotosImagingFoundation
0x0000000265297000 	/System/Library/PrivateFrameworks/PhotosIntelligenceCore.framework/Versions/A/PhotosIntelligenceCore
0x00000001a4e82000 	/System/Library/PrivateFrameworks/EmbeddedAcousticRecognition.framework/Versions/A/EmbeddedAcousticRecognition
0x00000001c0160000 	/System/Library/PrivateFrameworks/EmojiFoundation.framework/Versions/A/EmojiFoundation
0x00000001c90ef000 	/System/Library/PrivateFrameworks/SDAPI.framework/Versions/A/SDAPI
0x00000001d225d000 	/System/Library/PrivateFrameworks/AutoLoop.framework/Versions/A/AutoLoop
0x0000000265e74000 	/System/Library/PrivateFrameworks/Portrait.framework/Versions/A/Portrait
0x0000000249700000 	/System/Library/PrivateFrameworks/FusionTracker.framework/Versions/A/FusionTracker
0x00000001b8e71000 	/System/Library/PrivateFrameworks/iTunesCloud.framework/Versions/A/iTunesCloud
0x00000001c2050000 	/System/Library/PrivateFrameworks/DAAPKit.framework/Versions/A/DAAPKit
0x00000001b4080000 	/System/Library/PrivateFrameworks/DeviceManagement.framework/Versions/A/DeviceManagement
0x00000001d8253000 	/System/Library/PrivateFrameworks/ScreenTimeUI.framework/Versions/A/ScreenTimeUI
0x00000001b664e000 	/System/Library/PrivateFrameworks/QuickLookNonBaseSystem.framework/Versions/A/QuickLookNonBaseSystem
0x00000001b6e73000 	/System/Library/PrivateFrameworks/Catalyst.framework/Versions/A/Catalyst
0x00000001b8857000 	/System/Library/PrivateFrameworks/ScreenTimeCore.framework/Versions/A/ScreenTimeCore
0x00000001cbe6f000 	/System/Library/PrivateFrameworks/ScreenTimeServiceUI.framework/Versions/A/ScreenTimeServiceUI
0x00000001c4c9b000 	/System/Library/PrivateFrameworks/ConfigurationEngineModel.framework/Versions/A/ConfigurationEngineModel
0x00000001c7e4c000 	/System/Library/PrivateFrameworks/UsageTracking.framework/Versions/A/UsageTracking
0x0000000230984000 	/System/Library/Frameworks/DeviceActivity.framework/Versions/A/DeviceActivity
0x00000001c7e1c000 	/System/Library/PrivateFrameworks/KnowledgeMonitor.framework/Versions/A/KnowledgeMonitor
0x00000001df706000 	/System/Library/PrivateFrameworks/BluetoothManager.framework/Versions/A/BluetoothManager
0x0000000231f8b000 	/System/Library/Frameworks/ManagedSettings.framework/Versions/A/ManagedSettings
0x000000025c896000 	/System/Library/PrivateFrameworks/ManagedSettingsSupport.framework/Versions/A/ManagedSettingsSupport
0x00000001dcb00000 	/System/Library/Frameworks/ReplayKit.framework/Versions/A/ReplayKit
0x00000001abea6000 	/System/Library/PrivateFrameworks/MarkupUI.framework/Versions/A/MarkupUI
0x00000001b6626000 	/System/Library/PrivateFrameworks/SidecarCore.framework/Versions/A/SidecarCore
0x00000001b928c000 	/System/Library/PrivateFrameworks/AnnotationKit.framework/Versions/A/AnnotationKit
0x00000001b7926000 	/System/Library/Frameworks/PencilKit.framework/Versions/A/PencilKit
0x00000001b7aeb000 	/System/Library/PrivateFrameworks/SidecarUI.framework/Versions/A/SidecarUI
0x00000001b7283000 	/System/Library/PrivateFrameworks/CoreHandwriting.framework/Versions/A/CoreHandwriting
0x000000018bfa7000 	/usr/lib/libmecabra.dylib
0x00000001afb4a000 	/System/Library/PrivateFrameworks/Calculate.framework/Versions/A/Calculate
0x000000019ba9d000 	/usr/lib/libChineseTokenizer.dylib
0x00000001edb52000 	/System/Library/PrivateFrameworks/ScreenReaderCore.framework/Versions/A/ScreenReaderCore
0x0000000272fcb000 	/System/Library/PrivateFrameworks/StocksKit.framework/Versions/A/StocksKit
0x00000001aeb47000 	/System/Library/PrivateFrameworks/OAuth.framework/Versions/A/OAuth
0x0000000272cbc000 	/System/Library/PrivateFrameworks/StocksCore.framework/Versions/A/StocksCore
0x000000027429b000 	/System/Library/PrivateFrameworks/TeaFoundation.framework/Versions/A/TeaFoundation
0x000000027447d000 	/System/Library/PrivateFrameworks/TeaSettings.framework/Versions/A/TeaSettings
0x00000001e3e1b000 	/System/Library/PrivateFrameworks/NewsCore.framework/Versions/A/NewsCore
0x0000000274237000 	/System/Library/PrivateFrameworks/TeaDB.framework/Versions/A/TeaDB
0x00000001e081a000 	/System/Library/PrivateFrameworks/RemoteConfiguration.framework/Versions/A/RemoteConfiguration
0x00000001e3a26000 	/System/Library/PrivateFrameworks/NewsTransport.framework/Versions/A/NewsTransport
0x00000001e3e0b000 	/System/Library/PrivateFrameworks/NewsFoundation.framework/Versions/A/NewsFoundation
0x0000000260bc4000 	/System/Library/PrivateFrameworks/NewsURLBucket.framework/Versions/A/NewsURLBucket
0x00000001baf0b000 	/System/Library/PrivateFrameworks/MobileInstallation.framework/Versions/A/MobileInstallation
0x00000002372b9000 	/System/Library/Frameworks/Translation.framework/Versions/A/Translation
0x00000001d3c5f000 	/System/Library/PrivateFrameworks/RevealCore.framework/Versions/A/RevealCore
0x00000001d3c53000 	/System/Library/PrivateFrameworks/Reveal.framework/Versions/A/Reveal
0x00000001cbb39000 	/System/Library/Frameworks/Speech.framework/Versions/A/Speech
0x000000023871d000 	/System/Library/PrivateFrameworks/AIMLExperimentationAnalytics.framework/Versions/A/AIMLExperimentationAnalytics
0x000000023aa7b000 	/System/Library/PrivateFrameworks/AlgorithmsInternal.framework/Versions/A/AlgorithmsInternal
0x0000000277acf000 	/System/Library/PrivateFrameworks/TranslationUIServices.framework/Versions/A/TranslationUIServices
0x00000002769bb000 	/System/Library/PrivateFrameworks/TipKitCore.framework/Versions/A/TipKitCore
0x00000001c01e4000 	/System/Library/PrivateFrameworks/CoreCDPInternal.framework/Versions/A/CoreCDPInternal
0x0000000255c4f000 	/System/Library/PrivateFrameworks/InputAnalytics.framework/Versions/A/InputAnalytics
0x00000001c5c7d000 	/System/Library/Frameworks/InstantMessage.framework/Versions/A/InstantMessage
0x00000001bdcd4000 	/System/Library/PrivateFrameworks/IDSKVStore.framework/Versions/A/IDSKVStore
0x00000001bd9b3000 	/System/Library/PrivateFrameworks/IMDPersistence.framework/Versions/A/IMDPersistence
0x0000000279689000 	/System/Library/PrivateFrameworks/UserSafety.framework/Versions/A/UserSafety
0x00000001de914000 	/System/Library/PrivateFrameworks/BlastDoor.framework/Versions/A/BlastDoor
0x000000025a0ee000 	/System/Library/PrivateFrameworks/LinkPresentationStyleSheetParsing.framework/Versions/A/LinkPresentationStyleSheetParsing
0x0000000266025000 	/System/Library/PrivateFrameworks/PosterFoundation.framework/Versions/A/PosterFoundation
0x00000002660b3000 	/System/Library/PrivateFrameworks/PosterModel.framework/Versions/A/PosterModel
0x000000026608e000 	/System/Library/PrivateFrameworks/PosterFuturesKit.framework/Versions/A/PosterFuturesKit
0x0000000248b30000 	/System/Library/PrivateFrameworks/FeedbackService.framework/Versions/A/FeedbackService
0x00000001b6cf4000 	/System/Library/PrivateFrameworks/CoreSDB.framework/Versions/A/CoreSDB
0x000000023d296000 	/System/Library/PrivateFrameworks/AskToCore.framework/Versions/A/AskToCore
0x00000001d8a8a000 	/System/Library/PrivateFrameworks/MachineSettings.framework/Versions/A/MachineSettings
0x00000001ca59b000 	/System/Library/PrivateFrameworks/BezelServices.framework/Versions/A/BezelServices
0x00000001c20dc000 	/System/Library/PrivateFrameworks/SPOwner.framework/Versions/A/SPOwner
0x00000001bab7b000 	/System/Library/PrivateFrameworks/FMCore.framework/Versions/A/FMCore
0x00000001ba375000 	/System/Library/PrivateFrameworks/AppleMediaServicesUI.framework/Versions/A/AppleMediaServicesUI
0x000000027ff8a000 	/System/Library/PrivateFrameworks/iCloudQuota.framework/Versions/A/iCloudQuota
0x00000001af4f6000 	/System/Library/PrivateFrameworks/CoreRecognition.framework/Versions/A/CoreRecognition
0x00000001ca651000 	/System/Library/PrivateFrameworks/InAppMessages.framework/Versions/A/InAppMessages
0x00000001ec743000 	/System/Library/PrivateFrameworks/JetUI.framework/Versions/A/JetUI
0x00000002593cf000 	/System/Library/PrivateFrameworks/JetPack.framework/Versions/A/JetPack
0x00000001ca648000 	/System/Library/PrivateFrameworks/InAppMessagesCore.framework/Versions/A/InAppMessagesCore
0x000000027f355000 	/System/Library/PrivateFrameworks/_JetEngine_SwiftUI.framework/Versions/A/_JetEngine_SwiftUI
0x0000000273d54000 	/System/Library/PrivateFrameworks/Synapse.framework/Versions/A/Synapse
0x000000023f438000 	/System/Library/PrivateFrameworks/CSExattrCrypto.framework/Versions/A/CSExattrCrypto
0x00000001bc010000 	/System/Library/PrivateFrameworks/StoreFoundation.framework/Versions/A/StoreFoundation
0x00000001bab75000 	/System/Library/PrivateFrameworks/ServerInformation.framework/Versions/A/ServerInformation
0x00000001ba5ab000 	/System/Library/PrivateFrameworks/Install.framework/Frameworks/DistributionKit.framework/Versions/A/DistributionKit
0x00000001b3ad8000 	/System/Library/PrivateFrameworks/PackageKit.framework/Versions/A/PackageKit
0x00000001ba5ce000 	/System/Library/PrivateFrameworks/OSPersonalization.framework/Versions/A/OSPersonalization
0x00000001bc59a000 	/System/Library/PrivateFrameworks/BridgeOSSoftwareUpdate.framework/Versions/A/BridgeOSSoftwareUpdate
0x00000001b718b000 	/System/Library/PrivateFrameworks/StorageManagement.framework/Versions/A/StorageManagement
0x00000001cb9bf000 	/usr/lib/libauthinstall.dylib
0x00000001bc5a3000 	/System/Library/PrivateFrameworks/InstallerDiagnostics.framework/Versions/A/InstallerDiagnostics
0x00000001cc03b000 	/usr/lib/libcrypto.42.dylib
0x000000028660b000 	/usr/lib/updaters/libAppleTconUARPUpdater.dylib
0x000000028672e000 	/usr/lib/updaters/libT200Updater.dylib
0x00000001bc588000 	/System/Library/PrivateFrameworks/GPUInfo.framework/Versions/A/GPUInfo
0x00000001ca74c000 	/System/Library/PrivateFrameworks/MobileActivationMacOS.framework/Versions/A/MobileActivationMacOS
0x00000001aea89000 	/System/Library/PrivateFrameworks/AccountsDaemon.framework/Versions/A/AccountsDaemon
0x0000000252219000 	/System/Library/PrivateFrameworks/GenerativePartnerService.framework/Versions/A/GenerativePartnerService
0x000000019eaf2000 	/System/Library/PrivateFrameworks/CacheDelete.framework/Versions/A/CacheDelete
0x00000001a745a000 	/System/Library/Frameworks/QuickLookThumbnailing.framework/Versions/A/QuickLookThumbnailing
0x00000001bc5e7000 	/System/Library/PrivateFrameworks/AOSKit.framework/Versions/A/AOSKit
0x000000019bbce000 	/System/Library/PrivateFrameworks/AppSSOCore.framework/Versions/A/AppSSOCore
0x00000001b5ffe000 	/System/Library/Frameworks/AVFoundation.framework/Versions/A/AVFoundation
0x000000023dc4a000 	/System/Library/PrivateFrameworks/BackgroundSystemTasks.framework/Versions/A/BackgroundSystemTasks
0x00000001a7370000 	/System/Library/PrivateFrameworks/DuetActivityScheduler.framework/Versions/A/DuetActivityScheduler
0x00000001c8da5000 	/System/Library/PrivateFrameworks/NetworkServiceProxy.framework/Versions/A/NetworkServiceProxy
0x00000001a2713000 	/usr/lib/libnetworkextension.dylib
0x00000001a4d91000 	/System/Library/PrivateFrameworks/Rapport.framework/Versions/A/Rapport
0x0000000273a7d000 	/System/Library/PrivateFrameworks/Symptoms.framework/Versions/A/Frameworks/SymptomAnalytics.framework/Versions/A/SymptomAnalytics
0x000000019f526000 	/System/Library/Frameworks/NetworkExtension.framework/Versions/A/NetworkExtension
0x00000001a5b37000 	/System/Library/PrivateFrameworks/CoreDuetContext.framework/Versions/A/CoreDuetContext
0x0000000190a2b000 	/System/Library/PrivateFrameworks/CoreDuet.framework/Versions/A/CoreDuet
0x00000001aa840000 	/System/Library/PrivateFrameworks/AssistantServices.framework/Versions/A/AssistantServices
0x00000001a4b8b000 	/System/Library/PrivateFrameworks/SAObjects.framework/Versions/A/SAObjects
0x00000001aa43b000 	/System/Library/PrivateFrameworks/MediaRemote.framework/Versions/A/MediaRemote
0x00000001bcadb000 	/System/Library/PrivateFrameworks/SiriInstrumentation.framework/Versions/A/SiriInstrumentation
0x000000026aa3c000 	/System/Library/PrivateFrameworks/SiriAnalytics.framework/Versions/A/SiriAnalytics
0x00000002708de000 	/System/Library/PrivateFrameworks/SiriTTSService.framework/Versions/A/SiriTTSService
0x000000026b378000 	/System/Library/PrivateFrameworks/SiriCrossDeviceArbitration.framework/Versions/A/SiriCrossDeviceArbitration
0x00000001ba347000 	/System/Library/PrivateFrameworks/FeedbackLogger.framework/Versions/A/FeedbackLogger
0x00000002486dd000 	/System/Library/PrivateFrameworks/FaceTimeNameUtility.framework/Versions/A/FaceTimeNameUtility
0x000000026b3cc000 	/System/Library/PrivateFrameworks/SiriCrossDeviceArbitrationFeedback.framework/Versions/A/SiriCrossDeviceArbitrationFeedback
0x00000002520d5000 	/System/Library/PrivateFrameworks/GenerativeModels.framework/Versions/A/GenerativeModels
0x000000022f1bd000 	/System/Library/Frameworks/AVRouting.framework/Versions/A/AVRouting
0x00000001af309000 	/System/Library/PrivateFrameworks/MediaServices.framework/Versions/A/MediaServices
0x000000019d14c000 	/System/Library/Frameworks/MediaToolbox.framework/Versions/A/MediaToolbox
0x00000001a3b35000 	/System/Library/PrivateFrameworks/CoreAVCHD.framework/Versions/A/CoreAVCHD
0x00000001a3b31000 	/System/Library/PrivateFrameworks/Mangrove.framework/Versions/A/Mangrove
0x000000023f254000 	/System/Library/PrivateFrameworks/CMPhoto.framework/Versions/A/CMPhoto
0x00000001a4316000 	/System/Library/Frameworks/CoreTelephony.framework/Versions/A/CoreTelephony
0x00000001a3b24000 	/System/Library/PrivateFrameworks/CoreAUC.framework/Versions/A/CoreAUC
0x000000023c58d000 	/System/Library/PrivateFrameworks/AppleJPEGXL.framework/Versions/A/AppleJPEGXL
0x000000019eb93000 	/usr/lib/libTelephonyUtilDynamic.dylib
0x00000001a49c9000 	/System/Library/Frameworks/LocalAuthentication.framework/Versions/A/LocalAuthentication
0x000000025a324000 	/System/Library/PrivateFrameworks/LocalAuthenticationCore.framework/Versions/A/LocalAuthenticationCore
0x000000025a4a9000 	/System/Library/PrivateFrameworks/LocalAuthenticationCredentialServices.framework/Versions/A/LocalAuthenticationCredentialServices
0x00000001a4a35000 	/System/Library/Frameworks/LocalAuthentication.framework/Support/SharedUtils.framework/Versions/A/SharedUtils
0x000000019c017000 	/System/Library/PrivateFrameworks/PersistentConnection.framework/Versions/A/PersistentConnection
0x00000002720f1000 	/System/Library/PrivateFrameworks/SonicFoundation.framework/Versions/A/SonicFoundation
0x0000000246f41000 	/System/Library/PrivateFrameworks/Dendrite.framework/Versions/A/Dendrite
0x00000001be99b000 	/usr/lib/libtailspin.dylib
0x00000001d236d000 	/System/Library/PrivateFrameworks/Osprey.framework/Versions/A/Osprey
0x000000026ff39000 	/System/Library/PrivateFrameworks/SiriTTS.framework/Versions/A/SiriTTS
0x00000001b6dba000 	/System/Library/Frameworks/NaturalLanguage.framework/Versions/A/NaturalLanguage
0x000000026ed1f000 	/System/Library/PrivateFrameworks/SiriPowerInstrumentation.framework/Versions/A/SiriPowerInstrumentation
0x00000001b7c7b000 	/System/Library/PrivateFrameworks/Trial.framework/Versions/A/Trial
0x00000001b7bfd000 	/System/Library/PrivateFrameworks/TrialProto.framework/Versions/A/TrialProto
0x0000000278d76000 	/System/Library/PrivateFrameworks/UnifiedAssetFramework.framework/Versions/A/UnifiedAssetFramework
0x00000001d4393000 	/usr/lib/swift/libswiftAVFoundation.dylib
0x00000001e47b9000 	/usr/lib/swift/libswiftNaturalLanguage.dylib
0x0000000274235000 	/System/Library/PrivateFrameworks/TailspinSymbolication.framework/Versions/A/TailspinSymbolication
0x0000000246b80000 	/System/Library/PrivateFrameworks/Darwinup.framework/Versions/A/Darwinup
0x00000001cad7a000 	/System/Library/PrivateFrameworks/SignpostSupport.framework/Versions/A/SignpostSupport
0x00000001b6c81000 	/System/Library/PrivateFrameworks/FeatureFlagsSupport.framework/Versions/A/FeatureFlagsSupport
0x00000001ca4ad000 	/System/Library/PrivateFrameworks/ktrace.framework/Versions/A/ktrace
0x00000001cafa9000 	/System/Library/PrivateFrameworks/SampleAnalysis.framework/Versions/A/SampleAnalysis
0x00000001d3c2d000 	/System/Library/PrivateFrameworks/kperfdata.framework/Versions/A/kperfdata
0x00000001a04dd000 	/usr/lib/libdscsym.dylib
0x00000001d40e9000 	/System/Library/PrivateFrameworks/BulkSymbolication.framework/Versions/A/BulkSymbolication
0x00000001a74a6000 	/System/Library/PrivateFrameworks/Espresso.framework/Versions/A/Espresso
0x00000001955fd000 	/System/Library/Frameworks/CoreML.framework/Versions/A/CoreML
0x00000001edef9000 	/System/Library/PrivateFrameworks/ANECompiler.framework/Versions/A/ANECompiler
0x00000001a9593000 	/System/Library/PrivateFrameworks/AppleNeuralEngine.framework/Versions/A/AppleNeuralEngine
0x0000000232cad000 	/System/Library/Frameworks/MetalPerformanceShadersGraph.framework/Versions/A/MetalPerformanceShadersGraph
0x000000025adb0000 	/System/Library/PrivateFrameworks/MLCompilerServices.framework/Versions/A/MLCompilerServices
0x00000001a8342000 	/System/Library/PrivateFrameworks/ANEServices.framework/Versions/A/ANEServices
0x0000000261c1f000 	/System/Library/PrivateFrameworks/ODIE.framework/Versions/A/ODIE
0x000000025ad54000 	/System/Library/PrivateFrameworks/MLCompilerRuntime.framework/Versions/A/MLCompilerRuntime
0x00000001999df000 	/System/Library/Frameworks/MLCompute.framework/Versions/A/MLCompute
0x000000025acd6000 	/System/Library/PrivateFrameworks/MLAssetIO.framework/Versions/A/MLAssetIO
0x00000002860e3000 	/usr/lib/swift/libswiftMLCompute.dylib
0x00000001a451c000 	/System/Library/PrivateFrameworks/AVFCore.framework/Versions/A/AVFCore
0x00000001ada99000 	/System/Library/PrivateFrameworks/AVFCapture.framework/Versions/A/AVFCapture
0x000000023f03d000 	/System/Library/PrivateFrameworks/CMImaging.framework/Versions/A/CMImaging
0x00000001adce2000 	/System/Library/PrivateFrameworks/Quagga.framework/Versions/A/Quagga
0x00000001ade16000 	/System/Library/PrivateFrameworks/CMCapture.framework/Versions/A/CMCapture
0x000000019e719000 	/System/Library/Frameworks/CoreMediaIO.framework/Versions/A/CoreMediaIO
0x000000023ef79000 	/System/Library/PrivateFrameworks/CMCaptureDevice.framework/Versions/A/CMCaptureDevice
0x000000019c18d000 	/System/Library/PrivateFrameworks/CoreBrightness.framework/Versions/A/CoreBrightness
0x000000024004e000 	/System/Library/PrivateFrameworks/CinematicFraming.framework/Versions/A/CinematicFraming
0x00000001d142b000 	/System/Library/PrivateFrameworks/CPMS.framework/Versions/A/CPMS
0x0000000273f2b000 	/System/Library/PrivateFrameworks/SystemStatus.framework/Versions/A/SystemStatus
0x00000001b5bf6000 	/System/Library/Frameworks/CoreMotion.framework/Versions/A/CoreMotion
0x00000001c5d3b000 	/System/Library/PrivateFrameworks/TimeSync.framework/Versions/A/TimeSync
0x000000024785e000 	/System/Library/PrivateFrameworks/DistributedSensing.framework/Versions/A/DistributedSensing
0x00000001c131b000 	/System/Library/PrivateFrameworks/MobileBluetooth.framework/Versions/A/MobileBluetooth
0x00000001c7a34000 	/System/Library/PrivateFrameworks/IOKitten.framework/Versions/A/IOKitten
0x000000018d223000 	/System/Library/PrivateFrameworks/LanguageModeling.framework/Versions/A/LanguageModeling
0x00000001921d7000 	/System/Library/PrivateFrameworks/Montreal.framework/Versions/A/Montreal
0x000000019a44a000 	/usr/lib/libcmph.dylib
0x00000002521ae000 	/System/Library/PrivateFrameworks/GenerativeModelsFoundation.framework/Versions/A/GenerativeModelsFoundation
0x0000000276d23000 	/System/Library/PrivateFrameworks/TokenGeneration.framework/Versions/A/TokenGeneration
0x0000000251f91000 	/System/Library/PrivateFrameworks/GenerativeFunctions.framework/Versions/A/GenerativeFunctions
0x0000000251fdd000 	/System/Library/PrivateFrameworks/GenerativeFunctionsFoundation.framework/Versions/A/GenerativeFunctionsFoundation
0x000000025e4fc000 	/System/Library/PrivateFrameworks/ModelCatalog.framework/Versions/A/ModelCatalog
0x0000000269ee9000 	/System/Library/PrivateFrameworks/SensitiveContentAnalysisML.framework/Versions/A/SensitiveContentAnalysisML
0x0000000252072000 	/System/Library/PrivateFrameworks/GenerativeFunctionsInstrumentation.framework/Versions/A/GenerativeFunctionsInstrumentation
0x0000000267137000 	/System/Library/PrivateFrameworks/PromptKit.framework/Versions/A/PromptKit
0x0000000266c14000 	/System/Library/PrivateFrameworks/ProactiveDaemonSupport.framework/Versions/A/ProactiveDaemonSupport
0x000000025e8de000 	/System/Library/PrivateFrameworks/ModelManagerServices.framework/Versions/A/ModelManagerServices
0x0000000276f71000 	/System/Library/PrivateFrameworks/TokenGenerationCore.framework/Versions/A/TokenGenerationCore
0x000000023c4ba000 	/System/Library/PrivateFrameworks/AppleIntelligenceReporting.framework/Versions/A/AppleIntelligenceReporting
0x000000023c122000 	/System/Library/PrivateFrameworks/AppleFlatBuffers.framework/Versions/A/AppleFlatBuffers
0x000000026a122000 	/System/Library/PrivateFrameworks/SentencePieceInternal.framework/Versions/A/SentencePieceInternal
0x00000001a2af7000 	/System/Library/Frameworks/Vision.framework/Versions/A/Vision
0x0000000246558000 	/System/Library/PrivateFrameworks/CoreSceneUnderstanding.framework/Versions/A/CoreSceneUnderstanding
0x000000027b753000 	/System/Library/PrivateFrameworks/VisionCore.framework/Versions/A/VisionCore
0x00000001c02bc000 	/System/Library/Frameworks/Vision.framework/libfaceCore.dylib
0x00000001c0ddf000 	/System/Library/PrivateFrameworks/Futhark.framework/Versions/A/Futhark
0x00000001c4bb7000 	/System/Library/PrivateFrameworks/InertiaCam.framework/Versions/A/InertiaCam
0x00000001c0b67000 	/System/Library/PrivateFrameworks/TextRecognition.framework/Versions/A/TextRecognition
0x000000019bbef000 	/System/Library/PrivateFrameworks/CVNLP.framework/Versions/A/CVNLP
0x000000019509c000 	/System/Library/PrivateFrameworks/ApplePushService.framework/Versions/A/ApplePushService
0x0000000195107000 	/System/Library/Frameworks/CloudKit.framework/Versions/A/CloudKit
0x00000001a8500000 	/System/Library/PrivateFrameworks/CoreDuetDaemonProtocol.framework/Versions/A/CoreDuetDaemonProtocol
0x00000001cd57e000 	/System/Library/PrivateFrameworks/DeviceIdentity.framework/Versions/A/DeviceIdentity
0x00000002359b4000 	/System/Library/Frameworks/SharedWithYouCore.framework/Versions/A/SharedWithYouCore
0x00000002408f6000 	/System/Library/PrivateFrameworks/CloudTelemetry.framework/Versions/A/CloudTelemetry
0x00000001a6e3e000 	/System/Library/PrivateFrameworks/AppleAccount.framework/Versions/A/AppleAccount
0x00000001a73ff000 	/System/Library/PrivateFrameworks/C2.framework/Versions/A/C2
0x0000000240568000 	/System/Library/PrivateFrameworks/CloudCoreInternal.framework/Versions/A/CloudCoreInternal
0x000000024030d000 	/System/Library/PrivateFrameworks/CloudAsset.framework/Versions/A/CloudAsset
0x00000001a73f6000 	/System/Library/Frameworks/PushKit.framework/Versions/A/PushKit
0x0000000240916000 	/System/Library/PrivateFrameworks/CloudTelemetryTools.framework/Versions/A/CloudTelemetryTools
0x00000001a92f0000 	/System/Library/PrivateFrameworks/RTCReporting.framework/Versions/A/RTCReporting
0x0000000238603000 	/System/Library/PrivateFrameworks/AAAFoundationSwift.framework/Versions/A/AAAFoundationSwift
0x00000001a70c9000 	/System/Library/PrivateFrameworks/AppleIDSSOAuthentication.framework/Versions/A/AppleIDSSOAuthentication
0x00000001bbebb000 	/System/Library/PrivateFrameworks/CaptiveNetwork.framework/Versions/A/CaptiveNetwork
0x00000001a68cf000 	/System/Library/PrivateFrameworks/EAP8021X.framework/Versions/A/EAP8021X
0x0000000246966000 	/System/Library/PrivateFrameworks/CryptoKitPrivate.framework/Versions/A/CryptoKitPrivate
0x00000001b624e000 	/System/Library/PrivateFrameworks/FindMyDevice.framework/Versions/A/FindMyDevice
0x00000001aafd6000 	/System/Library/PrivateFrameworks/FMCoreLite.framework/Versions/A/FMCoreLite
0x000000019967f000 	/System/Library/Frameworks/ServiceManagement.framework/Versions/A/ServiceManagement
0x00000001bd935000 	/System/Library/Frameworks/Accelerate.framework/Versions/A/Frameworks/vImage.framework/Versions/A/Libraries/libCGInterfaces.dylib
0x00000001caf72000 	/System/Library/PrivateFrameworks/UIKitServices.framework/Versions/A/UIKitServices
0x000000013b700000 	/System/Library/Extensions/AGXMetalG16G_B0.bundle/Contents/MacOS/AGXMetalG16G_B0
0x00000001af1aa000 	/System/Library/PrivateFrameworks/IOGPU.framework/Versions/A/IOGPU
0x000000022ecfe000 	/System/Library/Frameworks/OpenGL.framework/Versions/A/Resources/GLEngine.bundle/GLEngine
0x000000022eba0000 	/System/Library/Frameworks/OpenGL.framework/Versions/A/Libraries/libGLProgrammability.dylib
0x0000000129230000 	/System/Library/Extensions/AppleMetalOpenGLRenderer.bundle/Contents/MacOS/AppleMetalOpenGLRenderer
0x000000022ee5f000 	/System/Library/Frameworks/OpenGL.framework/Versions/A/Resources/GLRendererFloat.bundle/GLRendererFloat
0x0000000274a46000 	/System/Library/PrivateFrameworks/TextInputUI.framework/Versions/A/TextInputUI
0x0000000274a7a000 	/System/Library/PrivateFrameworks/TextInputUIMacHelper.framework/Versions/A/TextInputUIMacHelper
0x000000013b524000 	/Users/stefano.deblasi/Library/Application Support/ModrinthApp/meta/natives/1.20.1-0.18.4/liblwjgl_opengl.dylib
0x000000013fd00000 	/Users/stefano.deblasi/Library/Application Support/ModrinthApp/meta/java_versions/zulu17.64.17-ca-jre17.0.18-macosx_aarch64/zulu-17.jre/Contents/Home/lib/libawt.dylib
0x000000013ee58000 	/Users/stefano.deblasi/Library/Application Support/ModrinthApp/meta/java_versions/zulu17.64.17-ca-jre17.0.18-macosx_aarch64/zulu-17.jre/Contents/Home/lib/libmlib_image.dylib
0x0000000231e11000 	/System/Library/Frameworks/JavaRuntimeSupport.framework/Versions/A/JavaRuntimeSupport
0x0000000148c04000 	/Users/stefano.deblasi/Library/Application Support/ModrinthApp/meta/java_versions/zulu17.64.17-ca-jre17.0.18-macosx_aarch64/zulu-17.jre/Contents/Home/lib/libawt_lwawt.dylib
0x000000013e5b8000 	/Users/stefano.deblasi/Library/Application Support/ModrinthApp/meta/java_versions/zulu17.64.17-ca-jre17.0.18-macosx_aarch64/zulu-17.jre/Contents/Home/lib/libosxapp.dylib
0x00000001b4148000 	/System/Library/Frameworks/ExceptionHandling.framework/Versions/A/ExceptionHandling
0x000000013e5a0000 	/private/var/folders/pd/smzmx_zx7rdfpvpjh7md1gdc0000gp/T/native-6838747476982640293.dylib
0x000000013e594000 	/private/var/folders/pd/smzmx_zx7rdfpvpjh7md1gdc0000gp/T/native-420006813877205870.dylib
0x0000000148d30000 	/private/var/folders/pd/smzmx_zx7rdfpvpjh7md1gdc0000gp/T/libzstd-jni_dh-1.5.7-61720360667583450807.dylib
0x0000000148ee4000 	/private/var/folders/pd/smzmx_zx7rdfpvpjh7md1gdc0000gp/T/sqlite-3.47.2.0-70c54ceb-b905-4bb1-8f71-531e6e977499-libsqlitejdbc.dylib
0x000000013ff00000 	/private/var/folders/pd/smzmx_zx7rdfpvpjh7md1gdc0000gp/T/libopus4j-1eb5d9e3e7c729c7d3e18224b0a53fb6/libopus4j.dylib
0x000000013e9b4000 	/private/var/folders/pd/smzmx_zx7rdfpvpjh7md1gdc0000gp/T/librnnoise4j-dd0bc92191c29275673e4f820630aa49/librnnoise4j.dylib
0x000000013e998000 	/private/var/folders/pd/smzmx_zx7rdfpvpjh7md1gdc0000gp/T/libspeex4j-f75720920af514f7fd1a458b9748f906/libspeex4j.dylib
0x000000013ff68000 	/private/var/folders/pd/smzmx_zx7rdfpvpjh7md1gdc0000gp/T/liblame4j-616f7ca627be4f4f2d2039debf359014/liblame4j.dylib
0x000000013b570000 	/private/var/folders/pd/smzmx_zx7rdfpvpjh7md1gdc0000gp/T/libjcocoa15730110445147491129.dylib
0x00000001c0ede000 	/System/Library/CoreServices/RawCamera.bundle/Contents/MacOS/RawCamera
0x000000014ad04000 	/Users/stefano.deblasi/Library/Application Support/ModrinthApp/meta/natives/1.20.1-0.18.4/libopenal.dylib
0x00000001c6389000 	/System/Library/PrivateFrameworks/TextToSpeech.framework/Versions/A/TextToSpeech
0x00000001cb4ee000 	/System/Library/PrivateFrameworks/AXAssetLoader.framework/Versions/A/AXAssetLoader
0x000000027366e000 	/System/Library/PrivateFrameworks/SwiftSQLite.framework/Versions/A/SwiftSQLite
0x0000000239eb7000 	/System/Library/PrivateFrameworks/AccessibilityUtilities.framework/Versions/A/AccessibilityUtilities
0x00000001b64f5000 	/System/Library/PrivateFrameworks/AccessibilitySharedSupport.framework/Versions/A/AccessibilitySharedSupport
0x00000001d82a3000 	/System/Library/PrivateFrameworks/AXRuntime.framework/Versions/A/AXRuntime
0x00000001bbec9000 	/System/Library/PrivateFrameworks/UniversalAccess.framework/Versions/A/UniversalAccess
0x0000000268f7b000 	/System/Library/PrivateFrameworks/Sage.framework/Versions/A/Sage
0x00000001ca49d000 	/System/Library/PrivateFrameworks/AccessibilitySupport.framework/Versions/A/AccessibilitySupport
0x00000001cbff6000 	/System/Library/PrivateFrameworks/UniversalAccess.framework/Versions/A/Frameworks/UniversalAccessCore.framework/Versions/A/UniversalAccessCore
0x00000001d40c1000 	/System/Library/PrivateFrameworks/AccessibilitySupport.framework/Versions/A/Frameworks/AccessibilityEvents.framework/Versions/A/AccessibilityEvents
0x00000001cb109000 	/System/Library/PrivateFrameworks/AccessibilitySupport.framework/Versions/A/Frameworks/AccessibilityFoundation.framework/Versions/A/AccessibilityFoundation
0x00000001d3ff1000 	/System/Library/PrivateFrameworks/AccessibilitySupport.framework/Versions/A/Frameworks/AccessibilityKit.framework/Versions/A/AccessibilityKit
0x00000001d405b000 	/System/Library/PrivateFrameworks/AccessibilitySupport.framework/Versions/A/Frameworks/AccessibilityVisuals.framework/Versions/A/AccessibilityVisuals
0x00000001a4b56000 	/System/Library/PrivateFrameworks/BatteryUIKit.framework/Versions/A/BatteryUIKit
0x000000027916f000 	/System/Library/PrivateFrameworks/UniversalControl.framework/Versions/A/UniversalControl
0x00000001a7328000 	/usr/lib/libScreenReader.dylib
0x000000014956c000 	/Users/stefano.deblasi/Library/Application Support/ModrinthApp/meta/natives/1.20.1-0.18.4/liblwjgl_stb.dylib
0x0000000345564000 	/Users/stefano.deblasi/Library/Application Support/ModrinthApp/profiles/GDCModpack 1.0.0/mods/mcef-libraries/macos_arm64/jcef_app.app/Contents/Java/libjcef.dylib
0x0000000350ac0000 	/Users/stefano.deblasi/Library/Application Support/ModrinthApp/profiles/GDCModpack 1.0.0/mods/mcef-libraries/macos_arm64/jcef_app.app/Contents/Frameworks/Chromium Embedded Framework.framework/Chromium Embedded Framework
0x00000001a6be6000 	/System/Library/Frameworks/GameController.framework/Versions/A/GameController
0x000000024fe77000 	/System/Library/PrivateFrameworks/GameControllerFoundation.framework/Versions/A/GameControllerFoundation
0x000000024ff1b000 	/System/Library/PrivateFrameworks/GameControllerSettings.framework/Versions/A/GameControllerSettings
0x00000001a4ad2000 	/System/Library/Frameworks/CoreHaptics.framework/Versions/A/CoreHaptics
0x00000001df3e3000 	/System/Library/Frameworks/ForceFeedback.framework/Versions/A/ForceFeedback
0x00000001b8b7b000 	/System/Library/Frameworks/MediaPlayer.framework/Versions/A/MediaPlayer
0x00000001e47ae000 	/System/Library/Frameworks/ScreenTime.framework/Versions/A/ScreenTime
0x00000001c4dea000 	/usr/lib/libpmenergy.dylib
0x00000001d8953000 	/usr/lib/libpmsample.dylib
0x00000001ca0b4000 	/System/Library/PrivateFrameworks/NetworkStatistics.framework/Versions/A/NetworkStatistics
0x00000001ba03d000 	/System/Library/PrivateFrameworks/MusicLibrary.framework/Versions/A/MusicLibrary
0x00000003457ac000 	/Users/stefano.deblasi/Library/Application Support/ModrinthApp/meta/java_versions/zulu17.64.17-ca-jre17.0.18-macosx_aarch64/zulu-17.jre/Contents/Home/lib/libfontmanager.dylib
0x000000034420c000 	/Users/stefano.deblasi/Library/Application Support/ModrinthApp/meta/java_versions/zulu17.64.17-ca-jre17.0.18-macosx_aarch64/zulu-17.jre/Contents/Home/lib/libfreetype.dylib
0x00000001c0ece000 	/System/Library/PrivateFrameworks/SafariPlatformSupport.framework/Versions/A/SafariPlatformSupport
0x00000002726eb000 	/System/Library/PrivateFrameworks/SpotlightKnowledge.framework/Versions/A/SpotlightKnowledge
0x0000000247d0c000 	/System/Library/PrivateFrameworks/DocumentUnderstandingClient.framework/Versions/A/DocumentUnderstandingClient
0x00000002726d2000 	/System/Library/PrivateFrameworks/SpotlightEmbedding.framework/Versions/A/SpotlightEmbedding
0x00000001909ce000 	/System/Library/PrivateFrameworks/SpotlightLinguistics.framework/Versions/A/SpotlightLinguistics
0x000000027289f000 	/System/Library/PrivateFrameworks/SpotlightResources.framework/Versions/A/SpotlightResources
0x00000001a88b7000 	/System/Library/PrivateFrameworks/SpotlightIndex.framework/Versions/A/SpotlightIndex
0x00000001bbe7f000 	/System/Library/PrivateFrameworks/DataDeliveryServices.framework/Versions/A/DataDeliveryServices
0x0000000240087000 	/System/Library/PrivateFrameworks/CipherML.framework/Versions/A/CipherML
0x000000026415e000 	/System/Library/PrivateFrameworks/PegasusKit.framework/Versions/A/PegasusKit
0x00000003ceecc000 	/System/Library/Components/CoreAudio.component/Contents/MacOS/CoreAudio
0x0000000379c1c000 	/Users/stefano.deblasi/Library/Application Support/ModrinthApp/meta/java_versions/zulu17.64.17-ca-jre17.0.18-macosx_aarch64/zulu-17.jre/Contents/Home/lib/libjsound.dylib


VM Arguments:
jvm_args: -Djava.library.path=/Users/stefano.deblasi/Library/Application Support/ModrinthApp/meta/natives/1.20.1-0.18.4 -Djna.tmpdir=/Users/stefano.deblasi/Library/Application Support/ModrinthApp/meta/natives/1.20.1-0.18.4 -Dorg.lwjgl.system.SharedLibraryExtractPath=/Users/stefano.deblasi/Library/Application Support/ModrinthApp/meta/natives/1.20.1-0.18.4 -Dio.netty.native.workdir=/Users/stefano.deblasi/Library/Application Support/ModrinthApp/meta/natives/1.20.1-0.18.4 -Dminecraft.launcher.brand=theseus -Dminecraft.launcher.version=0.14.5 -DFabricMcEmu=net.minecraft.client.main.Main -Xmx4096M -Dlog4j.configurationFile=/Users/stefano.deblasi/Library/Application Support/ModrinthApp/meta/log_configs/client-1.12.xml -javaagent:/private/var/folders/pd/smzmx_zx7rdfpvpjh7md1gdc0000gp/T/.tmpGJFnf4/theseus.jar -Dmodrinth.internal.ipc.host=127.0.0.1 -Dmodrinth.internal.ipc.port=57286 -Dmodrinth.internal.quickPlay.serverVersion=BUILTIN --add-opens=java.base/java.lang.reflect=ALL-UNNAMED 
java_command: com.modrinth.theseus.MinecraftLaunch net.fabricmc.loader.impl.launch.knot.KnotClient --username sd3rl0 --version 1.20.1 --gameDir /Users/stefano.deblasi/Library/Application Support/ModrinthApp/profiles/GDCModpack 1.0.0 --assetsDir /Users/stefano.deblasi/Library/Application Support/ModrinthApp/meta/assets --assetIndex 5 --uuid 74fef846dc6e471595886d9aeeb5e8e5 --accessToken eyJraWQiOiIwNDkxODEiLCJhbGciOiJSUzI1NiJ9.eyJ4dWlkIjoiMjUzNTQwNzczMzU5MjE1NSIsImFnZyI6IkFkdWx0Iiwic3ViIjoiYThkNGE2ZTMtMzRhNC00YzQyLThkYjctZDdmZTE0YzljNDU4IiwiYXV0aCI6IlhCT1giLCJucyI6ImRlZmF1bHQiLCJyb2xlcyI6W10sImlzcyI6ImF1dGhlbnRpY2F0aW9uIiwiZmxhZ3MiOlsibXVsdGlwbGF5ZXIiXSwicHJvZmlsZXMiOnsibWMiOiI3NGZlZjg0Ni1kYzZlLTQ3MTUtOTU4OC02ZDlhZWViNWU4ZTUifSwicG1pZCI6IjQxYzRjNmViLTMxMDYtNTgwYi05ODUzLTE0OTg3NTBiZGY1NiIsInBsYXRmb3JtIjoiUENfTEFVTkNIRVIiLCJ0aWQiOiJFOTlCMCIsInBmZCI6W3sidHlwZSI6Im1jIiwiaWQiOiI3NGZlZjg0Ni1kYzZlLTQ3MTUtOTU4OC02ZDlhZWViNWU4ZTUiLCJuYW1lIjoic2QzcmwwIn1dLCJ4aWQiOiIyNTM1NDA3NzMzNTkyMTU1IiwibmJmIjoxNzgxMTI4MDA0LCJleHAiOjE3ODEyMTQ0MDQsImlhdCI6MTc4MTEyODAwNCwiYWlkIjoiMDAwMDAwMDAtMDAwMC0wMDAwLTAwMDAtMDAwMDQwMmI1MzI4In0.zVlLDMN8pnRozSnt2q-MCLsWMLbsAdvhBD9vYXehS0HPLujSZlhl-qF7AJ_v6rNh6srDqaIdwl7KHcPQiKHB0I9dBL1Ac4Q-PcdrgI71SukhfyWloB2YK-7A6NPDh6pOpQg9PjYXH3n6Q7YmQl0LQmlhDeH4v7rW8OUalg-kyl-DTRP6GNqFqPp69tvNAOnt7J48sR11EYWLpvN_hgNnla2YQhL4mNdAVK-13V4lUP222KkZjfu01n_smZvBbYBJyg_F3TMVSPaawABNO4YaPVIIuKnaAuJXSz6wkgI5BSUzN_1Dri7B38jKDTI9klimQHKH8pA6DoaLkyedlj1TXA --clientId c4502edb-87c6-40cb-b595-64a280cf8906 --xuid 0 --userType msa --versionType release --width 854 --height 480
java_class_path (initial): /private/var/folders/pd/smzmx_zx7rdfpvpjh7md1gdc0000gp/T/.tmpGJFnf4/theseus.jar:/Users/stefano.deblasi/Library/Application Support/ModrinthApp/meta/versions/1.20.1-0.18.4/1.20.1-0.18.4.jar:/Users/stefano.deblasi/Library/Application Support/ModrinthApp/meta/libraries/ca/weblite/java-objc-bridge/1.1/java-objc-bridge-1.1.jar:/Users/stefano.deblasi/Library/Application Support/ModrinthApp/meta/libraries/com/github/oshi/oshi-core/6.2.2/oshi-core-6.2.2.jar:/Users/stefano.deblasi/Library/Application Support/ModrinthApp/meta/libraries/com/google/code/gson/gson/2.10/gson-2.10.jar:/Users/stefano.deblasi/Library/Application Support/ModrinthApp/meta/libraries/com/google/guava/failureaccess/1.0.1/failureaccess-1.0.1.jar:/Users/stefano.deblasi/Library/Application Support/ModrinthApp/meta/libraries/com/google/guava/guava/31.1-jre/guava-31.1-jre.jar:/Users/stefano.deblasi/Library/Application Support/ModrinthApp/meta/libraries/com/ibm/icu/icu4j/71.1/icu4j-71.1.jar:/Users/stefano.deblasi/Library/Application Support/ModrinthApp/meta/libraries/com/mojang/authlib/4.0.43/authlib-4.0.43.jar:/Users/stefano.deblasi/Library/Application Support/ModrinthApp/meta/libraries/com/mojang/blocklist/1.0.10/blocklist-1.0.10.jar:/Users/stefano.deblasi/Library/Application Support/ModrinthApp/meta/libraries/com/mojang/brigadier/1.1.8/brigadier-1.1.8.jar:/Users/stefano.deblasi/Library/Application Support/ModrinthApp/meta/libraries/com/mojang/datafixerupper/6.0.8/datafixerupper-6.0.8.jar:/Users/stefano.deblasi/Library/Application Support/ModrinthApp/meta/libraries/com/mojang/logging/1.1.1/logging-1.1.1.jar:/Users/stefano.deblasi/Library/Application Support/ModrinthApp/meta/libraries/com/mojang/patchy/2.2.10/patchy-2.2.10.jar:/Users/stefano.deblasi/Library/Application Support/ModrinthApp/meta/libraries/com/mojang/text2speech/1.17.9/text2speech-1.17.9.jar:/Users/stefano.deblasi/Library/Application Support/ModrinthApp/meta/libraries/commons-codec/commons-codec/1.15/commons-codec-1.
Launcher Type: SUN_STANDARD

[Global flags]
     intx CICompilerCount                          = 4                                         {product} {ergonomic}
     uint ConcGCThreads                            = 2                                         {product} {ergonomic}
     uint G1ConcRefinementThreads                  = 9                                         {product} {ergonomic}
   size_t G1HeapRegionSize                         = 2097152                                   {product} {ergonomic}
    uintx GCDrainStackTargetSize                   = 64                                        {product} {ergonomic}
   size_t InitialHeapSize                          = 268435456                                 {product} {ergonomic}
   size_t MarkStackSize                            = 4194304                                   {product} {ergonomic}
   size_t MaxHeapSize                              = 4294967296                                {product} {command line}
   size_t MaxNewSize                               = 2575302656                                {product} {ergonomic}
   size_t MinHeapDeltaBytes                        = 2097152                                   {product} {ergonomic}
   size_t MinHeapSize                              = 8388608                                   {product} {ergonomic}
    uintx NonNMethodCodeHeapSize                   = 5839564                                {pd product} {ergonomic}
    uintx NonProfiledCodeHeapSize                  = 122909338                              {pd product} {ergonomic}
    uintx ProfiledCodeHeapSize                     = 122909338                              {pd product} {ergonomic}
    uintx ReservedCodeCacheSize                    = 251658240                              {pd product} {ergonomic}
     bool SegmentedCodeCache                       = true                                      {product} {ergonomic}
   size_t SoftMaxHeapSize                          = 4294967296                             {manageable} {ergonomic}
     bool UseCompressedClassPointers               = true                           {product lp64_product} {ergonomic}
     bool UseCompressedOops                        = true                           {product lp64_product} {ergonomic}
     bool UseG1GC                                  = true                                      {product} {ergonomic}
     bool UseNUMA                                  = false                                     {product} {ergonomic}
     bool UseNUMAInterleaving                      = false                                     {product} {ergonomic}

Logging:
Log output configuration:
 #0: stdout all=warning uptime,level,tags
 #1: stderr all=off uptime,level,tags

Environment Variables:
PATH=/usr/bin:/bin:/usr/sbin:/sbin
SHELL=/bin/zsh
TMPDIR=/var/folders/pd/smzmx_zx7rdfpvpjh7md1gdc0000gp/T/

Active Locale:
LC_ALL=C
LC_COLLATE=C
LC_CTYPE=C
LC_MESSAGES=C
LC_MONETARY=C
LC_NUMERIC=C
LC_TIME=C

Signal Handlers:
   SIGSEGV: crash_handler in libjvm.dylib, mask=11100110000111110111111111111111, flags=SA_RESTART|SA_SIGINFO, unblocked
    SIGBUS: crash_handler in libjvm.dylib, mask=11100110000111110111111111111111, flags=SA_RESTART|SA_SIGINFO, unblocked
    SIGFPE: crash_handler in libjvm.dylib, mask=11100110000111110111111111111111, flags=SA_RESTART|SA_SIGINFO, unblocked
   SIGPIPE: javaSignalHandler in libjvm.dylib, mask=11100110000111110111111111111111, flags=SA_RESTART|SA_SIGINFO, blocked
   SIGXFSZ: javaSignalHandler in libjvm.dylib, mask=11100110000111110111111111111111, flags=SA_RESTART|SA_SIGINFO, blocked
    SIGILL: crash_handler in libjvm.dylib, mask=11100110000111110111111111111111, flags=SA_RESTART|SA_SIGINFO, unblocked
   SIGUSR2: SR_handler in libjvm.dylib, mask=00000000000000000000000000000000, flags=SA_RESTART|SA_SIGINFO, blocked
    SIGHUP: UserHandler in libjvm.dylib, mask=11100110000111110111111111111111, flags=SA_RESTART|SA_SIGINFO, blocked
    SIGINT: UserHandler in libjvm.dylib, mask=11100110000111110111111111111111, flags=SA_RESTART|SA_SIGINFO, blocked
   SIGTERM: UserHandler in libjvm.dylib, mask=11100110000111110111111111111111, flags=SA_RESTART|SA_SIGINFO, blocked
   SIGQUIT: UserHandler in libjvm.dylib, mask=11100110000111110111111111111111, flags=SA_RESTART|SA_SIGINFO, blocked
   SIGTRAP: crash_handler in libjvm.dylib, mask=11100110000111110111111111111111, flags=SA_RESTART|SA_SIGINFO, unblocked


Periodic native trim disabled


---------------  S Y S T E M  ---------------

OS:
uname: Darwin 25.2.0 Darwin Kernel Version 25.2.0: Tue Nov 18 21:08:48 PST 2025; root:xnu-12377.61.12~1/RELEASE_ARM64_T8132 arm64
OS uptime: 7 days 19:13 hours
rlimit (soft/hard): STACK 8176k/65520k , CORE 0k/infinity , NPROC 2666/4000 , NOFILE 1048576/infinity , AS infinity/infinity , CPU infinity/infinity , DATA infinity/infinity , FSIZE infinity/infinity , MEMLOCK infinity/infinity , RSS infinity/infinity
load average: 6.76 5.25 4.96

CPU: total 10 (initial active 10) 0x61:0x0:0x6f5129ac:0, fp, simd, crc, lse
machdep.cpu.brand_string:Apple M4
hw.cachelinesize:128
hw.l1icachesize:131072
hw.l1dcachesize:65536
hw.l2cachesize:4194304

Memory: 16k page, physical 16777216k(124192k free), swap 10485760k(963904k free)

vm_info: OpenJDK 64-Bit Server VM (17.0.18+8-LTS) for bsd-aarch64 JRE (17.0.18+8-LTS) (Zulu17.64+17-CA), built on Jan 23 2026 09:57:18 by "tester" with clang Apple LLVM 12.0.5 (clang-1205.0.22.11)

END.
