#
# A fatal error has been detected by the Java Runtime Environment:
#
#  SIGSEGV (0xb) at pc=0x000000019612fa28, pid=95320, tid=259
#
# JRE version: OpenJDK Runtime Environment Zulu17.64+17-CA (17.0.18+8) (build 17.0.18+8-LTS)
# Java VM: OpenJDK 64-Bit Server VM Zulu17.64+17-CA (17.0.18+8-LTS, mixed mode, sharing, tiered, compressed oops, compressed class ptrs, g1 gc, bsd-aarch64)
# Problematic frame:
# C  [libobjc.A.dylib+0x7a28]  objc_retain+0x10
#
# No core dump will be written. Core dumps have been disabled. To enable core dumping, try "ulimit -c unlimited" before starting Java again
#
# If you would like to submit a bug report, please visit:
#   http://www.azul.com/support/
# The crash happened outside the Java Virtual Machine in native code.
# See problematic frame for where to report the bug.
#

---------------  S U M M A R Y ------------

Command Line: -Djava.library.path=/Users/stefano.deblasi/Library/Application Support/ModrinthApp/meta/natives/1.20.1-0.18.4 -Djna.tmpdir=/Users/stefano.deblasi/Library/Application Support/ModrinthApp/meta/natives/1.20.1-0.18.4 -Dorg.lwjgl.system.SharedLibraryExtractPath=/Users/stefano.deblasi/Library/Application Support/ModrinthApp/meta/natives/1.20.1-0.18.4 -Dio.netty.native.workdir=/Users/stefano.deblasi/Library/Application Support/ModrinthApp/meta/natives/1.20.1-0.18.4 -Dminecraft.launcher.brand=theseus -Dminecraft.launcher.version=0.15.7 -DFabricMcEmu=net.minecraft.client.main.Main -Xmx4096M -Dlog4j.configurationFile=/Users/stefano.deblasi/Library/Application Support/ModrinthApp/meta/log_configs/client-1.12.xml -javaagent:/private/var/folders/pd/smzmx_zx7rdfpvpjh7md1gdc0000gp/T/.tmpoJVqJN/theseus.jar -Dmodrinth.internal.ipc.host=127.0.0.1 -Dmodrinth.internal.ipc.port=61016 -Dmodrinth.internal.quickPlay.serverVersion=BUILTIN --add-opens=java.base/java.lang.reflect=ALL-UNNAMED com.modrinth.theseus.MinecraftLaunch net.fabricmc.loader.impl.launch.knot.KnotClient --username sd3rl0 --version 1.20.1 --gameDir /Users/stefano.deblasi/Library/Application Support/ModrinthApp/profiles/GDCModpack 1.0.0 --assetsDir /Users/stefano.deblasi/Library/Application Support/ModrinthApp/meta/assets --assetIndex 5 --uuid 74fef846dc6e471595886d9aeeb5e8e5 --accessToken eyJraWQiOiIwNDkxODEiLCJhbGciOiJSUzI1NiJ9.eyJ4dWlkIjoiMjUzNTQwNzczMzU5MjE1NSIsImFnZyI6IkFkdWx0Iiwic3ViIjoiYThkNGE2ZTMtMzRhNC00YzQyLThkYjctZDdmZTE0YzljNDU4IiwiYXV0aCI6IlhCT1giLCJucyI6ImRlZmF1bHQiLCJyb2xlcyI6W10sImlzcyI6ImF1dGhlbnRpY2F0aW9uIiwiZmxhZ3MiOlsibXVsdGlwbGF5ZXIiXSwicHJvZmlsZXMiOnsibWMiOiI3NGZlZjg0Ni1kYzZlLTQ3MTUtOTU4OC02ZDlhZWViNWU4ZTUifSwicG1pZCI6ImU5ZGQ3MGZkLTI2MzUtNTEyNC04ZWZjLTRiOWEyMjBlZTkwYSIsInBsYXRmb3JtIjoiUENfTEFVTkNIRVIiLCJ0aWQiOiJFOTlCMCIsInBmZCI6W3sidHlwZSI6Im1jIiwiaWQiOiI3NGZlZjg0Ni1kYzZlLTQ3MTUtOTU4OC02ZDlhZWViNWU4ZTUiLCJuYW1lIjoic2QzcmwwIn1dLCJ4aWQiOiIyNTM1NDA3NzMzNTkyMTU1IiwibmJmIjoxNzgzMzcyMzk0LCJleHAiOjE3ODM0NTg3OTQsImlhdCI6MTc4MzM3MjM5NCwiYWlkIjoiMDAwMDAwMDAtMDAwMC0wMDAwLTAwMDAtMDAwMDQwMmI1MzI4In0.plq02GYGGlo3rmeSthnNiRIxtFCsf7LalQUl0isGDhDwgreNNi_WbY6gqCDKhbnOeP4BhsNhKvaaciG74SgQr1swLEv_bUG5oMtGWVQXYRBtuOzrjI8UQ-FU7yydlMoiifL0vBHWB34FZDdc8bN8BgRmjL-XzfNW_l5fwznGQRP-2PEJAvu4Y2j89qrVQdrAk-ISpdhcbjRAbzUrt9HrhaASLWEzMyrsO7LLWEiQeaEYo2lh-D1rs4MzoDeFJ0kjUGFoUsF1e4Fu1c50z357yBR4vG2ApGOXtqyVeavwYWtO6yLouqMSlNtuUmq9Qx5Ty6ufKrlNOi_vcuW_WRqJrg --clientId c4502edb-87c6-40cb-b595-64a280cf8906 --xuid 0 --userType msa --versionType release --width 854 --height 480

Host: "Mac16,1" arm64, 10 cores, 16G, Darwin 25.2.0, macOS 26.2 (25C56)
Time: Tue Jul  7 09:50:32 2026 CEST elapsed time: 987.547639 seconds (0d 0h 16m 27s)

---------------  T H R E A D  ---------------

Current thread (0x000000013100c600):  JavaThread "Render thread" [_thread_in_native, id=259, stack(0x000000016a730000,0x000000016af2c000)]

Stack: [0x000000016a730000,0x000000016af2c000],  sp=0x000000016af22030,  free space=8136k
Native frames: (J=compiled Java code, j=interpreted, Vv=VM code, C=native code)
C  [libobjc.A.dylib+0x7a28]  objc_retain+0x10
C  [AppKit+0xd32698]  -[NSCGSWindowCornerMask caImageForScale:size:center:]+0x18
C  [AppKit+0xfc48f4]  -[NSCGSWindow _updateLayer]+0x300
C  [AppKit+0xfc6bcc]  -[NSCGSWindow(NSCGSWindowGeometry) setFrame:]+0xb4
C  [AppKit+0x386ce0]  block_destroy_helper.27+0x6ea0
C  [AppKit+0x48a28c]  block_destroy_helper.53+0x30
C  [AppKit+0x48a2cc]  block_destroy_helper.53+0x70
C  [AppKit+0x5879a8]  -[NSApplication enumerateWindowsWithOptions:usingBlock:]+0xec
C  [AppKit+0x386680]  block_destroy_helper.27+0x6840
C  [AppKit+0x396f40]  __getCGDisplayListGetHashSymbolLoc_block_invoke+0x1494
C  [AppKit+0x396f68]  __getCGDisplayListGetHashSymbolLoc_block_invoke+0x14bc
C  [AppKit+0x384d6c]  block_destroy_helper.27+0x4f2c
C  [AppKit+0x38577c]  block_destroy_helper.27+0x593c
C  [AppKit+0x387f08]  block_destroy_helper.27+0x80c8
C  [AppKit+0x20518c]  block_destroy_helper+0x2c3f0
C  [AppKit+0x396f40]  __getCGDisplayListGetHashSymbolLoc_block_invoke+0x1494
C  [AppKit+0x396f68]  __getCGDisplayListGetHashSymbolLoc_block_invoke+0x14bc
C  [AppKit+0x3850c4]  block_destroy_helper.27+0x5284
C  [AppKit+0x3853f4]  block_destroy_helper.27+0x55b4
C  [AppKit+0x387c80]  block_destroy_helper.27+0x7e40
C  [AppKit+0x416d2c]  block_destroy_helper+0x2c24
C  [AppKit+0x260e78]  block_destroy_helper.19+0x29f4
C  [AppKit+0x260cc0]  block_destroy_helper.19+0x283c
C  [AppKit+0x4be66c]  keypath_get_selector_userInfo+0x690
C  [AppKit+0x4beae4]  keypath_get_selector_userInfo+0xb08
C  [AppKit+0x4be6f8]  keypath_get_selector_userInfo+0x71c
C  [AppKit+0xa778b0]  _NSCGSDisplayConfigurationUpdateAndInvokeObservers+0x1bc
C  [AppKit+0xa77d74]  _NSCGSDisplayConfigurationDidReconfigureNotificationHandler+0x13c
C  [SkyLight+0xa4e8]  (anonymous namespace)::notify_datagram_handler(unsigned int, CGSDatagramType, void*, unsigned long, void*)+0x3a0
C  [SkyLight+0x453710]  CGSDatagramReadStream::dispatchMainQueueDatagrams()+0x11c
C  [SkyLight+0x4535d4]  invocation function for block in CGSDatagramReadStream::mainQueueWakeup()+0x24
C  [CoreFoundation+0x5f604]  __CFRUNLOOP_IS_CALLING_OUT_TO_A_BLOCK__+0x1c
C  [CoreFoundation+0x5f544]  __CFRunLoopDoBlocks+0x18c
C  [CoreFoundation+0x5e378]  __CFRunLoopRun+0x324
C  [CoreFoundation+0x118e34]  _CFRunLoopRunSpecificWithOptions+0x214
C  [HIToolbox+0xc1790]  RunCurrentEventLoopInMode+0x13c
C  [HIToolbox+0xc49e0]  ReceiveNextEventCommon+0x110
C  [HIToolbox+0x24eb64]  _BlockUntilNextEventMatchingListInMode+0x30
C  [AppKit+0x525b5c]  _DPSBlockUntilNextEventMatchingListInMode+0xec
C  [AppKit+0x1fe48]  _DPSNextEvent+0x24c
C  [AppKit+0xaead0c]  -[NSApplication(NSEventRouting) _nextEventMatchingEventMask:untilDate:inMode:dequeue:]+0x2b0
C  [AppKit+0xaeaa18]  -[NSApplication(NSEventRouting) nextEventMatchingMask:untilDate:inMode:dequeue:]+0x48
C  [libglfw.dylib+0x1448c]
J 39960  org.lwjgl.system.JNI.invokeV(J)V (0 bytes) @ 0x0000000148859f3c [0x0000000148859ec0+0x000000000000007c]
J 1019635 c2 net.minecraft.class_310.method_1523(Z)V (1210 bytes) @ 0x000000014baa043c [0x000000014ba9eb40+0x00000000000018fc]
j  net.minecraft.class_310.method_1514()V+118
j  net.minecraft.client.main.Main.main([Ljava/lang/String;)V+1565
j  java.lang.invoke.LambdaForm$DMH+0x0000007001098000.invokeStaticInit(Ljava/lang/Object;Ljava/lang/Object;)V+10 java.base@17.0.18
j  java.lang.invoke.LambdaForm$MH+0x0000007001364000.invokeExact_MT(Ljava/lang/Object;Ljava/lang/Object;Ljava/lang/Object;)V+19 java.base@17.0.18
j  net.fabricmc.loader.impl.game.minecraft.MinecraftGameProvider.launch(Ljava/lang/ClassLoader;)V+74
j  net.fabricmc.loader.impl.launch.knot.Knot.launch([Ljava/lang/String;Lnet/fabricmc/api/EnvType;)V+40
j  net.fabricmc.loader.impl.launch.knot.KnotClient.main([Ljava/lang/String;)V+4
v  ~StubRoutines::call_stub
V  [libjvm.dylib+0x484bc0]  JavaCalls::call_helper(JavaValue*, methodHandle const&, JavaCallArguments*, JavaThread*)+0x39c
V  [libjvm.dylib+0x852424]  invoke(InstanceKlass*, methodHandle const&, Handle, bool, objArrayHandle, BasicType, objArrayHandle, bool, JavaThread*)+0x928
V  [libjvm.dylib+0x851a9c]  Reflection::invoke_method(oopDesc*, Handle, objArrayHandle, JavaThread*)+0x160
V  [libjvm.dylib+0x53ffc0]  JVM_InvokeMethod+0x370
j  jdk.internal.reflect.NativeMethodAccessorImpl.invoke0(Ljava/lang/reflect/Method;Ljava/lang/Object;[Ljava/lang/Object;)Ljava/lang/Object;+0 java.base@17.0.18
j  jdk.internal.reflect.NativeMethodAccessorImpl.invoke(Ljava/lang/Object;[Ljava/lang/Object;)Ljava/lang/Object;+133 java.base@17.0.18
j  jdk.internal.reflect.DelegatingMethodAccessorImpl.invoke(Ljava/lang/Object;[Ljava/lang/Object;)Ljava/lang/Object;+6 java.base@17.0.18
j  java.lang.reflect.Method.invoke(Ljava/lang/Object;[Ljava/lang/Object;)Ljava/lang/Object;+59 java.base@17.0.18
j  com.modrinth.theseus.MinecraftLaunch.relaunch(Ljava/lang/String;[Ljava/lang/String;)V+164
j  com.modrinth.theseus.MinecraftLaunch.main([Ljava/lang/String;)V+90
v  ~StubRoutines::call_stub
V  [libjvm.dylib+0x484bc0]  JavaCalls::call_helper(JavaValue*, methodHandle const&, JavaCallArguments*, JavaThread*)+0x39c
V  [libjvm.dylib+0x4e9da8]  jni_invoke_static(JNIEnv_*, JavaValue*, _jobject*, JNICallType, _jmethodID*, JNI_ArgumentPusher*, JavaThread*)+0x12c
V  [libjvm.dylib+0x4ed3d0]  jni_CallStaticVoidMethod+0x130
C  [libjli.dylib+0xb3f4]  JavaMain+0x9d8
C  [libjli.dylib+0xdc90]  __JVMInit_block_invoke+0x50
C  [Foundation+0x1d878]  __NSBLOCKOPERATION_IS_CALLING_OUT_TO_A_BLOCK__+0x18
C  [Foundation+0x1d740]  -[NSBlockOperation main]+0x60
C  [Foundation+0x1d6d8]  __NSOPERATION_IS_INVOKING_MAIN__+0x10
C  [Foundation+0x1d308]  -[NSOperation start]+0x280
C  [Foundation+0x38114]  __NSThreadPerformPerform+0x108
C  [CoreFoundation+0x5f9f8]  __CFRUNLOOP_IS_CALLING_OUT_TO_A_SOURCE0_PERFORM_FUNCTION__+0x1c
C  [CoreFoundation+0x5f98c]  __CFRunLoopDoSource0+0xac
C  [CoreFoundation+0x5f6f8]  __CFRunLoopDoSources0+0xe8
C  [CoreFoundation+0x5e388]  __CFRunLoopRun+0x334
C  [CoreFoundation+0x118e34]  _CFRunLoopRunSpecificWithOptions+0x214
C  [libjli.dylib+0xd324]  CreateExecutionEnvironment+0x190
C  [libjli.dylib+0x8cf8]  JLI_Launch+0x4d8
C  [java+0x3bac]  main+0x198
C  [dyld+0x8d54]  start+0x1c10

Java frames: (J=compiled Java code, j=interpreted, Vv=VM code)
J 39960  org.lwjgl.system.JNI.invokeV(J)V (0 bytes) @ 0x0000000148859f3c [0x0000000148859ec0+0x000000000000007c]
J 267969 c2 net.minecraft.class_1041.method_15998()V (35 bytes) @ 0x000000014accf5bc [0x000000014accf380+0x000000000000023c]
J 1019635 c2 net.minecraft.class_310.method_1523(Z)V (1210 bytes) @ 0x000000014baa043c [0x000000014ba9eb40+0x00000000000018fc]
j  net.minecraft.class_310.method_1514()V+118
j  net.minecraft.client.main.Main.main([Ljava/lang/String;)V+1565
j  java.lang.invoke.LambdaForm$DMH+0x0000007001098000.invokeStaticInit(Ljava/lang/Object;Ljava/lang/Object;)V+10 java.base@17.0.18
j  java.lang.invoke.LambdaForm$MH+0x0000007001364000.invokeExact_MT(Ljava/lang/Object;Ljava/lang/Object;Ljava/lang/Object;)V+19 java.base@17.0.18
j  net.fabricmc.loader.impl.game.minecraft.MinecraftGameProvider.launch(Ljava/lang/ClassLoader;)V+74
j  net.fabricmc.loader.impl.launch.knot.Knot.launch([Ljava/lang/String;Lnet/fabricmc/api/EnvType;)V+40
j  net.fabricmc.loader.impl.launch.knot.KnotClient.main([Ljava/lang/String;)V+4
v  ~StubRoutines::call_stub
j  jdk.internal.reflect.NativeMethodAccessorImpl.invoke0(Ljava/lang/reflect/Method;Ljava/lang/Object;[Ljava/lang/Object;)Ljava/lang/Object;+0 java.base@17.0.18
j  jdk.internal.reflect.NativeMethodAccessorImpl.invoke(Ljava/lang/Object;[Ljava/lang/Object;)Ljava/lang/Object;+133 java.base@17.0.18
j  jdk.internal.reflect.DelegatingMethodAccessorImpl.invoke(Ljava/lang/Object;[Ljava/lang/Object;)Ljava/lang/Object;+6 java.base@17.0.18
j  java.lang.reflect.Method.invoke(Ljava/lang/Object;[Ljava/lang/Object;)Ljava/lang/Object;+59 java.base@17.0.18
j  com.modrinth.theseus.MinecraftLaunch.relaunch(Ljava/lang/String;[Ljava/lang/String;)V+164
j  com.modrinth.theseus.MinecraftLaunch.main([Ljava/lang/String;)V+90
v  ~StubRoutines::call_stub

siginfo: si_signo: 11 (SIGSEGV), si_code: 2 (SEGV_ACCERR), si_addr: 0x0000000000000020

Registers:
 x0=0x000000013191f130  x1=0x0000000211c67615  x2=0x0000000000000008  x3=0x0000000000000001
 x4=0x0000000000000000  x5=0x0000000000000000  x6=0x0000000000000000  x7=0x0000000000000000
 x8=0x0000000000000000  x9=0x0000000000000103 x10=0x0000000203499680 x11=0x000000000000000f
x12=0x0000000000000009 x13=0x00006000020c6780 x14=0x0200000204154b49 x15=0x0000000204154b48
x16=0x0000000000000000 x17=0x0000000000000000 x18=0x0000000000000000 x19=0x00000002034998c0
x20=0x000060000b65f728 x21=0x000000020349ed20 x22=0x00000001fc806000 x23=0x0000600000995700
x24=0x0000000000000000 x25=0x0000600000995700 x26=0x0000600004271900 x27=0x000000019bbfc000
x28=0x00006000057b41a0  fp=0x000000016af22050  lr=0x000000019613b694  sp=0x000000016af22030
pc=0x000000019612fa28 cpsr=0x0000000000000000

Register to memory mapping:

 x0=0x000000013191f130 points into unknown readable memory: 0x0000000204d44568 | 68 45 d4 04 02 00 00 00
 x1=0x0000000211c67615 points into unknown readable memory: 69 6d 61
 x2=0x0000000000000008 is an unknown value
 x3=0x0000000000000001 is an unknown value
 x4=0x0 is NULL
 x5=0x0 is NULL
 x6=0x0 is NULL
 x7=0x0 is NULL
 x8=0x0 is NULL
 x9=0x0000000000000103 is an unknown value
x10=0x0000000203499680: PropertyLocks+0 in /usr/lib/libobjc.A.dylib at 0x0000000196128000
x11=0x000000000000000f is an unknown value
x12=0x0000000000000009 is an unknown value
x13=0x00006000020c6780 points into unknown readable memory: 0x000000019b741a90 | 90 1a 74 9b 01 00 00 00
x14=0x0200000204154b49: OBJC_CLASS_$_NSCGSWindowCornerImageMask+0x1 in /System/Library/Frameworks/AppKit.framework/Versions/C/AppKit at 0x000000019aa0f000
x15=0x0000000204154b48: OBJC_CLASS_$_NSCGSWindowCornerImageMask+0 in /System/Library/Frameworks/AppKit.framework/Versions/C/AppKit at 0x000000019aa0f000
x16=0x0 is NULL
x17=0x0 is NULL
x18=0x0 is NULL
x19=0x00000002034998c0: PropertyLocks+0x240 in /usr/lib/libobjc.A.dylib at 0x0000000196128000
x20=0x000060000b65f728 points into unknown readable memory: 0x000000013191f130 | 30 f1 91 31 01 00 00 00
x21=0x000000020349ed20 points into unknown readable memory: 0x000000020349ec40 | 40 ec 49 03 02 00 00 00
x22=0x00000001fc806000 points into unknown readable memory: 0x0000000203539588 | 88 95 53 03 02 00 00 00
x23=0x0000600000995700 points into unknown readable memory: 0x00000002034a13f0 | f0 13 4a 03 02 00 00 00
x24=0x0 is NULL
x25=0x0000600000995700 points into unknown readable memory: 0x00000002034a13f0 | f0 13 4a 03 02 00 00 00
x26=0x0000600004271900 points into unknown readable memory: 0x00009d1b5c6a1900 | 00 19 6a 5c 1b 9d 00 00
x27=0x000000019bbfc000: _OBJC_$_PROTOCOL_INSTANCE_METHODS__NSQuickActionTouchBarPickerDelegate+0x10 in /System/Library/Frameworks/AppKit.framework/Versions/C/AppKit at 0x000000019aa0f000
x28=0x00006000057b41a0 points into unknown readable memory: 0x0000000204e77bd8 | d8 7b e7 04 02 00 00 00


Top of Stack: (sp=0x000000016af22030)
0x000000016af22030:   00000001fc806000 00006000057b41b8
0x000000016af22040:   000060000b65f720 000000016af22080
0x000000016af22050:   000000016af22070 000000019b741698
0x000000016af22060:   000060000b65f720 0000000131a63100
0x000000016af22070:   000000016af22100 000000019b9d38f4
0x000000016af22080:   3fdc71c71c71c71c 3fdc71c71c71c71c
0x000000016af22090:   3fbc71c71c71c71c 3fbc71c71c71c71c
0x000000016af220a0:   0000000000000001 0000000131a63100
0x000000016af220b0:   0000000000c40073 7114b93ed2a900f1
0x000000016af220c0:   409e000000000000 c05f800000000000
0x000000016af220d0:   0000000000000000 4091500000000000
0x000000016af220e0:   000000000002b509 00006000057b41b8
0x000000016af220f0:   00000002034f8468 0000000131a63100
0x000000016af22100:   000000016af22170 000000019b9d5bcc
0x000000016af22110:   0000000000000000 0000000204ec9c08
0x000000016af22120:   0000000000000000 0000600000995700
0x000000016af22130:   4091500000000000 409e000000000000
0x000000016af22140:   c05f800000000000 0000000000000000
0x000000016af22150:   000000000002b509 00006000057b41b8
0x000000016af22160:   00006000057b41b8 0000000131a63100
0x000000016af22170:   000000016af221f0 000000019ad95ce0
0x000000016af22180:   00000000c2000000 0000002020000000
0x000000016af22190:   0000000000000000 0000000042000000
0x000000016af221a0:   00006000057b41a0 000000019bbfc000
0x000000016af221b0:   0000000211c5f000 000000016af22450
0x000000016af221c0:   0000000000000000 0000600000c55570
0x000000016af221d0:   000000019ad976b0 0000000130f33440
0x000000016af221e0:   00006000057b41a0 000000016af222d7
0x000000016af221f0:   000000016af22210 000000019ae9928c
0x000000016af22200:   00006000057b6b60 000000016af222d7
0x000000016af22210:   000000016af22240 000000019ae992cc
0x000000016af22220:   0000000300000004 0000000000000003 

Instructions: (pc=0x000000019612fa28)
0x000000019612f928:   f1 03 13 aa 11 0a c1 da 28 ce 7d 92 08 00 00 f9
0x000000019612f938:   d5 03 08 37 fd 7b 43 a9 f4 4f 42 a9 f6 57 41 a9
0x000000019612f948:   ff 03 01 91 ff 0f 5f d6 70 12 40 f9 71 82 00 91
0x000000019612f958:   51 27 f9 f2 30 1e c1 da f1 03 10 aa f1 47 c1 da
0x000000019612f968:   1f 02 11 eb 40 00 00 54 60 8e 38 d4 08 e2 7d 92
0x000000019612f978:   00 d9 48 92 b2 6e 00 94 08 08 40 b9 08 1d 00 11
0x000000019612f988:   08 71 1d 12 08 01 14 8b 09 02 80 52 1f 41 00 f1
0x000000019612f998:   01 81 89 9a d0 ff ff 17 f3 03 00 f9 40 02 00 90
0x000000019612f9a8:   00 c4 21 91 85 e6 00 94 e1 03 13 aa 22 00 80 52
0x000000019612f9b8:   fd 7b 43 a9 f4 4f 42 a9 f6 57 41 a9 ff 03 01 91
0x000000019612f9c8:   ff 23 03 d5 d0 07 1e ca 50 00 f0 b6 20 8e 38 d4
0x000000019612f9d8:   cd 2f 00 14 31 01 08 36 11 ae 7d 92 31 2a 40 b9
0x000000019612f9e8:   d1 00 08 36 51 9b 36 90 31 e2 09 91 30 02 40 f9
0x000000019612f9f8:   71 7d e4 f2 11 0a 1f d7 a1 5b 3d b0 21 40 13 91
0x000000019612fa08:   7e 07 00 14 3f e3 00 14 28 0e 00 14 c0 03 5f d6
0x000000019612fa18:   00 00 00 ea cd ff ff 54 10 00 40 f9 11 ae 7d 92
0x000000019612fa28:   31 12 40 f9 91 fd 17 36 f0 fe 07 36 11 fe 77 d3
0x000000019612fa38:   f1 fe ff b4 11 20 e0 d2 11 02 11 ab 62 fe ff 54
0x000000019612fa48:   e1 03 10 aa 11 7c b0 c8 3f 00 10 eb 81 fe ff 54
0x000000019612fa58:   c0 03 5f d6 20 00 01 ea ad fd ff 54 30 00 40 f9
0x000000019612fa68:   11 ae 7d 92 31 12 40 f9 71 fb 17 36 d0 fc 07 36
0x000000019612fa78:   11 fe 77 d3 d1 fc ff b4 11 20 e0 d2 11 02 11 ab
0x000000019612fa88:   42 fc ff 54 e2 03 10 aa 31 7c b0 c8 5f 00 10 eb
0x000000019612fa98:   81 fe ff 54 c0 03 5f d6 40 00 02 ea 8d fb ff 54
0x000000019612faa8:   50 00 40 f9 11 ae 7d 92 31 12 40 f9 51 f9 17 36
0x000000019612fab8:   b0 fa 07 36 11 fe 77 d3 b1 fa ff b4 11 20 e0 d2
0x000000019612fac8:   11 02 11 ab 22 fa ff 54 e1 03 10 aa 51 7c b0 c8
0x000000019612fad8:   3f 00 10 eb 81 fe ff 54 c0 03 5f d6 60 00 03 ea
0x000000019612fae8:   6d f9 ff 54 70 00 40 f9 11 ae 7d 92 31 12 40 f9
0x000000019612faf8:   31 f7 17 36 90 f8 07 36 11 fe 77 d3 91 f8 ff b4
0x000000019612fb08:   11 20 e0 d2 11 02 11 ab 02 f8 ff 54 e1 03 10 aa
0x000000019612fb18:   71 7c b0 c8 3f 00 10 eb 81 fe ff 54 c0 03 5f d6 


Stack slot to memory mapping:
stack at sp + 0 slots: 0x00000001fc806000 points into unknown readable memory: 0x0000000203539588 | 88 95 53 03 02 00 00 00
stack at sp + 1 slots: 0x00006000057b41b8 points into unknown readable memory: 0x0000000000000011 | 11 00 00 00 00 00 00 00
stack at sp + 2 slots: 0x000060000b65f720 points into unknown readable memory: 0x0200000204154b49 | 49 4b 15 04 02 00 00 02
stack at sp + 3 slots: 0x000000016af22080 is pointing into the stack for thread: 0x000000013100c600
stack at sp + 4 slots: 0x000000016af22070 is pointing into the stack for thread: 0x000000013100c600
stack at sp + 5 slots: 0x000000019b741698: -[NSCGSWindowCornerMask caImageForScale:size:center:]+0x18 in /System/Library/Frameworks/AppKit.framework/Versions/C/AppKit at 0x000000019aa0f000
stack at sp + 6 slots: 0x000060000b65f720 points into unknown readable memory: 0x0200000204154b49 | 49 4b 15 04 02 00 00 02
stack at sp + 7 slots: 0x0000000131a63100 points into unknown readable memory: 0x1c000002034f3f5f | 5f 3f 4f 03 02 00 00 1c


Compiled method (n/a) 987600 39960     n 0       org.lwjgl.system.JNI::invokeV (native)
 total in heap  [0x0000000148859d10,0x000000014885a050] = 832
 relocation     [0x0000000148859e68,0x0000000148859e98] = 48
 main code      [0x0000000148859ec0,0x000000014885a038] = 376
 oops           [0x000000014885a038,0x000000014885a048] = 16
 metadata       [0x000000014885a048,0x000000014885a050] = 8

[Constant Pool (empty)]

[MachCode]
[Entry Point]
  # {method} {0x00000001502fb630} 'invokeV' '(J)V' in 'org/lwjgl/system/JNI'
  # parm0:    c_rarg1:c_rarg1 
                        = long
  #           [sp+0x60]  (sp of caller)
  0x0000000148859ec0: 2808 40b9 | 3f01 086b | 4000 0054 

  0x0000000148859ecc: ;   {runtime_call ic_miss_stub}
  0x0000000148859ecc: 4d6b b417 
[Verified Entry Point]
  0x0000000148859ed0: 1f20 03d5 | e953 40d1 | 3f01 00f9 | fd7b bfa9 | fd03 0091 | ff43 01d1 | e203 01aa 

  0x0000000148859eec: ;   {oop(a 'java/lang/Class'{0x000000070481b318} = 'org/lwjgl/system/JNI')}
  0x0000000148859eec: 0163 96d2 | 2190 a0f2 | e100 c0f2 | e123 00f9 | e103 0191 | e801 0010 | 8853 01f9 | e803 0091 
  0x0000000148859f0c: 884f 01f9 

  0x0000000148859f10: ;   {external_word}
  0x0000000148859f10: 682b dfd0 | 0809 6b39 | 0806 0035 | 80e3 0a91 | e803 7eb2 | 8903 0d91 | 28fd 9f88 

  0x0000000148859f2c: ;   {runtime_call}
  0x0000000148859f2c: 084e 8bd2 | 88c1 a0f2 | 2800 c0f2 | 0001 3fd6 | a800 80d2 | 8843 03b9 | bf3b 03d5 | 8823 0d91 
  0x0000000148859f4c: 08fd dfc8 | bf03 08eb | 6803 0054 | 8833 43b9 | 2803 0035 | e803 7db2 | 8903 0d91 | 28fd 9f88 
  0x0000000148859f6c: 88c3 4e39 | 1f09 0071 | c001 0054 

  0x0000000148859f78: ;   {external_word}
  0x0000000148859f78: 682b dfd0 | 0809 6b39 | 6804 0035 | 9f4f 01f9 | 9f53 01f9 | 826f 40f9 | 5f80 00f9 | bf03 0091 
  0x0000000148859f98: fd7b c1a8 | 8807 40f9 | 4800 00b5 | c003 5fd6 

  0x0000000148859fa8: ;   {runtime_call StubRoutines (1)}
  0x0000000148859fa8: 3668 b317 

  0x0000000148859fac: ;   {runtime_call SharedRuntime::reguard_yellow_pages()}
  0x0000000148859fac: 881b 89d2 | 88d3 a0f2 | 2800 c0f2 | 0001 3fd6 | efff ff17 | e003 1caa 

  0x0000000148859fc4: ;   {runtime_call JavaThread::check_special_condition_for_native_trans(JavaThread*)}
  0x0000000148859fc4: 08c0 86d2 | 28d6 a0f2 | 2800 c0f2 | 0001 3fd6 | e3ff ff17 | e10b bfa9 

  0x0000000148859fdc: ;   {metadata({method} {0x00000001502fb630} 'invokeV' '(J)V' in 'org/lwjgl/system/JNI')}
  0x0000000148859fdc: 01c6 96d2 | e105 aaf2 | 2100 c0f2 | e003 1caa | e833 bfa9 | 88eb 84d2 | 88d3 a0f2 | 2800 c0f2 
  0x0000000148859ffc: 0001 3fd6 | e833 c1a8 | e10b c1a8 | c5ff ff17 

  0x000000014885a00c: ;   {metadata({method} {0x00000001502fb630} 'invokeV' '(J)V' in 'org/lwjgl/system/JNI')}
  0x000000014885a00c: 01c6 96d2 | e105 aaf2 | 2100 c0f2 | e003 1caa | e833 bfa9 | 88ff 84d2 | 88d3 a0f2 | 2800 c0f2 
  0x000000014885a02c: 0001 3fd6 | e833 c1a8 | d4ff ff17 
[/MachCode]


Compiled method (c2) 987604 1019635       4       net.minecraft.class_310::method_1523 (1210 bytes)
 total in heap  [0x000000014ba9db10,0x000000014baaa3c8] = 51384
 relocation     [0x000000014ba9dc68,0x000000014ba9eb00] = 3736
 constants      [0x000000014ba9eb00,0x000000014ba9eb40] = 64
 main code      [0x000000014ba9eb40,0x000000014baa4080] = 21824
 stub code      [0x000000014baa4080,0x000000014baa5980] = 6400
 oops           [0x000000014baa5980,0x000000014baa5b50] = 464
 metadata       [0x000000014baa5b50,0x000000014baa6670] = 2848
 scopes data    [0x000000014baa6670,0x000000014baa8378] = 7432
 scopes pcs     [0x000000014baa8378,0x000000014baa95c8] = 4688
 dependencies   [0x000000014baa95c8,0x000000014baa99f8] = 1072
 handler table  [0x000000014baa99f8,0x000000014baaa0e8] = 1776
 nul chk table  [0x000000014baaa0e8,0x000000014baaa3c8] = 736


[Constant Pool]
             Address          hex4                    hex8      
  0x000000014ba9eb00:   0x42480000      0x7f7fffff42480000      
  0x000000014ba9eb04:   0x7f7fffff                              
  0x000000014ba9eb08:   0x9999999a      0x3fa999999999999a      
  0x000000014ba9eb0c:   0x3fa99999                              
  0x000000014ba9eb10:   0x00000000      0x0000000000000000      
  0x000000014ba9eb14:   0x00000000                              
  0x000000014ba9eb18:   0x00000000      0x0000000000000000      
  0x000000014ba9eb1c:   0x00000000                              
  0x000000014ba9eb20:   0x00000000      0x0000000000000000      
  0x000000014ba9eb24:   0x00000000                              
  0x000000014ba9eb28:   0x00000000      0x0000000000000000      
  0x000000014ba9eb2c:   0x00000000                              
  0x000000014ba9eb30:   0x00000000      0x0000000000000000      
  0x000000014ba9eb34:   0x00000000                              
  0x000000014ba9eb38:   0x00000000      0x0000000000000000      
  0x000000014ba9eb3c:   0x00000000                              

[MachCode]
[Entry Point]
  # {method} {0x0000000152d78368} 'method_1523' '(Z)V' in 'net/minecraft/class_310'
  # this:     c_rarg1:c_rarg1 
                        = 'net/minecraft/class_310'
  # parm0:    c_rarg2   = boolean
  #           [sp+0x80]  (sp of caller)
  0x000000014ba9eb40: ;   {no_reloc}
  0x000000014ba9eb40: 2808 40b9 | 3f01 086b | 4000 0054 

  0x000000014ba9eb4c: ;   {runtime_call ic_miss_stub}
  0x000000014ba9eb4c: 2d58 eb16 
[Verified Entry Point]
  0x000000014ba9eb50: 1f20 03d5 | e953 40d1 | 3f01 00f9 | ff03 02d1 | fd7b 07a9 

  0x000000014ba9eb64: ;   {oop(a 'java/lang/Class'{0x000000071667a288} = 'net/minecraft/class_310')}
  0x000000014ba9eb64: 0a51 94d2 | eacc a2f2 | ea00 c0f2 | 4a71 40b9 | 2c70 41b9 | 4df1 7dd3 | 8af1 7dd3 | e213 00b9 
  0x000000014ba9eb84: f303 01aa | 2a08 00b4 | 4aa5 43b9 | 4af1 7dd3 

  0x000000014ba9eb94: ; implicit exception: dispatches to 0x000000014baa3e7c
  0x000000014ba9eb94: 4b1d 40b9 | 6af1 7dd3 

  0x000000014ba9eb9c: ; implicit exception: dispatches to 0x000000014baa3e84
  0x000000014ba9eb9c: 4a11 40b9 | 4ef1 7dd3 

  0x000000014ba9eba4: ; implicit exception: dispatches to 0x000000014baa3e8c
  0x000000014ba9eba4: cb09 40b9 

  0x000000014ba9eba8: ;   {metadata('java/util/ArrayList')}
  0x000000014ba9eba8: 0a00 a0d2 | 0ae7 9cf2 | 7f01 0a6b | 8001 0054 

  0x000000014ba9ebb8: ;   {metadata('java/util/Arrays$ArrayList')}
  0x000000014ba9ebb8: ac03 a0d2 | 0c56 8ef2 | 7f01 0c6b | 0148 0254 | cb11 40b9 | 7df1 7dd3 

  0x000000014ba9ebd0: ; implicit exception: dispatches to 0x000000014baa3f48
  0x000000014ba9ebd0: aa0f 40b9 | 5f01 0071 | e947 0254 | ab13 40b9 | 0900 0014 | dd29 4229 | 4af1 7dd3 | dd3b fa37 
  0x000000014ba9ebf0: 3d3b 0234 

  0x000000014ba9ebf4: ; implicit exception: dispatches to 0x000000014baa3f28
  0x000000014ba9ebf4: 4b0d 40b9 | 7f01 0071 | c93b 0254 | 4b11 40b9 | 6ef1 7dd3 

  0x000000014ba9ec08: ; implicit exception: dispatches to 0x000000014baa3e94
  0x000000014ba9ec08: ca09 40b9 

  0x000000014ba9ec0c: ;   {metadata('net/minecraft/class_1799')}
  0x000000014ba9ec0c: 4c2c a0d2 | 0cb5 93f2 | 5f01 0c6b | c175 0254 

  0x000000014ba9ec1c: ;   {oop(a 'net/minecraft/class_1799'{0x0000000714382270})}
  0x000000014ba9ec1c: 0a4e 84d2 | 0a87 a2f2 | ea00 c0f2 | df01 0aeb | 80fb 0054 | ca19 40b9 

  0x000000014ba9ec34: ;   {oop(a 'net/minecraft/class_1739'{0x0000000714a7b6a8})}
  0x000000014ba9ec34: 8c52 bcd2 | acda 9ef2 | 5f01 0c6b | e0fa 0054 | cc0d 40b9 | 4af1 7dd3 | 9f01 0071 | 6dfa 0054 
  0x000000014ba9ec54: 8a2b 02b4 | 4b09 40b9 

  0x000000014ba9ec5c: ;   {metadata('io/wispforest/lavender/book/LavenderBookItem')}
  0x000000014ba9ec5c: 8a57 a0d2 | 0aac 96f2 | 7f01 0a6b | 21fa 0054 | fd03 0032 | 7f01 0a6b | 8023 0254 | ec03 0032 
  0x000000014ba9ec7c: ;   {oop(a 'java/lang/Class'{0x0000000723b85078} = 'io/wispforest/lavender/client/OffhandBookRenderer')}
  0x000000014ba9ec7c: 0a0f 8ad2 | 0a77 a4f2 | ea00 c0f2 | 4cf5 0139 

  0x000000014ba9ec8c: ; implicit exception: dispatches to 0x000000014baa3d28
  0x000000014ba9ec8c: aba9 41b9 

  0x000000014ba9ec90: ;   {oop(a 'java/lang/Class'{0x0000000713e651e8} = 'me/jellysquid/mods/sodium/client/SodiumClientMod')}
  0x000000014ba9ec90: 0a3d 8ad2 | ca7c a2f2 | ea00 c0f2 | 2ef4 41b9 | 66f1 7dd3 | 4a71 40b9 

  0x000000014ba9eca8: ; implicit exception: dispatches to 0x000000014baa3d30
  0x000000014ba9eca8: cc08 40b9 | 4ff1 7dd3 

  0x000000014ba9ecb0: ;   {metadata('net/minecraft/class_3694')}
  0x000000014ba9ecb0: 6a36 a0d2 | 0a98 92f2 | 9f01 0a6b | cbf1 7dd3 | 6110 0254 

  0x000000014ba9ecc4: ; implicit exception: dispatches to 0x000000014baa3d38
  0x000000014ba9ecc4: 6a15 40b9 | 6d11 40b9 | 4a01 0d4b | 6c0d 40b9 | 4b7d 1f13 | 6b01 0c0a | 7d01 0a0b 

  0x000000014ba9ece0: ; implicit exception: dispatches to 0x000000014baa3ee0
  0x000000014ba9ece0: eb15 40b9 | 6af1 7dd3 | 8b4b 41f9 

  0x000000014ba9ecec: ; implicit exception: dispatches to 0x000000014baa3d40
  0x000000014ba9ecec: 4a0d 40b9 | 7401 40f9 | bf03 0a6b | 8c00 0054 | 3f00 0014 | f403 40f9 | e60f 40f9 | cef1 7dd3 
  0x000000014ba9ed0c: ; implicit exception: dispatches to 0x000000014baa3d04
  0x000000014ba9ed0c: cb11 40b9 | d1a9 4229 | 42f1 7dd3 | 7f01 116b | 0027 0254 

  0x000000014ba9ed20: ; implicit exception: dispatches to 0x000000014baa3d0c
  0x000000014ba9ed20: 4c0c 40b9 | 6f05 0011 | 4acc 2b8b | c40d 40b9 | 7f01 0c6b | a209 0254 | cf11 00b9 | ff01 046b 
  0x000000014ba9ed40: 8037 0154 | 4509 40f9 | 9f10 0071 | 4d01 0054 | 2d02 0f4b | 8b7c 1f13 | b07d 1f13 | 8a78 4b0b 
  0x000000014ba9ed60: 1002 040a | 4a7d 0213 | 1002 0d0b | 1f02 0a6b | edde 0054 | 0525 02b4 | f417 00a9 | e60f 00f9 
  0x000000014ba9ed80: fd03 13aa | e103 05aa | e203 0032 | e3fb 40b2 

  0x000000014ba9ed90: ; ImmutableOopMap {rfp=Oop [0]=Oop [24]=Oop }
                      ;*invokestatic nglClientWaitSync {reexecute=0 rethrow=0 return_oop=0}
                      ; - org.lwjgl.opengl.GL32C::glClientWaitSync@14 (line 718)
                      ; - net.minecraft.class_310::handler$kgk000$sodium$preRender@50 (line 39053)
                      ; - net.minecraft.class_310::method_1523@9
                      ;   {static_call}
  0x000000014ba9ed90: d053 3797 | e107 40f9 

  0x000000014ba9ed98: ; ImmutableOopMap {rfp=Oop [0]=Oop [24]=Oop }
                      ;*invokestatic nglDeleteSync {reexecute=0 rethrow=0 return_oop=0}
                      ; - org.lwjgl.opengl.GL32C::glDeleteSync@12 (line 686)
                      ; - net.minecraft.class_310::handler$kgk000$sodium$preRender@56 (line 39054)
                      ; - net.minecraft.class_310::method_1523@9
                      ;   {static_call}
  0x000000014ba9ed98: ae54 3797 

  0x000000014ba9ed9c: ; ImmutableOopMap {rfp=Oop [0]=Oop [24]=Oop }
                      ;*goto {reexecute=1 rethrow=0 return_oop=0}
                      ; - (reexecute) net.minecraft.class_310::handler$kgk000$sodium$preRender@59 (line 39055)
                      ; - net.minecraft.class_310::method_1523@9
  0x000000014ba9ed9c: 8aab 41f9 

  0x000000014ba9eda0: ;   {poll}
  0x000000014ba9eda0: 5f01 40b9 | f303 1daa | 6ef6 41b9 | caf1 7dd3 

  0x000000014ba9edb0: ; implicit exception: dispatches to 0x000000014baa3d18
  0x000000014ba9edb0: 4c15 40b9 | 4b11 40b9 | 8b01 0b4b | 4c0d 40b9 

  0x000000014ba9edc0: ;   {oop(a 'java/lang/Class'{0x0000000713e651e8} = 'me/jellysquid/mods/sodium/client/SodiumClientMod')}
  0x000000014ba9edc0: 0d3d 8ad2 | cd7c a2f2 | ed00 c0f2 | 6a7d 1f13 | af71 40b9 | 4a01 0c0a | edf1 7dd3 | 5d01 0b0b 
  0x000000014ba9ede0: ; implicit exception: dispatches to 0x000000014baa3ec8
  0x000000014ba9ede0: ab15 40b9 | 6af1 7dd3 

  0x000000014ba9ede8: ; implicit exception: dispatches to 0x000000014baa3d20
  0x000000014ba9ede8: 4a0d 40b9 | bf03 0a6b | 8cf8 ff54 | f403 40f9 

  0x000000014ba9edf8: ;   {oop(a 'java/lang/Class'{0x0000000728bc7280} = 'xaero/map/WorldMap')}
  0x000000014ba9edf8: 0a50 8ed2 | 8a17 a5f2 | ea00 c0f2 | 4b75 40b9 

  0x000000014ba9ee08: ;   {oop(a 'java/lang/Class'{0x0000000728bc7280} = 'xaero/map/WorldMap')}
  0x000000014ba9ee08: 0c50 8ed2 | 8c17 a5f2 | ec00 c0f2 | 4ae1 40b9 | 8d89 40b9 

  0x000000014ba9ee1c: ;   {oop(a 'java/lang/Class'{0x000000071667a288} = 'net/minecraft/class_310')}
  0x000000014ba9ee1c: 0c51 94d2 | eccc a2f2 | ec00 c0f2 | 4ef1 7dd3 | 8c71 40b9 | 6af1 7dd3 

  0x000000014ba9ee34: ; implicit exception: dispatches to 0x000000014baa3ef4
  0x000000014ba9ee34: 5d39 4039 | 1d20 0234 | bdf1 7dd3 | 5d20 02b4 

  0x000000014ba9ee44: ; implicit exception: dispatches to 0x000000014baa3d48
  0x000000014ba9ee44: cb0d 40b9 | 7df1 7dd3 | 8af1 7dd3 | 3d20 02b5 

  0x000000014ba9ee54: ; implicit exception: dispatches to 0x000000014baa3d50
  0x000000014ba9ee54: 4a71 41b9 | 4cf1 7dd3 | ac02 00b4 

  0x000000014ba9ee60: ;   {oop(a 'java/lang/Class'{0x0000000728bc7280} = 'xaero/map/WorldMap')}
  0x000000014ba9ee60: 0a50 8ed2 | 8a17 a5f2 | ea00 c0f2 | 5dc1 4439 | 8be1 44b9 | fd2c 0234 | 61f1 7dd3 | 012d 02b4 
  0x000000014ba9ee80: f403 00f9 | fd03 13aa 

  0x000000014ba9ee88: ; ImmutableOopMap {rfp=Oop [0]=Oop }
                      ;*invokeinterface getXaero_worldmapSession {reexecute=0 rethrow=0 return_oop=1}
                      ; - xaero.map.WorldMapSession::getForPlayer@20 (line 115)
                      ; - xaero.map.WorldMapSession::getCurrentSession@6 (line 106)
                      ; - xaero.map.events.ClientEvents::handleClientRunTickStart@22 (line 226)
                      ; - xaero.map.core.XaeroWorldMapCore::onMinecraftRunTick@9 (line 187)
                      ; - xaero.map.core.XaeroWorldMapCoreFabric::onMinecraftRunTick@15 (line 24)
                      ; - net.minecraft.class_310::handler$mkb000$xaeroworldmap$onRunTickStart@0 (line 50532)
                      ; - net.minecraft.class_310::method_1523@14
                      ;   {optimized virtual_call}
  0x000000014ba9ee88: a21f 3d97 | a058 01b4 | 0a14 40b9 | 4af1 7dd3 

  0x000000014ba9ee98: ; implicit exception: dispatches to 0x000000014baa3eb4
  0x000000014ba9ee98: 4b95 40b9 | 61f1 7dd3 | 6117 02b4 

  0x000000014ba9eea4: ; ImmutableOopMap {rfp=Oop [0]=Oop }
                      ;*invokevirtual handleRenderExecutor {reexecute=0 rethrow=0 return_oop=0}
                      ; - xaero.map.events.ClientEvents::handleClientRunTickStart@37 (line 228)
                      ; - xaero.map.core.XaeroWorldMapCore::onMinecraftRunTick@9 (line 187)
                      ; - xaero.map.core.XaeroWorldMapCoreFabric::onMinecraftRunTick@15 (line 24)
                      ; - net.minecraft.class_310::handler$mkb000$xaeroworldmap$onRunTickStart@0 (line 50532)
                      ; - net.minecraft.class_310::method_1523@14
                      ;   {optimized virtual_call}
  0x000000014ba9eea4: 3bee d897 | f303 1daa | f403 40f9 | 6a86 40b9 | 55f1 7dd3 | 55fe 01b4 | 8be3 c039 | 2b5d 0135 
  0x000000014ba9eec4: ;   {oop("Pre render"{0x0000000729f567f8})}
  0x000000014ba9eec4: 0bff 8cd2 | ab3e a5f2 | eb00 c0f2 | ea03 15aa | 6b01 0aca 

  0x000000014ba9eed8: ;   {oop("Pre render"{0x0000000729f567f8})}
  0x000000014ba9eed8: cda7 bcd2 | ed9f 95f2 | 6bfd 55d3 | ad6a 00b9 | 2b01 00b4 | 4afd 49d3 | 0b00 98d2 | 0b16 a1f2 
  0x000000014ba9eef8: 2b00 c0f2 | 6001 0a8b | 0a00 c039 | 5f11 0071 | 415c 0154 

  0x000000014ba9ef0c: ;   {oop(a 'java/lang/Class'{0x0000000712cdcee8} = 'net/minecraft/class_156')}
  0x000000014ba9ef0c: 0add 99d2 | aa59 a2f2 | ea00 c0f2 | 4b89 40b9 | 7df1 7dd3 

  0x000000014ba9ef20: ; implicit exception: dispatches to 0x000000014baa3d58
  0x000000014ba9ef20: aa0b 40b9 

  0x000000014ba9ef24: ;   {metadata('com/mojang/blaze3d/systems/RenderSystem$$Lambda$22447+0x0000007003d8c978')}
  0x000000014ba9ef24: 0c7b a0d2 | 0c2f 99f2 | 5f01 0c6b | 61fd 0154 | ab0f 40b9 | f303 00f9 | f40f 00f9 | 61f1 7dd3 
  0x000000014ba9ef44: 09ea 98d2 | 097b a0f2 | 090e c0f2 

  0x000000014ba9ef50: ; ImmutableOopMap {[0]=Oop [24]=Oop }
                      ;*invokeinterface getAsLong {reexecute=0 rethrow=0 return_oop=0}
                      ; - com.mojang.blaze3d.systems.RenderSystem$$Lambda$22447/0x0000007003d8c978::getAsLong@4
                      ; - net.minecraft.class_156::method_648@3 (line 126)
                      ; - net.minecraft.class_310::method_1523@27 (line 1154)
                      ;   {virtual_call}
  0x000000014ba9ef50: 8c61 3597 | eb03 40f9 | 6a85 40b9 | e013 00f9 | 4af1 7dd3 

  0x000000014ba9ef64: ; implicit exception: dispatches to 0x000000014baa3d60
  0x000000014ba9ef64: 4109 40f9 | e117 02b4 | fd03 0baa | 02c9 8ed2 | 02c2 a0f2 | 2200 c0f2 

  0x000000014ba9ef7c: ; ImmutableOopMap {rfp=Oop [0]=Oop [24]=Oop }
                      ;*invokestatic invokePI {reexecute=0 rethrow=0 return_oop=0}
                      ; - org.lwjgl.glfw.GLFW::glfwWindowShouldClose@17 (line 2246)
                      ; - com.mojang.blaze3d.platform.GLX::_shouldClose@4 (line 92)
                      ; - net.minecraft.class_1041::method_22093@1 (line 134)
                      ; - net.minecraft.class_310::method_1523@35 (line 1155)
                      ;   {static_call}
  0x000000014ba9ef7c: 75b5 0997 | f603 1daa | cb9e 41b9 | caa2 41b9 | 6ef1 7dd3 | a017 0235 | 5df1 7dd3 | dd17 02b5 
  0x000000014ba9ef9c: ; implicit exception: dispatches to 0x000000014baa3d68
  0x000000014ba9ef9c: cb09 40b9 

  0x000000014ba9efa0: ;   {metadata('java/util/concurrent/ConcurrentLinkedQueue')}
  0x000000014ba9efa0: 8a21 a0d2 | 0a06 88f2 | 7f01 0a6b | e1f9 0154 | da31 0091 | 57ff df88 | eaf2 7dd3 | fb03 0aaa 
  0x000000014ba9efc0: 0a00 0014 | 6b43 0091 | 6dfd df88 | acf1 7dd3 | 2cdf 00b4 | 7f03 0ceb | 8076 0154 

  0x000000014ba9efdc: ; ImmutableOopMap {r10=Oop r12=Oop r14=Oop rbcp=Oop r23=NarrowOop rcpool=Derived_oop_r14 [24]=Oop }
                      ;*goto {reexecute=1 rethrow=0 return_oop=0}
                      ; - (reexecute) java.util.concurrent.ConcurrentLinkedQueue::poll@81
                      ; - net.minecraft.class_310::method_1523@92 (line 1167)
  0x000000014ba9efdc: 8dab 41f9 

  0x000000014ba9efe0: ;   {poll}
  0x000000014ba9efe0: bf01 40b9 | fb03 0caa | dbf3 01b4 | 6b33 0091 | 79fd df88 | 34f3 7dd3 | 74fe ffb4 | 8be3 c039 
  0x000000014ba9f000: 2b52 0135 | ed03 1faa | 6b33 0091 | e803 19aa | 6dfd e888 | 1f01 196b | ec17 9f9a | 6b43 0091 
  0x000000014ba9f020: 6dfd df88 | 4cfd ff34 | 8b0a 40b9 | 6409 5cd2 | 9910 40f9 | 7f03 0aeb | a005 0054 | bdf1 7dd3 
  0x000000014ba9f040: fdc7 00b4 | ff02 0d6b | 2005 0054 | 8be3 c039 | 4b73 0135 | acff 43d3 | e803 17aa | 4cff e888 
  0x000000014ba9f060: 1f01 176b | f317 9f9a | d301 0034 | eb03 1aaa | ec03 1daa | 8c01 0bca | 8cfd 55d3 | 2c01 00b4 
  0x000000014ba9f080: 6bfd 49d3 | 0c00 98d2 | 0c16 a1f2 | 2c00 c0f2 | 8001 0b8b | 0c00 c039 | 9f11 0071 | 2176 0154 
  0x000000014ba9f0a0: 7302 0034 | 0a17 02b4 | bf3b 03d5 | 8be3 c039 | 5a41 0091 | 4b71 0135 | eb03 1aaa | 4a01 0bca 
  0x000000014ba9f0c0: 4afd 55d3 | 5703 00b9 | 2a01 00b4 | 6afd 49d3 | 0b00 98d2 | 0b16 a1f2 | 2b00 c0f2 | 6001 0a8b 
  0x000000014ba9f0e0: 0a00 c039 | 5f11 0071 | 0171 0154 

  0x000000014ba9f0ec: ;   {metadata('java/lang/Runnable')}
  0x000000014ba9f0ec: 0ae7 9dd2 | 2a00 a0f2 | 0a0e c0f2 | 3f03 0aeb | 01b9 0054 | 3700 0014 | bf02 1aeb | 6005 0054 
  0x000000014ba9f10c: f703 1aaa | 8ae3 c039 | ca19 0135 | eafe 43d3 | e803 14aa | 2aff e888 | 1f01 146b | f817 9f9a 
  0x000000014ba9f12c: d801 0034 | ea03 19aa | eb03 17aa | 6b01 0aca | 6bfd 55d3 | 2b01 00b4 | 4afd 49d3 | 0b00 98d2 
  0x000000014ba9f14c: 0b16 a1f2 | 2b00 c0f2 | 6001 0a8b | 0a00 c039 | 5f11 0071 | 611c 0154 | 9802 0034 | 35b9 01b4 
  0x000000014ba9f16c: bf3b 03d5 | 8be3 c039 | b742 0091 | cb17 0135 | ea03 17aa | eb03 15aa | 6b01 0aca | 6bfd 55d3 
  0x000000014ba9f18c: f402 00b9 | 2b01 00b4 | 4afd 49d3 | 0b00 98d2 | 0b16 a1f2 | 2b00 c0f2 | 6001 0a8b | 0a00 c039 
  0x000000014ba9f1ac: 5f11 0071 | 6117 0154 | cb0a 40b9 | 6409 5cd2 | 8a10 40f9 

  0x000000014ba9f1c0: ;   {metadata('java/lang/Runnable')}
  0x000000014ba9f1c0: 0be7 9dd2 | 2b00 a0f2 | 0b0e c0f2 | f403 16aa | 5f01 0beb | 6108 0054 | f603 13aa | 8b0a 40b9 
  0x000000014ba9f1e0: ;   {metadata('xaero/map/MapProcessor$1')}
  0x000000014ba9f1e0: 6a90 a0d2 | 0a4d 88f2 | 7f01 0a6b | 210a 0054 | 8b0e 40b9 | 73f1 7dd3 

  0x000000014ba9f1f8: ; implicit exception: dispatches to 0x000000014baa3b80
  0x000000014ba9f1f8: 6a12 40f9 | 5f05 00b1 | 41b3 0154 | c900 0010 | 8953 01f9 

  0x000000014ba9f20c: ;   {runtime_call os::javaTimeNanos()}
  0x000000014ba9f20c: 08e1 96d2 | 48d2 a0f2 | 2800 c0f2 | 0001 3fd6 | f617 00f9 | 6012 00f9 | f317 40f9 | 6b9e 41b9 
  0x000000014ba9f22c: ; ImmutableOopMap {r11=NarrowOop r19=Oop [24]=Oop [40]=Oop }
                      ;*goto {reexecute=1 rethrow=0 return_oop=0}
                      ; - (reexecute) net.minecraft.class_310::method_1523@113 (line 1168)
  0x000000014ba9f22c: 8aab 41f9 

  0x000000014ba9f230: ;   {poll}
  0x000000014ba9f230: 5f01 40b9 | 77f1 7dd3 

  0x000000014ba9f238: ; implicit exception: dispatches to 0x000000014baa3b78
  0x000000014ba9f238: ea0a 40b9 

  0x000000014ba9f23c: ;   {metadata('java/util/concurrent/ConcurrentLinkedQueue')}
  0x000000014ba9f23c: 8b21 a0d2 | 0b06 88f2 | 5f01 0b6b | 61ad 0154 | f932 0091 | 34ff df88 | 95f2 7dd3 | fa03 15aa 
  0x000000014ba9f25c: 0a00 0014 | 4a43 0091 | 4bfd df88 | 6af1 7dd3 | 8a1b 00b4 | 5f03 0aeb | 400e 0154 

  0x000000014ba9f278: ; ImmutableOopMap {r10=Oop r19=Oop resp=NarrowOop rdispatch=Oop r23=Oop rmonitors=Derived_oop_r23 [24]=Oop }
                      ;*goto {reexecute=1 rethrow=0 return_oop=0}
                      ; - (reexecute) java.util.concurrent.ConcurrentLinkedQueue::poll@81
                      ; - net.minecraft.class_310::method_1523@92 (line 1167)
  0x000000014ba9f278: 8bab 41f9 

  0x000000014ba9f27c: ;   {poll}
  0x000000014ba9f27c: 7f01 40b9 | fa03 0aaa | 3a7d 01b4 | 4a33 0091 | 58fd df88 | 16f3 7dd3 | 76fe ffb4 | 8be3 c039 
  0x000000014ba9f29c: 8b0a 0135 | ec03 1faa | 4a33 0091 | e803 18aa | 4cfd e888 | 1f01 186b | ea17 9f9a | 4b43 0091 
  0x000000014ba9f2bc: 6bfd df88 | 4afd ff34 | 5f03 15eb | 60f7 ff54 | 77f1 7dd3 | b7f1 ffb4 | 9f02 0b6b | c1f1 ff54 
  0x000000014ba9f2dc: b6ff ff17 

  0x000000014ba9f2e0: ;   {metadata('java/lang/Runnable')}
  0x000000014ba9f2e0: 00e7 9dd2 | 2000 a0f2 | 000e c0f2 | 8514 40f9 | a200 40b9 | a520 0091 | ff63 3feb | c200 00b4 
  0x000000014ba9f300: a884 40f8 | 1f00 08eb | 6000 0054 | 4204 00d1 | 82ff ffb5 | 6100 0054 | 8010 00f9 | e503 1faa 
  0x000000014ba9f320: c5f5 ffb4 | 2104 8012 | fd03 16aa 

  0x000000014ba9f32c: ; ImmutableOopMap {rfp=Oop }
                      ;*checkcast {reexecute=0 rethrow=0 return_oop=0}
                      ; - net.minecraft.class_310::method_1523@97 (line 1167)
                      ;   {runtime_call UncommonTrapBlob}
  0x000000014ba9f32c: 5571 eb96 

  0x000000014ba9f330: ;   {metadata('com/replaymod/core/versions/scheduler/SchedulerImpl$$Lambda$24492+0x000000700417ce88')}
  0x000000014ba9f330: ec82 a0d2 | 0cd1 99f2 | 7f01 0c6b | a1d4 0154 | 8caa 4129 | 4af1 7dd3 | 8ef1 7dd3 | eb03 0032 
  0x000000014ba9f350: ; implicit exception: dispatches to 0x000000014baa3cac
  0x000000014ba9f350: cb35 0039 

  0x000000014ba9f354: ; implicit exception: dispatches to 0x000000014baa3cb8
  0x000000014ba9f354: 4c09 40b9 

  0x000000014ba9f358: ;   {metadata('com/replaymod/core/versions/scheduler/SchedulerImpl$$Lambda$21523+0x0000007003c10fa0')}
  0x000000014ba9f358: 2d78 a0d2 | 0df4 81f2 | 9f01 0d6b | 21d4 0154 | 4cf5 4129 | 8bf1 7dd3 | aaf3 7dd3 | 2bd2 01b4 
  0x000000014ba9f378: ec03 00b9 | 8c87 40f9 | eb07 00f9 | ea1f 00f9 | 8a8f 40f9 | 8b61 0091 | f6bb 02a9 | 7f01 0aeb 
  0x000000014ba9f398: 8261 0154 | ea03 40b2 | 8b87 00f9 | 8a01 00f9 

  0x000000014ba9f3a8: ;   {metadata('com/replaymod/core/versions/scheduler/SchedulerImpl$$Lambda$21523+0x0000007003c10fa0')}
  0x000000014ba9f3a8: 2a78 a0d2 | 0af4 81f2 | 8a7d 0129 | 70c1 80f9 | 9f09 00f9 | 9d11 00b9 | ee03 40b9 | 8e0d 00b9 
  0x000000014ba9f3c8: bf3b 03d5 

  0x000000014ba9f3cc: ;   {oop(a 'net/minecraft/class_310'{0x000000071667aa58})}
  0x000000014ba9f3cc: 0a4b 95d2 | eacc a2f2 | ea00 c0f2 | 4a91 41b9 | 4af1 7dd3 | ed0f 40f9 | bf01 0aeb | c100 0054 
  0x000000014ba9f3ec: ef07 40f9 | ea31 4039 | 6a00 0034 | eb35 4039 | 6ba4 0034 | 8d87 40f9 | eb07 40f9 | 6b11 40b9 
  0x000000014ba9f40c: 8a8f 40f9 | 6bf1 7dd3 | ac61 0091 | ee17 00b9 | eb23 00f9 | 9f01 0aeb | e25d 0154 | ea03 40b2 
  0x000000014ba9f42c: 8c87 00f9 

  0x000000014ba9f430: ;   {metadata('com/replaymod/core/versions/scheduler/SchedulerImpl$$Lambda$21524+0x0000007003c111d0')}
  0x000000014ba9f430: 2b78 a0d2 | 0b3a 82f2 | aa01 00f9 | ab7d 0129 | 90c1 80f9 | bf09 00f9 | bd11 00b9 | ea17 40b9 
  0x000000014ba9f450: aa0d 00b9 | bf3b 03d5 | ec23 40f9 

  0x000000014ba9f45c: ; implicit exception: dispatches to 0x000000014baa3cd0
  0x000000014ba9f45c: 8a15 40b9 | 5df1 7dd3 

  0x000000014ba9f464: ; implicit exception: dispatches to 0x000000014baa3ce8
  0x000000014ba9f464: ab0b 40b9 

  0x000000014ba9f468: ;   {metadata('java/util/concurrent/ConcurrentLinkedQueue')}
  0x000000014ba9f468: 8a21 a0d2 | 0a06 88f2 | 7f01 0a6b | 21cd 0154 | 9387 40f9 | 8a8f 40f9 | 6b62 0091 | 7f01 0aeb 
  0x000000014ba9f488: c25b 0154 | ea03 40b2 | 8b87 00f9 

  0x000000014ba9f494: ;   {metadata('java/util/concurrent/ConcurrentLinkedQueue$Node')}
  0x000000014ba9f494: 8e21 a0d2 | 0e92 88f2 | 6a02 00f9 | 6e0a 00b9 | 70c1 80f9 | 7f0a 00f9 | ec07 00f9 | aafd 43d3 
  0x000000014ba9f4b4: 6a0e 00b9 | bf3a 03d5 | b843 0091 | 17ff df88 | 75fe 43d3 | f403 172a | 0a00 0014 | ff02 0c6b 
  0x000000014ba9f4d4: 0dff df88 | 40a2 0054 | ff02 146b | 619c 0054 | 8aab 41f9 

  0x000000014ba9f4e8: ; ImmutableOopMap {r11=Oop r12=Oop r19=Oop resp=NarrowOop rdispatch=NarrowOop rlocals=Derived_oop_rfp rfp=Oop [8]=Oop [24]=Oop [40]=Oop [48]=Oop }
                      ;*goto {reexecute=1 rethrow=0 return_oop=0}
                      ; - (reexecute) java.util.concurrent.ConcurrentLinkedQueue::offer@117
                      ; - java.util.concurrent.ConcurrentLinkedQueue::add@2
                      ; - net.minecraft.class_1255::method_18858@5 (line 93)
                      ; - com.replaymod.core.versions.scheduler.SchedulerImpl::runLater@61 (line 113)
                      ; - com.replaymod.core.versions.scheduler.SchedulerImpl::runLater@9 (line 99)
                      ; - com.replaymod.core.versions.scheduler.SchedulerImpl::lambda$runLater$1@2 (line 99)
                      ; - com.replaymod.core.versions.scheduler.SchedulerImpl$$Lambda$21523/0x0000007003c10fa0::run@8
                      ; - com.replaymod.core.versions.scheduler.SchedulerImpl::lambda$runLater$2@6 (line 107)
                      ; - com.replaymod.core.versions.scheduler.SchedulerImpl$$Lambda$24492/0x000000700417ce88::run@8
                      ; - net.minecraft.class_310::method_1523@108 (line 1168)
  0x000000014ba9f4e8: 8cf2 7dd3 

  0x000000014ba9f4ec: ;   {poll}
  0x000000014ba9f4ec: 5f01 40b9 | 77fd 43d3 | f9f2 7dd3 | 59c3 01b4 | 2a43 0091 | 4cfd df88 | 8bf1 7dd3 | 4bfe ffb5 
  0x000000014ba9f50c: eb03 1faa | e803 0baa | 55fd e888 | 1f01 0b6b | f617 9f9a | b601 0034 | eb03 13aa | 6b01 0aca 
  0x000000014ba9f52c: 6bfd 55d3 | 2b01 00b4 | 4afd 49d3 | 0b00 98d2 | 0b16 a1f2 | 2b00 c0f2 | 6001 0a8b | 0b00 c039 
  0x000000014ba9f54c: 7f11 0071 | 0120 0154 | 369e 0034 | ff02 146b | a002 0054 | 8be3 c039 | 0b23 0135 | e803 14aa 
  0x000000014ba9f56c: 15ff e888 | 1f01 146b | ea17 9f1a | ca01 0034 | ea03 18aa | eb03 13aa | 6b01 0aca | 6bfd 55d3 
  0x000000014ba9f58c: 2b01 00b4 | 4afd 49d3 | 0b00 98d2 | 0b16 a1f2 | 2b00 c0f2 | 6001 0a8b | 0a00 c039 | 5f11 0071 
  0x000000014ba9f5ac: 0122 0154 | ea07 40f9 | 4b1d 40b9 | 62f1 7dd3 | a200 00b4 

  0x000000014ba9f5c0: ;   {oop(a 'jdk/internal/misc/Unsafe'{0x00000007008af1f0})}
  0x000000014ba9f5c0: 013e 9ed2 | 4111 a0f2 | e100 c0f2 

  0x000000014ba9f5cc: ; ImmutableOopMap {[24]=Oop [40]=Oop [48]=Oop }
                      ;*invokevirtual unpark {reexecute=0 rethrow=0 return_oop=0}
                      ; - java.util.concurrent.locks.LockSupport::unpark@8
                      ; - net.minecraft.class_1255::method_18858@15 (line 94)
                      ; - com.replaymod.core.versions.scheduler.SchedulerImpl::runLater@61 (line 113)
                      ; - com.replaymod.core.versions.scheduler.SchedulerImpl::runLater@9 (line 99)
                      ; - com.replaymod.core.versions.scheduler.SchedulerImpl::lambda$runLater$1@2 (line 99)
                      ; - com.replaymod.core.versions.scheduler.SchedulerImpl$$Lambda$21523/0x0000007003c10fa0::run@8
                      ; - com.replaymod.core.versions.scheduler.SchedulerImpl::lambda$runLater$2@6 (line 107)
                      ; - com.replaymod.core.versions.scheduler.SchedulerImpl$$Lambda$24492/0x000000700417ce88::run@8
                      ; - net.minecraft.class_310::method_1523@108 (line 1168)
                      ;   {optimized virtual_call}
  0x000000014ba9f5cc: 4d56 eb96 | ea1b 40f9 | 5f35 0039 | 13ff ff17 | bf02 1aeb | 4005 0054 | 8ae3 c039 | 0a32 0135 
  0x000000014ba9f5ec: 4bff 43d3 | e803 14aa | 2bff e888 | 1f01 146b | f717 9f9a | d701 0034 | ea03 19aa | eb03 1aaa 
  0x000000014ba9f60c: 6b01 0aca | 6bfd 55d3 | 2b01 00b4 | 4afd 49d3 | 0b00 98d2 | 0b16 a1f2 | 2b00 c0f2 | 6001 0a8b 
  0x000000014ba9f62c: 0a00 c039 | 5f11 0071 | a134 0154 | 9702 0034 | 95d4 01b4 | bf3b 03d5 | 8ae3 c039 | b642 0091 
  0x000000014ba9f64c: 0a30 0135 | ea03 16aa | eb03 15aa | 6b01 0aca | 6bfd 55d3 | d402 00b9 | 2b01 00b4 | 4afd 49d3 
  0x000000014ba9f66c: 0b00 98d2 | 0b16 a1f2 | 2b00 c0f2 | 6001 0a8b | 0a00 c039 | 5f11 0071 | a12f 0154 | f603 13aa 
  0x000000014ba9f68c: ee13 40b9 | 8e36 0134 

  0x000000014ba9f694: ;   {oop(a 'java/lang/Class'{0x0000000712cdcee8} = 'net/minecraft/class_156')}
  0x000000014ba9f694: 0add 99d2 | aa59 a2f2 | ea00 c0f2 | 4a89 40b9 | 4df1 7dd3 

  0x000000014ba9f6a8: ; implicit exception: dispatches to 0x000000014baa3d70
  0x000000014ba9f6a8: ab09 40b9 | ca8a 40b9 

  0x000000014ba9f6b0: ;   {metadata('com/mojang/blaze3d/systems/RenderSystem$$Lambda$22447+0x0000007003d8c978')}
  0x000000014ba9f6b0: 0c7b a0d2 | 0c2f 99f2 | 7f01 0c6b | 4af1 7dd3 | c1c1 0154 | ab0d 40b9 | f603 00f9 | ee0b 00b9 
  0x000000014ba9f6d0: ea0b 00f9 | 61f1 7dd3 | 7d9b 86d2 | ddf6 baf2 | 5dd0 dbf2 | 7d63 e8f2 | 09ea 98d2 | 097b a0f2 
  0x000000014ba9f6f0: 090e c0f2 

  0x000000014ba9f6f4: ; ImmutableOopMap {[0]=Oop [16]=Oop [24]=Oop }
                      ;*invokeinterface getAsLong {reexecute=0 rethrow=0 return_oop=0}
                      ; - com.mojang.blaze3d.systems.RenderSystem$$Lambda$22447/0x0000007003d8c978::getAsLong@4
                      ; - net.minecraft.class_156::method_648@3 (line 126)
                      ; - net.minecraft.class_156::method_658@0 (line 122)
                      ; - net.minecraft.class_310::method_1523@124 (line 1172)
                      ;   {virtual_call}
  0x000000014ba9f6f4: a35f 3597 | 0a7c 5d9b | 4afd 5293 | 4cfd 80cb | eb0b 40f9 

  0x000000014ba9f708: ; implicit exception: dispatches to 0x000000014baa3d78
  0x000000014ba9f708: 6a09 40f9 | 700d 40bd | 8a01 0acb | 5301 229e 

  0x000000014ba9f718: ;   {section_word}
  0x000000014ba9f718: 529f ff1c | 711a 321e | 122a 311e | 4e02 381e 

  0x000000014ba9f728: ;   {oop(a 'java/lang/Class'{0x00000007241a15e8} = 'carpet/CarpetSettings')}
  0x000000014ba9f728: 0abd 82d2 | 4a83 a4f2 | ea00 c0f2 | 5d65 4539 | d001 221e | 3ddb 0135 | 7119 00bd | 513a 301e 
  0x000000014ba9f748: 710d 00bd | ea03 40f9 | 4aa9 41b9 | 6c09 00f9 | ee13 00b9 | 5df1 7dd3 

  0x000000014ba9f760: ; ImmutableOopMap {rfp=Oop [0]=Oop [24]=Oop }
                      ;*invokestatic updateInReplay {reexecute=0 rethrow=0 return_oop=0}
                      ; - net.minecraft.class_310::handler$ndn000$updateInReplay@0 (line 53507)
                      ; - net.minecraft.class_310::method_1523@138 (line 1174)
                      ;   {static_call}
  0x000000014ba9f760: 48ab ac97 | f603 40f9 | cb16 40b9 

  0x000000014ba9f76c: ; implicit exception: dispatches to 0x000000014baa3d84
  0x000000014ba9f76c: aa0b 40b9 

  0x000000014ba9f770: ;   {metadata('net/minecraft/class_3694')}
  0x000000014ba9f770: 6c36 a0d2 | 0c98 92f2 | 5f01 0c6b | 70f1 7dd3 | 61bc 0154 

  0x000000014ba9f784: ; implicit exception: dispatches to 0x000000014baa3d8c
  0x000000014ba9f784: 0b0a 40b9 

  0x000000014ba9f788: ;   {metadata('java/util/concurrent/ConcurrentLinkedQueue')}
  0x000000014ba9f788: 8a21 a0d2 | 0a06 88f2 | 7f01 0a6b | 81bc 0154 | 1732 0091 | f3fe df88 | 6cf2 7dd3 | 2cb7 01b4 
  0x000000014ba9f7a8: 8a31 0091 | 4afd df88 | 4ef1 7dd3 | 2e08 00b5 | f103 0caa | 2a42 0091 | 4ffd df88 | e0f1 7dd3 
  0x000000014ba9f7c8: e001 00b4 | 3f02 00eb | a0e6 0154 

  0x000000014ba9f7d4: ; ImmutableOopMap {r12=Oop r15=NarrowOop r16=Oop c_rarg0=Oop r19=NarrowOop rbcp=Oop r23=Derived_oop_r16 [24]=Oop }
                      ;*goto {reexecute=1 rethrow=0 return_oop=0}
                      ; - (reexecute) java.util.concurrent.ConcurrentLinkedQueue::peek@45
                      ; - net.minecraft.class_1255::method_16075@4 (line 121)
                      ; - net.minecraft.class_1255::method_5383@1 (line 115)
                      ; - net.minecraft.class_310::method_1523@150 (line 1175)
  0x000000014ba9f7d4: 8dab 41f9 

  0x000000014ba9f7d8: ;   {poll}
  0x000000014ba9f7d8: bf01 40b9 | 0a30 0091 | 4afd df88 | 4ef1 7dd3 | ae00 00b4 | 7f02 0f6b | 4006 0054 | f103 00aa 
  0x000000014ba9f7f8: 0600 0014 | f103 00aa | efff ff17 | 9f01 11eb | 6005 0054 | ee03 1faa | 8ae3 c039 | 2a28 0135 
  0x000000014ba9f818: 2bfe 43d3 | e803 13aa | ebfe e888 | 1f01 136b | f517 9f9a | d501 0034 | ea03 17aa | eb03 11aa 
  0x000000014ba9f838: 6b01 0aca | 6bfd 55d3 | 2b01 00b4 | 4afd 49d3 | 0b00 98d2 | 0b16 a1f2 | 2b00 c0f2 | 6001 0a8b 
  0x000000014ba9f858: 0b00 c039 | 7f11 0071 | 612c 0154 | b502 0034 | bf3b 03d5 | 8ae3 c039 | 9841 0091 | aa27 0135 
  0x000000014ba9f878: ea03 18aa | eb03 0caa | 6b01 0aca | 6bfd 55d3 | 1303 00b9 | 6b01 00b4 | 4afd 49d3 | 0b00 98d2 
  0x000000014ba9f898: 0b16 a1f2 | 2b00 c0f2 | 6001 0a8b | 0a00 c039 | 5f11 0071 | 4127 0154 | 0200 0014 | ee03 1faa 
  0x000000014ba9f8b8: 0e19 00b4 | cb09 40b9 | 6409 5cd2 | 8a10 40f9 

  0x000000014ba9f8c8: ;   {metadata('java/lang/Runnable')}
  0x000000014ba9f8c8: 0be7 9dd2 | 2b00 a0f2 | 0b0e c0f2 | 5f01 0beb | 2175 0054 | ca16 40b9 | 41f1 7dd3 

  0x000000014ba9f8e4: ; implicit exception: dispatches to 0x000000014baa3d94
  0x000000014ba9f8e4: 2b08 40b9 

  0x000000014ba9f8e8: ;   {metadata('java/util/concurrent/ConcurrentLinkedQueue')}
  0x000000014ba9f8e8: 8a21 a0d2 | 0a06 88f2 | 7f01 0a6b | 61b2 0154 | f617 00f9 

  0x000000014ba9f8fc: ; ImmutableOopMap {[24]=Oop [40]=Oop }
                      ;*invokevirtual poll {reexecute=0 rethrow=0 return_oop=1}
                      ; - java.util.AbstractQueue::remove@1
                      ; - net.minecraft.class_1255::method_16075@41 (line 130)
                      ; - net.minecraft.class_1255::method_5383@1 (line 115)
                      ; - net.minecraft.class_310::method_1523@150 (line 1175)
                      ;   {optimized virtual_call}
  0x000000014ba9f8fc: 5597 3b97 | eb03 00aa 

  0x000000014ba9f904: ; implicit exception: dispatches to 0x000000014baa3d9c
  0x000000014ba9f904: 0a08 40b9 | 4409 5cd2 | 8a10 40f9 

  0x000000014ba9f910: ;   {metadata('java/lang/Runnable')}
  0x000000014ba9f910: 0ce7 9dd2 | 2c00 a0f2 | 0c0e c0f2 | 5f01 0ceb | 6175 0054 | e103 0baa | ec17 40f9 | 8b19 40b9 
  0x000000014ba9f930: 6a05 0011 | 8a19 00b9 | 0994 9ad2 | a9b3 a0f2 | 0900 ccf2 

  0x000000014ba9f944: ; ImmutableOopMap {[24]=Oop [40]=Oop }
                      ;*invokeinterface run {reexecute=0 rethrow=0 return_oop=0}
                      ; - net.minecraft.class_1255::method_18859@1 (line 156)
                      ; - net.minecraft.class_4093::method_18859@12 (line 23)
                      ; - net.minecraft.class_1255::method_16075@49 (line 130)
                      ; - net.minecraft.class_1255::method_5383@1 (line 115)
                      ; - net.minecraft.class_310::method_1523@150 (line 1175)
                      ;   {virtual_call}
  0x000000014ba9f944: b150 ee96 | f617 40f9 | ca1a 40b9 | 4b05 0051 

  0x000000014ba9f954: ;   {metadata('java/util/concurrent/ConcurrentLinkedQueue')}
  0x000000014ba9f954: 9d21 a0d2 | 1d06 88f2 | cb1a 00b9 | 5200 0014 | f903 1faa | 8be3 c039 | 0b65 0035 | 6afe 43d3 
  0x000000014ba9f974: e803 14aa | aafe e888 | 1f01 146b | f817 9f9a | d801 0034 | ea03 15aa | eb03 13aa | 6b01 0aca 
  0x000000014ba9f994: 6bfd 55d3 | 2b01 00b4 | 4afd 49d3 | 0b00 98d2 | 0b16 a1f2 | 2b00 c0f2 | 6001 0a8b | 0a00 c039 
  0x000000014ba9f9b4: 5f11 0071 | 0168 0054 | 7802 0034 | bf3b 03d5 | 8be3 c039 | 9541 0091 | 4b63 0035 | ea03 15aa 
  0x000000014ba9f9d4: eb03 0caa | 6b01 0aca | 6bfd 55d3 | b402 00b9 | 2b01 00b4 | 4afd 49d3 | 0b00 98d2 | 0b16 a1f2 
  0x000000014ba9f9f4: 2b00 c0f2 | 6001 0a8b | 0b00 c039 | 7f11 0071 | 2163 0054 | 990e 00b4 | 2a0b 40b9 | 4409 5cd2 
  0x000000014ba9fa14: 8a10 40f9 

  0x000000014ba9fa18: ;   {metadata('java/lang/Runnable')}
  0x000000014ba9fa18: 0be7 9dd2 | 2b00 a0f2 | 0b0e c0f2 | 5f01 0beb | 8108 0054 | cb16 40b9 | 61f1 7dd3 

  0x000000014ba9fa34: ; implicit exception: dispatches to 0x000000014baa3b58
  0x000000014ba9fa34: 2a08 40b9 

  0x000000014ba9fa38: ;   {metadata('java/util/concurrent/ConcurrentLinkedQueue')}
  0x000000014ba9fa38: 8c21 a0d2 | 0c06 88f2 | 5f01 0c6b | 210a 0154 | f617 00f9 

  0x000000014ba9fa4c: ; ImmutableOopMap {[24]=Oop [40]=Oop }
                      ;*invokevirtual poll {reexecute=0 rethrow=0 return_oop=1}
                      ; - java.util.AbstractQueue::remove@1
                      ; - net.minecraft.class_1255::method_16075@41 (line 130)
                      ; - net.minecraft.class_1255::method_5383@1 (line 115)
                      ; - net.minecraft.class_310::method_1523@150 (line 1175)
                      ;   {optimized virtual_call}
  0x000000014ba9fa4c: 0197 3b97 | ec03 00aa 

  0x000000014ba9fa54: ; implicit exception: dispatches to 0x000000014baa3b60
  0x000000014ba9fa54: 0a08 40b9 | 4409 5cd2 | 8a10 40f9 

  0x000000014ba9fa60: ;   {metadata('java/lang/Runnable')}
  0x000000014ba9fa60: 0be7 9dd2 | 2b00 a0f2 | 0b0e c0f2 | 5f01 0beb | c108 0054 | e103 0caa | ec17 40f9 | 8b19 40b9 
  0x000000014ba9fa80: 6a05 0011 | 8a19 00b9 | 09fc 92d2 | c9b6 a0f2 | 0900 ccf2 

  0x000000014ba9fa94: ; ImmutableOopMap {[24]=Oop [40]=Oop }
                      ;*invokeinterface run {reexecute=0 rethrow=0 return_oop=0}
                      ; - net.minecraft.class_1255::method_18859@1 (line 156)
                      ; - net.minecraft.class_4093::method_18859@12 (line 23)
                      ; - net.minecraft.class_1255::method_16075@49 (line 130)
                      ; - net.minecraft.class_1255::method_5383@1 (line 115)
                      ; - net.minecraft.class_310::method_1523@150 (line 1175)
                      ;   {virtual_call}
  0x000000014ba9fa94: 5d50 ee96 | f617 40f9 | ca1a 40b9 | 4b05 0051 | cb1a 00b9 | ca16 40b9 | 4df1 7dd3 

  0x000000014ba9fab0: ; implicit exception: dispatches to 0x000000014baa3b50
  0x000000014ba9fab0: aa09 40b9 | 5f01 1d6b | 6105 0154 | b531 0091 | b4fe df88 | 8cf2 7dd3 | cc00 01b4 | 8a31 0091 
  0x000000014ba9fad0: 4afd df88 | 59f1 7dd3 | 99f9 ffb5 | f303 0caa | 6a42 0091 | 4ffd df88 | f0f1 7dd3 | f001 00b4 
  0x000000014ba9faf0: 7f02 10eb | 802e 0154 

  0x000000014ba9faf8: ; ImmutableOopMap {r12=Oop r13=Oop r15=NarrowOop r16=Oop resp=NarrowOop rdispatch=Derived_oop_r13 rbcp=Oop [24]=Oop }
                      ;*goto {reexecute=1 rethrow=0 return_oop=0}
                      ; - (reexecute) java.util.concurrent.ConcurrentLinkedQueue::peek@45
                      ; - net.minecraft.class_1255::method_16075@4 (line 121)
                      ; - net.minecraft.class_1255::method_5383@1 (line 115)
                      ; - net.minecraft.class_310::method_1523@150 (line 1175)
  0x000000014ba9faf8: 8eab 41f9 

  0x000000014ba9fafc: ;   {poll}
  0x000000014ba9fafc: df01 40b9 | 0a32 0091 | 4bfd df88 | 79f1 7dd3 | b900 00b4 | 9f02 0f6b | a0f7 ff54 | f303 10aa 
  0x000000014ba9fb1c: 93ff ff17 | f303 10aa | efff ff17 | 9f01 13eb | c1f1 ff54 | f903 1faa | b5ff ff17 

  0x000000014ba9fb38: ;   {metadata('java/lang/Runnable')}
  0x000000014ba9fb38: 00e7 9dd2 | 2000 a0f2 | 000e c0f2 | 8514 40f9 | a200 40b9 | a520 0091 | ff63 3feb | c200 00b4 
  0x000000014ba9fb58: a884 40f8 | 1f00 08eb | 6000 0054 | 4204 00d1 | 82ff ffb5 | 6100 0054 | 8010 00f9 | e503 1faa 
  0x000000014ba9fb78: a5f5 ffb4 | 2104 8012 | fd03 19aa 

  0x000000014ba9fb84: ; ImmutableOopMap {rfp=Oop }
                      ;*checkcast {reexecute=0 rethrow=0 return_oop=0}
                      ; - net.minecraft.class_1255::method_16075@9 (line 121)
                      ; - net.minecraft.class_1255::method_5383@1 (line 115)
                      ; - net.minecraft.class_310::method_1523@150 (line 1175)
                      ;   {runtime_call UncommonTrapBlob}
  0x000000014ba9fb84: 3f6f eb96 

  0x000000014ba9fb88: ;   {metadata('java/lang/Runnable')}
  0x000000014ba9fb88: 00e7 9dd2 | 2000 a0f2 | 000e c0f2 | 8514 40f9 | a200 40b9 | a520 0091 | ff63 3feb | c200 00b4 
  0x000000014ba9fba8: a884 40f8 | 1f00 08eb | 6000 0054 | 4204 00d1 | 82ff ffb5 | 6100 0054 | 8010 00f9 | e503 1faa 
  0x000000014ba9fbc8: 65f5 ffb4 | 2104 8012 | fd03 0caa 

  0x000000014ba9fbd4: ; ImmutableOopMap {rfp=Oop }
                      ;*checkcast {reexecute=0 rethrow=0 return_oop=0}
                      ; - net.minecraft.class_1255::method_16075@46 (line 130)
                      ; - net.minecraft.class_1255::method_5383@1 (line 115)
                      ; - net.minecraft.class_310::method_1523@150 (line 1175)
                      ;   {runtime_call UncommonTrapBlob}
  0x000000014ba9fbd4: 2b6f eb96 | cbaa 41b9 | 7df1 7dd3 

  0x000000014ba9fbe0: ; implicit exception: dispatches to 0x000000014baa3e0c
  0x000000014ba9fbe0: aa0b 40b9 | ee13 40b9 | df29 0071 | 4d01 8052 | afc1 8e1a 

  0x000000014ba9fbf4: ;   {metadata('net/minecraft/class_3694')}
  0x000000014ba9fbf4: 6d36 a0d2 | 0d98 92f2 | 5f01 0d6b | 019f 0154 | ff01 0071 | 0d03 0054 | ec03 1f2a | 7df1 7dd3 
  0x000000014ba9fc14: ; implicit exception: dispatches to 0x000000014baa3ea0
  0x000000014ba9fc14: aa0b 40b9 

  0x000000014ba9fc18: ;   {metadata('net/minecraft/class_3694')}
  0x000000014ba9fc18: 6b36 a0d2 | 0b98 92f2 | 5f01 0b6b | a1a9 0154 | fd03 0c2a | f603 00f9 | eebf 0129 | e103 16aa 
  0x000000014ba9fc38: ; ImmutableOopMap {[0]=Oop [24]=Oop }
                      ;*invokevirtual method_1574 {reexecute=0 rethrow=0 return_oop=0}
                      ; - net.minecraft.class_310::method_1523@202 (line 1181)
                      ;   {optimized virtual_call}
  0x000000014ba9fc38: 823b 2e96 | f603 40f9 | ac07 0011 | cbaa 41b9 | ef13 40b9 | 9f01 0f6b | 6a00 0054 | ee0f 40b9 
  0x000000014ba9fc58: eeff ff17 | 6b00 0035 | 2101 8012 

  0x000000014ba9fc64: ; ImmutableOopMap {}
                      ;*invokeinterface method_15407 {reexecute=0 rethrow=0 return_oop=0}
                      ; - net.minecraft.class_310::method_1523@215 (line 1183)
                      ;   {runtime_call UncommonTrapBlob}
  0x000000014ba9fc64: 076f eb96 | 7df1 7dd3 | ab0b 40b9 

  0x000000014ba9fc70: ;   {metadata('net/minecraft/class_3694')}
  0x000000014ba9fc70: 6a36 a0d2 | 0a98 92f2 | 7f01 0a6b | a19b 0154 | ec0b 40b9 | caca 40b9 | 41f1 7dd3 | 8196 01b4 
  0x000000014ba9fc90: ec2b 00b9 | fd03 16aa 

  0x000000014ba9fc98: ; ImmutableOopMap {rfp=Oop [24]=Oop }
                      ;*invokevirtual method_1606 {reexecute=0 rethrow=0 return_oop=0}
                      ; - net.minecraft.class_310::method_1523@224 (line 1186)
                      ;   {optimized virtual_call}
  0x000000014ba9fc98: becd da97 | f403 1daa | 8b86 40b9 | 75f1 7dd3 | f595 01b4 | 8ae3 c039 | caf1 0035 

  0x000000014ba9fcb4: ;   {oop("Render"{0x0000000729f59168})}
  0x000000014ba9fcb4: 0b2d 92d2 | ab3e a5f2 | eb00 c0f2 | ea03 15aa | 6b01 0aca 

  0x000000014ba9fcc8: ;   {oop("Render"{0x0000000729f59168})}
  0x000000014ba9fcc8: cca7 bcd2 | ac45 96f2 | 6bfd 55d3 | ac6a 00b9 | 2b01 00b4 | 4afd 49d3 | 0b00 98d2 | 0b16 a1f2 
  0x000000014ba9fce8: 2b00 c0f2 | 6001 0a8b | 0b00 c039 | 7f11 0071 | e1f0 0054 | 8aaa 41b9 | 8c0e 41b9 | 5df1 7dd3 
  0x000000014ba9fd08: ; implicit exception: dispatches to 0x000000014baa3db4
  0x000000014ba9fd08: ab0b 40b9 

  0x000000014ba9fd0c: ;   {metadata('net/minecraft/class_3694')}
  0x000000014ba9fd0c: 6d36 a0d2 | 0d98 92f2 | 7f01 0d6b | 8eb2 40b9 | 8cf1 7dd3 | 6192 0154 | cbf1 7dd3 

  0x000000014ba9fd28: ; implicit exception: dispatches to 0x000000014baa3dbc
  0x000000014ba9fd28: 6b85 40b9 | 70f1 7dd3 

  0x000000014ba9fd30: ; implicit exception: dispatches to 0x000000014baa3dc4
  0x000000014ba9fd30: 8011 40b9 | 11f0 7dd3 

  0x000000014ba9fd38: ; implicit exception: dispatches to 0x000000014baa3dd0
  0x000000014ba9fd38: 2c62 4039 | 0c10 0034 

  0x000000014ba9fd40: ; implicit exception: dispatches to 0x000000014baa3e74
  0x000000014ba9fd40: 0bfa 4039 | cb0f 0034 | 8f87 40f9 | 2e32 40b9 | 8a8f 40f9 | 014a 40b9 | eb81 0091 | 0c36 4a29 
  0x000000014ba9fd60: d7f1 7dd3 | 7f01 0aeb | 2222 0154 | ea03 40b2 | 8b87 00f9 | ea01 00f9 

  0x000000014ba9fd78: ;   {metadata('net/minecraft/class_1140$$Lambda$32310+0x0000007004d87d60')}
  0x000000014ba9fd78: 0e9b a0d2 | 0eac 8ff2 | 70c1 80f9 | ee7d 0129 | ea41 0091 | 5f7d 00a9 | ecb5 0229 | e085 0129 
  0x000000014ba9fd98: bf3b 03d5 

  0x000000014ba9fd9c: ; implicit exception: dispatches to 0x000000014baa3ea8
  0x000000014ba9fd9c: eb1e 40b9 | 6af1 7dd3 | fa0f 40f9 | 5f03 0aeb | a09b 0054 | eb16 40b9 | 7df1 7dd3 

  0x000000014ba9fdb8: ; implicit exception: dispatches to 0x000000014baa3ebc
  0x000000014ba9fdb8: aa0b 40b9 

  0x000000014ba9fdbc: ;   {metadata('java/util/concurrent/ConcurrentLinkedQueue')}
  0x000000014ba9fdbc: 8c21 a0d2 | 0c06 88f2 | 5f01 0c6b | 61a7 0154 | 8d87 40f9 | 8a8f 40f9 | ab61 0091 | 7f01 0aeb 
  0x000000014ba9fddc: 2221 0154 | ea03 40b2 | 8b87 00f9 | aa01 00f9 

  0x000000014ba9fdec: ;   {metadata('java/util/concurrent/ConcurrentLinkedQueue$Node')}
  0x000000014ba9fdec: 8a21 a0d2 | 0a92 88f2 | aa09 00b9 | 70c1 80f9 | bf09 00f9 | eafd 43d3 | aa0d 00b9 | bf3a 03d5 
  0x000000014ba9fe0c: b843 0091 | 13ff df88 | b5fd 43d3 | f603 132a | 0b00 0014 | 7f02 0c6b | 0aff df88 | 20af 0054 
  0x000000014ba9fe2c: 7f02 166b | 01ad 0054 | fb03 0baa | 8bab 41f9 

  0x000000014ba9fe3c: ; ImmutableOopMap {r12=Oop r13=Oop resp=Oop rdispatch=NarrowOop rbcp=NarrowOop r23=Oop rlocals=Derived_oop_rfp rcpool=Oop rheapbase=Oop rfp=Oop }
                      ;*goto {reexecute=1 rethrow=0 return_oop=0}
                      ; - (reexecute) java.util.concurrent.ConcurrentLinkedQueue::offer@117
                      ; - java.util.concurrent.ConcurrentLinkedQueue::add@2
                      ; - net.minecraft.class_1255::method_18858@5 (line 93)
                      ; - net.minecraft.class_1255::execute@13 (line 100)
                      ; - net.minecraft.class_1140::method_4840@45 (line 522)
                      ; - net.minecraft.class_1144::method_4876@5 (line 256)
                      ; - net.minecraft.class_310::method_1523@260 (line 1191)
  0x000000014ba9fe3c: ccf2 7dd3 

  0x000000014ba9fe40: ;   {poll}
  0x000000014ba9fe40: 7f01 40b9 | 73ff 43d3 | 7bf2 7dd3 | db92 01b4 | 6a43 0091 | 4cfd df88 | 8bf1 7dd3 | 2bfe ffb5 
  0x000000014ba9fe60: ec03 1faa | e803 0caa | 55fd e888 | 1f01 0c6b | f917 9f9a | b901 0034 | eb03 0daa | 6b01 0aca 
  0x000000014ba9fe80: 6bfd 55d3 | 2b01 00b4 | 4afd 49d3 | 0b00 98d2 | 0b16 a1f2 | 2b00 c0f2 | 6001 0a8b | 0b00 c039 
  0x000000014ba9fea0: 7f11 0071 | 41fd 0054 | 99fc ff34 | 7f02 166b | a002 0054 | 8be3 c039 | 4b0b 0135 | e803 16aa 
  0x000000014ba9fec0: 15ff e888 | 1f01 166b | ea17 9f1a | ca01 0034 | ea03 18aa | eb03 0daa | 6b01 0aca | 6bfd 55d3 
  0x000000014ba9fee0: 2b01 00b4 | 4afd 49d3 | 0b00 98d2 | 0b16 a1f2 | 2b00 c0f2 | 6001 0a8b | 0a00 c039 | 5f11 0071 
  0x000000014ba9ff00: 610b 0154 | eb1e 40b9 | 62f1 7dd3 | 2201 00b4 | fa03 00f9 | fd03 14aa 

  0x000000014ba9ff18: ;   {oop(a 'jdk/internal/misc/Unsafe'{0x00000007008af1f0})}
  0x000000014ba9ff18: 013e 9ed2 | 4111 a0f2 | e100 c0f2 

  0x000000014ba9ff24: ; ImmutableOopMap {rfp=Oop [0]=Oop }
                      ;*invokevirtual unpark {reexecute=0 rethrow=0 return_oop=0}
                      ; - java.util.concurrent.locks.LockSupport::unpark@8
                      ; - net.minecraft.class_1255::method_18858@15 (line 94)
                      ; - net.minecraft.class_1255::execute@13 (line 100)
                      ; - net.minecraft.class_1140::method_4840@45 (line 522)
                      ; - net.minecraft.class_1144::method_4876@5 (line 256)
                      ; - net.minecraft.class_310::method_1523@260 (line 1191)
                      ;   {optimized virtual_call}
  0x000000014ba9ff24: abc8 1897 | f403 1daa | fa03 40f9 | 8aaa 41b9 | 6a00 0035 | 860c 0014 | fa0f 40f9 

  0x000000014ba9ff40: ;   {oop(a 'java/lang/Class'{0x0000000712cdcee8} = 'net/minecraft/class_156')}
  0x000000014ba9ff40: 0bdd 99d2 | ab59 a2f2 | eb00 c0f2 | 6c89 40b9 | 4bf1 7dd3 | 6a09 40b9 | 9df1 7dd3 

  0x000000014ba9ff5c: ;   {metadata('net/minecraft/class_3694')}
  0x000000014ba9ff5c: 6c36 a0d2 | 0c98 92f2 | 5f01 0c6b | 8180 0154 

  0x000000014ba9ff6c: ; implicit exception: dispatches to 0x000000014baa3ddc
  0x000000014ba9ff6c: ab0b 40b9 

  0x000000014ba9ff70: ;   {metadata('com/mojang/blaze3d/systems/RenderSystem$$Lambda$22447+0x0000007003d8c978')}
  0x000000014ba9ff70: 0a7b a0d2 | 0a2f 99f2 | 7f01 0a6b | 6180 0154 | aa0f 40b9 | f46b 00a9 | 41f1 7dd3 | 09ea 98d2 
  0x000000014ba9ff90: 097b a0f2 | 090e c0f2 

  0x000000014ba9ff98: ; ImmutableOopMap {[0]=Oop [8]=Oop }
                      ;*invokeinterface getAsLong {reexecute=0 rethrow=0 return_oop=0}
                      ; - com.mojang.blaze3d.systems.RenderSystem$$Lambda$22447/0x0000007003d8c978::getAsLong@4
                      ; - net.minecraft.class_156::method_648@3 (line 126)
                      ; - net.minecraft.class_310::method_1523@284 (line 1196)
                      ;   {virtual_call}
  0x000000014ba9ff98: 7a5d 3597 | ec03 40f9 | 8bc1 40b9 | 8ab5 41b9 | e00b 00f9 | 6bf1 7dd3 | 4df1 7dd3 

  0x000000014ba9ffb4: ; implicit exception: dispatches to 0x000000014baa3de4
  0x000000014ba9ffb4: 7d95 4039 | fd8f 0135 

  0x000000014ba9ffbc: ; implicit exception: dispatches to 0x000000014baa3dec
  0x000000014ba9ffbc: ab09 40b9 

  0x000000014ba9ffc0: ;   {metadata('net/minecraft/class_5963')}
  0x000000014ba9ffc0: 6a36 a0d2 | 0ad5 93f2 | 7f01 0a6b | 417e 0154 

  0x000000014ba9ffd0: ;   {oop(a 'java/lang/Class'{0x00000007175e43a8} = 'com/mojang/blaze3d/systems/RenderSystem')}
  0x000000014ba9ffd0: 0a75 88d2 | caeb a2f2 | ea00 c0f2 

  0x000000014ba9ffdc: ;   {oop(a 'java/lang/Class'{0x00000007175e43a8} = 'com/mojang/blaze3d/systems/RenderSystem')}
  0x000000014ba9ffdc: 0b75 88d2 | cbeb a2f2 | eb00 c0f2 | 4a81 40b9 | 10e4 002f | 7d11 4439 | 9019 00fd | 4af1 7dd3 
  0x000000014ba9fffc: 1d8e 0135 | eb07 40f9 | 7f01 0aeb | e17c 0154 | 0120 8852 

  0x000000014baa0010: ;   {oop(a 'java/lang/Class'{0x0000000704816918} = 'net/raphimc/immediatelyfast/ImmediatelyFast')}
  0x000000014baa0010: 1d23 8dd2 | 3d90 a0f2 | fd00 c0f2 

  0x000000014baa001c: ; ImmutableOopMap {rfp=Oop [0]=Oop [8]=Oop }
                      ;*invokestatic glClear {reexecute=0 rethrow=0 return_oop=0}
                      ; - org.lwjgl.opengl.GL11::glClear@1 (line 992)
                      ; - com.mojang.blaze3d.platform.GlStateManager::_clear@4 (line 706)
                      ; - com.mojang.blaze3d.systems.RenderSystem::clear@5 (line 615)
                      ; - net.minecraft.class_310::method_1523@368 (line 1208)
                      ;   {static_call}
  0x000000014baa001c: cdad 0997 | ec03 40f9 | 8a09 41b9 

  0x000000014baa0028: ;   {oop(a 'java/lang/Class'{0x00000007175e43a8} = 'com/mojang/blaze3d/systems/RenderSystem')}
  0x000000014baa0028: 0d75 88d2 | cdeb a2f2 | ed00 c0f2 | ab7b 40b9 | ad81 40b9 | 4ef1 7dd3 | 6af1 7dd3 | abf1 7dd3 
  0x000000014baa0048: ed07 40f9 | bf01 0beb | 017b 0154 

  0x000000014baa0054: ; implicit exception: dispatches to 0x000000014baa3df4
  0x000000014baa0054: 5d49 4039 | 7d93 0134 

  0x000000014baa005c: ; implicit exception: dispatches to 0x000000014baa3dfc
  0x000000014baa005c: cb09 40b9 

  0x000000014baa0060: ;   {metadata('net/minecraft/class_6364')}
  0x000000014baa0060: 2a36 a0d2 | 0a82 85f2 | 7f01 0a6b | 817a 0154 

  0x000000014baa0070: ;   {oop(a 'java/lang/Class'{0x0000000728ad77d0} = 'com/mojang/blaze3d/platform/GlStateManager')}
  0x000000014baa0070: 0afa 8ed2 | aa15 a5f2 | ea00 c0f2 | 5da1 40b9 | c22d 40b9 | 08a8 9152 | bf03 086b | 0092 0154 
  0x000000014baa0090: 4209 1429 | ee0f 00f9 | 01a8 9152 

  0x000000014baa009c: ;   {oop(a 'com/mojang/blaze3d/platform/GlStateManager$class_1040'{0x0000000727e404b0})}
  0x000000014baa009c: 1d96 80d2 | 9dfc a4f2 | fd00 c0f2 

  0x000000014baa00a8: ; ImmutableOopMap {rfp=Oop [0]=Oop [8]=Oop [24]=Oop }
                      ;*invokestatic glBindFramebuffer {reexecute=0 rethrow=0 return_oop=0}
                      ; - org.lwjgl.opengl.GL30::glBindFramebuffer@2 (line 1619)
                      ; - com.mojang.blaze3d.platform.GlStateManager::_glBindFramebuffer@31 (line 342)
                      ; - net.minecraft.class_276::method_22595@9 (line 207)
                      ; - net.minecraft.class_276::method_1235@21 (line 201)
                      ; - net.minecraft.class_310::method_1523@376 (line 1210)
                      ;   {static_call}
  0x000000014baa00a8: 4a2f 1297 

  0x000000014baa00ac: ;   {oop(a 'java/lang/Class'{0x00000007175e43a8} = 'com/mojang/blaze3d/systems/RenderSystem')}
  0x000000014baa00ac: 0b75 88d2 | cbeb a2f2 | eb00 c0f2 | 6c11 4439 | ed0f 40f9 | aa91 4229 | cc00 0035 | 6b81 40b9 
  0x000000014baa00cc: 6bf1 7dd3 | ec07 40f9 | 9f01 0beb | a177 0154 | aa93 0329 | bfff 0229 

  0x000000014baa00e4: ;   {oop(a 'java/lang/Class'{0x0000000713e190d0} = 'net/irisshaders/iris/Iris')}
  0x000000014baa00e4: 1d1a 92d2 | 3d7c a2f2 | fd00 c0f2 | e103 1f2a | e203 1f2a | e303 0a2a 

  0x000000014baa00fc: ; ImmutableOopMap {rfp=Oop [0]=Oop [8]=Oop [24]=Oop }
                      ;*invokestatic glViewport {reexecute=0 rethrow=0 return_oop=0}
                      ; - org.lwjgl.opengl.GL11::glViewport@4 (line 7968)
                      ; - com.mojang.blaze3d.platform.GlStateManager::_viewport@35 (line 647)
                      ; - net.minecraft.class_276::method_22595@26 (line 209)
                      ; - net.minecraft.class_276::method_1235@21 (line 201)
                      ; - net.minecraft.class_310::method_1523@376 (line 1210)
                      ;   {static_call}
  0x000000014baa00fc: b5ac 0997 

  0x000000014baa0100: ;   {oop(a 'java/lang/Class'{0x000000071667a288} = 'net/minecraft/class_310')}
  0x000000014baa0100: 0a51 94d2 | eacc a2f2 | ea00 c0f2 | 4a71 40b9 | ac9f 40b9 | 4bf1 7dd3 

  0x000000014baa0118: ; implicit exception: dispatches to 0x000000014baa3e04
  0x000000014baa0118: 6a05 42b9 | 5df1 7dd3 | 6d09 41b9 | 8cf1 7dd3 | bd8d 01b5 | aaf1 7dd3 | eb0f 40f9 | 7f01 0aeb 
  0x000000014baa0138: ed17 9f1a 

  0x000000014baa013c: ; implicit exception: dispatches to 0x000000014baa3f04
  0x000000014baa013c: 8f19 40b9 | fdf1 7dd3 | 3d3e 00b4 | 8087 40f9 | 8a8f 40f9 | 0b40 0091 | 7f01 0aeb | a2fc 0054 
  0x000000014baa015c: ea03 40b2 | 8b87 00f9 | 0a00 00f9 

  0x000000014baa0168: ;   {metadata('java/util/Optional')}
  0x000000014baa0168: 2a02 a0d2 | 0a78 88f2 | 0a08 00b9 | 70c1 80f9 | 0f0c 00b9 | 0b0c 40b9 | 7df1 7dd3 | 7d2c 00b5 
  0x000000014baa0188: ;   {oop(a 'dev/engine_room/flywheel/backend/engine/uniform/UniformBuffer'{0x000000073babdf20})}
  0x000000014baa0188: 0be4 9bd2 | 6b75 a7f2 | eb00 c0f2 

  0x000000014baa0194: ;   {oop(a 'java/lang/Class'{0x00000007175e43a8} = 'com/mojang/blaze3d/systems/RenderSystem')}
  0x000000014baa0194: 0c75 88d2 | cceb a2f2 | ec00 c0f2 | 6b15 40b9 | 8d81 40b9 | 6ef1 7dd3 | abf1 7dd3 

  0x000000014baa01b0: ;   {oop([F{0x00000007175e5978})}
  0x000000014baa01b0: 0a2f 8bd2 | caeb a2f2 | ea00 c0f2 | 8cd5 40b9 | ed07 40f9 | 5111 40bd | bf01 0beb | e192 0054 
  0x000000014baa01d0: fd03 0032 | bf01 0beb | 8188 0154 

  0x000000014baa01dc: ;   {section_word}
  0x000000014baa01dc: 5249 ff1c 

  0x000000014baa01e0: ;   {oop(a 'java/lang/Class'{0x00000007175e43a8} = 'com/mojang/blaze3d/systems/RenderSystem')}
  0x000000014baa01e0: 0b75 88d2 | cbeb a2f2 | eb00 c0f2 | 9df1 7dd3 | 72fd 00bd | fd87 01b5 

  0x000000014baa01f8: ; implicit exception: dispatches to 0x000000014baa3e14
  0x000000014baa01f8: cb09 40b9 

  0x000000014baa01fc: ;   {metadata('dev/engine_room/flywheel/lib/memory/MemoryBlockImpl')}
  0x000000014baa01fc: 0d7b a0d2 | 0d69 87f2 | 7f01 0d6b | 4171 0154 | dd31 4039 | cb09 40f9 | 3d87 0135 | ec03 0baa 
  0x000000014baa021c: 5215 40bd | 9101 00bd | 5019 40bd | 9205 00bd | 511d 40bd | 9009 00bd | 910d 00bd | 6a41 0091 
  0x000000014baa023c: ea07 00f9 

  0x000000014baa0240: ; ImmutableOopMap {[0]=Oop }
                      ;*invokestatic isOnRenderThread {reexecute=0 rethrow=0 return_oop=0}
                      ; - com.mojang.blaze3d.systems.RenderSystem::assertOnRenderThread@0 (line 172)
                      ; - com.mojang.blaze3d.systems.RenderSystem::getShaderFogStart@0 (line 635)
                      ; - dev.engine_room.flywheel.backend.engine.uniform.FogUniforms::update@44 (line 19)
                      ; - com.mojang.blaze3d.systems.RenderSystem::handler$fej000$flywheel$onSetFogStart@0 (line 2470)
                      ; - com.mojang.blaze3d.systems.RenderSystem::setShaderFogStart@8 (line 628)
                      ; - net.minecraft.class_758::method_23792@3 (line 203)
                      ; - net.minecraft.class_310::method_1523@379 (line 1211)
                      ;   {static_call}
  0x000000014baa0240: 1041 7697 

  0x000000014baa0244: ;   {oop(a 'java/lang/Class'{0x00000007175e43a8} = 'com/mojang/blaze3d/systems/RenderSystem')}
  0x000000014baa0244: 0a75 88d2 | caeb a2f2 | ea00 c0f2 | 40fd 40bd | 8085 0134 | e107 40f9 

  0x000000014baa025c: ; ImmutableOopMap {[0]=Oop }
                      ;*invokestatic writeFloat {reexecute=0 rethrow=0 return_oop=0}
                      ; - dev.engine_room.flywheel.backend.engine.uniform.FogUniforms::update@47 (line 19)
                      ; - com.mojang.blaze3d.systems.RenderSystem::handler$fej000$flywheel$onSetFogStart@0 (line 2470)
                      ; - com.mojang.blaze3d.systems.RenderSystem::setShaderFogStart@8 (line 628)
                      ; - net.minecraft.class_758::method_23792@3 (line 203)
                      ; - net.minecraft.class_310::method_1523@379 (line 1211)
                      ;   {static_call}
  0x000000014baa025c: 494d e797 | fd03 00aa 

  0x000000014baa0264: ; ImmutableOopMap {[0]=Oop }
                      ;*invokestatic getShaderFogEnd {reexecute=0 rethrow=0 return_oop=0}
                      ; - dev.engine_room.flywheel.backend.engine.uniform.FogUniforms::update@52 (line 20)
                      ; - com.mojang.blaze3d.systems.RenderSystem::handler$fej000$flywheel$onSetFogStart@0 (line 2470)
                      ; - com.mojang.blaze3d.systems.RenderSystem::setShaderFogStart@8 (line 628)
                      ; - net.minecraft.class_758::method_23792@3 (line 203)
                      ; - net.minecraft.class_310::method_1523@379 (line 1211)
                      ;   {static_call}
  0x000000014baa0264: d747 1e97 | e103 1daa 

  0x000000014baa026c: ; ImmutableOopMap {[0]=Oop }
                      ;*invokestatic writeFloat {reexecute=0 rethrow=0 return_oop=0}
                      ; - dev.engine_room.flywheel.backend.engine.uniform.FogUniforms::update@55 (line 20)
                      ; - com.mojang.blaze3d.systems.RenderSystem::handler$fej000$flywheel$onSetFogStart@0 (line 2470)
                      ; - com.mojang.blaze3d.systems.RenderSystem::setShaderFogStart@8 (line 628)
                      ; - net.minecraft.class_758::method_23792@3 (line 203)
                      ; - net.minecraft.class_310::method_1523@379 (line 1211)
                      ;   {static_call}
  0x000000014baa026c: 454d e797 | e007 00f9 

  0x000000014baa0274: ; ImmutableOopMap {[0]=Oop }
                      ;*invokestatic getShaderFogShape {reexecute=0 rethrow=0 return_oop=1}
                      ; - dev.engine_room.flywheel.backend.engine.uniform.FogUniforms::update@59 (line 22)
                      ; - com.mojang.blaze3d.systems.RenderSystem::handler$fej000$flywheel$onSetFogStart@0 (line 2470)
                      ; - com.mojang.blaze3d.systems.RenderSystem::setShaderFogStart@8 (line 628)
                      ; - net.minecraft.class_758::method_23792@3 (line 203)
                      ; - net.minecraft.class_310::method_1523@379 (line 1211)
                      ;   {static_call}
  0x000000014baa0274: 33bc 4397 

  0x000000014baa0278: ; implicit exception: dispatches to 0x000000014baa3f18
  0x000000014baa0278: 0214 40b9 | e107 40f9 

  0x000000014baa0280: ; ImmutableOopMap {[0]=Oop }
                      ;*invokestatic writeInt {reexecute=0 rethrow=0 return_oop=0}
                      ; - dev.engine_room.flywheel.backend.engine.uniform.FogUniforms::update@78 (line 24)
                      ; - com.mojang.blaze3d.systems.RenderSystem::handler$fej000$flywheel$onSetFogStart@0 (line 2470)
                      ; - com.mojang.blaze3d.systems.RenderSystem::setShaderFogStart@8 (line 628)
                      ; - net.minecraft.class_758::method_23792@3 (line 203)
                      ; - net.minecraft.class_310::method_1523@379 (line 1211)
                      ;   {static_call}
  0x000000014baa0280: 4071 d197 | ed03 40f9 | aba9 41b9 | ec03 0032 

  0x000000014baa0290: ;   {oop(a 'dev/engine_room/flywheel/backend/engine/uniform/UniformBuffer'{0x000000073babdf20})}
  0x000000014baa0290: 0ae4 9bd2 | 6a75 a7f2 | ea00 c0f2 | 7df1 7dd3 | 4c41 0039 

  0x000000014baa02a4: ; implicit exception: dispatches to 0x000000014baa3e1c
  0x000000014baa02a4: aa0b 40b9 

  0x000000014baa02a8: ;   {metadata('net/minecraft/class_3694')}
  0x000000014baa02a8: 6c36 a0d2 | 0c98 92f2 | 5f01 0c6b | 616c 0154 | bda1 0191 

  0x000000014baa02bc: ; ImmutableOopMap {rfp=Derived_oop_[0] [0]=Oop }
                      ;*invokestatic enableCull {reexecute=0 rethrow=0 return_oop=0}
                      ; - net.minecraft.class_310::method_1523@394 (line 1214)
                      ;   {static_call}
  0x000000014baa02bc: c1a8 7b97 | aeff df08 | ed03 40f9 | aba9 41b9 | 7df1 7dd3 

  0x000000014baa02d0: ; implicit exception: dispatches to 0x000000014baa3e24
  0x000000014baa02d0: aa0b 40b9 

  0x000000014baa02d4: ;   {metadata('net/minecraft/class_3694')}
  0x000000014baa02d4: 6c36 a0d2 | 0c98 92f2 | 5f01 0c6b | 416b 0154 | bda5 4139 | 7d77 0135 | abb1 40b9 | aa89 40b9 
  0x000000014baa02f4: 7df1 7dd3 | ee80 0135 | 4af1 7dd3 

  0x000000014baa0300: ; implicit exception: dispatches to 0x000000014baa3e2c
  0x000000014baa0300: 510d 40bd | f10b 00bd | e103 0daa | e203 1faa 

  0x000000014baa0310: ; ImmutableOopMap {rfp=Oop [0]=Oop }
                      ;*invokespecial handler$zfl000$porting_lib_base$port_lib$renderTickStart {reexecute=0 rethrow=0 return_oop=0}
                      ; - net.minecraft.class_310::method_1523@453 (line 1219)
                      ;   {optimized virtual_call}
  0x000000014baa0310: 809f bc97 | e103 40f9 | e22b 40b9 | e303 1faa 

  0x000000014baa0320: ; ImmutableOopMap {rfp=Oop [0]=Oop }
                      ;*invokespecial handler$jjf000$puzzleslib$runTick$0 {reexecute=0 rethrow=0 return_oop=0}
                      ; - net.minecraft.class_310::method_1523@459 (line 1219)
                      ;   {optimized virtual_call}
  0x000000014baa0320: 6cb2 c697 | e103 40f9 | e22b 40b9 

  0x000000014baa032c: ; ImmutableOopMap {rfp=Oop [0]=Oop }
                      ;*invokevirtual modify$mho000$xaerolib$onRenderCall {reexecute=0 rethrow=0 return_oop=0}
                      ; - net.minecraft.class_310::method_1523@468 (line 1219)
                      ;   {optimized virtual_call}
  0x000000014baa032c: 899e bc97 | e103 40f9 | e203 002a 

  0x000000014baa0338: ; ImmutableOopMap {rfp=Oop [0]=Oop }
                      ;*invokevirtual modify$mkb001$xaeroworldmap$onRenderCall {reexecute=0 rethrow=0 return_oop=0}
                      ; - net.minecraft.class_310::method_1523@476 (line 1219)
                      ;   {optimized virtual_call}
  0x000000014baa0338: 6613 eb97 | e00f 00b9 | e103 40f9 | e22b 40b9 | e303 1faa 

  0x000000014baa034c: ; ImmutableOopMap {rfp=Oop [0]=Oop }
                      ;*invokespecial handler$nbn001$preRender {reexecute=0 rethrow=0 return_oop=0}
                      ; - net.minecraft.class_310::method_1523@482 (line 1219)
                      ;   {optimized virtual_call}
  0x000000014baa034c: 519c bc97 | 7d65 01b4 | e103 1daa | e00b 40bd | e30f 40b9 | e213 40f9 

  0x000000014baa0364: ; ImmutableOopMap {[0]=Oop }
                      ;*invokevirtual method_3192 {reexecute=0 rethrow=0 return_oop=0}
                      ; - net.minecraft.class_310::method_1523@485 (line 1219)
                      ;   {optimized virtual_call}
  0x000000014baa0364: 27ee 3396 | e103 40f9 | e22b 40b9 | e303 1faa 

  0x000000014baa0374: ; ImmutableOopMap {[0]=Oop }
                      ;*invokespecial handler$jjf000$puzzleslib$runTick$1 {reexecute=0 rethrow=0 return_oop=0}
                      ; - net.minecraft.class_310::method_1523@491 (line 1219)
                      ;   {optimized virtual_call}
  0x000000014baa0374: 17b5 c697 | e103 40f9 | e22b 40b9 | e303 1faa 

  0x000000014baa0384: ; ImmutableOopMap {[0]=Oop }
                      ;*invokespecial handler$nbn001$postRender {reexecute=0 rethrow=0 return_oop=0}
                      ; - net.minecraft.class_310::method_1523@497 (line 1219)
                      ;   {optimized virtual_call}
  0x000000014baa0384: a3d9 ce97 | ee03 40f9 | cba9 41b9 | ca09 41b9 | 7df1 7dd3 

  0x000000014baa0398: ; implicit exception: dispatches to 0x000000014baa3e34
  0x000000014baa0398: ac0b 40b9 

  0x000000014baa039c: ;   {metadata('net/minecraft/class_3694')}
  0x000000014baa039c: 6d36 a0d2 | 0d98 92f2 | 9f01 0d6b | cbb1 41b9 | 41f1 7dd3 | 0165 0154 | 7df1 7dd3 | 9d7b 01b5 
  0x000000014baa03bc: ; implicit exception: dispatches to 0x000000014baa3e3c
  0x000000014baa03bc: 2b08 40b9 

  0x000000014baa03c0: ;   {metadata('net/minecraft/class_6364')}
  0x000000014baa03c0: 2a36 a0d2 | 0a82 85f2 | 7f01 0a6b | 6164 0154 | fd03 0eaa 

  0x000000014baa03d4: ; ImmutableOopMap {rfp=Oop [0]=Oop }
                      ;*invokevirtual method_1240 {reexecute=0 rethrow=0 return_oop=0}
                      ; - net.minecraft.class_310::method_1523@585 (line 1232)
                      ;   {optimized virtual_call}
  0x000000014baa03d4: bf45 5297 | aa87 40b9 | ac0b 41b9 | 4af1 7dd3 

  0x000000014baa03e4: ; implicit exception: dispatches to 0x000000014baa3e44
  0x000000014baa03e4: 423d 40b9 | 81f1 7dd3 | 4341 40b9 | a160 01b4 

  0x000000014baa03f4: ; ImmutableOopMap {rfp=Oop [0]=Oop }
                      ;*invokevirtual method_1237 {reexecute=0 rethrow=0 return_oop=0}
                      ; - net.minecraft.class_310::method_1523@606 (line 1234)
                      ;   {optimized virtual_call}
  0x000000014baa03f4: 776b b697 

  0x000000014baa03f8: ; ImmutableOopMap {rfp=Oop [0]=Oop }
                      ;*invokestatic method_648 {reexecute=0 rethrow=0 return_oop=0}
                      ; - net.minecraft.class_310::method_1523@610 (line 1235)
                      ;   {static_call}
  0x000000014baa03f8: 7298 c797 | ec03 1daa | 8aa9 41b9 | 5df1 7dd3 | ea0b 40f9 | 0a00 0acb | 8a21 00f9 

  0x000000014baa0414: ; implicit exception: dispatches to 0x000000014baa3e4c
  0x000000014baa0414: ab0b 40b9 

  0x000000014baa0418: ;   {metadata('net/minecraft/class_3694')}
  0x000000014baa0418: 6d36 a0d2 | 0d98 92f2 | 7f01 0d6b | 8a85 40b9 | 0162 0154 | 41f1 7dd3 | 215f 01b4 | fd03 0caa 
  0x000000014baa0438: ; ImmutableOopMap {rfp=Oop }
                      ;*invokevirtual method_15998 {reexecute=0 rethrow=0 return_oop=0}
                      ; - net.minecraft.class_310::method_1523@652 (line 1241)
                      ;   {optimized virtual_call}
  0x000000014baa0438: d6bb c897 | e103 1daa 

  0x000000014baa0440: ; ImmutableOopMap {rfp=Oop }
                      ;*invokevirtual method_16009 {reexecute=0 rethrow=0 return_oop=0}
                      ; - net.minecraft.class_310::method_1523@656 (line 1242)
                      ;   {optimized virtual_call}
  0x000000014baa0440: 249b bc97 | 1f10 0471 | aa00 0054 | e003 00b9 | e103 002a 

  0x000000014baa0454: ; ImmutableOopMap {rfp=Oop }
                      ;*invokestatic limitDisplayFPS {reexecute=0 rethrow=0 return_oop=0}
                      ; - net.minecraft.class_310::method_1523@671 (line 1244)
                      ;   {static_call}
  0x000000014baa0454: d310 0094 | e003 40b9 | ec03 1daa | 8aa9 41b9 | 5df1 7dd3 

  0x000000014baa0468: ; implicit exception: dispatches to 0x000000014baa3e54
  0x000000014baa0468: ab0b 40b9 

  0x000000014baa046c: ;   {metadata('net/minecraft/class_3694')}
  0x000000014baa046c: 6a36 a0d2 | 0a98 92f2 | 7f01 0a6b | c15f 0154 | e00b 00b9 | fd03 0caa 

  0x000000014baa0484: ; ImmutableOopMap {rfp=Oop }
                      ;*invokestatic yield {reexecute=0 rethrow=0 return_oop=0}
                      ; - net.minecraft.class_310::method_1523@686 (line 1248)
                      ;   {static_call}
  0x000000014baa0484: 337d 3697 | f303 1daa | 6aaa 41b9 | 6c86 40b9 | 5df1 7dd3 

  0x000000014baa0498: ; implicit exception: dispatches to 0x000000014baa3e5c
  0x000000014baa0498: aa0b 40b9 | 94f1 7dd3 

  0x000000014baa04a0: ;   {metadata('net/minecraft/class_3694')}
  0x000000014baa04a0: 6c36 a0d2 | 0c98 92f2 | 5f01 0c6b | a15e 0154 | 745b 01b4 | 8be3 c039 | abb7 0035 

  0x000000014baa04bc: ;   {oop("Post render"{0x0000000729f59060})}
  0x000000014baa04bc: 0b0c 92d2 | ab3e a5f2 | eb00 c0f2 | ea03 14aa | 6b01 0aca 

  0x000000014baa04d0: ;   {oop("Post render"{0x0000000729f59060})}
  0x000000014baa04d0: cda7 bcd2 | 8d41 96f2 | 6bfd 55d3 | 8d6a 00b9 | 7da2 0191 | 2b01 00b4 | 4afd 49d3 | 0b00 98d2 
  0x000000014baa04f0: 0b16 a1f2 | 2b00 c0f2 | 6001 0a8b | 0a00 c039 | 5f11 0071 | a1b6 0054 | 6b4e 40b9 | 6a05 0011 
  0x000000014baa0510: 6a4e 00b9 | f303 00f9 | e103 13aa 

  0x000000014baa051c: ; ImmutableOopMap {rfp=Derived_oop_[0] [0]=Oop }
                      ;*invokevirtual method_1496 {reexecute=0 rethrow=0 return_oop=0}
                      ; - net.minecraft.class_310::method_1523@719 (line 1253)
                      ;   {optimized virtual_call}
  0x000000014baa051c: 5d26 cf97 | bdff df08 | 6070 0135 | dd70 0135 

  0x000000014baa052c: ; ImmutableOopMap {[0]=Oop }
                      ;*invokestatic method_648 {reexecute=0 rethrow=0 return_oop=0}
                      ; - net.minecraft.class_310::method_1523@823 (line 1263)
                      ;   {static_call}
  0x000000014baa052c: 2598 c797 | fd03 40f9 | abeb 40b9 | aa13 40f9 | 61f1 7dd3 | 0200 0acb | 0157 01b4 | e003 00f9 
  0x000000014baa054c: ; ImmutableOopMap {rfp=Oop }
                      ;*invokevirtual method_15247 {reexecute=0 rethrow=0 return_oop=0}
                      ; - net.minecraft.class_310::method_1523@854 (line 1268)
                      ;   {optimized virtual_call}
  0x000000014baa054c: e110 de97 | ec03 1daa | 8aa9 41b9 | 5df1 7dd3 | ea03 40f9 | 8a11 00f9 

  0x000000014baa0564: ; implicit exception: dispatches to 0x000000014baa3e64
  0x000000014baa0564: ab0b 40b9 

  0x000000014baa0568: ;   {metadata('net/minecraft/class_3694')}
  0x000000014baa0568: 6d36 a0d2 | 0d98 92f2 | 7f01 0d6b | 8abd 41b9 | a158 0154 | 5df1 7dd3 | 5d6e 01b5 | fd03 0caa 
  0x000000014baa0588: ; ImmutableOopMap {rfp=Oop }
                      ;*invokestatic method_658 {reexecute=0 rethrow=0 return_oop=0}
                      ; - net.minecraft.class_310::method_1523@914 (line 1277)
                      ;   {static_call}
  0x000000014baa0588: 0eb3 4f97 | ec03 1daa | 8a15 40f9 | 4aa1 0f91 | 1f00 0aeb | ca3b 0054 | 8aa9 41b9 | 5df1 7dd3 
  0x000000014baa05a8: ; implicit exception: dispatches to 0x000000014baa3e6c
  0x000000014baa05a8: ab0b 40b9 

  0x000000014baa05ac: ;   {metadata('net/minecraft/class_3694')}
  0x000000014baa05ac: 6a36 a0d2 | 0a98 92f2 | 7f01 0a6b | 0157 0154 | fd03 0caa | e103 0caa | e22b 40b9 | e303 1faa 
  0x000000014baa05cc: ; ImmutableOopMap {rfp=Oop }
                      ;*invokespecial handler$gip000$lavender$onFrameEnd {reexecute=0 rethrow=0 return_oop=0}
                      ; - net.minecraft.class_310::method_1523@1188 (line 1299)
                      ;   {optimized virtual_call}
  0x000000014baa05cc: 0108 9d97 | e103 1daa | e22b 40b9 | e303 1faa 

  0x000000014baa05dc: ; ImmutableOopMap {rfp=Oop }
                      ;*invokespecial handler$kgk000$sodium$postRender {reexecute=0 rethrow=0 return_oop=0}
                      ; - net.minecraft.class_310::method_1523@1194 (line 1299)
                      ;   {optimized virtual_call}
  0x000000014baa05dc: fdab c697 

  0x000000014baa05e0: ; ImmutableOopMap {rfp=Oop }
                      ;*invokestatic runAllScheduledRenderTasks {reexecute=0 rethrow=0 return_oop=0}
                      ; - net.minecraft.class_310::handler$ldg000$trafficcraft$tc$runAfterClientTick@0 (line 44008)
                      ; - net.minecraft.class_310::method_1523@1200 (line 1299)
                      ;   {static_call}
  0x000000014baa05e0: 58a0 bc97 | e103 1daa | e22b 40b9 | e303 1faa 

  0x000000014baa05f0: ; ImmutableOopMap {}
                      ;*invokevirtual handler$lop000$valkyrienskies$setGamePause {reexecute=0 rethrow=0 return_oop=0}
                      ; - net.minecraft.class_310::method_1523@1206 (line 1299)
                      ;   {optimized virtual_call}
  0x000000014baa05f0: 48ad c697 | fd7b 47a9 | ff03 0291 

  0x000000014baa05fc: ;   {poll_return}
  0x000000014baa05fc: 88a7 41f9 | ff63 28eb | 68d3 0154 | c003 5fd6 | 8a13 40f9 | 4ab9 00b4 | 8b1b 40f9 | f703 0caa 
  0x000000014baa061c: 4c21 00d1 | 6a01 0a8b | 5781 1ff8 | 8c13 00f9 | ec03 17aa | d0fc ff17 | aa02 40b9 | 40f1 7dd3 
  0x000000014baa063c: a09c ffb4 | 8a13 40f9 | 2ad0 00b4 | 8b1b 40f9 | f303 0caa | 4c21 00d1 | 6a01 0a8b | 4081 1ff8 
  0x000000014baa065c: 8c13 00f9 | ec03 13aa | dbfc ff17 | 8a23 40f9 | 8b2b 40f9 | bf3b 03d5 | 0d00 c039 | 8d9c ff34 
  0x000000014baa067c: 1f00 0039 | 2a01 00b5 | e103 1caa | c900 0010 | 8953 01f9 

  0x000000014baa0690: ;   {runtime_call G1BarrierSetRuntime::write_ref_field_post_entry(unsigned char volatile*, JavaThread*)}
  0x000000014baa0690: 0807 99d2 | 88c9 a0f2 | 2800 c0f2 | 0001 3fd6 | dafc ff17 | 4c21 00d1 | 6a01 0a8b | 4081 1ff8 
  0x000000014baa06b0: 8c23 00f9 | d5fc ff17 | 8a23 40f9 | 8b2b 40f9 | bf3b 03d5 | f303 0caa | 0c00 c039 | ec01 0034 
  0x000000014baa06d0: 1f00 0039 | ca00 00b4 | 4c21 00d1 | 6a01 0a8b | 4081 1ff8 | 8c23 00f9 | 0800 0014 | e103 1caa 
  0x000000014baa06f0: c900 0010 | 8953 01f9 

  0x000000014baa06f8: ;   {runtime_call G1BarrierSetRuntime::write_ref_field_post_entry(unsigned char volatile*, JavaThread*)}
  0x000000014baa06f8: 0807 99d2 | 88c9 a0f2 | 2800 c0f2 | 0001 3fd6 | ec03 13aa | acfc ff17 | aa0b 40b9 | 4409 5cd2 
  0x000000014baa0718: 8a10 40f9 

  0x000000014baa071c: ;   {metadata('net/irisshaders/iris/pipeline/WorldRenderingPipeline')}
  0x000000014baa071c: 00cf 8ed2 | c028 a0f2 | 000e c0f2 | 5f01 00eb | 012c 0054 | ab0b 40b9 

  0x000000014baa0734: ;   {metadata('net/irisshaders/iris/pipeline/VanillaRenderingPipeline')}
  0x000000014baa0734: ea7a a0d2 | 0aab 93f2 | 7f01 0a6b | a18f 0054 

  0x000000014baa0744: ;   {oop(a 'net/irisshaders/iris/targets/RenderTargetStateListener$$Lambda$22565+0x0000007003df4e00'{0x0000000727d7f740})}
  0x000000014baa0744: 1de8 9ed2 | fdfa a4f2 | fd00 c0f2 | aa0b 40b9 

  0x000000014baa0754: ;   {metadata('net/irisshaders/iris/targets/RenderTargetStateListener$$Lambda$22565+0x0000007003df4e00')}
  0x000000014baa0754: ec7b a0d2 | 0cc0 89f2 | 5f01 0c6b | 40d1 ff54 

  0x000000014baa0764: ;   {metadata('net/irisshaders/iris/pipeline/IrisRenderingPipeline')}
  0x000000014baa0764: cc90 a0d2 | 0c12 83f2 | 5f01 0c6b | e18c 0154 | adab 0039 | 84fe ff17 

  0x000000014baa077c: ;   {metadata('java/lang/Runnable')}
  0x000000014baa077c: 00e7 9dd2 | 2000 a0f2 | 000e c0f2 | 8514 40f9 | a200 40b9 | a520 0091 | ff63 3feb | c200 00b4 
  0x000000014baa079c: a884 40f8 | 1f00 08eb | 6000 0054 | 4204 00d1 | 82ff ffb5 | 6100 0054 | 8010 00f9 | e503 1faa 
  0x000000014baa07bc: 0589 ffb4 | fd03 0eaa | 2104 8012 

  0x000000014baa07c8: ; ImmutableOopMap {rfp=Oop }
                      ;*checkcast {reexecute=0 rethrow=0 return_oop=0}
                      ; - net.minecraft.class_1255::method_16075@9 (line 121)
                      ; - net.minecraft.class_1255::method_5383@1 (line 115)
                      ; - net.minecraft.class_310::method_1523@150 (line 1175)
                      ;   {runtime_call UncommonTrapBlob}
  0x000000014baa07c8: 2e6c eb96 

  0x000000014baa07cc: ;   {metadata('java/lang/Runnable')}
  0x000000014baa07cc: 00e7 9dd2 | 2000 a0f2 | 000e c0f2 | 8514 40f9 | a200 40b9 | a520 0091 | ff63 3feb | c200 00b4 
  0x000000014baa07ec: a884 40f8 | 1f00 08eb | 6000 0054 | 4204 00d1 | 82ff ffb5 | 6100 0054 | 8010 00f9 | e503 1faa 
  0x000000014baa080c: c588 ffb4 | fd03 0baa | 2104 8012 

  0x000000014baa0818: ; ImmutableOopMap {rfp=Oop }
                      ;*checkcast {reexecute=0 rethrow=0 return_oop=0}
                      ; - net.minecraft.class_1255::method_16075@46 (line 130)
                      ; - net.minecraft.class_1255::method_5383@1 (line 115)
                      ; - net.minecraft.class_310::method_1523@150 (line 1175)
                      ;   {runtime_call UncommonTrapBlob}
  0x000000014baa0818: 1a6c eb96 

  0x000000014baa081c: ;   {metadata('java/lang/Runnable')}
  0x000000014baa081c: 00e7 9dd2 | 2000 a0f2 | 000e c0f2 | 8514 40f9 | a200 40b9 | a520 0091 | ff63 3feb | c200 00b4 
  0x000000014baa083c: a884 40f8 | 1f00 08eb | 6000 0054 | 4204 00d1 | 82ff ffb5 | 6100 0054 | 8010 00f9 | e503 1faa 
  0x000000014baa085c: 2545 ffb4 | 2104 8012 | fd03 14aa 

  0x000000014baa0868: ; ImmutableOopMap {rfp=Oop }
                      ;*checkcast {reexecute=0 rethrow=0 return_oop=0}
                      ; - net.minecraft.class_310::method_1523@97 (line 1167)
                      ;   {runtime_call UncommonTrapBlob}
  0x000000014baa0868: 066c eb96 | 9f02 0d6b | 8000 0054 | abf1 7dd3 | f403 0d2a | 1afb ff17 | f403 0d2a | 18fb ff17 
  0x000000014baa0888: ;   {oop(a 'net/minecraft/class_310'{0x000000071667aa58})}
  0x000000014baa0888: 0a4b 95d2 | eacc a2f2 | ea00 c0f2 | 8287 40f9 | 4a9d 41b9 | 8b8f 40f9 | ec07 00f9 | 4af1 7dd3 
  0x000000014baa08a8: 4c60 0091 | ea1f 00f9 | 9f01 0beb | 62fc 0054 | ea03 40b2 | 8c87 00f9 | 4a00 00f9 

  0x000000014baa08c4: ;   {metadata('com/replaymod/core/versions/scheduler/SchedulerImpl$$Lambda$24492+0x000000700417ce88')}
  0x000000014baa08c4: ea82 a0d2 | 0ad1 99f2 | 4a7c 0129 | 90c1 80f9 | 5f14 00b9 | ea07 40f9 | 4bfd 43d3 | 4b10 00b9 
  0x000000014baa08e4: ea03 40b9 | 4a0c 00b9 | bf3b 03d5 | e11f 40f9 | e9ff 9fd2 | e9ff bff2 | e9ff dff2 

  0x000000014baa0900: ; ImmutableOopMap {[24]=Oop [40]=Oop [48]=Oop }
                      ;*invokeinterface offer {reexecute=0 rethrow=0 return_oop=0}
                      ; - com.replaymod.core.versions.scheduler.SchedulerImpl::runLater@41 (line 104)
                      ; - com.replaymod.core.versions.scheduler.SchedulerImpl::runLater@9 (line 99)
                      ; - com.replaymod.core.versions.scheduler.SchedulerImpl::lambda$runLater$1@2 (line 99)
                      ; - com.replaymod.core.versions.scheduler.SchedulerImpl$$Lambda$21523/0x0000007003c10fa0::run@8
                      ; - com.replaymod.core.versions.scheduler.SchedulerImpl::lambda$runLater$2@6 (line 107)
                      ; - com.replaymod.core.versions.scheduler.SchedulerImpl$$Lambda$24492/0x000000700417ce88::run@8
                      ; - net.minecraft.class_310::method_1523@108 (line 1168)
                      ;   {virtual_call}
  0x000000014baa0900: 4052 eb96 | 33fb ff17 

  0x000000014baa0908: ;   {oop(a 'java/util/Optional'{0x00000007008d2cc0})}
  0x000000014baa0908: 0098 85d2 | a011 a0f2 | e000 c0f2 | 1afe ff17 | eb03 19aa | f2fa ff17 | 9f02 0d6b | c188 0054 
  0x000000014baa0928: aa33 0091 | 4afd df88 | 4bf1 7dd3 | f403 0d2a | ebfa ff17 | 5f01 1beb | 603d ff54 | fd03 1baa 
  0x000000014baa0948: c1f9 ff17 | 8a7c 440b | 437d 0113 | 6a7c 4093 | 7f80 4071 | 2900 0054 | 7f80 4071 | 08fa 0054 
  0x000000014baa0968: 8787 40f9 | eb6c 2a8b | 808f 40f9 | 6b41 0091 | 7f01 00eb | 42f9 0054 | 8b87 00f9 | e003 40b2 
  0x000000014baa0988: 70c1 80f9 | e000 00f9 

  0x000000014baa0990: ;   {metadata({type array long})}
  0x000000014baa0990: 0000 a0d2 | 0034 82f2 | 7001 81f9 | 4a09 0091 | e008 00b9 | 40f1 4092 | 7041 81f9 | ea40 0091 
  0x000000014baa09b0: e30c 00b9 | 0b08 00d1 | 6821 00f1 | 4300 0054 

  0x000000014baa09c0: ;   {runtime_call StubRoutines (2)}
  0x000000014baa09c0: 40fb ea96 | 6b00 1036 | 5f7d 81a8 | 5f7d 81a8 | 4b00 0836 | 5f7d 81a8 | 4b00 0036 | 5f01 00f9 
  0x000000014baa09e0: bf3a 03d5 | 4acc 2f8b | 4041 0091 | e140 0091 | ff01 116b | ca05 0054 | ef58 f937 | 9f01 116b 
  0x000000014baa0a00: a358 0154 | 7f00 0d6b | 6358 0154 | 4d58 f937 | 3f02 0f6b | 2002 0054 | f903 07aa | f503 14aa 
  0x000000014baa0a20: f403 06aa | f703 05aa | fa03 032a | f803 102a | f603 0eaa | a27d 4093 

  0x000000014baa0a38: ;   {runtime_call StubRoutines (2)}
  0x000000014baa0a38: 7cff ea96 | e603 14aa | f403 15aa | ee03 16aa | e503 17aa | f003 182a | e303 1a2a | e703 19aa 
  0x000000014baa0a58: 8be3 c039 | 6bb5 0035 | ea03 0eaa | eb03 07aa | 6b01 0aca | edfc 43d3 | d015 00b9 | 6bfd 55d3 
  0x000000014baa0a78: df11 00b9 | cd19 00b9 | 2b01 00b4 | 4afd 49d3 | 0b00 98d2 | 0b16 a1f2 | 2b00 c0f2 | 6001 0a8b 
  0x000000014baa0a98: 0a00 c039 | 5f11 0071 | a1b4 0054 | c30d 00b9 | b3f8 ff17 | f074 0034 | 9d00 0f4b | ef56 f937 
  0x000000014baa0ab8: 9f01 046b | a356 0154 | 7f00 1d6b | 6356 0154 | 5d56 f937 | 9f00 0f6b | 2002 0054 | f903 07aa 
  0x000000014baa0ad8: f503 14aa | f403 06aa | f703 05aa | fa03 032a | f803 102a | f603 0eaa | a27f 4093 

  0x000000014baa0af4: ;   {runtime_call StubRoutines (2)}
  0x000000014baa0af4: 4dff ea96 | e603 14aa | f403 15aa | ee03 16aa | e503 17aa | f003 182a | e303 1a2a | e703 19aa 
  0x000000014baa0b14: cb19 40b9 | ccbd 4129 | 6df1 7dd3 | ca15 40b9 | 9d01 0f4b 

  0x000000014baa0b28: ; implicit exception: dispatches to 0x000000014baa3f60
  0x000000014baa0b28: ab0d 40b9 | eccc 3d8b | af03 0a0b | 1d54 f937 | 7f01 0a6b | c353 0154 | 7f00 0f6b | 8353 0154 
  0x000000014baa0b48: 6a53 f937 | 6af8 ff34 | 8141 0091 | fa03 07aa | f503 14aa | f403 06aa | f703 05aa | f803 032a 
  0x000000014baa0b68: f903 102a | f603 0eaa | 427d 4093 | a041 0091 

  0x000000014baa0b78: ;   {runtime_call StubRoutines (2)}
  0x000000014baa0b78: 2cff ea96 | e603 14aa | f403 15aa | ee03 16aa | e503 17aa | f003 192a | e303 182a | e703 1aaa 
  0x000000014baa0b98: b0ff ff17 

  0x000000014baa0b9c: ;   {oop(a 'net/minecraft/class_1739'{0x0000000714a7b6a8})}
  0x000000014baa0b9c: 0ad5 96d2 | ea94 a2f2 | ea00 c0f2 | 2cf8 ff17 | fd03 1f2a | 30f8 ff17 | 5f01 1beb | a056 ff54 
  0x000000014baa0bbc: 8ce3 c039 | 8cb3 0035 | 6bff 43d3 | e803 17aa | 4bff e888 | 1f01 176b | f317 9f9a | d301 0034 
  0x000000014baa0bdc: eb03 1aaa | ec03 1baa | 8c01 0bca | 8cfd 55d3 | 2c01 00b4 | 6bfd 49d3 | 0c00 98d2 | 0c16 a1f2 
  0x000000014baa0bfc: 2c00 c0f2 | 8001 0b8b | 0b00 c039 | 7f11 0071 | e1b7 0054 | f353 ff34 | 4a52 01b4 | bf3b 03d5 
  0x000000014baa0c1c: 8ce3 c039 | 5541 0091 | ccb5 0035 | eb03 15aa | 4a01 0bca | 4afd 55d3 | b702 00b9 | aa52 ffb4 
  0x000000014baa0c3c: 6afd 49d3 | 0b00 98d2 | 0b16 a1f2 | 2b00 c0f2 | 6001 0a8b | 0b00 c039 | 7f11 0071 | a051 ff54 
  0x000000014baa0c5c: 8a23 40f9 | 8b2b 40f9 | bf3b 03d5 | 0d00 c039 | 0d51 ff34 | 1f00 0039 | 2a01 00b5 | e103 1caa 
  0x000000014baa0c7c: c900 0010 | 8953 01f9 

  0x000000014baa0c84: ;   {runtime_call G1BarrierSetRuntime::write_ref_field_post_entry(unsigned char volatile*, JavaThread*)}
  0x000000014baa0c84: 0807 99d2 | 88c9 a0f2 | 2800 c0f2 | 0001 3fd6 | 7efa ff17 | 4c21 00d1 | 6a01 0a8b | 4081 1ff8 
  0x000000014baa0ca4: 8c23 00f9 | 79fa ff17 | 8514 40f9 | a200 40b9 | a520 0091 | ff63 3feb | c200 00b4 | a884 40f8 
  0x000000014baa0cc4: 1f00 08eb | 6000 0054 | 4204 00d1 | 82ff ffb5 | 6100 0054 | 8010 00f9 | e503 1faa | 85d2 ffb4 
  0x000000014baa0ce4: 8be3 c039 | 0bd9 0035 

  0x000000014baa0cec: ;   {oop(a 'java/lang/ClassCastException'{0x00000007112000c8})}
  0x000000014baa0cec: 0a19 80d2 | 0a24 a2f2 | ea00 c0f2 | 5f15 00b9 | 0200 0014 | ea03 00aa | e103 0aaa | fd7b 47a9 
  0x000000014baa0d0c: ff03 0291 

  0x000000014baa0d10: ;   {runtime_call _rethrow_Java}
  0x000000014baa0d10: ac3d ee16 | ee0b 40b9 | df11 0471 | 4141 0054 | 8f20 8052 | 1f20 03d5 | 1f20 03d5 | 1f20 03d5 
  0x000000014baa0d30: 9019 40fd | 0822 601e | 8c5b 0154 | 904d 40b9 | 8087 40f9 | 8a8f 40f9 

  0x000000014baa0d48: ;   {oop(a 'java/lang/Class'{0x000000071667a288} = 'net/minecraft/class_310')}
  0x000000014baa0d48: 0d51 94d2 | edcc a2f2 | ed00 c0f2 | 0bc0 0091 | b0c5 00b9 | 7f01 0aeb | e206 0154 | 70c1 80f9 
  0x000000014baa0d68: 8b87 00f9 | ea03 40b2 | 7001 81f9 | 0a00 00f9 

  0x000000014baa0d78: ;   {metadata('java/lang/Object'[])}
  0x000000014baa0d78: 0a00 a0d2 | 0ab4 82f2 | 7041 81f9 | 0a08 00b9 | ed0b 0032 | 0a40 0091 | 0d0c 00b9 | 5f7d 00a9 
  0x000000014baa0d98: 5f7d 01a9 | ec03 00f9 | ee43 0129 | ef1b 00b9 | bf3a 03d5 | ea03 00aa | 5d41 0091 | ea0b 00f9 
  0x000000014baa0db8: e10f 40b9 

  0x000000014baa0dbc: ; ImmutableOopMap {rfp=Derived_oop_[16] [0]=Oop [16]=Oop }
                      ;*invokestatic valueOf {reexecute=0 rethrow=0 return_oop=1}
                      ; - net.minecraft.class_310::method_1523@1011 (line 1287)
                      ;   {static_call}
  0x000000014baa0dbc: 41c0 0b97 | 8ae3 c039 | f303 00aa | 2aae 0035 | ec03 13aa | eb03 1daa | ea03 0caa | 4a01 0bca 
  0x000000014baa0ddc: 8cfd 43d3 | ee0b 40f9 | 4afd 55d3 | d451 0091 | ac03 00b9 | 2a01 00b4 | 6afd 49d3 | 0b00 98d2 
  0x000000014baa0dfc: 0b16 a1f2 | 2b00 c0f2 | 6001 0a8b | 0b00 c039 | 7f11 0071 | a1b5 0054 | 8ae3 c039 | 4aaa 0035 
  0x000000014baa0e1c: ;   {oop("inf"{0x0000000729f58f20})}
  0x000000014baa0e1c: 0be4 91d2 | ab3e a5f2 | eb00 c0f2 | ea03 14aa | 6b01 0aca 

  0x000000014baa0e30: ;   {oop("inf"{0x0000000729f58f20})}
  0x000000014baa0e30: cca7 bcd2 | 8c3c 96f2 | 6bfd 55d3 | 8c02 00b9 | 2b01 00b4 | 4afd 49d3 | 0b00 98d2 | 0b16 a1f2 
  0x000000014baa0e50: 2b00 c0f2 | 6001 0a8b | 0a00 c039 | 5f11 0071 | e1b5 0054 | ec03 40f9 | 93c1 40b9 | 6af2 7dd3 
  0x000000014baa0e70: ; implicit exception: dispatches to 0x000000014baa3f70
  0x000000014baa0e70: 4bcd 40b9 | 6af1 7dd3 

  0x000000014baa0e78: ; implicit exception: dispatches to 0x000000014baa3f78
  0x000000014baa0e78: 4a29 40b9 | 4ff1 7dd3 

  0x000000014baa0e80: ; implicit exception: dispatches to 0x000000014baa4020
  0x000000014baa0e80: eb09 40b9 

  0x000000014baa0e84: ;   {metadata('java/lang/Boolean')}
  0x000000014baa0e84: 6d00 a0d2 | 0d86 83f2 | 7f01 0d6b | d661 0091 | 6160 0154 | eb31 4039 | 6b51 0134 | 8be3 c039 
  0x000000014baa0ea4: aba8 0035 

  0x000000014baa0ea8: ;   {oop(" vsync"{0x0000000729f58ef0})}
  0x000000014baa0ea8: 0bde 91d2 | ab3e a5f2 | eb00 c0f2 | ea03 16aa | 6b01 0aca 

  0x000000014baa0ebc: ;   {oop(" vsync"{0x0000000729f58ef0})}
  0x000000014baa0ebc: cda7 bcd2 | cd3b 96f2 | 6bfd 55d3 | d871 0091 | cd02 00b9 | 2b01 00b4 | 4afd 49d3 | 0b00 98d2 
  0x000000014baa0edc: 0b16 a1f2 | 2b00 c0f2 | 6001 0a8b | 0a00 c039 | 5f11 0071 | 21b4 0054 | 6af2 7dd3 | 4b4d 40b9 
  0x000000014baa0efc: 6af1 7dd3 

  0x000000014baa0f00: ; implicit exception: dispatches to 0x000000014baa3f80
  0x000000014baa0f00: 5729 40b9 | 8ae3 c039 | eaa6 0035 | eaf2 7dd3 | eb03 18aa | ed03 0aaa | ad01 0bca | adfd 55d3 
  0x000000014baa0f20: 1703 00b9 | 4d01 00b4 | 2a01 00b4 | 6afd 49d3 | 0b00 98d2 | 0b16 a1f2 | 2b00 c0f2 | 6001 0a8b 
  0x000000014baa0f40: 0a00 c039 | 5f11 0071 | 21bb 0054 | 6af2 7dd3 | 4b49 40b9 | 6af1 7dd3 

  0x000000014baa0f58: ; implicit exception: dispatches to 0x000000014baa3f88
  0x000000014baa0f58: 4b29 40b9 

  0x000000014baa0f5c: ;   {oop(a 'net/minecraft/class_4063'{0x0000000728a4b510})}
  0x000000014baa0f5c: 8da2 bcd2 | 4dd4 92f2 | 7f01 0d6b | d681 0091 | 613e 0154 | 8ae3 c039 | eaa4 0035 

  0x000000014baa0f78: ;   {oop(""{0x00000007ffe00010})}
  0x000000014baa0f78: 0b02 80d2 | 0bfc bff2 | eb00 c0f2 | ea03 16aa | 6b01 0aca 

  0x000000014baa0f8c: ;   {oop(""{0x00000007ffe00010})}
  0x000000014baa0f8c: 8dff bfd2 | 4d00 80f2 | 6bfd 55d3 | d791 0091 | cd02 00b9 | 2b01 00b4 | 4afd 49d3 | 0b00 98d2 
  0x000000014baa0fac: 0b16 a1f2 | 2b00 c0f2 | 6001 0a8b | 0a00 c039 | 5f11 0071 | 01b1 0054 | 6af2 7dd3 | 4ba9 40b9 
  0x000000014baa0fcc: 6af1 7dd3 

  0x000000014baa0fd0: ; implicit exception: dispatches to 0x000000014baa3f90
  0x000000014baa0fd0: 5429 40b9 | 8ae3 c039 | 8aa4 0035 | 8af2 7dd3 | eb03 17aa | ed03 0aaa | ad01 0bca | adfd 55d3 
  0x000000014baa0ff0: d5a1 0091 | f402 00b9 | 4d01 00b4 | 2a01 00b4 | 6afd 49d3 | 0b00 98d2 | 0b16 a1f2 | 2b00 c0f2 
  0x000000014baa1010: 6001 0a8b | 0a00 c039 | 5f11 0071 | e1b7 0054 | 8be3 c039 | cba0 0035 

  0x000000014baa1028: ;   {oop(""{0x00000007ffe00010})}
  0x000000014baa1028: 0b02 80d2 | 0bfc bff2 | eb00 c0f2 | ea03 15aa | 6b01 0aca 

  0x000000014baa103c: ;   {oop(""{0x00000007ffe00010})}
  0x000000014baa103c: 8fff bfd2 | 4f00 80f2 | 6bfd 55d3 | af02 00b9 | 2b01 00b4 | 4afd 49d3 | 0b00 98d2 | 0b16 a1f2 
  0x000000014baa105c: 2b00 c0f2 | 6001 0a8b | 0b00 c039 | 7f11 0071 | 01af 0054 | fd03 0caa 

  0x000000014baa1074: ;   {oop(a 'java/util/Locale'{0x0000000700955e18})}
  0x000000014baa1074: 01c3 8bd2 | a112 a0f2 | e100 c0f2 

  0x000000014baa1080: ;   {oop("%d fps T: %s%s%s%s B: %d%s"{0x0000000729f58f50})}
  0x000000014baa1080: 02ea 91d2 | a23e a5f2 | e200 c0f2 | e303 0eaa 

  0x000000014baa1090: ; ImmutableOopMap {rfp=Oop }
                      ;*invokestatic format {reexecute=0 rethrow=0 return_oop=1}
                      ; - net.minecraft.class_310::method_1523@1150 (line 1286)
                      ;   {static_call}
  0x000000014baa1090: 0c35 6297 | 8ae3 c039 | f303 00aa | ca9f 0035 | ed03 1daa | ee03 13aa | ea03 0daa | eb03 0eaa 
  0x000000014baa10b0: 6b01 0aca | ccfd 43d3 | 6bfd 55d3 | ac99 01b9 | 4b01 00b4 | 2e01 00b4 | 4afd 49d3 | 0b00 98d2 
  0x000000014baa10d0: 0b16 a1f2 | 2b00 c0f2 | 6001 0a8b | 0a00 c039 | 5f11 0071 | a1b4 0054 | aa15 40f9 | 4aa1 0f91 
  0x000000014baa10f0: aa15 00f9 | bf4d 00b9 | fd03 0daa 

  0x000000014baa10fc: ; ImmutableOopMap {rfp=Oop }
                      ;*invokestatic method_658 {reexecute=0 rethrow=0 return_oop=0}
                      ; - net.minecraft.class_310::method_1523@914 (line 1277)
                      ;   {static_call}
  0x000000014baa10fc: 31b0 4f97 | ec03 1daa | 8a15 40f9 | 4aa1 0f91 | 1f00 0aeb | 8ba4 ff54 | ee0b 40b9 | ef1b 40b9 
  0x000000014baa111c: 05ff ff17 | ea09 40b9 

  0x000000014baa1124: ;   {metadata('net/minecraft/class_1140$$Lambda$32310+0x0000007004d87d60')}
  0x000000014baa1124: 0d9b a0d2 | 0dac 8ff2 | 5f01 0d6b 

  0x000000014baa1130: ;   {oop(a 'org/valkyrienskies/mod/common/config/VSGameConfig$Client'{0x0000000714784930})}
  0x000000014baa1130: 0b26 89d2 | 0b8f a2f2 | eb00 c0f2 | 6125 0154 | eab5 4129 | 40f1 7dd3 | eab1 4229 | 6b1d 40b9 
  0x000000014baa1150: a1f1 7dd3 | 4ef1 7dd3 | 8ff1 7dd3 

  0x000000014baa115c: ; implicit exception: dispatches to 0x000000014baa3f98
  0x000000014baa115c: 0c28 40b9 | 6af1 7dd3 

  0x000000014baa1164: ; implicit exception: dispatches to 0x000000014baa3fa8
  0x000000014baa1164: 5031 4039 | 5109 40fd 

  0x000000014baa116c: ;   {oop(a 'java/lang/Class'{0x000000071667a288} = 'net/minecraft/class_310')}
  0x000000014baa116c: 0a51 94d2 | eacc a2f2 | ea00 c0f2 | 4a71 40b9 

  0x000000014baa117c: ;   {section_word}
  0x000000014baa117c: 70cc fe5c | 4af1 7dd3 | 91f1 7dd3 | 702b 0134 

  0x000000014baa118c: ; implicit exception: dispatches to 0x000000014baa3fb0
  0x000000014baa118c: 4b71 41b9 | 7df1 7dd3 

  0x000000014baa1194: ; implicit exception: dispatches to 0x000000014baa3ff0
  0x000000014baa1194: aa3f 45b9 | 2022 701e | 4bf1 7dd3 | 0128 0154 | 9121 01b4 

  0x000000014baa11a8: ; implicit exception: dispatches to 0x000000014baa3fb8
  0x000000014baa11a8: 6a09 40b9 

  0x000000014baa11ac: ;   {metadata('org/joml/Vector3d')}
  0x000000014baa11ac: 2c48 a0d2 | 0cf2 9cf2 | 5f01 0c6b | 0122 0154 | 7009 40fd | 7111 40fd | 720d 40fd 

  0x000000014baa11c8: ;   {oop(a 'java/lang/Class'{0x0000000727e41340} = 'org/lwjgl/openal/AL')}
  0x000000014baa11c8: 0a68 82d2 | 8afc a4f2 | ea00 c0f2 | 4b79 40b9 | 7df1 7dd3 

  0x000000014baa11dc: ; implicit exception: dispatches to 0x000000014baa3fc0
  0x000000014baa11dc: aa0b 40b9 

  0x000000014baa11e0: ;   {metadata('org/lwjgl/openal/AL$ICDStatic')}
  0x000000014baa11e0: 0c7c a0d2 | 0c59 8ef2 | 1442 621e | 5f01 0c6b | 3142 621e | 5042 621e | e120 0154 | 1342 601e 
  0x000000014baa1200: ;   {oop(a 'org/lwjgl/openal/ALCapabilities'{0x000000076a0d32b8})}
  0x000000014baa1200: 0a57 86d2 | aa41 adf2 | ea00 c0f2 | e10f 00f9 | 3042 601e | fd03 0d2a | f46b 00a9 | e00b 00f9 
  0x000000014baa1220: ee3f 03a9 | f123 00f9 | 4251 40f9 | c100 8252 | 8042 601e | 6142 601e | 0242 601e 

  0x000000014baa123c: ; ImmutableOopMap {rfp=NarrowOop [0]=Oop [8]=Oop [16]=Oop [24]=Oop [48]=Oop [56]=Oop [64]=Oop }
                      ;*invokestatic invokeV {reexecute=0 rethrow=0 return_oop=0}
                      ; - org.lwjgl.openal.AL10::alListener3f@14 (line 484)
                      ; - net.minecraft.class_4227::setVelocity@24 (line 513)
                      ; - net.minecraft.class_1140::wrapOperation$mak000$valkyrienskies$injectListenerVelocity@94 (line 5718)
                      ; - net.minecraft.class_1140::method_19751@19 (line 523)
                      ; - net.minecraft.class_1140$$Lambda$32310/0x0000007004d87d60::run@16
                      ; - net.minecraft.class_1255::execute@20 (line 102)
                      ; - net.minecraft.class_1140::method_4840@45 (line 522)
                      ; - net.minecraft.class_1144::method_4876@5 (line 256)
                      ; - net.minecraft.class_310::method_1523@260 (line 1191)
                      ;   {static_call}
  0x000000014baa123c: b150 eb96 | 8ae3 c039 | 8a80 0035 | ed23 40f9 | ee0f 40f9 | ea03 0daa | eb03 0eaa | 6b01 0aca 
  0x000000014baa125c: 6bfd 55d3 | bd11 00b9 | 4b01 00b4 | 2e01 00b4 | 4afd 49d3 | 0b00 98d2 | 0b16 a1f2 | 2b00 c0f2 
  0x000000014baa127c: 6001 0a8b | 0a00 c039 | 5f11 0071 | e17f 0054 

  0x000000014baa128c: ; implicit exception: dispatches to 0x000000014baa3fc8
  0x000000014baa128c: d009 40fd 

  0x000000014baa1290: ;   {oop(a 'java/lang/Class'{0x0000000727e41340} = 'org/lwjgl/openal/AL')}
  0x000000014baa1290: 0a68 82d2 | 8afc a4f2 | ea00 c0f2 | 4b79 40b9 | d111 40fd | d20d 40fd | 7df1 7dd3 

  0x000000014baa12ac: ; implicit exception: dispatches to 0x000000014baa3fd0
  0x000000014baa12ac: aa0b 40b9 

  0x000000014baa12b0: ;   {metadata('org/lwjgl/openal/AL$ICDStatic')}
  0x000000014baa12b0: 0c7c a0d2 | 0c59 8ef2 | 3442 621e | 5f01 0c6b | 5242 621e | 1142 621e | a11b 0154 

  0x000000014baa12cc: ;   {oop(a 'org/lwjgl/openal/ALCapabilities'{0x000000076a0d32b8})}
  0x000000014baa12cc: 0a57 86d2 | aa41 adf2 | ea00 c0f2 | 4251 40f9 | 8100 8252 | 2042 601e | 4142 601e | 8242 601e 
  0x000000014baa12ec: ; ImmutableOopMap {[0]=Oop [8]=Oop [16]=Oop [48]=Oop [56]=Oop }
                      ;*invokestatic invokeV {reexecute=0 rethrow=0 return_oop=0}
                      ; - org.lwjgl.openal.AL10::alListener3f@14 (line 484)
                      ; - net.minecraft.class_4227::method_19671@23 (line 13)
                      ; - net.minecraft.class_1140::mixinextras$bridge$method_19671$89@27
                      ; - net.minecraft.class_1140$$Lambda$32311/0x0000007004d8c000::call@1
                      ; - net.minecraft.class_1140::wrapOperation$mak000$valkyrienskies$injectListenerVelocity@112 (line 5724)
                      ; - net.minecraft.class_1140::method_19751@19 (line 523)
                      ; - net.minecraft.class_1140$$Lambda$32310/0x0000007004d87d60::run@16
                      ; - net.minecraft.class_1255::execute@20 (line 102)
                      ; - net.minecraft.class_1140::method_4840@45 (line 522)
                      ; - net.minecraft.class_1144::method_4876@5 (line 256)
                      ; - net.minecraft.class_310::method_1523@260 (line 1191)
                      ;   {static_call}
  0x000000014baa12ec: 8550 eb96 | ea0b 40f9 | 4a29 40b9 | 4a17 0134 | 8d87 40f9 | 8a8f 40f9 | aba1 0091 | e207 1f32 
  0x000000014baa130c: 7f01 0aeb | 82d7 0054 | 8b87 00f9 | ea03 40b2 | 70c1 80f9 | aa01 00f9 

  0x000000014baa1324: ;   {metadata({type array float})}
  0x000000014baa1324: 0c00 a0d2 | 0ccf 8cf2 | 7001 81f9 | ac09 00b9 | 7041 81f9 | a20d 00b9 | aa41 0091 | 5f01 00f9 
  0x000000014baa1344: 5ffd 00a9 | bf3a 03d5 | ea1b 40f9 

  0x000000014baa1350: ; implicit exception: dispatches to 0x000000014baa3fd8
  0x000000014baa1350: 510d 40bd | b111 00bd | 5011 40bd | 5115 40bd | b015 00bd | b119 00bd | ea1f 40f9 

  0x000000014baa136c: ; implicit exception: dispatches to 0x000000014baa3fe0
  0x000000014baa136c: 500d 40bd | b01d 00bd | 5111 40bd | 5015 40bd | b121 00bd 

  0x000000014baa1380: ;   {oop(a 'java/lang/Class'{0x0000000727e41340} = 'org/lwjgl/openal/AL')}
  0x000000014baa1380: 0a68 82d2 | 8afc a4f2 | ea00 c0f2 | 4b79 40b9 | b025 00bd | 7df1 7dd3 

  0x000000014baa1398: ; implicit exception: dispatches to 0x000000014baa3fe8
  0x000000014baa1398: aa0b 40b9 

  0x000000014baa139c: ;   {metadata('org/lwjgl/openal/AL$ICDStatic')}
  0x000000014baa139c: 0c7c a0d2 | 0c59 8ef2 | 5f01 0c6b | 4115 0154 

  0x000000014baa13ac: ;   {oop(a 'org/lwjgl/openal/ALCapabilities'{0x000000076a0d32b8})}
  0x000000014baa13ac: 0b57 86d2 | ab41 adf2 | eb00 c0f2 | 6355 40f9 | e101 8252 | e203 0daa 

  0x000000014baa13c4: ; ImmutableOopMap {[0]=Oop [8]=Oop }
                      ;*invokestatic invokePV {reexecute=0 rethrow=0 return_oop=0}
                      ; - org.lwjgl.openal.AL10::alListenerfv@21 (line 1647)
                      ; - net.minecraft.class_4227::method_19672@49 (line 21)
                      ; - net.minecraft.class_1140::method_19751@28 (line 524)
                      ; - net.minecraft.class_1140$$Lambda$32310/0x0000007004d87d60::run@16
                      ; - net.minecraft.class_1255::execute@20 (line 102)
                      ; - net.minecraft.class_1140::method_4840@45 (line 522)
                      ; - net.minecraft.class_1144::method_4876@5 (line 256)
                      ; - net.minecraft.class_310::method_1523@260 (line 1191)
                      ;   {static_call}
  0x000000014baa13c4: 4f50 eb96 | f46b 40a9 | d9fa ff17 | df02 0a6b | 8000 0054 | 4bf1 7dd3 | f603 0a2a | 95fa ff17 
  0x000000014baa13e4: f603 0a2a | 93fa ff17 | 8a13 40f9 | 0a9f 00b4 | 8b1b 40f9 | 4c21 00d1 | 6a01 0a8b | 5681 1ff8 
  0x000000014baa1404: 8c13 00f9 | a6f7 ff17 | df02 0a6b | 6165 0054 | ab33 0091 | 6cfd df88 | 9bf1 7dd3 | f603 0a2a 
  0x000000014baa1424: 85fa ff17 | fd03 1f2a | 6afb ff17 | df11 00b9 | ef03 1f2a | 43f6 ff17 | 8aab 41f9 

  0x000000014baa1440: ; ImmutableOopMap {r19=Oop resp=NarrowOop r23=Oop rmonitors=Derived_oop_r23 [24]=Oop }
                      ;*goto {reexecute=1 rethrow=0 return_oop=0}
                      ; - (reexecute) java.util.concurrent.ConcurrentLinkedQueue::poll@76
                      ; - net.minecraft.class_310::method_1523@92 (line 1167)
  0x000000014baa1440: 34ff df88 

  0x000000014baa1444: ;   {poll}
  0x000000014baa1444: 5f01 40b9 | 83f7 ff17 | 75e6 feb4 | 8a13 40f9 | 0ac9 00b4 | 8b1b 40f9 | 4c21 00d1 | 6a01 0a8b 
  0x000000014baa1464: 5581 1ff8 | 8c13 00f9 | 2bf7 ff17 | ea02 40b9 | 40f1 7dd3 | 20e8 feb4 | 8a13 40f9 | cac8 00b4 
  0x000000014baa1484: 8b1b 40f9 | 4c21 00d1 | 6a01 0a8b | 4081 1ff8 | 8c13 00f9 | 39f7 ff17 | 8a23 40f9 | 8b2b 40f9 
  0x000000014baa14a4: bf3b 03d5 | 0c00 c039 | 4ce8 fe34 | 1f00 0039 | 2a01 00b5 | e103 1caa | c900 0010 | 8953 01f9 
  0x000000014baa14c4: ;   {runtime_call G1BarrierSetRuntime::write_ref_field_post_entry(unsigned char volatile*, JavaThread*)}
  0x000000014baa14c4: 0807 99d2 | 88c9 a0f2 | 2800 c0f2 | 0001 3fd6 | 38f7 ff17 | 4c21 00d1 | 6a01 0a8b | 4081 1ff8 
  0x000000014baa14e4: 8c23 00f9 | 33f7 ff17 | 8a23 40f9 | 8b2b 40f9 | bf3b 03d5 | 0c00 c039 | 4ce3 fe34 | 1f00 0039 
  0x000000014baa1504: 2a01 00b5 | e103 1caa | c900 0010 | 8953 01f9 

  0x000000014baa1514: ;   {runtime_call G1BarrierSetRuntime::write_ref_field_post_entry(unsigned char volatile*, JavaThread*)}
  0x000000014baa1514: 0807 99d2 | 88c9 a0f2 | 2800 c0f2 | 0001 3fd6 | 10f7 ff17 | 4c21 00d1 | 6a01 0a8b | 4081 1ff8 
  0x000000014baa1534: 8c23 00f9 | 0bf7 ff17 | 1f20 03d5 | ee0b 40b9 | 9019 40fd | 0822 601e | 8c29 0154 | 904d 40b9 
  0x000000014baa1554: 8087 40f9 | 8a8f 40f9 

  0x000000014baa155c: ;   {oop(a 'java/lang/Class'{0x000000071667a288} = 'net/minecraft/class_310')}
  0x000000014baa155c: 0d51 94d2 | edcc a2f2 | ed00 c0f2 | 0bc0 0091 | b0c5 00b9 | 7f01 0aeb | e2dd 0054 | 70c1 80f9 
  0x000000014baa157c: 8b87 00f9 | ea03 40b2 | 7001 81f9 | 0a00 00f9 

  0x000000014baa158c: ;   {metadata('java/lang/Object'[])}
  0x000000014baa158c: 0a00 a0d2 | 0ab4 82f2 | 7041 81f9 | 0a08 00b9 | ed0b 0032 | 0a40 0091 | 0d0c 00b9 | 5f7d 00a9 
  0x000000014baa15ac: 5f7d 01a9 | ec03 00f9 | ee43 0129 | bf3a 03d5 | ea03 00aa | 5d41 0091 | ea0b 00f9 | e10f 40b9 
  0x000000014baa15cc: ; ImmutableOopMap {rfp=Derived_oop_[16] [0]=Oop [16]=Oop }
                      ;*invokestatic valueOf {reexecute=0 rethrow=0 return_oop=1}
                      ; - net.minecraft.class_310::method_1523@1011 (line 1287)
                      ;   {static_call}
  0x000000014baa15cc: 3dbe 0b97 | 8be3 c039 | f303 00aa | 6b99 0035 | ec03 13aa | eb03 1daa | ea03 0caa | 8dfd 43d3 
  0x000000014baa15ec: 4a01 0bca | ad03 00b9 | 4afd 55d3 | ed0b 40f9 | bd51 0091 | 2a01 00b4 | 6afd 49d3 | 0b00 98d2 
  0x000000014baa160c: 0b16 a1f2 | 2b00 c0f2 | 6001 0a8b | 0a00 c039 | 5f11 0071 | 41a2 0054 | ed0b 00f9 | e10b 40b9 
  0x000000014baa162c: ; ImmutableOopMap {rfp=Derived_oop_[16] [0]=Oop [16]=Oop }
                      ;*invokestatic valueOf {reexecute=0 rethrow=0 return_oop=1}
                      ; - net.minecraft.class_310::method_1523@1033 (line 1288)
                      ;   {static_call}
  0x000000014baa162c: 25be 0b97 | 8be3 c039 | f303 00aa | cb97 0035 | ec03 13aa | eb03 1daa | ea03 0caa | 4a01 0bca 
  0x000000014baa164c: 8dfd 43d3 | 4afd 55d3 | ad03 00b9 | 2a01 00b4 | 6afd 49d3 | 0b00 98d2 | 0b16 a1f2 | 2b00 c0f2 
  0x000000014baa166c: 6001 0a8b | 0a00 c039 | 5f11 0071 | 41a2 0054 | ec03 40f9 | 93c1 40b9 | 6af2 7dd3 

  0x000000014baa1688: ; implicit exception: dispatches to 0x000000014baa3f70
  0x000000014baa1688: 4bcd 40b9 | 6af1 7dd3 

  0x000000014baa1690: ; implicit exception: dispatches to 0x000000014baa3f78
  0x000000014baa1690: 4a29 40b9 | 4ef1 7dd3 

  0x000000014baa1698: ; implicit exception: dispatches to 0x000000014baa400c
  0x000000014baa1698: cb09 40b9 

  0x000000014baa169c: ;   {metadata('java/lang/Boolean')}
  0x000000014baa169c: 6d00 a0d2 | 0d86 83f2 | 7f01 0d6b | ef0b 40f9 | f661 0091 | 0120 0154 | cb31 4039 | 8b1e 0134 
  0x000000014baa16bc: 8be3 c039 | eb94 0035 

  0x000000014baa16c4: ;   {oop(" vsync"{0x0000000729f58ef0})}
  0x000000014baa16c4: 0bde 91d2 | ab3e a5f2 | eb00 c0f2 | ea03 16aa | 6b01 0aca 

  0x000000014baa16d8: ;   {oop(" vsync"{0x0000000729f58ef0})}
  0x000000014baa16d8: cda7 bcd2 | cd3b 96f2 | 6bfd 55d3 | f771 0091 | cd02 00b9 | 2b01 00b4 | 4afd 49d3 | 0b00 98d2 
  0x000000014baa16f8: 0b16 a1f2 | 2b00 c0f2 | 6001 0a8b | 0b00 c039 | 7f11 0071 | 21a0 0054 | 6af2 7dd3 | 4a4d 40b9 
  0x000000014baa1718: 4af1 7dd3 

  0x000000014baa171c: ; implicit exception: dispatches to 0x000000014baa3f80
  0x000000014baa171c: 5629 40b9 | 8be3 c039 | 2b93 0035 | caf2 7dd3 | eb03 17aa | ed03 0aaa | ad01 0bca | adfd 55d3 
  0x000000014baa173c: f602 00b9 | 4d01 00b4 | 2a01 00b4 | 6afd 49d3 | 0b00 98d2 | 0b16 a1f2 | 2b00 c0f2 | 6001 0a8b 
  0x000000014baa175c: 0b00 c039 | 7f11 0071 | e1a6 0054 | 6af2 7dd3 | 4b49 40b9 | 6af1 7dd3 

  0x000000014baa1774: ; implicit exception: dispatches to 0x000000014baa3f88
  0x000000014baa1774: 4b29 40b9 

  0x000000014baa1778: ;   {oop(a 'net/minecraft/class_4063'{0x0000000728a4b510})}
  0x000000014baa1778: 8da2 bcd2 | 4dd4 92f2 | 7f01 0d6b | f681 0091 | 810c 0154 | 8be3 c039 | 2b91 0035 

  0x000000014baa1794: ;   {oop(""{0x00000007ffe00010})}
  0x000000014baa1794: 0b02 80d2 | 0bfc bff2 | eb00 c0f2 | ea03 16aa | 6b01 0aca 

  0x000000014baa17a8: ;   {oop(""{0x00000007ffe00010})}
  0x000000014baa17a8: 8dff bfd2 | 4d00 80f2 | 6bfd 55d3 | f791 0091 | cd02 00b9 | 2b01 00b4 | 4afd 49d3 | 0b00 98d2 
  0x000000014baa17c8: 0b16 a1f2 | 2b00 c0f2 | 6001 0a8b | 0b00 c039 | 7f11 0071 | e19c 0054 | 6af2 7dd3 | 4ba9 40b9 
  0x000000014baa17e8: 6af1 7dd3 

  0x000000014baa17ec: ; implicit exception: dispatches to 0x000000014baa3f90
  0x000000014baa17ec: 5429 40b9 | 8ae3 c039 | ca90 0035 | 8af2 7dd3 | eb03 17aa | ed03 0aaa | ad01 0bca | adfd 55d3 
  0x000000014baa180c: f5a1 0091 | f402 00b9 | 4d01 00b4 | 2a01 00b4 | 6afd 49d3 | 0b00 98d2 | 0b16 a1f2 | 2b00 c0f2 
  0x000000014baa182c: 6001 0a8b | 0a00 c039 | 5f11 0071 | 81a3 0054 | 8be3 c039 | 0b8d 0035 

  0x000000014baa1844: ;   {oop(""{0x00000007ffe00010})}
  0x000000014baa1844: 0b02 80d2 | 0bfc bff2 | eb00 c0f2 | ea03 15aa | 6b01 0aca 

  0x000000014baa1858: ;   {oop(""{0x00000007ffe00010})}
  0x000000014baa1858: 8eff bfd2 | 4e00 80f2 | 6bfd 55d3 | ae02 00b9 | 2b01 00b4 | 4afd 49d3 | 0b00 98d2 | 0b16 a1f2 
  0x000000014baa1878: 2b00 c0f2 | 6001 0a8b | 0b00 c039 | 7f11 0071 | c19a 0054 | fd03 0caa 

  0x000000014baa1890: ;   {oop(a 'java/util/Locale'{0x0000000700955e18})}
  0x000000014baa1890: 01c3 8bd2 | a112 a0f2 | e100 c0f2 

  0x000000014baa189c: ;   {oop("%d fps T: %s%s%s%s B: %d%s"{0x0000000729f58f50})}
  0x000000014baa189c: 02ea 91d2 | a23e a5f2 | e200 c0f2 | e303 0faa 

  0x000000014baa18ac: ; ImmutableOopMap {rfp=Oop }
                      ;*invokestatic format {reexecute=0 rethrow=0 return_oop=1}
                      ; - net.minecraft.class_310::method_1523@1150 (line 1286)
                      ;   {static_call}
  0x000000014baa18ac: 0533 6297 | 8ae3 c039 | f303 00aa | 0a8c 0035 | ed03 1daa | ee03 13aa | eb03 0daa | ea03 0eaa 
  0x000000014baa18cc: 4a01 0bca | ccfd 43d3 | 4afd 55d3 | ac99 01b9 | 4a01 00b4 | 2e01 00b4 | 6afd 49d3 | 0b00 98d2 
  0x000000014baa18ec: 0b16 a1f2 | 2b00 c0f2 | 6001 0a8b | 0a00 c039 | 5f11 0071 | 41a0 0054 | aa15 40f9 | 4aa1 0f91 
  0x000000014baa190c: aa15 00f9 | bf4d 00b9 | fd03 0daa 

  0x000000014baa1918: ; ImmutableOopMap {rfp=Oop }
                      ;*invokestatic method_658 {reexecute=0 rethrow=0 return_oop=0}
                      ; - net.minecraft.class_310::method_1523@914 (line 1277)
                      ;   {static_call}
  0x000000014baa1918: 2aae 4f97 | ec03 1daa | 8a15 40f9 | 4aa1 0f91 | 1f00 0aeb | aae0 ff54 | 1cfb ff17 

  0x000000014baa1934: ;   {metadata('net/irisshaders/iris/pipeline/IrisRenderingPipeline')}
  0x000000014baa1934: ca90 a0d2 | 0a12 83f2 | 7f01 0a6b | 01fe 0054 | 83fb ff17 | f003 1f2a | 43fc ff17 | 8a23 40f9 
  0x000000014baa1954: 8b2b 40f9 | bf3b 03d5 | 0d00 c039 | addf fe34 | 1f00 0039 | 2a01 00b5 | e103 1caa | c900 0010 
  0x000000014baa1974: 8953 01f9 

  0x000000014baa1978: ;   {runtime_call G1BarrierSetRuntime::write_ref_field_post_entry(unsigned char volatile*, JavaThread*)}
  0x000000014baa1978: 0807 99d2 | 88c9 a0f2 | 2800 c0f2 | 0001 3fd6 | f3f6 ff17 | 4c21 00d1 | 6a01 0a8b | 4081 1ff8 
  0x000000014baa1998: 8c23 00f9 | eef6 ff17 

  0x000000014baa19a0: ;   {oop(a 'java/lang/Class'{0x0000000728b96c10} = 'xaero/map/core/XaeroWorldMapCore')}
  0x000000014baa19a0: 0a82 8dd2 | 2a17 a5f2 | ea00 c0f2 | 4a75 40b9 | 40f1 7dd3 | 4075 00b5 | f303 1daa | f403 40f9 
  0x000000014baa19c0: 3cf5 ff17 | 80f2 7dd3 | 00dd feb4 | 8a13 40f9 | eab6 00b4 | 8b1b 40f9 | 4c21 00d1 | 6a01 0a8b 
  0x000000014baa19e0: 4081 1ff8 | 8c13 00f9 | e0f6 ff17 | 8a2b 40f9 | 8b23 40f9 | bf3b 03d5 | 0c00 c039 | acdd fe34 
  0x000000014baa1a00: 1f00 0039 | 2b01 00b5 | e103 1caa | c900 0010 | 8953 01f9 

  0x000000014baa1a14: ;   {runtime_call G1BarrierSetRuntime::write_ref_field_post_entry(unsigned char volatile*, JavaThread*)}
  0x000000014baa1a14: 0807 99d2 | 88c9 a0f2 | 2800 c0f2 | 0001 3fd6 | e3f6 ff17 | 6c21 00d1 | 4a01 0b8b | 4081 1ff8 
  0x000000014baa1a34: 8c23 00f9 | def6 ff17 | ea03 0d2a | bcfb ff17 | 8b13 40f9 | 4ba2 00b4 | 8c1b 40f9 | 6d21 00d1 
  0x000000014baa1a54: 8b01 0b8b | 7481 1ff8 | 8d13 00f9 | 69f5 ff17 | aa6a 40b9 | 40f1 7dd3 | c0a2 feb4 | 8a13 40f9 
  0x000000014baa1a74: cab7 00b4 | 8b1b 40f9 | 4c21 00d1 | 6a01 0a8b | 4081 1ff8 | 8c13 00f9 | 0ef5 ff17 | 8a23 40f9 
  0x000000014baa1a94: 8b2b 40f9 | bf3b 03d5 | 0c00 c039 | 6ca3 fe34 | 1f00 0039 | 2a01 00b5 | e103 1caa | c900 0010 
  0x000000014baa1ab4: 8953 01f9 

  0x000000014baa1ab8: ;   {runtime_call G1BarrierSetRuntime::write_ref_field_post_entry(unsigned char volatile*, JavaThread*)}
  0x000000014baa1ab8: 0807 99d2 | 88c9 a0f2 | 2800 c0f2 | 0001 3fd6 | 11f5 ff17 | 4c21 00d1 | 6a01 0a8b | 4081 1ff8 
  0x000000014baa1ad8: 8c23 00f9 | 0cf5 ff17 | 2101 8012 

  0x000000014baa1ae4: ; ImmutableOopMap {}
                      ;*getfield item {reexecute=1 rethrow=0 return_oop=0}
                      ; - (reexecute) java.util.concurrent.ConcurrentLinkedQueue::peek@8
                      ; - net.minecraft.class_1255::method_16075@4 (line 121)
                      ; - net.minecraft.class_1255::method_5383@1 (line 115)
                      ; - net.minecraft.class_310::method_1523@150 (line 1175)
                      ;   {runtime_call UncommonTrapBlob}
  0x000000014baa1ae4: 6767 eb96 | ab6a 40b9 | 60f1 7dd3 | 200e ffb4 | 8a13 40f9 | eab4 00b4 | 8b1b 40f9 | 4c21 00d1 
  0x000000014baa1b04: 6a01 0a8b | 4081 1ff8 | 8c13 00f9 | 69f8 ff17 | 8a23 40f9 | 8b2b 40f9 | bf3b 03d5 | 0d00 c039 
  0x000000014baa1b24: cd0e ff34 | 1f00 0039 | 2a01 00b5 | e103 1caa | c900 0010 | 8953 01f9 

  0x000000014baa1b3c: ;   {runtime_call G1BarrierSetRuntime::write_ref_field_post_entry(unsigned char volatile*, JavaThread*)}
  0x000000014baa1b3c: 0807 99d2 | 88c9 a0f2 | 2800 c0f2 | 0001 3fd6 | 6cf8 ff17 | 4c21 00d1 | 6a01 0a8b | 4081 1ff8 
  0x000000014baa1b5c: 8c23 00f9 | 67f8 ff17 | eb0b 40b9 | ea13 40f9 | ea07 00f9 | ea13 40b9 | 2104 8012 | eb2b 0029 
  0x000000014baa1b7c: f65b 01a9 | ed13 00f9 

  0x000000014baa1b84: ; ImmutableOopMap {[16]=Oop [24]=Oop [32]=Oop }
                      ;*invokeinterface peek {reexecute=0 rethrow=0 return_oop=0}
                      ; - net.minecraft.class_1255::method_16075@4 (line 121)
                      ; - net.minecraft.class_1255::method_5383@1 (line 115)
                      ; - net.minecraft.class_310::method_1523@150 (line 1175)
                      ;   {runtime_call UncommonTrapBlob}
  0x000000014baa1b84: 3f67 eb96 | ea0b 40b9 | ea03 00b9 | eb13 40b9 | ea13 40f9 | eb07 00b9 | eadb 00a9 | f687 01a9 
  0x000000014baa1ba4: 2104 8012 

  0x000000014baa1ba8: ; ImmutableOopMap {[16]=Oop [24]=Oop [32]=Oop }
                      ;*invokeinterface remove {reexecute=0 rethrow=0 return_oop=0}
                      ; - net.minecraft.class_1255::method_16075@41 (line 130)
                      ; - net.minecraft.class_1255::method_5383@1 (line 115)
                      ; - net.minecraft.class_310::method_1523@150 (line 1175)
                      ;   {runtime_call UncommonTrapBlob}
  0x000000014baa1ba8: 3667 eb96 | 8a6a 40b9 | 40f1 7dd3 | 4048 ffb4 | 8a13 40f9 | 0ab1 00b4 | 8b1b 40f9 | 4c21 00d1 
  0x000000014baa1bc8: 6a01 0a8b | 4081 1ff8 | 8c13 00f9 | 3afa ff17 | 8a23 40f9 | 8b2b 40f9 | bf3b 03d5 | 0c00 c039 
  0x000000014baa1be8: 0c49 ff34 | 1f00 0039 | 2a01 00b5 | e103 1caa | c900 0010 | 8953 01f9 

  0x000000014baa1c00: ;   {runtime_call G1BarrierSetRuntime::write_ref_field_post_entry(unsigned char volatile*, JavaThread*)}
  0x000000014baa1c00: 0807 99d2 | 88c9 a0f2 | 2800 c0f2 | 0001 3fd6 | 3efa ff17 | 4c21 00d1 | 6a01 0a8b | 4081 1ff8 
  0x000000014baa1c20: 8c23 00f9 | 39fa ff17 | 35ce feb4 | 8a13 40f9 | 6abb 00b4 | 8b1b 40f9 | 4c21 00d1 | 6a01 0a8b 
  0x000000014baa1c40: 5581 1ff8 | 8c13 00f9 | 69f6 ff17 | cb02 40b9 | 60f1 7dd3 | e0cf feb4 | 8a13 40f9 | 2abb 00b4 
  0x000000014baa1c60: 8b1b 40f9 | 4c21 00d1 | 6a01 0a8b | 4081 1ff8 | 8c13 00f9 | 77f6 ff17 | 8a23 40f9 | 8b2b 40f9 
  0x000000014baa1c80: bf3b 03d5 | 0c00 c039 | 0cd0 fe34 | 1f00 0039 | 2a01 00b5 | e103 1caa | c900 0010 | 8953 01f9 
  0x000000014baa1ca0: ;   {runtime_call G1BarrierSetRuntime::write_ref_field_post_entry(unsigned char volatile*, JavaThread*)}
  0x000000014baa1ca0: 0807 99d2 | 88c9 a0f2 | 2800 c0f2 | 0001 3fd6 | 76f6 ff17 | 4c21 00d1 | 6a01 0a8b | 4081 1ff8 
  0x000000014baa1cc0: 8c23 00f9 | 71f6 ff17 | 8a23 40f9 | 8b2b 40f9 | bf3b 03d5 | 0c00 c039 | 0ccb fe34 | 1f00 0039 
  0x000000014baa1ce0: 2a01 00b5 | e103 1caa | c900 0010 | 8953 01f9 

  0x000000014baa1cf0: ;   {runtime_call G1BarrierSetRuntime::write_ref_field_post_entry(unsigned char volatile*, JavaThread*)}
  0x000000014baa1cf0: 0807 99d2 | 88c9 a0f2 | 2800 c0f2 | 0001 3fd6 | 4ef6 ff17 | 4c21 00d1 | 6a01 0a8b | 4081 1ff8 
  0x000000014baa1d10: 8c23 00f9 | 49f6 ff17 | 8a13 40f9 | ca9e 00b4 | 8b1b 40f9 | 4d21 00d1 | 6a01 0a8b | 4c81 1ff8 
  0x000000014baa1d30: 8d13 00f9 | b9f6 ff17 | f703 0caa | e103 1caa | e003 0caa | c900 0010 | 8953 01f9 

  0x000000014baa1d4c: ;   {runtime_call G1BarrierSetRuntime::write_ref_field_pre_entry(oopDesc*, JavaThread*)}
  0x000000014baa1d4c: 0800 99d2 | 88c9 a0f2 | 2800 c0f2 | 0001 3fd6 | 34fa ff17 | ec03 1f2a | c8f7 ff17 | 0b03 40b9 
  0x000000014baa1d6c: 60f1 7dd3 | 40d8 feb4 | 8a13 40f9 | 4ab3 00b4 | 8b1b 40f9 | 4d21 00d1 | 6a01 0a8b | 4081 1ff8 
  0x000000014baa1d8c: 8d13 00f9 | baf6 ff17 | 8a23 40f9 | 8b2b 40f9 | bf3b 03d5 | 0c00 c039 | acd8 fe34 | 1f00 0039 
  0x000000014baa1dac: 6a01 00b5 | f403 0eaa | e103 1caa | c900 0010 | 8953 01f9 

  0x000000014baa1dc0: ;   {runtime_call G1BarrierSetRuntime::write_ref_field_post_entry(unsigned char volatile*, JavaThread*)}
  0x000000014baa1dc0: 0807 99d2 | 88c9 a0f2 | 2800 c0f2 | 0001 3fd6 | ee03 14aa | b9f6 ff17 | 4c21 00d1 | 6a01 0a8b 
  0x000000014baa1de0: 4081 1ff8 | 8c23 00f9 | b4f6 ff17 | 8a23 40f9 | 8b2b 40f9 | bf3b 03d5 | 0f00 c039 | 4fd3 fe34 
  0x000000014baa1e00: 1f00 0039 | aa01 00b5 | f803 0eaa | f703 0caa | e103 1caa | c900 0010 | 8953 01f9 

  0x000000014baa1e1c: ;   {runtime_call G1BarrierSetRuntime::write_ref_field_post_entry(unsigned char volatile*, JavaThread*)}
  0x000000014baa1e1c: 0807 99d2 | 88c9 a0f2 | 2800 c0f2 | 0001 3fd6 | ec03 17aa | ee03 18aa | 8cf6 ff17 | 4d21 00d1 
  0x000000014baa1e3c: 6a01 0a8b | 4081 1ff8 | 8d23 00f9 | 87f6 ff17 | 8a23 40f9 | 8b2b 40f9 | bf3b 03d5 | 0e00 c039 
  0x000000014baa1e5c: 6e02 ff34 | 1f00 0039 | 8a01 00b5 | ed07 00f9 | e103 1caa | c900 0010 | 8953 01f9 

  0x000000014baa1e78: ;   {runtime_call G1BarrierSetRuntime::write_ref_field_post_entry(unsigned char volatile*, JavaThread*)}
  0x000000014baa1e78: 0807 99d2 | 88c9 a0f2 | 2800 c0f2 | 0001 3fd6 | f703 00f9 | f737 40a9 | 06f8 ff17 | 4c21 00d1 
  0x000000014baa1e98: 6a01 0a8b | 4081 1ff8 | 8c23 00f9 | 01f8 ff17 | 8cab 41f9 

  0x000000014baa1eac: ; ImmutableOopMap {r14=Oop rbcp=Oop r23=NarrowOop rcpool=Derived_oop_r14 [24]=Oop }
                      ;*goto {reexecute=1 rethrow=0 return_oop=0}
                      ; - (reexecute) java.util.concurrent.ConcurrentLinkedQueue::poll@76
                      ; - net.minecraft.class_310::method_1523@92 (line 1167)
  0x000000014baa1eac: 57ff df88 

  0x000000014baa1eb0: ;   {poll}
  0x000000014baa1eb0: 9f01 40b9 | 41f4 ff17 | ea8c feb4 | 8b13 40f9 | 8bab 00b4 | 8c1b 40f9 | 6d21 00d1 | 8b01 0b8b 
  0x000000014baa1ed0: 6a81 1ff8 | 8d13 00f9 | 5ff4 ff17 | 4c03 40b9 | 80f1 7dd3 | a08e feb4 | 8b13 40f9 | 0bac 00b4 
  0x000000014baa1ef0: 8c1b 40f9 | 6d21 00d1 | 8b01 0b8b | 6081 1ff8 | 8d13 00f9 | 6df4 ff17 | 8a23 40f9 | 8b2b 40f9 
  0x000000014baa1f10: bf3b 03d5 | 0c00 c039 | ac8e fe34 | 1f00 0039 | 6a01 00b5 | f503 04aa | e103 1caa | c900 0010 
  0x000000014baa1f30: 8953 01f9 

  0x000000014baa1f34: ;   {runtime_call G1BarrierSetRuntime::write_ref_field_post_entry(unsigned char volatile*, JavaThread*)}
  0x000000014baa1f34: 0807 99d2 | 88c9 a0f2 | 2800 c0f2 | 0001 3fd6 | e403 15aa | 69f4 ff17 | 4c21 00d1 | 6a01 0a8b 
  0x000000014baa1f54: 4081 1ff8 | 8c23 00f9 | 64f4 ff17 | 8b23 40f9 | 8c2b 40f9 | bf3b 03d5 | 0e00 c039 | 8e89 fe34 
  0x000000014baa1f74: 1f00 0039 | eb01 00b5 | fa03 04aa | f503 0aaa | e103 1caa | c900 0010 | 8953 01f9 

  0x000000014baa1f90: ;   {runtime_call G1BarrierSetRuntime::write_ref_field_post_entry(unsigned char volatile*, JavaThread*)}
  0x000000014baa1f90: 0807 99d2 | 88c9 a0f2 | 2800 c0f2 | 0001 3fd6 | f803 14aa | ea03 15aa | f403 18aa | e403 1aaa 
  0x000000014baa1fb0: 3cf4 ff17 | 6d21 00d1 | 8b01 0b8b | 6081 1ff8 | 8d23 00f9 | 37f4 ff17 

  0x000000014baa1fc8: ;   {metadata('com/replaymod/core/versions/scheduler/SchedulerImpl$$Lambda$21523+0x0000007003c10fa0')}
  0x000000014baa1fc8: 01f4 81d2 | 2178 a0f2 | 010e c0f2 

  0x000000014baa1fd4: ; ImmutableOopMap {rfp=NarrowOop [0]=NarrowOop [8]=Oop [24]=Oop [40]=Oop [48]=Oop [56]=Oop }
                      ;*invokevirtual allocateInstance {reexecute=0 rethrow=0 return_oop=1}
                      ; - java.lang.invoke.DirectMethodHandle::allocateInstance@12
                      ; - java.lang.invoke.DirectMethodHandle$Holder::newInvokeSpecial@1
                      ; - java.lang.invoke.Invokers$Holder::linkToTargetMethod@6
                      ; - com.replaymod.core.versions.scheduler.SchedulerImpl::runLater@4 (line 99)
                      ; - com.replaymod.core.versions.scheduler.SchedulerImpl::lambda$runLater$1@2 (line 99)
                      ; - com.replaymod.core.versions.scheduler.SchedulerImpl$$Lambda$21523/0x0000007003c10fa0::run@8
                      ; - com.replaymod.core.versions.scheduler.SchedulerImpl::lambda$runLater$2@6 (line 107)
                      ; - com.replaymod.core.versions.scheduler.SchedulerImpl$$Lambda$24492/0x000000700417ce88::run@8
                      ; - net.minecraft.class_310::method_1523@108 (line 1168)
                      ;   {runtime_call _new_instance_Java}
  0x000000014baa1fd4: 7b32 ee96 | ec03 00aa | f8f4 ff17 | ea07 40f9 

  0x000000014baa1fe4: ;   {metadata('com/replaymod/core/versions/scheduler/SchedulerImpl$$Lambda$21524+0x0000007003c111d0')}
  0x000000014baa1fe4: 013a 82d2 | 2178 a0f2 | 010e c0f2 | ea03 00f9 

  0x000000014baa1ff4: ; ImmutableOopMap {rfp=NarrowOop [0]=Oop [20]=NarrowOop [24]=Oop [40]=Oop [48]=Oop [56]=Oop [64]=Oop }
                      ;*invokevirtual allocateInstance {reexecute=0 rethrow=0 return_oop=1}
                      ; - java.lang.invoke.DirectMethodHandle::allocateInstance@12
                      ; - java.lang.invoke.DirectMethodHandle$Holder::newInvokeSpecial@1
                      ; - java.lang.invoke.Invokers$Holder::linkToTargetMethod@6
                      ; - com.replaymod.core.versions.scheduler.SchedulerImpl::runLater@56 (line 113)
                      ; - com.replaymod.core.versions.scheduler.SchedulerImpl::runLater@9 (line 99)
                      ; - com.replaymod.core.versions.scheduler.SchedulerImpl::lambda$runLater$1@2 (line 99)
                      ; - com.replaymod.core.versions.scheduler.SchedulerImpl$$Lambda$21523/0x0000007003c10fa0::run@8
                      ; - com.replaymod.core.versions.scheduler.SchedulerImpl::lambda$runLater$2@6 (line 107)
                      ; - com.replaymod.core.versions.scheduler.SchedulerImpl$$Lambda$24492/0x000000700417ce88::run@8
                      ; - net.minecraft.class_310::method_1523@108 (line 1168)
                      ;   {runtime_call _new_instance_Java}
  0x000000014baa1ff4: 7332 ee96 | ed03 00aa | 13f5 ff17 | ed33 00a9 

  0x000000014baa2004: ;   {metadata('java/util/concurrent/ConcurrentLinkedQueue$Node')}
  0x000000014baa2004: 0192 88d2 | 8121 a0f2 | 010e c0f2 

  0x000000014baa2010: ; ImmutableOopMap {rfp=Oop [0]=Oop [8]=Oop [24]=Oop [40]=Oop [48]=Oop }
                      ;*new {reexecute=0 rethrow=0 return_oop=1}
                      ; - java.util.concurrent.ConcurrentLinkedQueue::offer@0
                      ; - java.util.concurrent.ConcurrentLinkedQueue::add@2
                      ; - net.minecraft.class_1255::method_18858@5 (line 93)
                      ; - com.replaymod.core.versions.scheduler.SchedulerImpl::runLater@61 (line 113)
                      ; - com.replaymod.core.versions.scheduler.SchedulerImpl::runLater@9 (line 99)
                      ; - com.replaymod.core.versions.scheduler.SchedulerImpl::lambda$runLater$1@2 (line 99)
                      ; - com.replaymod.core.versions.scheduler.SchedulerImpl$$Lambda$21523/0x0000007003c10fa0::run@8
                      ; - com.replaymod.core.versions.scheduler.SchedulerImpl::lambda$runLater$2@6 (line 107)
                      ; - com.replaymod.core.versions.scheduler.SchedulerImpl$$Lambda$24492/0x000000700417ce88::run@8
                      ; - net.minecraft.class_310::method_1523@108 (line 1168)
                      ;   {runtime_call _new_instance_Java}
  0x000000014baa2010: 6c32 ee96 | f303 00aa | ed03 40f9 | 25f5 ff17 | c0f2 7dd3 | c0f4 feb4 | 8a13 40f9 | caa5 00b4 
  0x000000014baa2030: 8b1b 40f9 | 4c21 00d1 | 6a01 0a8b | 4081 1ff8 | 8c13 00f9 | 9ef7 ff17 | f303 0caa | e103 1caa 
  0x000000014baa2050: c900 0010 | 8953 01f9 

  0x000000014baa2058: ;   {runtime_call G1BarrierSetRuntime::write_ref_field_pre_entry(oopDesc*, JavaThread*)}
  0x000000014baa2058: 0800 99d2 | 88c9 a0f2 | 2800 c0f2 | 0001 3fd6 | 7ef9 ff17 | 8a23 40f9 | 8b2b 40f9 | bf3b 03d5 
  0x000000014baa2078: 0c00 c039 | 4cf4 fe34 | 1f00 0039 | 2a01 00b5 | e103 1caa | c900 0010 | 8953 01f9 

  0x000000014baa2094: ;   {runtime_call G1BarrierSetRuntime::write_ref_field_post_entry(unsigned char volatile*, JavaThread*)}
  0x000000014baa2094: 0807 99d2 | 88c9 a0f2 | 2800 c0f2 | 0001 3fd6 | 98f7 ff17 | 4c21 00d1 | 6a01 0a8b | 4081 1ff8 
  0x000000014baa20b4: 8c23 00f9 | 93f7 ff17 | ec03 0a2a | d7fc ff17 | eb0b 40b9 | ea13 40f9 | ea07 00f9 | ea13 40b9 
  0x000000014baa20d4: 4117 8012 | eb2b 0029 | f65b 01a9 | ed33 02a9 | f3c3 03a9 

  0x000000014baa20e8: ; ImmutableOopMap {[16]=Oop [24]=Oop [32]=Oop [40]=Oop [56]=Oop [64]=Oop }
                      ;*if_acmpne {reexecute=1 rethrow=0 return_oop=0}
                      ; - (reexecute) java.util.concurrent.ConcurrentLinkedQueue::peek@37
                      ; - net.minecraft.class_1255::method_16075@4 (line 121)
                      ; - net.minecraft.class_1255::method_5383@1 (line 115)
                      ; - net.minecraft.class_310::method_1523@150 (line 1175)
                      ;   {runtime_call UncommonTrapBlob}
  0x000000014baa20e8: e665 eb96 | ed3f 0329 

  0x000000014baa20f0: ;   {metadata('java/util/Optional')}
  0x000000014baa20f0: 0178 88d2 | 2102 a0f2 | 010e c0f2 

  0x000000014baa20fc: ; ImmutableOopMap {rfp=Oop [0]=Oop [8]=Oop [28]=NarrowOop }
                      ;*new {reexecute=0 rethrow=0 return_oop=1}
                      ; - java.util.Optional::ofNullable@10
                      ; - net.irisshaders.iris.pipeline.PipelineManager::getPipeline@4 (line 56)
                      ; - net.minecraft.class_276::handler$gci000$iris$onBindFramebuffer@19 (line 2546)
                      ; - net.minecraft.class_276::method_1235@27 (line 203)
                      ; - net.minecraft.class_310::method_1523@376 (line 1210)
                      ;   {runtime_call _new_instance_Java}
  0x000000014baa20fc: 3132 ee96 | ed3f 4329 | 1df8 ff17 | ca19 40b9 | 40f1 7dd3 | 804a ffb4 | 8a13 40f9 | 0aa1 00b4 
  0x000000014baa211c: 8b1b 40f9 | 4c21 00d1 | 6a01 0a8b | 4081 1ff8 | 8c13 00f9 | 4cfa ff17 | 8a2b 40f9 | 8b23 40f9 
  0x000000014baa213c: bf3b 03d5 | 0c00 c039 | 0c4b ff34 | 1f00 0039 | 6b02 00b5 | f503 14aa | f403 06aa | f703 05aa 
  0x000000014baa215c: f803 032a | f603 0eaa | e103 1caa | c900 0010 | 8953 01f9 

  0x000000014baa2170: ;   {runtime_call G1BarrierSetRuntime::write_ref_field_post_entry(unsigned char volatile*, JavaThread*)}
  0x000000014baa2170: 0807 99d2 | 88c9 a0f2 | 2800 c0f2 | 0001 3fd6 | e603 14aa | f403 15aa | ee03 16aa | e503 17aa 
  0x000000014baa2190: e303 182a | 44fa ff17 | 6c21 00d1 | 4a01 0b8b | 4081 1ff8 | 8c23 00f9 | 3ffa ff17 | aaf1 7dd3 
  0x000000014baa21b0: ea1b 00f9 | 8af1 7dd3 | 3df0 7dd3 | f447 00a9 | f70b 00f9 | e02f 00b9 | ea1f 00f9 | e137 0829 
  0x000000014baa21d0: ec4b 00b9 

  0x000000014baa21d4: ;   {metadata('net/minecraft/class_1140$$Lambda$32310+0x0000007004d87d60')}
  0x000000014baa21d4: 01ac 8fd2 | 019b a0f2 | 010e c0f2 

  0x000000014baa21e0: ; ImmutableOopMap {rfp=Oop [0]=Oop [8]=Oop [16]=Oop [24]=Oop [44]=NarrowOop [48]=Oop [56]=Oop [64]=NarrowOop [68]=NarrowOop [72]=NarrowOop }
                      ;*invokevirtual allocateInstance {reexecute=0 rethrow=0 return_oop=1}
                      ; - java.lang.invoke.DirectMethodHandle::allocateInstance@12
                      ; - java.lang.invoke.LambdaForm$DMH/0x0000007001003400::newInvokeSpecial@1
                      ; - java.lang.invoke.Invokers$Holder::linkToTargetMethod@9
                      ; - net.minecraft.class_1140::method_4840@40 (line 522)
                      ; - net.minecraft.class_1144::method_4876@5 (line 256)
                      ; - net.minecraft.class_310::method_1523@260 (line 1191)
                      ;   {runtime_call _new_instance_Java}
  0x000000014baa21e0: f831 ee96 | ef03 00aa | f403 40f9 | f70b 40f9 | e02f 40b9 | e137 4829 | ec4b 40b9 | e5f6 ff17 
  0x000000014baa2200: f46b 00a9 | ef5f 01a9 

  0x000000014baa2208: ;   {metadata('java/util/concurrent/ConcurrentLinkedQueue$Node')}
  0x000000014baa2208: 0192 88d2 | 8121 a0f2 | 010e c0f2 

  0x000000014baa2214: ; ImmutableOopMap {rfp=Oop [0]=Oop [8]=Oop [16]=Oop [24]=Oop }
                      ;*new {reexecute=0 rethrow=0 return_oop=1}
                      ; - java.util.concurrent.ConcurrentLinkedQueue::offer@0
                      ; - java.util.concurrent.ConcurrentLinkedQueue::add@2
                      ; - net.minecraft.class_1255::method_18858@5 (line 93)
                      ; - net.minecraft.class_1255::execute@13 (line 100)
                      ; - net.minecraft.class_1140::method_4840@45 (line 522)
                      ; - net.minecraft.class_1144::method_4876@5 (line 256)
                      ; - net.minecraft.class_310::method_1523@260 (line 1191)
                      ;   {runtime_call _new_instance_Java}
  0x000000014baa2214: eb31 ee96 | f46b 40a9 | ef5f 41a9 | ed03 00aa | f7f6 ff17 | 2101 8012 

  0x000000014baa222c: ; ImmutableOopMap {}
                      ;*getfield item {reexecute=1 rethrow=0 return_oop=0}
                      ; - (reexecute) java.util.concurrent.ConcurrentLinkedQueue::poll@8
                      ; - net.minecraft.class_310::method_1523@92 (line 1167)
                      ;   {runtime_call UncommonTrapBlob}
  0x000000014baa222c: 9565 eb96 | aa4c ffb4 | 8b13 40f9 | eba1 00b4 | 8c1b 40f9 | 6d21 00d1 | 8b01 0b8b | 6a81 1ff8 
  0x000000014baa224c: 8d13 00f9 | 5dfa ff17 | ed23 40f9 | ab11 40b9 | 60f1 7dd3 | 607f ffb4 | 8a13 40f9 | 2aa3 00b4 
  0x000000014baa226c: 8b1b 40f9 | 4c21 00d1 | 6a01 0a8b | 4081 1ff8 | 8c13 00f9 | f3fb ff17 | 8a23 40f9 | 8b2b 40f9 
  0x000000014baa228c: bf3b 03d5 | 0c00 c039 | cc7f ff34 | 1f00 0039 | 6a01 00b5 | f303 0eaa | e103 1caa | c900 0010 
  0x000000014baa22ac: 8953 01f9 

  0x000000014baa22b0: ;   {runtime_call G1BarrierSetRuntime::write_ref_field_post_entry(unsigned char volatile*, JavaThread*)}
  0x000000014baa22b0: 0807 99d2 | 88c9 a0f2 | 2800 c0f2 | 0001 3fd6 | ee03 13aa | f2fb ff17 | 4c21 00d1 | 6a01 0a8b 
  0x000000014baa22d0: 4081 1ff8 | 8c23 00f9 | edfb ff17 | ab02 40b9 | 60f1 7dd3 | 204a ffb4 | 8b13 40f9 | 2ba1 00b4 
  0x000000014baa22f0: 8c1b 40f9 | 6d21 00d1 | 8b01 0b8b | 6081 1ff8 | 8d13 00f9 | 49fa ff17 | 8b23 40f9 | 8c2b 40f9 
  0x000000014baa2310: bf3b 03d5 | 0d00 c039 | cd47 ff34 | 1f00 0039 | 6b01 00b5 | f503 0aaa | e103 1caa | c900 0010 
  0x000000014baa2330: 8953 01f9 

  0x000000014baa2334: ;   {runtime_call G1BarrierSetRuntime::write_ref_field_post_entry(unsigned char volatile*, JavaThread*)}
  0x000000014baa2334: 0807 99d2 | 88c9 a0f2 | 2800 c0f2 | 0001 3fd6 | ea03 15aa | 32fa ff17 | 6d21 00d1 | 8b01 0b8b 
  0x000000014baa2354: 6081 1ff8 | 8d23 00f9 | 2dfa ff17 | 8b02 40b9 | 60f1 7dd3 | a055 ffb4 | 8a13 40f9 | 0a9f 00b4 
  0x000000014baa2374: 8b1b 40f9 | 4c21 00d1 | 6a01 0a8b | 4081 1ff8 | 8c13 00f9 | a5fa ff17 | ab03 40b9 | 60f1 7dd3 
  0x000000014baa2394: c051 ffb4 | 8a13 40f9 | ea9e 00b4 | 8b1b 40f9 | 4c21 00d1 | 6a01 0a8b | 4081 1ff8 | 8c13 00f9 
  0x000000014baa23b4: 86fa ff17 | ca02 40b9 | 40f1 7dd3 | 4057 ffb4 | 8a13 40f9 | 8a9e 00b4 | 8b1b 40f9 | 4d21 00d1 
  0x000000014baa23d4: 6a01 0a8b | 4081 1ff8 | 8d13 00f9 | b2fa ff17 | 0b03 40b9 | 60f1 7dd3 | 0059 ffb4 | 8a13 40f9 
  0x000000014baa23f4: 8a9e 00b4 | 8b1b 40f9 | 4d21 00d1 | 6a01 0a8b | 4081 1ff8 | 8d13 00f9 | c0fa ff17 | cb02 40b9 
  0x000000014baa2414: 60f1 7dd3 | 005b ffb4 | 8a13 40f9 | aa9e 00b4 | 8b1b 40f9 | 4d21 00d1 | 6a01 0a8b | 4081 1ff8 
  0x000000014baa2434: 8d13 00f9 | d0fa ff17 | aa02 40b9 | 40f1 7dd3 | 205f ffb4 | 8a13 40f9 | 4aa0 00b4 | 8b1b 40f9 
  0x000000014baa2454: 4d21 00d1 | 6a01 0a8b | 4081 1ff8 | 8d13 00f9 | f1fa ff17 | eb02 40b9 | 60f1 7dd3 | 605b ffb4 
  0x000000014baa2474: 8a13 40f9 | 6a9d 00b4 | 8b1b 40f9 | 4d21 00d1 | 6a01 0a8b | 4081 1ff8 | 8d13 00f9 | d3fa ff17 
  0x000000014baa2494: ed03 1daa | ab99 41b9 | 60f1 7dd3 | 2060 ffb4 | 8a13 40f9 | ea9e 00b4 | 8b1b 40f9 | 4c21 00d1 
  0x000000014baa24b4: 6a01 0a8b | 4081 1ff8 | 8c13 00f9 | f9fa ff17 | 8a2b 40f9 | 8b23 40f9 | bf3b 03d5 | 0d00 c039 
  0x000000014baa24d4: 0d4a ff34 | 1f00 0039 | 6b01 00b5 | f303 0eaa | e103 1caa | c900 0010 | 8953 01f9 

  0x000000014baa24f0: ;   {runtime_call G1BarrierSetRuntime::write_ref_field_post_entry(unsigned char volatile*, JavaThread*)}
  0x000000014baa24f0: 0807 99d2 | 88c9 a0f2 | 2800 c0f2 | 0001 3fd6 | ee03 13aa | 44fa ff17 | 6c21 00d1 | 4a01 0b8b 
  0x000000014baa2510: 4081 1ff8 | 8c23 00f9 | 3ffa ff17 | 8a23 40f9 | 8b2b 40f9 | bf3b 03d5 | 0c00 c039 | cc49 ff34 
  0x000000014baa2530: 1f00 0039 | 6a01 00b5 | f303 0eaa | e103 1caa | c900 0010 | 8953 01f9 

  0x000000014baa2548: ;   {runtime_call G1BarrierSetRuntime::write_ref_field_post_entry(unsigned char volatile*, JavaThread*)}
  0x000000014baa2548: 0807 99d2 | 88c9 a0f2 | 2800 c0f2 | 0001 3fd6 | ee03 13aa | 42fa ff17 | 4c21 00d1 | 6a01 0a8b 
  0x000000014baa2568: 4081 1ff8 | 8c23 00f9 | 3dfa ff17 | 8a23 40f9 | 8b2b 40f9 | bf3b 03d5 | 0d00 c039 | 6d02 0034 
  0x000000014baa2588: 1f00 0039 | ca00 00b4 | 4d21 00d1 | 6a01 0a8b | 4081 1ff8 | 8d23 00f9 | 0c00 0014 | f403 0eaa 
  0x000000014baa25a8: f303 0caa | e103 1caa | c900 0010 | 8953 01f9 

  0x000000014baa25b8: ;   {runtime_call G1BarrierSetRuntime::write_ref_field_post_entry(unsigned char volatile*, JavaThread*)}
  0x000000014baa25b8: 0807 99d2 | 88c9 a0f2 | 2800 c0f2 | 0001 3fd6 | ec03 13aa | ee03 14aa | 93c1 40b9 | 1349 ff35 
  0x000000014baa25d8: 2101 8012 

  0x000000014baa25dc: ; ImmutableOopMap {}
                      ;*invokevirtual method_42534 {reexecute=0 rethrow=0 return_oop=0}
                      ; - net.minecraft.class_310::method_1523@1074 (line 1290)
                      ;   {runtime_call UncommonTrapBlob}
  0x000000014baa25dc: a964 eb96 | 8a23 40f9 | 8b2b 40f9 | bf3b 03d5 | 0d00 c039 | 6d02 0034 | 1f00 0039 | ca00 00b4 
  0x000000014baa25fc: 4d21 00d1 | 6a01 0a8b | 4081 1ff8 | 8d23 00f9 | 0c00 0014 | f403 0eaa | f303 0caa | e103 1caa 
  0x000000014baa261c: c900 0010 | 8953 01f9 

  0x000000014baa2624: ;   {runtime_call G1BarrierSetRuntime::write_ref_field_post_entry(unsigned char volatile*, JavaThread*)}
  0x000000014baa2624: 0807 99d2 | 88c9 a0f2 | 2800 c0f2 | 0001 3fd6 | ec03 13aa | ee03 14aa | 93c1 40b9 | 334c ff35 
  0x000000014baa2644: 2101 8012 

  0x000000014baa2648: ; ImmutableOopMap {}
                      ;*invokevirtual method_41805 {reexecute=0 rethrow=0 return_oop=0}
                      ; - net.minecraft.class_310::method_1523@1137 (line 1292)
                      ;   {runtime_call UncommonTrapBlob}
  0x000000014baa2648: 8e64 eb96 | 8a23 40f9 | 8b2b 40f9 | bf3b 03d5 | 0f00 c039 | af50 ff34 | 1f00 0039 | aa01 00b5 
  0x000000014baa2668: f403 0eaa | f303 0caa | e103 1caa | c900 0010 | 8953 01f9 

  0x000000014baa267c: ;   {runtime_call G1BarrierSetRuntime::write_ref_field_post_entry(unsigned char volatile*, JavaThread*)}
  0x000000014baa267c: 0807 99d2 | 88c9 a0f2 | 2800 c0f2 | 0001 3fd6 | ec03 13aa | ee03 14aa | 77fa ff17 | 4d21 00d1 
  0x000000014baa269c: 6a01 0a8b | 4081 1ff8 | 8d23 00f9 | 72fa ff17 | 8a23 40f9 | 8b2b 40f9 | bf3b 03d5 | 0d00 c039 
  0x000000014baa26bc: 6d02 0034 | 1f00 0039 | ca00 00b4 | 4d21 00d1 | 6a01 0a8b | 4081 1ff8 | 8d23 00f9 | 0c00 0014 
  0x000000014baa26dc: f403 0eaa | f303 0caa | e103 1caa | c900 0010 | 8953 01f9 

  0x000000014baa26f0: ;   {runtime_call G1BarrierSetRuntime::write_ref_field_post_entry(unsigned char volatile*, JavaThread*)}
  0x000000014baa26f0: 0807 99d2 | 88c9 a0f2 | 2800 c0f2 | 0001 3fd6 | ec03 13aa | ee03 14aa | 93c1 40b9 | 1342 ff35 
  0x000000014baa2710: 2101 8012 

  0x000000014baa2714: ; ImmutableOopMap {}
                      ;*invokevirtual method_42528 {reexecute=0 rethrow=0 return_oop=0}
                      ; - net.minecraft.class_310::method_1523@1087 (line 1291)
                      ;   {runtime_call UncommonTrapBlob}
  0x000000014baa2714: 5b64 eb96 | 8a23 40f9 | 8b2b 40f9 | bf3b 03d5 | 0d00 c039 | cd47 ff34 | 1f00 0039 | aa01 00b5 
  0x000000014baa2734: f403 0eaa | f303 0caa | e103 1caa | c900 0010 | 8953 01f9 

  0x000000014baa2748: ;   {runtime_call G1BarrierSetRuntime::write_ref_field_post_entry(unsigned char volatile*, JavaThread*)}
  0x000000014baa2748: 0807 99d2 | 88c9 a0f2 | 2800 c0f2 | 0001 3fd6 | ec03 13aa | ee03 14aa | 30fa ff17 | 4d21 00d1 
  0x000000014baa2768: 6a01 0a8b | 4081 1ff8 | 8d23 00f9 | 2bfa ff17 | 8a2b 40f9 | 8b23 40f9 | bf3b 03d5 | 0c00 c039 
  0x000000014baa2788: 0c4b ff34 | 1f00 0039 | 6b01 00b5 | f303 0daa | e103 1caa | c900 0010 | 8953 01f9 

  0x000000014baa27a4: ;   {runtime_call G1BarrierSetRuntime::write_ref_field_post_entry(unsigned char volatile*, JavaThread*)}
  0x000000014baa27a4: 0807 99d2 | 88c9 a0f2 | 2800 c0f2 | 0001 3fd6 | ed03 13aa | 4cfa ff17 | 6c21 00d1 | 4a01 0b8b 
  0x000000014baa27c4: 4081 1ff8 | 8c23 00f9 | 47fa ff17 | e103 1caa | e003 16aa | c900 0010 | 8953 01f9 

  0x000000014baa27e0: ;   {runtime_call G1BarrierSetRuntime::write_ref_field_pre_entry(oopDesc*, JavaThread*)}
  0x000000014baa27e0: 0800 99d2 | 88c9 a0f2 | 2800 c0f2 | 0001 3fd6 | acf2 ff17 | ea13 40b9 | 2104 8012 | ea03 00b9 
  0x000000014baa2800: f70b 00f9 

  0x000000014baa2804: ; ImmutableOopMap {[16]=Oop [40]=Oop }
                      ;*invokeinterface poll {reexecute=0 rethrow=0 return_oop=0}
                      ; - net.minecraft.class_310::method_1523@92 (line 1167)
                      ;   {runtime_call UncommonTrapBlob}
  0x000000014baa2804: 1f64 eb96 

  0x000000014baa2808: ;   {oop(a 'java/lang/ClassCastException'{0x00000007112000c8})}
  0x000000014baa2808: 0a19 80d2 | 0a24 a2f2 | ea00 c0f2 | 4a15 40b9 | 40f1 7dd3 | 8026 ffb4 | 8a13 40f9 | ea85 00b4 
  0x000000014baa2828: 8b1b 40f9 | 4c21 00d1 | 6a01 0a8b | 4081 1ff8 | 8c13 00f9 | 2cf9 ff17 

  0x000000014baa2840: ;   {metadata('com/replaymod/core/versions/scheduler/SchedulerImpl$$Lambda$24492+0x000000700417ce88')}
  0x000000014baa2840: 01d1 99d2 | e182 a0f2 | 010e c0f2 | fd03 0faa 

  0x000000014baa2850: ; ImmutableOopMap {rfp=Oop [0]=NarrowOop [8]=Oop [24]=Oop [40]=Oop [48]=Oop [56]=Oop }
                      ;*invokevirtual allocateInstance {reexecute=0 rethrow=0 return_oop=1}
                      ; - java.lang.invoke.DirectMethodHandle::allocateInstance@12
                      ; - java.lang.invoke.DirectMethodHandle$Holder::newInvokeSpecial@1
                      ; - java.lang.invoke.Invokers$Holder::linkToTargetMethod@6
                      ; - com.replaymod.core.versions.scheduler.SchedulerImpl::runLater@36 (line 104)
                      ; - com.replaymod.core.versions.scheduler.SchedulerImpl::runLater@9 (line 99)
                      ; - com.replaymod.core.versions.scheduler.SchedulerImpl::lambda$runLater$1@2 (line 99)
                      ; - com.replaymod.core.versions.scheduler.SchedulerImpl$$Lambda$21523/0x0000007003c10fa0::run@8
                      ; - com.replaymod.core.versions.scheduler.SchedulerImpl::lambda$runLater$2@6 (line 107)
                      ; - com.replaymod.core.versions.scheduler.SchedulerImpl$$Lambda$24492/0x000000700417ce88::run@8
                      ; - net.minecraft.class_310::method_1523@108 (line 1168)
                      ;   {runtime_call _new_instance_Java}
  0x000000014baa2850: 5c30 ee96 | e203 00aa | 20f8 ff17 | 0b30 4039 | 8b31 fe35 | 55fc ff17 | eb13 40b9 | 5f05 00b1 
  0x000000014baa2870: fd07 9f1a | bda7 9d5a | 4117 8012 | f603 00f9 | eb0b 00b9 | f30f 00f9 

  0x000000014baa2888: ; ImmutableOopMap {[0]=Oop [24]=Oop }
                      ;*ifne {reexecute=1 rethrow=0 return_oop=0}
                      ; - (reexecute) xaero.map.MapProcessor::updateRenderStartTime@8 (line 1376)
                      ; - xaero.map.MapProcessor$1::run@4 (line 279)
                      ; - net.minecraft.class_310::method_1523@108 (line 1168)
                      ;   {runtime_call UncommonTrapBlob}
  0x000000014baa2888: fe63 eb96 | ea13 40b9 | 6114 8012 | fd03 13aa | ea03 00b9 | f657 01a9 

  0x000000014baa28a0: ; ImmutableOopMap {rfp=Oop [16]=Oop [24]=Oop }
                      ;*ifnonnull {reexecute=1 rethrow=0 return_oop=0}
                      ; - (reexecute) java.util.Objects::requireNonNull@1
                      ; - java.lang.invoke.VarHandleReferences$FieldInstanceReadWrite::setRelease@16
                      ; - java.lang.invoke.VarHandleGuards::guard_LL_V@45
                      ; - java.util.concurrent.ConcurrentLinkedQueue::updateHead@22
                      ; - java.util.concurrent.ConcurrentLinkedQueue::poll@48
                      ; - net.minecraft.class_310::method_1523@92 (line 1167)
                      ;   {runtime_call UncommonTrapBlob}
  0x000000014baa28a0: f863 eb96 | e213 00f9 | e653 00a9 | f117 00b9 | ee0f 00f9 | ec3f 0529 | e437 0629 | e51f 00f9 
  0x000000014baa28c0: f00f 0829 | fd03 13aa 

  0x000000014baa28c8: ;   {metadata({type array long})}
  0x000000014baa28c8: 0134 82d2 | 0100 a0f2 | 010e c0f2 | e203 032a 

  0x000000014baa28d8: ; ImmutableOopMap {rfp=Oop [0]=Oop [8]=Oop [24]=Oop [32]=Oop }
                      ;*newarray {reexecute=0 rethrow=0 return_oop=1}
                      ; - it.unimi.dsi.fastutil.longs.LongArrayFIFOQueue::resize@1 (line 107)
                      ; - it.unimi.dsi.fastutil.longs.LongArrayFIFOQueue::reduce@31 (line 126)
                      ; - it.unimi.dsi.fastutil.longs.LongArrayFIFOQueue::dequeueLong@53 (line 88)
                      ; - net.minecraft.class_310::handler$kgk000$sodium$preRender@39 (line 39035)
                      ; - net.minecraft.class_310::method_1523@9
                      ;   {runtime_call _new_array_Java}
  0x000000014baa28d8: da25 ee96 | f303 1daa | e653 40a9 | f117 40b9 | ee8b 41a9 | ec3f 4529 | e437 4629 | e51f 40f9 
  0x000000014baa28f8: f00f 4829 | e703 00aa | 38f8 ff17 | aa03 40b9 | 40f1 7dd3 | 8066 ffb4 | 8a13 40f9 | ca80 00b4 
  0x000000014baa2918: 8b1b 40f9 | 4c21 00d1 | 6a01 0a8b | 4081 1ff8 | 8c13 00f9 | 2cfb ff17 | aa03 40b9 | 40f1 7dd3 
  0x000000014baa2938: 2068 ffb4 | 8a13 40f9 | 6a80 00b4 | 8b1b 40f9 | 4c21 00d1 | 6a01 0a8b | 4081 1ff8 | 8c13 00f9 
  0x000000014baa2958: 39fb ff17 | ca02 40b9 | 40f1 7dd3 | 006b ffb4 | 8a13 40f9 | 0a80 00b4 | 8b1b 40f9 | 4d21 00d1 
  0x000000014baa2978: 6a01 0a8b | 4081 1ff8 | 8d13 00f9 | 50fb ff17 | ea02 40b9 | 40f1 7dd3 | c06c ffb4 | 8a13 40f9 
  0x000000014baa2998: 0a80 00b4 | 8b1b 40f9 | 4d21 00d1 | 6a01 0a8b | 4081 1ff8 | 8d13 00f9 | 5efb ff17 | ca02 40b9 
  0x000000014baa29b8: 40f1 7dd3 | c06e ffb4 | 8a13 40f9 | 2a80 00b4 | 8b1b 40f9 | 4d21 00d1 | 6a01 0a8b | 4081 1ff8 
  0x000000014baa29d8: 8d13 00f9 | 6efb ff17 | aa02 40b9 | 40f1 7dd3 | e072 ffb4 | 8a13 40f9 | 4a80 00b4 | 8b1b 40f9 
  0x000000014baa29f8: 4d21 00d1 | 6a01 0a8b | 4081 1ff8 | 8d13 00f9 | 8ffb ff17 | eb02 40b9 | 60f1 7dd3 | 206f ffb4 
  0x000000014baa2a18: 8a13 40f9 | 6a80 00b4 | 8b1b 40f9 | 4d21 00d1 | 6a01 0a8b | 4081 1ff8 | 8d13 00f9 | 71fb ff17 
  0x000000014baa2a38: ed03 1daa | ab99 41b9 | 60f1 7dd3 | e073 ffb4 | 8a13 40f9 | 6a80 00b4 | 8b1b 40f9 | 4c21 00d1 
  0x000000014baa2a58: 6a01 0a8b | 4081 1ff8 | 8c13 00f9 | 97fb ff17 | 8a2b 40f9 | 8b23 40f9 | bf3b 03d5 | 0c00 c039 
  0x000000014baa2a78: 6c5d ff34 | 1f00 0039 | 6b01 00b5 | f303 0daa | e103 1caa | c900 0010 | 8953 01f9 

  0x000000014baa2a94: ;   {runtime_call G1BarrierSetRuntime::write_ref_field_post_entry(unsigned char volatile*, JavaThread*)}
  0x000000014baa2a94: 0807 99d2 | 88c9 a0f2 | 2800 c0f2 | 0001 3fd6 | ed03 13aa | dffa ff17 | 6c21 00d1 | 4a01 0b8b 
  0x000000014baa2ab4: 4081 1ff8 | 8c23 00f9 | dafa ff17 | 8a2b 40f9 | 8b23 40f9 | bf3b 03d5 | 0c00 c039 | 6c5d ff34 
  0x000000014baa2ad4: 1f00 0039 | 2b01 00b5 | e103 1caa | c900 0010 | 8953 01f9 

  0x000000014baa2ae8: ;   {runtime_call G1BarrierSetRuntime::write_ref_field_post_entry(unsigned char volatile*, JavaThread*)}
  0x000000014baa2ae8: 0807 99d2 | 88c9 a0f2 | 2800 c0f2 | 0001 3fd6 | e1fa ff17 | 6c21 00d1 | 4a01 0b8b | 4081 1ff8 
  0x000000014baa2b08: 8c23 00f9 | dcfa ff17 | 8a23 40f9 | 8b2b 40f9 | bf3b 03d5 | 0e00 c039 | 6e02 0034 | 1f00 0039 
  0x000000014baa2b28: ca00 00b4 | 4d21 00d1 | 6a01 0a8b | 4081 1ff8 | 8d23 00f9 | 0c00 0014 | f403 0faa | f303 0caa 
  0x000000014baa2b48: e103 1caa | c900 0010 | 8953 01f9 

  0x000000014baa2b54: ;   {runtime_call G1BarrierSetRuntime::write_ref_field_post_entry(unsigned char volatile*, JavaThread*)}
  0x000000014baa2b54: 0807 99d2 | 88c9 a0f2 | 2800 c0f2 | 0001 3fd6 | ec03 13aa | ef03 14aa | 93c1 40b9 | 135d ff35 
  0x000000014baa2b74: 99fe ff17 | 8a23 40f9 | 8b2b 40f9 | bf3b 03d5 | 0e00 c039 | 6e02 0034 | 1f00 0039 | ca00 00b4 
  0x000000014baa2b94: 4d21 00d1 | 6a01 0a8b | 4081 1ff8 | 8d23 00f9 | 0c00 0014 | f403 0faa | f303 0caa | e103 1caa 
  0x000000014baa2bb4: c900 0010 | 8953 01f9 

  0x000000014baa2bbc: ;   {runtime_call G1BarrierSetRuntime::write_ref_field_post_entry(unsigned char volatile*, JavaThread*)}
  0x000000014baa2bbc: 0807 99d2 | 88c9 a0f2 | 2800 c0f2 | 0001 3fd6 | ec03 13aa | ef03 14aa | 93c1 40b9 | 5360 ff35 
  0x000000014baa2bdc: 9afe ff17 | 8a23 40f9 | 8b2b 40f9 | bf3b 03d5 | 0e00 c039 | ee64 ff34 | 1f00 0039 | aa01 00b5 
  0x000000014baa2bfc: f403 0faa | f303 0caa | e103 1caa | c900 0010 | 8953 01f9 

  0x000000014baa2c10: ;   {runtime_call G1BarrierSetRuntime::write_ref_field_post_entry(unsigned char volatile*, JavaThread*)}
  0x000000014baa2c10: 0807 99d2 | 88c9 a0f2 | 2800 c0f2 | 0001 3fd6 | ec03 13aa | ef03 14aa | 19fb ff17 | 4d21 00d1 
  0x000000014baa2c30: 6a01 0a8b | 4081 1ff8 | 8d23 00f9 | 14fb ff17 | 8a23 40f9 | 8b2b 40f9 | bf3b 03d5 | 0e00 c039 
  0x000000014baa2c50: 6e02 0034 | 1f00 0039 | ca00 00b4 | 4d21 00d1 | 6a01 0a8b | 4081 1ff8 | 8d23 00f9 | 0c00 0014 
  0x000000014baa2c70: f403 0faa | f303 0caa | e103 1caa | c900 0010 | 8953 01f9 

  0x000000014baa2c84: ;   {runtime_call G1BarrierSetRuntime::write_ref_field_post_entry(unsigned char volatile*, JavaThread*)}
  0x000000014baa2c84: 0807 99d2 | 88c9 a0f2 | 2800 c0f2 | 0001 3fd6 | ec03 13aa | ef03 14aa | 93c1 40b9 | 5356 ff35 
  0x000000014baa2ca4: 9bfe ff17 | 8a23 40f9 | 8b2b 40f9 | bf3b 03d5 | 0d00 c039 | 2d5c ff34 | 1f00 0039 | aa01 00b5 
  0x000000014baa2cc4: f403 0faa | f303 0caa | e103 1caa | c900 0010 | 8953 01f9 

  0x000000014baa2cd8: ;   {runtime_call G1BarrierSetRuntime::write_ref_field_post_entry(unsigned char volatile*, JavaThread*)}
  0x000000014baa2cd8: 0807 99d2 | 88c9 a0f2 | 2800 c0f2 | 0001 3fd6 | ec03 13aa | ef03 14aa | d3fa ff17 | 4d21 00d1 
  0x000000014baa2cf8: 6a01 0a8b | 4081 1ff8 | 8d23 00f9 | cefa ff17 | 8a2b 40f9 | 8b23 40f9 | bf3b 03d5 | 0c00 c039 
  0x000000014baa2d18: 6c5f ff34 | 1f00 0039 | 6b01 00b5 | f303 0daa | e103 1caa | c900 0010 | 8953 01f9 

  0x000000014baa2d34: ;   {runtime_call G1BarrierSetRuntime::write_ref_field_post_entry(unsigned char volatile*, JavaThread*)}
  0x000000014baa2d34: 0807 99d2 | 88c9 a0f2 | 2800 c0f2 | 0001 3fd6 | ed03 13aa | effa ff17 | 6c21 00d1 | 4a01 0b8b 
  0x000000014baa2d54: 4081 1ff8 | 8c23 00f9 | eafa ff17 | ea13 40b9 | 2101 8012 | fd17 40f9 | ea03 00b9 

  0x000000014baa2d70: ; ImmutableOopMap {rfp=Oop [48]=Oop }
                      ;*getfield next {reexecute=1 rethrow=0 return_oop=0}
                      ; - (reexecute) java.util.concurrent.ConcurrentLinkedQueue::offer@22
                      ; - java.util.concurrent.ConcurrentLinkedQueue::add@2
                      ; - net.minecraft.class_1255::method_18858@5 (line 93)
                      ; - com.replaymod.core.versions.scheduler.SchedulerImpl::runLater@61 (line 113)
                      ; - com.replaymod.core.versions.scheduler.SchedulerImpl::runLater@9 (line 99)
                      ; - com.replaymod.core.versions.scheduler.SchedulerImpl::lambda$runLater$1@2 (line 99)
                      ; - com.replaymod.core.versions.scheduler.SchedulerImpl$$Lambda$21523/0x0000007003c10fa0::run@8
                      ; - com.replaymod.core.versions.scheduler.SchedulerImpl::lambda$runLater$2@6 (line 107)
                      ; - com.replaymod.core.versions.scheduler.SchedulerImpl$$Lambda$24492/0x000000700417ce88::run@8
                      ; - net.minecraft.class_310::method_1523@108 (line 1168)
                      ;   {runtime_call UncommonTrapBlob}
  0x000000014baa2d70: c462 eb96 | e103 1caa | e003 15aa | c900 0010 | 8953 01f9 

  0x000000014baa2d84: ;   {runtime_call G1BarrierSetRuntime::write_ref_field_pre_entry(oopDesc*, JavaThread*)}
  0x000000014baa2d84: 0800 99d2 | 88c9 a0f2 | 2800 c0f2 | 0001 3fd6 | e1f0 ff17 | e103 1caa | c900 0010 | 8953 01f9 
  0x000000014baa2da4: ;   {runtime_call G1BarrierSetRuntime::write_ref_field_pre_entry(oopDesc*, JavaThread*)}
  0x000000014baa2da4: 0800 99d2 | 88c9 a0f2 | 2800 c0f2 | 0001 3fd6 | f2f0 ff17 | eb13 40b9 | 2101 8012 | fd03 16aa 
  0x000000014baa2dc4: eb03 00b9 | ee2b 01a9 

  0x000000014baa2dcc: ; ImmutableOopMap {rfp=Oop [16]=Oop [24]=Oop }
                      ;*invokevirtual lambda$runLater$1 {reexecute=0 rethrow=0 return_oop=0}
                      ; - com.replaymod.core.versions.scheduler.SchedulerImpl$$Lambda$21523/0x0000007003c10fa0::run@8
                      ; - com.replaymod.core.versions.scheduler.SchedulerImpl::lambda$runLater$2@6 (line 107)
                      ; - com.replaymod.core.versions.scheduler.SchedulerImpl$$Lambda$24492/0x000000700417ce88::run@8
                      ; - net.minecraft.class_310::method_1523@108 (line 1168)
                      ;   {runtime_call UncommonTrapBlob}
  0x000000014baa2dcc: ad62 eb96 | eb13 40b9 | 2107 8012 | fd03 16aa | eb03 00b9 | f40b 00f9 

  0x000000014baa2de4: ; ImmutableOopMap {rfp=Oop [16]=Oop }
                      ;*invokeinterface run {reexecute=0 rethrow=0 return_oop=0}
                      ; - net.minecraft.class_310::method_1523@108 (line 1168)
                      ;   {runtime_call UncommonTrapBlob}
  0x000000014baa2de4: a762 eb96 | ec13 40b9 | 2104 8012 | fd03 16aa | ec03 00b9 | ee2b 01a9 

  0x000000014baa2dfc: ; ImmutableOopMap {rfp=Oop [16]=Oop [24]=Oop }
                      ;*invokeinterface run {reexecute=0 rethrow=0 return_oop=0}
                      ; - com.replaymod.core.versions.scheduler.SchedulerImpl::lambda$runLater$2@6 (line 107)
                      ; - com.replaymod.core.versions.scheduler.SchedulerImpl$$Lambda$24492/0x000000700417ce88::run@8
                      ; - net.minecraft.class_310::method_1523@108 (line 1168)
                      ;   {runtime_call UncommonTrapBlob}
  0x000000014baa2dfc: a162 eb96 

  0x000000014baa2e00: ;   {metadata({type array float})}
  0x000000014baa2e00: 01cf 8cd2 | 0100 a0f2 | 010e c0f2 

  0x000000014baa2e0c: ; ImmutableOopMap {[0]=Oop [8]=Oop [48]=Oop [56]=Oop }
                      ;*newarray {reexecute=0 rethrow=0 return_oop=1}
                      ; - net.minecraft.class_4227::method_19672@5 (line 21)
                      ; - net.minecraft.class_1140::method_19751@28 (line 524)
                      ; - net.minecraft.class_1140$$Lambda$32310/0x0000007004d87d60::run@16
                      ; - net.minecraft.class_1255::execute@20 (line 102)
                      ; - net.minecraft.class_1140::method_4840@45 (line 522)
                      ; - net.minecraft.class_1144::method_4876@5 (line 256)
                      ; - net.minecraft.class_310::method_1523@260 (line 1191)
                      ;   {runtime_call _new_array_Java}
  0x000000014baa2e0c: 8d24 ee96 | ed03 00aa | 4df9 ff17 | ea17 40f9 | ea03 00f9 | eb13 40b9 | ea13 40f9 | 2104 8012 
  0x000000014baa2e2c: eb0b 00b9 | ea0b 00f9 | ed17 00f9 

  0x000000014baa2e38: ; ImmutableOopMap {rfp=Oop [0]=Oop [40]=Oop [48]=Oop [64]=Oop }
                      ;*invokeinterface add {reexecute=0 rethrow=0 return_oop=0}
                      ; - net.minecraft.class_1255::method_18858@5 (line 93)
                      ; - com.replaymod.core.versions.scheduler.SchedulerImpl::runLater@61 (line 113)
                      ; - com.replaymod.core.versions.scheduler.SchedulerImpl::runLater@9 (line 99)
                      ; - com.replaymod.core.versions.scheduler.SchedulerImpl::lambda$runLater$1@2 (line 99)
                      ; - com.replaymod.core.versions.scheduler.SchedulerImpl$$Lambda$21523/0x0000007003c10fa0::run@8
                      ; - com.replaymod.core.versions.scheduler.SchedulerImpl::lambda$runLater$2@6 (line 107)
                      ; - com.replaymod.core.versions.scheduler.SchedulerImpl$$Lambda$24492/0x000000700417ce88::run@8
                      ; - net.minecraft.class_310::method_1523@108 (line 1168)
                      ;   {runtime_call UncommonTrapBlob}
  0x000000014baa2e38: 9262 eb96 | ec03 00f9 | ee43 0129 | ef1b 00b9 

  0x000000014baa2e48: ;   {metadata('java/lang/Object'[])}
  0x000000014baa2e48: 01b4 82d2 | 0100 a0f2 | 010e c0f2 | e20b 0032 

  0x000000014baa2e58: ; ImmutableOopMap {[0]=Oop }
                      ;*anewarray {reexecute=0 rethrow=0 return_oop=1}
                      ; - net.minecraft.class_310::method_1523@1003 (line 1286)
                      ;   {runtime_call _new_array_Java}
  0x000000014baa2e58: 7a24 ee96 | d3f7 ff17 | 2101 8012 

  0x000000014baa2e64: ; ImmutableOopMap {}
                      ;*getfield item {reexecute=1 rethrow=0 return_oop=0}
                      ; - (reexecute) java.util.concurrent.ConcurrentLinkedQueue::poll@8
                      ; - net.minecraft.class_310::method_1523@92 (line 1167)
                      ;   {runtime_call UncommonTrapBlob}
  0x000000014baa2e64: 8762 eb96 | eb07 00b9 | 6103 8012 | f307 00f9 | e6bb 01a9 | e217 00f9 

  0x000000014baa2e7c: ; ImmutableOopMap {[8]=Oop [24]=Oop [32]=Oop [40]=Oop }
                      ;*laload {reexecute=0 rethrow=0 return_oop=0}
                      ; - it.unimi.dsi.fastutil.longs.LongArrayFIFOQueue::dequeueLong@27 (line 86)
                      ; - net.minecraft.class_310::handler$kgk000$sodium$preRender@39 (line 39035)
                      ; - net.minecraft.class_310::method_1523@9
                      ;   {runtime_call UncommonTrapBlob}
  0x000000014baa2e7c: 8162 eb96 | 2101 8012 

  0x000000014baa2e84: ; ImmutableOopMap {}
                      ;*invokevirtual method_4474 {reexecute=0 rethrow=0 return_oop=0}
                      ; - net.minecraft.class_310::method_1523@24 (line 1152)
                      ;   {runtime_call UncommonTrapBlob}
  0x000000014baa2e84: 7f62 eb96 | 2101 8012 

  0x000000014baa2e8c: ; ImmutableOopMap {}
                      ;*getfield item {reexecute=1 rethrow=0 return_oop=0}
                      ; - (reexecute) java.util.concurrent.ConcurrentLinkedQueue::peek@8
                      ; - net.minecraft.class_1255::method_16075@4 (line 121)
                      ; - net.minecraft.class_1255::method_5383@1 (line 115)
                      ; - net.minecraft.class_310::method_1523@150 (line 1175)
                      ;   {runtime_call UncommonTrapBlob}
  0x000000014baa2e8c: 7d62 eb96 | f803 14aa | f403 0eaa | f503 0aaa | e103 1caa | e003 18aa | c900 0010 | 8953 01f9 
  0x000000014baa2eac: ;   {runtime_call G1BarrierSetRuntime::write_ref_field_pre_entry(oopDesc*, JavaThread*)}
  0x000000014baa2eac: 0800 99d2 | 88c9 a0f2 | 2800 c0f2 | 0001 3fd6 | ee03 14aa | ea03 15aa | f403 18aa | 4ff0 ff17 
  0x000000014baa2ecc: 2104 8012 | f307 00f9 | e60f 00f9 

  0x000000014baa2ed8: ; ImmutableOopMap {[8]=Oop [24]=Oop }
                      ;*invokeinterface method_15396 {reexecute=0 rethrow=0 return_oop=0}
                      ; - net.minecraft.class_310::handler$kgk000$sodium$preRender@11 (line 39032)
                      ; - net.minecraft.class_310::method_1523@9
                      ;   {runtime_call UncommonTrapBlob}
  0x000000014baa2ed8: 6a62 eb96 | 2104 8012 | f303 00f9 

  0x000000014baa2ee4: ; ImmutableOopMap {rfp=Oop [0]=Oop }
                      ;*invokeinterface getAsLong {reexecute=0 rethrow=0 return_oop=0}
                      ; - net.minecraft.class_156::method_648@3 (line 126)
                      ; - net.minecraft.class_310::method_1523@27 (line 1154)
                      ;   {runtime_call UncommonTrapBlob}
  0x000000014baa2ee4: 6762 eb96 | ee0f 00f9 | 2104 8012 | fd03 16aa 

  0x000000014baa2ef4: ; ImmutableOopMap {rfp=Oop [24]=Oop }
                      ;*invokeinterface poll {reexecute=0 rethrow=0 return_oop=0}
                      ; - net.minecraft.class_310::method_1523@92 (line 1167)
                      ;   {runtime_call UncommonTrapBlob}
  0x000000014baa2ef4: 6362 eb96 | 2104 8012 | fd03 16aa | ee03 00b9 | ed2b 01a9 

  0x000000014baa2f08: ; ImmutableOopMap {rfp=Oop [16]=Oop [24]=Oop }
                      ;*invokeinterface getAsLong {reexecute=0 rethrow=0 return_oop=0}
                      ; - net.minecraft.class_156::method_648@3 (line 126)
                      ; - net.minecraft.class_156::method_658@0 (line 122)
                      ; - net.minecraft.class_310::method_1523@124 (line 1172)
                      ;   {runtime_call UncommonTrapBlob}
  0x000000014baa2f08: 5e62 eb96 | fd0f 00f9 | ea0b 40b9 | 2104 8012 | fd03 16aa | ea03 00b9 

  0x000000014baa2f20: ; ImmutableOopMap {rfp=Oop [24]=Oop }
                      ;*invokeinterface method_15396 {reexecute=0 rethrow=0 return_oop=0}
                      ; - net.minecraft.class_310::method_1523@144 (line 1174)
                      ;   {runtime_call UncommonTrapBlob}
  0x000000014baa2f20: 5862 eb96 | eb0b 40b9 | ea13 40b9 | 2104 8012 | eb2b 0029 | f65b 01a9 | f017 00f9 

  0x000000014baa2f3c: ; ImmutableOopMap {[16]=Oop [24]=Oop [40]=Oop }
                      ;*invokeinterface peek {reexecute=0 rethrow=0 return_oop=0}
                      ; - net.minecraft.class_1255::method_16075@4 (line 121)
                      ; - net.minecraft.class_1255::method_5383@1 (line 115)
                      ; - net.minecraft.class_310::method_1523@150 (line 1175)
                      ;   {runtime_call UncommonTrapBlob}
  0x000000014baa2f3c: 5162 eb96 | e117 00f9 | eb0b 40b9 | ea13 40b9 | 2104 8012 | eb2b 0029 | f65b 01a9 

  0x000000014baa2f58: ; ImmutableOopMap {[16]=Oop [24]=Oop [40]=Oop }
                      ;*invokeinterface remove {reexecute=0 rethrow=0 return_oop=0}
                      ; - net.minecraft.class_1255::method_16075@41 (line 130)
                      ; - net.minecraft.class_1255::method_5383@1 (line 115)
                      ; - net.minecraft.class_310::method_1523@150 (line 1175)
                      ;   {runtime_call UncommonTrapBlob}
  0x000000014baa2f58: 4a62 eb96 | 2101 8012 

  0x000000014baa2f60: ; ImmutableOopMap {}
                      ;*invokevirtual method_1606 {reexecute=0 rethrow=0 return_oop=0}
                      ; - net.minecraft.class_310::method_1523@224 (line 1186)
                      ;   {runtime_call UncommonTrapBlob}
  0x000000014baa2f60: 4862 eb96 | 2101 8012 

  0x000000014baa2f68: ; ImmutableOopMap {}
                      ;*invokevirtual method_4474 {reexecute=0 rethrow=0 return_oop=0}
                      ; - net.minecraft.class_310::method_1523@234 (line 1188)
                      ;   {runtime_call UncommonTrapBlob}
  0x000000014baa2f68: 4662 eb96 | 2104 8012 | f403 00f9 

  0x000000014baa2f74: ; ImmutableOopMap {rfp=Oop [0]=Oop }
                      ;*invokeinterface method_15396 {reexecute=0 rethrow=0 return_oop=0}
                      ; - net.minecraft.class_310::method_1523@244 (line 1190)
                      ;   {runtime_call UncommonTrapBlob}
  0x000000014baa2f74: 4362 eb96 | eb07 00f9 | 2104 8012 | fd03 14aa 

  0x000000014baa2f84: ; ImmutableOopMap {rfp=Oop [8]=Oop }
                      ;*invokeinterface method_15407 {reexecute=0 rethrow=0 return_oop=0}
                      ; - net.minecraft.class_310::method_1523@267 (line 1192)
                      ;   {runtime_call UncommonTrapBlob}
  0x000000014baa2f84: 3f62 eb96 | 2104 8012 | f403 00f9 

  0x000000014baa2f90: ; ImmutableOopMap {rfp=Oop [0]=Oop }
                      ;*invokeinterface getAsLong {reexecute=0 rethrow=0 return_oop=0}
                      ; - net.minecraft.class_156::method_648@3 (line 126)
                      ; - net.minecraft.class_310::method_1523@284 (line 1196)
                      ;   {runtime_call UncommonTrapBlob}
  0x000000014baa2f90: 3c62 eb96 | ed07 00f9 | 2104 8012 | fd03 0caa 

  0x000000014baa2fa0: ; ImmutableOopMap {rfp=Oop [8]=Oop }
                      ;*invokeinterface method_34773 {reexecute=0 rethrow=0 return_oop=0}
                      ; - net.minecraft.class_310::method_1523@303 (line 1198)
                      ;   {runtime_call UncommonTrapBlob}
  0x000000014baa2fa0: 3862 eb96 | 4117 8012 | fd03 0caa 

  0x000000014baa2fac: ; ImmutableOopMap {rfp=Oop }
                      ;*ifeq {reexecute=1 rethrow=0 return_oop=0}
                      ; - (reexecute) com.mojang.blaze3d.systems.RenderSystem::assertOnRenderThreadOrInit@9 (line 165)
                      ; - com.mojang.blaze3d.platform.GlStateManager::_clear@0 (line 705)
                      ; - com.mojang.blaze3d.systems.RenderSystem::clear@5 (line 615)
                      ; - net.minecraft.class_310::method_1523@368 (line 1208)
                      ;   {runtime_call UncommonTrapBlob}
  0x000000014baa2fac: 3562 eb96 | 4117 8012 | fd03 0caa 

  0x000000014baa2fb8: ; ImmutableOopMap {rfp=Oop }
                      ;*ifne {reexecute=1 rethrow=0 return_oop=0}
                      ; - (reexecute) com.mojang.blaze3d.systems.RenderSystem::assertOnRenderThread@3 (line 172)
                      ; - com.mojang.blaze3d.platform.GlStateManager::_getError@0 (line 759)
                      ; - com.mojang.blaze3d.platform.GlStateManager::_clear@11 (line 709)
                      ; - com.mojang.blaze3d.systems.RenderSystem::clear@5 (line 615)
                      ; - net.minecraft.class_310::method_1523@368 (line 1208)
                      ;   {runtime_call UncommonTrapBlob}
  0x000000014baa2fb8: 3262 eb96 | ee07 00f9 | 2104 8012 | fd03 0caa 

  0x000000014baa2fc8: ; ImmutableOopMap {rfp=Oop [8]=Oop }
                      ;*invokevirtual method_1235 {reexecute=0 rethrow=0 return_oop=0}
                      ; - net.minecraft.class_310::method_1523@376 (line 1210)
                      ;   {runtime_call UncommonTrapBlob}
  0x000000014baa2fc8: 2e62 eb96 | ed07 00f9 | ea13 0329 | 4117 8012 | fd03 40f9 

  0x000000014baa2fdc: ; ImmutableOopMap {rfp=Oop [8]=Oop }
                      ;*ifeq {reexecute=1 rethrow=0 return_oop=0}
                      ; - (reexecute) com.mojang.blaze3d.systems.RenderSystem::assertOnRenderThreadOrInit@9 (line 165)
                      ; - com.mojang.blaze3d.platform.GlStateManager::_viewport@0 (line 642)
                      ; - net.minecraft.class_276::method_22595@26 (line 209)
                      ; - net.minecraft.class_276::method_1235@21 (line 201)
                      ; - net.minecraft.class_310::method_1523@376 (line 1210)
                      ;   {runtime_call UncommonTrapBlob}
  0x000000014baa2fdc: 2962 eb96 | 2104 8012 | f603 00f9 | ee0f 00b9 

  0x000000014baa2fec: ; ImmutableOopMap {rfp=Oop [0]=Oop }
                      ;*invokeinterface method_15407 {reexecute=0 rethrow=0 return_oop=0}
                      ; - net.minecraft.class_310::method_1523@157 (line 1176)
                      ;   {runtime_call UncommonTrapBlob}
  0x000000014baa2fec: 2562 eb96 | 2104 8012 | f603 00f9 

  0x000000014baa2ff8: ; ImmutableOopMap {rfp=Oop [0]=Oop }
                      ;*invokeinterface method_15407 {reexecute=0 rethrow=0 return_oop=0}
                      ; - net.minecraft.class_310::method_1523@215 (line 1183)
                      ;   {runtime_call UncommonTrapBlob}
  0x000000014baa2ff8: 2262 eb96 | 2101 8012 

  0x000000014baa3000: ; ImmutableOopMap {}
                      ;*invokevirtual method_3192 {reexecute=0 rethrow=0 return_oop=0}
                      ; - net.minecraft.class_310::method_1523@485 (line 1219)
                      ;   {runtime_call UncommonTrapBlob}
  0x000000014baa3000: 2062 eb96 | e303 00b9 | fd03 022a | 2101 8012 

  0x000000014baa3010: ; ImmutableOopMap {}
                      ;*invokevirtual method_1237 {reexecute=0 rethrow=0 return_oop=0}
                      ; - net.minecraft.class_310::method_1523@606 (line 1234)
                      ;   {runtime_call UncommonTrapBlob}
  0x000000014baa3010: 1c62 eb96 | 2101 8012 

  0x000000014baa3018: ; ImmutableOopMap {}
                      ;*invokevirtual method_15998 {reexecute=0 rethrow=0 return_oop=0}
                      ; - net.minecraft.class_310::method_1523@652 (line 1241)
                      ;   {runtime_call UncommonTrapBlob}
  0x000000014baa3018: 1a62 eb96 | 2101 8012 

  0x000000014baa3020: ; ImmutableOopMap {}
                      ;*invokevirtual method_4474 {reexecute=0 rethrow=0 return_oop=0}
                      ; - net.minecraft.class_310::method_1523@705 (line 1251)
                      ;   {runtime_call UncommonTrapBlob}
  0x000000014baa3020: 1862 eb96 | fd03 02aa | 2101 8012 

  0x000000014baa302c: ; ImmutableOopMap {}
                      ;*invokevirtual method_15247 {reexecute=0 rethrow=0 return_oop=0}
                      ; - net.minecraft.class_310::method_1523@854 (line 1268)
                      ;   {runtime_call UncommonTrapBlob}
  0x000000014baa302c: 1562 eb96 | ee07 00f9 | 2104 8012 | fd03 40f9 

  0x000000014baa303c: ; ImmutableOopMap {rfp=Oop [8]=Oop }
                      ;*invokeinterface ptr {reexecute=0 rethrow=0 return_oop=0}
                      ; - dev.engine_room.flywheel.backend.engine.uniform.UniformBuffer::ptr@4 (line 28)
                      ; - dev.engine_room.flywheel.backend.engine.uniform.FogUniforms::update@3 (line 11)
                      ; - com.mojang.blaze3d.systems.RenderSystem::handler$fej000$flywheel$onSetFogStart@0 (line 2470)
                      ; - com.mojang.blaze3d.systems.RenderSystem::setShaderFogStart@8 (line 628)
                      ; - net.minecraft.class_758::method_23792@3 (line 203)
                      ; - net.minecraft.class_310::method_1523@379 (line 1211)
                      ;   {runtime_call UncommonTrapBlob}
  0x000000014baa303c: 1162 eb96 | 2104 8012 

  0x000000014baa3044: ; ImmutableOopMap {rfp=Oop [0]=Oop }
                      ;*invokeinterface method_15396 {reexecute=0 rethrow=0 return_oop=0}
                      ; - net.minecraft.class_310::method_1523@389 (line 1213)
                      ;   {runtime_call UncommonTrapBlob}
  0x000000014baa3044: 0f62 eb96 | 2104 8012 

  0x000000014baa304c: ; ImmutableOopMap {rfp=Oop [0]=Oop }
                      ;*invokeinterface method_15407 {reexecute=0 rethrow=0 return_oop=0}
                      ; - net.minecraft.class_310::method_1523@401 (line 1216)
                      ;   {runtime_call UncommonTrapBlob}
  0x000000014baa304c: 0d62 eb96 | 2104 8012 

  0x000000014baa3054: ; ImmutableOopMap {rfp=Oop [0]=Oop }
                      ;*invokeinterface method_15407 {reexecute=0 rethrow=0 return_oop=0}
                      ; - net.minecraft.class_310::method_1523@504 (line 1220)
                      ;   {runtime_call UncommonTrapBlob}
  0x000000014baa3054: 0b62 eb96 | e103 00f9 | 2104 8012 | fd03 0eaa 

  0x000000014baa3064: ; ImmutableOopMap {rfp=Oop [0]=Oop }
                      ;*invokevirtual method_1240 {reexecute=0 rethrow=0 return_oop=0}
                      ; - net.minecraft.class_310::method_1523@585 (line 1232)
                      ;   {runtime_call UncommonTrapBlob}
  0x000000014baa3064: 0762 eb96 | 2104 8012 

  0x000000014baa306c: ; ImmutableOopMap {rfp=Oop [0]=Oop }
                      ;*invokeinterface method_15405 {reexecute=0 rethrow=0 return_oop=0}
                      ; - net.minecraft.class_310::method_1523@643 (line 1240)
                      ;   {runtime_call UncommonTrapBlob}
  0x000000014baa306c: 0562 eb96 | 2104 8012 | ec03 00f9 | e00b 00b9 

  0x000000014baa307c: ; ImmutableOopMap {rfp=Oop [0]=Oop }
                      ;*invokeinterface method_15405 {reexecute=0 rethrow=0 return_oop=0}
                      ; - net.minecraft.class_310::method_1523@681 (line 1247)
                      ;   {runtime_call UncommonTrapBlob}
  0x000000014baa307c: 0162 eb96 | 2104 8012 | f303 00f9 

  0x000000014baa3088: ; ImmutableOopMap {rfp=Oop [0]=Oop }
                      ;*invokeinterface method_15407 {reexecute=0 rethrow=0 return_oop=0}
                      ; - net.minecraft.class_310::method_1523@693 (line 1249)
                      ;   {runtime_call UncommonTrapBlob}
  0x000000014baa3088: fe61 eb96 | 2104 8012 | ec03 00f9 

  0x000000014baa3094: ; ImmutableOopMap {rfp=Oop [0]=Oop }
                      ;*invokeinterface method_15396 {reexecute=0 rethrow=0 return_oop=0}
                      ; - net.minecraft.class_310::method_1523@870 (line 1271)
                      ;   {runtime_call UncommonTrapBlob}
  0x000000014baa3094: fb61 eb96 | 2104 8012 | ec03 00f9 

  0x000000014baa30a0: ; ImmutableOopMap {rfp=Oop [0]=Oop }
                      ;*invokeinterface method_15407 {reexecute=0 rethrow=0 return_oop=0}
                      ; - net.minecraft.class_310::method_1523@1180 (line 1298)
                      ;   {runtime_call UncommonTrapBlob}
  0x000000014baa30a0: f861 eb96 | 2101 8012 

  0x000000014baa30a8: ; ImmutableOopMap {}
                      ;*getfield next {reexecute=1 rethrow=0 return_oop=0}
                      ; - (reexecute) java.util.concurrent.ConcurrentLinkedQueue::offer@22
                      ; - java.util.concurrent.ConcurrentLinkedQueue::add@2
                      ; - net.minecraft.class_1255::method_18858@5 (line 93)
                      ; - net.minecraft.class_1255::execute@13 (line 100)
                      ; - net.minecraft.class_1140::method_4840@45 (line 522)
                      ; - net.minecraft.class_1144::method_4876@5 (line 256)
                      ; - net.minecraft.class_310::method_1523@260 (line 1191)
                      ;   {runtime_call UncommonTrapBlob}
  0x000000014baa30a8: f661 eb96 | e103 1caa | c900 0010 | 8953 01f9 

  0x000000014baa30b8: ;   {runtime_call G1BarrierSetRuntime::write_ref_field_pre_entry(oopDesc*, JavaThread*)}
  0x000000014baa30b8: 0800 99d2 | 88c9 a0f2 | 2800 c0f2 | 0001 3fd6 | 28f1 ff17 | eb13 40b9 | 6114 8012 | fd03 13aa 
  0x000000014baa30d8: eb03 00b9 | f50b 00f9 

  0x000000014baa30e0: ; ImmutableOopMap {rfp=Oop [16]=Oop }
                      ;*ifnonnull {reexecute=1 rethrow=0 return_oop=0}
                      ; - (reexecute) java.util.Objects::requireNonNull@1
                      ; - java.lang.invoke.VarHandleReferences$FieldInstanceReadWrite::setRelease@16
                      ; - java.lang.invoke.VarHandleGuards::guard_LL_V@45
                      ; - java.util.concurrent.ConcurrentLinkedQueue::updateHead@22
                      ; - java.util.concurrent.ConcurrentLinkedQueue::poll@66
                      ; - net.minecraft.class_310::method_1523@92 (line 1167)
                      ;   {runtime_call UncommonTrapBlob}
  0x000000014baa30e0: e861 eb96 | 4117 8012 | e20b 00b9 | f33b 01a9 

  0x000000014baa30f0: ; ImmutableOopMap {[16]=Oop [24]=Oop }
                      ;*ifeq {reexecute=1 rethrow=0 return_oop=0}
                      ; - (reexecute) net.minecraft.class_310::handler$gip000$lavender$onFrameStart@27 (line 25527)
                      ; - net.minecraft.class_310::method_1523@3
                      ;   {runtime_call UncommonTrapBlob}
  0x000000014baa30f0: e461 eb96 | f903 11aa | f803 0eaa | f503 0caa | e003 0caa | e103 1caa | c900 0010 | 8953 01f9 
  0x000000014baa3110: ;   {runtime_call G1BarrierSetRuntime::write_ref_field_pre_entry(oopDesc*, JavaThread*)}
  0x000000014baa3110: 0800 99d2 | 88c9 a0f2 | 2800 c0f2 | 0001 3fd6 | ec03 15aa | ee03 18aa | f103 19aa | bbf1 ff17 
  0x000000014baa3130: ec03 00f9 | ee43 0129 

  0x000000014baa3138: ;   {metadata('java/lang/Object'[])}
  0x000000014baa3138: 01b4 82d2 | 0100 a0f2 | 010e c0f2 | e20b 0032 

  0x000000014baa3148: ; ImmutableOopMap {[0]=Oop }
                      ;*anewarray {reexecute=0 rethrow=0 return_oop=1}
                      ; - net.minecraft.class_310::method_1523@1003 (line 1286)
                      ;   {runtime_call _new_array_Java}
  0x000000014baa3148: be23 ee96 | 1bf9 ff17 | 2101 8012 

  0x000000014baa3154: ; ImmutableOopMap {}
                      ;*invokeinterface method_15407 {reexecute=0 rethrow=0 return_oop=0}
                      ; - net.minecraft.class_310::method_1523@267 (line 1192)
                      ;   {runtime_call UncommonTrapBlob}
  0x000000014baa3154: cb61 eb96 | 2104 8012 | f603 00f9 | ee0f 00b9 | ec1b 00b9 

  0x000000014baa3168: ; ImmutableOopMap {rfp=Oop [0]=Oop }
                      ;*invokeinterface method_39278 {reexecute=0 rethrow=0 return_oop=0}
                      ; - net.minecraft.class_310::method_1523@196 (line 1180)
                      ;   {runtime_call UncommonTrapBlob}
  0x000000014baa3168: c661 eb96 | e103 1caa | c900 0010 | 8953 01f9 

  0x000000014baa3178: ;   {runtime_call G1BarrierSetRuntime::write_ref_field_pre_entry(oopDesc*, JavaThread*)}
  0x000000014baa3178: 0800 99d2 | 88c9 a0f2 | 2800 c0f2 | 0001 3fd6 | 4fef ff17 | 2101 8012 

  0x000000014baa3190: ; ImmutableOopMap {}
                      ;*invokevirtual handleRenderExecutor {reexecute=0 rethrow=0 return_oop=0}
                      ; - xaero.map.events.ClientEvents::handleClientRunTickStart@37 (line 228)
                      ; - xaero.map.core.XaeroWorldMapCore::onMinecraftRunTick@9 (line 187)
                      ; - xaero.map.core.XaeroWorldMapCoreFabric::onMinecraftRunTick@15 (line 24)
                      ; - net.minecraft.class_310::handler$mkb000$xaeroworldmap$onRunTickStart@0 (line 50532)
                      ; - net.minecraft.class_310::method_1523@14
                      ;   {runtime_call UncommonTrapBlob}
  0x000000014baa3190: bc61 eb96 | e103 1caa | c900 0010 | 8953 01f9 

  0x000000014baa31a0: ;   {runtime_call G1BarrierSetRuntime::write_ref_field_pre_entry(oopDesc*, JavaThread*)}
  0x000000014baa31a0: 0800 99d2 | 88c9 a0f2 | 2800 c0f2 | 0001 3fd6 | c1f2 ff17 | 4117 8012 

  0x000000014baa31b8: ; ImmutableOopMap {[0]=Oop }
                      ;*ifne {reexecute=1 rethrow=0 return_oop=0}
                      ; - (reexecute) net.minecraft.class_310::method_1523@296 (line 1198)
                      ;   {runtime_call UncommonTrapBlob}
  0x000000014baa31b8: b261 eb96 | 4117 8012 

  0x000000014baa31c0: ; ImmutableOopMap {[0]=Oop }
                      ;*ifne {reexecute=1 rethrow=0 return_oop=0}
                      ; - (reexecute) com.mojang.blaze3d.systems.RenderSystem::assertOnGameThreadOrInit@3 (line 158)
                      ; - com.mojang.blaze3d.systems.RenderSystem::clear@0 (line 609)
                      ; - net.minecraft.class_310::method_1523@368 (line 1208)
                      ;   {runtime_call UncommonTrapBlob}
  0x000000014baa31c0: b061 eb96 | 6101 8012 | f307 00f9 | ee0f 00f9 

  0x000000014baa31d0: ; ImmutableOopMap {[8]=Oop [24]=Oop }
                      ;*instanceof {reexecute=0 rethrow=0 return_oop=0}
                      ; - net.minecraft.class_310::handler$gip000$lavender$onFrameStart@24 (line 25527)
                      ; - net.minecraft.class_310::method_1523@3
                      ;   {runtime_call UncommonTrapBlob}
  0x000000014baa31d0: ac61 eb96 | 4117 8012 

  0x000000014baa31d8: ; ImmutableOopMap {[0]=Oop }
                      ;*ifne {reexecute=1 rethrow=0 return_oop=0}
                      ; - (reexecute) net.minecraft.class_310::method_1523@410 (line 1217)
                      ;   {runtime_call UncommonTrapBlob}
  0x000000014baa31d8: aa61 eb96 | e103 1caa | c900 0010 | 8953 01f9 

  0x000000014baa31e8: ;   {runtime_call G1BarrierSetRuntime::write_ref_field_pre_entry(oopDesc*, JavaThread*)}
  0x000000014baa31e8: 0800 99d2 | 88c9 a0f2 | 2800 c0f2 | 0001 3fd6 | b1f4 ff17 | eb07 00b9 | 4117 8012 | f307 00f9 
  0x000000014baa3208: f117 00b9 | e6bb 01a9 

  0x000000014baa3210: ; ImmutableOopMap {[8]=Oop [24]=Oop [32]=Oop }
                      ;*if_icmpne {reexecute=1 rethrow=0 return_oop=0}
                      ; - (reexecute) it.unimi.dsi.fastutil.longs.LongArrayFIFOQueue::dequeueLong@8 (line 85)
                      ; - net.minecraft.class_310::handler$kgk000$sodium$preRender@39 (line 39035)
                      ; - net.minecraft.class_310::method_1523@9
                      ;   {runtime_call UncommonTrapBlob}
  0x000000014baa3210: 9c61 eb96 | eb13 40b9 | bf00 00f1 | fd07 9f1a | bda7 9d5a | 4117 8012 | eb0b 00b9 | f31b 01a9 
  0x000000014baa3230: e513 00f9 

  0x000000014baa3234: ; ImmutableOopMap {[16]=Oop [24]=Oop }
                      ;*ifne {reexecute=1 rethrow=0 return_oop=0}
                      ; - (reexecute) org.lwjgl.system.Checks::check@3 (line 187)
                      ; - org.lwjgl.opengl.GL32C::glClientWaitSync@7 (line 716)
                      ; - net.minecraft.class_310::handler$kgk000$sodium$preRender@50 (line 39053)
                      ; - net.minecraft.class_310::method_1523@9
                      ;   {runtime_call UncommonTrapBlob}
  0x000000014baa3234: 9361 eb96 | 4117 8012 | f303 00f9 | ea0f 00f9 

  0x000000014baa3244: ; ImmutableOopMap {[0]=Oop [24]=Oop }
                      ;*ifeq {reexecute=1 rethrow=0 return_oop=0}
                      ; - (reexecute) xaero.map.WorldMapFabric::tryLoadLater@4 (line 98)
                      ; - xaero.map.core.XaeroWorldMapCoreFabric::onMinecraftRunTick@12 (line 23)
                      ; - net.minecraft.class_310::handler$mkb000$xaeroworldmap$onRunTickStart@0 (line 50532)
                      ; - net.minecraft.class_310::method_1523@14
                      ;   {runtime_call UncommonTrapBlob}
  0x000000014baa3244: 8f61 eb96 | 4117 8012 | f303 00f9 

  0x000000014baa3250: ; ImmutableOopMap {rfp=Oop [0]=Oop }
                      ;*ifnull {reexecute=1 rethrow=0 return_oop=0}
                      ; - (reexecute) xaero.map.core.XaeroWorldMapCore::onMinecraftRunTick@3 (line 186)
                      ; - xaero.map.core.XaeroWorldMapCoreFabric::onMinecraftRunTick@15 (line 24)
                      ; - net.minecraft.class_310::handler$mkb000$xaeroworldmap$onRunTickStart@0 (line 50532)
                      ; - net.minecraft.class_310::method_1523@14
                      ;   {runtime_call UncommonTrapBlob}
  0x000000014baa3250: 8c61 eb96 | 4117 8012 | f303 00f9 | ee0f 00f9 

  0x000000014baa3260: ; ImmutableOopMap {rfp=Oop [0]=Oop [24]=Oop }
                      ;*ifnull {reexecute=1 rethrow=0 return_oop=0}
                      ; - (reexecute) xaero.map.CrashHandler::checkForCrashes@4 (line 8)
                      ; - xaero.map.events.ClientEvents::handleClientRunTickStart@3 (line 222)
                      ; - xaero.map.core.XaeroWorldMapCore::onMinecraftRunTick@9 (line 187)
                      ; - xaero.map.core.XaeroWorldMapCoreFabric::onMinecraftRunTick@15 (line 24)
                      ; - net.minecraft.class_310::handler$mkb000$xaeroworldmap$onRunTickStart@0 (line 50532)
                      ; - net.minecraft.class_310::method_1523@14
                      ;   {runtime_call UncommonTrapBlob}
  0x000000014baa3260: 8861 eb96 | 3f00 00f1 | fd07 9f1a | bda7 9d5a | e10f 00f9 | ea13 40b9 | 4117 8012 | ea0b 00b9 
  0x000000014baa3280: ; ImmutableOopMap {[0]=Oop }
                      ;*ifne {reexecute=1 rethrow=0 return_oop=0}
                      ; - (reexecute) org.lwjgl.system.Checks::check@3 (line 187)
                      ; - org.lwjgl.glfw.GLFW::glfwWindowShouldClose@11 (line 2244)
                      ; - com.mojang.blaze3d.platform.GLX::_shouldClose@4 (line 92)
                      ; - net.minecraft.class_1041::method_22093@1 (line 134)
                      ; - net.minecraft.class_310::method_1523@35 (line 1155)
                      ;   {runtime_call UncommonTrapBlob}
  0x000000014baa3280: 8061 eb96 | e007 00b9 | 4117 8012 

  0x000000014baa328c: ; ImmutableOopMap {rfp=Oop }
                      ;*ifeq {reexecute=1 rethrow=0 return_oop=0}
                      ; - (reexecute) org.lwjgl.glfw.GLFW::glfwWindowShouldClose@20 (line 2246)
                      ; - com.mojang.blaze3d.platform.GLX::_shouldClose@4 (line 92)
                      ; - net.minecraft.class_1041::method_22093@1 (line 134)
                      ; - net.minecraft.class_310::method_1523@35 (line 1155)
                      ;   {runtime_call UncommonTrapBlob}
  0x000000014baa328c: 7d61 eb96 | eb13 40b9 | 4117 8012 | eb0b 00b9 

  0x000000014baa329c: ; ImmutableOopMap {rfp=Oop [0]=Oop }
                      ;*ifnull {reexecute=1 rethrow=0 return_oop=0}
                      ; - (reexecute) net.minecraft.class_310::method_1523@49 (line 1160)
                      ;   {runtime_call UncommonTrapBlob}
  0x000000014baa329c: 7961 eb96 | f30f 00bd | eb0f 00f9 | ec17 00f9 | 4117 8012 

  0x000000014baa32b0: ; ImmutableOopMap {[0]=Oop [24]=Oop }
                      ;*ifeq {reexecute=1 rethrow=0 return_oop=0}
                      ; - (reexecute) net.minecraft.class_317::redirect$cfm000$carpet$adjustTickSpeed@3 (line 521)
                      ; - net.minecraft.class_317::method_1658@11 (line 16)
                      ; - net.minecraft.class_310::method_1523@127 (line 1172)
                      ;   {runtime_call UncommonTrapBlob}
  0x000000014baa32b0: 7461 eb96 | 2104 8012 | f403 00f9 | ef5f 01a9 

  0x000000014baa32c0: ; ImmutableOopMap {rfp=Oop [0]=Oop [16]=Oop [24]=Oop }
                      ;*invokeinterface add {reexecute=0 rethrow=0 return_oop=0}
                      ; - net.minecraft.class_1255::method_18858@5 (line 93)
                      ; - net.minecraft.class_1255::execute@13 (line 100)
                      ; - net.minecraft.class_1140::method_4840@45 (line 522)
                      ; - net.minecraft.class_1144::method_4876@5 (line 256)
                      ; - net.minecraft.class_310::method_1523@260 (line 1191)
                      ;   {runtime_call UncommonTrapBlob}
  0x000000014baa32c0: 7061 eb96 | 4117 8012 

  0x000000014baa32c8: ; ImmutableOopMap {[0]=Oop }
                      ;*ifeq {reexecute=1 rethrow=0 return_oop=0}
                      ; - (reexecute) org.lwjgl.opengl.GL11::glGetError@6 (line 10035)
                      ; - com.mojang.blaze3d.platform.GlStateManager::_getError@3 (line 760)
                      ; - com.mojang.blaze3d.platform.GlStateManager::_clear@11 (line 709)
                      ; - com.mojang.blaze3d.systems.RenderSystem::clear@5 (line 615)
                      ; - net.minecraft.class_310::method_1523@368 (line 1208)
                      ;   {runtime_call UncommonTrapBlob}
  0x000000014baa32c8: 6e61 eb96 | ee0f 00f9 | e22f 00b9 | 4117 8012 

  0x000000014baa32d8: ; ImmutableOopMap {[0]=Oop [24]=Oop }
                      ;*if_icmpne {reexecute=1 rethrow=0 return_oop=0}
                      ; - (reexecute) com.mojang.blaze3d.platform.GlStateManager::handler$fpn000$iris$avoidRedundantBind@11 (line 3344)
                      ; - com.mojang.blaze3d.platform.GlStateManager::_glBindFramebuffer@15
                      ; - net.minecraft.class_276::method_22595@9 (line 207)
                      ; - net.minecraft.class_276::method_1235@21 (line 201)
                      ; - net.minecraft.class_310::method_1523@376 (line 1210)
                      ;   {runtime_call UncommonTrapBlob}
  0x000000014baa32d8: 6a61 eb96 | eb1b 00f9 | 4117 8012 

  0x000000014baa32e4: ; ImmutableOopMap {rfp=Oop [0]=Oop [24]=Oop [48]=Oop }
                      ;*ifnull {reexecute=1 rethrow=0 return_oop=0}
                      ; - (reexecute) net.minecraft.class_310::handler$nde000$useGuiFramebuffer@6 (line 53019)
                      ; - net.minecraft.class_310::method_1522@14
                      ; - net.minecraft.class_276::handler$gci000$iris$onBindFramebuffer@4 (line 2544)
                      ; - net.minecraft.class_276::method_1235@27 (line 203)
                      ; - net.minecraft.class_310::method_1523@376 (line 1210)
                      ;   {runtime_call UncommonTrapBlob}
  0x000000014baa32e4: 6761 eb96 | 4117 8012 

  0x000000014baa32ec: ; ImmutableOopMap {[0]=Oop }
                      ;*ifne {reexecute=1 rethrow=0 return_oop=0}
                      ; - (reexecute) com.mojang.blaze3d.systems.RenderSystem::assertOnRenderThread@3 (line 172)
                      ; - com.mojang.blaze3d.systems.RenderSystem::setShaderFogStart@0 (line 620)
                      ; - net.minecraft.class_758::method_23792@3 (line 203)
                      ; - net.minecraft.class_310::method_1523@379 (line 1211)
                      ;   {runtime_call UncommonTrapBlob}
  0x000000014baa32ec: 6561 eb96 | 4117 8012 

  0x000000014baa32f4: ; ImmutableOopMap {rfp=Oop [0]=Oop }
                      ;*ifnull {reexecute=1 rethrow=0 return_oop=0}
                      ; - (reexecute) com.mojang.blaze3d.systems.RenderSystem::handler$gck000$iris$onFogStart@3 (line 4470)
                      ; - com.mojang.blaze3d.systems.RenderSystem::_setShaderFogStart@6 (line 631)
                      ; - com.mojang.blaze3d.systems.RenderSystem::setShaderFogStart@4 (line 626)
                      ; - net.minecraft.class_758::method_23792@3 (line 203)
                      ; - net.minecraft.class_310::method_1523@379 (line 1211)
                      ;   {runtime_call UncommonTrapBlob}
  0x000000014baa32f4: 6361 eb96 | ee0f 00f9 | 4117 8012 

  0x000000014baa3300: ; ImmutableOopMap {[0]=Oop [24]=Oop }
                      ;*ifeq {reexecute=1 rethrow=0 return_oop=0}
                      ; - (reexecute) dev.engine_room.flywheel.lib.memory.AbstractMemoryBlockImpl::assertAllocated@4 (line 22)
                      ; - dev.engine_room.flywheel.lib.memory.AbstractMemoryBlockImpl::ptr@1 (line 29)
                      ; - dev.engine_room.flywheel.backend.engine.uniform.UniformBuffer::ptr@4 (line 28)
                      ; - dev.engine_room.flywheel.backend.engine.uniform.FogUniforms::update@3 (line 11)
                      ; - com.mojang.blaze3d.systems.RenderSystem::handler$fej000$flywheel$onSetFogStart@0 (line 2470)
                      ; - com.mojang.blaze3d.systems.RenderSystem::setShaderFogStart@8 (line 628)
                      ; - net.minecraft.class_758::method_23792@3 (line 203)
                      ; - net.minecraft.class_310::method_1523@379 (line 1211)
                      ;   {runtime_call UncommonTrapBlob}
  0x000000014baa3300: 6061 eb96 | e01b 00b9 | 4117 8012 | fd03 40f9 

  0x000000014baa3310: ; ImmutableOopMap {rfp=Oop }
                      ;*ifne {reexecute=1 rethrow=0 return_oop=0}
                      ; - (reexecute) com.mojang.blaze3d.systems.RenderSystem::assertOnRenderThread@3 (line 172)
                      ; - com.mojang.blaze3d.systems.RenderSystem::getShaderFogStart@0 (line 635)
                      ; - dev.engine_room.flywheel.backend.engine.uniform.FogUniforms::update@44 (line 19)
                      ; - com.mojang.blaze3d.systems.RenderSystem::handler$fej000$flywheel$onSetFogStart@0 (line 2470)
                      ; - com.mojang.blaze3d.systems.RenderSystem::setShaderFogStart@8 (line 628)
                      ; - net.minecraft.class_758::method_23792@3 (line 203)
                      ; - net.minecraft.class_310::method_1523@379 (line 1211)
                      ;   {runtime_call UncommonTrapBlob}
  0x000000014baa3310: 5c61 eb96 | fd0f 00f9 | ee0b 00b9 | 4117 8012 | fd03 0daa 

  0x000000014baa3324: ; ImmutableOopMap {rfp=Oop [24]=Oop }
                      ;*ifeq {reexecute=1 rethrow=0 return_oop=0}
                      ; - (reexecute) net.minecraft.class_310::method_1523@433 (line 1219)
                      ;   {runtime_call UncommonTrapBlob}
  0x000000014baa3324: 5761 eb96 | 4117 8012 

  0x000000014baa332c: ; ImmutableOopMap {rfp=Oop [0]=Oop }
                      ;*ifnull {reexecute=1 rethrow=0 return_oop=0}
                      ; - (reexecute) net.minecraft.class_310::method_1523@513 (line 1223)
                      ;   {runtime_call UncommonTrapBlob}
  0x000000014baa332c: 5561 eb96 | e00f 00b9 | 4117 8012 | fd03 40f9 

  0x000000014baa333c: ; ImmutableOopMap {rfp=Oop }
                      ;*ifeq {reexecute=1 rethrow=0 return_oop=0}
                      ; - (reexecute) net.minecraft.class_310::method_1523@722 (line 1253)
                      ;   {runtime_call UncommonTrapBlob}
  0x000000014baa333c: 5161 eb96 | 4117 8012 

  0x000000014baa3344: ; ImmutableOopMap {[0]=Oop }
                      ;*if_icmpeq {reexecute=1 rethrow=0 return_oop=0}
                      ; - (reexecute) net.minecraft.class_310::method_1523@782 (line 1254)
                      ;   {runtime_call UncommonTrapBlob}
  0x000000014baa3344: 4f61 eb96 | 4117 8012 | ec03 00f9 

  0x000000014baa3350: ; ImmutableOopMap {rfp=Oop [0]=Oop }
                      ;*ifnull {reexecute=1 rethrow=0 return_oop=0}
                      ; - (reexecute) net.minecraft.class_310::method_1523@879 (line 1273)
                      ;   {runtime_call UncommonTrapBlob}
  0x000000014baa3350: 4c61 eb96 | 6103 8012 | e20b 00b9 | f33b 01a9 

  0x000000014baa3360: ; ImmutableOopMap {[16]=Oop [24]=Oop }
                      ;*invokestatic checkIndex {reexecute=0 rethrow=0 return_oop=0}
                      ; - java.util.Objects::checkIndex@3
                      ; - java.util.ArrayList::get@5
                      ; - net.minecraft.class_2371::get@5 (line 47)
                      ; - net.minecraft.class_1657::method_6118@30 (line 1948)
                      ; - net.minecraft.class_1309::method_6079@4 (line 1928)
                      ; - net.minecraft.class_310::handler$gip000$lavender$onFrameStart@14 (line 25526)
                      ; - net.minecraft.class_310::method_1523@3
                      ;   {runtime_call UncommonTrapBlob}
  0x000000014baa3360: 4861 eb96 | 6106 8012 | e20b 00b9 | f33b 01a9 

  0x000000014baa3370: ; ImmutableOopMap {[16]=Oop [24]=Oop }
                      ;*invokestatic checkIndex {reexecute=0 rethrow=0 return_oop=0}
                      ; - java.util.Objects::checkIndex@3
                      ; - java.util.ArrayList::get@5
                      ; - net.minecraft.class_2371::get@5 (line 47)
                      ; - net.minecraft.class_1657::method_6118@30 (line 1948)
                      ; - net.minecraft.class_1309::method_6079@4 (line 1928)
                      ; - net.minecraft.class_310::handler$gip000$lavender$onFrameStart@14 (line 25526)
                      ; - net.minecraft.class_310::method_1523@3
                      ;   {runtime_call UncommonTrapBlob}
  0x000000014baa3370: 4461 eb96 | 6103 8012 | f307 00f9 | ea0f 00f9 

  0x000000014baa3380: ; ImmutableOopMap {[8]=Oop [24]=Oop }
                      ;*aaload {reexecute=0 rethrow=0 return_oop=0}
                      ; - java.util.ArrayList::elementData@5
                      ; - java.util.ArrayList::get@11
                      ; - net.minecraft.class_2371::get@5 (line 47)
                      ; - net.minecraft.class_1657::method_6118@30 (line 1948)
                      ; - net.minecraft.class_1309::method_6079@4 (line 1928)
                      ; - net.minecraft.class_310::handler$gip000$lavender$onFrameStart@14 (line 25526)
                      ; - net.minecraft.class_310::method_1523@3
                      ;   {runtime_call UncommonTrapBlob}
  0x000000014baa3380: 4061 eb96 | eb13 40b9 | 6114 8012 | fd03 16aa | eb03 00b9 | f42b 01a9 

  0x000000014baa3398: ; ImmutableOopMap {rfp=Oop [16]=Oop [24]=Oop }
                      ;*ifnonnull {reexecute=1 rethrow=0 return_oop=0}
                      ; - (reexecute) java.util.Objects::requireNonNull@1
                      ; - java.lang.invoke.VarHandleReferences$FieldInstanceReadWrite::setRelease@16
                      ; - java.lang.invoke.VarHandleGuards::guard_LL_V@45
                      ; - java.util.concurrent.ConcurrentLinkedQueue::updateHead@22
                      ; - java.util.concurrent.ConcurrentLinkedQueue::poll@48
                      ; - net.minecraft.class_310::method_1523@92 (line 1167)
                      ;   {runtime_call UncommonTrapBlob}
  0x000000014baa3398: 3a61 eb96 | e103 1caa | e003 15aa | c900 0010 | 8953 01f9 

  0x000000014baa33ac: ;   {runtime_call G1BarrierSetRuntime::write_ref_field_pre_entry(oopDesc*, JavaThread*)}
  0x000000014baa33ac: 0800 99d2 | 88c9 a0f2 | 2800 c0f2 | 0001 3fd6 | 8cf0 ff17 | e103 1caa | c900 0010 | 8953 01f9 
  0x000000014baa33cc: ;   {runtime_call G1BarrierSetRuntime::write_ref_field_pre_entry(oopDesc*, JavaThread*)}
  0x000000014baa33cc: 0800 99d2 | 88c9 a0f2 | 2800 c0f2 | 0001 3fd6 | 9df0 ff17 | f703 0eaa | f503 0caa | e103 1caa 
  0x000000014baa33ec: c900 0010 | 8953 01f9 

  0x000000014baa33f4: ;   {runtime_call G1BarrierSetRuntime::write_ref_field_pre_entry(oopDesc*, JavaThread*)}
  0x000000014baa33f4: 0800 99d2 | 88c9 a0f2 | 2800 c0f2 | 0001 3fd6 | ec03 15aa | ee03 17aa | 1bf1 ff17 | 4117 8012 
  0x000000014baa3414: f303 00f9 

  0x000000014baa3418: ; ImmutableOopMap {[0]=Oop }
                      ;*ifne {reexecute=1 rethrow=0 return_oop=0}
                      ; - (reexecute) xaero.map.events.ClientEvents::handleClientRunTickStart@18 (line 224)
                      ; - xaero.map.core.XaeroWorldMapCore::onMinecraftRunTick@9 (line 187)
                      ; - xaero.map.core.XaeroWorldMapCoreFabric::onMinecraftRunTick@15 (line 24)
                      ; - net.minecraft.class_310::handler$mkb000$xaeroworldmap$onRunTickStart@0 (line 50532)
                      ; - net.minecraft.class_310::method_1523@14
                      ;   {runtime_call UncommonTrapBlob}
  0x000000014baa3418: 1a61 eb96 | e10f 00f9 | ec07 00f9 | 4117 8012 | fd03 13aa 

  0x000000014baa342c: ; ImmutableOopMap {rfp=Oop [8]=Oop [24]=Oop }
                      ;*ifnonnull {reexecute=1 rethrow=0 return_oop=0}
                      ; - (reexecute) xaero.map.WorldMapSession::getForPlayer@8 (line 113)
                      ; - xaero.map.WorldMapSession::getCurrentSession@6 (line 106)
                      ; - xaero.map.events.ClientEvents::handleClientRunTickStart@22 (line 226)
                      ; - xaero.map.core.XaeroWorldMapCore::onMinecraftRunTick@9 (line 187)
                      ; - xaero.map.core.XaeroWorldMapCoreFabric::onMinecraftRunTick@15 (line 24)
                      ; - net.minecraft.class_310::handler$mkb000$xaeroworldmap$onRunTickStart@0 (line 50532)
                      ; - net.minecraft.class_310::method_1523@14
                      ;   {runtime_call UncommonTrapBlob}
  0x000000014baa342c: 1561 eb96 | f803 04aa | f503 14aa | f403 0aaa | e003 0aaa | e103 1caa | c900 0010 | 8953 01f9 
  0x000000014baa344c: ;   {runtime_call G1BarrierSetRuntime::write_ref_field_pre_entry(oopDesc*, JavaThread*)}
  0x000000014baa344c: 0800 99d2 | 88c9 a0f2 | 2800 c0f2 | 0001 3fd6 | ea03 14aa | f403 15aa | e403 18aa | fbee ff17 
  0x000000014baa346c: f803 04aa | f503 14aa | f403 0aaa | e103 1caa | c900 0010 | 8953 01f9 

  0x000000014baa3484: ;   {runtime_call G1BarrierSetRuntime::write_ref_field_pre_entry(oopDesc*, JavaThread*)}
  0x000000014baa3484: 0800 99d2 | 88c9 a0f2 | 2800 c0f2 | 0001 3fd6 | ea03 14aa | f403 15aa | e403 18aa | 06ef ff17 
  0x000000014baa34a4: eb0b 40b9 | ea13 40b9 | 4117 8012 | eb2b 0029 | f65b 01a9 | f0b3 02a9 | f183 03a9 

  0x000000014baa34c0: ; ImmutableOopMap {[16]=Oop [24]=Oop [40]=Oop [48]=Oop [56]=Oop [64]=Oop }
                      ;*if_acmpne {reexecute=1 rethrow=0 return_oop=0}
                      ; - (reexecute) java.util.concurrent.ConcurrentLinkedQueue::peek@37
                      ; - net.minecraft.class_1255::method_16075@4 (line 121)
                      ; - net.minecraft.class_1255::method_5383@1 (line 115)
                      ; - net.minecraft.class_310::method_1523@150 (line 1175)
                      ;   {runtime_call UncommonTrapBlob}
  0x000000014baa34c0: f060 eb96 | 2107 8012 | f307 00f9 | ee0f 00f9 

  0x000000014baa34d0: ; ImmutableOopMap {[8]=Oop [24]=Oop }
                      ;*invokeinterface get {reexecute=0 rethrow=0 return_oop=0}
                      ; - net.minecraft.class_2371::get@5 (line 47)
                      ; - net.minecraft.class_1657::method_6118@30 (line 1948)
                      ; - net.minecraft.class_1309::method_6079@4 (line 1928)
                      ; - net.minecraft.class_310::handler$gip000$lavender$onFrameStart@14 (line 25526)
                      ; - net.minecraft.class_310::method_1523@3
                      ;   {runtime_call UncommonTrapBlob}
  0x000000014baa34d0: ec60 eb96 | 6103 8012 | e20b 00b9 | f30b 00f9 

  0x000000014baa34e0: ; ImmutableOopMap {rfp=Oop [16]=Oop }
                      ;*aaload {reexecute=0 rethrow=0 return_oop=0}
                      ; - java.util.Arrays$ArrayList::get@5
                      ; - net.minecraft.class_2371::get@5 (line 47)
                      ; - net.minecraft.class_1657::method_6118@30 (line 1948)
                      ; - net.minecraft.class_1309::method_6079@4 (line 1928)
                      ; - net.minecraft.class_310::handler$gip000$lavender$onFrameStart@14 (line 25526)
                      ; - net.minecraft.class_310::method_1523@3
                      ;   {runtime_call UncommonTrapBlob}
  0x000000014baa34e0: e860 eb96 | fb03 0daa | e103 1caa | c900 0010 | 8953 01f9 

  0x000000014baa34f4: ;   {runtime_call G1BarrierSetRuntime::write_ref_field_pre_entry(oopDesc*, JavaThread*)}
  0x000000014baa34f4: 0800 99d2 | 88c9 a0f2 | 2800 c0f2 | 0001 3fd6 | f903 17aa | f703 19aa | ed03 1baa | 6bf2 ff17 
  0x000000014baa3514: ef07 00b9 | 6106 8012 | f307 00f9 | ed17 00b9 | e6bb 01a9 | e297 02a9 | f00f 0729 | e723 00f9 
  0x000000014baa3534: ; ImmutableOopMap {[8]=Oop [24]=Oop [32]=Oop [40]=Oop [64]=Oop }
                      ;*invokestatic arraycopy {reexecute=0 rethrow=0 return_oop=0}
                      ; - it.unimi.dsi.fastutil.longs.LongArrayFIFOQueue::resize@85 (line 113)
                      ; - it.unimi.dsi.fastutil.longs.LongArrayFIFOQueue::reduce@31 (line 126)
                      ; - it.unimi.dsi.fastutil.longs.LongArrayFIFOQueue::dequeueLong@53 (line 88)
                      ; - net.minecraft.class_310::handler$kgk000$sodium$preRender@39 (line 39035)
                      ; - net.minecraft.class_310::method_1523@9
                      ;   {runtime_call UncommonTrapBlob}
  0x000000014baa3534: d360 eb96 | f903 07aa | f503 14aa | f403 06aa | f703 05aa | fa03 032a | f803 102a | f603 0eaa 
  0x000000014baa3554: e103 1caa | c900 0010 | 8953 01f9 

  0x000000014baa3560: ;   {runtime_call G1BarrierSetRuntime::write_ref_field_pre_entry(oopDesc*, JavaThread*)}
  0x000000014baa3560: 0800 99d2 | 88c9 a0f2 | 2800 c0f2 | 0001 3fd6 | e603 14aa | f403 15aa | ee03 16aa | e503 17aa 
  0x000000014baa3580: f003 182a | e303 1a2a | e703 19aa | 35f5 ff17 | eb13 40b9 | 6106 8012 | eb3f 0129 | f31b 01a9 
  0x000000014baa35a0: ee0b 02a9 | e51b 00f9 | f00f 0729 | e723 00f9 

  0x000000014baa35b0: ; ImmutableOopMap {[16]=Oop [24]=Oop [32]=Oop [40]=Oop [64]=Oop }
                      ;*invokestatic arraycopy {reexecute=0 rethrow=0 return_oop=0}
                      ; - it.unimi.dsi.fastutil.longs.LongArrayFIFOQueue::resize@38 (line 110)
                      ; - it.unimi.dsi.fastutil.longs.LongArrayFIFOQueue::reduce@31 (line 126)
                      ; - it.unimi.dsi.fastutil.longs.LongArrayFIFOQueue::dequeueLong@53 (line 88)
                      ; - net.minecraft.class_310::handler$kgk000$sodium$preRender@39 (line 39035)
                      ; - net.minecraft.class_310::method_1523@9
                      ;   {runtime_call UncommonTrapBlob}
  0x000000014baa35b0: b460 eb96 | eb13 40b9 | 6106 8012 | eb43 0129 | f31b 01a9 | ee17 02a9 | e32b 0629 | e7b7 03a9 
  0x000000014baa35d0: ; ImmutableOopMap {[16]=Oop [24]=Oop [32]=Oop [56]=Oop [64]=Oop }
                      ;*invokestatic arraycopy {reexecute=0 rethrow=0 return_oop=0}
                      ; - it.unimi.dsi.fastutil.longs.LongArrayFIFOQueue::resize@60 (line 111)
                      ; - it.unimi.dsi.fastutil.longs.LongArrayFIFOQueue::reduce@31 (line 126)
                      ; - it.unimi.dsi.fastutil.longs.LongArrayFIFOQueue::dequeueLong@53 (line 88)
                      ; - net.minecraft.class_310::handler$kgk000$sodium$preRender@39 (line 39035)
                      ; - net.minecraft.class_310::method_1523@9
                      ;   {runtime_call UncommonTrapBlob}
  0x000000014baa35d0: ac60 eb96 | fd03 0baa | 2114 8012 

  0x000000014baa35dc: ; ImmutableOopMap {rfp=Oop }
                      ;*invokeinterface setVelocity {reexecute=0 rethrow=0 return_oop=0}
                      ; - net.minecraft.class_1140::wrapOperation$mak000$valkyrienskies$injectListenerVelocity@94 (line 5718)
                      ; - net.minecraft.class_1140::method_19751@19 (line 523)
                      ; - net.minecraft.class_1140$$Lambda$32310/0x0000007004d87d60::run@16
                      ; - net.minecraft.class_1255::execute@20 (line 102)
                      ; - net.minecraft.class_1140::method_4840@45 (line 522)
                      ; - net.minecraft.class_1144::method_4876@5 (line 256)
                      ; - net.minecraft.class_310::method_1523@260 (line 1191)
                      ;   {runtime_call UncommonTrapBlob}
  0x000000014baa35dc: a960 eb96 | 2101 8012 

  0x000000014baa35e4: ; ImmutableOopMap {[48]=Oop [56]=Oop }
                      ;*invokevirtual method_19672 {reexecute=0 rethrow=0 return_oop=0}
                      ; - net.minecraft.class_1140::method_19751@28 (line 524)
                      ; - net.minecraft.class_1140$$Lambda$32310/0x0000007004d87d60::run@16
                      ; - net.minecraft.class_1255::execute@20 (line 102)
                      ; - net.minecraft.class_1140::method_4840@45 (line 522)
                      ; - net.minecraft.class_1144::method_4876@5 (line 256)
                      ; - net.minecraft.class_310::method_1523@260 (line 1191)
                      ;   {runtime_call UncommonTrapBlob}
  0x000000014baa35e4: a760 eb96 | ef07 00f9 | 2113 8012 | fd03 14aa 

  0x000000014baa35f4: ; ImmutableOopMap {rfp=Oop [8]=Oop }
                      ;*invokeinterface run {reexecute=0 rethrow=0 return_oop=0}
                      ; - net.minecraft.class_1255::execute@20 (line 102)
                      ; - net.minecraft.class_1140::method_4840@45 (line 522)
                      ; - net.minecraft.class_1144::method_4876@5 (line 256)
                      ; - net.minecraft.class_310::method_1523@260 (line 1191)
                      ;   {runtime_call UncommonTrapBlob}
  0x000000014baa35f4: a360 eb96 | e087 00a9 | ee0f 00f9 | ef47 03a9 | eb23 00f9 | 2104 8012 | fd03 14aa 

  0x000000014baa3610: ; ImmutableOopMap {rfp=Oop [8]=Oop [16]=Oop [24]=Oop [48]=Oop [56]=Oop [64]=Oop }
                      ;*invokeinterface x {reexecute=0 rethrow=0 return_oop=0}
                      ; - net.minecraft.class_4227::setVelocity@4 (line 513)
                      ; - net.minecraft.class_1140::wrapOperation$mak000$valkyrienskies$injectListenerVelocity@94 (line 5718)
                      ; - net.minecraft.class_1140::method_19751@19 (line 523)
                      ; - net.minecraft.class_1140$$Lambda$32310/0x0000007004d87d60::run@16
                      ; - net.minecraft.class_1255::execute@20 (line 102)
                      ; - net.minecraft.class_1140::method_4840@45 (line 522)
                      ; - net.minecraft.class_1144::method_4876@5 (line 256)
                      ; - net.minecraft.class_310::method_1523@260 (line 1191)
                      ;   {runtime_call UncommonTrapBlob}
  0x000000014baa3610: 9c60 eb96 | e10f 00f9 | 2104 8012 | f403 00f9 | e00b 00f9 | f42f 00bd | ee3f 03a9 | f123 00f9 
  0x000000014baa3630: f14b 00bd | f04f 00bd 

  0x000000014baa3638: ; ImmutableOopMap {rfp=Oop [0]=Oop [16]=Oop [24]=Oop [48]=Oop [56]=Oop [64]=Oop }
                      ;*invokeinterface get {reexecute=0 rethrow=0 return_oop=0}
                      ; - org.lwjgl.openal.AL::getICD@3 (line 218)
                      ; - org.lwjgl.openal.AL10::alListener3f@0 (line 483)
                      ; - net.minecraft.class_4227::setVelocity@24 (line 513)
                      ; - net.minecraft.class_1140::wrapOperation$mak000$valkyrienskies$injectListenerVelocity@94 (line 5718)
                      ; - net.minecraft.class_1140::method_19751@19 (line 523)
                      ; - net.minecraft.class_1140$$Lambda$32310/0x0000007004d87d60::run@16
                      ; - net.minecraft.class_1255::execute@20 (line 102)
                      ; - net.minecraft.class_1140::method_4840@45 (line 522)
                      ; - net.minecraft.class_1144::method_4876@5 (line 256)
                      ; - net.minecraft.class_310::method_1523@260 (line 1191)
                      ;   {runtime_call UncommonTrapBlob}
  0x000000014baa3638: 9260 eb96 | f41b 00bd | f21f 00bd | f12f 00bd | 2104 8012 

  0x000000014baa364c: ; ImmutableOopMap {rfp=Oop [0]=Oop [16]=Oop [48]=Oop [56]=Oop }
                      ;*invokeinterface get {reexecute=0 rethrow=0 return_oop=0}
                      ; - org.lwjgl.openal.AL::getICD@3 (line 218)
                      ; - org.lwjgl.openal.AL10::alListener3f@0 (line 483)
                      ; - net.minecraft.class_4227::method_19671@23 (line 13)
                      ; - net.minecraft.class_1140::mixinextras$bridge$method_19671$89@27
                      ; - net.minecraft.class_1140$$Lambda$32311/0x0000007004d8c000::call@1
                      ; - net.minecraft.class_1140::wrapOperation$mak000$valkyrienskies$injectListenerVelocity@112 (line 5724)
                      ; - net.minecraft.class_1140::method_19751@19 (line 523)
                      ; - net.minecraft.class_1140$$Lambda$32310/0x0000007004d87d60::run@16
                      ; - net.minecraft.class_1255::execute@20 (line 102)
                      ; - net.minecraft.class_1140::method_4840@45 (line 522)
                      ; - net.minecraft.class_1144::method_4876@5 (line 256)
                      ; - net.minecraft.class_310::method_1523@260 (line 1191)
                      ;   {runtime_call UncommonTrapBlob}
  0x000000014baa364c: 8d60 eb96 | ed0b 00f9 | 2104 8012 

  0x000000014baa3658: ; ImmutableOopMap {rfp=Oop [0]=Oop [16]=Oop }
                      ;*invokeinterface get {reexecute=0 rethrow=0 return_oop=0}
                      ; - org.lwjgl.openal.AL::getICD@3 (line 218)
                      ; - org.lwjgl.openal.AL10::alListenerfv@0 (line 1643)
                      ; - net.minecraft.class_4227::method_19672@49 (line 21)
                      ; - net.minecraft.class_1140::method_19751@28 (line 524)
                      ; - net.minecraft.class_1140$$Lambda$32310/0x0000007004d87d60::run@16
                      ; - net.minecraft.class_1255::execute@20 (line 102)
                      ; - net.minecraft.class_1140::method_4840@45 (line 522)
                      ; - net.minecraft.class_1144::method_4876@5 (line 256)
                      ; - net.minecraft.class_310::method_1523@260 (line 1191)
                      ;   {runtime_call UncommonTrapBlob}
  0x000000014baa3658: 8a60 eb96 | eb13 40b9 | 6114 8012 | fd03 16aa | eb03 00b9 | ea0b 00f9 

  0x000000014baa3670: ; ImmutableOopMap {rfp=Oop [16]=Oop }
                      ;*ifnonnull {reexecute=1 rethrow=0 return_oop=0}
                      ; - (reexecute) java.util.Objects::requireNonNull@1
                      ; - java.lang.invoke.VarHandleReferences$FieldInstanceReadWrite::setRelease@16
                      ; - java.lang.invoke.VarHandleGuards::guard_LL_V@45
                      ; - java.util.concurrent.ConcurrentLinkedQueue::updateHead@22
                      ; - java.util.concurrent.ConcurrentLinkedQueue::poll@66
                      ; - net.minecraft.class_310::method_1523@92 (line 1167)
                      ;   {runtime_call UncommonTrapBlob}
  0x000000014baa3670: 8460 eb96 | f403 0aaa | e003 0aaa | e103 1caa | c900 0010 | 8953 01f9 

  0x000000014baa3688: ;   {runtime_call G1BarrierSetRuntime::write_ref_field_pre_entry(oopDesc*, JavaThread*)}
  0x000000014baa3688: 0800 99d2 | 88c9 a0f2 | 2800 c0f2 | 0001 3fd6 | ea03 14aa | 4af5 ff17 | e10f 00f9 | 2022 701e 
  0x000000014baa36a8: fd03 9f5a | bdb7 9d5a | 4117 8012 | f403 00f9 | e00b 00f9 | ee3f 03a9 | f123 00fd | f1af 04a9 
  0x000000014baa36c8: ; ImmutableOopMap {[0]=Oop [16]=Oop [24]=Oop [48]=Oop [56]=Oop [72]=Oop [80]=Oop }
                      ;*ifne {reexecute=1 rethrow=0 return_oop=0}
                      ; - (reexecute) net.minecraft.class_1140::wrapOperation$mak000$valkyrienskies$injectListenerVelocity@68 (line 5719)
                      ; - net.minecraft.class_1140::method_19751@19 (line 523)
                      ; - net.minecraft.class_1140$$Lambda$32310/0x0000007004d87d60::run@16
                      ; - net.minecraft.class_1255::execute@20 (line 102)
                      ; - net.minecraft.class_1140::method_4840@45 (line 522)
                      ; - net.minecraft.class_1144::method_4876@5 (line 256)
                      ; - net.minecraft.class_310::method_1523@260 (line 1191)
                      ;   {runtime_call UncommonTrapBlob}
  0x000000014baa36c8: 6e60 eb96 | f303 0daa | e103 1caa | c900 0010 | 8953 01f9 

  0x000000014baa36dc: ;   {runtime_call G1BarrierSetRuntime::write_ref_field_pre_entry(oopDesc*, JavaThread*)}
  0x000000014baa36dc: 0800 99d2 | 88c9 a0f2 | 2800 c0f2 | 0001 3fd6 | ed03 13aa | d7f6 ff17 | e087 00a9 | ee0f 00f9 
  0x000000014baa36fc: f02f 00b9 | ef47 03a9 | 4117 8012 | fd03 14aa 

  0x000000014baa370c: ; ImmutableOopMap {rfp=Oop [8]=Oop [16]=Oop [24]=Oop [48]=Oop [56]=Oop }
                      ;*ifeq {reexecute=1 rethrow=0 return_oop=0}
                      ; - (reexecute) net.minecraft.class_1140::wrapOperation$mak000$valkyrienskies$injectListenerVelocity@9 (line 5714)
                      ; - net.minecraft.class_1140::method_19751@19 (line 523)
                      ; - net.minecraft.class_1140$$Lambda$32310/0x0000007004d87d60::run@16
                      ; - net.minecraft.class_1255::execute@20 (line 102)
                      ; - net.minecraft.class_1140::method_4840@45 (line 522)
                      ; - net.minecraft.class_1144::method_4876@5 (line 256)
                      ; - net.minecraft.class_310::method_1523@260 (line 1191)
                      ;   {runtime_call UncommonTrapBlob}
  0x000000014baa370c: 5d60 eb96 | f403 0aaa | e103 1caa | c900 0010 | 8953 01f9 

  0x000000014baa3720: ;   {runtime_call G1BarrierSetRuntime::write_ref_field_pre_entry(oopDesc*, JavaThread*)}
  0x000000014baa3720: 0800 99d2 | 88c9 a0f2 | 2800 c0f2 | 0001 3fd6 | ea03 14aa | 3df5 ff17 | ee03 00f9 | ea03 0caa 
  0x000000014baa3740: 7df1 7dd3 | 4117 8012 | ea0b 00f9 

  0x000000014baa374c: ; ImmutableOopMap {rfp=Oop [0]=Oop [16]=Oop }
                      ;*if_acmpne {reexecute=1 rethrow=0 return_oop=0}
                      ; - (reexecute) net.minecraft.class_310::method_1523@1096 (line 1291)
                      ;   {runtime_call UncommonTrapBlob}
  0x000000014baa374c: 4d60 eb96 | f303 0eaa | e103 1caa | c900 0010 | 8953 01f9 

  0x000000014baa3760: ;   {runtime_call G1BarrierSetRuntime::write_ref_field_pre_entry(oopDesc*, JavaThread*)}
  0x000000014baa3760: 0800 99d2 | 88c9 a0f2 | 2800 c0f2 | 0001 3fd6 | ee03 13aa | aaf5 ff17 | e103 1caa | c900 0010 
  0x000000014baa3780: 8953 01f9 

  0x000000014baa3784: ;   {runtime_call G1BarrierSetRuntime::write_ref_field_pre_entry(oopDesc*, JavaThread*)}
  0x000000014baa3784: 0800 99d2 | 88c9 a0f2 | 2800 c0f2 | 0001 3fd6 | 8ef5 ff17 | f503 0eaa | e103 1caa | c900 0010 
  0x000000014baa37a4: 8953 01f9 

  0x000000014baa37a8: ;   {runtime_call G1BarrierSetRuntime::write_ref_field_pre_entry(oopDesc*, JavaThread*)}
  0x000000014baa37a8: 0800 99d2 | 88c9 a0f2 | 2800 c0f2 | 0001 3fd6 | ec03 40f9 | ee03 15aa | baf5 ff17 | f503 0eaa 
  0x000000014baa37c8: f403 0caa | e103 1caa | c900 0010 | 8953 01f9 

  0x000000014baa37d8: ;   {runtime_call G1BarrierSetRuntime::write_ref_field_pre_entry(oopDesc*, JavaThread*)}
  0x000000014baa37d8: 0800 99d2 | 88c9 a0f2 | 2800 c0f2 | 0001 3fd6 | ec03 14aa | ee03 15aa | c7f5 ff17 | f503 0eaa 
  0x000000014baa37f8: f403 0caa | e103 1caa | c900 0010 | 8953 01f9 

  0x000000014baa3808: ;   {runtime_call G1BarrierSetRuntime::write_ref_field_pre_entry(oopDesc*, JavaThread*)}
  0x000000014baa3808: 0800 99d2 | 88c9 a0f2 | 2800 c0f2 | 0001 3fd6 | ec03 14aa | ee03 15aa | d6f5 ff17 | f503 0eaa 
  0x000000014baa3828: f303 0caa | e103 1caa | c900 0010 | 8953 01f9 

  0x000000014baa3838: ;   {runtime_call G1BarrierSetRuntime::write_ref_field_pre_entry(oopDesc*, JavaThread*)}
  0x000000014baa3838: 0800 99d2 | 88c9 a0f2 | 2800 c0f2 | 0001 3fd6 | ec03 13aa | ee03 15aa | e3f5 ff17 | f403 0eaa 
  0x000000014baa3858: f303 0caa | e103 1caa | c900 0010 | 8953 01f9 

  0x000000014baa3868: ;   {runtime_call G1BarrierSetRuntime::write_ref_field_pre_entry(oopDesc*, JavaThread*)}
  0x000000014baa3868: 0800 99d2 | 88c9 a0f2 | 2800 c0f2 | 0001 3fd6 | ec03 13aa | ee03 14aa | eaf5 ff17 | e103 1caa 
  0x000000014baa3888: c900 0010 | 8953 01f9 

  0x000000014baa3890: ;   {runtime_call G1BarrierSetRuntime::write_ref_field_pre_entry(oopDesc*, JavaThread*)}
  0x000000014baa3890: 0800 99d2 | 88c9 a0f2 | 2800 c0f2 | 0001 3fd6 | ed03 1daa | 00f6 ff17 | ea03 0caa | ee0b 00b9 
  0x000000014baa38b0: 0822 601e | fd03 9f5a | bdb7 9d5a | 4117 8012 | ea03 00f9 

  0x000000014baa38c4: ; ImmutableOopMap {[0]=Oop }
                      ;*ifle {reexecute=1 rethrow=0 return_oop=0}
                      ; - (reexecute) net.minecraft.class_310::method_1523@935 (line 1279)
                      ;   {runtime_call UncommonTrapBlob}
  0x000000014baa38c4: ef5f eb96 | fd03 0eaa | ea03 40f9 | eb13 00b9 | 4117 8012 | ea07 00f9 

  0x000000014baa38dc: ; ImmutableOopMap {rfp=Oop [8]=Oop }
                      ;*ifeq {reexecute=1 rethrow=0 return_oop=0}
                      ; - (reexecute) net.minecraft.class_310::method_1523@1055 (line 1289)
                      ;   {runtime_call UncommonTrapBlob}
  0x000000014baa38dc: e95f eb96 | e103 1caa | c900 0010 | 8953 01f9 

  0x000000014baa38ec: ;   {runtime_call G1BarrierSetRuntime::write_ref_field_pre_entry(oopDesc*, JavaThread*)}
  0x000000014baa38ec: 0800 99d2 | 88c9 a0f2 | 2800 c0f2 | 0001 3fd6 | fcf4 ff17 | ed1b 00b9 | 2107 8012 

  0x000000014baa3908: ; ImmutableOopMap {rfp=Oop [0]=Oop }
                      ;*invokeinterface getRenderTargetStateListener {reexecute=0 rethrow=0 return_oop=0}
                      ; - net.minecraft.class_276::md3408d5$iris$lambda$iris$onBindFramebuffer$0$0@1 (line 2547)
                      ; - net.minecraft.class_276$$Lambda$22564/0x0000007003df49c0::accept@8
                      ; - java.util.Optional::ifPresent@12
                      ; - net.minecraft.class_276::handler$gci000$iris$onBindFramebuffer@28 (line 2547)
                      ; - net.minecraft.class_276::method_1235@27 (line 203)
                      ; - net.minecraft.class_310::method_1523@376 (line 1210)
                      ;   {runtime_call UncommonTrapBlob}
  0x000000014baa3908: de5f eb96 | ed1b 00b9 | 2107 8012 

  0x000000014baa3914: ; ImmutableOopMap {rfp=Oop [0]=Oop }
                      ;*invokeinterface setIsMainBound {reexecute=0 rethrow=0 return_oop=0}
                      ; - net.minecraft.class_276::md3408d5$iris$lambda$iris$onBindFramebuffer$0$0@7 (line 2547)
                      ; - net.minecraft.class_276$$Lambda$22564/0x0000007003df49c0::accept@8
                      ; - java.util.Optional::ifPresent@12
                      ; - net.minecraft.class_276::handler$gci000$iris$onBindFramebuffer@28 (line 2547)
                      ; - net.minecraft.class_276::method_1235@27 (line 203)
                      ; - net.minecraft.class_310::method_1523@376 (line 1210)
                      ;   {runtime_call UncommonTrapBlob}
  0x000000014baa3914: db5f eb96 | ed0b 40b9 | ef03 00f9 | ed1b 00b9 | ea03 0caa | 86ff ff17 | e103 1caa | c900 0010 
  0x000000014baa3934: 8953 01f9 

  0x000000014baa3938: ;   {runtime_call G1BarrierSetRuntime::write_ref_field_pre_entry(oopDesc*, JavaThread*)}
  0x000000014baa3938: 0800 99d2 | 88c9 a0f2 | 2800 c0f2 | 0001 3fd6 | 25f7 ff17 | e103 1caa | c900 0010 | 8953 01f9 
  0x000000014baa3958: ;   {runtime_call G1BarrierSetRuntime::write_ref_field_pre_entry(oopDesc*, JavaThread*)}
  0x000000014baa3958: 0800 99d2 | 88c9 a0f2 | 2800 c0f2 | 0001 3fd6 | 35f7 ff17 | f503 0faa | e103 1caa | c900 0010 
  0x000000014baa3978: 8953 01f9 

  0x000000014baa397c: ;   {runtime_call G1BarrierSetRuntime::write_ref_field_pre_entry(oopDesc*, JavaThread*)}
  0x000000014baa397c: 0800 99d2 | 88c9 a0f2 | 2800 c0f2 | 0001 3fd6 | ec03 40f9 | ef03 15aa | 4cf7 ff17 | f503 0faa 
  0x000000014baa399c: f403 0caa | e103 1caa | c900 0010 | 8953 01f9 

  0x000000014baa39ac: ;   {runtime_call G1BarrierSetRuntime::write_ref_field_pre_entry(oopDesc*, JavaThread*)}
  0x000000014baa39ac: 0800 99d2 | 88c9 a0f2 | 2800 c0f2 | 0001 3fd6 | ec03 14aa | ef03 15aa | 59f7 ff17 | f503 0faa 
  0x000000014baa39cc: f403 0caa | e103 1caa | c900 0010 | 8953 01f9 

  0x000000014baa39dc: ;   {runtime_call G1BarrierSetRuntime::write_ref_field_pre_entry(oopDesc*, JavaThread*)}
  0x000000014baa39dc: 0800 99d2 | 88c9 a0f2 | 2800 c0f2 | 0001 3fd6 | ec03 14aa | ef03 15aa | 68f7 ff17 | f403 0faa 
  0x000000014baa39fc: f303 0caa | e103 1caa | c900 0010 | 8953 01f9 

  0x000000014baa3a0c: ;   {runtime_call G1BarrierSetRuntime::write_ref_field_pre_entry(oopDesc*, JavaThread*)}
  0x000000014baa3a0c: 0800 99d2 | 88c9 a0f2 | 2800 c0f2 | 0001 3fd6 | ec03 13aa | ef03 14aa | 88f7 ff17 | f503 0faa 
  0x000000014baa3a2c: f303 0caa | e103 1caa | c900 0010 | 8953 01f9 

  0x000000014baa3a3c: ;   {runtime_call G1BarrierSetRuntime::write_ref_field_pre_entry(oopDesc*, JavaThread*)}
  0x000000014baa3a3c: 0800 99d2 | 88c9 a0f2 | 2800 c0f2 | 0001 3fd6 | ec03 13aa | ef03 15aa | 69f7 ff17 | e103 1caa 
  0x000000014baa3a5c: c900 0010 | 8953 01f9 

  0x000000014baa3a64: ;   {runtime_call G1BarrierSetRuntime::write_ref_field_pre_entry(oopDesc*, JavaThread*)}
  0x000000014baa3a64: 0800 99d2 | 88c9 a0f2 | 2800 c0f2 | 0001 3fd6 | ed03 1daa | 92f7 ff17 | ea03 0caa | ee0b 00b9 
  0x000000014baa3a84: 8bff ff17 | ea0b 40b9 | ea1b 00b9 | fd03 0faa | ea03 40f9 | eb13 00b9 | 8eff ff17 | fd03 0eaa 
  0x000000014baa3aa4: ea03 40f9 | ef0b 00f9 | 0600 0014 | eb0b 40b9 | fd03 0faa | ea03 40f9 | ee0b 00f9 | eb1b 00b9 
  0x000000014baa3ac4: 2104 8012 | ea07 00f9 

  0x000000014baa3acc: ; ImmutableOopMap {rfp=Oop [8]=Oop [16]=Oop }
                      ;*checkcast {reexecute=0 rethrow=0 return_oop=0}
                      ; - net.minecraft.class_310::method_1523@1049 (line 1289)
                      ;   {runtime_call UncommonTrapBlob}
  0x000000014baa3acc: 6d5f eb96 | 2104 8012 | f307 00f9 | ee0f 00f9 

  0x000000014baa3adc: ; ImmutableOopMap {[8]=Oop [24]=Oop }
                      ;*checkcast {reexecute=0 rethrow=0 return_oop=0}
                      ; - net.minecraft.class_1657::method_6118@33 (line 1948)
                      ; - net.minecraft.class_1309::method_6079@4 (line 1928)
                      ; - net.minecraft.class_310::handler$gip000$lavender$onFrameStart@14 (line 25526)
                      ; - net.minecraft.class_310::method_1523@3
                      ;   {runtime_call UncommonTrapBlob}
  0x000000014baa3adc: 695f eb96 | 0b08 40b9 | 6a09 5cd2 | 4a21 40f9 

  0x000000014baa3aec: ;   {metadata('java/lang/Exception')}
  0x000000014baa3aec: 0bd9 85d2 | 4b00 a0f2 | 0b0e c0f2 | 5f01 0beb | 0102 0054 | ea17 40f9 | 4b11 40b9 | 64f1 7dd3 
  0x000000014baa3b0c: ;   {oop(a 'org/apache/logging/slf4j/Log4jLogger'{0x00000007175dfb80})}
  0x000000014baa3b0c: 0170 9fd2 | a1eb a2f2 | e100 c0f2 | e503 00aa 

  0x000000014baa3b1c: ;   {oop(a 'org/apache/logging/slf4j/Log4jMarker'{0x00000007115b0458})}
  0x000000014baa3b1c: 028b 80d2 | 622b a2f2 | e200 c0f2 

  0x000000014baa3b28: ;   {oop("Error executing task on {}"{0x000000073bac8c08})}
  0x000000014baa3b28: 0381 91d2 | 8375 a7f2 | e300 c0f2 

  0x000000014baa3b34: ; ImmutableOopMap {[24]=Oop [40]=Oop }
                      ;*invokeinterface error {reexecute=0 rethrow=0 return_oop=0}
                      ; - net.minecraft.class_1255::method_18859@23 (line 158)
                      ; - net.minecraft.class_4093::method_18859@12 (line 23)
                      ; - net.minecraft.class_1255::method_16075@49 (line 130)
                      ; - net.minecraft.class_1255::method_5383@1 (line 115)
                      ; - net.minecraft.class_310::method_1523@150 (line 1175)
                      ;   {optimized virtual_call}
  0x000000014baa3b34: f344 eb96 | d8ef ff17 | ec17 40f9 | 8a19 40b9 | 4b05 0051 | 8b19 00b9 | 6df4 ff17 | 2101 8012 
  0x000000014baa3b54: ; ImmutableOopMap {}
                      ;*invokeinterface peek {reexecute=0 rethrow=0 return_oop=0}
                      ; - net.minecraft.class_1255::method_16075@4 (line 121)
                      ; - net.minecraft.class_1255::method_5383@1 (line 115)
                      ; - net.minecraft.class_310::method_1523@150 (line 1175)
                      ;   {runtime_call UncommonTrapBlob}
  0x000000014baa3b54: 4b5f eb96 | 2101 8012 

  0x000000014baa3b5c: ; ImmutableOopMap {}
                      ;*invokeinterface remove {reexecute=0 rethrow=0 return_oop=0}
                      ; - net.minecraft.class_1255::method_16075@41 (line 130)
                      ; - net.minecraft.class_1255::method_5383@1 (line 115)
                      ; - net.minecraft.class_310::method_1523@150 (line 1175)
                      ;   {runtime_call UncommonTrapBlob}
  0x000000014baa3b5c: 495f eb96 | ea0b 40b9 | eb13 40b9 | 4104 8052 | fd17 40f9 | ea2f 0029 

  0x000000014baa3b74: ; ImmutableOopMap {rfp=Oop }
                      ;*new {reexecute=0 rethrow=0 return_oop=0}
                      ; - java.util.AbstractQueue::remove@11
                      ; - net.minecraft.class_1255::method_16075@41 (line 130)
                      ; - net.minecraft.class_1255::method_5383@1 (line 115)
                      ; - net.minecraft.class_310::method_1523@150 (line 1175)
                      ;   {runtime_call UncommonTrapBlob}
  0x000000014baa3b74: 435f eb96 | 2101 8012 

  0x000000014baa3b7c: ; ImmutableOopMap {}
                      ;*invokeinterface poll {reexecute=0 rethrow=0 return_oop=0}
                      ; - net.minecraft.class_310::method_1523@92 (line 1167)
                      ;   {runtime_call UncommonTrapBlob}
  0x000000014baa3b7c: 415f eb96 | 2101 8012 

  0x000000014baa3b84: ; ImmutableOopMap {}
                      ;*invokevirtual updateRenderStartTime {reexecute=0 rethrow=0 return_oop=0}
                      ; - xaero.map.MapProcessor$1::run@4 (line 279)
                      ; - net.minecraft.class_310::method_1523@108 (line 1168)
                      ;   {runtime_call UncommonTrapBlob}
  0x000000014baa3b84: 3f5f eb96 | 5ef4 ff17 | 5df4 ff17 | 5cf4 ff17 | 5bf4 ff17 | 5af4 ff17 | 59f4 ff17 | 58f4 ff17 
  0x000000014baa3ba4: 0b08 40b9 | 6a09 5cd2 | 4a21 40f9 

  0x000000014baa3bb0: ;   {metadata('java/lang/Exception')}
  0x000000014baa3bb0: 0bd9 85d2 | 4b00 a0f2 | 0b0e c0f2 | 5f01 0beb | 0102 0054 | ea17 40f9 | 4b11 40b9 | 64f1 7dd3 
  0x000000014baa3bd0: ;   {oop(a 'org/apache/logging/slf4j/Log4jLogger'{0x00000007175dfb80})}
  0x000000014baa3bd0: 0170 9fd2 | a1eb a2f2 | e100 c0f2 | e503 00aa 

  0x000000014baa3be0: ;   {oop(a 'org/apache/logging/slf4j/Log4jMarker'{0x00000007115b0458})}
  0x000000014baa3be0: 028b 80d2 | 622b a2f2 | e200 c0f2 

  0x000000014baa3bec: ;   {oop("Error executing task on {}"{0x000000073bac8c08})}
  0x000000014baa3bec: 0381 91d2 | 8375 a7f2 | e300 c0f2 

  0x000000014baa3bf8: ; ImmutableOopMap {[24]=Oop [40]=Oop }
                      ;*invokeinterface error {reexecute=0 rethrow=0 return_oop=0}
                      ; - net.minecraft.class_1255::method_18859@23 (line 158)
                      ; - net.minecraft.class_4093::method_18859@12 (line 23)
                      ; - net.minecraft.class_1255::method_16075@49 (line 130)
                      ; - net.minecraft.class_1255::method_5383@1 (line 115)
                      ; - net.minecraft.class_310::method_1523@150 (line 1175)
                      ;   {optimized virtual_call}
  0x000000014baa3bf8: c244 eb96 | 53ef ff17 | ec17 40f9 | 8a19 40b9 | 4b05 0051 | 8b19 00b9 | 3cf4 ff17 | 3bf4 ff17 
  0x000000014baa3c18: 3af4 ff17 | 39f4 ff17 | 38f4 ff17 | 37f4 ff17 | 36f4 ff17 | 35f4 ff17 | 34f4 ff17 | 33f4 ff17 
  0x000000014baa3c38: 32f4 ff17 | 31f4 ff17 | 30f4 ff17 | 2ff4 ff17 | 2ef4 ff17 | 2df4 ff17 | 2cf4 ff17 | 2bf4 ff17 
  0x000000014baa3c58: 2af4 ff17 | 29f4 ff17 | 28f4 ff17 | 27f4 ff17 | 26f4 ff17 | 25f4 ff17 | 24f4 ff17 | 23f4 ff17 
  0x000000014baa3c78: 22f4 ff17 | 21f4 ff17 | 20f4 ff17 | 1ff4 ff17 | 1ef4 ff17 | 1df4 ff17 | 1cf4 ff17 | 1bf4 ff17 
  0x000000014baa3c98: 1af4 ff17 | 19f4 ff17 | 18f4 ff17 | 17f4 ff17 | 16f4 ff17 | 2101 8012 | fd03 0aaa 

  0x000000014baa3cb4: ; ImmutableOopMap {rfp=Oop }
                      ;*invokevirtual lambda$runLater$2 {reexecute=0 rethrow=0 return_oop=0}
                      ; - com.replaymod.core.versions.scheduler.SchedulerImpl$$Lambda$24492/0x000000700417ce88::run@8
                      ; - net.minecraft.class_310::method_1523@108 (line 1168)
                      ;   {runtime_call UncommonTrapBlob}
  0x000000014baa3cb4: f35e eb96 | ea13 40b9 | 2101 8012 | fd03 16aa | ea03 00b9 | ee0b 00f9 

  0x000000014baa3ccc: ; ImmutableOopMap {rfp=Oop [16]=Oop }
                      ;*invokeinterface run {reexecute=0 rethrow=0 return_oop=0}
                      ; - com.replaymod.core.versions.scheduler.SchedulerImpl::lambda$runLater$2@6 (line 107)
                      ; - com.replaymod.core.versions.scheduler.SchedulerImpl$$Lambda$24492/0x000000700417ce88::run@8
                      ; - net.minecraft.class_310::method_1523@108 (line 1168)
                      ;   {runtime_call UncommonTrapBlob}
  0x000000014baa3ccc: ed5e eb96 | eb13 40b9 | 2101 8012 | fd17 40f9 | eb03 00b9 | ed0f 00f9 

  0x000000014baa3ce4: ; ImmutableOopMap {rfp=Oop [24]=Oop [48]=Oop }
                      ;*invokevirtual method_18858 {reexecute=0 rethrow=0 return_oop=0}
                      ; - com.replaymod.core.versions.scheduler.SchedulerImpl::runLater@61 (line 113)
                      ; - com.replaymod.core.versions.scheduler.SchedulerImpl::runLater@9 (line 99)
                      ; - com.replaymod.core.versions.scheduler.SchedulerImpl::lambda$runLater$1@2 (line 99)
                      ; - com.replaymod.core.versions.scheduler.SchedulerImpl$$Lambda$21523/0x0000007003c10fa0::run@8
                      ; - com.replaymod.core.versions.scheduler.SchedulerImpl::lambda$runLater$2@6 (line 107)
                      ; - com.replaymod.core.versions.scheduler.SchedulerImpl$$Lambda$24492/0x000000700417ce88::run@8
                      ; - net.minecraft.class_310::method_1523@108 (line 1168)
                      ;   {runtime_call UncommonTrapBlob}
  0x000000014baa3ce4: e75e eb96 | ea13 40b9 | 2101 8012 | fd17 40f9 | ea03 00b9 | ed0f 00f9 

  0x000000014baa3cfc: ; ImmutableOopMap {rfp=Oop [24]=Oop [48]=Oop }
                      ;*invokeinterface add {reexecute=0 rethrow=0 return_oop=0}
                      ; - net.minecraft.class_1255::method_18858@5 (line 93)
                      ; - com.replaymod.core.versions.scheduler.SchedulerImpl::runLater@61 (line 113)
                      ; - com.replaymod.core.versions.scheduler.SchedulerImpl::runLater@9 (line 99)
                      ; - com.replaymod.core.versions.scheduler.SchedulerImpl::lambda$runLater$1@2 (line 99)
                      ; - com.replaymod.core.versions.scheduler.SchedulerImpl$$Lambda$21523/0x0000007003c10fa0::run@8
                      ; - com.replaymod.core.versions.scheduler.SchedulerImpl::lambda$runLater$2@6 (line 107)
                      ; - com.replaymod.core.versions.scheduler.SchedulerImpl$$Lambda$24492/0x000000700417ce88::run@8
                      ; - net.minecraft.class_310::method_1523@108 (line 1168)
                      ;   {runtime_call UncommonTrapBlob}
  0x000000014baa3cfc: e15e eb96 | 00f4 ff17 | 2101 8012 

  0x000000014baa3d08: ; ImmutableOopMap {}
                      ;*invokevirtual dequeueLong {reexecute=0 rethrow=0 return_oop=0}
                      ; - net.minecraft.class_310::handler$kgk000$sodium$preRender@39 (line 39035)
                      ; - net.minecraft.class_310::method_1523@9
                      ;   {runtime_call UncommonTrapBlob}
  0x000000014baa3d08: de5e eb96 | fd03 0b2a | 2101 8012 

  0x000000014baa3d14: ; ImmutableOopMap {}
                      ;*laload {reexecute=0 rethrow=0 return_oop=0}
                      ; - it.unimi.dsi.fastutil.longs.LongArrayFIFOQueue::dequeueLong@27 (line 86)
                      ; - net.minecraft.class_310::handler$kgk000$sodium$preRender@39 (line 39035)
                      ; - net.minecraft.class_310::method_1523@9
                      ;   {runtime_call UncommonTrapBlob}
  0x000000014baa3d14: db5e eb96 | 2101 8012 

  0x000000014baa3d1c: ; ImmutableOopMap {}
                      ;*invokevirtual size {reexecute=0 rethrow=0 return_oop=0}
                      ; - net.minecraft.class_310::handler$kgk000$sodium$preRender@20 (line 39034)
                      ; - net.minecraft.class_310::method_1523@9
                      ;   {runtime_call UncommonTrapBlob}
  0x000000014baa3d1c: d95e eb96 | 2101 8012 

  0x000000014baa3d24: ; ImmutableOopMap {}
                      ;*getfield cpuRenderAheadLimit {reexecute=1 rethrow=0 return_oop=0}
                      ; - (reexecute) net.minecraft.class_310::handler$kgk000$sodium$preRender@29 (line 39034)
                      ; - net.minecraft.class_310::method_1523@9
                      ;   {runtime_call UncommonTrapBlob}
  0x000000014baa3d24: d75e eb96 | 2101 8012 

  0x000000014baa3d2c: ; ImmutableOopMap {}
                      ;*invokevirtual method_16011 {reexecute=0 rethrow=0 return_oop=0}
                      ; - net.minecraft.class_310::handler$kgk000$sodium$preRender@3 (line 39031)
                      ; - net.minecraft.class_310::method_1523@9
                      ;   {runtime_call UncommonTrapBlob}
  0x000000014baa3d2c: d55e eb96 | 2101 8012 

  0x000000014baa3d34: ; ImmutableOopMap {}
                      ;*invokeinterface method_15396 {reexecute=0 rethrow=0 return_oop=0}
                      ; - net.minecraft.class_310::handler$kgk000$sodium$preRender@11 (line 39032)
                      ; - net.minecraft.class_310::method_1523@9
                      ;   {runtime_call UncommonTrapBlob}
  0x000000014baa3d34: d35e eb96 | 2101 8012 

  0x000000014baa3d3c: ; ImmutableOopMap {}
                      ;*invokevirtual size {reexecute=0 rethrow=0 return_oop=0}
                      ; - net.minecraft.class_310::handler$kgk000$sodium$preRender@20 (line 39034)
                      ; - net.minecraft.class_310::method_1523@9
                      ;   {runtime_call UncommonTrapBlob}
  0x000000014baa3d3c: d15e eb96 | 2101 8012 

  0x000000014baa3d44: ; ImmutableOopMap {}
                      ;*getfield cpuRenderAheadLimit {reexecute=1 rethrow=0 return_oop=0}
                      ; - (reexecute) net.minecraft.class_310::handler$kgk000$sodium$preRender@29 (line 39034)
                      ; - net.minecraft.class_310::method_1523@9
                      ;   {runtime_call UncommonTrapBlob}
  0x000000014baa3d44: cf5e eb96 | 2101 8012 

  0x000000014baa3d4c: ; ImmutableOopMap {}
                      ;*invokevirtual checkForCrashes {reexecute=0 rethrow=0 return_oop=0}
                      ; - xaero.map.events.ClientEvents::handleClientRunTickStart@3 (line 222)
                      ; - xaero.map.core.XaeroWorldMapCore::onMinecraftRunTick@9 (line 187)
                      ; - xaero.map.core.XaeroWorldMapCoreFabric::onMinecraftRunTick@15 (line 24)
                      ; - net.minecraft.class_310::handler$mkb000$xaeroworldmap$onRunTickStart@0 (line 50532)
                      ; - net.minecraft.class_310::method_1523@14
                      ;   {runtime_call UncommonTrapBlob}
  0x000000014baa3d4c: cd5e eb96 | 2101 8012 

  0x000000014baa3d54: ; ImmutableOopMap {}
                      ;*getfield field_1724 {reexecute=1 rethrow=0 return_oop=0}
                      ; - (reexecute) xaero.map.events.ClientEvents::handleClientRunTickStart@9 (line 223)
                      ; - xaero.map.core.XaeroWorldMapCore::onMinecraftRunTick@9 (line 187)
                      ; - xaero.map.core.XaeroWorldMapCoreFabric::onMinecraftRunTick@15 (line 24)
                      ; - net.minecraft.class_310::handler$mkb000$xaeroworldmap$onRunTickStart@0 (line 50532)
                      ; - net.minecraft.class_310::method_1523@14
                      ;   {runtime_call UncommonTrapBlob}
  0x000000014baa3d54: cb5e eb96 | 2101 8012 

  0x000000014baa3d5c: ; ImmutableOopMap {}
                      ;*invokeinterface getAsLong {reexecute=0 rethrow=0 return_oop=0}
                      ; - net.minecraft.class_156::method_648@3 (line 126)
                      ; - net.minecraft.class_310::method_1523@27 (line 1154)
                      ;   {runtime_call UncommonTrapBlob}
  0x000000014baa3d5c: c95e eb96 | 2101 8012 

  0x000000014baa3d64: ; ImmutableOopMap {}
                      ;*invokevirtual method_22093 {reexecute=0 rethrow=0 return_oop=0}
                      ; - net.minecraft.class_310::method_1523@35 (line 1155)
                      ;   {runtime_call UncommonTrapBlob}
  0x000000014baa3d64: c75e eb96 | 2101 8012 

  0x000000014baa3d6c: ; ImmutableOopMap {}
                      ;*invokeinterface poll {reexecute=0 rethrow=0 return_oop=0}
                      ; - net.minecraft.class_310::method_1523@92 (line 1167)
                      ;   {runtime_call UncommonTrapBlob}
  0x000000014baa3d6c: c55e eb96 | 2101 8012 

  0x000000014baa3d74: ; ImmutableOopMap {}
                      ;*invokeinterface getAsLong {reexecute=0 rethrow=0 return_oop=0}
                      ; - net.minecraft.class_156::method_648@3 (line 126)
                      ; - net.minecraft.class_156::method_658@0 (line 122)
                      ; - net.minecraft.class_310::method_1523@124 (line 1172)
                      ;   {runtime_call UncommonTrapBlob}
  0x000000014baa3d74: c35e eb96 | fd03 0caa | 2101 8012 

  0x000000014baa3d80: ; ImmutableOopMap {}
                      ;*invokevirtual method_1658 {reexecute=0 rethrow=0 return_oop=0}
                      ; - net.minecraft.class_310::method_1523@127 (line 1172)
                      ;   {runtime_call UncommonTrapBlob}
  0x000000014baa3d80: c05e eb96 | 2101 8012 

  0x000000014baa3d88: ; ImmutableOopMap {}
                      ;*invokeinterface method_15396 {reexecute=0 rethrow=0 return_oop=0}
                      ; - net.minecraft.class_310::method_1523@144 (line 1174)
                      ;   {runtime_call UncommonTrapBlob}
  0x000000014baa3d88: be5e eb96 | 2101 8012 

  0x000000014baa3d90: ; ImmutableOopMap {}
                      ;*invokeinterface peek {reexecute=0 rethrow=0 return_oop=0}
                      ; - net.minecraft.class_1255::method_16075@4 (line 121)
                      ; - net.minecraft.class_1255::method_5383@1 (line 115)
                      ; - net.minecraft.class_310::method_1523@150 (line 1175)
                      ;   {runtime_call UncommonTrapBlob}
  0x000000014baa3d90: bc5e eb96 | 2101 8012 

  0x000000014baa3d98: ; ImmutableOopMap {}
                      ;*invokeinterface remove {reexecute=0 rethrow=0 return_oop=0}
                      ; - net.minecraft.class_1255::method_16075@41 (line 130)
                      ; - net.minecraft.class_1255::method_5383@1 (line 115)
                      ; - net.minecraft.class_310::method_1523@150 (line 1175)
                      ;   {runtime_call UncommonTrapBlob}
  0x000000014baa3d98: ba5e eb96 | ea0b 40b9 | eb13 40b9 | 4104 8052 | fd17 40f9 | ea2f 0029 

  0x000000014baa3db0: ; ImmutableOopMap {rfp=Oop }
                      ;*new {reexecute=0 rethrow=0 return_oop=0}
                      ; - java.util.AbstractQueue::remove@11
                      ; - net.minecraft.class_1255::method_16075@41 (line 130)
                      ; - net.minecraft.class_1255::method_5383@1 (line 115)
                      ; - net.minecraft.class_310::method_1523@150 (line 1175)
                      ;   {runtime_call UncommonTrapBlob}
  0x000000014baa3db0: b45e eb96 | 2101 8012 

  0x000000014baa3db8: ; ImmutableOopMap {}
                      ;*invokeinterface method_15396 {reexecute=0 rethrow=0 return_oop=0}
                      ; - net.minecraft.class_310::method_1523@244 (line 1190)
                      ;   {runtime_call UncommonTrapBlob}
  0x000000014baa3db8: b25e eb96 | 2101 8012 

  0x000000014baa3dc0: ; ImmutableOopMap {}
                      ;*invokevirtual method_19418 {reexecute=0 rethrow=0 return_oop=0}
                      ; - net.minecraft.class_310::method_1523@257 (line 1191)
                      ;   {runtime_call UncommonTrapBlob}
  0x000000014baa3dc0: b05e eb96 | fd03 10aa | 2101 8012 

  0x000000014baa3dcc: ; ImmutableOopMap {rfp=Oop }
                      ;*invokevirtual method_4876 {reexecute=0 rethrow=0 return_oop=0}
                      ; - net.minecraft.class_310::method_1523@260 (line 1191)
                      ;   {runtime_call UncommonTrapBlob}
  0x000000014baa3dcc: ad5e eb96 | fd03 10aa | 2101 8012 

  0x000000014baa3dd8: ; ImmutableOopMap {rfp=Oop }
                      ;*invokevirtual method_4840 {reexecute=0 rethrow=0 return_oop=0}
                      ; - net.minecraft.class_1144::method_4876@5 (line 256)
                      ; - net.minecraft.class_310::method_1523@260 (line 1191)
                      ;   {runtime_call UncommonTrapBlob}
  0x000000014baa3dd8: aa5e eb96 | 2101 8012 

  0x000000014baa3de0: ; ImmutableOopMap {}
                      ;*invokeinterface getAsLong {reexecute=0 rethrow=0 return_oop=0}
                      ; - net.minecraft.class_156::method_648@3 (line 126)
                      ; - net.minecraft.class_310::method_1523@284 (line 1196)
                      ;   {runtime_call UncommonTrapBlob}
  0x000000014baa3de0: a85e eb96 | 2101 8012 

  0x000000014baa3de8: ; ImmutableOopMap {}
                      ;*getfield field_1866 {reexecute=1 rethrow=0 return_oop=0}
                      ; - (reexecute) net.minecraft.class_310::method_1523@293 (line 1198)
                      ;   {runtime_call UncommonTrapBlob}
  0x000000014baa3de8: a65e eb96 | 2101 8012 

  0x000000014baa3df0: ; ImmutableOopMap {}
                      ;*invokeinterface method_34773 {reexecute=0 rethrow=0 return_oop=0}
                      ; - net.minecraft.class_310::method_1523@303 (line 1198)
                      ;   {runtime_call UncommonTrapBlob}
  0x000000014baa3df0: a45e eb96 | 2101 8012 

  0x000000014baa3df8: ; ImmutableOopMap {}
                      ;*getfield experimental_disable_error_checking {reexecute=1 rethrow=0 return_oop=0}
                      ; - (reexecute) org.lwjgl.opengl.GL11::glGetError@3 (line 10035)
                      ; - com.mojang.blaze3d.platform.GlStateManager::_getError@3 (line 760)
                      ; - com.mojang.blaze3d.platform.GlStateManager::_clear@11 (line 709)
                      ; - com.mojang.blaze3d.systems.RenderSystem::clear@5 (line 615)
                      ; - net.minecraft.class_310::method_1523@368 (line 1208)
                      ;   {runtime_call UncommonTrapBlob}
  0x000000014baa3df8: a25e eb96 | 2101 8012 

  0x000000014baa3e00: ; ImmutableOopMap {}
                      ;*invokevirtual method_1235 {reexecute=0 rethrow=0 return_oop=0}
                      ; - net.minecraft.class_310::method_1523@376 (line 1210)
                      ;   {runtime_call UncommonTrapBlob}
  0x000000014baa3e00: a05e eb96 | 2101 8012 

  0x000000014baa3e08: ; ImmutableOopMap {}
                      ;*invokevirtual method_1522 {reexecute=0 rethrow=0 return_oop=0}
                      ; - net.minecraft.class_276::handler$gci000$iris$onBindFramebuffer@4 (line 2544)
                      ; - net.minecraft.class_276::method_1235@27 (line 203)
                      ; - net.minecraft.class_310::method_1523@376 (line 1210)
                      ;   {runtime_call UncommonTrapBlob}
  0x000000014baa3e08: 9e5e eb96 | 2101 8012 

  0x000000014baa3e10: ; ImmutableOopMap {}
                      ;*invokeinterface method_15407 {reexecute=0 rethrow=0 return_oop=0}
                      ; - net.minecraft.class_310::method_1523@157 (line 1176)
                      ;   {runtime_call UncommonTrapBlob}
  0x000000014baa3e10: 9c5e eb96 | 2101 8012 

  0x000000014baa3e18: ; ImmutableOopMap {}
                      ;*invokeinterface ptr {reexecute=0 rethrow=0 return_oop=0}
                      ; - dev.engine_room.flywheel.backend.engine.uniform.UniformBuffer::ptr@4 (line 28)
                      ; - dev.engine_room.flywheel.backend.engine.uniform.FogUniforms::update@3 (line 11)
                      ; - com.mojang.blaze3d.systems.RenderSystem::handler$fej000$flywheel$onSetFogStart@0 (line 2470)
                      ; - com.mojang.blaze3d.systems.RenderSystem::setShaderFogStart@8 (line 628)
                      ; - net.minecraft.class_758::method_23792@3 (line 203)
                      ; - net.minecraft.class_310::method_1523@379 (line 1211)
                      ;   {runtime_call UncommonTrapBlob}
  0x000000014baa3e18: 9a5e eb96 | 2101 8012 

  0x000000014baa3e20: ; ImmutableOopMap {}
                      ;*invokeinterface method_15396 {reexecute=0 rethrow=0 return_oop=0}
                      ; - net.minecraft.class_310::method_1523@389 (line 1213)
                      ;   {runtime_call UncommonTrapBlob}
  0x000000014baa3e20: 985e eb96 | 2101 8012 

  0x000000014baa3e28: ; ImmutableOopMap {}
                      ;*invokeinterface method_15407 {reexecute=0 rethrow=0 return_oop=0}
                      ; - net.minecraft.class_310::method_1523@401 (line 1216)
                      ;   {runtime_call UncommonTrapBlob}
  0x000000014baa3e28: 965e eb96 | 2101 8012 

  0x000000014baa3e30: ; ImmutableOopMap {}
                      ;*getfield field_1970 {reexecute=1 rethrow=0 return_oop=0}
                      ; - (reexecute) net.minecraft.class_310::method_1523@447 (line 1219)
                      ;   {runtime_call UncommonTrapBlob}
  0x000000014baa3e30: 945e eb96 | 2101 8012 

  0x000000014baa3e38: ; ImmutableOopMap {}
                      ;*invokeinterface method_15407 {reexecute=0 rethrow=0 return_oop=0}
                      ; - net.minecraft.class_310::method_1523@504 (line 1220)
                      ;   {runtime_call UncommonTrapBlob}
  0x000000014baa3e38: 925e eb96 | 2101 8012 

  0x000000014baa3e40: ; ImmutableOopMap {}
                      ;*invokevirtual method_1240 {reexecute=0 rethrow=0 return_oop=0}
                      ; - net.minecraft.class_310::method_1523@585 (line 1232)
                      ;   {runtime_call UncommonTrapBlob}
  0x000000014baa3e40: 905e eb96 | 2101 8012 

  0x000000014baa3e48: ; ImmutableOopMap {}
                      ;*invokevirtual method_4489 {reexecute=0 rethrow=0 return_oop=0}
                      ; - net.minecraft.class_310::method_1523@596 (line 1234)
                      ;   {runtime_call UncommonTrapBlob}
  0x000000014baa3e48: 8e5e eb96 | 2101 8012 

  0x000000014baa3e50: ; ImmutableOopMap {}
                      ;*invokeinterface method_15405 {reexecute=0 rethrow=0 return_oop=0}
                      ; - net.minecraft.class_310::method_1523@643 (line 1240)
                      ;   {runtime_call UncommonTrapBlob}
  0x000000014baa3e50: 8c5e eb96 | 2101 8012 

  0x000000014baa3e58: ; ImmutableOopMap {}
                      ;*invokeinterface method_15405 {reexecute=0 rethrow=0 return_oop=0}
                      ; - net.minecraft.class_310::method_1523@681 (line 1247)
                      ;   {runtime_call UncommonTrapBlob}
  0x000000014baa3e58: 8a5e eb96 | 2101 8012 

  0x000000014baa3e60: ; ImmutableOopMap {}
                      ;*invokeinterface method_15407 {reexecute=0 rethrow=0 return_oop=0}
                      ; - net.minecraft.class_310::method_1523@693 (line 1249)
                      ;   {runtime_call UncommonTrapBlob}
  0x000000014baa3e60: 885e eb96 | 2101 8012 

  0x000000014baa3e68: ; ImmutableOopMap {}
                      ;*invokeinterface method_15396 {reexecute=0 rethrow=0 return_oop=0}
                      ; - net.minecraft.class_310::method_1523@870 (line 1271)
                      ;   {runtime_call UncommonTrapBlob}
  0x000000014baa3e68: 865e eb96 | 2101 8012 

  0x000000014baa3e70: ; ImmutableOopMap {}
                      ;*invokeinterface method_15407 {reexecute=0 rethrow=0 return_oop=0}
                      ; - net.minecraft.class_310::method_1523@1180 (line 1298)
                      ;   {runtime_call UncommonTrapBlob}
  0x000000014baa3e70: 845e eb96 | 2101 8012 

  0x000000014baa3e78: ; ImmutableOopMap {}
                      ;*invokevirtual method_19332 {reexecute=0 rethrow=0 return_oop=0}
                      ; - net.minecraft.class_1140::method_4840@8 (line 514)
                      ; - net.minecraft.class_1144::method_4876@5 (line 256)
                      ; - net.minecraft.class_310::method_1523@260 (line 1191)
                      ;   {runtime_call UncommonTrapBlob}
  0x000000014baa3e78: 825e eb96 | 2101 8012 

  0x000000014baa3e80: ; ImmutableOopMap {}
                      ;*getfield field_7544 {reexecute=1 rethrow=0 return_oop=0}
                      ; - (reexecute) net.minecraft.class_1657::method_6118@26 (line 1948)
                      ; - net.minecraft.class_1309::method_6079@4 (line 1928)
                      ; - net.minecraft.class_310::handler$gip000$lavender$onFrameStart@14 (line 25526)
                      ; - net.minecraft.class_310::method_1523@3
                      ;   {runtime_call UncommonTrapBlob}
  0x000000014baa3e80: 805e eb96 | 2101 8012 

  0x000000014baa3e88: ; ImmutableOopMap {}
                      ;*invokevirtual get {reexecute=0 rethrow=0 return_oop=0}
                      ; - net.minecraft.class_1657::method_6118@30 (line 1948)
                      ; - net.minecraft.class_1309::method_6079@4 (line 1928)
                      ; - net.minecraft.class_310::handler$gip000$lavender$onFrameStart@14 (line 25526)
                      ; - net.minecraft.class_310::method_1523@3
                      ;   {runtime_call UncommonTrapBlob}
  0x000000014baa3e88: 7e5e eb96 | 2101 8012 

  0x000000014baa3e90: ; ImmutableOopMap {}
                      ;*invokeinterface get {reexecute=0 rethrow=0 return_oop=0}
                      ; - net.minecraft.class_2371::get@5 (line 47)
                      ; - net.minecraft.class_1657::method_6118@30 (line 1948)
                      ; - net.minecraft.class_1309::method_6079@4 (line 1928)
                      ; - net.minecraft.class_310::handler$gip000$lavender$onFrameStart@14 (line 25526)
                      ; - net.minecraft.class_310::method_1523@3
                      ;   {runtime_call UncommonTrapBlob}
  0x000000014baa3e90: 7c5e eb96 | 6101 8012 | f307 00f9 

  0x000000014baa3e9c: ; ImmutableOopMap {[8]=Oop }
                      ;*checkcast {reexecute=0 rethrow=0 return_oop=0}
                      ; - net.minecraft.class_1657::method_6118@33 (line 1948)
                      ; - net.minecraft.class_1309::method_6079@4 (line 1928)
                      ; - net.minecraft.class_310::handler$gip000$lavender$onFrameStart@14 (line 25526)
                      ; - net.minecraft.class_310::method_1523@3
                      ;   {runtime_call UncommonTrapBlob}
  0x000000014baa3e9c: 795e eb96 | 2101 8012 

  0x000000014baa3ea4: ; ImmutableOopMap {}
                      ;*invokeinterface method_39278 {reexecute=0 rethrow=0 return_oop=0}
                      ; - net.minecraft.class_310::method_1523@196 (line 1180)
                      ;   {runtime_call UncommonTrapBlob}
  0x000000014baa3ea4: 775e eb96 | fd03 0faa | 2101 8012 

  0x000000014baa3eb0: ; ImmutableOopMap {rfp=Oop }
                      ;*invokevirtual execute {reexecute=0 rethrow=0 return_oop=0}
                      ; - net.minecraft.class_1140::method_4840@45 (line 522)
                      ; - net.minecraft.class_1144::method_4876@5 (line 256)
                      ; - net.minecraft.class_310::method_1523@260 (line 1191)
                      ;   {runtime_call UncommonTrapBlob}
  0x000000014baa3eb0: 745e eb96 | 2101 8012 

  0x000000014baa3eb8: ; ImmutableOopMap {}
                      ;*invokevirtual getWorldDataHandler {reexecute=0 rethrow=0 return_oop=0}
                      ; - xaero.map.events.ClientEvents::handleClientRunTickStart@34 (line 228)
                      ; - xaero.map.core.XaeroWorldMapCore::onMinecraftRunTick@9 (line 187)
                      ; - xaero.map.core.XaeroWorldMapCoreFabric::onMinecraftRunTick@15 (line 24)
                      ; - net.minecraft.class_310::handler$mkb000$xaeroworldmap$onRunTickStart@0 (line 50532)
                      ; - net.minecraft.class_310::method_1523@14
                      ;   {runtime_call UncommonTrapBlob}
  0x000000014baa3eb8: 725e eb96 | fd03 0faa | 2101 8012 

  0x000000014baa3ec4: ; ImmutableOopMap {rfp=Oop }
                      ;*invokeinterface add {reexecute=0 rethrow=0 return_oop=0}
                      ; - net.minecraft.class_1255::method_18858@5 (line 93)
                      ; - net.minecraft.class_1255::execute@13 (line 100)
                      ; - net.minecraft.class_1140::method_4840@45 (line 522)
                      ; - net.minecraft.class_1144::method_4876@5 (line 256)
                      ; - net.minecraft.class_310::method_1523@260 (line 1191)
                      ;   {runtime_call UncommonTrapBlob}
  0x000000014baa3ec4: 6f5e eb96 | eb13 40b9 | 4117 8012 | eb0b 00b9 | f30b 00f9 | ed13 00f9 

  0x000000014baa3edc: ; ImmutableOopMap {[16]=Oop [24]=Oop [32]=Oop }
                      ;*ifnonnull {reexecute=1 rethrow=0 return_oop=0}
                      ; - (reexecute) me.jellysquid.mods.sodium.client.SodiumClientMod::options@3 (line 47)
                      ; - net.minecraft.class_310::handler$kgk000$sodium$preRender@23 (line 39034)
                      ; - net.minecraft.class_310::method_1523@9
                      ;   {runtime_call UncommonTrapBlob}
  0x000000014baa3edc: 695e eb96 | 4117 8012 | e20b 00b9 | f31b 01a9 | ef13 00f9 

  0x000000014baa3ef0: ; ImmutableOopMap {[16]=Oop [24]=Oop [32]=Oop }
                      ;*ifnonnull {reexecute=1 rethrow=0 return_oop=0}
                      ; - (reexecute) me.jellysquid.mods.sodium.client.SodiumClientMod::options@3 (line 47)
                      ; - net.minecraft.class_310::handler$kgk000$sodium$preRender@23 (line 39034)
                      ; - net.minecraft.class_310::method_1523@9
                      ;   {runtime_call UncommonTrapBlob}
  0x000000014baa3ef0: 645e eb96 | ea07 00f9 | 4117 8012 | fd03 13aa 

  0x000000014baa3f00: ; ImmutableOopMap {rfp=Oop [8]=Oop }
                      ;*ifnull {reexecute=1 rethrow=0 return_oop=0}
                      ; - (reexecute) xaero.map.core.XaeroWorldMapCoreFabric::onMinecraftRunTick@3 (line 22)
                      ; - net.minecraft.class_310::handler$mkb000$xaeroworldmap$onRunTickStart@0 (line 50532)
                      ; - net.minecraft.class_310::method_1523@14
                      ;   {runtime_call UncommonTrapBlob}
  0x000000014baa3f00: 605e eb96 | ec07 00f9 | ed1b 00b9 | 4117 8012 | fd03 40f9 

  0x000000014baa3f14: ; ImmutableOopMap {rfp=Oop [8]=Oop }
                      ;*ifnonnull {reexecute=1 rethrow=0 return_oop=0}
                      ; - (reexecute) net.irisshaders.iris.Iris::getPipelineManager@3 (line 617)
                      ; - net.minecraft.class_276::handler$gci000$iris$onBindFramebuffer@16 (line 2546)
                      ; - net.minecraft.class_276::method_1235@27 (line 203)
                      ; - net.minecraft.class_310::method_1523@376 (line 1210)
                      ;   {runtime_call UncommonTrapBlob}
  0x000000014baa3f14: 5b5e eb96 | e00f 00f9 | 4117 8012 | fd03 40f9 

  0x000000014baa3f24: ; ImmutableOopMap {rfp=Oop [24]=Oop }
                      ;*ifnonnull {reexecute=1 rethrow=0 return_oop=0}
                      ; - (reexecute) dev.engine_room.flywheel.backend.engine.uniform.FogUniforms::update@65 (line 24)
                      ; - com.mojang.blaze3d.systems.RenderSystem::handler$fej000$flywheel$onSetFogStart@0 (line 2470)
                      ; - com.mojang.blaze3d.systems.RenderSystem::setShaderFogStart@8 (line 628)
                      ; - net.minecraft.class_758::method_23792@3 (line 203)
                      ; - net.minecraft.class_310::method_1523@379 (line 1211)
                      ;   {runtime_call UncommonTrapBlob}
  0x000000014baa3f24: 575e eb96 | 2101 8012 

  0x000000014baa3f2c: ; ImmutableOopMap {}
                      ;*aaload {reexecute=0 rethrow=0 return_oop=0}
                      ; - java.util.ArrayList::elementData@5
                      ; - java.util.ArrayList::get@11
                      ; - net.minecraft.class_2371::get@5 (line 47)
                      ; - net.minecraft.class_1657::method_6118@30 (line 1948)
                      ; - net.minecraft.class_1309::method_6079@4 (line 1928)
                      ; - net.minecraft.class_310::handler$gip000$lavender$onFrameStart@14 (line 25526)
                      ; - net.minecraft.class_310::method_1523@3
                      ;   {runtime_call UncommonTrapBlob}
  0x000000014baa3f2c: 555e eb96 | 74f3 ff17 | 73f3 ff17 | 72f3 ff17 | 71f3 ff17 | 70f3 ff17 | 6ff3 ff17 | 2101 8012 
  0x000000014baa3f4c: ; ImmutableOopMap {}
                      ;*aaload {reexecute=0 rethrow=0 return_oop=0}
                      ; - java.util.Arrays$ArrayList::get@5
                      ; - net.minecraft.class_2371::get@5 (line 47)
                      ; - net.minecraft.class_1657::method_6118@30 (line 1948)
                      ; - net.minecraft.class_1309::method_6079@4 (line 1928)
                      ; - net.minecraft.class_310::handler$gip000$lavender$onFrameStart@14 (line 25526)
                      ; - net.minecraft.class_310::method_1523@3
                      ;   {runtime_call UncommonTrapBlob}
  0x000000014baa3f4c: 4d5e eb96 | 6cf3 ff17 | 6bf3 ff17 | 6af3 ff17 | 69f3 ff17 | e703 00f9 | ea0b 00b9 | 2101 8012 
  0x000000014baa3f6c: ; ImmutableOopMap {[0]=Oop }
                      ;*invokestatic arraycopy {reexecute=0 rethrow=0 return_oop=0}
                      ; - it.unimi.dsi.fastutil.longs.LongArrayFIFOQueue::resize@60 (line 111)
                      ; - it.unimi.dsi.fastutil.longs.LongArrayFIFOQueue::reduce@31 (line 126)
                      ; - it.unimi.dsi.fastutil.longs.LongArrayFIFOQueue::dequeueLong@53 (line 88)
                      ; - net.minecraft.class_310::handler$kgk000$sodium$preRender@39 (line 39035)
                      ; - net.minecraft.class_310::method_1523@9
                      ;   {runtime_call UncommonTrapBlob}
  0x000000014baa3f6c: 455e eb96 | 2101 8012 

  0x000000014baa3f74: ; ImmutableOopMap {}
                      ;*invokevirtual method_42433 {reexecute=0 rethrow=0 return_oop=0}
                      ; - net.minecraft.class_310::method_1523@1043 (line 1289)
                      ;   {runtime_call UncommonTrapBlob}
  0x000000014baa3f74: 435e eb96 | 2101 8012 

  0x000000014baa3f7c: ; ImmutableOopMap {}
                      ;*invokevirtual method_41753 {reexecute=0 rethrow=0 return_oop=0}
                      ; - net.minecraft.class_310::method_1523@1046 (line 1289)
                      ;   {runtime_call UncommonTrapBlob}
  0x000000014baa3f7c: 415e eb96 | 2101 8012 

  0x000000014baa3f84: ; ImmutableOopMap {}
                      ;*invokevirtual method_41753 {reexecute=0 rethrow=0 return_oop=0}
                      ; - net.minecraft.class_310::method_1523@1077 (line 1290)
                      ;   {runtime_call UncommonTrapBlob}
  0x000000014baa3f84: 3f5e eb96 | 2101 8012 

  0x000000014baa3f8c: ; ImmutableOopMap {}
                      ;*invokevirtual method_41753 {reexecute=0 rethrow=0 return_oop=0}
                      ; - net.minecraft.class_310::method_1523@1090 (line 1291)
                      ;   {runtime_call UncommonTrapBlob}
  0x000000014baa3f8c: 3d5e eb96 | 2101 8012 

  0x000000014baa3f94: ; ImmutableOopMap {}
                      ;*invokevirtual method_41753 {reexecute=0 rethrow=0 return_oop=0}
                      ; - net.minecraft.class_310::method_1523@1140 (line 1292)
                      ;   {runtime_call UncommonTrapBlob}
  0x000000014baa3f94: 3b5e eb96 | fd03 01aa | ee3f 00a9 | 2101 8012 

  0x000000014baa3fa4: ; ImmutableOopMap {rfp=Oop [0]=Oop [8]=Oop }
                      ;*invokevirtual method_19751 {reexecute=0 rethrow=0 return_oop=0}
                      ; - net.minecraft.class_1140$$Lambda$32310/0x0000007004d87d60::run@16
                      ; - net.minecraft.class_1255::execute@20 (line 102)
                      ; - net.minecraft.class_1140::method_4840@45 (line 522)
                      ; - net.minecraft.class_1144::method_4876@5 (line 256)
                      ; - net.minecraft.class_310::method_1523@260 (line 1191)
                      ;   {runtime_call UncommonTrapBlob}
  0x000000014baa3fa4: 375e eb96 | 2101 8012 

  0x000000014baa3fac: ; ImmutableOopMap {}
                      ;*invokevirtual getEnableDopplerEffect {reexecute=0 rethrow=0 return_oop=0}
                      ; - net.minecraft.class_1140::wrapOperation$mak000$valkyrienskies$injectListenerVelocity@6 (line 5714)
                      ; - net.minecraft.class_1140::method_19751@19 (line 523)
                      ; - net.minecraft.class_1140$$Lambda$32310/0x0000007004d87d60::run@16
                      ; - net.minecraft.class_1255::execute@20 (line 102)
                      ; - net.minecraft.class_1140::method_4840@45 (line 522)
                      ; - net.minecraft.class_1144::method_4876@5 (line 256)
                      ; - net.minecraft.class_310::method_1523@260 (line 1191)
                      ;   {runtime_call UncommonTrapBlob}
  0x000000014baa3fac: 355e eb96 | 2101 8012 

  0x000000014baa3fb4: ; ImmutableOopMap {}
                      ;*getfield field_1724 {reexecute=1 rethrow=0 return_oop=0}
                      ; - (reexecute) net.minecraft.class_1140::wrapOperation$mak000$valkyrienskies$injectListenerVelocity@15 (line 5715)
                      ; - net.minecraft.class_1140::method_19751@19 (line 523)
                      ; - net.minecraft.class_1140$$Lambda$32310/0x0000007004d87d60::run@16
                      ; - net.minecraft.class_1255::execute@20 (line 102)
                      ; - net.minecraft.class_1140::method_4840@45 (line 522)
                      ; - net.minecraft.class_1144::method_4876@5 (line 256)
                      ; - net.minecraft.class_310::method_1523@260 (line 1191)
                      ;   {runtime_call UncommonTrapBlob}
  0x000000014baa3fb4: 335e eb96 | 2101 8012 

  0x000000014baa3fbc: ; ImmutableOopMap {}
                      ;*invokeinterface x {reexecute=0 rethrow=0 return_oop=0}
                      ; - net.minecraft.class_4227::setVelocity@4 (line 513)
                      ; - net.minecraft.class_1140::wrapOperation$mak000$valkyrienskies$injectListenerVelocity@94 (line 5718)
                      ; - net.minecraft.class_1140::method_19751@19 (line 523)
                      ; - net.minecraft.class_1140$$Lambda$32310/0x0000007004d87d60::run@16
                      ; - net.minecraft.class_1255::execute@20 (line 102)
                      ; - net.minecraft.class_1140::method_4840@45 (line 522)
                      ; - net.minecraft.class_1144::method_4876@5 (line 256)
                      ; - net.minecraft.class_310::method_1523@260 (line 1191)
                      ;   {runtime_call UncommonTrapBlob}
  0x000000014baa3fbc: 315e eb96 | 2101 8012 

  0x000000014baa3fc4: ; ImmutableOopMap {}
                      ;*invokeinterface get {reexecute=0 rethrow=0 return_oop=0}
                      ; - org.lwjgl.openal.AL::getICD@3 (line 218)
                      ; - org.lwjgl.openal.AL10::alListener3f@0 (line 483)
                      ; - net.minecraft.class_4227::setVelocity@24 (line 513)
                      ; - net.minecraft.class_1140::wrapOperation$mak000$valkyrienskies$injectListenerVelocity@94 (line 5718)
                      ; - net.minecraft.class_1140::method_19751@19 (line 523)
                      ; - net.minecraft.class_1140$$Lambda$32310/0x0000007004d87d60::run@16
                      ; - net.minecraft.class_1255::execute@20 (line 102)
                      ; - net.minecraft.class_1140::method_4840@45 (line 522)
                      ; - net.minecraft.class_1144::method_4876@5 (line 256)
                      ; - net.minecraft.class_310::method_1523@260 (line 1191)
                      ;   {runtime_call UncommonTrapBlob}
  0x000000014baa3fc4: 2f5e eb96 | 2114 8012 

  0x000000014baa3fcc: ; ImmutableOopMap {}
                      ;*getfield field_1352 {reexecute=1 rethrow=0 return_oop=0}
                      ; - (reexecute) net.minecraft.class_4227::method_19671@9 (line 13)
                      ; - net.minecraft.class_1140::mixinextras$bridge$method_19671$89@27
                      ; - net.minecraft.class_1140$$Lambda$32311/0x0000007004d8c000::call@1
                      ; - net.minecraft.class_1140::wrapOperation$mak000$valkyrienskies$injectListenerVelocity@112 (line 5724)
                      ; - net.minecraft.class_1140::method_19751@19 (line 523)
                      ; - net.minecraft.class_1140$$Lambda$32310/0x0000007004d87d60::run@16
                      ; - net.minecraft.class_1255::execute@20 (line 102)
                      ; - net.minecraft.class_1140::method_4840@45 (line 522)
                      ; - net.minecraft.class_1144::method_4876@5 (line 256)
                      ; - net.minecraft.class_310::method_1523@260 (line 1191)
                      ;   {runtime_call UncommonTrapBlob}
  0x000000014baa3fcc: 2d5e eb96 | 2101 8012 

  0x000000014baa3fd4: ; ImmutableOopMap {}
                      ;*invokeinterface get {reexecute=0 rethrow=0 return_oop=0}
                      ; - org.lwjgl.openal.AL::getICD@3 (line 218)
                      ; - org.lwjgl.openal.AL10::alListener3f@0 (line 483)
                      ; - net.minecraft.class_4227::method_19671@23 (line 13)
                      ; - net.minecraft.class_1140::mixinextras$bridge$method_19671$89@27
                      ; - net.minecraft.class_1140$$Lambda$32311/0x0000007004d8c000::call@1
                      ; - net.minecraft.class_1140::wrapOperation$mak000$valkyrienskies$injectListenerVelocity@112 (line 5724)
                      ; - net.minecraft.class_1140::method_19751@19 (line 523)
                      ; - net.minecraft.class_1140$$Lambda$32310/0x0000007004d87d60::run@16
                      ; - net.minecraft.class_1255::execute@20 (line 102)
                      ; - net.minecraft.class_1140::method_4840@45 (line 522)
                      ; - net.minecraft.class_1144::method_4876@5 (line 256)
                      ; - net.minecraft.class_310::method_1523@260 (line 1191)
                      ;   {runtime_call UncommonTrapBlob}
  0x000000014baa3fd4: 2b5e eb96 | 2101 8012 

  0x000000014baa3fdc: ; ImmutableOopMap {}
                      ;*invokevirtual x {reexecute=0 rethrow=0 return_oop=0}
                      ; - net.minecraft.class_4227::method_19672@10 (line 21)
                      ; - net.minecraft.class_1140::method_19751@28 (line 524)
                      ; - net.minecraft.class_1140$$Lambda$32310/0x0000007004d87d60::run@16
                      ; - net.minecraft.class_1255::execute@20 (line 102)
                      ; - net.minecraft.class_1140::method_4840@45 (line 522)
                      ; - net.minecraft.class_1144::method_4876@5 (line 256)
                      ; - net.minecraft.class_310::method_1523@260 (line 1191)
                      ;   {runtime_call UncommonTrapBlob}
  0x000000014baa3fdc: 295e eb96 | 2101 8012 

  0x000000014baa3fe4: ; ImmutableOopMap {}
                      ;*invokevirtual x {reexecute=0 rethrow=0 return_oop=0}
                      ; - net.minecraft.class_4227::method_19672@31 (line 21)
                      ; - net.minecraft.class_1140::method_19751@28 (line 524)
                      ; - net.minecraft.class_1140$$Lambda$32310/0x0000007004d87d60::run@16
                      ; - net.minecraft.class_1255::execute@20 (line 102)
                      ; - net.minecraft.class_1140::method_4840@45 (line 522)
                      ; - net.minecraft.class_1144::method_4876@5 (line 256)
                      ; - net.minecraft.class_310::method_1523@260 (line 1191)
                      ;   {runtime_call UncommonTrapBlob}
  0x000000014baa3fe4: 275e eb96 | 2101 8012 

  0x000000014baa3fec: ; ImmutableOopMap {}
                      ;*invokeinterface get {reexecute=0 rethrow=0 return_oop=0}
                      ; - org.lwjgl.openal.AL::getICD@3 (line 218)
                      ; - org.lwjgl.openal.AL10::alListenerfv@0 (line 1643)
                      ; - net.minecraft.class_4227::method_19672@49 (line 21)
                      ; - net.minecraft.class_1140::method_19751@28 (line 524)
                      ; - net.minecraft.class_1140$$Lambda$32310/0x0000007004d87d60::run@16
                      ; - net.minecraft.class_1255::execute@20 (line 102)
                      ; - net.minecraft.class_1140::method_4840@45 (line 522)
                      ; - net.minecraft.class_1144::method_4876@5 (line 256)
                      ; - net.minecraft.class_310::method_1523@260 (line 1191)
                      ;   {runtime_call UncommonTrapBlob}
  0x000000014baa3fec: 255e eb96 | e10f 00f9 | 4117 8012 | f403 00f9 | e00b 00f9 | ee3f 03a9 | f123 00f9 

  0x000000014baa4008: ; ImmutableOopMap {rfp=Oop [0]=Oop [16]=Oop [24]=Oop [48]=Oop [56]=Oop [64]=Oop }
                      ;*ifnonnull {reexecute=1 rethrow=0 return_oop=0}
                      ; - (reexecute) net.minecraft.class_1140::wrapOperation$mak000$valkyrienskies$injectListenerVelocity@22 (line 5716)
                      ; - net.minecraft.class_1140::method_19751@19 (line 523)
                      ; - net.minecraft.class_1140$$Lambda$32310/0x0000007004d87d60::run@16
                      ; - net.minecraft.class_1255::execute@20 (line 102)
                      ; - net.minecraft.class_1140::method_4840@45 (line 522)
                      ; - net.minecraft.class_1144::method_4876@5 (line 256)
                      ; - net.minecraft.class_310::method_1523@260 (line 1191)
                      ;   {runtime_call UncommonTrapBlob}
  0x000000014baa4008: 1e5e eb96 | ea0b 40b9 | ea1b 00b9 | ea03 40f9 | fd0b 40f9 | 0300 0014 | fd03 0eaa | ea03 40f9 
  0x000000014baa4028: 6101 8012 | ea07 00f9 

  0x000000014baa4030: ; ImmutableOopMap {rfp=Oop [8]=Oop }
                      ;*checkcast {reexecute=0 rethrow=0 return_oop=0}
                      ; - net.minecraft.class_310::method_1523@1049 (line 1289)
                      ;   {runtime_call UncommonTrapBlob}
  0x000000014baa4030: 145e eb96 | 33f3 ff17 | 32f3 ff17 | 31f3 ff17 | 0500 0014 | 0400 0014 | 0300 0014 | 0200 0014 
  0x000000014baa4050: 0100 0014 | ea1b 40f9 | 5f35 0039 | 29f3 ff17 | 28f3 ff17 | 27f3 ff17 | 26f3 ff17 | 25f3 ff17 
  0x000000014baa4070: ;   {internal_word}
  0x000000014baa4070: 682c fe10 | 88b3 01f9 

  0x000000014baa4078: ;   {runtime_call SafepointBlob}
  0x000000014baa4078: 625c eb16 | 0000 0000 
[Stub Code]
  0x000000014baa4080: ;   {no_reloc}
  0x000000014baa4080: 4800 0058 | 0001 1fd6 | d03c 8748 | 0100 0000 

  0x000000014baa4090: ;   {static_stub}
  0x000000014baa4090: df3f 03d5 

  0x000000014baa4094: ;   {metadata(NULL)}
  0x000000014baa4094: 0c00 80d2 | 0c00 a0f2 | 0c00 c0f2 | 0800 80d2 | 0800 a0f2 | 0800 c0f2 | 0001 1fd6 

  0x000000014baa40b0: ;   {trampoline_stub}
  0x000000014baa40b0: 4800 0058 | 0001 1fd6 | 5040 8748 | 0100 0000 

  0x000000014baa40c0: ;   {static_stub}
  0x000000014baa40c0: df3f 03d5 

  0x000000014baa40c4: ;   {metadata(NULL)}
  0x000000014baa40c4: 0c00 80d2 | 0c00 a0f2 | 0c00 c0f2 | 0800 80d2 | 0800 a0f2 | 0800 c0f2 | 0001 1fd6 

  0x000000014baa40e0: ;   {trampoline_stub}
  0x000000014baa40e0: 4800 0058 | 0001 1fd6 | 106d 9e48 | 0100 0000 

  0x000000014baa40f0: ;   {static_stub}
  0x000000014baa40f0: df3f 03d5 

  0x000000014baa40f4: ;   {metadata(NULL)}
  0x000000014baa40f4: 0c00 80d2 | 0c00 a0f2 | 0c00 c0f2 | 0800 80d2 | 0800 a0f2 | 0800 c0f2 | 0001 1fd6 

  0x000000014baa4110: ;   {trampoline_stub}
  0x000000014baa4110: 4800 0058 | 0001 1fd6 | 90a7 0d4b | 0100 0000 

  0x000000014baa4120: ;   {static_stub}
  0x000000014baa4120: df3f 03d5 

  0x000000014baa4124: ;   {metadata(NULL)}
  0x000000014baa4124: 0c00 80d2 | 0c00 a0f2 | 0c00 c0f2 | 0800 80d2 | 0800 a0f2 | 0800 c0f2 | 0001 1fd6 

  0x000000014baa4140: ;   {trampoline_stub}
  0x000000014baa4140: 4800 0058 | 0001 1fd6 | 8075 7f48 | 0100 0000 

  0x000000014baa4150: ;   {trampoline_stub}
  0x000000014baa4150: 4800 0058 | 0001 1fd6 | 50c5 d047 | 0100 0000 

  0x000000014baa4160: ;   {static_stub}
  0x000000014baa4160: df3f 03d5 

  0x000000014baa4164: ;   {metadata(NULL)}
  0x000000014baa4164: 0c00 80d2 | 0c00 a0f2 | 0c00 c0f2 | 0800 80d2 | 0800 a0f2 | 0800 c0f2 | 0001 1fd6 

  0x000000014baa4180: ;   {trampoline_stub}
  0x000000014baa4180: 4800 0058 | 0001 1fd6 | 80b8 5747 | 0100 0000 

  0x000000014baa4190: ;   {trampoline_stub}
  0x000000014baa4190: 4800 0058 | 0001 1fd6 | 004f 5747 | 0100 0000 

  0x000000014baa41a0: ;   {static_stub}
  0x000000014baa41a0: df3f 03d5 

  0x000000014baa41a4: ;   {metadata(NULL)}
  0x000000014baa41a4: 0c00 80d2 | 0c00 a0f2 | 0c00 c0f2 | 0800 80d2 | 0800 a0f2 | 0800 c0f2 | 0001 1fd6 

  0x000000014baa41c0: ;   {trampoline_stub}
  0x000000014baa41c0: 4800 0058 | 0001 1fd6 | 8075 7f48 | 0100 0000 

  0x000000014baa41d0: ;   {trampoline_stub}
  0x000000014baa41d0: 4800 0058 | 0001 1fd6 | 80a4 5c4a | 0100 0000 

  0x000000014baa41e0: ;   {static_stub}
  0x000000014baa41e0: df3f 03d5 

  0x000000014baa41e4: ;   {metadata(NULL)}
  0x000000014baa41e4: 0c00 80d2 | 0c00 a0f2 | 0c00 c0f2 | 0800 80d2 | 0800 a0f2 | 0800 c0f2 | 0001 1fd6 

  0x000000014baa4200: ;   {trampoline_stub}
  0x000000014baa4200: 4800 0058 | 0001 1fd6 | 5056 9848 | 0100 0000 

  0x000000014baa4210: ;   {static_stub}
  0x000000014baa4210: df3f 03d5 

  0x000000014baa4214: ;   {metadata(NULL)}
  0x000000014baa4214: 0c00 80d2 | 0c00 a0f2 | 0c00 c0f2 | 0800 80d2 | 0800 a0f2 | 0800 c0f2 | 0001 1fd6 

  0x000000014baa4230: ;   {trampoline_stub}
  0x000000014baa4230: 4800 0058 | 0001 1fd6 | 083c 6347 | 0100 0000 

  0x000000014baa4240: ;   {trampoline_stub}
  0x000000014baa4240: 4800 0058 | 0001 1fd6 | 5056 9848 | 0100 0000 

  0x000000014baa4250: ;   {static_stub}
  0x000000014baa4250: df3f 03d5 

  0x000000014baa4254: ;   {metadata(NULL)}
  0x000000014baa4254: 0c00 80d2 | 0c00 a0f2 | 0c00 c0f2 | 0800 80d2 | 0800 a0f2 | 0800 c0f2 | 0001 1fd6 

  0x000000014baa4270: ;   {trampoline_stub}
  0x000000014baa4270: 4800 0058 | 0001 1fd6 | 083c 6347 | 0100 0000 

  0x000000014baa4280: ;   {trampoline_stub}
  0x000000014baa4280: 4800 0058 | 0001 1fd6 | 80b8 5747 | 0100 0000 

  0x000000014baa4290: ;   {trampoline_stub}
  0x000000014baa4290: 4800 0058 | 0001 1fd6 | 80b8 5747 | 0100 0000 

  0x000000014baa42a0: ;   {trampoline_stub}
  0x000000014baa42a0: 4800 0058 | 0001 1fd6 | 40ea 6244 | 0100 0000 

  0x000000014baa42b0: ;   {static_stub}
  0x000000014baa42b0: df3f 03d5 

  0x000000014baa42b4: ;   {metadata({method} {0x0000000152d7b540} 'method_1574' '()V' in 'net/minecraft/class_310')}
  0x000000014baa42b4: 0ca8 96d2 | ec5a aaf2 | 2c00 c0f2 | 0857 88d2 | e8ea a8f2 | 2800 c0f2 | 0001 1fd6 

  0x000000014baa42d0: ;   {trampoline_stub}
  0x000000014baa42d0: 4800 0058 | 0001 1fd6 | 80b8 5747 | 0100 0000 

  0x000000014baa42e0: ;   {trampoline_stub}
  0x000000014baa42e0: 4800 0058 | 0001 1fd6 | 9033 154b | 0100 0000 

  0x000000014baa42f0: ;   {static_stub}
  0x000000014baa42f0: df3f 03d5 

  0x000000014baa42f4: ;   {metadata(NULL)}
  0x000000014baa42f4: 0c00 80d2 | 0c00 a0f2 | 0c00 c0f2 | 0800 80d2 | 0800 a0f2 | 0800 c0f2 | 0001 1fd6 

  0x000000014baa4310: ;   {trampoline_stub}
  0x000000014baa4310: 4800 0058 | 0001 1fd6 | d021 0d48 | 0100 0000 

  0x000000014baa4320: ;   {static_stub}
  0x000000014baa4320: df3f 03d5 

  0x000000014baa4324: ;   {metadata(NULL)}
  0x000000014baa4324: 0c00 80d2 | 0c00 a0f2 | 0c00 c0f2 | 0800 80d2 | 0800 a0f2 | 0800 c0f2 | 0001 1fd6 

  0x000000014baa4340: ;   {trampoline_stub}
  0x000000014baa4340: 4800 0058 | 0001 1fd6 | 8075 7f48 | 0100 0000 

  0x000000014baa4350: ;   {trampoline_stub}
  0x000000014baa4350: 4800 0058 | 0001 1fd6 | 50b7 d047 | 0100 0000 

  0x000000014baa4360: ;   {static_stub}
  0x000000014baa4360: df3f 03d5 

  0x000000014baa4364: ;   {metadata(NULL)}
  0x000000014baa4364: 0c00 80d2 | 0c00 a0f2 | 0c00 c0f2 | 0800 80d2 | 0800 a0f2 | 0800 c0f2 | 0001 1fd6 

  0x000000014baa4380: ;   {trampoline_stub}
  0x000000014baa4380: 4800 0058 | 0001 1fd6 | d0bd f247 | 0100 0000 

  0x000000014baa4390: ;   {static_stub}
  0x000000014baa4390: df3f 03d5 

  0x000000014baa4394: ;   {metadata(NULL)}
  0x000000014baa4394: 0c00 80d2 | 0c00 a0f2 | 0c00 c0f2 | 0800 80d2 | 0800 a0f2 | 0800 c0f2 | 0001 1fd6 

  0x000000014baa43b0: ;   {trampoline_stub}
  0x000000014baa43b0: 4800 0058 | 0001 1fd6 | d0b3 d047 | 0100 0000 

  0x000000014baa43c0: ;   {static_stub}
  0x000000014baa43c0: df3f 03d5 

  0x000000014baa43c4: ;   {metadata(NULL)}
  0x000000014baa43c4: 0c00 80d2 | 0c00 a0f2 | 0c00 c0f2 | 0800 80d2 | 0800 a0f2 | 0800 c0f2 | 0001 1fd6 

  0x000000014baa43e0: ;   {trampoline_stub}
  0x000000014baa43e0: 4800 0058 | 0001 1fd6 | 8006 8349 | 0100 0000 

  0x000000014baa43f0: ;   {static_stub}
  0x000000014baa43f0: df3f 03d5 

  0x000000014baa43f4: ;   {metadata(NULL)}
  0x000000014baa43f4: 0c00 80d2 | 0c00 a0f2 | 0c00 c0f2 | 0800 80d2 | 0800 a0f2 | 0800 c0f2 | 0001 1fd6 

  0x000000014baa4410: ;   {trampoline_stub}
  0x000000014baa4410: 4800 0058 | 0001 1fd6 | 8037 474b | 0100 0000 

  0x000000014baa4420: ;   {static_stub}
  0x000000014baa4420: df3f 03d5 

  0x000000014baa4424: ;   {metadata(NULL)}
  0x000000014baa4424: 0c00 80d2 | 0c00 a0f2 | 0c00 c0f2 | 0800 80d2 | 0800 a0f2 | 0800 c0f2 | 0001 1fd6 

  0x000000014baa4440: ;   {trampoline_stub}
  0x000000014baa4440: 4800 0058 | 0001 1fd6 | c021 2348 | 0100 0000 

  0x000000014baa4450: ;   {static_stub}
  0x000000014baa4450: df3f 03d5 

  0x000000014baa4454: ;   {metadata(NULL)}
  0x000000014baa4454: 0c00 80d2 | 0c00 a0f2 | 0c00 c0f2 | 0800 80d2 | 0800 a0f2 | 0800 c0f2 | 0001 1fd6 

  0x000000014baa4470: ;   {trampoline_stub}
  0x000000014baa4470: 4800 0058 | 0001 1fd6 | 8037 474b | 0100 0000 

  0x000000014baa4480: ;   {static_stub}
  0x000000014baa4480: df3f 03d5 

  0x000000014baa4484: ;   {metadata(NULL)}
  0x000000014baa4484: 0c00 80d2 | 0c00 a0f2 | 0c00 c0f2 | 0800 80d2 | 0800 a0f2 | 0800 c0f2 | 0001 1fd6 

  0x000000014baa44a0: ;   {trampoline_stub}
  0x000000014baa44a0: 4800 0058 | 0001 1fd6 | 40f3 b848 | 0100 0000 

  0x000000014baa44b0: ;   {static_stub}
  0x000000014baa44b0: df3f 03d5 

  0x000000014baa44b4: ;   {metadata(NULL)}
  0x000000014baa44b4: 0c00 80d2 | 0c00 a0f2 | 0c00 c0f2 | 0800 80d2 | 0800 a0f2 | 0800 c0f2 | 0001 1fd6 

  0x000000014baa44d0: ;   {trampoline_stub}
  0x000000014baa44d0: 4800 0058 | 0001 1fd6 | 80c7 ef4a | 0100 0000 

  0x000000014baa44e0: ;   {static_stub}
  0x000000014baa44e0: df3f 03d5 

  0x000000014baa44e4: ;   {metadata(NULL)}
  0x000000014baa44e4: 0c00 80d2 | 0c00 a0f2 | 0c00 c0f2 | 0800 80d2 | 0800 a0f2 | 0800 c0f2 | 0001 1fd6 

  0x000000014baa4500: ;   {trampoline_stub}
  0x000000014baa4500: 4800 0058 | 0001 1fd6 | c0a5 9849 | 0100 0000 

  0x000000014baa4510: ;   {static_stub}
  0x000000014baa4510: df3f 03d5 

  0x000000014baa4514: ;   {metadata(NULL)}
  0x000000014baa4514: 0c00 80d2 | 0c00 a0f2 | 0c00 c0f2 | 0800 80d2 | 0800 a0f2 | 0800 c0f2 | 0001 1fd6 

  0x000000014baa4530: ;   {trampoline_stub}
  0x000000014baa4530: 4800 0058 | 0001 1fd6 | 1081 9c4a | 0100 0000 

  0x000000014baa4540: ;   {static_stub}
  0x000000014baa4540: df3f 03d5 

  0x000000014baa4544: ;   {metadata(NULL)}
  0x000000014baa4544: 0c00 80d2 | 0c00 a0f2 | 0c00 c0f2 | 0800 80d2 | 0800 a0f2 | 0800 c0f2 | 0001 1fd6 

  0x000000014baa4560: ;   {trampoline_stub}
  0x000000014baa4560: 4800 0058 | 0001 1fd6 | d0cc c44a | 0100 0000 

  0x000000014baa4570: ;   {static_stub}
  0x000000014baa4570: df3f 03d5 

  0x000000014baa4574: ;   {metadata(NULL)}
  0x000000014baa4574: 0c00 80d2 | 0c00 a0f2 | 0c00 c0f2 | 0800 80d2 | 0800 a0f2 | 0800 c0f2 | 0001 1fd6 

  0x000000014baa4590: ;   {trampoline_stub}
  0x000000014baa4590: 4800 0058 | 0001 1fd6 | 507d 9c4a | 0100 0000 

  0x000000014baa45a0: ;   {static_stub}
  0x000000014baa45a0: df3f 03d5 

  0x000000014baa45a4: ;   {metadata(NULL)}
  0x000000014baa45a4: 0c00 80d2 | 0c00 a0f2 | 0c00 c0f2 | 0800 80d2 | 0800 a0f2 | 0800 c0f2 | 0001 1fd6 

  0x000000014baa45c0: ;   {trampoline_stub}
  0x000000014baa45c0: 4800 0058 | 0001 1fd6 | d050 564b | 0100 0000 

  0x000000014baa45d0: ;   {static_stub}
  0x000000014baa45d0: df3f 03d5 

  0x000000014baa45d4: ;   {metadata(NULL)}
  0x000000014baa45d4: 0c00 80d2 | 0c00 a0f2 | 0c00 c0f2 | 0800 80d2 | 0800 a0f2 | 0800 c0f2 | 0001 1fd6 

  0x000000014baa45f0: ;   {trampoline_stub}
  0x000000014baa45f0: 4800 0058 | 0001 1fd6 | 9074 9c4a | 0100 0000 

  0x000000014baa4600: ;   {static_stub}
  0x000000014baa4600: df3f 03d5 

  0x000000014baa4604: ;   {metadata(NULL)}
  0x000000014baa4604: 0c00 80d2 | 0c00 a0f2 | 0c00 c0f2 | 0800 80d2 | 0800 a0f2 | 0800 c0f2 | 0001 1fd6 

  0x000000014baa4620: ;   {trampoline_stub}
  0x000000014baa4620: 4800 0058 | 0001 1fd6 | 00bc 7944 | 0100 0000 

  0x000000014baa4630: ;   {static_stub}
  0x000000014baa4630: df3f 03d5 

  0x000000014baa4634: ;   {metadata({method} {0x000000032e3b8700} 'method_3192' '(FJZ)V' in 'net/minecraft/class_757')}
  0x000000014baa4634: 0ce0 90d2 | 6cc7 a5f2 | 6c00 c0f2 | 8838 86d2 | e8ee a8f2 | 2800 c0f2 | 0001 1fd6 

  0x000000014baa4650: ;   {trampoline_stub}
  0x000000014baa4650: 4800 0058 | 0001 1fd6 | d0d7 c44a | 0100 0000 

  0x000000014baa4660: ;   {static_stub}
  0x000000014baa4660: df3f 03d5 

  0x000000014baa4664: ;   {metadata(NULL)}
  0x000000014baa4664: 0c00 80d2 | 0c00 a0f2 | 0c00 c0f2 | 0800 80d2 | 0800 a0f2 | 0800 c0f2 | 0001 1fd6 

  0x000000014baa4680: ;   {trampoline_stub}
  0x000000014baa4680: 4800 0058 | 0001 1fd6 | 106a e54a | 0100 0000 

  0x000000014baa4690: ;   {static_stub}
  0x000000014baa4690: df3f 03d5 

  0x000000014baa4694: ;   {metadata(NULL)}
  0x000000014baa4694: 0c00 80d2 | 0c00 a0f2 | 0c00 c0f2 | 0800 80d2 | 0800 a0f2 | 0800 c0f2 | 0001 1fd6 

  0x000000014baa46b0: ;   {trampoline_stub}
  0x000000014baa46b0: 4800 0058 | 0001 1fd6 | d01a f348 | 0100 0000 

  0x000000014baa46c0: ;   {static_stub}
  0x000000014baa46c0: df3f 03d5 

  0x000000014baa46c4: ;   {metadata(NULL)}
  0x000000014baa46c4: 0c00 80d2 | 0c00 a0f2 | 0c00 c0f2 | 0800 80d2 | 0800 a0f2 | 0800 c0f2 | 0001 1fd6 

  0x000000014baa46e0: ;   {trampoline_stub}
  0x000000014baa46e0: 4800 0058 | 0001 1fd6 | d0b1 834a | 0100 0000 

  0x000000014baa46f0: ;   {static_stub}
  0x000000014baa46f0: df3f 03d5 

  0x000000014baa46f4: ;   {metadata(NULL)}
  0x000000014baa46f4: 0c00 80d2 | 0c00 a0f2 | 0c00 c0f2 | 0800 80d2 | 0800 a0f2 | 0800 c0f2 | 0001 1fd6 

  0x000000014baa4710: ;   {trampoline_stub}
  0x000000014baa4710: 4800 0058 | 0001 1fd6 | c065 c84a | 0100 0000 

  0x000000014baa4720: ;   {static_stub}
  0x000000014baa4720: df3f 03d5 

  0x000000014baa4724: ;   {metadata(NULL)}
  0x000000014baa4724: 0c00 80d2 | 0c00 a0f2 | 0c00 c0f2 | 0800 80d2 | 0800 a0f2 | 0800 c0f2 | 0001 1fd6 

  0x000000014baa4740: ;   {trampoline_stub}
  0x000000014baa4740: 4800 0058 | 0001 1fd6 | 90f3 cc4a | 0100 0000 

  0x000000014baa4750: ;   {static_stub}
  0x000000014baa4750: df3f 03d5 

  0x000000014baa4754: ;   {metadata(NULL)}
  0x000000014baa4754: 0c00 80d2 | 0c00 a0f2 | 0c00 c0f2 | 0800 80d2 | 0800 a0f2 | 0800 c0f2 | 0001 1fd6 

  0x000000014baa4770: ;   {trampoline_stub}
  0x000000014baa4770: 4800 0058 | 0001 1fd6 | d070 9c4a | 0100 0000 

  0x000000014baa4780: ;   {static_stub}
  0x000000014baa4780: df3f 03d5 

  0x000000014baa4784: ;   {metadata(NULL)}
  0x000000014baa4784: 0c00 80d2 | 0c00 a0f2 | 0c00 c0f2 | 0800 80d2 | 0800 a0f2 | 0800 c0f2 | 0001 1fd6 

  0x000000014baa47a0: ;   {trampoline_stub}
  0x000000014baa47a0: 4800 0058 | 0001 1fd6 | 0029 9e40 | 0100 0000 

  0x000000014baa47b0: ;   {static_stub}
  0x000000014baa47b0: df3f 03d5 

  0x000000014baa47b4: ;   {metadata(NULL)}
  0x000000014baa47b4: 0c00 80d2 | 0c00 a0f2 | 0c00 c0f2 | 0800 80d2 | 0800 a0f2 | 0800 c0f2 | 0001 1fd6 

  0x000000014baa47d0: ;   {trampoline_stub}
  0x000000014baa47d0: 4800 0058 | 0001 1fd6 | 50f9 8348 | 0100 0000 

  0x000000014baa47e0: ;   {static_stub}
  0x000000014baa47e0: df3f 03d5 

  0x000000014baa47e4: ;   {metadata(NULL)}
  0x000000014baa47e4: 0c00 80d2 | 0c00 a0f2 | 0c00 c0f2 | 0800 80d2 | 0800 a0f2 | 0800 c0f2 | 0001 1fd6 

  0x000000014baa4800: ;   {trampoline_stub}
  0x000000014baa4800: 4800 0058 | 0001 1fd6 | 909e e64a | 0100 0000 

  0x000000014baa4810: ;   {static_stub}
  0x000000014baa4810: df3f 03d5 

  0x000000014baa4814: ;   {metadata(NULL)}
  0x000000014baa4814: 0c00 80d2 | 0c00 a0f2 | 0c00 c0f2 | 0800 80d2 | 0800 a0f2 | 0800 c0f2 | 0001 1fd6 

  0x000000014baa4830: ;   {trampoline_stub}
  0x000000014baa4830: 4800 0058 | 0001 1fd6 | c065 c84a | 0100 0000 

  0x000000014baa4840: ;   {static_stub}
  0x000000014baa4840: df3f 03d5 

  0x000000014baa4844: ;   {metadata(NULL)}
  0x000000014baa4844: 0c00 80d2 | 0c00 a0f2 | 0c00 c0f2 | 0800 80d2 | 0800 a0f2 | 0800 c0f2 | 0001 1fd6 

  0x000000014baa4860: ;   {trampoline_stub}
  0x000000014baa4860: 4800 0058 | 0001 1fd6 | d048 224b | 0100 0000 

  0x000000014baa4870: ;   {static_stub}
  0x000000014baa4870: df3f 03d5 

  0x000000014baa4874: ;   {metadata(NULL)}
  0x000000014baa4874: 0c00 80d2 | 0c00 a0f2 | 0c00 c0f2 | 0800 80d2 | 0800 a0f2 | 0800 c0f2 | 0001 1fd6 

  0x000000014baa4890: ;   {trampoline_stub}
  0x000000014baa4890: 4800 0058 | 0001 1fd6 | c0d1 e848 | 0100 0000 

  0x000000014baa48a0: ;   {static_stub}
  0x000000014baa48a0: df3f 03d5 

  0x000000014baa48a4: ;   {metadata(NULL)}
  0x000000014baa48a4: 0c00 80d2 | 0c00 a0f2 | 0c00 c0f2 | 0800 80d2 | 0800 a0f2 | 0800 c0f2 | 0001 1fd6 

  0x000000014baa48c0: ;   {trampoline_stub}
  0x000000014baa48c0: 4800 0058 | 0001 1fd6 | d025 1e4a | 0100 0000 

  0x000000014baa48d0: ;   {static_stub}
  0x000000014baa48d0: df3f 03d5 

  0x000000014baa48d4: ;   {metadata(NULL)}
  0x000000014baa48d4: 0c00 80d2 | 0c00 a0f2 | 0c00 c0f2 | 0800 80d2 | 0800 a0f2 | 0800 c0f2 | 0001 1fd6 

  0x000000014baa48f0: ;   {trampoline_stub}
  0x000000014baa48f0: 4800 0058 | 0001 1fd6 | d0b5 c44a | 0100 0000 

  0x000000014baa4900: ;   {static_stub}
  0x000000014baa4900: df3f 03d5 

  0x000000014baa4904: ;   {metadata(NULL)}
  0x000000014baa4904: 0c00 80d2 | 0c00 a0f2 | 0c00 c0f2 | 0800 80d2 | 0800 a0f2 | 0800 c0f2 | 0001 1fd6 

  0x000000014baa4920: ;   {trampoline_stub}
  0x000000014baa4920: 4800 0058 | 0001 1fd6 | 4087 9c4a | 0100 0000 

  0x000000014baa4930: ;   {static_stub}
  0x000000014baa4930: df3f 03d5 

  0x000000014baa4934: ;   {metadata(NULL)}
  0x000000014baa4934: 0c00 80d2 | 0c00 a0f2 | 0c00 c0f2 | 0800 80d2 | 0800 a0f2 | 0800 c0f2 | 0001 1fd6 

  0x000000014baa4950: ;   {trampoline_stub}
  0x000000014baa4950: 4800 0058 | 0001 1fd6 | 10bb c44a | 0100 0000 

  0x000000014baa4960: ;   {static_stub}
  0x000000014baa4960: df3f 03d5 

  0x000000014baa4964: ;   {metadata(NULL)}
  0x000000014baa4964: 0c00 80d2 | 0c00 a0f2 | 0c00 c0f2 | 0800 80d2 | 0800 a0f2 | 0800 c0f2 | 0001 1fd6 

  0x000000014baa4980: ;   {trampoline_stub}
  0x000000014baa4980: 4800 0058 | 0001 1fd6 | 80b8 5747 | 0100 0000 

  0x000000014baa4990: ;   {trampoline_stub}
  0x000000014baa4990: 4800 0058 | 0001 1fd6 | 80b8 5747 | 0100 0000 

  0x000000014baa49a0: ;   {trampoline_stub}
  0x000000014baa49a0: 4800 0058 | 0001 1fd6 | 80b8 5747 | 0100 0000 

  0x000000014baa49b0: ;   {trampoline_stub}
  0x000000014baa49b0: 4800 0058 | 0001 1fd6 | 0052 5747 | 0100 0000 

  0x000000014baa49c0: ;   {trampoline_stub}
  0x000000014baa49c0: 4800 0058 | 0001 1fd6 | c0f6 5547 | 0100 0000 

  0x000000014baa49d0: ;   {trampoline_stub}
  0x000000014baa49d0: 4800 0058 | 0001 1fd6 | 2808 5647 | 0100 0000 

  0x000000014baa49e0: ;   {trampoline_stub}
  0x000000014baa49e0: 4800 0058 | 0001 1fd6 | 2808 5647 | 0100 0000 

  0x000000014baa49f0: ;   {trampoline_stub}
  0x000000014baa49f0: 4800 0058 | 0001 1fd6 | 2808 5647 | 0100 0000 

  0x000000014baa4a00: ;   {trampoline_stub}
  0x000000014baa4a00: 4800 0058 | 0001 1fd6 | c00e d947 | 0100 0000 

  0x000000014baa4a10: ;   {static_stub}
  0x000000014baa4a10: df3f 03d5 

  0x000000014baa4a14: ;   {metadata(NULL)}
  0x000000014baa4a14: 0c00 80d2 | 0c00 a0f2 | 0c00 c0f2 | 0800 80d2 | 0800 a0f2 | 0800 c0f2 | 0001 1fd6 

  0x000000014baa4a30: ;   {trampoline_stub}
  0x000000014baa4a30: 4800 0058 | 0001 1fd6 | c0e4 3249 | 0100 0000 

  0x000000014baa4a40: ;   {static_stub}
  0x000000014baa4a40: df3f 03d5 

  0x000000014baa4a44: ;   {metadata(NULL)}
  0x000000014baa4a44: 0c00 80d2 | 0c00 a0f2 | 0c00 c0f2 | 0800 80d2 | 0800 a0f2 | 0800 c0f2 | 0001 1fd6 

  0x000000014baa4a60: ;   {trampoline_stub}
  0x000000014baa4a60: 4800 0058 | 0001 1fd6 | c0d1 e848 | 0100 0000 

  0x000000014baa4a70: ;   {static_stub}
  0x000000014baa4a70: df3f 03d5 

  0x000000014baa4a74: ;   {metadata(NULL)}
  0x000000014baa4a74: 0c00 80d2 | 0c00 a0f2 | 0c00 c0f2 | 0800 80d2 | 0800 a0f2 | 0800 c0f2 | 0001 1fd6 

  0x000000014baa4a90: ;   {trampoline_stub}
  0x000000014baa4a90: 4800 0058 | 0001 1fd6 | 0055 5747 | 0100 0000 

  0x000000014baa4aa0: ;   {static_stub}
  0x000000014baa4aa0: df3f 03d5 

  0x000000014baa4aa4: ;   {metadata(NULL)}
  0x000000014baa4aa4: 0c00 80d2 | 0c00 a0f2 | 0c00 c0f2 | 0800 80d2 | 0800 a0f2 | 0800 c0f2 | 0001 1fd6 

  0x000000014baa4ac0: ;   {trampoline_stub}
  0x000000014baa4ac0: 4800 0058 | 0001 1fd6 | 0055 5747 | 0100 0000 

  0x000000014baa4ad0: ;   {static_stub}
  0x000000014baa4ad0: df3f 03d5 

  0x000000014baa4ad4: ;   {metadata(NULL)}
  0x000000014baa4ad4: 0c00 80d2 | 0c00 a0f2 | 0c00 c0f2 | 0800 80d2 | 0800 a0f2 | 0800 c0f2 | 0001 1fd6 

  0x000000014baa4af0: ;   {trampoline_stub}
  0x000000014baa4af0: 4800 0058 | 0001 1fd6 | 0055 5747 | 0100 0000 

  0x000000014baa4b00: ;   {static_stub}
  0x000000014baa4b00: df3f 03d5 

  0x000000014baa4b04: ;   {metadata(NULL)}
  0x000000014baa4b04: 0c00 80d2 | 0c00 a0f2 | 0c00 c0f2 | 0800 80d2 | 0800 a0f2 | 0800 c0f2 | 0001 1fd6 

  0x000000014baa4b20: ;   {trampoline_stub}
  0x000000014baa4b20: 4800 0058 | 0001 1fd6 | c00e d947 | 0100 0000 

  0x000000014baa4b30: ;   {static_stub}
  0x000000014baa4b30: df3f 03d5 

  0x000000014baa4b34: ;   {metadata(NULL)}
  0x000000014baa4b34: 0c00 80d2 | 0c00 a0f2 | 0c00 c0f2 | 0800 80d2 | 0800 a0f2 | 0800 c0f2 | 0001 1fd6 

  0x000000014baa4b50: ;   {trampoline_stub}
  0x000000014baa4b50: 4800 0058 | 0001 1fd6 | c00e d947 | 0100 0000 

  0x000000014baa4b60: ;   {static_stub}
  0x000000014baa4b60: df3f 03d5 

  0x000000014baa4b64: ;   {metadata(NULL)}
  0x000000014baa4b64: 0c00 80d2 | 0c00 a0f2 | 0c00 c0f2 | 0800 80d2 | 0800 a0f2 | 0800 c0f2 | 0001 1fd6 

  0x000000014baa4b80: ;   {trampoline_stub}
  0x000000014baa4b80: 4800 0058 | 0001 1fd6 | c0e4 3249 | 0100 0000 

  0x000000014baa4b90: ;   {static_stub}
  0x000000014baa4b90: df3f 03d5 

  0x000000014baa4b94: ;   {metadata(NULL)}
  0x000000014baa4b94: 0c00 80d2 | 0c00 a0f2 | 0c00 c0f2 | 0800 80d2 | 0800 a0f2 | 0800 c0f2 | 0001 1fd6 

  0x000000014baa4bb0: ;   {trampoline_stub}
  0x000000014baa4bb0: 4800 0058 | 0001 1fd6 | c0d1 e848 | 0100 0000 

  0x000000014baa4bc0: ;   {static_stub}
  0x000000014baa4bc0: df3f 03d5 

  0x000000014baa4bc4: ;   {metadata(NULL)}
  0x000000014baa4bc4: 0c00 80d2 | 0c00 a0f2 | 0c00 c0f2 | 0800 80d2 | 0800 a0f2 | 0800 c0f2 | 0001 1fd6 

  0x000000014baa4be0: ;   {trampoline_stub}
  0x000000014baa4be0: 4800 0058 | 0001 1fd6 | 80b8 5747 | 0100 0000 

  0x000000014baa4bf0: ;   {trampoline_stub}
  0x000000014baa4bf0: 4800 0058 | 0001 1fd6 | 80b8 5747 | 0100 0000 

  0x000000014baa4c00: ;   {trampoline_stub}
  0x000000014baa4c00: 4800 0058 | 0001 1fd6 | 80b8 5747 | 0100 0000 

  0x000000014baa4c10: ;   {trampoline_stub}
  0x000000014baa4c10: 4800 0058 | 0001 1fd6 | c0e9 6247 | 0100 0000 

  0x000000014baa4c20: ;   {trampoline_stub}
  0x000000014baa4c20: 4800 0058 | 0001 1fd6 | c0e9 6247 | 0100 0000 

  0x000000014baa4c30: ;   {trampoline_stub}
  0x000000014baa4c30: 4800 0058 | 0001 1fd6 | c0e9 6247 | 0100 0000 

  0x000000014baa4c40: ;   {trampoline_stub}
  0x000000014baa4c40: 4800 0058 | 0001 1fd6 | 80b8 5747 | 0100 0000 

  0x000000014baa4c50: ;   {trampoline_stub}
  0x000000014baa4c50: 4800 0058 | 0001 1fd6 | c0e9 6247 | 0100 0000 

  0x000000014baa4c60: ;   {trampoline_stub}
  0x000000014baa4c60: 4800 0058 | 0001 1fd6 | c0e9 6247 | 0100 0000 

  0x000000014baa4c70: ;   {trampoline_stub}
  0x000000014baa4c70: 4800 0058 | 0001 1fd6 | c0e9 6247 | 0100 0000 

  0x000000014baa4c80: ;   {trampoline_stub}
  0x000000014baa4c80: 4800 0058 | 0001 1fd6 | 80b8 5747 | 0100 0000 

  0x000000014baa4c90: ;   {trampoline_stub}
  0x000000014baa4c90: 4800 0058 | 0001 1fd6 | 80b8 5747 | 0100 0000 

  0x000000014baa4ca0: ;   {trampoline_stub}
  0x000000014baa4ca0: 4800 0058 | 0001 1fd6 | 80b8 5747 | 0100 0000 

  0x000000014baa4cb0: ;   {trampoline_stub}
  0x000000014baa4cb0: 4800 0058 | 0001 1fd6 | 80b8 5747 | 0100 0000 

  0x000000014baa4cc0: ;   {trampoline_stub}
  0x000000014baa4cc0: 4800 0058 | 0001 1fd6 | 80b8 5747 | 0100 0000 

  0x000000014baa4cd0: ;   {trampoline_stub}
  0x000000014baa4cd0: 4800 0058 | 0001 1fd6 | c0e9 6247 | 0100 0000 

  0x000000014baa4ce0: ;   {trampoline_stub}
  0x000000014baa4ce0: 4800 0058 | 0001 1fd6 | 80b8 5747 | 0100 0000 

  0x000000014baa4cf0: ;   {trampoline_stub}
  0x000000014baa4cf0: 4800 0058 | 0001 1fd6 | 80b8 5747 | 0100 0000 

  0x000000014baa4d00: ;   {trampoline_stub}
  0x000000014baa4d00: 4800 0058 | 0001 1fd6 | 40c0 6247 | 0100 0000 

  0x000000014baa4d10: ;   {trampoline_stub}
  0x000000014baa4d10: 4800 0058 | 0001 1fd6 | 80b8 5747 | 0100 0000 

  0x000000014baa4d20: ;   {trampoline_stub}
  0x000000014baa4d20: 4800 0058 | 0001 1fd6 | 80b8 5747 | 0100 0000 

  0x000000014baa4d30: ;   {trampoline_stub}
  0x000000014baa4d30: 4800 0058 | 0001 1fd6 | 80b8 5747 | 0100 0000 

  0x000000014baa4d40: ;   {trampoline_stub}
  0x000000014baa4d40: 4800 0058 | 0001 1fd6 | 80b8 5747 | 0100 0000 

  0x000000014baa4d50: ;   {trampoline_stub}
  0x000000014baa4d50: 4800 0058 | 0001 1fd6 | 40c0 6247 | 0100 0000 

  0x000000014baa4d60: ;   {trampoline_stub}
  0x000000014baa4d60: 4800 0058 | 0001 1fd6 | 80b8 5747 | 0100 0000 

  0x000000014baa4d70: ;   {trampoline_stub}
  0x000000014baa4d70: 4800 0058 | 0001 1fd6 | 40c0 6247 | 0100 0000 

  0x000000014baa4d80: ;   {trampoline_stub}
  0x000000014baa4d80: 4800 0058 | 0001 1fd6 | 80b8 5747 | 0100 0000 

  0x000000014baa4d90: ;   {trampoline_stub}
  0x000000014baa4d90: 4800 0058 | 0001 1fd6 | 80b8 5747 | 0100 0000 

  0x000000014baa4da0: ;   {trampoline_stub}
  0x000000014baa4da0: 4800 0058 | 0001 1fd6 | 80b8 5747 | 0100 0000 

  0x000000014baa4db0: ;   {trampoline_stub}
  0x000000014baa4db0: 4800 0058 | 0001 1fd6 | 80b8 5747 | 0100 0000 

  0x000000014baa4dc0: ;   {trampoline_stub}
  0x000000014baa4dc0: 4800 0058 | 0001 1fd6 | 80b8 5747 | 0100 0000 

  0x000000014baa4dd0: ;   {trampoline_stub}
  0x000000014baa4dd0: 4800 0058 | 0001 1fd6 | 80b8 5747 | 0100 0000 

  0x000000014baa4de0: ;   {trampoline_stub}
  0x000000014baa4de0: 4800 0058 | 0001 1fd6 | 80b8 5747 | 0100 0000 

  0x000000014baa4df0: ;   {trampoline_stub}
  0x000000014baa4df0: 4800 0058 | 0001 1fd6 | 80b8 5747 | 0100 0000 

  0x000000014baa4e00: ;   {trampoline_stub}
  0x000000014baa4e00: 4800 0058 | 0001 1fd6 | 80b8 5747 | 0100 0000 

  0x000000014baa4e10: ;   {trampoline_stub}
  0x000000014baa4e10: 4800 0058 | 0001 1fd6 | 80b8 5747 | 0100 0000 

  0x000000014baa4e20: ;   {trampoline_stub}
  0x000000014baa4e20: 4800 0058 | 0001 1fd6 | 80b8 5747 | 0100 0000 

  0x000000014baa4e30: ;   {trampoline_stub}
  0x000000014baa4e30: 4800 0058 | 0001 1fd6 | 80b8 5747 | 0100 0000 

  0x000000014baa4e40: ;   {trampoline_stub}
  0x000000014baa4e40: 4800 0058 | 0001 1fd6 | 80b8 5747 | 0100 0000 

  0x000000014baa4e50: ;   {trampoline_stub}
  0x000000014baa4e50: 4800 0058 | 0001 1fd6 | 80b8 5747 | 0100 0000 

  0x000000014baa4e60: ;   {trampoline_stub}
  0x000000014baa4e60: 4800 0058 | 0001 1fd6 | 80b8 5747 | 0100 0000 

  0x000000014baa4e70: ;   {trampoline_stub}
  0x000000014baa4e70: 4800 0058 | 0001 1fd6 | 80b8 5747 | 0100 0000 

  0x000000014baa4e80: ;   {trampoline_stub}
  0x000000014baa4e80: 4800 0058 | 0001 1fd6 | 80b8 5747 | 0100 0000 

  0x000000014baa4e90: ;   {trampoline_stub}
  0x000000014baa4e90: 4800 0058 | 0001 1fd6 | 80b8 5747 | 0100 0000 

  0x000000014baa4ea0: ;   {trampoline_stub}
  0x000000014baa4ea0: 4800 0058 | 0001 1fd6 | 80b8 5747 | 0100 0000 

  0x000000014baa4eb0: ;   {trampoline_stub}
  0x000000014baa4eb0: 4800 0058 | 0001 1fd6 | 80b8 5747 | 0100 0000 

  0x000000014baa4ec0: ;   {trampoline_stub}
  0x000000014baa4ec0: 4800 0058 | 0001 1fd6 | 80b8 5747 | 0100 0000 

  0x000000014baa4ed0: ;   {trampoline_stub}
  0x000000014baa4ed0: 4800 0058 | 0001 1fd6 | 80b8 5747 | 0100 0000 

  0x000000014baa4ee0: ;   {trampoline_stub}
  0x000000014baa4ee0: 4800 0058 | 0001 1fd6 | 80b8 5747 | 0100 0000 

  0x000000014baa4ef0: ;   {trampoline_stub}
  0x000000014baa4ef0: 4800 0058 | 0001 1fd6 | 80b8 5747 | 0100 0000 

  0x000000014baa4f00: ;   {trampoline_stub}
  0x000000014baa4f00: 4800 0058 | 0001 1fd6 | 80b8 5747 | 0100 0000 

  0x000000014baa4f10: ;   {trampoline_stub}
  0x000000014baa4f10: 4800 0058 | 0001 1fd6 | 80b8 5747 | 0100 0000 

  0x000000014baa4f20: ;   {trampoline_stub}
  0x000000014baa4f20: 4800 0058 | 0001 1fd6 | 80b8 5747 | 0100 0000 

  0x000000014baa4f30: ;   {trampoline_stub}
  0x000000014baa4f30: 4800 0058 | 0001 1fd6 | 80b8 5747 | 0100 0000 

  0x000000014baa4f40: ;   {trampoline_stub}
  0x000000014baa4f40: 4800 0058 | 0001 1fd6 | 80b8 5747 | 0100 0000 

  0x000000014baa4f50: ;   {trampoline_stub}
  0x000000014baa4f50: 4800 0058 | 0001 1fd6 | 80b8 5747 | 0100 0000 

  0x000000014baa4f60: ;   {trampoline_stub}
  0x000000014baa4f60: 4800 0058 | 0001 1fd6 | 80b8 5747 | 0100 0000 

  0x000000014baa4f70: ;   {trampoline_stub}
  0x000000014baa4f70: 4800 0058 | 0001 1fd6 | 80b8 5747 | 0100 0000 

  0x000000014baa4f80: ;   {trampoline_stub}
  0x000000014baa4f80: 4800 0058 | 0001 1fd6 | 80b8 5747 | 0100 0000 

  0x000000014baa4f90: ;   {trampoline_stub}
  0x000000014baa4f90: 4800 0058 | 0001 1fd6 | 80b8 5747 | 0100 0000 

  0x000000014baa4fa0: ;   {trampoline_stub}
  0x000000014baa4fa0: 4800 0058 | 0001 1fd6 | 80b8 5747 | 0100 0000 

  0x000000014baa4fb0: ;   {trampoline_stub}
  0x000000014baa4fb0: 4800 0058 | 0001 1fd6 | 80b8 5747 | 0100 0000 

  0x000000014baa4fc0: ;   {trampoline_stub}
  0x000000014baa4fc0: 4800 0058 | 0001 1fd6 | 80b8 5747 | 0100 0000 

  0x000000014baa4fd0: ;   {trampoline_stub}
  0x000000014baa4fd0: 4800 0058 | 0001 1fd6 | 80b8 5747 | 0100 0000 

  0x000000014baa4fe0: ;   {trampoline_stub}
  0x000000014baa4fe0: 4800 0058 | 0001 1fd6 | 80b8 5747 | 0100 0000 

  0x000000014baa4ff0: ;   {trampoline_stub}
  0x000000014baa4ff0: 4800 0058 | 0001 1fd6 | 80b8 5747 | 0100 0000 

  0x000000014baa5000: ;   {trampoline_stub}
  0x000000014baa5000: 4800 0058 | 0001 1fd6 | 80b8 5747 | 0100 0000 

  0x000000014baa5010: ;   {trampoline_stub}
  0x000000014baa5010: 4800 0058 | 0001 1fd6 | 40c0 6247 | 0100 0000 

  0x000000014baa5020: ;   {trampoline_stub}
  0x000000014baa5020: 4800 0058 | 0001 1fd6 | 80b8 5747 | 0100 0000 

  0x000000014baa5030: ;   {trampoline_stub}
  0x000000014baa5030: 4800 0058 | 0001 1fd6 | 80b8 5747 | 0100 0000 

  0x000000014baa5040: ;   {trampoline_stub}
  0x000000014baa5040: 4800 0058 | 0001 1fd6 | 80b8 5747 | 0100 0000 

  0x000000014baa5050: ;   {trampoline_stub}
  0x000000014baa5050: 4800 0058 | 0001 1fd6 | 80b8 5747 | 0100 0000 

  0x000000014baa5060: ;   {trampoline_stub}
  0x000000014baa5060: 4800 0058 | 0001 1fd6 | 80b8 5747 | 0100 0000 

  0x000000014baa5070: ;   {trampoline_stub}
  0x000000014baa5070: 4800 0058 | 0001 1fd6 | 80b8 5747 | 0100 0000 

  0x000000014baa5080: ;   {trampoline_stub}
  0x000000014baa5080: 4800 0058 | 0001 1fd6 | 80b8 5747 | 0100 0000 

  0x000000014baa5090: ;   {trampoline_stub}
  0x000000014baa5090: 4800 0058 | 0001 1fd6 | 80b8 5747 | 0100 0000 

  0x000000014baa50a0: ;   {trampoline_stub}
  0x000000014baa50a0: 4800 0058 | 0001 1fd6 | 80b8 5747 | 0100 0000 

  0x000000014baa50b0: ;   {trampoline_stub}
  0x000000014baa50b0: 4800 0058 | 0001 1fd6 | 80b8 5747 | 0100 0000 

  0x000000014baa50c0: ;   {trampoline_stub}
  0x000000014baa50c0: 4800 0058 | 0001 1fd6 | 80b8 5747 | 0100 0000 

  0x000000014baa50d0: ;   {trampoline_stub}
  0x000000014baa50d0: 4800 0058 | 0001 1fd6 | 80b8 5747 | 0100 0000 

  0x000000014baa50e0: ;   {trampoline_stub}
  0x000000014baa50e0: 4800 0058 | 0001 1fd6 | 80b8 5747 | 0100 0000 

  0x000000014baa50f0: ;   {trampoline_stub}
  0x000000014baa50f0: 4800 0058 | 0001 1fd6 | 80b8 5747 | 0100 0000 

  0x000000014baa5100: ;   {trampoline_stub}
  0x000000014baa5100: 4800 0058 | 0001 1fd6 | 80b8 5747 | 0100 0000 

  0x000000014baa5110: ;   {trampoline_stub}
  0x000000014baa5110: 4800 0058 | 0001 1fd6 | 80b8 5747 | 0100 0000 

  0x000000014baa5120: ;   {trampoline_stub}
  0x000000014baa5120: 4800 0058 | 0001 1fd6 | 80b8 5747 | 0100 0000 

  0x000000014baa5130: ;   {trampoline_stub}
  0x000000014baa5130: 4800 0058 | 0001 1fd6 | 80b8 5747 | 0100 0000 

  0x000000014baa5140: ;   {trampoline_stub}
  0x000000014baa5140: 4800 0058 | 0001 1fd6 | 80b8 5747 | 0100 0000 

  0x000000014baa5150: ;   {trampoline_stub}
  0x000000014baa5150: 4800 0058 | 0001 1fd6 | 80b8 5747 | 0100 0000 

  0x000000014baa5160: ;   {trampoline_stub}
  0x000000014baa5160: 4800 0058 | 0001 1fd6 | 80b8 5747 | 0100 0000 

  0x000000014baa5170: ;   {trampoline_stub}
  0x000000014baa5170: 4800 0058 | 0001 1fd6 | 80b8 5747 | 0100 0000 

  0x000000014baa5180: ;   {trampoline_stub}
  0x000000014baa5180: 4800 0058 | 0001 1fd6 | 80b8 5747 | 0100 0000 

  0x000000014baa5190: ;   {trampoline_stub}
  0x000000014baa5190: 4800 0058 | 0001 1fd6 | 80b8 5747 | 0100 0000 

  0x000000014baa51a0: ;   {trampoline_stub}
  0x000000014baa51a0: 4800 0058 | 0001 1fd6 | 80b8 5747 | 0100 0000 

  0x000000014baa51b0: ;   {trampoline_stub}
  0x000000014baa51b0: 4800 0058 | 0001 1fd6 | 80b8 5747 | 0100 0000 

  0x000000014baa51c0: ;   {trampoline_stub}
  0x000000014baa51c0: 4800 0058 | 0001 1fd6 | 80b8 5747 | 0100 0000 

  0x000000014baa51d0: ;   {trampoline_stub}
  0x000000014baa51d0: 4800 0058 | 0001 1fd6 | 80b8 5747 | 0100 0000 

  0x000000014baa51e0: ;   {trampoline_stub}
  0x000000014baa51e0: 4800 0058 | 0001 1fd6 | 80b8 5747 | 0100 0000 

  0x000000014baa51f0: ;   {trampoline_stub}
  0x000000014baa51f0: 4800 0058 | 0001 1fd6 | 80b8 5747 | 0100 0000 

  0x000000014baa5200: ;   {trampoline_stub}
  0x000000014baa5200: 4800 0058 | 0001 1fd6 | 80b8 5747 | 0100 0000 

  0x000000014baa5210: ;   {trampoline_stub}
  0x000000014baa5210: 4800 0058 | 0001 1fd6 | 80b8 5747 | 0100 0000 

  0x000000014baa5220: ;   {trampoline_stub}
  0x000000014baa5220: 4800 0058 | 0001 1fd6 | 80b8 5747 | 0100 0000 

  0x000000014baa5230: ;   {trampoline_stub}
  0x000000014baa5230: 4800 0058 | 0001 1fd6 | 80b8 5747 | 0100 0000 

  0x000000014baa5240: ;   {trampoline_stub}
  0x000000014baa5240: 4800 0058 | 0001 1fd6 | 80b8 5747 | 0100 0000 

  0x000000014baa5250: ;   {trampoline_stub}
  0x000000014baa5250: 4800 0058 | 0001 1fd6 | 80b8 5747 | 0100 0000 

  0x000000014baa5260: ;   {trampoline_stub}
  0x000000014baa5260: 4800 0058 | 0001 1fd6 | 80b8 5747 | 0100 0000 

  0x000000014baa5270: ;   {trampoline_stub}
  0x000000014baa5270: 4800 0058 | 0001 1fd6 | 80b8 5747 | 0100 0000 

  0x000000014baa5280: ;   {trampoline_stub}
  0x000000014baa5280: 4800 0058 | 0001 1fd6 | 80b8 5747 | 0100 0000 

  0x000000014baa5290: ;   {trampoline_stub}
  0x000000014baa5290: 4800 0058 | 0001 1fd6 | 80b8 5747 | 0100 0000 

  0x000000014baa52a0: ;   {trampoline_stub}
  0x000000014baa52a0: 4800 0058 | 0001 1fd6 | 80b8 5747 | 0100 0000 

  0x000000014baa52b0: ;   {trampoline_stub}
  0x000000014baa52b0: 4800 0058 | 0001 1fd6 | 80b8 5747 | 0100 0000 

  0x000000014baa52c0: ;   {trampoline_stub}
  0x000000014baa52c0: 4800 0058 | 0001 1fd6 | 80b8 5747 | 0100 0000 

  0x000000014baa52d0: ;   {trampoline_stub}
  0x000000014baa52d0: 4800 0058 | 0001 1fd6 | 80b8 5747 | 0100 0000 

  0x000000014baa52e0: ;   {trampoline_stub}
  0x000000014baa52e0: 4800 0058 | 0001 1fd6 | 80b8 5747 | 0100 0000 

  0x000000014baa52f0: ;   {trampoline_stub}
  0x000000014baa52f0: 4800 0058 | 0001 1fd6 | 80b8 5747 | 0100 0000 

  0x000000014baa5300: ;   {trampoline_stub}
  0x000000014baa5300: 4800 0058 | 0001 1fd6 | 80b8 5747 | 0100 0000 

  0x000000014baa5310: ;   {trampoline_stub}
  0x000000014baa5310: 4800 0058 | 0001 1fd6 | 80b8 5747 | 0100 0000 

  0x000000014baa5320: ;   {trampoline_stub}
  0x000000014baa5320: 4800 0058 | 0001 1fd6 | 80b8 5747 | 0100 0000 

  0x000000014baa5330: ;   {trampoline_stub}
  0x000000014baa5330: 4800 0058 | 0001 1fd6 | 80b8 5747 | 0100 0000 

  0x000000014baa5340: ;   {trampoline_stub}
  0x000000014baa5340: 4800 0058 | 0001 1fd6 | 80b8 5747 | 0100 0000 

  0x000000014baa5350: ;   {trampoline_stub}
  0x000000014baa5350: 4800 0058 | 0001 1fd6 | 80b8 5747 | 0100 0000 

  0x000000014baa5360: ;   {trampoline_stub}
  0x000000014baa5360: 4800 0058 | 0001 1fd6 | 80b8 5747 | 0100 0000 

  0x000000014baa5370: ;   {trampoline_stub}
  0x000000014baa5370: 4800 0058 | 0001 1fd6 | 80b8 5747 | 0100 0000 

  0x000000014baa5380: ;   {trampoline_stub}
  0x000000014baa5380: 4800 0058 | 0001 1fd6 | 80b8 5747 | 0100 0000 

  0x000000014baa5390: ;   {trampoline_stub}
  0x000000014baa5390: 4800 0058 | 0001 1fd6 | 80b8 5747 | 0100 0000 

  0x000000014baa53a0: ;   {trampoline_stub}
  0x000000014baa53a0: 4800 0058 | 0001 1fd6 | 80b8 5747 | 0100 0000 

  0x000000014baa53b0: ;   {trampoline_stub}
  0x000000014baa53b0: 4800 0058 | 0001 1fd6 | 80b8 5747 | 0100 0000 

  0x000000014baa53c0: ;   {trampoline_stub}
  0x000000014baa53c0: 4800 0058 | 0001 1fd6 | 004f 5747 | 0100 0000 

  0x000000014baa53d0: ;   {static_stub}
  0x000000014baa53d0: df3f 03d5 

  0x000000014baa53d4: ;   {metadata(NULL)}
  0x000000014baa53d4: 0c00 80d2 | 0c00 a0f2 | 0c00 c0f2 | 0800 80d2 | 0800 a0f2 | 0800 c0f2 | 0001 1fd6 

  0x000000014baa53f0: ;   {trampoline_stub}
  0x000000014baa53f0: 4800 0058 | 0001 1fd6 | 80b8 5747 | 0100 0000 

  0x000000014baa5400: ;   {trampoline_stub}
  0x000000014baa5400: 4800 0058 | 0001 1fd6 | 80b8 5747 | 0100 0000 

  0x000000014baa5410: ;   {trampoline_stub}
  0x000000014baa5410: 4800 0058 | 0001 1fd6 | 80b8 5747 | 0100 0000 

  0x000000014baa5420: ;   {trampoline_stub}
  0x000000014baa5420: 4800 0058 | 0001 1fd6 | 80b8 5747 | 0100 0000 

  0x000000014baa5430: ;   {trampoline_stub}
  0x000000014baa5430: 4800 0058 | 0001 1fd6 | 80b8 5747 | 0100 0000 

  0x000000014baa5440: ;   {trampoline_stub}
  0x000000014baa5440: 4800 0058 | 0001 1fd6 | 004f 5747 | 0100 0000 

  0x000000014baa5450: ;   {static_stub}
  0x000000014baa5450: df3f 03d5 

  0x000000014baa5454: ;   {metadata(NULL)}
  0x000000014baa5454: 0c00 80d2 | 0c00 a0f2 | 0c00 c0f2 | 0800 80d2 | 0800 a0f2 | 0800 c0f2 | 0001 1fd6 

  0x000000014baa5470: ;   {trampoline_stub}
  0x000000014baa5470: 4800 0058 | 0001 1fd6 | 80b8 5747 | 0100 0000 

  0x000000014baa5480: ;   {trampoline_stub}
  0x000000014baa5480: 4800 0058 | 0001 1fd6 | 80b8 5747 | 0100 0000 

  0x000000014baa5490: ;   {trampoline_stub}
  0x000000014baa5490: 4800 0058 | 0001 1fd6 | 80b8 5747 | 0100 0000 

  0x000000014baa54a0: ;   {trampoline_stub}
  0x000000014baa54a0: 4800 0058 | 0001 1fd6 | 80b8 5747 | 0100 0000 

  0x000000014baa54b0: ;   {trampoline_stub}
  0x000000014baa54b0: 4800 0058 | 0001 1fd6 | 80b8 5747 | 0100 0000 

  0x000000014baa54c0: ;   {trampoline_stub}
  0x000000014baa54c0: 4800 0058 | 0001 1fd6 | 80b8 5747 | 0100 0000 

  0x000000014baa54d0: ;   {trampoline_stub}
  0x000000014baa54d0: 4800 0058 | 0001 1fd6 | 80b8 5747 | 0100 0000 

  0x000000014baa54e0: ;   {trampoline_stub}
  0x000000014baa54e0: 4800 0058 | 0001 1fd6 | 80b8 5747 | 0100 0000 

  0x000000014baa54f0: ;   {trampoline_stub}
  0x000000014baa54f0: 4800 0058 | 0001 1fd6 | 80b8 5747 | 0100 0000 

  0x000000014baa5500: ;   {trampoline_stub}
  0x000000014baa5500: 4800 0058 | 0001 1fd6 | 80b8 5747 | 0100 0000 

  0x000000014baa5510: ;   {trampoline_stub}
  0x000000014baa5510: 4800 0058 | 0001 1fd6 | 80b8 5747 | 0100 0000 

  0x000000014baa5520: ;   {trampoline_stub}
  0x000000014baa5520: 4800 0058 | 0001 1fd6 | 80b8 5747 | 0100 0000 

  0x000000014baa5530: ;   {trampoline_stub}
  0x000000014baa5530: 4800 0058 | 0001 1fd6 | 80b8 5747 | 0100 0000 

  0x000000014baa5540: ;   {trampoline_stub}
  0x000000014baa5540: 4800 0058 | 0001 1fd6 | 80b8 5747 | 0100 0000 

  0x000000014baa5550: ;   {trampoline_stub}
  0x000000014baa5550: 4800 0058 | 0001 1fd6 | 80b8 5747 | 0100 0000 

  0x000000014baa5560: ;   {trampoline_stub}
  0x000000014baa5560: 4800 0058 | 0001 1fd6 | 80b8 5747 | 0100 0000 

  0x000000014baa5570: ;   {trampoline_stub}
  0x000000014baa5570: 4800 0058 | 0001 1fd6 | 80b8 5747 | 0100 0000 

  0x000000014baa5580: ;   {trampoline_stub}
  0x000000014baa5580: 4800 0058 | 0001 1fd6 | 80b8 5747 | 0100 0000 

  0x000000014baa5590: ;   {trampoline_stub}
  0x000000014baa5590: 4800 0058 | 0001 1fd6 | 80b8 5747 | 0100 0000 

  0x000000014baa55a0: ;   {trampoline_stub}
  0x000000014baa55a0: 4800 0058 | 0001 1fd6 | 80b8 5747 | 0100 0000 

  0x000000014baa55b0: ;   {trampoline_stub}
  0x000000014baa55b0: 4800 0058 | 0001 1fd6 | 80b8 5747 | 0100 0000 

  0x000000014baa55c0: ;   {trampoline_stub}
  0x000000014baa55c0: 4800 0058 | 0001 1fd6 | 80b8 5747 | 0100 0000 

  0x000000014baa55d0: ;   {trampoline_stub}
  0x000000014baa55d0: 4800 0058 | 0001 1fd6 | 80b8 5747 | 0100 0000 

  0x000000014baa55e0: ;   {trampoline_stub}
  0x000000014baa55e0: 4800 0058 | 0001 1fd6 | 80b8 5747 | 0100 0000 

  0x000000014baa55f0: ;   {trampoline_stub}
  0x000000014baa55f0: 4800 0058 | 0001 1fd6 | 80b8 5747 | 0100 0000 

  0x000000014baa5600: ;   {trampoline_stub}
  0x000000014baa5600: 4800 0058 | 0001 1fd6 | 80b8 5747 | 0100 0000 

  0x000000014baa5610: ;   {trampoline_stub}
  0x000000014baa5610: 4800 0058 | 0001 1fd6 | 80b8 5747 | 0100 0000 

  0x000000014baa5620: ;   {trampoline_stub}
  0x000000014baa5620: 4800 0058 | 0001 1fd6 | 80b8 5747 | 0100 0000 

  0x000000014baa5630: ;   {trampoline_stub}
  0x000000014baa5630: 4800 0058 | 0001 1fd6 | 80b8 5747 | 0100 0000 

  0x000000014baa5640: ;   {trampoline_stub}
  0x000000014baa5640: 4800 0058 | 0001 1fd6 | 80b8 5747 | 0100 0000 

  0x000000014baa5650: ;   {trampoline_stub}
  0x000000014baa5650: 4800 0058 | 0001 1fd6 | 80b8 5747 | 0100 0000 

  0x000000014baa5660: ;   {trampoline_stub}
  0x000000014baa5660: 4800 0058 | 0001 1fd6 | 80b8 5747 | 0100 0000 

  0x000000014baa5670: ;   {trampoline_stub}
  0x000000014baa5670: 4800 0058 | 0001 1fd6 | 80b8 5747 | 0100 0000 

  0x000000014baa5680: ;   {trampoline_stub}
  0x000000014baa5680: 4800 0058 | 0001 1fd6 | 80b8 5747 | 0100 0000 

  0x000000014baa5690: ;   {trampoline_stub}
  0x000000014baa5690: 4800 0058 | 0001 1fd6 | 80b8 5747 | 0100 0000 

  0x000000014baa56a0: ;   {trampoline_stub}
  0x000000014baa56a0: 4800 0058 | 0001 1fd6 | 80b8 5747 | 0100 0000 

  0x000000014baa56b0: ;   {trampoline_stub}
  0x000000014baa56b0: 4800 0058 | 0001 1fd6 | 80b8 5747 | 0100 0000 

  0x000000014baa56c0: ;   {trampoline_stub}
  0x000000014baa56c0: 4800 0058 | 0001 1fd6 | 80b8 5747 | 0100 0000 

  0x000000014baa56d0: ;   {trampoline_stub}
  0x000000014baa56d0: 4800 0058 | 0001 1fd6 | 80b8 5747 | 0100 0000 

  0x000000014baa56e0: ;   {trampoline_stub}
  0x000000014baa56e0: 4800 0058 | 0001 1fd6 | 80b8 5747 | 0100 0000 

  0x000000014baa56f0: ;   {trampoline_stub}
  0x000000014baa56f0: 4800 0058 | 0001 1fd6 | 80b8 5747 | 0100 0000 

  0x000000014baa5700: ;   {trampoline_stub}
  0x000000014baa5700: 4800 0058 | 0001 1fd6 | 80b8 5747 | 0100 0000 

  0x000000014baa5710: ;   {trampoline_stub}
  0x000000014baa5710: 4800 0058 | 0001 1fd6 | 80b8 5747 | 0100 0000 

  0x000000014baa5720: ;   {trampoline_stub}
  0x000000014baa5720: 4800 0058 | 0001 1fd6 | 80b8 5747 | 0100 0000 

  0x000000014baa5730: ;   {trampoline_stub}
  0x000000014baa5730: 4800 0058 | 0001 1fd6 | 80b8 5747 | 0100 0000 

  0x000000014baa5740: ;   {trampoline_stub}
  0x000000014baa5740: 4800 0058 | 0001 1fd6 | 80b8 5747 | 0100 0000 

  0x000000014baa5750: ;   {trampoline_stub}
  0x000000014baa5750: 4800 0058 | 0001 1fd6 | 80b8 5747 | 0100 0000 

  0x000000014baa5760: ;   {trampoline_stub}
  0x000000014baa5760: 4800 0058 | 0001 1fd6 | 80b8 5747 | 0100 0000 

  0x000000014baa5770: ;   {trampoline_stub}
  0x000000014baa5770: 4800 0058 | 0001 1fd6 | 80b8 5747 | 0100 0000 

  0x000000014baa5780: ;   {trampoline_stub}
  0x000000014baa5780: 4800 0058 | 0001 1fd6 | 80b8 5747 | 0100 0000 

  0x000000014baa5790: ;   {trampoline_stub}
  0x000000014baa5790: 4800 0058 | 0001 1fd6 | 80b8 5747 | 0100 0000 

  0x000000014baa57a0: ;   {trampoline_stub}
  0x000000014baa57a0: 4800 0058 | 0001 1fd6 | 80b8 5747 | 0100 0000 

  0x000000014baa57b0: ;   {trampoline_stub}
  0x000000014baa57b0: 4800 0058 | 0001 1fd6 | 80b8 5747 | 0100 0000 

  0x000000014baa57c0: ;   {trampoline_stub}
  0x000000014baa57c0: 4800 0058 | 0001 1fd6 | 80b8 5747 | 0100 0000 

  0x000000014baa57d0: ;   {trampoline_stub}
  0x000000014baa57d0: 4800 0058 | 0001 1fd6 | 80b8 5747 | 0100 0000 

  0x000000014baa57e0: ;   {trampoline_stub}
  0x000000014baa57e0: 4800 0058 | 0001 1fd6 | 80b8 5747 | 0100 0000 

  0x000000014baa57f0: ;   {trampoline_stub}
  0x000000014baa57f0: 4800 0058 | 0001 1fd6 | 80b8 5747 | 0100 0000 

  0x000000014baa5800: ;   {trampoline_stub}
  0x000000014baa5800: 4800 0058 | 0001 1fd6 | 80b8 5747 | 0100 0000 

  0x000000014baa5810: ;   {trampoline_stub}
  0x000000014baa5810: 4800 0058 | 0001 1fd6 | 80b8 5747 | 0100 0000 

  0x000000014baa5820: ;   {trampoline_stub}
  0x000000014baa5820: 4800 0058 | 0001 1fd6 | 80b8 5747 | 0100 0000 

  0x000000014baa5830: ;   {trampoline_stub}
  0x000000014baa5830: 4800 0058 | 0001 1fd6 | 80b8 5747 | 0100 0000 

  0x000000014baa5840: ;   {trampoline_stub}
  0x000000014baa5840: 4800 0058 | 0001 1fd6 | 80b8 5747 | 0100 0000 

  0x000000014baa5850: ;   {trampoline_stub}
  0x000000014baa5850: 4800 0058 | 0001 1fd6 | 80b8 5747 | 0100 0000 

  0x000000014baa5860: ;   {trampoline_stub}
  0x000000014baa5860: 4800 0058 | 0001 1fd6 | 80b8 5747 | 0100 0000 

  0x000000014baa5870: ;   {trampoline_stub}
  0x000000014baa5870: 4800 0058 | 0001 1fd6 | 80b8 5747 | 0100 0000 

  0x000000014baa5880: ;   {trampoline_stub}
  0x000000014baa5880: 4800 0058 | 0001 1fd6 | 80b8 5747 | 0100 0000 

  0x000000014baa5890: ;   {trampoline_stub}
  0x000000014baa5890: 4800 0058 | 0001 1fd6 | 80b8 5747 | 0100 0000 

  0x000000014baa58a0: ;   {trampoline_stub}
  0x000000014baa58a0: 4800 0058 | 0001 1fd6 | 80b8 5747 | 0100 0000 

  0x000000014baa58b0: ;   {trampoline_stub}
  0x000000014baa58b0: 4800 0058 | 0001 1fd6 | 80b8 5747 | 0100 0000 

  0x000000014baa58c0: ;   {trampoline_stub}
  0x000000014baa58c0: 4800 0058 | 0001 1fd6 | 80b8 5747 | 0100 0000 

  0x000000014baa58d0: ;   {trampoline_stub}
  0x000000014baa58d0: 4800 0058 | 0001 1fd6 | 80b8 5747 | 0100 0000 

  0x000000014baa58e0: ;   {trampoline_stub}
  0x000000014baa58e0: 4800 0058 | 0001 1fd6 | 80b8 5747 | 0100 0000 

  0x000000014baa58f0: ;   {trampoline_stub}
  0x000000014baa58f0: 4800 0058 | 0001 1fd6 | 80b8 5747 | 0100 0000 

  0x000000014baa5900: ;   {trampoline_stub}
  0x000000014baa5900: 4800 0058 | 0001 1fd6 | 80b8 5747 | 0100 0000 

  0x000000014baa5910: ;   {trampoline_stub}
  0x000000014baa5910: 4800 0058 | 0001 1fd6 | 80b8 5747 | 0100 0000 

  0x000000014baa5920: ;   {trampoline_stub}
  0x000000014baa5920: 4800 0058 | 0001 1fd6 | 80b8 5747 | 0100 0000 

  0x000000014baa5930: ;   {trampoline_stub}
  0x000000014baa5930: 4800 0058 | 0001 1fd6 | 80b8 5747 | 0100 0000 

  0x000000014baa5940: ;   {trampoline_stub}
  0x000000014baa5940: 4800 0058 | 0001 1fd6 | 80b8 5747 | 0100 0000 

  0x000000014baa5950: ;   {trampoline_stub}
  0x000000014baa5950: 4800 0058 | 0001 1fd6 | 80b8 5747 | 0100 0000 

  0x000000014baa5960: ;   {trampoline_stub}
  0x000000014baa5960: 4800 0058 | 0001 1fd6 | 80b8 5747 | 0100 0000 
[Exception Handler]
  0x000000014baa5970: ;   {runtime_call ExceptionBlob}
  0x000000014baa5970: 64f7 ed16 
[Deopt Handler Code]
  0x000000014baa5974: 1e00 0010 

  0x000000014baa5978: ;   {runtime_call DeoptimizationBlob}
  0x000000014baa5978: f256 eb16 | 0000 0000 
[/MachCode]


Compiled method (c2) 987796 267969       4       net.minecraft.class_1041::method_15998 (35 bytes)
 total in heap  [0x000000014accf090,0x000000014acd05e0] = 5456
 relocation     [0x000000014accf1e8,0x000000014accf350] = 360
 main code      [0x000000014accf380,0x000000014accfc00] = 2176
 stub code      [0x000000014accfc00,0x000000014accfe40] = 576
 oops           [0x000000014accfe40,0x000000014accfe88] = 72
 metadata       [0x000000014accfe88,0x000000014acd0018] = 400
 scopes data    [0x000000014acd0018,0x000000014acd02e0] = 712
 scopes pcs     [0x000000014acd02e0,0x000000014acd04a0] = 448
 dependencies   [0x000000014acd04a0,0x000000014acd0510] = 112
 handler table  [0x000000014acd0510,0x000000014acd05b8] = 168
 nul chk table  [0x000000014acd05b8,0x000000014acd05e0] = 40

[Constant Pool (empty)]

[MachCode]
[Entry Point]
  # {method} {0x000000033519cb60} 'method_15998' '()V' in 'net/minecraft/class_1041'
  #           [sp+0x50]  (sp of caller)
  0x000000014accf380: 2808 40b9 | 3f01 086b | 4000 0054 

  0x000000014accf38c: ;   {runtime_call ic_miss_stub}
  0x000000014accf38c: 1d96 2217 
[Verified Entry Point]
  0x000000014accf390: 1f20 03d5 | e953 40d1 | 3f01 00f9 | ff43 01d1 | fd7b 04a9 

  0x000000014accf3a4: ;   {oop(a 'java/util/concurrent/ConcurrentLinkedQueue'{0x00000007175e61b0})}
  0x000000014accf3a4: 0b36 8cd2 | cbeb a2f2 | eb00 c0f2 

  0x000000014accf3b0: ;   {oop(a 'java/util/concurrent/ConcurrentLinkedQueue'{0x00000007175e61b0})}
  0x000000014accf3b0: 0a36 8cd2 | caeb a2f2 | ea00 c0f2 | 7731 0091 | f4fe df88 | ec03 0032 

  0x000000014accf3c8: ;   {oop(a 'java/lang/Class'{0x00000007175e43a8} = 'com/mojang/blaze3d/systems/RenderSystem')}
  0x000000014accf3c8: 0a75 88d2 | caeb a2f2 | ea00 c0f2 | 4c15 0439 | 96f2 7dd3 | f303 01aa | 3908 40f9 | f503 16aa 
  0x000000014accf3e8: d531 00b4 | aa32 0091 | 4afd df88 | 5af1 7dd3 | ba00 00b5 | aa42 0091 | 4bfd df88 | 6af1 7dd3 
  0x000000014accf408: aa1b 00b5 | df02 15eb | 4005 0054 | 8be3 c039 | eb1f 0035 | aafe 43d3 | e803 14aa | eafe e888 
  0x000000014accf428: 1f01 146b | f817 9f9a | d801 0034 | ea03 17aa | eb03 15aa | 6b01 0aca | 6bfd 55d3 | 2b01 00b4 
  0x000000014accf448: 4afd 49d3 | 0b00 98d2 | 0b16 a1f2 | 2b00 c0f2 | 6001 0a8b | 0a00 c039 | 5f11 0071 | 8122 0054 
  0x000000014accf468: 9802 0034 | 362e 00b4 | bf3b 03d5 | 8be3 c039 | d542 0091 | eb1d 0035 | ea03 15aa | eb03 16aa 
  0x000000014accf488: 6b01 0aca | 6bfd 55d3 | b402 00b9 | 2b01 00b4 | 4afd 49d3 | 0b00 98d2 | 0b16 a1f2 | 2b00 c0f2 
  0x000000014accf4a8: 6001 0a8b | 0b00 c039 | 7f11 0071 | 811d 0054 | 1a0a 00b5 

  0x000000014accf4bc: ;   {oop(a 'net/minecraft/class_289'{0x00000007175e5348})}
  0x000000014accf4bc: 0a69 8ad2 | caeb a2f2 | ea00 c0f2 | 4a0d 40b9 | 4cf1 7dd3 

  0x000000014accf4d0: ;   {oop(a 'java/lang/Class'{0x00000007175e43a8} = 'com/mojang/blaze3d/systems/RenderSystem')}
  0x000000014accf4d0: 0a75 88d2 | caeb a2f2 | ea00 c0f2 | 5d11 4439 | 5f15 0439 | 3d2b 0035 

  0x000000014accf4e8: ; implicit exception: dispatches to 0x000000014accfb74
  0x000000014accf4e8: 8a21 40b9 | 8b85 40b9 | 7df1 7dd3 | 5f01 0071 | ec2a 0054 | 9ffd 0829 | 9f21 00b9 

  0x000000014accf504: ; implicit exception: dispatches to 0x000000014accfb84
  0x000000014accf504: bf2b 00b9 | 192b 00b4 | e103 19aa | f303 00f9 | 023a 83d2 | 02c2 a0f2 | 2200 c0f2 

  0x000000014accf520: ;   {oop(a 'java/lang/Class'{0x0000000712cdcee8} = 'net/minecraft/class_156')}
  0x000000014accf520: 1ddd 99d2 | bd59 a2f2 | fd00 c0f2 

  0x000000014accf52c: ; ImmutableOopMap {rfp=Oop [0]=Oop }
                      ;*invokestatic invokePV {reexecute=0 rethrow=0 return_oop=0}
                      ; - org.lwjgl.glfw.GLFW::glfwSwapBuffers@17 (line 4901)
                      ; - com.mojang.blaze3d.systems.RenderSystem::flipFrame@16 (line 218)
                      ; - net.minecraft.class_1041::method_15998@4 (line 288)
                      ;   {static_call}
  0x000000014accf52c: 293c 3f97 | ab8b 40b9 | 7df1 7dd3 

  0x000000014accf538: ; implicit exception: dispatches to 0x000000014accfb7c
  0x000000014accf538: aa0b 40b9 

  0x000000014accf53c: ;   {metadata('com/mojang/blaze3d/systems/RenderSystem$$Lambda$22447+0x0000007003d8c978')}
  0x000000014accf53c: 0c7b a0d2 | 0c2f 99f2 | 5f01 0c6b | 0127 0054 | ab0f 40b9 | 61f1 7dd3 | 09ea 98d2 | 097b a0f2 
  0x000000014accf55c: 090e c0f2 

  0x000000014accf560: ; ImmutableOopMap {[0]=Oop }
                      ;*invokeinterface getAsLong {reexecute=0 rethrow=0 return_oop=0}
                      ; - com.mojang.blaze3d.systems.RenderSystem$$Lambda$22447/0x0000007003d8c978::getAsLong@4
                      ; - net.minecraft.class_156::method_648@3 (line 126)
                      ; - net.minecraft.class_156::method_658@0 (line 122)
                      ; - com.mojang.blaze3d.systems.RenderSystem::pollEvents@3 (line 199)
                      ; - com.mojang.blaze3d.systems.RenderSystem::flipFrame@19 (line 219)
                      ; - net.minecraft.class_1041::method_15998@4 (line 288)
                      ;   {virtual_call}
  0x000000014accf560: 08a0 6c97 | 6a9b 86d2 | caf6 baf2 | 4ad0 dbf2 | 6a63 e8f2 | 0a7c 4a9b | 4afd 5293 

  0x000000014accf57c: ;   {oop(a 'java/util/concurrent/atomic/AtomicLong'{0x00000007175e5948})}
  0x000000014accf57c: 0b29 8bd2 | cbeb a2f2 | eb00 c0f2 | 4afd 80cb | 6b41 0091 | 6afd 9fc8 

  0x000000014accf594: ;   {oop(a 'java/util/concurrent/atomic/AtomicBoolean'{0x00000007175e5938})}
  0x000000014accf594: 1d27 8bd2 | ddeb a2f2 | fd00 c0f2 | ec03 0032 | aa33 0091 | 4cfd 9f88 | 815f 90d2 | 01c2 a0f2 
  0x000000014accf5b4: 2100 c0f2 

  0x000000014accf5b8: ; ImmutableOopMap {rfp=Oop [0]=Oop }
                      ;*invokestatic invokeV {reexecute=0 rethrow=0 return_oop=0}
                      ; - org.lwjgl.glfw.GLFW::glfwPollEvents@5 (line 3403)
                      ; - com.mojang.blaze3d.systems.RenderSystem::pollEvents@16 (line 201)
                      ; - com.mojang.blaze3d.systems.RenderSystem::flipFrame@19 (line 219)
                      ; - net.minecraft.class_1041::method_15998@4 (line 288)
                      ;   {static_call}
  0x000000014accf5b8: 462a 6e97 | aa33 0091 | 5ffd 9f88 | ea03 40f9 | 4c41 4139 | 4b45 4139 | 7f01 0c6b | c119 0054 
  0x000000014accf5d8: fd7b 44a9 | ff43 0191 

  0x000000014accf5e0: ;   {poll_return}
  0x000000014accf5e0: 88a7 41f9 | ff63 28eb | a82f 0054 | c003 5fd6 | f303 40f9 | f90b 40f9 | f35f 00a9 | f90b 00f9 
  0x000000014accf600: ;   {oop(a 'java/util/concurrent/ConcurrentLinkedQueue'{0x00000007175e61b0})}
  0x000000014accf600: 0136 8cd2 | c1eb a2f2 | e100 c0f2 

  0x000000014accf60c: ;   {oop(a 'java/util/concurrent/ConcurrentLinkedQueue'{0x00000007175e61b0})}
  0x000000014accf60c: 1d36 8cd2 | ddeb a2f2 | fd00 c0f2 

  0x000000014accf618: ; ImmutableOopMap {rfp=Oop [0]=Oop [8]=Derived_oop_rfp }
                      ;*invokevirtual poll {reexecute=0 rethrow=0 return_oop=1}
                      ; - com.mojang.blaze3d.systems.RenderSystem::replayQueue@16 (line 225)
                      ; - com.mojang.blaze3d.systems.RenderSystem::flipFrame@3 (line 213)
                      ; - net.minecraft.class_1041::method_15998@4 (line 288)
                      ;   {optimized virtual_call}
  0x000000014accf618: 3a96 2297 | ed03 00aa 

  0x000000014accf620: ; implicit exception: dispatches to 0x000000014accfb94
  0x000000014accf620: 0a08 40b9 | 4409 5cd2 | 8a10 40f9 

  0x000000014accf62c: ;   {metadata('net/minecraft/class_4573')}
  0x000000014accf62c: 0b02 84d2 | cb77 a0f2 | 0b0e c0f2 | 5f01 0beb | 210b 0054 | ab09 40b9 

  0x000000014accf644: ;   {metadata('me/shedaniel/rei/impl/client/REIRuntimeImpl$$Lambda$31072+0x0000007004bc2cc0')}
  0x000000014accf644: 8a97 a0d2 | 0a98 85f2 | 7f01 0a6b | 0001 0054 

  0x000000014accf654: ;   {metadata('net/minecraft/class_1071$$Lambda$32419+0x0000007004db72d8')}
  0x000000014accf654: 6c9b a0d2 | 0c5b 8ef2 | 7f01 0c6b | e125 0054 | e103 0daa 

  0x000000014accf668: ; ImmutableOopMap {rfp=Oop [0]=Oop [8]=Derived_oop_rfp }
                      ;*invokeinterface execute {reexecute=0 rethrow=0 return_oop=0}
                      ; - com.mojang.blaze3d.systems.RenderSystem::replayQueue@24 (line 226)
                      ; - com.mojang.blaze3d.systems.RenderSystem::flipFrame@3 (line 213)
                      ; - net.minecraft.class_1041::method_15998@4 (line 288)
                      ;   {optimized virtual_call}
  0x000000014accf668: 2696 2297 | 0200 0014 

  0x000000014accf670: ; ImmutableOopMap {rfp=Oop [0]=Oop [8]=Derived_oop_rfp }
                      ;*invokestatic refresh {reexecute=0 rethrow=0 return_oop=0}
                      ; - me.shedaniel.rei.impl.client.REIRuntimeImpl$$Lambda$31072/0x0000007004bc2cc0::execute@0
                      ; - com.mojang.blaze3d.systems.RenderSystem::replayQueue@24 (line 226)
                      ; - com.mojang.blaze3d.systems.RenderSystem::flipFrame@3 (line 213)
                      ; - net.minecraft.class_1041::method_15998@4 (line 288)
                      ;   {static_call}
  0x000000014accf670: a497 2297 | 8aab 41f9 | f707 40f9 | f4fe df88 

  0x000000014accf680: ;   {oop(a 'java/util/concurrent/ConcurrentLinkedQueue'{0x00000007175e61b0})}
  0x000000014accf680: 0b36 8cd2 | cbeb a2f2 

  0x000000014accf688: ; ImmutableOopMap {r11=Oop resp=NarrowOop r23=Derived_oop_r11 [0]=Oop [8]=Derived_oop_r11 }
                      ;*goto {reexecute=1 rethrow=0 return_oop=0}
                      ; - (reexecute) com.mojang.blaze3d.systems.RenderSystem::replayQueue@29 (line 227)
                      ; - com.mojang.blaze3d.systems.RenderSystem::flipFrame@3 (line 213)
                      ; - net.minecraft.class_1041::method_15998@4 (line 288)
  0x000000014accf688: eb00 c0f2 

  0x000000014accf68c: ;   {poll}
  0x000000014accf68c: 5f01 40b9 | 8df2 7dd3 | ea03 0daa | ee03 0aaa | 6a21 00b4 | 4a31 0091 | 4afd df88 | 58f1 7dd3 
  0x000000014accf6ac: b800 00b5 | ca41 0091 | 4bfd df88 | 7df1 7dd3 | bd09 00b5 | bf01 0eeb | 4005 0054 | 8ae3 c039 
  0x000000014accf6cc: aa12 0035 | cbfd 43d3 | e803 14aa | ebfe e888 | 1f01 146b | f617 9f9a | d601 0034 | ea03 17aa 
  0x000000014accf6ec: eb03 0eaa | 6b01 0aca | 6bfd 55d3 | 2b01 00b4 | 4afd 49d3 | 0b00 98d2 | 0b16 a1f2 | 2b00 c0f2 
  0x000000014accf70c: 6001 0a8b | 0b00 c039 | 7f11 0071 | 4115 0054 | 9602 0034 | 8d1d 00b4 | bf3b 03d5 | 8ae3 c039 
  0x000000014accf72c: b641 0091 | aa10 0035 | ea03 16aa | eb03 0daa | 6b01 0aca | 6bfd 55d3 | d402 00b9 | 2b01 00b4 
  0x000000014accf74c: 4afd 49d3 | 0b00 98d2 | 0b16 a1f2 | 2b00 c0f2 | 6001 0a8b | 0a00 c039 | 5f11 0071 | 4110 0054 
  0x000000014accf76c: 38f4 ffb5 | f303 40f9 | f90b 40f9 | 51ff ff17 | bf02 0aeb | 801e 0054 | 8eab 41f9 

  0x000000014accf788: ;   {oop(a 'java/util/concurrent/ConcurrentLinkedQueue'{0x00000007175e61b0})}
  0x000000014accf788: 0f36 8cd2 | cfeb a2f2 

  0x000000014accf790: ; ImmutableOopMap {r10=Oop r15=Oop r19=Oop resp=NarrowOop rbcp=Oop r23=Derived_oop_r15 }
                      ;*goto {reexecute=1 rethrow=0 return_oop=0}
                      ; - (reexecute) java.util.concurrent.ConcurrentLinkedQueue::first@62
                      ; - java.util.concurrent.ConcurrentLinkedQueue::isEmpty@1
                      ; - com.mojang.blaze3d.systems.RenderSystem::replayQueue@7 (line 224)
                      ; - com.mojang.blaze3d.systems.RenderSystem::flipFrame@3 (line 213)
                      ; - net.minecraft.class_1041::method_15998@4 (line 288)
  0x000000014accf790: ef00 c0f2 

  0x000000014accf794: ;   {poll}
  0x000000014accf794: df01 40b9 | f503 0aaa | 13ff ff17 

  0x000000014accf7a0: ;   {metadata('net/minecraft/class_4573')}
  0x000000014accf7a0: 0002 84d2 | c077 a0f2 | 000e c0f2 | 8514 40f9 | a200 40b9 | a520 0091 | ff63 3feb | c200 00b4 
  0x000000014accf7c0: a884 40f8 | 1f00 08eb | 6000 0054 | 4204 00d1 | 82ff ffb5 | 6100 0054 | 8010 00f9 | e503 1faa 
  0x000000014accf7e0: 05f3 ffb4 | fd03 0daa | 2104 8012 

  0x000000014accf7ec: ; ImmutableOopMap {rfp=Oop }
                      ;*checkcast {reexecute=0 rethrow=0 return_oop=0}
                      ; - com.mojang.blaze3d.systems.RenderSystem::replayQueue@19 (line 225)
                      ; - com.mojang.blaze3d.systems.RenderSystem::flipFrame@3 (line 213)
                      ; - net.minecraft.class_1041::method_15998@4 (line 288)
                      ;   {runtime_call UncommonTrapBlob}
  0x000000014accf7ec: 25b0 2297 | df01 1deb | 801b 0054 | 8bab 41f9 

  0x000000014accf7fc: ;   {oop(a 'java/util/concurrent/ConcurrentLinkedQueue'{0x00000007175e61b0})}
  0x000000014accf7fc: 0c36 8cd2 | cceb a2f2 

  0x000000014accf804: ; ImmutableOopMap {r12=Oop r13=Oop resp=NarrowOop r23=Derived_oop_r12 rfp=Oop [0]=Oop }
                      ;*goto {reexecute=1 rethrow=0 return_oop=0}
                      ; - (reexecute) java.util.concurrent.ConcurrentLinkedQueue::first@62
                      ; - java.util.concurrent.ConcurrentLinkedQueue::isEmpty@1
                      ; - com.mojang.blaze3d.systems.RenderSystem::replayQueue@7 (line 224)
                      ; - com.mojang.blaze3d.systems.RenderSystem::flipFrame@3 (line 213)
                      ; - net.minecraft.class_1041::method_15998@4 (line 288)
  0x000000014accf804: ec00 c0f2 

  0x000000014accf808: ;   {poll}
  0x000000014accf808: 7f01 40b9 | ea03 1daa | a2ff ff17 | 56e0 ffb4 | 8a13 40f9 | 4a13 00b4 | 8b1b 40f9 | 4c21 00d1 
  0x000000014accf828: 6a01 0a8b | 5681 1ff8 | 8c13 00f9 | fafe ff17 | aa02 40b9 | 40f1 7dd3 | 00e2 ffb4 | 8a13 40f9 
  0x000000014accf848: 0a13 00b4 | 8b1b 40f9 | 4c21 00d1 | 6a01 0a8b | 4081 1ff8 | 8c13 00f9 | 08ff ff17 | 8a23 40f9 
  0x000000014accf868: 8b2b 40f9 | bf3b 03d5 | 0d00 c039 | 2de2 ff34 | 1f00 0039 | 2a01 00b5 | e103 1caa | c900 0010 
  0x000000014accf888: 8953 01f9 

  0x000000014accf88c: ;   {runtime_call G1BarrierSetRuntime::write_ref_field_post_entry(unsigned char volatile*, JavaThread*)}
  0x000000014accf88c: 0807 99d2 | 88c9 a0f2 | 2800 c0f2 | 0001 3fd6 | 07ff ff17 | 4c21 00d1 | 6a01 0a8b | 4081 1ff8 
  0x000000014accf8ac: 8c23 00f9 | 02ff ff17 | 8a23 40f9 | 8b2b 40f9 | bf3b 03d5 | 0c00 c039 | 2cdd ff34 | 1f00 0039 
  0x000000014accf8cc: 6a01 00b5 | e103 1caa | c900 0010 | 8953 01f9 

  0x000000014accf8dc: ;   {runtime_call G1BarrierSetRuntime::write_ref_field_post_entry(unsigned char volatile*, JavaThread*)}
  0x000000014accf8dc: 0807 99d2 | 88c9 a0f2 | 2800 c0f2 | 0001 3fd6 | fb03 16aa | f603 1baa | ddfe ff17 | 4c21 00d1 
  0x000000014accf8fc: 6a01 0a8b | 4081 1ff8 | 8c23 00f9 | d8fe ff17 | 4b41 0139 | 4251 4139 | e103 0aaa 

  0x000000014accf918: ; ImmutableOopMap {}
                      ;*invokevirtual method_4485 {reexecute=0 rethrow=0 return_oop=0}
                      ; - net.minecraft.class_1041::method_15998@31 (line 291)
                      ;   {optimized virtual_call}
  0x000000014accf918: 7a95 2297 | 2fff ff17 | 8ded ffb4 | 8a13 40f9 | 0a0e 00b4 | 8b1b 40f9 | 4c21 00d1 | 6a01 0a8b 
  0x000000014accf938: 4d81 1ff8 | 8c13 00f9 | 64ff ff17 | cb02 40b9 | 60f1 7dd3 | 40ef ffb4 | 8a13 40f9 | aa0e 00b4 
  0x000000014accf958: 8b1b 40f9 | 4c21 00d1 | 6a01 0a8b | 4081 1ff8 | 8c13 00f9 | 72ff ff17 | 8a23 40f9 | 8b2b 40f9 
  0x000000014accf978: bf3b 03d5 | 0c00 c039 | 6cef ff34 | 1f00 0039 | 2a01 00b5 | e103 1caa | c900 0010 | 8953 01f9 
  0x000000014accf998: ;   {runtime_call G1BarrierSetRuntime::write_ref_field_post_entry(unsigned char volatile*, JavaThread*)}
  0x000000014accf998: 0807 99d2 | 88c9 a0f2 | 2800 c0f2 | 0001 3fd6 | 71ff ff17 | 4c21 00d1 | 6a01 0a8b | 4081 1ff8 
  0x000000014accf9b8: 8c23 00f9 | 6cff ff17 | 8a23 40f9 | 8b2b 40f9 | bf3b 03d5 | 0f00 c039 | 6fea ff34 | 1f00 0039 
  0x000000014accf9d8: aa01 00b5 | f903 0eaa | f503 0daa | e103 1caa | c900 0010 | 8953 01f9 

  0x000000014accf9f0: ;   {runtime_call G1BarrierSetRuntime::write_ref_field_post_entry(unsigned char volatile*, JavaThread*)}
  0x000000014accf9f0: 0807 99d2 | 88c9 a0f2 | 2800 c0f2 | 0001 3fd6 | ed03 15aa | ee03 19aa | 45ff ff17 | 4c21 00d1 
  0x000000014accfa10: 6a01 0a8b | 4081 1ff8 | 8c23 00f9 | 40ff ff17 | 2101 8012 

  0x000000014accfa24: ; ImmutableOopMap {}
                      ;*getfield item {reexecute=1 rethrow=0 return_oop=0}
                      ; - (reexecute) java.util.concurrent.ConcurrentLinkedQueue::first@8
                      ; - java.util.concurrent.ConcurrentLinkedQueue::isEmpty@1
                      ; - com.mojang.blaze3d.systems.RenderSystem::replayQueue@7 (line 224)
                      ; - com.mojang.blaze3d.systems.RenderSystem::flipFrame@3 (line 213)
                      ; - net.minecraft.class_1041::method_15998@4 (line 288)
                      ;   {runtime_call UncommonTrapBlob}
  0x000000014accfa24: 97af 2297 | 2104 8012 

  0x000000014accfa2c: ; ImmutableOopMap {rfp=Oop [0]=Oop }
                      ;*invokeinterface getAsLong {reexecute=0 rethrow=0 return_oop=0}
                      ; - net.minecraft.class_156::method_648@3 (line 126)
                      ; - net.minecraft.class_156::method_658@0 (line 122)
                      ; - com.mojang.blaze3d.systems.RenderSystem::pollEvents@3 (line 199)
                      ; - com.mojang.blaze3d.systems.RenderSystem::flipFrame@19 (line 219)
                      ; - net.minecraft.class_1041::method_15998@4 (line 288)
                      ;   {runtime_call UncommonTrapBlob}
  0x000000014accfa2c: 95af 2297 | 5f03 1feb | fd07 9f9a | 6114 8012 | f55b 00a9 | f367 01a9 

  0x000000014accfa44: ; ImmutableOopMap {[0]=Oop [8]=Oop [16]=Oop }
                      ;*ifnonnull {reexecute=1 rethrow=0 return_oop=0}
                      ; - (reexecute) java.util.Objects::requireNonNull@1
                      ; - java.lang.invoke.VarHandleReferences$FieldInstanceReadWrite::setRelease@16
                      ; - java.lang.invoke.VarHandleGuards::guard_LL_V@45
                      ; - java.util.concurrent.ConcurrentLinkedQueue::updateHead@22
                      ; - java.util.concurrent.ConcurrentLinkedQueue::first@38
                      ; - java.util.concurrent.ConcurrentLinkedQueue::isEmpty@1
                      ; - com.mojang.blaze3d.systems.RenderSystem::replayQueue@7 (line 224)
                      ; - com.mojang.blaze3d.systems.RenderSystem::flipFrame@3 (line 213)
                      ; - net.minecraft.class_1041::method_15998@4 (line 288)
                      ;   {runtime_call UncommonTrapBlob}
  0x000000014accfa44: 8faf 2297 | f367 00a9 | 4117 8012 

  0x000000014accfa50: ; ImmutableOopMap {[0]=Oop }
                      ;*ifne {reexecute=1 rethrow=0 return_oop=0}
                      ; - (reexecute) com.mojang.blaze3d.systems.RenderSystem::assertOnGameThreadOrInit@3 (line 158)
                      ; - net.minecraft.class_289::method_1348@0 (line 14)
                      ; - com.mojang.blaze3d.systems.RenderSystem::flipFrame@6 (line 216)
                      ; - net.minecraft.class_1041::method_15998@4 (line 288)
                      ;   {runtime_call UncommonTrapBlob}
  0x000000014accfa50: 8caf 2297 | f933 00a9 | ea13 00b9 | fd03 13aa | 4117 8012 

  0x000000014accfa64: ; ImmutableOopMap {rfp=Oop [8]=Oop }
                      ;*ifle {reexecute=1 rethrow=0 return_oop=0}
                      ; - (reexecute) net.minecraft.class_287::method_1343@4 (line 381)
                      ; - com.mojang.blaze3d.systems.RenderSystem::flipFrame@12 (line 216)
                      ; - net.minecraft.class_1041::method_15998@4 (line 288)
                      ;   {runtime_call UncommonTrapBlob}
  0x000000014accfa64: 87af 2297 | f303 00f9 | 3f03 00f1 | fd07 9f1a | bda7 9d5a | f907 00f9 | 4117 8012 

  0x000000014accfa80: ; ImmutableOopMap {[0]=Oop }
                      ;*ifne {reexecute=1 rethrow=0 return_oop=0}
                      ; - (reexecute) org.lwjgl.system.Checks::check@3 (line 187)
                      ; - org.lwjgl.glfw.GLFW::glfwSwapBuffers@11 (line 4899)
                      ; - com.mojang.blaze3d.systems.RenderSystem::flipFrame@16 (line 218)
                      ; - net.minecraft.class_1041::method_15998@4 (line 288)
                      ;   {runtime_call UncommonTrapBlob}
  0x000000014accfa80: 80af 2297 | e103 1caa | e003 16aa | c900 0010 | 8953 01f9 

  0x000000014accfa94: ;   {runtime_call G1BarrierSetRuntime::write_ref_field_pre_entry(oopDesc*, JavaThread*)}
  0x000000014accfa94: 0800 99d2 | 88c9 a0f2 | 2800 c0f2 | 0001 3fd6 | 5efe ff17 | e103 1caa | c900 0010 | 8953 01f9 
  0x000000014accfab4: ;   {runtime_call G1BarrierSetRuntime::write_ref_field_pre_entry(oopDesc*, JavaThread*)}
  0x000000014accfab4: 0800 99d2 | 88c9 a0f2 | 2800 c0f2 | 0001 3fd6 | 6ffe ff17 | 2101 8012 

  0x000000014accfacc: ; ImmutableOopMap {}
                      ;*getfield item {reexecute=1 rethrow=0 return_oop=0}
                      ; - (reexecute) java.util.concurrent.ConcurrentLinkedQueue::first@8
                      ; - java.util.concurrent.ConcurrentLinkedQueue::isEmpty@1
                      ; - com.mojang.blaze3d.systems.RenderSystem::replayQueue@7 (line 224)
                      ; - com.mojang.blaze3d.systems.RenderSystem::flipFrame@3 (line 213)
                      ; - net.minecraft.class_1041::method_15998@4 (line 288)
                      ;   {runtime_call UncommonTrapBlob}
  0x000000014accfacc: 6daf 2297 | ed07 00f9 | ee0f 00f9 | 1f03 1feb | fd07 9f9a | 6114 8012 

  0x000000014accfae4: ; ImmutableOopMap {[0]=Oop [8]=Oop [24]=Oop }
                      ;*ifnonnull {reexecute=1 rethrow=0 return_oop=0}
                      ; - (reexecute) java.util.Objects::requireNonNull@1
                      ; - java.lang.invoke.VarHandleReferences$FieldInstanceReadWrite::setRelease@16
                      ; - java.lang.invoke.VarHandleGuards::guard_LL_V@45
                      ; - java.util.concurrent.ConcurrentLinkedQueue::updateHead@22
                      ; - java.util.concurrent.ConcurrentLinkedQueue::first@38
                      ; - java.util.concurrent.ConcurrentLinkedQueue::isEmpty@1
                      ; - com.mojang.blaze3d.systems.RenderSystem::replayQueue@7 (line 224)
                      ; - com.mojang.blaze3d.systems.RenderSystem::flipFrame@3 (line 213)
                      ; - net.minecraft.class_1041::method_15998@4 (line 288)
                      ;   {runtime_call UncommonTrapBlob}
  0x000000014accfae4: 67af 2297 | f603 0eaa | f503 0daa | e003 0daa | e103 1caa | c900 0010 | 8953 01f9 

  0x000000014accfb00: ;   {runtime_call G1BarrierSetRuntime::write_ref_field_pre_entry(oopDesc*, JavaThread*)}
  0x000000014accfb00: 0800 99d2 | 88c9 a0f2 | 2800 c0f2 | 0001 3fd6 | ed03 15aa | ee03 16aa | eefe ff17 | fd03 0daa 
  0x000000014accfb20: 2107 8012 

  0x000000014accfb24: ; ImmutableOopMap {rfp=Oop [0]=Oop }
                      ;*invokeinterface execute {reexecute=0 rethrow=0 return_oop=0}
                      ; - com.mojang.blaze3d.systems.RenderSystem::replayQueue@24 (line 226)
                      ; - com.mojang.blaze3d.systems.RenderSystem::flipFrame@3 (line 213)
                      ; - net.minecraft.class_1041::method_15998@4 (line 288)
                      ;   {runtime_call UncommonTrapBlob}
  0x000000014accfb24: 57af 2297 | f503 0daa | e103 1caa | c900 0010 | 8953 01f9 

  0x000000014accfb38: ;   {runtime_call G1BarrierSetRuntime::write_ref_field_pre_entry(oopDesc*, JavaThread*)}
  0x000000014accfb38: 0800 99d2 | 88c9 a0f2 | 2800 c0f2 | 0001 3fd6 | ed03 15aa | fafe ff17 | 4117 8012 | fd03 16aa 
  0x000000014accfb58: f5ab 00a9 | f3e7 01a9 

  0x000000014accfb60: ; ImmutableOopMap {rfp=Oop [8]=Oop [16]=Oop [24]=Oop }
                      ;*if_acmpne {reexecute=1 rethrow=0 return_oop=0}
                      ; - (reexecute) java.util.concurrent.ConcurrentLinkedQueue::first@54
                      ; - java.util.concurrent.ConcurrentLinkedQueue::isEmpty@1
                      ; - com.mojang.blaze3d.systems.RenderSystem::replayQueue@7 (line 224)
                      ; - com.mojang.blaze3d.systems.RenderSystem::flipFrame@3 (line 213)
                      ; - net.minecraft.class_1041::method_15998@4 (line 288)
                      ;   {runtime_call UncommonTrapBlob}
  0x000000014accfb60: 48af 2297 | ed07 00f9 | ee0f 00f9 | 4117 8012 

  0x000000014accfb70: ; ImmutableOopMap {rfp=Oop [0]=Oop [8]=Oop [24]=Oop }
                      ;*if_acmpne {reexecute=1 rethrow=0 return_oop=0}
                      ; - (reexecute) java.util.concurrent.ConcurrentLinkedQueue::first@54
                      ; - java.util.concurrent.ConcurrentLinkedQueue::isEmpty@1
                      ; - com.mojang.blaze3d.systems.RenderSystem::replayQueue@7 (line 224)
                      ; - com.mojang.blaze3d.systems.RenderSystem::flipFrame@3 (line 213)
                      ; - net.minecraft.class_1041::method_15998@4 (line 288)
                      ;   {runtime_call UncommonTrapBlob}
  0x000000014accfb70: 44af 2297 | 2101 8012 

  0x000000014accfb78: ; ImmutableOopMap {}
                      ;*invokevirtual method_1343 {reexecute=0 rethrow=0 return_oop=0}
                      ; - com.mojang.blaze3d.systems.RenderSystem::flipFrame@12 (line 216)
                      ; - net.minecraft.class_1041::method_15998@4 (line 288)
                      ;   {runtime_call UncommonTrapBlob}
  0x000000014accfb78: 42af 2297 | 2101 8012 

  0x000000014accfb80: ; ImmutableOopMap {}
                      ;*invokeinterface getAsLong {reexecute=0 rethrow=0 return_oop=0}
                      ; - net.minecraft.class_156::method_648@3 (line 126)
                      ; - net.minecraft.class_156::method_658@0 (line 122)
                      ; - com.mojang.blaze3d.systems.RenderSystem::pollEvents@3 (line 199)
                      ; - com.mojang.blaze3d.systems.RenderSystem::flipFrame@19 (line 219)
                      ; - net.minecraft.class_1041::method_15998@4 (line 288)
                      ;   {runtime_call UncommonTrapBlob}
  0x000000014accfb80: 40af 2297 | f367 00a9 | ec0b 00f9 | 4117 8012 

  0x000000014accfb90: ; ImmutableOopMap {rfp=Oop [0]=Oop [16]=Oop }
                      ;*ifnull {reexecute=1 rethrow=0 return_oop=0}
                      ; - (reexecute) net.minecraft.class_287::handler$kha000$sodium$resetDelegate@4 (line 4071)
                      ; - net.minecraft.class_287::method_23477@17 (line 391)
                      ; - net.minecraft.class_287::method_1343@19 (line 384)
                      ; - com.mojang.blaze3d.systems.RenderSystem::flipFrame@12 (line 216)
                      ; - net.minecraft.class_1041::method_15998@4 (line 288)
                      ;   {runtime_call UncommonTrapBlob}
  0x000000014accfb90: 3caf 2297 | 6101 8012 

  0x000000014accfb98: ; ImmutableOopMap {[0]=Oop }
                      ;*checkcast {reexecute=0 rethrow=0 return_oop=0}
                      ; - com.mojang.blaze3d.systems.RenderSystem::replayQueue@19 (line 225)
                      ; - com.mojang.blaze3d.systems.RenderSystem::flipFrame@3 (line 213)
                      ; - net.minecraft.class_1041::method_15998@4 (line 288)
                      ;   {runtime_call UncommonTrapBlob}
  0x000000014accfb98: 3aaf 2297 | e103 00aa | 0c00 0014 | e103 00aa | 0a00 0014 | e103 00aa | 0800 0014 | e103 00aa 
  0x000000014accfbb8: 0600 0014 | e103 00aa | 0400 0014 | e103 00aa | 0200 0014 | e103 00aa | fd7b 44a9 | ff43 0191 
  0x000000014accfbd8: ;   {runtime_call _rethrow_Java}
  0x000000014accfbd8: fa81 2517 

  0x000000014accfbdc: ;   {internal_word}
  0x000000014accfbdc: 28d0 ff10 | 88b3 01f9 

  0x000000014accfbe4: ;   {runtime_call SafepointBlob}
  0x000000014accfbe4: 87ad 2217 | 0000 0000 | 0000 0000 | 0000 0000 | 0000 0000 | 0000 0000 | 0000 0000 
[Stub Code]
  0x000000014accfc00: ;   {no_reloc}
  0x000000014accfc00: 4800 0058 | 0001 1fd6 | d0e5 c947 | 0100 0000 

  0x000000014accfc10: ;   {static_stub}
  0x000000014accfc10: df3f 03d5 

  0x000000014accfc14: ;   {metadata(NULL)}
  0x000000014accfc14: 0c00 80d2 | 0c00 a0f2 | 0c00 c0f2 | 0800 80d2 | 0800 a0f2 | 0800 c0f2 | 0001 1fd6 

  0x000000014accfc30: ;   {trampoline_stub}
  0x000000014accfc30: 4800 0058 | 0001 1fd6 | 8075 7f48 | 0100 0000 

  0x000000014accfc40: ;   {trampoline_stub}
  0x000000014accfc40: 4800 0058 | 0001 1fd6 | d09e 8548 | 0100 0000 

  0x000000014accfc50: ;   {static_stub}
  0x000000014accfc50: df3f 03d5 

  0x000000014accfc54: ;   {metadata(NULL)}
  0x000000014accfc54: 0c00 80d2 | 0c00 a0f2 | 0c00 c0f2 | 0800 80d2 | 0800 a0f2 | 0800 c0f2 | 0001 1fd6 

  0x000000014accfc70: ;   {trampoline_stub}
  0x000000014accfc70: 4800 0058 | 0001 1fd6 | 004f 5747 | 0100 0000 

  0x000000014accfc80: ;   {static_stub}
  0x000000014accfc80: df3f 03d5 

  0x000000014accfc84: ;   {metadata(NULL)}
  0x000000014accfc84: 0c00 80d2 | 0c00 a0f2 | 0c00 c0f2 | 0800 80d2 | 0800 a0f2 | 0800 c0f2 | 0001 1fd6 

  0x000000014accfca0: ;   {trampoline_stub}
  0x000000014accfca0: 4800 0058 | 0001 1fd6 | 004f 5747 | 0100 0000 

  0x000000014accfcb0: ;   {static_stub}
  0x000000014accfcb0: df3f 03d5 

  0x000000014accfcb4: ;   {metadata(NULL)}
  0x000000014accfcb4: 0c00 80d2 | 0c00 a0f2 | 0c00 c0f2 | 0800 80d2 | 0800 a0f2 | 0800 c0f2 | 0001 1fd6 

  0x000000014accfcd0: ;   {trampoline_stub}
  0x000000014accfcd0: 4800 0058 | 0001 1fd6 | 0055 5747 | 0100 0000 

  0x000000014accfce0: ;   {static_stub}
  0x000000014accfce0: df3f 03d5 

  0x000000014accfce4: ;   {metadata(NULL)}
  0x000000014accfce4: 0c00 80d2 | 0c00 a0f2 | 0c00 c0f2 | 0800 80d2 | 0800 a0f2 | 0800 c0f2 | 0001 1fd6 

  0x000000014accfd00: ;   {trampoline_stub}
  0x000000014accfd00: 4800 0058 | 0001 1fd6 | 80b8 5747 | 0100 0000 

  0x000000014accfd10: ;   {trampoline_stub}
  0x000000014accfd10: 4800 0058 | 0001 1fd6 | 004f 5747 | 0100 0000 

  0x000000014accfd20: ;   {static_stub}
  0x000000014accfd20: df3f 03d5 

  0x000000014accfd24: ;   {metadata(NULL)}
  0x000000014accfd24: 0c00 80d2 | 0c00 a0f2 | 0c00 c0f2 | 0800 80d2 | 0800 a0f2 | 0800 c0f2 | 0001 1fd6 

  0x000000014accfd40: ;   {trampoline_stub}
  0x000000014accfd40: 4800 0058 | 0001 1fd6 | 80b8 5747 | 0100 0000 

  0x000000014accfd50: ;   {trampoline_stub}
  0x000000014accfd50: 4800 0058 | 0001 1fd6 | 80b8 5747 | 0100 0000 

  0x000000014accfd60: ;   {trampoline_stub}
  0x000000014accfd60: 4800 0058 | 0001 1fd6 | 80b8 5747 | 0100 0000 

  0x000000014accfd70: ;   {trampoline_stub}
  0x000000014accfd70: 4800 0058 | 0001 1fd6 | 80b8 5747 | 0100 0000 

  0x000000014accfd80: ;   {trampoline_stub}
  0x000000014accfd80: 4800 0058 | 0001 1fd6 | 80b8 5747 | 0100 0000 

  0x000000014accfd90: ;   {trampoline_stub}
  0x000000014accfd90: 4800 0058 | 0001 1fd6 | 80b8 5747 | 0100 0000 

  0x000000014accfda0: ;   {trampoline_stub}
  0x000000014accfda0: 4800 0058 | 0001 1fd6 | 80b8 5747 | 0100 0000 

  0x000000014accfdb0: ;   {trampoline_stub}
  0x000000014accfdb0: 4800 0058 | 0001 1fd6 | 80b8 5747 | 0100 0000 

  0x000000014accfdc0: ;   {trampoline_stub}
  0x000000014accfdc0: 4800 0058 | 0001 1fd6 | 80b8 5747 | 0100 0000 

  0x000000014accfdd0: ;   {trampoline_stub}
  0x000000014accfdd0: 4800 0058 | 0001 1fd6 | 80b8 5747 | 0100 0000 

  0x000000014accfde0: ;   {trampoline_stub}
  0x000000014accfde0: 4800 0058 | 0001 1fd6 | 80b8 5747 | 0100 0000 

  0x000000014accfdf0: ;   {trampoline_stub}
  0x000000014accfdf0: 4800 0058 | 0001 1fd6 | 80b8 5747 | 0100 0000 

  0x000000014accfe00: ;   {trampoline_stub}
  0x000000014accfe00: 4800 0058 | 0001 1fd6 | 80b8 5747 | 0100 0000 

  0x000000014accfe10: ;   {trampoline_stub}
  0x000000014accfe10: 4800 0058 | 0001 1fd6 | 80b8 5747 | 0100 0000 

  0x000000014accfe20: ;   {trampoline_stub}
  0x000000014accfe20: 4800 0058 | 0001 1fd6 | 80b8 5747 | 0100 0000 
[Exception Handler]
  0x000000014accfe30: ;   {runtime_call ExceptionBlob}
  0x000000014accfe30: 344e 2517 
[Deopt Handler Code]
  0x000000014accfe34: 1e00 0010 

  0x000000014accfe38: ;   {runtime_call DeoptimizationBlob}
  0x000000014accfe38: c2ad 2217 | 0000 0000 
[/MachCode]


---------------  P R O C E S S  ---------------

Threads class SMR info:
_java_thread_list=0x000060000566d8a0, length=141, elements={
0x000000013100c600, 0x0000000133021000, 0x000000013300d400, 0x000000013281f200,
0x000000013281e400, 0x00000001310f3a00, 0x00000001310f4000, 0x0000000132821a00,
0x0000000132011a00, 0x00000001310f6a00, 0x000000013202c600, 0x0000000132037600,
0x0000000133021c00, 0x000000013227b400, 0x0000000136020a00, 0x0000000132608000,
0x00000001314cda00, 0x00000001336b2a00, 0x00000003128d0000, 0x00000003129a0e00,
0x0000000153fecc00, 0x0000000132688a00, 0x00000001548a1000, 0x000000013215ec00,
0x00000001662acc00, 0x0000000132074400, 0x0000000317cb3a00, 0x0000000317cb4000,
0x0000000317900200, 0x00000001313e7000, 0x0000000154876400, 0x0000000154875600,
0x0000000317900800, 0x0000000132341e00, 0x0000000166115a00, 0x000000016660ce00,
0x00000001662caa00, 0x0000000132b4d400, 0x0000000317c09800, 0x0000000153df2800,
0x0000000317d9a800, 0x00000001331e9a00, 0x0000000132b44600, 0x0000000153ea9200,
0x00000001661cf400, 0x00000001665fcc00, 0x00000001662cb000, 0x0000000132788000,
0x0000000317c09000, 0x0000000136131800, 0x0000000133669600, 0x0000000130285400,
0x0000000312982200, 0x0000000117da1600, 0x00000001336a2400, 0x000000015377b400,
0x0000000154a6d200, 0x00000001326a4000, 0x0000000117b4e400, 0x00000001322fe000,
0x000000013281f800, 0x0000000154897600, 0x0000000154875000, 0x0000000117d50600,
0x0000000352eef000, 0x0000000396c42000, 0x00000003de2f5800, 0x00000003f4075200,
0x00000003e66dd000, 0x00000003becad600, 0x00000003f49aee00, 0x00000003f72d1e00,
0x00000003f3f30000, 0x00000003f49af400, 0x00000003d0fdf000, 0x0000000132690200,
0x00000003f427f000, 0x00000001378c7a00, 0x00000003f5438c00, 0x00000001662fc800,
0x00000003da7ff600, 0x00000003d6c12a00, 0x00000003e378d600, 0x0000000353d0ee00,
0x00000003f47b8a00, 0x000000048e93a200, 0x00000003daad4400, 0x00000003d627a000,
0x00000003d63bc800, 0x00000003d66fcc00, 0x00000003d66fd200, 0x00000003e6ed4800,
0x000000048ea11000, 0x00000003f43aaa00, 0x00000003f4530600, 0x00000003f47baa00,
0x00000003f41f5a00, 0x00000003f4e51400, 0x00000003f4e03200, 0x00000003d2b34000,
0x00000003f4af5e00, 0x0000000353941400, 0x0000000132692e00, 0x00000003f55dd000,
0x00000003e67cd600, 0x00000003f521ae00, 0x00000003d4a56a00, 0x000000049701a800,
0x00000003d8503c00, 0x00000003f4244e00, 0x000000035395d800, 0x00000003da4fdc00,
0x00000003d87cec00, 0x00000003f712f000, 0x00000003d4b87a00, 0x00000003f4974800,
0x00000003d4a66a00, 0x000000049701ae00, 0x00000003539e1200, 0x00000003d66b0600,
0x000000048ec32a00, 0x0000000132160200, 0x00000003d6458000, 0x0000000117b55200,
0x00000003e3692200, 0x00000003f7185400, 0x0000000353e72200, 0x0000000353f56800,
0x0000000353e72800, 0x00000003e3570e00, 0x000000048e972400, 0x00000003f579ac00,
0x00000004970b6c00, 0x00000003f4e31800, 0x00000003f73bb000, 0x000000048ef95a00,
0x00000003f4378600, 0x00000003da4efc00, 0x00000003f72bb400, 0x000000049e3b2000,
0x00000003da2b6800
}

Java Threads: ( => current thread )
=>0x000000013100c600 JavaThread "Render thread" [_thread_in_native, id=259, stack(0x000000016a730000,0x000000016af2c000)]
  0x0000000133021000 JavaThread "Reference Handler" daemon [_thread_blocked, id=22787, stack(0x000000016bc04000,0x000000016be07000)]
  0x000000013300d400 JavaThread "Finalizer" daemon [_thread_blocked, id=23299, stack(0x000000016be10000,0x000000016c013000)]
  0x000000013281f200 JavaThread "Signal Dispatcher" daemon [_thread_blocked, id=25091, stack(0x000000016c134000,0x000000016c337000)]
  0x000000013281e400 JavaThread "Service Thread" daemon [_thread_blocked, id=29699, stack(0x000000016c340000,0x000000016c543000)]
  0x00000001310f3a00 JavaThread "Monitor Deflation Thread" daemon [_thread_blocked, id=25347, stack(0x000000016c54c000,0x000000016c74f000)]
  0x00000001310f4000 JavaThread "C2 CompilerThread0" daemon [_thread_blocked, id=29187, stack(0x000000016c758000,0x000000016c95b000)]
  0x0000000132821a00 JavaThread "C1 CompilerThread0" daemon [_thread_blocked, id=28931, stack(0x000000016c964000,0x000000016cb67000)]
  0x0000000132011a00 JavaThread "Sweeper thread" daemon [_thread_blocked, id=26371, stack(0x000000016cb70000,0x000000016cd73000)]
  0x00000001310f6a00 JavaThread "Common-Cleaner" daemon [_thread_blocked, id=26883, stack(0x000000016cd7c000,0x000000016cf7f000)]
  0x000000013202c600 JavaThread "Notification Thread" daemon [_thread_blocked, id=28675, stack(0x000000016cf88000,0x000000016d18b000)]
  0x0000000132037600 JavaThread "Theseus RPC Main" daemon [_thread_blocked, id=27907, stack(0x000000016d3a0000,0x000000016d5a3000)]
  0x0000000133021c00 JavaThread "Theseus RPC Read" daemon [_thread_in_native, id=32771, stack(0x000000016d5ac000,0x000000016d7af000)]
  0x000000013227b400 JavaThread "JNA Cleaner" daemon [_thread_blocked, id=38163, stack(0x000000016f66c000,0x000000016f86f000)]
  0x0000000136020a00 JavaThread "Attach Listener" daemon [_thread_blocked, id=39459, stack(0x000000016f878000,0x000000016fa7b000)]
  0x0000000132608000 JavaThread "Cleaner-0" daemon [_thread_blocked, id=43791, stack(0x000000016fa84000,0x000000016fc87000)]
  0x00000001314cda00 JavaThread "EarlyLoadingScreen Scheduler" daemon [_thread_blocked, id=69135, stack(0x0000000310004000,0x0000000310207000)]
  0x00000001336b2a00 JavaThread "Timer hack thread" daemon [_thread_blocked, id=100931, stack(0x000000031041c000,0x000000031061f000)]
  0x00000003128d0000 JavaThread "DH-Log Ticker Thread[0]" daemon [_thread_blocked, id=101123, stack(0x0000000310628000,0x000000031082b000)]
  0x00000003129a0e00 JavaThread "Yggdrasil Key Fetcher" daemon [_thread_blocked, id=101891, stack(0x0000000312520000,0x0000000312723000)]
  0x0000000153fecc00 JavaThread "HttpClient-1-SelectorManager" daemon [_thread_in_native, id=102179, stack(0x000000032b0cc000,0x000000032b2cf000)]
  0x0000000132688a00 JavaThread "HttpClient-3-SelectorManager" daemon [_thread_in_native, id=113411, stack(0x000000032bb08000,0x000000032bd0b000)]
  0x00000001548a1000 JavaThread "config-file-watcher-0-0" daemon [_thread_blocked, id=111363, stack(0x0000000330834000,0x0000000330a37000)]
  0x000000013215ec00 JavaThread "FileSystemWatcher" daemon [_thread_blocked, id=111107, stack(0x0000000330a40000,0x0000000330c43000)]
  0x00000001662acc00 JavaThread "FileWatcher-1-thread-1" daemon [_thread_blocked, id=104707, stack(0x0000000331064000,0x0000000331267000)]
  0x0000000132074400 JavaThread "FileSystemWatcher" daemon [_thread_blocked, id=109839, stack(0x0000000331270000,0x0000000331473000)]
  0x0000000317cb3a00 JavaThread "PointBlank-ConfigWatcher" daemon [_thread_blocked, id=109315, stack(0x000000033147c000,0x000000033167f000)]
  0x0000000317cb4000 JavaThread "FileSystemWatcher" daemon [_thread_blocked, id=109063, stack(0x0000000331688000,0x000000033188b000)]
  0x0000000317900200 JavaThread "PointBlank-ConfigWatcher" daemon [_thread_blocked, id=108803, stack(0x0000000331894000,0x0000000331a97000)]
  0x00000001313e7000 JavaThread "HttpClient-4-SelectorManager" daemon [_thread_in_native, id=108607, stack(0x0000000331aa0000,0x0000000331ca3000)]
  0x0000000154876400 JavaThread "HttpClient-5-SelectorManager" daemon [_thread_in_native, id=108035, stack(0x0000000331cac000,0x0000000331eaf000)]
  0x0000000154875600 JavaThread "SkinRestorer-MineSkin-Scheduler" daemon [_thread_blocked, id=105987, stack(0x0000000336004000,0x0000000336207000)]
  0x0000000317900800 JavaThread "ConfigSaver" daemon [_thread_blocked, id=107523, stack(0x0000000336210000,0x0000000336413000)]
  0x0000000132341e00 JavaThread "ConfigSaver" daemon [_thread_blocked, id=107275, stack(0x0000000336628000,0x000000033682b000)]
  0x0000000166115a00 JavaThread "WorldEdit Session Manager" [_thread_blocked, id=131075, stack(0x0000000336834000,0x0000000336a37000)]
  0x000000016660ce00 JavaThread "DH-ApplyConfigPresetTimer" daemon [_thread_blocked, id=131339, stack(0x0000000336a40000,0x0000000336c43000)]
  0x00000001662caa00 JavaThread "HttpClient-6-SelectorManager" daemon [_thread_in_native, id=131603, stack(0x0000000336c4c000,0x0000000336e4f000)]
  0x0000000132b4d400 JavaThread "gdc-players-poller" daemon [_thread_blocked, id=131843, stack(0x0000000337064000,0x0000000337267000)]
  0x0000000317c09800 JavaThread "HttpClient-7-SelectorManager" daemon [_thread_in_native, id=172547, stack(0x0000000337688000,0x000000033788b000)]
  0x0000000153df2800 JavaThread "Worker-Main-1" daemon [_thread_blocked, id=133123, stack(0x0000000337894000,0x0000000337a97000)]
  0x0000000317d9a800 JavaThread "pointblank:state_ticker_thread" daemon [_thread_blocked, id=172035, stack(0x0000000337aa0000,0x0000000337ca3000)]
  0x00000001331e9a00 JavaThread "FileSystemWatcher" daemon [_thread_blocked, id=134659, stack(0x000000033c628000,0x000000033c82b000)]
  0x0000000132b44600 JavaThread "replaymod-config-watcher" daemon [_thread_blocked, id=170499, stack(0x000000033c834000,0x000000033ca37000)]
  0x0000000153ea9200 JavaThread "spark-monitoring-thread" daemon [_thread_blocked, id=134927, stack(0x0000000337cac000,0x0000000337eaf000)]
  0x00000001661cf400 JavaThread "spark-worker-pool-1-thread-1" daemon [_thread_blocked, id=171035, stack(0x000000033c210000,0x000000033c413000)]
  0x00000001665fcc00 JavaThread "Cleaner-1" daemon [_thread_blocked, id=133643, stack(0x000000033ca40000,0x000000033cc43000)]
  0x00000001662cb000 JavaThread "Cleaner-2" daemon [_thread_blocked, id=169987, stack(0x000000033cc4c000,0x000000033ce4f000)]
  0x0000000132788000 JavaThread "Cleaner-3" daemon [_thread_blocked, id=106523, stack(0x000000033c41c000,0x000000033c61f000)]
  0x0000000317c09000 JavaThread "Cleaner-4" daemon [_thread_blocked, id=169731, stack(0x000000033ce58000,0x000000033d05b000)]
  0x0000000136131800 JavaThread "Worker-Main-2" daemon [_thread_blocked, id=171287, stack(0x000000033641c000,0x000000033661f000)]
  0x0000000133669600 JavaThread "Thread-16" [_thread_blocked, id=168707, stack(0x000000033d688000,0x000000033d88b000)]
  0x0000000130285400 JavaThread "DH-RenderCacheClearConfigTimer" daemon [_thread_blocked, id=168467, stack(0x000000033d894000,0x000000033da97000)]
  0x0000000312982200 JavaThread "Cleaner-5" daemon [_thread_blocked, id=168999, stack(0x000000033d47c000,0x000000033d67f000)]
  0x0000000117da1600 JavaThread "Worker-Main-3" daemon [_thread_blocked, id=130035, stack(0x0000000357abc000,0x0000000357cbf000)]
  0x00000001336a2400 JavaThread "FancyMenu-JsonPlaceholder-Cleanup" daemon [_thread_blocked, id=181275, stack(0x0000000357e90000,0x0000000358093000)]
  0x000000015377b400 JavaThread "pool-14-thread-1" [_thread_blocked, id=181779, stack(0x000000035809c000,0x000000035829f000)]
  0x0000000154a6d200 JavaThread "pool-15-thread-1" [_thread_blocked, id=254979, stack(0x00000003582a8000,0x00000003584ab000)]
  0x00000001326a4000 JavaThread "Worker-Main-6" daemon [_thread_blocked, id=254467, stack(0x0000000358b74000,0x0000000358d77000)]
  0x0000000117b4e400 JavaThread "Worker-Main-7" daemon [_thread_blocked, id=253955, stack(0x0000000358d80000,0x0000000358f83000)]
  0x00000001322fe000 JavaThread "Thread-28" [_thread_blocked, id=186123, stack(0x00000003591b4000,0x00000003593b7000)]
  0x000000013281f800 JavaThread "Thread-29" [_thread_blocked, id=252419, stack(0x0000000359604000,0x0000000359807000)]
  0x0000000154897600 JavaThread "IO-Worker-10" [_thread_blocked, id=69667, stack(0x000000037eaa4000,0x000000037eca7000)]
  0x0000000154875000 JavaThread "Java2D Disposer" daemon [_thread_blocked, id=90375, stack(0x000000037faec000,0x000000037fcef000)]
  0x0000000117d50600 JavaThread "HttpClient-9-SelectorManager" daemon [_thread_in_native, id=256267, stack(0x000000031745c000,0x000000031765f000)]
  0x0000000352eef000 JavaThread "lava-daemon-pool-manager-6-thread-1" daemon [_thread_blocked, id=132623, stack(0x000000033747c000,0x000000033767f000)]
  0x0000000396c42000 JavaThread "Cleaner-6" daemon [_thread_blocked, id=117043, stack(0x0000000311718000,0x000000031191b000)]
  0x00000003de2f5800 JavaThread "pool-19-thread-1" [_thread_blocked, id=229163, stack(0x000000031192c000,0x0000000311b2f000)]
  0x00000003f4075200 JavaThread "Netty Client IO #0" daemon [_thread_in_native, id=185867, stack(0x000000032b2d8000,0x000000032b4db000)]
  0x00000003e66dd000 JavaThread "Flywheel Task Executor #0" [_thread_blocked, id=201479, stack(0x00000003e5510000,0x00000003e5713000)]
  0x00000003becad600 JavaThread "Flywheel Task Executor #1" [_thread_blocked, id=201739, stack(0x00000003f6c0c000,0x00000003f6e0f000)]
  0x00000003f49aee00 JavaThread "Flywheel Task Executor #2" [_thread_blocked, id=225819, stack(0x0000000400ff4000,0x00000004011f7000)]
  0x00000003f72d1e00 JavaThread "Flywheel Task Executor #3" [_thread_blocked, id=206339, stack(0x00000004035f0000,0x00000004037f3000)]
  0x00000003f3f30000 JavaThread "DH-delayed save cache cleaner Thread[0]" daemon [_thread_blocked, id=224531, stack(0x0000000403c14000,0x0000000403e17000)]
  0x00000003f49af400 JavaThread "DH-Phantom Array Recycler Thread[0]" daemon [_thread_blocked, id=224259, stack(0x0000000403e20000,0x0000000404023000)]
  0x00000003d0fdf000 JavaThread "DH-GLBuffer Cleanup Thread[0]" daemon [_thread_blocked, id=221443, stack(0x0000000405a90000,0x0000000405c93000)]
  0x0000000132690200 JavaThread "Telemetry-Sender-#1" [_thread_blocked, id=220419, stack(0x000000043be3c000,0x000000043c03f000)]
  0x00000003f427f000 JavaThread "REI-ReloadPlugins" daemon [_thread_blocked, id=215043, stack(0x0000000446b34000,0x0000000446d37000)]
  0x00000001378c7a00 JavaThread "ForkJoinPool.commonPool-worker-5" daemon [_thread_blocked, id=348931, stack(0x000000044ab64000,0x000000044ad67000)]
  0x00000003f5438c00 JavaThread "ForkJoinPool.commonPool-worker-8" daemon [_thread_blocked, id=348419, stack(0x000000044ad70000,0x000000044af73000)]
  0x00000001662fc800 JavaThread "ForkJoinPool.commonPool-worker-10" daemon [_thread_blocked, id=262659, stack(0x000000044af7c000,0x000000044b17f000)]
  0x00000003da7ff600 JavaThread "DH-Cleanup Thread[0]" [_thread_blocked, id=208403, stack(0x0000000404444000,0x0000000404647000)]
  0x00000003d6c12a00 JavaThread "Server Pinger #0" daemon [_thread_blocked, id=133903, stack(0x0000000376824000,0x0000000376a27000)]
  0x00000003e378d600 JavaThread "Netty Client IO #1" daemon [_thread_in_native, id=205583, stack(0x0000000376a30000,0x0000000376c33000)]
  0x0000000353d0ee00 JavaThread "Netty Client IO #2" daemon [_thread_in_Java, id=100103, stack(0x0000000376c3c000,0x0000000376e3f000)]
  0x00000003f47b8a00 JavaThread "pool-30-thread-1" [_thread_blocked, id=202083, stack(0x0000000314b08000,0x0000000314d0b000)]
  0x000000048e93a200 JavaThread "Sound engine" daemon [_thread_blocked, id=102475, stack(0x0000000399004000,0x0000000399207000)]
  0x00000003daad4400 JavaThread "gdc-voice-keepalive" daemon [_thread_blocked, id=213259, stack(0x00000003f9d5c000,0x00000003f9f5f000)]
  0x00000003d627a000 JavaThread "DH-ClientTickTimer" daemon [_thread_blocked, id=225031, stack(0x0000000400c14000,0x0000000400e17000)]
  0x00000003d63bc800 JavaThread "DH-Update Propagate Queue [f9p48rt6rre72@minecraft:overworld] Thread[0]" [_thread_blocked, id=213531, stack(0x00000004037fc000,0x00000004039ff000)]
  0x00000003d66fcc00 JavaThread "DH-Full Data Migration Thread[0]" [_thread_blocked, id=228339, stack(0x0000000403a08000,0x0000000403c0b000)]
  0x00000003d66fd200 JavaThread "DH-Request Module Ticker [f9p48rt6rre72@minecraft:overworld] Thread[0]" daemon [_thread_blocked, id=210963, stack(0x000000040402c000,0x000000040422f000)]
  0x00000003e6ed4800 JavaThread "DH-Render Loader Thread[0]" [_thread_blocked, id=114499, stack(0x0000000404238000,0x000000040443b000)]
  0x000000048ea11000 JavaThread "DH-Render Loader Thread[1]" [_thread_blocked, id=98595, stack(0x0000000405640000,0x0000000405843000)]
  0x00000003f43aaa00 JavaThread "DH-Render Loader Thread[2]" [_thread_blocked, id=221191, stack(0x000000040584c000,0x0000000405a4f000)]
  0x00000003f4530600 JavaThread "DH-Render Loader Thread[3]" [_thread_blocked, id=208143, stack(0x0000000406c58000,0x0000000406e5b000)]
  0x00000003f47baa00 JavaThread "DH-Render Loader Thread[4]" [_thread_blocked, id=232803, stack(0x000000043146c000,0x000000043166f000)]
  0x00000003f41f5a00 JavaThread "DH-Render Loader Thread[5]" [_thread_blocked, id=345103, stack(0x0000000431cd8000,0x0000000431edb000)]
  0x00000003f4e51400 JavaThread "Chunk Render Task Executor #0" [_thread_blocked, id=87795, stack(0x0000000310210000,0x0000000310413000)]
  0x00000003f4e03200 JavaThread "Chunk Render Task Executor #1" [_thread_blocked, id=185003, stack(0x0000000359be8000,0x0000000359deb000)]
  0x00000003d2b34000 JavaThread "Chunk Render Task Executor #2" [_thread_blocked, id=346947, stack(0x0000000399ccc000,0x0000000399ecf000)]
  0x00000003f4af5e00 JavaThread "Chunk Render Task Executor #3" [_thread_blocked, id=110395, stack(0x00000003cad20000,0x00000003caf23000)]
  0x0000000353941400 JavaThread "DH-Beacon Culling Thread[0]" [_thread_blocked, id=233235, stack(0x0000000431ee4000,0x00000004320e7000)]
  0x0000000132692e00 JavaThread "DH-IO Thread[0]" [_thread_blocked, id=239715, stack(0x0000000356374000,0x0000000356577000)]
  0x00000003f55dd000 JavaThread "DH-IO Thread[1]" [_thread_blocked, id=214803, stack(0x0000000356580000,0x0000000356783000)]
  0x00000003e67cd600 JavaThread "DH-IO Thread[2]" [_thread_blocked, id=235539, stack(0x000000035678c000,0x000000035698f000)]
  0x00000003f521ae00 JavaThread "DH-IO Thread[3]" [_thread_blocked, id=345607, stack(0x000000035a004000,0x000000035a207000)]
  0x00000003d4a56a00 JavaThread "DH-LOD Builder Thread[0]" [_thread_blocked, id=214287, stack(0x000000035a210000,0x000000035a413000)]
  0x000000049701a800 JavaThread "DH-LOD Builder Thread[1]" [_thread_blocked, id=213775, stack(0x000000035a41c000,0x000000035a61f000)]
  0x00000003d8503c00 JavaThread "DH-LOD Builder Thread[2]" [_thread_blocked, id=219403, stack(0x000000039d9f4000,0x000000039dbf7000)]
  0x00000003f4244e00 JavaThread "DH-LOD Builder Thread[3]" [_thread_blocked, id=219155, stack(0x000000039dc00000,0x000000039de03000)]
  0x000000035395d800 JavaThread "DH-IO Thread[4]" [_thread_blocked, id=215815, stack(0x000000039de0c000,0x000000039e00f000)]
  0x00000003da4fdc00 JavaThread "DH-IO Thread[5]" [_thread_blocked, id=222479, stack(0x00000004320f0000,0x00000004322f3000)]
  0x00000003d87cec00 JavaThread "DH-LOD Builder Thread[4]" [_thread_blocked, id=222227, stack(0x00000004322fc000,0x00000004324ff000)]
  0x00000003f712f000 JavaThread "DH-LOD Builder Thread[5]" [_thread_blocked, id=209163, stack(0x0000000432508000,0x000000043270b000)]
  0x00000003d4b87a00 JavaThread "DragonLib Network Worker #0" daemon [_thread_blocked, id=210187, stack(0x000000043ac50000,0x000000043ae53000)]
  0x00000003f4974800 JavaThread "DragonLib Network Timeout Watchdog" daemon [_thread_blocked, id=208903, stack(0x000000043ae5c000,0x000000043b05f000)]
  0x00000003d4a66a00 JavaThread "DragonLib Network Worker #1" daemon [_thread_blocked, id=219667, stack(0x000000043b068000,0x000000043b26b000)]
  0x000000049701ae00 JavaThread "DragonLib Network Worker #2" daemon [_thread_blocked, id=211975, stack(0x000000043f248000,0x000000043f44b000)]
  0x00000003539e1200 JavaThread "DragonLib Network Worker #3" daemon [_thread_blocked, id=218131, stack(0x000000043f454000,0x000000043f657000)]
  0x00000003d66b0600 JavaThread "DragonLib Network Worker #4" daemon [_thread_blocked, id=217867, stack(0x000000043f660000,0x000000043f863000)]
  0x000000048ec32a00 JavaThread "DragonLib Network Worker #5" daemon [_thread_blocked, id=217619, stack(0x000000043f86c000,0x000000043fa6f000)]
  0x0000000132160200 JavaThread "DragonLib Network Worker #6" daemon [_thread_blocked, id=218635, stack(0x0000000441b18000,0x0000000441d1b000)]
  0x00000003d6458000 JavaThread "DragonLib Network Worker #7" daemon [_thread_blocked, id=224783, stack(0x0000000441d24000,0x0000000441f27000)]
  0x0000000117b55200 JavaThread "ForkJoinPool.commonPool-worker-14" daemon [_thread_blocked, id=262151, stack(0x000000044b504000,0x000000044b707000)]
  0x00000003e3692200 JavaThread "ForkJoinPool.commonPool-worker-13" daemon [_thread_blocked, id=251707, stack(0x0000000453890000,0x0000000453a93000)]
  0x00000003f7185400 JavaThread "DH-Update Propagator Thread[0]" [_thread_blocked, id=65571, stack(0x0000000455edc000,0x00000004560df000)]
  0x0000000353e72200 JavaThread "DH-Update Propagator Thread[1]" [_thread_blocked, id=347407, stack(0x0000000456870000,0x0000000456a73000)]
  0x0000000353f56800 JavaThread "DH-Update Propagator Thread[2]" [_thread_blocked, id=263183, stack(0x0000000458488000,0x000000045868b000)]
  0x0000000353e72800 JavaThread "DH-Update Propagator Thread[3]" [_thread_blocked, id=347911, stack(0x0000000458694000,0x0000000458897000)]
  0x00000003e3570e00 JavaThread "DH-Update Propagator Thread[4]" [_thread_blocked, id=344323, stack(0x0000000458c98000,0x0000000458e9b000)]
  0x000000048e972400 JavaThread "DH-Update Propagator Thread[5]" [_thread_blocked, id=263683, stack(0x0000000459718000,0x000000045991b000)]
  0x00000003f579ac00 JavaThread "DragonLib Network Worker #8" daemon [_thread_blocked, id=209971, stack(0x0000000438234000,0x0000000438437000)]
  0x00000004970b6c00 JavaThread "VoiceChatConnectionThread" daemon [_thread_in_native, id=343043, stack(0x000000045c4d0000,0x000000045c6d3000)]
  0x00000003f4e31800 JavaThread "MicrophoneThread" daemon [_thread_blocked, id=264219, stack(0x000000031f600000,0x000000031f803000)]
  0x00000003f73bb000 JavaThread "Java Sound Event Dispatcher" daemon [_thread_blocked, id=342787, stack(0x00000003e7a04000,0x00000003e7c07000)]
  0x000000048ef95a00 JavaThread "pool-35-thread-1" [_thread_blocked, id=114963, stack(0x000000046d8b0000,0x000000046dab3000)]
  0x00000003f4378600 JavaThread "IMP-Music-Loader-1" daemon [_thread_blocked, id=183315, stack(0x000000044cf70000,0x000000044d173000)]
  0x00000003da4efc00 JavaThread "lava-daemon-pool-info-loader-5-thread-1" daemon [_thread_blocked, id=267271, stack(0x0000000456590000,0x0000000456793000)]
  0x00000003f72bb400 JavaThread "lava-daemon-pool-playback-4-thread-1" daemon [_thread_in_Java, id=338695, stack(0x000000044a954000,0x000000044ab57000)]
  0x000000049e3b2000 JavaThread "otyacraftengine-player-info-loader" daemon [_thread_blocked, id=338987, stack(0x0000000457d0c000,0x0000000457f0f000)]
  0x00000003da2b6800 JavaThread "C2 CompilerThread1" daemon [_thread_blocked, id=255547, stack(0x00000004351bc000,0x00000004353bf000)]

Other Threads:
  0x0000000130e07720 VMThread "VM Thread" [stack: 0x000000016b9f8000,0x000000016bbfb000] [id=20227] _threads_hazard_ptr=0x000060000566d8a0
  0x000000013190a8c0 WatcherThread [stack: 0x000000016d194000,0x000000016d397000] [id=28163]
  0x0000000130f08210 GCTaskThread "GC Thread#0" [stack: 0x000000016afbc000,0x000000016b1bf000] [id=12291]
  0x0000000130e16800 GCTaskThread "GC Thread#1" [stack: 0x000000016d7b8000,0x000000016d9bb000] [id=43267]
  0x0000000130e16c90 GCTaskThread "GC Thread#2" [stack: 0x000000016d9c4000,0x000000016dbc7000] [id=42755]
  0x0000000130e17120 GCTaskThread "GC Thread#3" [stack: 0x000000016dbd0000,0x000000016ddd3000] [id=42243]
  0x0000000130e179a0 GCTaskThread "GC Thread#4" [stack: 0x000000016dddc000,0x000000016dfdf000] [id=33539]
  0x0000000130e18220 GCTaskThread "GC Thread#5" [stack: 0x000000016dfe8000,0x000000016e1eb000] [id=33795]
  0x0000000130e2a4f0 GCTaskThread "GC Thread#6" [stack: 0x0000000310834000,0x0000000310a37000] [id=62723]
  0x0000000130e2a7b0 GCTaskThread "GC Thread#7" [stack: 0x0000000310a40000,0x0000000310c43000] [id=62211]
  0x0000000130e35760 GCTaskThread "GC Thread#8" [stack: 0x000000016f460000,0x000000016f663000] [id=44047]
  0x0000000130f088d0 ConcurrentGCThread "G1 Main Marker" [stack: 0x000000016b1c8000,0x000000016b3cb000] [id=12803]
  0x0000000131907390 ConcurrentGCThread "G1 Conc#0" [stack: 0x000000016b3d4000,0x000000016b5d7000] [id=13315]
  0x0000000130f2b470 ConcurrentGCThread "G1 Conc#1" [stack: 0x000000016f254000,0x000000016f457000] [id=43539]
  0x0000000130f0aa20 ConcurrentGCThread "G1 Refine#0" [stack: 0x000000016b5e0000,0x000000016b7e3000] [id=13827]
  0x0000000131911cd0 ConcurrentGCThread "G1 Refine#1" [stack: 0x000000016e1f4000,0x000000016e3f7000] [id=41475]
  0x0000000131912330 ConcurrentGCThread "G1 Refine#2" [stack: 0x000000016e400000,0x000000016e603000] [id=34563]
  0x0000000105d04560 ConcurrentGCThread "G1 Refine#3" [stack: 0x000000016e60c000,0x000000016e80f000] [id=40963]
  0x0000000105c04410 ConcurrentGCThread "G1 Refine#4" [stack: 0x000000016e818000,0x000000016ea1b000] [id=35843]
  0x0000000131804460 ConcurrentGCThread "G1 Refine#5" [stack: 0x000000016ea24000,0x000000016ec27000] [id=36611]
  0x0000000117406780 ConcurrentGCThread "G1 Refine#6" [stack: 0x000000016ec30000,0x000000016ee33000] [id=37123]
  0x0000000105e043e0 ConcurrentGCThread "G1 Refine#7" [stack: 0x000000016ee3c000,0x000000016f03f000] [id=37635]
  0x0000000130f1c740 ConcurrentGCThread "G1 Refine#8" [stack: 0x000000016f048000,0x000000016f24b000] [id=39683]
  0x0000000131a04820 ConcurrentGCThread "G1 Service" [stack: 0x000000016b7ec000,0x000000016b9ef000] [id=16643]

Threads with active compile tasks:
C2 CompilerThread0  987857 1206647       4       xaero.hud.minimap.world.state.MinimapWorldStateUpdater::update (155 bytes)
C2 CompilerThread1  987857 1206646   !   4       xaero.common.events.ClientEvents::handlePlayerTickStart (93 bytes)

VM state: synchronizing (normal execution)

VM Mutex/Monitor currently owned by a thread:  ([mutex/lock_event])
[0x0000600000971c00] Threads_lock - owner thread: 0x0000000130e07720

Heap address: 0x0000000700000000, size: 4096 MB, Compressed Oops mode: Zero based, Oop shift amount: 3

CDS archive(s) mapped at: [0x0000007000000000-0x0000007000a88000-0x0000007000a88000), size 11042816, SharedBaseAddress: 0x0000007000000000, ArchiveRelocationMode: 1.
Compressed class space mapped at: 0x0000007001000000-0x0000007041000000, reserved size: 1073741824
Narrow klass base: 0x0000007000000000, Narrow klass shift: 0, Narrow klass range: 0x100000000

GC Precious Log:
 CPUs: 10 total, 10 available
 Memory: 16384M
 Large Page Support: Disabled
 NUMA Support: Disabled
 Compressed Oops: Enabled (Zero based)
 Heap Region Size: 2M
 Heap Min Capacity: 8M
 Heap Initial Capacity: 256M
 Heap Max Capacity: 4G
 Pre-touch: Disabled
 Parallel Workers: 9
 Concurrent Workers: 2
 Concurrent Refinement Workers: 9
 Periodic GC: Disabled

Heap:
 garbage-first heap   total 4194304K, used 2907707K [0x0000000700000000, 0x0000000800000000)
  region size 2048K, 320 young (655360K), 7 survivors (14336K)
 Metaspace       used 386330K, committed 389184K, reserved 1376256K
  class space    used 64507K, committed 65792K, reserved 1048576K

Heap Regions: E=young(eden), S=young(survivor), O=old, HS=humongous(starts), HC=humongous(continues), CS=collection set, F=free, OA=open archive, CA=closed archive, TAMS=top-at-mark-start (previous, next)
|   0|0x0000000700000000, 0x0000000700200000, 0x0000000700200000|100%|HS|  |TAMS 0x0000000700200000, 0x0000000700000000| Complete 
|   1|0x0000000700200000, 0x0000000700400000, 0x0000000700400000|100%| O|  |TAMS 0x0000000700400000, 0x0000000700200000| Untracked 
|   2|0x0000000700400000, 0x0000000700600000, 0x0000000700600000|100%| O|  |TAMS 0x0000000700600000, 0x0000000700400000| Untracked 
|   3|0x0000000700600000, 0x0000000700800000, 0x0000000700800000|100%|HS|  |TAMS 0x0000000700800000, 0x0000000700600000| Complete 
|   4|0x0000000700800000, 0x0000000700a00000, 0x0000000700a00000|100%| O|  |TAMS 0x0000000700a00000, 0x0000000700800000| Untracked 
|   5|0x0000000700a00000, 0x0000000700c00000, 0x0000000700c00000|100%| O|  |TAMS 0x0000000700c00000, 0x0000000700a00000| Untracked 
|   6|0x0000000700c00000, 0x0000000700e00000, 0x0000000700e00000|100%| O|  |TAMS 0x0000000700e00000, 0x0000000700c00000| Untracked 
|   7|0x0000000700e00000, 0x0000000701000000, 0x0000000701000000|100%| O|  |TAMS 0x0000000701000000, 0x0000000700e00000| Untracked 
|   8|0x0000000701000000, 0x0000000701200000, 0x0000000701200000|100%| O|  |TAMS 0x0000000701200000, 0x0000000701000000| Untracked 
|   9|0x0000000701200000, 0x0000000701400000, 0x0000000701400000|100%| O|  |TAMS 0x0000000701400000, 0x0000000701200000| Untracked 
|  10|0x0000000701400000, 0x0000000701600000, 0x0000000701600000|100%| O|  |TAMS 0x0000000701600000, 0x0000000701400000| Untracked 
|  11|0x0000000701600000, 0x0000000701800000, 0x0000000701800000|100%| O|  |TAMS 0x0000000701800000, 0x0000000701600000| Untracked 
|  12|0x0000000701800000, 0x0000000701a00000, 0x0000000701a00000|100%| O|  |TAMS 0x0000000701a00000, 0x0000000701800000| Untracked 
|  13|0x0000000701a00000, 0x0000000701c00000, 0x0000000701c00000|100%| O|  |TAMS 0x0000000701c00000, 0x0000000701a00000| Untracked 
|  14|0x0000000701c00000, 0x0000000701e00000, 0x0000000701e00000|100%| O|  |TAMS 0x0000000701e00000, 0x0000000701c00000| Untracked 
|  15|0x0000000701e00000, 0x0000000702000000, 0x0000000702000000|100%| O|  |TAMS 0x0000000702000000, 0x0000000701e00000| Untracked 
|  16|0x0000000702000000, 0x0000000702200000, 0x0000000702200000|100%| O|  |TAMS 0x0000000702200000, 0x0000000702000000| Untracked 
|  17|0x0000000702200000, 0x0000000702400000, 0x0000000702400000|100%| O|  |TAMS 0x0000000702400000, 0x0000000702200000| Untracked 
|  18|0x0000000702400000, 0x0000000702600000, 0x0000000702600000|100%| O|  |TAMS 0x0000000702600000, 0x0000000702400000| Untracked 
|  19|0x0000000702600000, 0x0000000702800000, 0x0000000702800000|100%| O|  |TAMS 0x0000000702800000, 0x0000000702600000| Untracked 
|  20|0x0000000702800000, 0x0000000702a00000, 0x0000000702a00000|100%| O|  |TAMS 0x0000000702a00000, 0x0000000702800000| Untracked 
|  21|0x0000000702a00000, 0x0000000702c00000, 0x0000000702c00000|100%| O|  |TAMS 0x0000000702c00000, 0x0000000702a00000| Untracked 
|  22|0x0000000702c00000, 0x0000000702e00000, 0x0000000702e00000|100%| O|  |TAMS 0x0000000702e00000, 0x0000000702c00000| Untracked 
|  23|0x0000000702e00000, 0x0000000703000000, 0x0000000703000000|100%| O|  |TAMS 0x0000000703000000, 0x0000000702e00000| Untracked 
|  24|0x0000000703000000, 0x0000000703000000, 0x0000000703200000|  0%| F|  |TAMS 0x0000000703000000, 0x0000000703000000| Untracked 
|  25|0x0000000703200000, 0x0000000703400000, 0x0000000703400000|100%| O|  |TAMS 0x0000000703400000, 0x0000000703200000| Untracked 
|  26|0x0000000703400000, 0x0000000703600000, 0x0000000703600000|100%| O|  |TAMS 0x0000000703600000, 0x0000000703400000| Untracked 
|  27|0x0000000703600000, 0x0000000703600000, 0x0000000703800000|  0%| F|  |TAMS 0x0000000703600000, 0x0000000703600000| Untracked 
|  28|0x0000000703800000, 0x0000000703800000, 0x0000000703a00000|  0%| F|  |TAMS 0x0000000703800000, 0x0000000703800000| Untracked 
|  29|0x0000000703a00000, 0x0000000703c00000, 0x0000000703c00000|100%| O|  |TAMS 0x0000000703c00000, 0x0000000703a00000| Untracked 
|  30|0x0000000703c00000, 0x0000000703e00000, 0x0000000703e00000|100%| O|  |TAMS 0x0000000703e00000, 0x0000000703c00000| Untracked 
|  31|0x0000000703e00000, 0x0000000704000000, 0x0000000704000000|100%| O|  |TAMS 0x0000000704000000, 0x0000000703e00000| Untracked 
|  32|0x0000000704000000, 0x0000000704200000, 0x0000000704200000|100%| O|  |TAMS 0x0000000704200000, 0x0000000704000000| Untracked 
|  33|0x0000000704200000, 0x0000000704400000, 0x0000000704400000|100%| O|  |TAMS 0x0000000704400000, 0x0000000704200000| Untracked 
|  34|0x0000000704400000, 0x0000000704600000, 0x0000000704600000|100%| O|  |TAMS 0x0000000704600000, 0x0000000704400000| Untracked 
|  35|0x0000000704600000, 0x0000000704800000, 0x0000000704800000|100%| O|  |TAMS 0x0000000704800000, 0x0000000704600000| Untracked 
|  36|0x0000000704800000, 0x0000000704a00000, 0x0000000704a00000|100%| O|  |TAMS 0x0000000704a00000, 0x0000000704800000| Untracked 
|  37|0x0000000704a00000, 0x0000000704c00000, 0x0000000704c00000|100%| O|  |TAMS 0x0000000704c00000, 0x0000000704a00000| Untracked 
|  38|0x0000000704c00000, 0x0000000704e00000, 0x0000000704e00000|100%| O|  |TAMS 0x0000000704e00000, 0x0000000704c00000| Untracked 
|  39|0x0000000704e00000, 0x0000000705000000, 0x0000000705000000|100%| O|  |TAMS 0x0000000705000000, 0x0000000704e00000| Untracked 
|  40|0x0000000705000000, 0x0000000705200000, 0x0000000705200000|100%| O|  |TAMS 0x0000000705200000, 0x0000000705000000| Untracked 
|  41|0x0000000705200000, 0x0000000705400000, 0x0000000705400000|100%| O|  |TAMS 0x0000000705400000, 0x0000000705200000| Untracked 
|  42|0x0000000705400000, 0x0000000705600000, 0x0000000705600000|100%| O|  |TAMS 0x0000000705600000, 0x0000000705400000| Untracked 
|  43|0x0000000705600000, 0x0000000705800000, 0x0000000705800000|100%| O|  |TAMS 0x0000000705800000, 0x0000000705600000| Untracked 
|  44|0x0000000705800000, 0x0000000705a00000, 0x0000000705a00000|100%| O|  |TAMS 0x0000000705a00000, 0x0000000705800000| Untracked 
|  45|0x0000000705a00000, 0x0000000705c00000, 0x0000000705c00000|100%| O|  |TAMS 0x0000000705c00000, 0x0000000705a00000| Untracked 
|  46|0x0000000705c00000, 0x0000000705e00000, 0x0000000705e00000|100%| O|  |TAMS 0x0000000705e00000, 0x0000000705c00000| Untracked 
|  47|0x0000000705e00000, 0x0000000706000000, 0x0000000706000000|100%| O|  |TAMS 0x0000000706000000, 0x0000000705e00000| Untracked 
|  48|0x0000000706000000, 0x0000000706200000, 0x0000000706200000|100%| O|  |TAMS 0x0000000706200000, 0x0000000706000000| Untracked 
|  49|0x0000000706200000, 0x0000000706400000, 0x0000000706400000|100%| O|  |TAMS 0x0000000706400000, 0x0000000706200000| Untracked 
|  50|0x0000000706400000, 0x0000000706600000, 0x0000000706600000|100%| O|  |TAMS 0x0000000706600000, 0x0000000706400000| Untracked 
|  51|0x0000000706600000, 0x0000000706600000, 0x0000000706800000|  0%| F|  |TAMS 0x0000000706600000, 0x0000000706600000| Untracked 
|  52|0x0000000706800000, 0x0000000706a00000, 0x0000000706a00000|100%| O|  |TAMS 0x0000000706a00000, 0x0000000706800000| Untracked 
|  53|0x0000000706a00000, 0x0000000706c00000, 0x0000000706c00000|100%| O|  |TAMS 0x0000000706c00000, 0x0000000706a00000| Untracked 
|  54|0x0000000706c00000, 0x0000000706e00000, 0x0000000706e00000|100%| O|  |TAMS 0x0000000706e00000, 0x0000000706c00000| Untracked 
|  55|0x0000000706e00000, 0x0000000707000000, 0x0000000707000000|100%| O|  |TAMS 0x0000000707000000, 0x0000000706e00000| Complete 
|  56|0x0000000707000000, 0x0000000707200000, 0x0000000707200000|100%| O|  |TAMS 0x0000000707200000, 0x0000000707000000| Untracked 
|  57|0x0000000707200000, 0x0000000707400000, 0x0000000707400000|100%| O|  |TAMS 0x0000000707400000, 0x0000000707200000| Untracked 
|  58|0x0000000707400000, 0x0000000707600000, 0x0000000707600000|100%| O|  |TAMS 0x0000000707600000, 0x0000000707400000| Untracked 
|  59|0x0000000707600000, 0x0000000707800000, 0x0000000707800000|100%| O|  |TAMS 0x0000000707800000, 0x0000000707600000| Untracked 
|  60|0x0000000707800000, 0x0000000707a00000, 0x0000000707a00000|100%| O|  |TAMS 0x0000000707a00000, 0x0000000707800000| Untracked 
|  61|0x0000000707a00000, 0x0000000707c00000, 0x0000000707c00000|100%| O|  |TAMS 0x0000000707c00000, 0x0000000707a00000| Untracked 
|  62|0x0000000707c00000, 0x0000000707e00000, 0x0000000707e00000|100%| O|  |TAMS 0x0000000707e00000, 0x0000000707c00000| Untracked 
|  63|0x0000000707e00000, 0x0000000708000000, 0x0000000708000000|100%| O|  |TAMS 0x0000000708000000, 0x0000000707e00000| Untracked 
|  64|0x0000000708000000, 0x0000000708200000, 0x0000000708200000|100%| O|  |TAMS 0x0000000708200000, 0x0000000708000000| Untracked 
|  65|0x0000000708200000, 0x0000000708400000, 0x0000000708400000|100%| O|  |TAMS 0x0000000708400000, 0x0000000708200000| Untracked 
|  66|0x0000000708400000, 0x0000000708600000, 0x0000000708600000|100%| O|  |TAMS 0x0000000708600000, 0x0000000708400000| Untracked 
|  67|0x0000000708600000, 0x0000000708800000, 0x0000000708800000|100%|HS|  |TAMS 0x0000000708800000, 0x0000000708600000| Complete 
|  68|0x0000000708800000, 0x0000000708a00000, 0x0000000708a00000|100%| O|  |TAMS 0x0000000708a00000, 0x0000000708800000| Untracked 
|  69|0x0000000708a00000, 0x0000000708c00000, 0x0000000708c00000|100%| O|  |TAMS 0x0000000708c00000, 0x0000000708a00000| Untracked 
|  70|0x0000000708c00000, 0x0000000708e00000, 0x0000000708e00000|100%|HS|  |TAMS 0x0000000708e00000, 0x0000000708c00000| Complete 
|  71|0x0000000708e00000, 0x0000000709000000, 0x0000000709000000|100%| O|  |TAMS 0x0000000709000000, 0x0000000708e00000| Untracked 
|  72|0x0000000709000000, 0x0000000709200000, 0x0000000709200000|100%| O|  |TAMS 0x0000000709200000, 0x0000000709000000| Untracked 
|  73|0x0000000709200000, 0x0000000709400000, 0x0000000709400000|100%| O|  |TAMS 0x0000000709400000, 0x0000000709200000| Untracked 
|  74|0x0000000709400000, 0x0000000709600000, 0x0000000709600000|100%| O|  |TAMS 0x0000000709600000, 0x0000000709400000| Untracked 
|  75|0x0000000709600000, 0x0000000709800000, 0x0000000709800000|100%| O|  |TAMS 0x0000000709800000, 0x0000000709600000| Complete 
|  76|0x0000000709800000, 0x0000000709a00000, 0x0000000709a00000|100%|HS|  |TAMS 0x0000000709a00000, 0x0000000709800000| Complete 
|  77|0x0000000709a00000, 0x0000000709c00000, 0x0000000709c00000|100%|HC|  |TAMS 0x0000000709c00000, 0x0000000709a00000| Complete 
|  78|0x0000000709c00000, 0x0000000709e00000, 0x0000000709e00000|100%|HS|  |TAMS 0x0000000709e00000, 0x0000000709c00000| Complete 
|  79|0x0000000709e00000, 0x000000070a000000, 0x000000070a000000|100%|HC|  |TAMS 0x000000070a000000, 0x0000000709e00000| Complete 
|  80|0x000000070a000000, 0x000000070a200000, 0x000000070a200000|100%| O|  |TAMS 0x000000070a200000, 0x000000070a000000| Untracked 
|  81|0x000000070a200000, 0x000000070a400000, 0x000000070a400000|100%|HS|  |TAMS 0x000000070a400000, 0x000000070a200000| Complete 
|  82|0x000000070a400000, 0x000000070a600000, 0x000000070a600000|100%| O|  |TAMS 0x000000070a600000, 0x000000070a400000| Untracked 
|  83|0x000000070a600000, 0x000000070a800000, 0x000000070a800000|100%| O|  |TAMS 0x000000070a800000, 0x000000070a600000| Untracked 
|  84|0x000000070a800000, 0x000000070aa00000, 0x000000070aa00000|100%| O|  |TAMS 0x000000070aa00000, 0x000000070a800000| Untracked 
|  85|0x000000070aa00000, 0x000000070ac00000, 0x000000070ac00000|100%| O|  |TAMS 0x000000070ac00000, 0x000000070aa00000| Untracked 
|  86|0x000000070ac00000, 0x000000070ae00000, 0x000000070ae00000|100%| O|  |TAMS 0x000000070ae00000, 0x000000070ac00000| Untracked 
|  87|0x000000070ae00000, 0x000000070b000000, 0x000000070b000000|100%| O|  |TAMS 0x000000070b000000, 0x000000070ae00000| Untracked 
|  88|0x000000070b000000, 0x000000070b200000, 0x000000070b200000|100%| O|  |TAMS 0x000000070b200000, 0x000000070b000000| Untracked 
|  89|0x000000070b200000, 0x000000070b400000, 0x000000070b400000|100%| O|  |TAMS 0x000000070b400000, 0x000000070b200000| Untracked 
|  90|0x000000070b400000, 0x000000070b600000, 0x000000070b600000|100%| O|  |TAMS 0x000000070b600000, 0x000000070b400000| Untracked 
|  91|0x000000070b600000, 0x000000070b800000, 0x000000070b800000|100%| O|  |TAMS 0x000000070b800000, 0x000000070b600000| Untracked 
|  92|0x000000070b800000, 0x000000070ba00000, 0x000000070ba00000|100%| O|  |TAMS 0x000000070ba00000, 0x000000070b800000| Untracked 
|  93|0x000000070ba00000, 0x000000070bc00000, 0x000000070bc00000|100%| O|  |TAMS 0x000000070bc00000, 0x000000070ba00000| Untracked 
|  94|0x000000070bc00000, 0x000000070be00000, 0x000000070be00000|100%| O|  |TAMS 0x000000070be00000, 0x000000070bc00000| Untracked 
|  95|0x000000070be00000, 0x000000070c000000, 0x000000070c000000|100%| O|  |TAMS 0x000000070c000000, 0x000000070be00000| Untracked 
|  96|0x000000070c000000, 0x000000070c200000, 0x000000070c200000|100%| O|  |TAMS 0x000000070c200000, 0x000000070c000000| Untracked 
|  97|0x000000070c200000, 0x000000070c400000, 0x000000070c400000|100%| O|  |TAMS 0x000000070c400000, 0x000000070c200000| Untracked 
|  98|0x000000070c400000, 0x000000070c600000, 0x000000070c600000|100%| O|  |TAMS 0x000000070c600000, 0x000000070c400000| Untracked 
|  99|0x000000070c600000, 0x000000070c800000, 0x000000070c800000|100%| O|  |TAMS 0x000000070c800000, 0x000000070c600000| Untracked 
| 100|0x000000070c800000, 0x000000070ca00000, 0x000000070ca00000|100%| O|  |TAMS 0x000000070ca00000, 0x000000070c800000| Untracked 
| 101|0x000000070ca00000, 0x000000070cc00000, 0x000000070cc00000|100%| O|  |TAMS 0x000000070cc00000, 0x000000070ca00000| Untracked 
| 102|0x000000070cc00000, 0x000000070ce00000, 0x000000070ce00000|100%| O|  |TAMS 0x000000070ce00000, 0x000000070cc00000| Untracked 
| 103|0x000000070ce00000, 0x000000070d000000, 0x000000070d000000|100%| O|  |TAMS 0x000000070d000000, 0x000000070ce00000| Untracked 
| 104|0x000000070d000000, 0x000000070d200000, 0x000000070d200000|100%| O|  |TAMS 0x000000070d200000, 0x000000070d000000| Untracked 
| 105|0x000000070d200000, 0x000000070d200000, 0x000000070d400000|  0%| F|  |TAMS 0x000000070d200000, 0x000000070d200000| Untracked 
| 106|0x000000070d400000, 0x000000070d600000, 0x000000070d600000|100%| O|  |TAMS 0x000000070d600000, 0x000000070d400000| Untracked 
| 107|0x000000070d600000, 0x000000070d800000, 0x000000070d800000|100%|HS|  |TAMS 0x000000070d800000, 0x000000070d600000| Complete 
| 108|0x000000070d800000, 0x000000070da00000, 0x000000070da00000|100%|HC|  |TAMS 0x000000070da00000, 0x000000070d800000| Complete 
| 109|0x000000070da00000, 0x000000070dc00000, 0x000000070dc00000|100%| O|  |TAMS 0x000000070dc00000, 0x000000070da00000| Untracked 
| 110|0x000000070dc00000, 0x000000070de00000, 0x000000070de00000|100%| O|  |TAMS 0x000000070de00000, 0x000000070dc00000| Untracked 
| 111|0x000000070de00000, 0x000000070e000000, 0x000000070e000000|100%| O|  |TAMS 0x000000070e000000, 0x000000070de00000| Untracked 
| 112|0x000000070e000000, 0x000000070e200000, 0x000000070e200000|100%| O|  |TAMS 0x000000070e200000, 0x000000070e000000| Untracked 
| 113|0x000000070e200000, 0x000000070e400000, 0x000000070e400000|100%| O|  |TAMS 0x000000070e400000, 0x000000070e200000| Untracked 
| 114|0x000000070e400000, 0x000000070e600000, 0x000000070e600000|100%| O|  |TAMS 0x000000070e600000, 0x000000070e400000| Untracked 
| 115|0x000000070e600000, 0x000000070e800000, 0x000000070e800000|100%| O|  |TAMS 0x000000070e800000, 0x000000070e600000| Untracked 
| 116|0x000000070e800000, 0x000000070ea00000, 0x000000070ea00000|100%| O|  |TAMS 0x000000070ea00000, 0x000000070e800000| Untracked 
| 117|0x000000070ea00000, 0x000000070ec00000, 0x000000070ec00000|100%| O|  |TAMS 0x000000070ec00000, 0x000000070ea00000| Untracked 
| 118|0x000000070ec00000, 0x000000070ee00000, 0x000000070ee00000|100%| O|  |TAMS 0x000000070ee00000, 0x000000070ec00000| Untracked 
| 119|0x000000070ee00000, 0x000000070f000000, 0x000000070f000000|100%| O|  |TAMS 0x000000070f000000, 0x000000070ee00000| Untracked 
| 120|0x000000070f000000, 0x000000070f200000, 0x000000070f200000|100%| O|  |TAMS 0x000000070f200000, 0x000000070f000000| Untracked 
| 121|0x000000070f200000, 0x000000070f400000, 0x000000070f400000|100%| O|  |TAMS 0x000000070f400000, 0x000000070f200000| Untracked 
| 122|0x000000070f400000, 0x000000070f600000, 0x000000070f600000|100%| O|  |TAMS 0x000000070f600000, 0x000000070f400000| Untracked 
| 123|0x000000070f600000, 0x000000070f800000, 0x000000070f800000|100%| O|  |TAMS 0x000000070f800000, 0x000000070f600000| Untracked 
| 124|0x000000070f800000, 0x000000070fa00000, 0x000000070fa00000|100%| O|  |TAMS 0x000000070fa00000, 0x000000070f800000| Untracked 
| 125|0x000000070fa00000, 0x000000070fc00000, 0x000000070fc00000|100%| O|  |TAMS 0x000000070fc00000, 0x000000070fa00000| Untracked 
| 126|0x000000070fc00000, 0x000000070fe00000, 0x000000070fe00000|100%| O|  |TAMS 0x000000070fe00000, 0x000000070fc00000| Untracked 
| 127|0x000000070fe00000, 0x0000000710000000, 0x0000000710000000|100%| O|  |TAMS 0x0000000710000000, 0x000000070fe00000| Untracked 
| 128|0x0000000710000000, 0x0000000710200000, 0x0000000710200000|100%| O|  |TAMS 0x0000000710200000, 0x0000000710000000| Untracked 
| 129|0x0000000710200000, 0x0000000710400000, 0x0000000710400000|100%|HS|  |TAMS 0x0000000710400000, 0x0000000710200000| Complete 
| 130|0x0000000710400000, 0x0000000710600000, 0x0000000710600000|100%|HC|  |TAMS 0x0000000710600000, 0x0000000710400000| Complete 
| 131|0x0000000710600000, 0x0000000710800000, 0x0000000710800000|100%|HS|  |TAMS 0x0000000710800000, 0x0000000710600000| Complete 
| 132|0x0000000710800000, 0x0000000710a00000, 0x0000000710a00000|100%|HC|  |TAMS 0x0000000710a00000, 0x0000000710800000| Complete 
| 133|0x0000000710a00000, 0x0000000710c00000, 0x0000000710c00000|100%|HC|  |TAMS 0x0000000710c00000, 0x0000000710a00000| Complete 
| 134|0x0000000710c00000, 0x0000000710e00000, 0x0000000710e00000|100%|HC|  |TAMS 0x0000000710e00000, 0x0000000710c00000| Complete 
| 135|0x0000000710e00000, 0x0000000711000000, 0x0000000711000000|100%|HC|  |TAMS 0x0000000711000000, 0x0000000710e00000| Complete 
| 136|0x0000000711000000, 0x0000000711200000, 0x0000000711200000|100%|HC|  |TAMS 0x0000000711200000, 0x0000000711000000| Complete 
| 137|0x0000000711200000, 0x0000000711400000, 0x0000000711400000|100%| O|  |TAMS 0x0000000711400000, 0x0000000711200000| Untracked 
| 138|0x0000000711400000, 0x0000000711600000, 0x0000000711600000|100%| O|  |TAMS 0x0000000711600000, 0x0000000711400000| Untracked 
| 139|0x0000000711600000, 0x0000000711800000, 0x0000000711800000|100%| O|  |TAMS 0x0000000711800000, 0x0000000711600000| Untracked 
| 140|0x0000000711800000, 0x0000000711a00000, 0x0000000711a00000|100%| O|  |TAMS 0x0000000711a00000, 0x0000000711800000| Untracked 
| 141|0x0000000711a00000, 0x0000000711c00000, 0x0000000711c00000|100%| O|  |TAMS 0x0000000711c00000, 0x0000000711a00000| Untracked 
| 142|0x0000000711c00000, 0x0000000711e00000, 0x0000000711e00000|100%| O|  |TAMS 0x0000000711e00000, 0x0000000711c00000| Untracked 
| 143|0x0000000711e00000, 0x0000000712000000, 0x0000000712000000|100%| O|  |TAMS 0x0000000712000000, 0x0000000711e00000| Untracked 
| 144|0x0000000712000000, 0x0000000712200000, 0x0000000712200000|100%| O|  |TAMS 0x0000000712200000, 0x0000000712000000| Untracked 
| 145|0x0000000712200000, 0x0000000712400000, 0x0000000712400000|100%| O|  |TAMS 0x0000000712400000, 0x0000000712200000| Untracked 
| 146|0x0000000712400000, 0x0000000712600000, 0x0000000712600000|100%| O|  |TAMS 0x0000000712600000, 0x0000000712400000| Untracked 
| 147|0x0000000712600000, 0x0000000712800000, 0x0000000712800000|100%| O|  |TAMS 0x0000000712800000, 0x0000000712600000| Untracked 
| 148|0x0000000712800000, 0x0000000712a00000, 0x0000000712a00000|100%| O|  |TAMS 0x0000000712a00000, 0x0000000712800000| Untracked 
| 149|0x0000000712a00000, 0x0000000712c00000, 0x0000000712c00000|100%| O|  |TAMS 0x0000000712c00000, 0x0000000712a00000| Untracked 
| 150|0x0000000712c00000, 0x0000000712e00000, 0x0000000712e00000|100%| O|  |TAMS 0x0000000712e00000, 0x0000000712c00000| Untracked 
| 151|0x0000000712e00000, 0x0000000713000000, 0x0000000713000000|100%| O|  |TAMS 0x0000000713000000, 0x0000000712e00000| Untracked 
| 152|0x0000000713000000, 0x0000000713200000, 0x0000000713200000|100%| O|  |TAMS 0x0000000713200000, 0x0000000713000000| Untracked 
| 153|0x0000000713200000, 0x0000000713400000, 0x0000000713400000|100%| O|  |TAMS 0x0000000713400000, 0x0000000713200000| Untracked 
| 154|0x0000000713400000, 0x0000000713600000, 0x0000000713600000|100%| O|  |TAMS 0x0000000713600000, 0x0000000713400000| Untracked 
| 155|0x0000000713600000, 0x0000000713800000, 0x0000000713800000|100%| O|  |TAMS 0x0000000713800000, 0x0000000713600000| Untracked 
| 156|0x0000000713800000, 0x0000000713a00000, 0x0000000713a00000|100%| O|  |TAMS 0x0000000713a00000, 0x0000000713800000| Untracked 
| 157|0x0000000713a00000, 0x0000000713c00000, 0x0000000713c00000|100%| O|  |TAMS 0x0000000713c00000, 0x0000000713a00000| Untracked 
| 158|0x0000000713c00000, 0x0000000713e00000, 0x0000000713e00000|100%| O|  |TAMS 0x0000000713e00000, 0x0000000713c00000| Untracked 
| 159|0x0000000713e00000, 0x0000000714000000, 0x0000000714000000|100%| O|  |TAMS 0x0000000714000000, 0x0000000713e00000| Untracked 
| 160|0x0000000714000000, 0x0000000714200000, 0x0000000714200000|100%| O|  |TAMS 0x0000000714200000, 0x0000000714000000| Untracked 
| 161|0x0000000714200000, 0x0000000714400000, 0x0000000714400000|100%| O|  |TAMS 0x0000000714400000, 0x0000000714200000| Untracked 
| 162|0x0000000714400000, 0x0000000714600000, 0x0000000714600000|100%| O|  |TAMS 0x0000000714600000, 0x0000000714400000| Untracked 
| 163|0x0000000714600000, 0x0000000714800000, 0x0000000714800000|100%| O|  |TAMS 0x0000000714800000, 0x0000000714600000| Untracked 
| 164|0x0000000714800000, 0x0000000714a00000, 0x0000000714a00000|100%| O|  |TAMS 0x0000000714a00000, 0x0000000714800000| Untracked 
| 165|0x0000000714a00000, 0x0000000714c00000, 0x0000000714c00000|100%| O|  |TAMS 0x0000000714c00000, 0x0000000714a00000| Untracked 
| 166|0x0000000714c00000, 0x0000000714e00000, 0x0000000714e00000|100%| O|  |TAMS 0x0000000714e00000, 0x0000000714c00000| Untracked 
| 167|0x0000000714e00000, 0x0000000715000000, 0x0000000715000000|100%| O|  |TAMS 0x0000000715000000, 0x0000000714e00000| Untracked 
| 168|0x0000000715000000, 0x0000000715200000, 0x0000000715200000|100%| O|  |TAMS 0x0000000715200000, 0x0000000715000000| Untracked 
| 169|0x0000000715200000, 0x0000000715400000, 0x0000000715400000|100%| O|  |TAMS 0x0000000715400000, 0x0000000715200000| Untracked 
| 170|0x0000000715400000, 0x0000000715600000, 0x0000000715600000|100%| O|  |TAMS 0x0000000715600000, 0x0000000715400000| Untracked 
| 171|0x0000000715600000, 0x0000000715800000, 0x0000000715800000|100%| O|  |TAMS 0x0000000715800000, 0x0000000715600000| Untracked 
| 172|0x0000000715800000, 0x0000000715a00000, 0x0000000715a00000|100%| O|  |TAMS 0x0000000715a00000, 0x0000000715800000| Untracked 
| 173|0x0000000715a00000, 0x0000000715c00000, 0x0000000715c00000|100%| O|  |TAMS 0x0000000715c00000, 0x0000000715a00000| Untracked 
| 174|0x0000000715c00000, 0x0000000715e00000, 0x0000000715e00000|100%| O|  |TAMS 0x0000000715e00000, 0x0000000715c00000| Untracked 
| 175|0x0000000715e00000, 0x0000000716000000, 0x0000000716000000|100%| O|  |TAMS 0x0000000716000000, 0x0000000715e00000| Untracked 
| 176|0x0000000716000000, 0x0000000716200000, 0x0000000716200000|100%| O|  |TAMS 0x0000000716200000, 0x0000000716000000| Untracked 
| 177|0x0000000716200000, 0x0000000716400000, 0x0000000716400000|100%| O|  |TAMS 0x0000000716400000, 0x0000000716200000| Untracked 
| 178|0x0000000716400000, 0x0000000716600000, 0x0000000716600000|100%| O|  |TAMS 0x0000000716600000, 0x0000000716400000| Untracked 
| 179|0x0000000716600000, 0x0000000716800000, 0x0000000716800000|100%| O|  |TAMS 0x0000000716800000, 0x0000000716600000| Untracked 
| 180|0x0000000716800000, 0x0000000716a00000, 0x0000000716a00000|100%| O|  |TAMS 0x0000000716a00000, 0x0000000716800000| Untracked 
| 181|0x0000000716a00000, 0x0000000716c00000, 0x0000000716c00000|100%| O|  |TAMS 0x0000000716c00000, 0x0000000716a00000| Untracked 
| 182|0x0000000716c00000, 0x0000000716e00000, 0x0000000716e00000|100%| O|  |TAMS 0x0000000716e00000, 0x0000000716c00000| Untracked 
| 183|0x0000000716e00000, 0x0000000717000000, 0x0000000717000000|100%| O|  |TAMS 0x0000000717000000, 0x0000000716e00000| Untracked 
| 184|0x0000000717000000, 0x0000000717200000, 0x0000000717200000|100%| O|  |TAMS 0x0000000717200000, 0x0000000717000000| Untracked 
| 185|0x0000000717200000, 0x0000000717400000, 0x0000000717400000|100%| O|  |TAMS 0x0000000717400000, 0x0000000717200000| Untracked 
| 186|0x0000000717400000, 0x0000000717600000, 0x0000000717600000|100%| O|  |TAMS 0x0000000717600000, 0x0000000717400000| Untracked 
| 187|0x0000000717600000, 0x0000000717800000, 0x0000000717800000|100%| O|  |TAMS 0x0000000717800000, 0x0000000717600000| Untracked 
| 188|0x0000000717800000, 0x0000000717a00000, 0x0000000717a00000|100%| O|  |TAMS 0x0000000717a00000, 0x0000000717800000| Untracked 
| 189|0x0000000717a00000, 0x0000000717a00000, 0x0000000717c00000|  0%| F|  |TAMS 0x0000000717a00000, 0x0000000717a00000| Untracked 
| 190|0x0000000717c00000, 0x0000000717e00000, 0x0000000717e00000|100%| O|  |TAMS 0x0000000717e00000, 0x0000000717c00000| Untracked 
| 191|0x0000000717e00000, 0x0000000718000000, 0x0000000718000000|100%| O|  |TAMS 0x0000000718000000, 0x0000000717e00000| Untracked 
| 192|0x0000000718000000, 0x0000000718200000, 0x0000000718200000|100%| O|  |TAMS 0x0000000718200000, 0x0000000718000000| Untracked 
| 193|0x0000000718200000, 0x0000000718400000, 0x0000000718400000|100%| O|  |TAMS 0x0000000718400000, 0x0000000718200000| Untracked 
| 194|0x0000000718400000, 0x0000000718600000, 0x0000000718600000|100%| O|  |TAMS 0x0000000718600000, 0x0000000718400000| Untracked 
| 195|0x0000000718600000, 0x0000000718800000, 0x0000000718800000|100%| O|  |TAMS 0x0000000718800000, 0x0000000718600000| Untracked 
| 196|0x0000000718800000, 0x0000000718a00000, 0x0000000718a00000|100%| O|  |TAMS 0x0000000718a00000, 0x0000000718800000| Untracked 
| 197|0x0000000718a00000, 0x0000000718c00000, 0x0000000718c00000|100%| O|  |TAMS 0x0000000718c00000, 0x0000000718a00000| Untracked 
| 198|0x0000000718c00000, 0x0000000718e00000, 0x0000000718e00000|100%| O|  |TAMS 0x0000000718e00000, 0x0000000718c00000| Untracked 
| 199|0x0000000718e00000, 0x0000000719000000, 0x0000000719000000|100%| O|  |TAMS 0x0000000719000000, 0x0000000718e00000| Untracked 
| 200|0x0000000719000000, 0x0000000719200000, 0x0000000719200000|100%| O|  |TAMS 0x0000000719200000, 0x0000000719000000| Untracked 
| 201|0x0000000719200000, 0x0000000719400000, 0x0000000719400000|100%| O|  |TAMS 0x0000000719400000, 0x0000000719200000| Untracked 
| 202|0x0000000719400000, 0x0000000719600000, 0x0000000719600000|100%| O|  |TAMS 0x0000000719600000, 0x0000000719400000| Untracked 
| 203|0x0000000719600000, 0x0000000719800000, 0x0000000719800000|100%| O|  |TAMS 0x0000000719800000, 0x0000000719600000| Untracked 
| 204|0x0000000719800000, 0x0000000719a00000, 0x0000000719a00000|100%| O|  |TAMS 0x0000000719a00000, 0x0000000719800000| Untracked 
| 205|0x0000000719a00000, 0x0000000719c00000, 0x0000000719c00000|100%| O|  |TAMS 0x0000000719c00000, 0x0000000719a00000| Untracked 
| 206|0x0000000719c00000, 0x0000000719e00000, 0x0000000719e00000|100%| O|  |TAMS 0x0000000719e00000, 0x0000000719c00000| Untracked 
| 207|0x0000000719e00000, 0x0000000719e00000, 0x000000071a000000|  0%| F|  |TAMS 0x0000000719e00000, 0x0000000719e00000| Untracked 
| 208|0x000000071a000000, 0x000000071a200000, 0x000000071a200000|100%| O|  |TAMS 0x000000071a200000, 0x000000071a000000| Untracked 
| 209|0x000000071a200000, 0x000000071a400000, 0x000000071a400000|100%| O|  |TAMS 0x000000071a400000, 0x000000071a200000| Untracked 
| 210|0x000000071a400000, 0x000000071a600000, 0x000000071a600000|100%| O|  |TAMS 0x000000071a600000, 0x000000071a400000| Untracked 
| 211|0x000000071a600000, 0x000000071a800000, 0x000000071a800000|100%| O|  |TAMS 0x000000071a800000, 0x000000071a600000| Untracked 
| 212|0x000000071a800000, 0x000000071aa00000, 0x000000071aa00000|100%| O|  |TAMS 0x000000071aa00000, 0x000000071a800000| Untracked 
| 213|0x000000071aa00000, 0x000000071ac00000, 0x000000071ac00000|100%| O|  |TAMS 0x000000071ac00000, 0x000000071aa00000| Untracked 
| 214|0x000000071ac00000, 0x000000071ae00000, 0x000000071ae00000|100%| O|  |TAMS 0x000000071ae00000, 0x000000071ac00000| Untracked 
| 215|0x000000071ae00000, 0x000000071b000000, 0x000000071b000000|100%|HS|  |TAMS 0x000000071b000000, 0x000000071ae00000| Complete 
| 216|0x000000071b000000, 0x000000071b200000, 0x000000071b200000|100%|HC|  |TAMS 0x000000071b200000, 0x000000071b000000| Complete 
| 217|0x000000071b200000, 0x000000071b400000, 0x000000071b400000|100%| O|  |TAMS 0x000000071b400000, 0x000000071b200000| Untracked 
| 218|0x000000071b400000, 0x000000071b600000, 0x000000071b600000|100%| O|  |TAMS 0x000000071b600000, 0x000000071b400000| Untracked 
| 219|0x000000071b600000, 0x000000071b800000, 0x000000071b800000|100%| O|  |TAMS 0x000000071b800000, 0x000000071b600000| Untracked 
| 220|0x000000071b800000, 0x000000071ba00000, 0x000000071ba00000|100%| O|  |TAMS 0x000000071ba00000, 0x000000071b800000| Untracked 
| 221|0x000000071ba00000, 0x000000071bc00000, 0x000000071bc00000|100%| O|  |TAMS 0x000000071bc00000, 0x000000071ba00000| Untracked 
| 222|0x000000071bc00000, 0x000000071be00000, 0x000000071be00000|100%| O|  |TAMS 0x000000071be00000, 0x000000071bc00000| Untracked 
| 223|0x000000071be00000, 0x000000071c000000, 0x000000071c000000|100%|HS|  |TAMS 0x000000071c000000, 0x000000071be00000| Complete 
| 224|0x000000071c000000, 0x000000071c200000, 0x000000071c200000|100%|HS|  |TAMS 0x000000071c200000, 0x000000071c000000| Complete 
| 225|0x000000071c200000, 0x000000071c400000, 0x000000071c400000|100%| O|  |TAMS 0x000000071c400000, 0x000000071c200000| Untracked 
| 226|0x000000071c400000, 0x000000071c600000, 0x000000071c600000|100%| O|  |TAMS 0x000000071c600000, 0x000000071c400000| Untracked 
| 227|0x000000071c600000, 0x000000071c800000, 0x000000071c800000|100%| O|  |TAMS 0x000000071c800000, 0x000000071c600000| Untracked 
| 228|0x000000071c800000, 0x000000071ca00000, 0x000000071ca00000|100%| O|  |TAMS 0x000000071ca00000, 0x000000071c800000| Untracked 
| 229|0x000000071ca00000, 0x000000071cc00000, 0x000000071cc00000|100%| O|  |TAMS 0x000000071cc00000, 0x000000071ca00000| Untracked 
| 230|0x000000071cc00000, 0x000000071ce00000, 0x000000071ce00000|100%| O|  |TAMS 0x000000071ce00000, 0x000000071cc00000| Untracked 
| 231|0x000000071ce00000, 0x000000071d000000, 0x000000071d000000|100%| O|  |TAMS 0x000000071d000000, 0x000000071ce00000| Untracked 
| 232|0x000000071d000000, 0x000000071d200000, 0x000000071d200000|100%| O|  |TAMS 0x000000071d200000, 0x000000071d000000| Untracked 
| 233|0x000000071d200000, 0x000000071d400000, 0x000000071d400000|100%| O|  |TAMS 0x000000071d400000, 0x000000071d200000| Untracked 
| 234|0x000000071d400000, 0x000000071d600000, 0x000000071d600000|100%| O|  |TAMS 0x000000071d600000, 0x000000071d400000| Untracked 
| 235|0x000000071d600000, 0x000000071d800000, 0x000000071d800000|100%| O|  |TAMS 0x000000071d800000, 0x000000071d600000| Untracked 
| 236|0x000000071d800000, 0x000000071da00000, 0x000000071da00000|100%| O|  |TAMS 0x000000071da00000, 0x000000071d800000| Untracked 
| 237|0x000000071da00000, 0x000000071dc00000, 0x000000071dc00000|100%| O|  |TAMS 0x000000071dc00000, 0x000000071da00000| Untracked 
| 238|0x000000071dc00000, 0x000000071de00000, 0x000000071de00000|100%| O|  |TAMS 0x000000071de00000, 0x000000071dc00000| Untracked 
| 239|0x000000071de00000, 0x000000071e000000, 0x000000071e000000|100%| O|  |TAMS 0x000000071e000000, 0x000000071de00000| Untracked 
| 240|0x000000071e000000, 0x000000071e200000, 0x000000071e200000|100%| O|  |TAMS 0x000000071e200000, 0x000000071e000000| Untracked 
| 241|0x000000071e200000, 0x000000071e400000, 0x000000071e400000|100%| O|  |TAMS 0x000000071e400000, 0x000000071e200000| Untracked 
| 242|0x000000071e400000, 0x000000071e600000, 0x000000071e600000|100%| O|  |TAMS 0x000000071e600000, 0x000000071e400000| Untracked 
| 243|0x000000071e600000, 0x000000071e800000, 0x000000071e800000|100%| O|  |TAMS 0x000000071e800000, 0x000000071e600000| Untracked 
| 244|0x000000071e800000, 0x000000071ea00000, 0x000000071ea00000|100%| O|  |TAMS 0x000000071ea00000, 0x000000071e800000| Untracked 
| 245|0x000000071ea00000, 0x000000071ec00000, 0x000000071ec00000|100%| O|  |TAMS 0x000000071ec00000, 0x000000071ea00000| Untracked 
| 246|0x000000071ec00000, 0x000000071ee00000, 0x000000071ee00000|100%| O|  |TAMS 0x000000071ee00000, 0x000000071ec00000| Untracked 
| 247|0x000000071ee00000, 0x000000071f000000, 0x000000071f000000|100%| O|  |TAMS 0x000000071f000000, 0x000000071ee00000| Untracked 
| 248|0x000000071f000000, 0x000000071f200000, 0x000000071f200000|100%| O|  |TAMS 0x000000071f200000, 0x000000071f000000| Untracked 
| 249|0x000000071f200000, 0x000000071f400000, 0x000000071f400000|100%| O|  |TAMS 0x000000071f400000, 0x000000071f200000| Untracked 
| 250|0x000000071f400000, 0x000000071f600000, 0x000000071f600000|100%| O|  |TAMS 0x000000071f600000, 0x000000071f400000| Untracked 
| 251|0x000000071f600000, 0x000000071f800000, 0x000000071f800000|100%| O|  |TAMS 0x000000071f800000, 0x000000071f600000| Untracked 
| 252|0x000000071f800000, 0x000000071fa00000, 0x000000071fa00000|100%| O|  |TAMS 0x000000071fa00000, 0x000000071f800000| Untracked 
| 253|0x000000071fa00000, 0x000000071fc00000, 0x000000071fc00000|100%| O|  |TAMS 0x000000071fc00000, 0x000000071fa00000| Untracked 
| 254|0x000000071fc00000, 0x000000071fe00000, 0x000000071fe00000|100%| O|  |TAMS 0x000000071fe00000, 0x000000071fc00000| Untracked 
| 255|0x000000071fe00000, 0x0000000720000000, 0x0000000720000000|100%| O|  |TAMS 0x0000000720000000, 0x000000071fe00000| Untracked 
| 256|0x0000000720000000, 0x0000000720200000, 0x0000000720200000|100%| O|  |TAMS 0x0000000720200000, 0x0000000720000000| Untracked 
| 257|0x0000000720200000, 0x0000000720400000, 0x0000000720400000|100%| O|  |TAMS 0x0000000720400000, 0x0000000720200000| Untracked 
| 258|0x0000000720400000, 0x0000000720600000, 0x0000000720600000|100%| O|  |TAMS 0x0000000720600000, 0x0000000720400000| Untracked 
| 259|0x0000000720600000, 0x0000000720800000, 0x0000000720800000|100%| O|  |TAMS 0x0000000720800000, 0x0000000720600000| Untracked 
| 260|0x0000000720800000, 0x0000000720a00000, 0x0000000720a00000|100%| O|  |TAMS 0x0000000720a00000, 0x0000000720800000| Untracked 
| 261|0x0000000720a00000, 0x0000000720c00000, 0x0000000720c00000|100%| O|  |TAMS 0x0000000720c00000, 0x0000000720a00000| Untracked 
| 262|0x0000000720c00000, 0x0000000720e00000, 0x0000000720e00000|100%| O|  |TAMS 0x0000000720e00000, 0x0000000720c00000| Untracked 
| 263|0x0000000720e00000, 0x0000000721000000, 0x0000000721000000|100%| O|  |TAMS 0x0000000721000000, 0x0000000720e00000| Untracked 
| 264|0x0000000721000000, 0x0000000721200000, 0x0000000721200000|100%| O|  |TAMS 0x0000000721200000, 0x0000000721000000| Untracked 
| 265|0x0000000721200000, 0x0000000721400000, 0x0000000721400000|100%|HS|  |TAMS 0x0000000721400000, 0x0000000721200000| Complete 
| 266|0x0000000721400000, 0x0000000721600000, 0x0000000721600000|100%|HC|  |TAMS 0x0000000721600000, 0x0000000721400000| Complete 
| 267|0x0000000721600000, 0x0000000721800000, 0x0000000721800000|100%|HC|  |TAMS 0x0000000721800000, 0x0000000721600000| Complete 
| 268|0x0000000721800000, 0x0000000721a00000, 0x0000000721a00000|100%|HS|  |TAMS 0x0000000721a00000, 0x0000000721800000| Complete 
| 269|0x0000000721a00000, 0x0000000721c00000, 0x0000000721c00000|100%|HC|  |TAMS 0x0000000721c00000, 0x0000000721a00000| Complete 
| 270|0x0000000721c00000, 0x0000000721e00000, 0x0000000721e00000|100%|HC|  |TAMS 0x0000000721e00000, 0x0000000721c00000| Complete 
| 271|0x0000000721e00000, 0x0000000722000000, 0x0000000722000000|100%| O|  |TAMS 0x0000000722000000, 0x0000000721e00000| Untracked 
| 272|0x0000000722000000, 0x0000000722200000, 0x0000000722200000|100%| O|  |TAMS 0x0000000722200000, 0x0000000722000000| Untracked 
| 273|0x0000000722200000, 0x0000000722400000, 0x0000000722400000|100%| O|  |TAMS 0x0000000722400000, 0x0000000722200000| Untracked 
| 274|0x0000000722400000, 0x0000000722600000, 0x0000000722600000|100%| O|  |TAMS 0x0000000722600000, 0x0000000722400000| Untracked 
| 275|0x0000000722600000, 0x0000000722800000, 0x0000000722800000|100%| O|  |TAMS 0x0000000722800000, 0x0000000722600000| Untracked 
| 276|0x0000000722800000, 0x0000000722a00000, 0x0000000722a00000|100%| O|  |TAMS 0x0000000722a00000, 0x0000000722800000| Untracked 
| 277|0x0000000722a00000, 0x0000000722c00000, 0x0000000722c00000|100%| O|  |TAMS 0x0000000722c00000, 0x0000000722a00000| Untracked 
| 278|0x0000000722c00000, 0x0000000722e00000, 0x0000000722e00000|100%| O|  |TAMS 0x0000000722e00000, 0x0000000722c00000| Untracked 
| 279|0x0000000722e00000, 0x0000000723000000, 0x0000000723000000|100%| O|  |TAMS 0x0000000723000000, 0x0000000722e00000| Untracked 
| 280|0x0000000723000000, 0x0000000723200000, 0x0000000723200000|100%| O|  |TAMS 0x0000000723200000, 0x0000000723000000| Untracked 
| 281|0x0000000723200000, 0x0000000723400000, 0x0000000723400000|100%| O|  |TAMS 0x0000000723400000, 0x0000000723200000| Untracked 
| 282|0x0000000723400000, 0x0000000723600000, 0x0000000723600000|100%| O|  |TAMS 0x0000000723600000, 0x0000000723400000| Untracked 
| 283|0x0000000723600000, 0x0000000723800000, 0x0000000723800000|100%| O|  |TAMS 0x0000000723800000, 0x0000000723600000| Untracked 
| 284|0x0000000723800000, 0x0000000723a00000, 0x0000000723a00000|100%| O|  |TAMS 0x0000000723a00000, 0x0000000723800000| Untracked 
| 285|0x0000000723a00000, 0x0000000723c00000, 0x0000000723c00000|100%| O|  |TAMS 0x0000000723c00000, 0x0000000723a00000| Untracked 
| 286|0x0000000723c00000, 0x0000000723e00000, 0x0000000723e00000|100%| O|  |TAMS 0x0000000723e00000, 0x0000000723c00000| Untracked 
| 287|0x0000000723e00000, 0x0000000724000000, 0x0000000724000000|100%| O|  |TAMS 0x0000000724000000, 0x0000000723e00000| Untracked 
| 288|0x0000000724000000, 0x0000000724200000, 0x0000000724200000|100%| O|  |TAMS 0x0000000724200000, 0x0000000724000000| Untracked 
| 289|0x0000000724200000, 0x0000000724400000, 0x0000000724400000|100%| O|  |TAMS 0x0000000724400000, 0x0000000724200000| Untracked 
| 290|0x0000000724400000, 0x0000000724600000, 0x0000000724600000|100%| O|  |TAMS 0x0000000724600000, 0x0000000724400000| Untracked 
| 291|0x0000000724600000, 0x0000000724800000, 0x0000000724800000|100%| O|  |TAMS 0x0000000724800000, 0x0000000724600000| Untracked 
| 292|0x0000000724800000, 0x0000000724a00000, 0x0000000724a00000|100%| O|  |TAMS 0x0000000724a00000, 0x0000000724800000| Untracked 
| 293|0x0000000724a00000, 0x0000000724c00000, 0x0000000724c00000|100%| O|  |TAMS 0x0000000724c00000, 0x0000000724a00000| Untracked 
| 294|0x0000000724c00000, 0x0000000724e00000, 0x0000000724e00000|100%| O|  |TAMS 0x0000000724e00000, 0x0000000724c00000| Untracked 
| 295|0x0000000724e00000, 0x0000000725000000, 0x0000000725000000|100%| O|  |TAMS 0x0000000725000000, 0x0000000724e00000| Untracked 
| 296|0x0000000725000000, 0x0000000725200000, 0x0000000725200000|100%| O|  |TAMS 0x0000000725200000, 0x0000000725000000| Untracked 
| 297|0x0000000725200000, 0x0000000725400000, 0x0000000725400000|100%| O|  |TAMS 0x0000000725400000, 0x0000000725200000| Untracked 
| 298|0x0000000725400000, 0x0000000725600000, 0x0000000725600000|100%| O|  |TAMS 0x0000000725600000, 0x0000000725400000| Untracked 
| 299|0x0000000725600000, 0x0000000725800000, 0x0000000725800000|100%| O|  |TAMS 0x0000000725800000, 0x0000000725600000| Untracked 
| 300|0x0000000725800000, 0x0000000725a00000, 0x0000000725a00000|100%| O|  |TAMS 0x0000000725a00000, 0x0000000725800000| Untracked 
| 301|0x0000000725a00000, 0x0000000725c00000, 0x0000000725c00000|100%|HS|  |TAMS 0x0000000725c00000, 0x0000000725a00000| Complete 
| 302|0x0000000725c00000, 0x0000000725e00000, 0x0000000725e00000|100%|HC|  |TAMS 0x0000000725e00000, 0x0000000725c00000| Complete 
| 303|0x0000000725e00000, 0x0000000726000000, 0x0000000726000000|100%| O|  |TAMS 0x0000000726000000, 0x0000000725e00000| Untracked 
| 304|0x0000000726000000, 0x0000000726200000, 0x0000000726200000|100%| O|  |TAMS 0x0000000726200000, 0x0000000726000000| Untracked 
| 305|0x0000000726200000, 0x0000000726400000, 0x0000000726400000|100%| O|  |TAMS 0x0000000726400000, 0x0000000726200000| Untracked 
| 306|0x0000000726400000, 0x0000000726600000, 0x0000000726600000|100%| O|  |TAMS 0x0000000726600000, 0x0000000726400000| Untracked 
| 307|0x0000000726600000, 0x0000000726800000, 0x0000000726800000|100%| O|  |TAMS 0x0000000726800000, 0x0000000726600000| Untracked 
| 308|0x0000000726800000, 0x0000000726a00000, 0x0000000726a00000|100%| O|  |TAMS 0x0000000726a00000, 0x0000000726800000| Untracked 
| 309|0x0000000726a00000, 0x0000000726c00000, 0x0000000726c00000|100%| O|  |TAMS 0x0000000726c00000, 0x0000000726a00000| Untracked 
| 310|0x0000000726c00000, 0x0000000726e00000, 0x0000000726e00000|100%| O|  |TAMS 0x0000000726e00000, 0x0000000726c00000| Untracked 
| 311|0x0000000726e00000, 0x0000000727000000, 0x0000000727000000|100%| O|  |TAMS 0x0000000727000000, 0x0000000726e00000| Untracked 
| 312|0x0000000727000000, 0x0000000727200000, 0x0000000727200000|100%| O|  |TAMS 0x0000000727200000, 0x0000000727000000| Untracked 
| 313|0x0000000727200000, 0x0000000727400000, 0x0000000727400000|100%| O|  |TAMS 0x0000000727400000, 0x0000000727200000| Untracked 
| 314|0x0000000727400000, 0x0000000727600000, 0x0000000727600000|100%| O|  |TAMS 0x0000000727600000, 0x0000000727400000| Untracked 
| 315|0x0000000727600000, 0x0000000727800000, 0x0000000727800000|100%| O|  |TAMS 0x0000000727800000, 0x0000000727600000| Untracked 
| 316|0x0000000727800000, 0x0000000727a00000, 0x0000000727a00000|100%| O|  |TAMS 0x0000000727a00000, 0x0000000727800000| Untracked 
| 317|0x0000000727a00000, 0x0000000727a00000, 0x0000000727c00000|  0%| F|  |TAMS 0x0000000727a00000, 0x0000000727a00000| Untracked 
| 318|0x0000000727c00000, 0x0000000727e00000, 0x0000000727e00000|100%| O|  |TAMS 0x0000000727e00000, 0x0000000727c00000| Untracked 
| 319|0x0000000727e00000, 0x0000000728000000, 0x0000000728000000|100%| O|  |TAMS 0x0000000728000000, 0x0000000727e00000| Untracked 
| 320|0x0000000728000000, 0x0000000728200000, 0x0000000728200000|100%| O|  |TAMS 0x0000000728200000, 0x0000000728000000| Untracked 
| 321|0x0000000728200000, 0x0000000728400000, 0x0000000728400000|100%| O|  |TAMS 0x0000000728400000, 0x0000000728200000| Untracked 
| 322|0x0000000728400000, 0x0000000728600000, 0x0000000728600000|100%| O|  |TAMS 0x0000000728600000, 0x0000000728400000| Complete 
| 323|0x0000000728600000, 0x0000000728800000, 0x0000000728800000|100%|HS|  |TAMS 0x0000000728800000, 0x0000000728600000| Complete 
| 324|0x0000000728800000, 0x0000000728a00000, 0x0000000728a00000|100%|HC|  |TAMS 0x0000000728a00000, 0x0000000728800000| Complete 
| 325|0x0000000728a00000, 0x0000000728c00000, 0x0000000728c00000|100%| O|  |TAMS 0x0000000728c00000, 0x0000000728a00000| Untracked 
| 326|0x0000000728c00000, 0x0000000728e00000, 0x0000000728e00000|100%| O|  |TAMS 0x0000000728e00000, 0x0000000728c00000| Untracked 
| 327|0x0000000728e00000, 0x0000000729000000, 0x0000000729000000|100%| O|  |TAMS 0x0000000729000000, 0x0000000728e00000| Untracked 
| 328|0x0000000729000000, 0x0000000729200000, 0x0000000729200000|100%| O|  |TAMS 0x0000000729200000, 0x0000000729000000| Untracked 
| 329|0x0000000729200000, 0x0000000729400000, 0x0000000729400000|100%| O|  |TAMS 0x0000000729400000, 0x0000000729200000| Untracked 
| 330|0x0000000729400000, 0x0000000729600000, 0x0000000729600000|100%| O|  |TAMS 0x0000000729600000, 0x0000000729400000| Untracked 
| 331|0x0000000729600000, 0x0000000729800000, 0x0000000729800000|100%| O|  |TAMS 0x0000000729800000, 0x0000000729600000| Untracked 
| 332|0x0000000729800000, 0x0000000729a00000, 0x0000000729a00000|100%| O|  |TAMS 0x0000000729a00000, 0x0000000729800000| Untracked 
| 333|0x0000000729a00000, 0x0000000729c00000, 0x0000000729c00000|100%| O|  |TAMS 0x0000000729c00000, 0x0000000729a00000| Untracked 
| 334|0x0000000729c00000, 0x0000000729e00000, 0x0000000729e00000|100%| O|  |TAMS 0x0000000729e00000, 0x0000000729c00000| Untracked 
| 335|0x0000000729e00000, 0x000000072a000000, 0x000000072a000000|100%| O|  |TAMS 0x000000072a000000, 0x0000000729e00000| Untracked 
| 336|0x000000072a000000, 0x000000072a200000, 0x000000072a200000|100%| O|  |TAMS 0x000000072a200000, 0x000000072a000000| Untracked 
| 337|0x000000072a200000, 0x000000072a400000, 0x000000072a400000|100%| O|  |TAMS 0x000000072a400000, 0x000000072a200000| Untracked 
| 338|0x000000072a400000, 0x000000072a600000, 0x000000072a600000|100%| O|  |TAMS 0x000000072a600000, 0x000000072a400000| Complete 
| 339|0x000000072a600000, 0x000000072a800000, 0x000000072a800000|100%| O|  |TAMS 0x000000072a800000, 0x000000072a600000| Untracked 
| 340|0x000000072a800000, 0x000000072aa00000, 0x000000072aa00000|100%| O|  |TAMS 0x000000072aa00000, 0x000000072a800000| Untracked 
| 341|0x000000072aa00000, 0x000000072ac00000, 0x000000072ac00000|100%| O|  |TAMS 0x000000072ac00000, 0x000000072aa00000| Untracked 
| 342|0x000000072ac00000, 0x000000072ac00000, 0x000000072ae00000|  0%| F|  |TAMS 0x000000072ac00000, 0x000000072ac00000| Untracked 
| 343|0x000000072ae00000, 0x000000072b000000, 0x000000072b000000|100%| O|  |TAMS 0x000000072b000000, 0x000000072ae00000| Untracked 
| 344|0x000000072b000000, 0x000000072b200000, 0x000000072b200000|100%| O|  |TAMS 0x000000072b200000, 0x000000072b000000| Untracked 
| 345|0x000000072b200000, 0x000000072b400000, 0x000000072b400000|100%| O|  |TAMS 0x000000072b400000, 0x000000072b200000| Untracked 
| 346|0x000000072b400000, 0x000000072b600000, 0x000000072b600000|100%| O|  |TAMS 0x000000072b600000, 0x000000072b400000| Untracked 
| 347|0x000000072b600000, 0x000000072b800000, 0x000000072b800000|100%| O|  |TAMS 0x000000072b800000, 0x000000072b600000| Untracked 
| 348|0x000000072b800000, 0x000000072ba00000, 0x000000072ba00000|100%| O|  |TAMS 0x000000072ba00000, 0x000000072b800000| Untracked 
| 349|0x000000072ba00000, 0x000000072bc00000, 0x000000072bc00000|100%| O|  |TAMS 0x000000072bc00000, 0x000000072ba00000| Untracked 
| 350|0x000000072bc00000, 0x000000072be00000, 0x000000072be00000|100%| O|  |TAMS 0x000000072be00000, 0x000000072bc00000| Untracked 
| 351|0x000000072be00000, 0x000000072c000000, 0x000000072c000000|100%|HS|  |TAMS 0x000000072c000000, 0x000000072be00000| Complete 
| 352|0x000000072c000000, 0x000000072c200000, 0x000000072c200000|100%| O|  |TAMS 0x000000072c200000, 0x000000072c000000| Untracked 
| 353|0x000000072c200000, 0x000000072c400000, 0x000000072c400000|100%| O|  |TAMS 0x000000072c400000, 0x000000072c200000| Untracked 
| 354|0x000000072c400000, 0x000000072c600000, 0x000000072c600000|100%| O|  |TAMS 0x000000072c600000, 0x000000072c400000| Untracked 
| 355|0x000000072c600000, 0x000000072c600000, 0x000000072c800000|  0%| F|  |TAMS 0x000000072c600000, 0x000000072c600000| Untracked 
| 356|0x000000072c800000, 0x000000072ca00000, 0x000000072ca00000|100%| O|  |TAMS 0x000000072ca00000, 0x000000072c800000| Untracked 
| 357|0x000000072ca00000, 0x000000072cc00000, 0x000000072cc00000|100%| O|  |TAMS 0x000000072cc00000, 0x000000072ca00000| Untracked 
| 358|0x000000072cc00000, 0x000000072ce00000, 0x000000072ce00000|100%| O|  |TAMS 0x000000072ce00000, 0x000000072cc00000| Untracked 
| 359|0x000000072ce00000, 0x000000072d000000, 0x000000072d000000|100%| O|  |TAMS 0x000000072d000000, 0x000000072ce00000| Untracked 
| 360|0x000000072d000000, 0x000000072d200000, 0x000000072d200000|100%| O|  |TAMS 0x000000072d200000, 0x000000072d000000| Untracked 
| 361|0x000000072d200000, 0x000000072d200000, 0x000000072d400000|  0%| F|  |TAMS 0x000000072d200000, 0x000000072d200000| Untracked 
| 362|0x000000072d400000, 0x000000072d600000, 0x000000072d600000|100%| O|  |TAMS 0x000000072d600000, 0x000000072d400000| Untracked 
| 363|0x000000072d600000, 0x000000072d800000, 0x000000072d800000|100%| O|  |TAMS 0x000000072d800000, 0x000000072d600000| Untracked 
| 364|0x000000072d800000, 0x000000072da00000, 0x000000072da00000|100%| O|  |TAMS 0x000000072da00000, 0x000000072d800000| Untracked 
| 365|0x000000072da00000, 0x000000072da00000, 0x000000072dc00000|  0%| F|  |TAMS 0x000000072da00000, 0x000000072da00000| Untracked 
| 366|0x000000072dc00000, 0x000000072de00000, 0x000000072de00000|100%| O|  |TAMS 0x000000072de00000, 0x000000072dc00000| Untracked 
| 367|0x000000072de00000, 0x000000072e000000, 0x000000072e000000|100%| O|  |TAMS 0x000000072e000000, 0x000000072de00000| Untracked 
| 368|0x000000072e000000, 0x000000072e000000, 0x000000072e200000|  0%| F|  |TAMS 0x000000072e000000, 0x000000072e000000| Untracked 
| 369|0x000000072e200000, 0x000000072e400000, 0x000000072e400000|100%| O|  |TAMS 0x000000072e400000, 0x000000072e200000| Untracked 
| 370|0x000000072e400000, 0x000000072e600000, 0x000000072e600000|100%| O|  |TAMS 0x000000072e600000, 0x000000072e400000| Untracked 
| 371|0x000000072e600000, 0x000000072e800000, 0x000000072e800000|100%| O|  |TAMS 0x000000072e800000, 0x000000072e600000| Untracked 
| 372|0x000000072e800000, 0x000000072ea00000, 0x000000072ea00000|100%| O|  |TAMS 0x000000072ea00000, 0x000000072e800000| Untracked 
| 373|0x000000072ea00000, 0x000000072ec00000, 0x000000072ec00000|100%| O|  |TAMS 0x000000072ec00000, 0x000000072ea00000| Untracked 
| 374|0x000000072ec00000, 0x000000072ee00000, 0x000000072ee00000|100%| O|  |TAMS 0x000000072ee00000, 0x000000072ec00000| Untracked 
| 375|0x000000072ee00000, 0x000000072f000000, 0x000000072f000000|100%| O|  |TAMS 0x000000072f000000, 0x000000072ee00000| Untracked 
| 376|0x000000072f000000, 0x000000072f200000, 0x000000072f200000|100%| O|  |TAMS 0x000000072f200000, 0x000000072f000000| Untracked 
| 377|0x000000072f200000, 0x000000072f400000, 0x000000072f400000|100%| O|  |TAMS 0x000000072f400000, 0x000000072f200000| Untracked 
| 378|0x000000072f400000, 0x000000072f600000, 0x000000072f600000|100%| O|  |TAMS 0x000000072f600000, 0x000000072f400000| Untracked 
| 379|0x000000072f600000, 0x000000072f800000, 0x000000072f800000|100%| O|  |TAMS 0x000000072f800000, 0x000000072f600000| Untracked 
| 380|0x000000072f800000, 0x000000072fa00000, 0x000000072fa00000|100%| O|  |TAMS 0x000000072fa00000, 0x000000072f800000| Untracked 
| 381|0x000000072fa00000, 0x000000072fc00000, 0x000000072fc00000|100%| O|  |TAMS 0x000000072fc00000, 0x000000072fa00000| Untracked 
| 382|0x000000072fc00000, 0x000000072fe00000, 0x000000072fe00000|100%| O|  |TAMS 0x000000072fe00000, 0x000000072fc00000| Untracked 
| 383|0x000000072fe00000, 0x0000000730000000, 0x0000000730000000|100%| O|  |TAMS 0x0000000730000000, 0x000000072fe00000| Untracked 
| 384|0x0000000730000000, 0x0000000730200000, 0x0000000730200000|100%| O|  |TAMS 0x0000000730200000, 0x0000000730000000| Untracked 
| 385|0x0000000730200000, 0x0000000730400000, 0x0000000730400000|100%| O|  |TAMS 0x0000000730400000, 0x0000000730200000| Untracked 
| 386|0x0000000730400000, 0x0000000730600000, 0x0000000730600000|100%| O|  |TAMS 0x0000000730600000, 0x0000000730400000| Untracked 
| 387|0x0000000730600000, 0x0000000730800000, 0x0000000730800000|100%| O|  |TAMS 0x0000000730800000, 0x0000000730600000| Untracked 
| 388|0x0000000730800000, 0x0000000730a00000, 0x0000000730a00000|100%| O|  |TAMS 0x0000000730a00000, 0x0000000730800000| Untracked 
| 389|0x0000000730a00000, 0x0000000730c00000, 0x0000000730c00000|100%| O|  |TAMS 0x0000000730c00000, 0x0000000730a00000| Untracked 
| 390|0x0000000730c00000, 0x0000000730e00000, 0x0000000730e00000|100%| O|  |TAMS 0x0000000730e00000, 0x0000000730c00000| Untracked 
| 391|0x0000000730e00000, 0x0000000731000000, 0x0000000731000000|100%| O|  |TAMS 0x0000000731000000, 0x0000000730e00000| Untracked 
| 392|0x0000000731000000, 0x0000000731200000, 0x0000000731200000|100%| O|  |TAMS 0x0000000731200000, 0x0000000731000000| Untracked 
| 393|0x0000000731200000, 0x0000000731400000, 0x0000000731400000|100%| O|  |TAMS 0x0000000731400000, 0x0000000731200000| Untracked 
| 394|0x0000000731400000, 0x0000000731600000, 0x0000000731600000|100%| O|  |TAMS 0x0000000731600000, 0x0000000731400000| Complete 
| 395|0x0000000731600000, 0x0000000731800000, 0x0000000731800000|100%| O|  |TAMS 0x0000000731800000, 0x0000000731600000| Untracked 
| 396|0x0000000731800000, 0x0000000731800000, 0x0000000731a00000|  0%| F|  |TAMS 0x0000000731800000, 0x0000000731800000| Untracked 
| 397|0x0000000731a00000, 0x0000000731c00000, 0x0000000731c00000|100%| O|  |TAMS 0x0000000731c00000, 0x0000000731a00000| Complete 
| 398|0x0000000731c00000, 0x0000000731e00000, 0x0000000731e00000|100%| O|  |TAMS 0x0000000731e00000, 0x0000000731c00000| Untracked 
| 399|0x0000000731e00000, 0x0000000732000000, 0x0000000732000000|100%| O|  |TAMS 0x0000000732000000, 0x0000000731e00000| Untracked 
| 400|0x0000000732000000, 0x0000000732200000, 0x0000000732200000|100%| O|  |TAMS 0x0000000732200000, 0x0000000732000000| Complete 
| 401|0x0000000732200000, 0x0000000732400000, 0x0000000732400000|100%| O|  |TAMS 0x0000000732400000, 0x0000000732200000| Untracked 
| 402|0x0000000732400000, 0x0000000732600000, 0x0000000732600000|100%| O|  |TAMS 0x0000000732600000, 0x0000000732400000| Untracked 
| 403|0x0000000732600000, 0x0000000732800000, 0x0000000732800000|100%| O|  |TAMS 0x0000000732800000, 0x0000000732600000| Untracked 
| 404|0x0000000732800000, 0x0000000732a00000, 0x0000000732a00000|100%| O|  |TAMS 0x0000000732a00000, 0x0000000732800000| Untracked 
| 405|0x0000000732a00000, 0x0000000732c00000, 0x0000000732c00000|100%| O|  |TAMS 0x0000000732c00000, 0x0000000732a00000| Untracked 
| 406|0x0000000732c00000, 0x0000000732e00000, 0x0000000732e00000|100%| O|  |TAMS 0x0000000732e00000, 0x0000000732c00000| Untracked 
| 407|0x0000000732e00000, 0x0000000733000000, 0x0000000733000000|100%| O|  |TAMS 0x0000000733000000, 0x0000000732e00000| Untracked 
| 408|0x0000000733000000, 0x0000000733200000, 0x0000000733200000|100%| O|  |TAMS 0x0000000733200000, 0x0000000733000000| Untracked 
| 409|0x0000000733200000, 0x0000000733400000, 0x0000000733400000|100%| O|  |TAMS 0x0000000733400000, 0x0000000733200000| Untracked 
| 410|0x0000000733400000, 0x0000000733600000, 0x0000000733600000|100%| O|  |TAMS 0x0000000733600000, 0x0000000733400000| Untracked 
| 411|0x0000000733600000, 0x0000000733800000, 0x0000000733800000|100%| O|  |TAMS 0x0000000733800000, 0x0000000733600000| Untracked 
| 412|0x0000000733800000, 0x0000000733a00000, 0x0000000733a00000|100%| O|  |TAMS 0x0000000733a00000, 0x0000000733800000| Untracked 
| 413|0x0000000733a00000, 0x0000000733c00000, 0x0000000733c00000|100%| O|  |TAMS 0x0000000733c00000, 0x0000000733a00000| Untracked 
| 414|0x0000000733c00000, 0x0000000733e00000, 0x0000000733e00000|100%| O|  |TAMS 0x0000000733e00000, 0x0000000733c00000| Untracked 
| 415|0x0000000733e00000, 0x0000000733e00000, 0x0000000734000000|  0%| F|  |TAMS 0x0000000733e00000, 0x0000000733e00000| Untracked 
| 416|0x0000000734000000, 0x0000000734200000, 0x0000000734200000|100%| O|  |TAMS 0x0000000734200000, 0x0000000734000000| Untracked 
| 417|0x0000000734200000, 0x0000000734400000, 0x0000000734400000|100%| O|  |TAMS 0x0000000734400000, 0x0000000734200000| Untracked 
| 418|0x0000000734400000, 0x0000000734600000, 0x0000000734600000|100%| O|  |TAMS 0x0000000734600000, 0x0000000734400000| Untracked 
| 419|0x0000000734600000, 0x0000000734800000, 0x0000000734800000|100%| O|  |TAMS 0x0000000734800000, 0x0000000734600000| Untracked 
| 420|0x0000000734800000, 0x0000000734a00000, 0x0000000734a00000|100%| O|  |TAMS 0x0000000734a00000, 0x0000000734800000| Untracked 
| 421|0x0000000734a00000, 0x0000000734c00000, 0x0000000734c00000|100%| O|  |TAMS 0x0000000734c00000, 0x0000000734a00000| Untracked 
| 422|0x0000000734c00000, 0x0000000734e00000, 0x0000000734e00000|100%| O|  |TAMS 0x0000000734e00000, 0x0000000734c00000| Untracked 
| 423|0x0000000734e00000, 0x0000000735000000, 0x0000000735000000|100%| O|  |TAMS 0x0000000735000000, 0x0000000734e00000| Untracked 
| 424|0x0000000735000000, 0x0000000735200000, 0x0000000735200000|100%| O|  |TAMS 0x0000000735200000, 0x0000000735000000| Untracked 
| 425|0x0000000735200000, 0x0000000735200000, 0x0000000735400000|  0%| F|  |TAMS 0x0000000735200000, 0x0000000735200000| Untracked 
| 426|0x0000000735400000, 0x0000000735600000, 0x0000000735600000|100%| O|  |TAMS 0x0000000735600000, 0x0000000735400000| Untracked 
| 427|0x0000000735600000, 0x0000000735800000, 0x0000000735800000|100%| O|  |TAMS 0x0000000735800000, 0x0000000735600000| Untracked 
| 428|0x0000000735800000, 0x0000000735a00000, 0x0000000735a00000|100%| O|  |TAMS 0x0000000735a00000, 0x0000000735800000| Untracked 
| 429|0x0000000735a00000, 0x0000000735c00000, 0x0000000735c00000|100%| O|  |TAMS 0x0000000735c00000, 0x0000000735a00000| Untracked 
| 430|0x0000000735c00000, 0x0000000735e00000, 0x0000000735e00000|100%| O|  |TAMS 0x0000000735e00000, 0x0000000735c00000| Untracked 
| 431|0x0000000735e00000, 0x0000000736000000, 0x0000000736000000|100%| O|  |TAMS 0x0000000736000000, 0x0000000735e00000| Untracked 
| 432|0x0000000736000000, 0x0000000736200000, 0x0000000736200000|100%| O|  |TAMS 0x0000000736200000, 0x0000000736000000| Untracked 
| 433|0x0000000736200000, 0x0000000736400000, 0x0000000736400000|100%| O|  |TAMS 0x0000000736400000, 0x0000000736200000| Untracked 
| 434|0x0000000736400000, 0x0000000736600000, 0x0000000736600000|100%| O|  |TAMS 0x0000000736600000, 0x0000000736400000| Untracked 
| 435|0x0000000736600000, 0x0000000736800000, 0x0000000736800000|100%| O|  |TAMS 0x0000000736800000, 0x0000000736600000| Untracked 
| 436|0x0000000736800000, 0x0000000736a00000, 0x0000000736a00000|100%| O|  |TAMS 0x0000000736a00000, 0x0000000736800000| Untracked 
| 437|0x0000000736a00000, 0x0000000736c00000, 0x0000000736c00000|100%| O|  |TAMS 0x0000000736c00000, 0x0000000736a00000| Untracked 
| 438|0x0000000736c00000, 0x0000000736e00000, 0x0000000736e00000|100%| O|  |TAMS 0x0000000736e00000, 0x0000000736c00000| Untracked 
| 439|0x0000000736e00000, 0x0000000736e00000, 0x0000000737000000|  0%| F|  |TAMS 0x0000000736e00000, 0x0000000736e00000| Untracked 
| 440|0x0000000737000000, 0x0000000737200000, 0x0000000737200000|100%| O|  |TAMS 0x0000000737200000, 0x0000000737000000| Untracked 
| 441|0x0000000737200000, 0x0000000737400000, 0x0000000737400000|100%| O|  |TAMS 0x0000000737400000, 0x0000000737200000| Untracked 
| 442|0x0000000737400000, 0x0000000737400000, 0x0000000737600000|  0%| F|  |TAMS 0x0000000737400000, 0x0000000737400000| Untracked 
| 443|0x0000000737600000, 0x0000000737600000, 0x0000000737800000|  0%| F|  |TAMS 0x0000000737600000, 0x0000000737600000| Untracked 
| 444|0x0000000737800000, 0x0000000737800000, 0x0000000737a00000|  0%| F|  |TAMS 0x0000000737800000, 0x0000000737800000| Untracked 
| 445|0x0000000737a00000, 0x0000000737a00000, 0x0000000737c00000|  0%| F|  |TAMS 0x0000000737a00000, 0x0000000737a00000| Untracked 
| 446|0x0000000737c00000, 0x0000000737c00000, 0x0000000737e00000|  0%| F|  |TAMS 0x0000000737c00000, 0x0000000737c00000| Untracked 
| 447|0x0000000737e00000, 0x0000000738000000, 0x0000000738000000|100%| O|  |TAMS 0x0000000738000000, 0x0000000737e00000| Complete 
| 448|0x0000000738000000, 0x0000000738200000, 0x0000000738200000|100%| O|  |TAMS 0x0000000738200000, 0x0000000738000000| Untracked 
| 449|0x0000000738200000, 0x0000000738400000, 0x0000000738400000|100%| O|  |TAMS 0x0000000738400000, 0x0000000738200000| Untracked 
| 450|0x0000000738400000, 0x0000000738600000, 0x0000000738600000|100%| O|  |TAMS 0x0000000738600000, 0x0000000738400000| Untracked 
| 451|0x0000000738600000, 0x0000000738800000, 0x0000000738800000|100%| O|  |TAMS 0x0000000738800000, 0x0000000738600000| Untracked 
| 452|0x0000000738800000, 0x0000000738a00000, 0x0000000738a00000|100%| O|  |TAMS 0x0000000738a00000, 0x0000000738800000| Untracked 
| 453|0x0000000738a00000, 0x0000000738c00000, 0x0000000738c00000|100%| O|  |TAMS 0x0000000738c00000, 0x0000000738a00000| Untracked 
| 454|0x0000000738c00000, 0x0000000738e00000, 0x0000000738e00000|100%| O|  |TAMS 0x0000000738e00000, 0x0000000738c00000| Untracked 
| 455|0x0000000738e00000, 0x0000000739000000, 0x0000000739000000|100%| O|  |TAMS 0x0000000739000000, 0x0000000738e00000| Untracked 
| 456|0x0000000739000000, 0x0000000739200000, 0x0000000739200000|100%| O|  |TAMS 0x0000000739200000, 0x0000000739000000| Untracked 
| 457|0x0000000739200000, 0x0000000739400000, 0x0000000739400000|100%| O|  |TAMS 0x0000000739400000, 0x0000000739200000| Untracked 
| 458|0x0000000739400000, 0x0000000739600000, 0x0000000739600000|100%| O|  |TAMS 0x0000000739600000, 0x0000000739400000| Untracked 
| 459|0x0000000739600000, 0x0000000739800000, 0x0000000739800000|100%| O|  |TAMS 0x0000000739800000, 0x0000000739600000| Untracked 
| 460|0x0000000739800000, 0x0000000739a00000, 0x0000000739a00000|100%| O|  |TAMS 0x0000000739a00000, 0x0000000739800000| Untracked 
| 461|0x0000000739a00000, 0x0000000739c00000, 0x0000000739c00000|100%| O|  |TAMS 0x0000000739c00000, 0x0000000739a00000| Untracked 
| 462|0x0000000739c00000, 0x0000000739e00000, 0x0000000739e00000|100%| O|  |TAMS 0x0000000739e00000, 0x0000000739c00000| Untracked 
| 463|0x0000000739e00000, 0x000000073a000000, 0x000000073a000000|100%| O|  |TAMS 0x000000073a000000, 0x0000000739e00000| Untracked 
| 464|0x000000073a000000, 0x000000073a200000, 0x000000073a200000|100%| O|  |TAMS 0x000000073a200000, 0x000000073a000000| Untracked 
| 465|0x000000073a200000, 0x000000073a400000, 0x000000073a400000|100%| O|  |TAMS 0x000000073a400000, 0x000000073a200000| Untracked 
| 466|0x000000073a400000, 0x000000073a600000, 0x000000073a600000|100%| O|  |TAMS 0x000000073a600000, 0x000000073a400000| Untracked 
| 467|0x000000073a600000, 0x000000073a800000, 0x000000073a800000|100%| O|  |TAMS 0x000000073a800000, 0x000000073a600000| Untracked 
| 468|0x000000073a800000, 0x000000073aa00000, 0x000000073aa00000|100%| O|  |TAMS 0x000000073aa00000, 0x000000073a800000| Untracked 
| 469|0x000000073aa00000, 0x000000073ac00000, 0x000000073ac00000|100%| O|  |TAMS 0x000000073ac00000, 0x000000073aa00000| Untracked 
| 470|0x000000073ac00000, 0x000000073ae00000, 0x000000073ae00000|100%| O|  |TAMS 0x000000073ae00000, 0x000000073ac00000| Untracked 
| 471|0x000000073ae00000, 0x000000073b000000, 0x000000073b000000|100%| O|  |TAMS 0x000000073b000000, 0x000000073ae00000| Untracked 
| 472|0x000000073b000000, 0x000000073b200000, 0x000000073b200000|100%|HS|  |TAMS 0x000000073b200000, 0x000000073b000000| Complete 
| 473|0x000000073b200000, 0x000000073b400000, 0x000000073b400000|100%| O|  |TAMS 0x000000073b400000, 0x000000073b200000| Untracked 
| 474|0x000000073b400000, 0x000000073b600000, 0x000000073b600000|100%| O|  |TAMS 0x000000073b600000, 0x000000073b400000| Untracked 
| 475|0x000000073b600000, 0x000000073b800000, 0x000000073b800000|100%| O|  |TAMS 0x000000073b800000, 0x000000073b600000| Untracked 
| 476|0x000000073b800000, 0x000000073ba00000, 0x000000073ba00000|100%| O|  |TAMS 0x000000073ba00000, 0x000000073b800000| Untracked 
| 477|0x000000073ba00000, 0x000000073bc00000, 0x000000073bc00000|100%| O|  |TAMS 0x000000073bc00000, 0x000000073ba00000| Untracked 
| 478|0x000000073bc00000, 0x000000073be00000, 0x000000073be00000|100%| O|  |TAMS 0x000000073be00000, 0x000000073bc00000| Untracked 
| 479|0x000000073be00000, 0x000000073c000000, 0x000000073c000000|100%| O|  |TAMS 0x000000073c000000, 0x000000073be00000| Untracked 
| 480|0x000000073c000000, 0x000000073c000000, 0x000000073c200000|  0%| F|  |TAMS 0x000000073c000000, 0x000000073c000000| Untracked 
| 481|0x000000073c200000, 0x000000073c400000, 0x000000073c400000|100%| O|  |TAMS 0x000000073c400000, 0x000000073c200000| Untracked 
| 482|0x000000073c400000, 0x000000073c600000, 0x000000073c600000|100%| O|  |TAMS 0x000000073c600000, 0x000000073c400000| Untracked 
| 483|0x000000073c600000, 0x000000073c800000, 0x000000073c800000|100%| O|  |TAMS 0x000000073c800000, 0x000000073c600000| Untracked 
| 484|0x000000073c800000, 0x000000073ca00000, 0x000000073ca00000|100%|HS|  |TAMS 0x000000073ca00000, 0x000000073c800000| Complete 
| 485|0x000000073ca00000, 0x000000073cc00000, 0x000000073cc00000|100%|HS|  |TAMS 0x000000073cc00000, 0x000000073ca00000| Complete 
| 486|0x000000073cc00000, 0x000000073ce00000, 0x000000073ce00000|100%| O|  |TAMS 0x000000073ce00000, 0x000000073cc00000| Untracked 
| 487|0x000000073ce00000, 0x000000073d000000, 0x000000073d000000|100%| O|  |TAMS 0x000000073d000000, 0x000000073ce00000| Untracked 
| 488|0x000000073d000000, 0x000000073d200000, 0x000000073d200000|100%| O|  |TAMS 0x000000073d200000, 0x000000073d000000| Untracked 
| 489|0x000000073d200000, 0x000000073d400000, 0x000000073d400000|100%| O|  |TAMS 0x000000073d400000, 0x000000073d200000| Untracked 
| 490|0x000000073d400000, 0x000000073d600000, 0x000000073d600000|100%| O|  |TAMS 0x000000073d600000, 0x000000073d400000| Untracked 
| 491|0x000000073d600000, 0x000000073d800000, 0x000000073d800000|100%| O|  |TAMS 0x000000073d800000, 0x000000073d600000| Untracked 
| 492|0x000000073d800000, 0x000000073da00000, 0x000000073da00000|100%| O|  |TAMS 0x000000073da00000, 0x000000073d800000| Untracked 
| 493|0x000000073da00000, 0x000000073dc00000, 0x000000073dc00000|100%| O|  |TAMS 0x000000073dc00000, 0x000000073da00000| Untracked 
| 494|0x000000073dc00000, 0x000000073de00000, 0x000000073de00000|100%| O|  |TAMS 0x000000073de00000, 0x000000073dc00000| Untracked 
| 495|0x000000073de00000, 0x000000073e000000, 0x000000073e000000|100%| O|  |TAMS 0x000000073e000000, 0x000000073de00000| Untracked 
| 496|0x000000073e000000, 0x000000073e200000, 0x000000073e200000|100%| O|  |TAMS 0x000000073e200000, 0x000000073e000000| Untracked 
| 497|0x000000073e200000, 0x000000073e400000, 0x000000073e400000|100%| O|  |TAMS 0x000000073e400000, 0x000000073e200000| Untracked 
| 498|0x000000073e400000, 0x000000073e600000, 0x000000073e600000|100%| O|  |TAMS 0x000000073e600000, 0x000000073e400000| Untracked 
| 499|0x000000073e600000, 0x000000073e800000, 0x000000073e800000|100%| O|  |TAMS 0x000000073e800000, 0x000000073e600000| Untracked 
| 500|0x000000073e800000, 0x000000073ea00000, 0x000000073ea00000|100%| O|  |TAMS 0x000000073ea00000, 0x000000073e800000| Untracked 
| 501|0x000000073ea00000, 0x000000073ec00000, 0x000000073ec00000|100%| O|  |TAMS 0x000000073ec00000, 0x000000073ea00000| Untracked 
| 502|0x000000073ec00000, 0x000000073ee00000, 0x000000073ee00000|100%| O|  |TAMS 0x000000073ee00000, 0x000000073ec00000| Untracked 
| 503|0x000000073ee00000, 0x000000073f000000, 0x000000073f000000|100%| O|  |TAMS 0x000000073f000000, 0x000000073ee00000| Untracked 
| 504|0x000000073f000000, 0x000000073f200000, 0x000000073f200000|100%| O|  |TAMS 0x000000073f200000, 0x000000073f000000| Untracked 
| 505|0x000000073f200000, 0x000000073f400000, 0x000000073f400000|100%| O|  |TAMS 0x000000073f400000, 0x000000073f200000| Untracked 
| 506|0x000000073f400000, 0x000000073f600000, 0x000000073f600000|100%| O|  |TAMS 0x000000073f600000, 0x000000073f400000| Untracked 
| 507|0x000000073f600000, 0x000000073f800000, 0x000000073f800000|100%| O|  |TAMS 0x000000073f800000, 0x000000073f600000| Untracked 
| 508|0x000000073f800000, 0x000000073fa00000, 0x000000073fa00000|100%| O|  |TAMS 0x000000073fa00000, 0x000000073f800000| Untracked 
| 509|0x000000073fa00000, 0x000000073fc00000, 0x000000073fc00000|100%| O|  |TAMS 0x000000073fc00000, 0x000000073fa00000| Untracked 
| 510|0x000000073fc00000, 0x000000073fe00000, 0x000000073fe00000|100%| O|  |TAMS 0x000000073fe00000, 0x000000073fc00000| Untracked 
| 511|0x000000073fe00000, 0x0000000740000000, 0x0000000740000000|100%| O|  |TAMS 0x0000000740000000, 0x000000073fe00000| Untracked 
| 512|0x0000000740000000, 0x0000000740200000, 0x0000000740200000|100%| O|  |TAMS 0x0000000740200000, 0x0000000740000000| Untracked 
| 513|0x0000000740200000, 0x0000000740400000, 0x0000000740400000|100%| O|  |TAMS 0x0000000740400000, 0x0000000740200000| Untracked 
| 514|0x0000000740400000, 0x0000000740600000, 0x0000000740600000|100%| O|  |TAMS 0x0000000740600000, 0x0000000740400000| Untracked 
| 515|0x0000000740600000, 0x0000000740800000, 0x0000000740800000|100%| O|  |TAMS 0x0000000740800000, 0x0000000740600000| Untracked 
| 516|0x0000000740800000, 0x0000000740a00000, 0x0000000740a00000|100%| O|  |TAMS 0x0000000740a00000, 0x0000000740800000| Untracked 
| 517|0x0000000740a00000, 0x0000000740c00000, 0x0000000740c00000|100%| O|  |TAMS 0x0000000740c00000, 0x0000000740a00000| Untracked 
| 518|0x0000000740c00000, 0x0000000740e00000, 0x0000000740e00000|100%| O|  |TAMS 0x0000000740e00000, 0x0000000740c00000| Untracked 
| 519|0x0000000740e00000, 0x0000000741000000, 0x0000000741000000|100%| O|  |TAMS 0x0000000741000000, 0x0000000740e00000| Untracked 
| 520|0x0000000741000000, 0x0000000741200000, 0x0000000741200000|100%| O|  |TAMS 0x0000000741200000, 0x0000000741000000| Untracked 
| 521|0x0000000741200000, 0x0000000741400000, 0x0000000741400000|100%| O|  |TAMS 0x0000000741400000, 0x0000000741200000| Untracked 
| 522|0x0000000741400000, 0x0000000741600000, 0x0000000741600000|100%| O|  |TAMS 0x0000000741600000, 0x0000000741400000| Untracked 
| 523|0x0000000741600000, 0x0000000741800000, 0x0000000741800000|100%| O|  |TAMS 0x0000000741800000, 0x0000000741600000| Untracked 
| 524|0x0000000741800000, 0x0000000741a00000, 0x0000000741a00000|100%| O|  |TAMS 0x0000000741a00000, 0x0000000741800000| Untracked 
| 525|0x0000000741a00000, 0x0000000741c00000, 0x0000000741c00000|100%| O|  |TAMS 0x0000000741c00000, 0x0000000741a00000| Untracked 
| 526|0x0000000741c00000, 0x0000000741e00000, 0x0000000741e00000|100%| O|  |TAMS 0x0000000741e00000, 0x0000000741c00000| Untracked 
| 527|0x0000000741e00000, 0x0000000742000000, 0x0000000742000000|100%| O|  |TAMS 0x0000000742000000, 0x0000000741e00000| Untracked 
| 528|0x0000000742000000, 0x0000000742200000, 0x0000000742200000|100%| O|  |TAMS 0x0000000742200000, 0x0000000742000000| Untracked 
| 529|0x0000000742200000, 0x0000000742400000, 0x0000000742400000|100%| O|  |TAMS 0x0000000742400000, 0x0000000742200000| Untracked 
| 530|0x0000000742400000, 0x0000000742600000, 0x0000000742600000|100%| O|  |TAMS 0x0000000742600000, 0x0000000742400000| Untracked 
| 531|0x0000000742600000, 0x0000000742800000, 0x0000000742800000|100%| O|  |TAMS 0x0000000742800000, 0x0000000742600000| Untracked 
| 532|0x0000000742800000, 0x0000000742a00000, 0x0000000742a00000|100%| O|  |TAMS 0x0000000742a00000, 0x0000000742800000| Untracked 
| 533|0x0000000742a00000, 0x0000000742c00000, 0x0000000742c00000|100%| O|  |TAMS 0x0000000742c00000, 0x0000000742a00000| Untracked 
| 534|0x0000000742c00000, 0x0000000742e00000, 0x0000000742e00000|100%| O|  |TAMS 0x0000000742e00000, 0x0000000742c00000| Untracked 
| 535|0x0000000742e00000, 0x0000000743000000, 0x0000000743000000|100%| O|  |TAMS 0x0000000743000000, 0x0000000742e00000| Untracked 
| 536|0x0000000743000000, 0x0000000743200000, 0x0000000743200000|100%| O|  |TAMS 0x0000000743200000, 0x0000000743000000| Untracked 
| 537|0x0000000743200000, 0x0000000743400000, 0x0000000743400000|100%| O|  |TAMS 0x0000000743400000, 0x0000000743200000| Untracked 
| 538|0x0000000743400000, 0x0000000743600000, 0x0000000743600000|100%| O|  |TAMS 0x0000000743600000, 0x0000000743400000| Untracked 
| 539|0x0000000743600000, 0x0000000743800000, 0x0000000743800000|100%| O|  |TAMS 0x0000000743800000, 0x0000000743600000| Untracked 
| 540|0x0000000743800000, 0x0000000743a00000, 0x0000000743a00000|100%| O|  |TAMS 0x0000000743a00000, 0x0000000743800000| Untracked 
| 541|0x0000000743a00000, 0x0000000743c00000, 0x0000000743c00000|100%| O|  |TAMS 0x0000000743c00000, 0x0000000743a00000| Untracked 
| 542|0x0000000743c00000, 0x0000000743e00000, 0x0000000743e00000|100%| O|  |TAMS 0x0000000743e00000, 0x0000000743c00000| Untracked 
| 543|0x0000000743e00000, 0x0000000744000000, 0x0000000744000000|100%| O|  |TAMS 0x0000000744000000, 0x0000000743e00000| Untracked 
| 544|0x0000000744000000, 0x0000000744200000, 0x0000000744200000|100%| O|  |TAMS 0x0000000744200000, 0x0000000744000000| Untracked 
| 545|0x0000000744200000, 0x0000000744400000, 0x0000000744400000|100%| O|  |TAMS 0x0000000744400000, 0x0000000744200000| Untracked 
| 546|0x0000000744400000, 0x0000000744600000, 0x0000000744600000|100%| O|  |TAMS 0x0000000744600000, 0x0000000744400000| Untracked 
| 547|0x0000000744600000, 0x0000000744800000, 0x0000000744800000|100%| O|  |TAMS 0x0000000744800000, 0x0000000744600000| Untracked 
| 548|0x0000000744800000, 0x0000000744a00000, 0x0000000744a00000|100%| O|  |TAMS 0x0000000744a00000, 0x0000000744800000| Untracked 
| 549|0x0000000744a00000, 0x0000000744c00000, 0x0000000744c00000|100%| O|  |TAMS 0x0000000744c00000, 0x0000000744a00000| Untracked 
| 550|0x0000000744c00000, 0x0000000744e00000, 0x0000000744e00000|100%| O|  |TAMS 0x0000000744e00000, 0x0000000744c00000| Untracked 
| 551|0x0000000744e00000, 0x0000000745000000, 0x0000000745000000|100%| O|  |TAMS 0x0000000745000000, 0x0000000744e00000| Untracked 
| 552|0x0000000745000000, 0x0000000745200000, 0x0000000745200000|100%|HS|  |TAMS 0x0000000745200000, 0x0000000745000000| Complete 
| 553|0x0000000745200000, 0x0000000745400000, 0x0000000745400000|100%|HC|  |TAMS 0x0000000745400000, 0x0000000745200000| Complete 
| 554|0x0000000745400000, 0x0000000745600000, 0x0000000745600000|100%|HC|  |TAMS 0x0000000745600000, 0x0000000745400000| Complete 
| 555|0x0000000745600000, 0x0000000745800000, 0x0000000745800000|100%|HS|  |TAMS 0x0000000745800000, 0x0000000745600000| Complete 
| 556|0x0000000745800000, 0x0000000745a00000, 0x0000000745a00000|100%|HC|  |TAMS 0x0000000745a00000, 0x0000000745800000| Complete 
| 557|0x0000000745a00000, 0x0000000745c00000, 0x0000000745c00000|100%|HC|  |TAMS 0x0000000745c00000, 0x0000000745a00000| Complete 
| 558|0x0000000745c00000, 0x0000000745e00000, 0x0000000745e00000|100%| O|  |TAMS 0x0000000745e00000, 0x0000000745c00000| Untracked 
| 559|0x0000000745e00000, 0x0000000746000000, 0x0000000746000000|100%| O|  |TAMS 0x0000000746000000, 0x0000000745e00000| Untracked 
| 560|0x0000000746000000, 0x0000000746200000, 0x0000000746200000|100%| O|  |TAMS 0x0000000746200000, 0x0000000746000000| Untracked 
| 561|0x0000000746200000, 0x0000000746200000, 0x0000000746400000|  0%| F|  |TAMS 0x0000000746200000, 0x0000000746200000| Untracked 
| 562|0x0000000746400000, 0x0000000746600000, 0x0000000746600000|100%| O|  |TAMS 0x0000000746600000, 0x0000000746400000| Untracked 
| 563|0x0000000746600000, 0x0000000746800000, 0x0000000746800000|100%| O|  |TAMS 0x0000000746800000, 0x0000000746600000| Untracked 
| 564|0x0000000746800000, 0x0000000746a00000, 0x0000000746a00000|100%| O|  |TAMS 0x0000000746a00000, 0x0000000746800000| Untracked 
| 565|0x0000000746a00000, 0x0000000746c00000, 0x0000000746c00000|100%| O|  |TAMS 0x0000000746c00000, 0x0000000746a00000| Untracked 
| 566|0x0000000746c00000, 0x0000000746e00000, 0x0000000746e00000|100%| O|  |TAMS 0x0000000746e00000, 0x0000000746c00000| Untracked 
| 567|0x0000000746e00000, 0x0000000747000000, 0x0000000747000000|100%| O|  |TAMS 0x0000000747000000, 0x0000000746e00000| Untracked 
| 568|0x0000000747000000, 0x0000000747200000, 0x0000000747200000|100%| O|  |TAMS 0x0000000747200000, 0x0000000747000000| Untracked 
| 569|0x0000000747200000, 0x0000000747400000, 0x0000000747400000|100%| O|  |TAMS 0x0000000747400000, 0x0000000747200000| Untracked 
| 570|0x0000000747400000, 0x0000000747600000, 0x0000000747600000|100%| O|  |TAMS 0x0000000747600000, 0x0000000747400000| Untracked 
| 571|0x0000000747600000, 0x0000000747800000, 0x0000000747800000|100%| O|  |TAMS 0x0000000747800000, 0x0000000747600000| Untracked 
| 572|0x0000000747800000, 0x0000000747a00000, 0x0000000747a00000|100%| O|  |TAMS 0x0000000747a00000, 0x0000000747800000| Untracked 
| 573|0x0000000747a00000, 0x0000000747c00000, 0x0000000747c00000|100%| O|  |TAMS 0x0000000747c00000, 0x0000000747a00000| Untracked 
| 574|0x0000000747c00000, 0x0000000747e00000, 0x0000000747e00000|100%| O|  |TAMS 0x0000000747e00000, 0x0000000747c00000| Untracked 
| 575|0x0000000747e00000, 0x0000000748000000, 0x0000000748000000|100%| O|  |TAMS 0x0000000748000000, 0x0000000747e00000| Untracked 
| 576|0x0000000748000000, 0x0000000748200000, 0x0000000748200000|100%| O|  |TAMS 0x0000000748200000, 0x0000000748000000| Untracked 
| 577|0x0000000748200000, 0x0000000748400000, 0x0000000748400000|100%| O|  |TAMS 0x0000000748400000, 0x0000000748200000| Untracked 
| 578|0x0000000748400000, 0x0000000748600000, 0x0000000748600000|100%| O|  |TAMS 0x0000000748600000, 0x0000000748400000| Untracked 
| 579|0x0000000748600000, 0x0000000748800000, 0x0000000748800000|100%| O|  |TAMS 0x0000000748800000, 0x0000000748600000| Untracked 
| 580|0x0000000748800000, 0x0000000748a00000, 0x0000000748a00000|100%| O|  |TAMS 0x0000000748a00000, 0x0000000748800000| Untracked 
| 581|0x0000000748a00000, 0x0000000748c00000, 0x0000000748c00000|100%| O|  |TAMS 0x0000000748c00000, 0x0000000748a00000| Untracked 
| 582|0x0000000748c00000, 0x0000000748e00000, 0x0000000748e00000|100%| O|  |TAMS 0x0000000748e00000, 0x0000000748c00000| Untracked 
| 583|0x0000000748e00000, 0x0000000749000000, 0x0000000749000000|100%| O|  |TAMS 0x0000000749000000, 0x0000000748e00000| Untracked 
| 584|0x0000000749000000, 0x0000000749200000, 0x0000000749200000|100%| O|  |TAMS 0x0000000749200000, 0x0000000749000000| Untracked 
| 585|0x0000000749200000, 0x0000000749400000, 0x0000000749400000|100%| O|  |TAMS 0x0000000749400000, 0x0000000749200000| Untracked 
| 586|0x0000000749400000, 0x0000000749600000, 0x0000000749600000|100%| O|  |TAMS 0x0000000749600000, 0x0000000749400000| Untracked 
| 587|0x0000000749600000, 0x0000000749800000, 0x0000000749800000|100%| O|  |TAMS 0x0000000749800000, 0x0000000749600000| Untracked 
| 588|0x0000000749800000, 0x0000000749a00000, 0x0000000749a00000|100%| O|  |TAMS 0x0000000749a00000, 0x0000000749800000| Untracked 
| 589|0x0000000749a00000, 0x0000000749c00000, 0x0000000749c00000|100%| O|  |TAMS 0x0000000749c00000, 0x0000000749a00000| Untracked 
| 590|0x0000000749c00000, 0x0000000749e00000, 0x0000000749e00000|100%| O|  |TAMS 0x0000000749e00000, 0x0000000749c00000| Untracked 
| 591|0x0000000749e00000, 0x000000074a000000, 0x000000074a000000|100%| O|  |TAMS 0x000000074a000000, 0x0000000749e00000| Untracked 
| 592|0x000000074a000000, 0x000000074a200000, 0x000000074a200000|100%| O|  |TAMS 0x000000074a200000, 0x000000074a000000| Untracked 
| 593|0x000000074a200000, 0x000000074a400000, 0x000000074a400000|100%| O|  |TAMS 0x000000074a400000, 0x000000074a200000| Untracked 
| 594|0x000000074a400000, 0x000000074a600000, 0x000000074a600000|100%| O|  |TAMS 0x000000074a600000, 0x000000074a400000| Untracked 
| 595|0x000000074a600000, 0x000000074a800000, 0x000000074a800000|100%| O|  |TAMS 0x000000074a800000, 0x000000074a600000| Untracked 
| 596|0x000000074a800000, 0x000000074aa00000, 0x000000074aa00000|100%| O|  |TAMS 0x000000074aa00000, 0x000000074a800000| Untracked 
| 597|0x000000074aa00000, 0x000000074ac00000, 0x000000074ac00000|100%| O|  |TAMS 0x000000074ac00000, 0x000000074aa00000| Untracked 
| 598|0x000000074ac00000, 0x000000074ae00000, 0x000000074ae00000|100%| O|  |TAMS 0x000000074ae00000, 0x000000074ac00000| Untracked 
| 599|0x000000074ae00000, 0x000000074b000000, 0x000000074b000000|100%| O|  |TAMS 0x000000074b000000, 0x000000074ae00000| Untracked 
| 600|0x000000074b000000, 0x000000074b200000, 0x000000074b200000|100%|HS|  |TAMS 0x000000074b200000, 0x000000074b000000| Complete 
| 601|0x000000074b200000, 0x000000074b400000, 0x000000074b400000|100%|HC|  |TAMS 0x000000074b400000, 0x000000074b200000| Complete 
| 602|0x000000074b400000, 0x000000074b600000, 0x000000074b600000|100%| O|  |TAMS 0x000000074b600000, 0x000000074b400000| Untracked 
| 603|0x000000074b600000, 0x000000074b800000, 0x000000074b800000|100%| O|  |TAMS 0x000000074b800000, 0x000000074b600000| Untracked 
| 604|0x000000074b800000, 0x000000074ba00000, 0x000000074ba00000|100%|HS|  |TAMS 0x000000074ba00000, 0x000000074b800000| Complete 
| 605|0x000000074ba00000, 0x000000074bc00000, 0x000000074bc00000|100%| O|  |TAMS 0x000000074bc00000, 0x000000074ba00000| Complete 
| 606|0x000000074bc00000, 0x000000074be00000, 0x000000074be00000|100%|HS|  |TAMS 0x000000074be00000, 0x000000074bc00000| Complete 
| 607|0x000000074be00000, 0x000000074be00000, 0x000000074c000000|  0%| F|  |TAMS 0x000000074be00000, 0x000000074be00000| Untracked 
| 608|0x000000074c000000, 0x000000074c200000, 0x000000074c200000|100%| O|  |TAMS 0x000000074c200000, 0x000000074c000000| Untracked 
| 609|0x000000074c200000, 0x000000074c400000, 0x000000074c400000|100%| O|  |TAMS 0x000000074c400000, 0x000000074c200000| Untracked 
| 610|0x000000074c400000, 0x000000074c600000, 0x000000074c600000|100%| O|  |TAMS 0x000000074c600000, 0x000000074c400000| Untracked 
| 611|0x000000074c600000, 0x000000074c800000, 0x000000074c800000|100%| O|  |TAMS 0x000000074c800000, 0x000000074c600000| Untracked 
| 612|0x000000074c800000, 0x000000074ca00000, 0x000000074ca00000|100%| O|  |TAMS 0x000000074ca00000, 0x000000074c800000| Untracked 
| 613|0x000000074ca00000, 0x000000074cc00000, 0x000000074cc00000|100%| O|  |TAMS 0x000000074cc00000, 0x000000074ca00000| Untracked 
| 614|0x000000074cc00000, 0x000000074ce00000, 0x000000074ce00000|100%| O|  |TAMS 0x000000074ce00000, 0x000000074cc00000| Untracked 
| 615|0x000000074ce00000, 0x000000074d000000, 0x000000074d000000|100%| O|  |TAMS 0x000000074d000000, 0x000000074ce00000| Untracked 
| 616|0x000000074d000000, 0x000000074d200000, 0x000000074d200000|100%| O|  |TAMS 0x000000074d200000, 0x000000074d000000| Untracked 
| 617|0x000000074d200000, 0x000000074d400000, 0x000000074d400000|100%| O|  |TAMS 0x000000074d400000, 0x000000074d200000| Untracked 
| 618|0x000000074d400000, 0x000000074d600000, 0x000000074d600000|100%| O|  |TAMS 0x000000074d600000, 0x000000074d400000| Untracked 
| 619|0x000000074d600000, 0x000000074d800000, 0x000000074d800000|100%| O|  |TAMS 0x000000074d800000, 0x000000074d600000| Untracked 
| 620|0x000000074d800000, 0x000000074da00000, 0x000000074da00000|100%| O|  |TAMS 0x000000074da00000, 0x000000074d800000| Untracked 
| 621|0x000000074da00000, 0x000000074dc00000, 0x000000074dc00000|100%| O|  |TAMS 0x000000074dc00000, 0x000000074da00000| Untracked 
| 622|0x000000074dc00000, 0x000000074de00000, 0x000000074de00000|100%| O|  |TAMS 0x000000074de00000, 0x000000074dc00000| Untracked 
| 623|0x000000074de00000, 0x000000074e000000, 0x000000074e000000|100%| O|  |TAMS 0x000000074e000000, 0x000000074de00000| Untracked 
| 624|0x000000074e000000, 0x000000074e200000, 0x000000074e200000|100%| O|  |TAMS 0x000000074e200000, 0x000000074e000000| Untracked 
| 625|0x000000074e200000, 0x000000074e400000, 0x000000074e400000|100%| O|  |TAMS 0x000000074e400000, 0x000000074e200000| Untracked 
| 626|0x000000074e400000, 0x000000074e600000, 0x000000074e600000|100%| O|  |TAMS 0x000000074e600000, 0x000000074e400000| Untracked 
| 627|0x000000074e600000, 0x000000074e800000, 0x000000074e800000|100%| O|  |TAMS 0x000000074e800000, 0x000000074e600000| Untracked 
| 628|0x000000074e800000, 0x000000074ea00000, 0x000000074ea00000|100%| O|  |TAMS 0x000000074ea00000, 0x000000074e800000| Untracked 
| 629|0x000000074ea00000, 0x000000074ec00000, 0x000000074ec00000|100%| O|  |TAMS 0x000000074ec00000, 0x000000074ea00000| Untracked 
| 630|0x000000074ec00000, 0x000000074ee00000, 0x000000074ee00000|100%| O|  |TAMS 0x000000074ee00000, 0x000000074ec00000| Untracked 
| 631|0x000000074ee00000, 0x000000074f000000, 0x000000074f000000|100%| O|  |TAMS 0x000000074f000000, 0x000000074ee00000| Untracked 
| 632|0x000000074f000000, 0x000000074f200000, 0x000000074f200000|100%| O|  |TAMS 0x000000074f200000, 0x000000074f000000| Untracked 
| 633|0x000000074f200000, 0x000000074f400000, 0x000000074f400000|100%| O|  |TAMS 0x000000074f400000, 0x000000074f200000| Untracked 
| 634|0x000000074f400000, 0x000000074f600000, 0x000000074f600000|100%| O|  |TAMS 0x000000074f600000, 0x000000074f400000| Untracked 
| 635|0x000000074f600000, 0x000000074f800000, 0x000000074f800000|100%| O|  |TAMS 0x000000074f800000, 0x000000074f600000| Untracked 
| 636|0x000000074f800000, 0x000000074fa00000, 0x000000074fa00000|100%| O|  |TAMS 0x000000074fa00000, 0x000000074f800000| Untracked 
| 637|0x000000074fa00000, 0x000000074fc00000, 0x000000074fc00000|100%| O|  |TAMS 0x000000074fc00000, 0x000000074fa00000| Untracked 
| 638|0x000000074fc00000, 0x000000074fe00000, 0x000000074fe00000|100%| O|  |TAMS 0x000000074fe00000, 0x000000074fc00000| Untracked 
| 639|0x000000074fe00000, 0x0000000750000000, 0x0000000750000000|100%| O|  |TAMS 0x0000000750000000, 0x000000074fe00000| Untracked 
| 640|0x0000000750000000, 0x0000000750200000, 0x0000000750200000|100%| O|  |TAMS 0x0000000750200000, 0x0000000750000000| Untracked 
| 641|0x0000000750200000, 0x0000000750400000, 0x0000000750400000|100%| O|  |TAMS 0x0000000750400000, 0x0000000750200000| Untracked 
| 642|0x0000000750400000, 0x0000000750600000, 0x0000000750600000|100%| O|  |TAMS 0x0000000750600000, 0x0000000750400000| Untracked 
| 643|0x0000000750600000, 0x0000000750800000, 0x0000000750800000|100%| O|  |TAMS 0x0000000750800000, 0x0000000750600000| Untracked 
| 644|0x0000000750800000, 0x0000000750a00000, 0x0000000750a00000|100%| O|  |TAMS 0x0000000750a00000, 0x0000000750800000| Untracked 
| 645|0x0000000750a00000, 0x0000000750c00000, 0x0000000750c00000|100%| O|  |TAMS 0x0000000750c00000, 0x0000000750a00000| Untracked 
| 646|0x0000000750c00000, 0x0000000750e00000, 0x0000000750e00000|100%| O|  |TAMS 0x0000000750e00000, 0x0000000750c00000| Untracked 
| 647|0x0000000750e00000, 0x0000000751000000, 0x0000000751000000|100%| O|  |TAMS 0x0000000751000000, 0x0000000750e00000| Untracked 
| 648|0x0000000751000000, 0x0000000751200000, 0x0000000751200000|100%| O|  |TAMS 0x0000000751200000, 0x0000000751000000| Untracked 
| 649|0x0000000751200000, 0x0000000751400000, 0x0000000751400000|100%| O|  |TAMS 0x0000000751400000, 0x0000000751200000| Untracked 
| 650|0x0000000751400000, 0x0000000751600000, 0x0000000751600000|100%| O|  |TAMS 0x0000000751600000, 0x0000000751400000| Untracked 
| 651|0x0000000751600000, 0x0000000751800000, 0x0000000751800000|100%| O|  |TAMS 0x0000000751800000, 0x0000000751600000| Untracked 
| 652|0x0000000751800000, 0x0000000751a00000, 0x0000000751a00000|100%| O|  |TAMS 0x0000000751a00000, 0x0000000751800000| Untracked 
| 653|0x0000000751a00000, 0x0000000751c00000, 0x0000000751c00000|100%| O|  |TAMS 0x0000000751c00000, 0x0000000751a00000| Untracked 
| 654|0x0000000751c00000, 0x0000000751e00000, 0x0000000751e00000|100%| O|  |TAMS 0x0000000751e00000, 0x0000000751c00000| Untracked 
| 655|0x0000000751e00000, 0x0000000752000000, 0x0000000752000000|100%| O|  |TAMS 0x0000000752000000, 0x0000000751e00000| Untracked 
| 656|0x0000000752000000, 0x0000000752200000, 0x0000000752200000|100%| O|  |TAMS 0x0000000752200000, 0x0000000752000000| Untracked 
| 657|0x0000000752200000, 0x0000000752400000, 0x0000000752400000|100%| O|  |TAMS 0x0000000752400000, 0x0000000752200000| Untracked 
| 658|0x0000000752400000, 0x0000000752600000, 0x0000000752600000|100%| O|  |TAMS 0x0000000752600000, 0x0000000752400000| Untracked 
| 659|0x0000000752600000, 0x0000000752800000, 0x0000000752800000|100%| O|  |TAMS 0x0000000752800000, 0x0000000752600000| Untracked 
| 660|0x0000000752800000, 0x0000000752a00000, 0x0000000752a00000|100%| O|  |TAMS 0x0000000752a00000, 0x0000000752800000| Untracked 
| 661|0x0000000752a00000, 0x0000000752c00000, 0x0000000752c00000|100%| O|  |TAMS 0x0000000752c00000, 0x0000000752a00000| Untracked 
| 662|0x0000000752c00000, 0x0000000752e00000, 0x0000000752e00000|100%| O|  |TAMS 0x0000000752e00000, 0x0000000752c00000| Untracked 
| 663|0x0000000752e00000, 0x0000000753000000, 0x0000000753000000|100%| O|  |TAMS 0x0000000753000000, 0x0000000752e00000| Untracked 
| 664|0x0000000753000000, 0x0000000753200000, 0x0000000753200000|100%| O|  |TAMS 0x0000000753200000, 0x0000000753000000| Untracked 
| 665|0x0000000753200000, 0x0000000753400000, 0x0000000753400000|100%| O|  |TAMS 0x0000000753400000, 0x0000000753200000| Untracked 
| 666|0x0000000753400000, 0x0000000753600000, 0x0000000753600000|100%| O|  |TAMS 0x0000000753600000, 0x0000000753400000| Untracked 
| 667|0x0000000753600000, 0x0000000753800000, 0x0000000753800000|100%| O|  |TAMS 0x0000000753800000, 0x0000000753600000| Untracked 
| 668|0x0000000753800000, 0x0000000753800000, 0x0000000753a00000|  0%| F|  |TAMS 0x0000000753800000, 0x0000000753800000| Untracked 
| 669|0x0000000753a00000, 0x0000000753c00000, 0x0000000753c00000|100%| O|  |TAMS 0x0000000753c00000, 0x0000000753a00000| Untracked 
| 670|0x0000000753c00000, 0x0000000753e00000, 0x0000000753e00000|100%| O|  |TAMS 0x0000000753e00000, 0x0000000753c00000| Untracked 
| 671|0x0000000753e00000, 0x0000000754000000, 0x0000000754000000|100%| O|  |TAMS 0x0000000754000000, 0x0000000753e00000| Untracked 
| 672|0x0000000754000000, 0x0000000754200000, 0x0000000754200000|100%| O|  |TAMS 0x0000000754200000, 0x0000000754000000| Untracked 
| 673|0x0000000754200000, 0x0000000754400000, 0x0000000754400000|100%| O|  |TAMS 0x0000000754400000, 0x0000000754200000| Untracked 
| 674|0x0000000754400000, 0x0000000754600000, 0x0000000754600000|100%| O|  |TAMS 0x0000000754600000, 0x0000000754400000| Untracked 
| 675|0x0000000754600000, 0x0000000754800000, 0x0000000754800000|100%| O|  |TAMS 0x0000000754800000, 0x0000000754600000| Untracked 
| 676|0x0000000754800000, 0x0000000754a00000, 0x0000000754a00000|100%| O|  |TAMS 0x0000000754a00000, 0x0000000754800000| Untracked 
| 677|0x0000000754a00000, 0x0000000754c00000, 0x0000000754c00000|100%| O|  |TAMS 0x0000000754c00000, 0x0000000754a00000| Untracked 
| 678|0x0000000754c00000, 0x0000000754e00000, 0x0000000754e00000|100%| O|  |TAMS 0x0000000754e00000, 0x0000000754c00000| Untracked 
| 679|0x0000000754e00000, 0x0000000755000000, 0x0000000755000000|100%| O|  |TAMS 0x0000000755000000, 0x0000000754e00000| Untracked 
| 680|0x0000000755000000, 0x0000000755200000, 0x0000000755200000|100%| O|  |TAMS 0x0000000755200000, 0x0000000755000000| Untracked 
| 681|0x0000000755200000, 0x0000000755400000, 0x0000000755400000|100%| O|  |TAMS 0x0000000755400000, 0x0000000755200000| Untracked 
| 682|0x0000000755400000, 0x0000000755600000, 0x0000000755600000|100%| O|  |TAMS 0x0000000755600000, 0x0000000755400000| Untracked 
| 683|0x0000000755600000, 0x0000000755800000, 0x0000000755800000|100%| O|  |TAMS 0x0000000755800000, 0x0000000755600000| Untracked 
| 684|0x0000000755800000, 0x0000000755a00000, 0x0000000755a00000|100%| O|  |TAMS 0x0000000755a00000, 0x0000000755800000| Untracked 
| 685|0x0000000755a00000, 0x0000000755c00000, 0x0000000755c00000|100%| O|  |TAMS 0x0000000755c00000, 0x0000000755a00000| Untracked 
| 686|0x0000000755c00000, 0x0000000755e00000, 0x0000000755e00000|100%| O|  |TAMS 0x0000000755e00000, 0x0000000755c00000| Untracked 
| 687|0x0000000755e00000, 0x0000000756000000, 0x0000000756000000|100%| O|  |TAMS 0x0000000756000000, 0x0000000755e00000| Untracked 
| 688|0x0000000756000000, 0x0000000756200000, 0x0000000756200000|100%| O|  |TAMS 0x0000000756200000, 0x0000000756000000| Untracked 
| 689|0x0000000756200000, 0x0000000756400000, 0x0000000756400000|100%| O|  |TAMS 0x0000000756400000, 0x0000000756200000| Untracked 
| 690|0x0000000756400000, 0x0000000756600000, 0x0000000756600000|100%| O|  |TAMS 0x0000000756600000, 0x0000000756400000| Untracked 
| 691|0x0000000756600000, 0x0000000756800000, 0x0000000756800000|100%| O|  |TAMS 0x0000000756800000, 0x0000000756600000| Untracked 
| 692|0x0000000756800000, 0x0000000756a00000, 0x0000000756a00000|100%| O|  |TAMS 0x0000000756a00000, 0x0000000756800000| Untracked 
| 693|0x0000000756a00000, 0x0000000756c00000, 0x0000000756c00000|100%| O|  |TAMS 0x0000000756c00000, 0x0000000756a00000| Untracked 
| 694|0x0000000756c00000, 0x0000000756e00000, 0x0000000756e00000|100%| O|  |TAMS 0x0000000756e00000, 0x0000000756c00000| Untracked 
| 695|0x0000000756e00000, 0x0000000757000000, 0x0000000757000000|100%| O|  |TAMS 0x0000000757000000, 0x0000000756e00000| Untracked 
| 696|0x0000000757000000, 0x0000000757200000, 0x0000000757200000|100%| O|  |TAMS 0x0000000757200000, 0x0000000757000000| Untracked 
| 697|0x0000000757200000, 0x0000000757400000, 0x0000000757400000|100%| O|  |TAMS 0x0000000757400000, 0x0000000757200000| Untracked 
| 698|0x0000000757400000, 0x0000000757600000, 0x0000000757600000|100%| O|  |TAMS 0x0000000757600000, 0x0000000757400000| Untracked 
| 699|0x0000000757600000, 0x0000000757800000, 0x0000000757800000|100%| O|  |TAMS 0x0000000757800000, 0x0000000757600000| Untracked 
| 700|0x0000000757800000, 0x0000000757a00000, 0x0000000757a00000|100%| O|  |TAMS 0x0000000757a00000, 0x0000000757800000| Untracked 
| 701|0x0000000757a00000, 0x0000000757c00000, 0x0000000757c00000|100%| O|  |TAMS 0x0000000757c00000, 0x0000000757a00000| Untracked 
| 702|0x0000000757c00000, 0x0000000757e00000, 0x0000000757e00000|100%| O|  |TAMS 0x0000000757e00000, 0x0000000757c00000| Untracked 
| 703|0x0000000757e00000, 0x0000000758000000, 0x0000000758000000|100%| O|  |TAMS 0x0000000758000000, 0x0000000757e00000| Untracked 
| 704|0x0000000758000000, 0x0000000758200000, 0x0000000758200000|100%| O|  |TAMS 0x0000000758200000, 0x0000000758000000| Untracked 
| 705|0x0000000758200000, 0x0000000758400000, 0x0000000758400000|100%| O|  |TAMS 0x0000000758400000, 0x0000000758200000| Untracked 
| 706|0x0000000758400000, 0x0000000758600000, 0x0000000758600000|100%| O|  |TAMS 0x0000000758600000, 0x0000000758400000| Untracked 
| 707|0x0000000758600000, 0x0000000758800000, 0x0000000758800000|100%| O|  |TAMS 0x0000000758800000, 0x0000000758600000| Untracked 
| 708|0x0000000758800000, 0x0000000758a00000, 0x0000000758a00000|100%| O|  |TAMS 0x0000000758a00000, 0x0000000758800000| Untracked 
| 709|0x0000000758a00000, 0x0000000758c00000, 0x0000000758c00000|100%| O|  |TAMS 0x0000000758c00000, 0x0000000758a00000| Untracked 
| 710|0x0000000758c00000, 0x0000000758e00000, 0x0000000758e00000|100%| O|  |TAMS 0x0000000758e00000, 0x0000000758c00000| Untracked 
| 711|0x0000000758e00000, 0x0000000759000000, 0x0000000759000000|100%| O|  |TAMS 0x0000000759000000, 0x0000000758e00000| Untracked 
| 712|0x0000000759000000, 0x0000000759200000, 0x0000000759200000|100%| O|  |TAMS 0x0000000759200000, 0x0000000759000000| Untracked 
| 713|0x0000000759200000, 0x0000000759400000, 0x0000000759400000|100%| O|  |TAMS 0x0000000759400000, 0x0000000759200000| Untracked 
| 714|0x0000000759400000, 0x0000000759600000, 0x0000000759600000|100%| O|  |TAMS 0x0000000759600000, 0x0000000759400000| Untracked 
| 715|0x0000000759600000, 0x0000000759800000, 0x0000000759800000|100%| O|  |TAMS 0x0000000759800000, 0x0000000759600000| Untracked 
| 716|0x0000000759800000, 0x0000000759a00000, 0x0000000759a00000|100%| O|  |TAMS 0x0000000759a00000, 0x0000000759800000| Untracked 
| 717|0x0000000759a00000, 0x0000000759c00000, 0x0000000759c00000|100%| O|  |TAMS 0x0000000759c00000, 0x0000000759a00000| Untracked 
| 718|0x0000000759c00000, 0x0000000759e00000, 0x0000000759e00000|100%| O|  |TAMS 0x0000000759e00000, 0x0000000759c00000| Untracked 
| 719|0x0000000759e00000, 0x000000075a000000, 0x000000075a000000|100%| O|  |TAMS 0x000000075a000000, 0x0000000759e00000| Untracked 
| 720|0x000000075a000000, 0x000000075a200000, 0x000000075a200000|100%| O|  |TAMS 0x000000075a200000, 0x000000075a000000| Untracked 
| 721|0x000000075a200000, 0x000000075a400000, 0x000000075a400000|100%| O|  |TAMS 0x000000075a400000, 0x000000075a200000| Untracked 
| 722|0x000000075a400000, 0x000000075a600000, 0x000000075a600000|100%|HS|  |TAMS 0x000000075a600000, 0x000000075a400000| Complete 
| 723|0x000000075a600000, 0x000000075a800000, 0x000000075a800000|100%|HC|  |TAMS 0x000000075a800000, 0x000000075a600000| Complete 
| 724|0x000000075a800000, 0x000000075aa00000, 0x000000075aa00000|100%|HC|  |TAMS 0x000000075aa00000, 0x000000075a800000| Complete 
| 725|0x000000075aa00000, 0x000000075ac00000, 0x000000075ac00000|100%| O|  |TAMS 0x000000075ac00000, 0x000000075aa00000| Untracked 
| 726|0x000000075ac00000, 0x000000075ae00000, 0x000000075ae00000|100%| O|  |TAMS 0x000000075ae00000, 0x000000075ac00000| Untracked 
| 727|0x000000075ae00000, 0x000000075b000000, 0x000000075b000000|100%| O|  |TAMS 0x000000075b000000, 0x000000075ae00000| Untracked 
| 728|0x000000075b000000, 0x000000075b200000, 0x000000075b200000|100%| O|  |TAMS 0x000000075b200000, 0x000000075b000000| Untracked 
| 729|0x000000075b200000, 0x000000075b400000, 0x000000075b400000|100%| O|  |TAMS 0x000000075b400000, 0x000000075b200000| Untracked 
| 730|0x000000075b400000, 0x000000075b600000, 0x000000075b600000|100%| O|  |TAMS 0x000000075b600000, 0x000000075b400000| Untracked 
| 731|0x000000075b600000, 0x000000075b800000, 0x000000075b800000|100%| O|  |TAMS 0x000000075b800000, 0x000000075b600000| Untracked 
| 732|0x000000075b800000, 0x000000075ba00000, 0x000000075ba00000|100%| O|  |TAMS 0x000000075ba00000, 0x000000075b800000| Untracked 
| 733|0x000000075ba00000, 0x000000075bc00000, 0x000000075bc00000|100%| O|  |TAMS 0x000000075bc00000, 0x000000075ba00000| Untracked 
| 734|0x000000075bc00000, 0x000000075be00000, 0x000000075be00000|100%| O|  |TAMS 0x000000075be00000, 0x000000075bc00000| Untracked 
| 735|0x000000075be00000, 0x000000075c000000, 0x000000075c000000|100%| O|  |TAMS 0x000000075c000000, 0x000000075be00000| Untracked 
| 736|0x000000075c000000, 0x000000075c200000, 0x000000075c200000|100%| O|  |TAMS 0x000000075c200000, 0x000000075c000000| Untracked 
| 737|0x000000075c200000, 0x000000075c400000, 0x000000075c400000|100%| O|  |TAMS 0x000000075c400000, 0x000000075c200000| Untracked 
| 738|0x000000075c400000, 0x000000075c600000, 0x000000075c600000|100%| O|  |TAMS 0x000000075c600000, 0x000000075c400000| Untracked 
| 739|0x000000075c600000, 0x000000075c800000, 0x000000075c800000|100%| O|  |TAMS 0x000000075c800000, 0x000000075c600000| Untracked 
| 740|0x000000075c800000, 0x000000075ca00000, 0x000000075ca00000|100%| O|  |TAMS 0x000000075ca00000, 0x000000075c800000| Untracked 
| 741|0x000000075ca00000, 0x000000075cc00000, 0x000000075cc00000|100%| O|  |TAMS 0x000000075cc00000, 0x000000075ca00000| Untracked 
| 742|0x000000075cc00000, 0x000000075ce00000, 0x000000075ce00000|100%| O|  |TAMS 0x000000075ce00000, 0x000000075cc00000| Untracked 
| 743|0x000000075ce00000, 0x000000075d000000, 0x000000075d000000|100%| O|  |TAMS 0x000000075d000000, 0x000000075ce00000| Untracked 
| 744|0x000000075d000000, 0x000000075d200000, 0x000000075d200000|100%| O|  |TAMS 0x000000075d200000, 0x000000075d000000| Untracked 
| 745|0x000000075d200000, 0x000000075d400000, 0x000000075d400000|100%| O|  |TAMS 0x000000075d400000, 0x000000075d200000| Untracked 
| 746|0x000000075d400000, 0x000000075d600000, 0x000000075d600000|100%| O|  |TAMS 0x000000075d600000, 0x000000075d400000| Untracked 
| 747|0x000000075d600000, 0x000000075d800000, 0x000000075d800000|100%| O|  |TAMS 0x000000075d800000, 0x000000075d600000| Untracked 
| 748|0x000000075d800000, 0x000000075da00000, 0x000000075da00000|100%| O|  |TAMS 0x000000075da00000, 0x000000075d800000| Untracked 
| 749|0x000000075da00000, 0x000000075dc00000, 0x000000075dc00000|100%| O|  |TAMS 0x000000075dc00000, 0x000000075da00000| Untracked 
| 750|0x000000075dc00000, 0x000000075de00000, 0x000000075de00000|100%| O|  |TAMS 0x000000075de00000, 0x000000075dc00000| Untracked 
| 751|0x000000075de00000, 0x000000075e000000, 0x000000075e000000|100%| O|  |TAMS 0x000000075e000000, 0x000000075de00000| Untracked 
| 752|0x000000075e000000, 0x000000075e200000, 0x000000075e200000|100%| O|  |TAMS 0x000000075e200000, 0x000000075e000000| Untracked 
| 753|0x000000075e200000, 0x000000075e400000, 0x000000075e400000|100%| O|  |TAMS 0x000000075e400000, 0x000000075e200000| Untracked 
| 754|0x000000075e400000, 0x000000075e600000, 0x000000075e600000|100%| O|  |TAMS 0x000000075e600000, 0x000000075e400000| Untracked 
| 755|0x000000075e600000, 0x000000075e800000, 0x000000075e800000|100%| O|  |TAMS 0x000000075e800000, 0x000000075e600000| Untracked 
| 756|0x000000075e800000, 0x000000075ea00000, 0x000000075ea00000|100%| O|  |TAMS 0x000000075ea00000, 0x000000075e800000| Untracked 
| 757|0x000000075ea00000, 0x000000075ec00000, 0x000000075ec00000|100%| O|  |TAMS 0x000000075ec00000, 0x000000075ea00000| Untracked 
| 758|0x000000075ec00000, 0x000000075ec00000, 0x000000075ee00000|  0%| F|  |TAMS 0x000000075ec00000, 0x000000075ec00000| Untracked 
| 759|0x000000075ee00000, 0x000000075f000000, 0x000000075f000000|100%| O|  |TAMS 0x000000075f000000, 0x000000075ee00000| Untracked 
| 760|0x000000075f000000, 0x000000075f200000, 0x000000075f200000|100%| O|  |TAMS 0x000000075f200000, 0x000000075f000000| Untracked 
| 761|0x000000075f200000, 0x000000075f400000, 0x000000075f400000|100%| O|  |TAMS 0x000000075f400000, 0x000000075f200000| Untracked 
| 762|0x000000075f400000, 0x000000075f400000, 0x000000075f600000|  0%| F|  |TAMS 0x000000075f400000, 0x000000075f400000| Untracked 
| 763|0x000000075f600000, 0x000000075f800000, 0x000000075f800000|100%| O|  |TAMS 0x000000075f800000, 0x000000075f600000| Untracked 
| 764|0x000000075f800000, 0x000000075fa00000, 0x000000075fa00000|100%| O|  |TAMS 0x000000075fa00000, 0x000000075f800000| Untracked 
| 765|0x000000075fa00000, 0x000000075fc00000, 0x000000075fc00000|100%| O|  |TAMS 0x000000075fc00000, 0x000000075fa00000| Untracked 
| 766|0x000000075fc00000, 0x000000075fe00000, 0x000000075fe00000|100%| O|  |TAMS 0x000000075fe00000, 0x000000075fc00000| Untracked 
| 767|0x000000075fe00000, 0x0000000760000000, 0x0000000760000000|100%| O|  |TAMS 0x0000000760000000, 0x000000075fe00000| Untracked 
| 768|0x0000000760000000, 0x0000000760200000, 0x0000000760200000|100%| O|  |TAMS 0x0000000760200000, 0x0000000760000000| Untracked 
| 769|0x0000000760200000, 0x0000000760400000, 0x0000000760400000|100%| O|  |TAMS 0x0000000760400000, 0x0000000760200000| Untracked 
| 770|0x0000000760400000, 0x0000000760600000, 0x0000000760600000|100%| O|  |TAMS 0x0000000760600000, 0x0000000760400000| Untracked 
| 771|0x0000000760600000, 0x0000000760800000, 0x0000000760800000|100%| O|  |TAMS 0x0000000760800000, 0x0000000760600000| Untracked 
| 772|0x0000000760800000, 0x0000000760a00000, 0x0000000760a00000|100%| O|  |TAMS 0x0000000760a00000, 0x0000000760800000| Untracked 
| 773|0x0000000760a00000, 0x0000000760c00000, 0x0000000760c00000|100%| O|  |TAMS 0x0000000760c00000, 0x0000000760a00000| Untracked 
| 774|0x0000000760c00000, 0x0000000760e00000, 0x0000000760e00000|100%| O|  |TAMS 0x0000000760e00000, 0x0000000760c00000| Untracked 
| 775|0x0000000760e00000, 0x0000000761000000, 0x0000000761000000|100%| O|  |TAMS 0x0000000761000000, 0x0000000760e00000| Untracked 
| 776|0x0000000761000000, 0x0000000761200000, 0x0000000761200000|100%| O|  |TAMS 0x0000000761200000, 0x0000000761000000| Untracked 
| 777|0x0000000761200000, 0x0000000761400000, 0x0000000761400000|100%| O|  |TAMS 0x0000000761400000, 0x0000000761200000| Untracked 
| 778|0x0000000761400000, 0x0000000761600000, 0x0000000761600000|100%| O|  |TAMS 0x0000000761600000, 0x0000000761400000| Untracked 
| 779|0x0000000761600000, 0x0000000761800000, 0x0000000761800000|100%| O|  |TAMS 0x0000000761800000, 0x0000000761600000| Untracked 
| 780|0x0000000761800000, 0x0000000761a00000, 0x0000000761a00000|100%| O|  |TAMS 0x0000000761a00000, 0x0000000761800000| Untracked 
| 781|0x0000000761a00000, 0x0000000761c00000, 0x0000000761c00000|100%| O|  |TAMS 0x0000000761c00000, 0x0000000761a00000| Untracked 
| 782|0x0000000761c00000, 0x0000000761e00000, 0x0000000761e00000|100%| O|  |TAMS 0x0000000761e00000, 0x0000000761c00000| Untracked 
| 783|0x0000000761e00000, 0x0000000762000000, 0x0000000762000000|100%| O|  |TAMS 0x0000000762000000, 0x0000000761e00000| Untracked 
| 784|0x0000000762000000, 0x0000000762200000, 0x0000000762200000|100%| O|  |TAMS 0x0000000762200000, 0x0000000762000000| Untracked 
| 785|0x0000000762200000, 0x0000000762400000, 0x0000000762400000|100%| O|  |TAMS 0x0000000762400000, 0x0000000762200000| Untracked 
| 786|0x0000000762400000, 0x0000000762600000, 0x0000000762600000|100%| O|  |TAMS 0x0000000762600000, 0x0000000762400000| Untracked 
| 787|0x0000000762600000, 0x0000000762800000, 0x0000000762800000|100%| O|  |TAMS 0x0000000762800000, 0x0000000762600000| Untracked 
| 788|0x0000000762800000, 0x0000000762a00000, 0x0000000762a00000|100%| O|  |TAMS 0x0000000762a00000, 0x0000000762800000| Untracked 
| 789|0x0000000762a00000, 0x0000000762c00000, 0x0000000762c00000|100%| O|  |TAMS 0x0000000762c00000, 0x0000000762a00000| Untracked 
| 790|0x0000000762c00000, 0x0000000762e00000, 0x0000000762e00000|100%| O|  |TAMS 0x0000000762e00000, 0x0000000762c00000| Untracked 
| 791|0x0000000762e00000, 0x0000000763000000, 0x0000000763000000|100%| O|  |TAMS 0x0000000763000000, 0x0000000762e00000| Untracked 
| 792|0x0000000763000000, 0x0000000763200000, 0x0000000763200000|100%| O|  |TAMS 0x0000000763200000, 0x0000000763000000| Untracked 
| 793|0x0000000763200000, 0x0000000763400000, 0x0000000763400000|100%| O|  |TAMS 0x0000000763400000, 0x0000000763200000| Untracked 
| 794|0x0000000763400000, 0x0000000763600000, 0x0000000763600000|100%| O|  |TAMS 0x0000000763600000, 0x0000000763400000| Untracked 
| 795|0x0000000763600000, 0x0000000763800000, 0x0000000763800000|100%| O|  |TAMS 0x0000000763800000, 0x0000000763600000| Untracked 
| 796|0x0000000763800000, 0x0000000763a00000, 0x0000000763a00000|100%| O|  |TAMS 0x0000000763a00000, 0x0000000763800000| Untracked 
| 797|0x0000000763a00000, 0x0000000763c00000, 0x0000000763c00000|100%| O|  |TAMS 0x0000000763c00000, 0x0000000763a00000| Untracked 
| 798|0x0000000763c00000, 0x0000000763e00000, 0x0000000763e00000|100%| O|  |TAMS 0x0000000763e00000, 0x0000000763c00000| Untracked 
| 799|0x0000000763e00000, 0x0000000764000000, 0x0000000764000000|100%| O|  |TAMS 0x0000000764000000, 0x0000000763e00000| Untracked 
| 800|0x0000000764000000, 0x0000000764200000, 0x0000000764200000|100%| O|  |TAMS 0x0000000764200000, 0x0000000764000000| Untracked 
| 801|0x0000000764200000, 0x0000000764200000, 0x0000000764400000|  0%| F|  |TAMS 0x0000000764200000, 0x0000000764200000| Untracked 
| 802|0x0000000764400000, 0x0000000764600000, 0x0000000764600000|100%| O|  |TAMS 0x0000000764600000, 0x0000000764400000| Untracked 
| 803|0x0000000764600000, 0x0000000764800000, 0x0000000764800000|100%| O|  |TAMS 0x0000000764800000, 0x0000000764600000| Untracked 
| 804|0x0000000764800000, 0x0000000764a00000, 0x0000000764a00000|100%| O|  |TAMS 0x0000000764a00000, 0x0000000764800000| Complete 
| 805|0x0000000764a00000, 0x0000000764c00000, 0x0000000764c00000|100%| O|  |TAMS 0x0000000764c00000, 0x0000000764a00000| Untracked 
| 806|0x0000000764c00000, 0x0000000764e00000, 0x0000000764e00000|100%| O|  |TAMS 0x0000000764e00000, 0x0000000764c00000| Complete 
| 807|0x0000000764e00000, 0x0000000765000000, 0x0000000765000000|100%| O|  |TAMS 0x0000000765000000, 0x0000000764e00000| Untracked 
| 808|0x0000000765000000, 0x0000000765200000, 0x0000000765200000|100%| O|  |TAMS 0x0000000765200000, 0x0000000765000000| Untracked 
| 809|0x0000000765200000, 0x0000000765400000, 0x0000000765400000|100%| O|  |TAMS 0x0000000765400000, 0x0000000765200000| Untracked 
| 810|0x0000000765400000, 0x0000000765600000, 0x0000000765600000|100%|HS|  |TAMS 0x0000000765600000, 0x0000000765400000| Complete 
| 811|0x0000000765600000, 0x0000000765800000, 0x0000000765800000|100%|HC|  |TAMS 0x0000000765800000, 0x0000000765600000| Complete 
| 812|0x0000000765800000, 0x0000000765a00000, 0x0000000765a00000|100%|HC|  |TAMS 0x0000000765a00000, 0x0000000765800000| Complete 
| 813|0x0000000765a00000, 0x0000000765c00000, 0x0000000765c00000|100%|HC|  |TAMS 0x0000000765c00000, 0x0000000765a00000| Complete 
| 814|0x0000000765c00000, 0x0000000765e00000, 0x0000000765e00000|100%|HC|  |TAMS 0x0000000765e00000, 0x0000000765c00000| Complete 
| 815|0x0000000765e00000, 0x0000000766000000, 0x0000000766000000|100%| O|  |TAMS 0x0000000766000000, 0x0000000765e00000| Untracked 
| 816|0x0000000766000000, 0x0000000766200000, 0x0000000766200000|100%| O|  |TAMS 0x0000000766200000, 0x0000000766000000| Untracked 
| 817|0x0000000766200000, 0x0000000766400000, 0x0000000766400000|100%| O|  |TAMS 0x0000000766400000, 0x0000000766200000| Untracked 
| 818|0x0000000766400000, 0x0000000766600000, 0x0000000766600000|100%| O|  |TAMS 0x0000000766600000, 0x0000000766400000| Untracked 
| 819|0x0000000766600000, 0x0000000766800000, 0x0000000766800000|100%| O|  |TAMS 0x0000000766800000, 0x0000000766600000| Untracked 
| 820|0x0000000766800000, 0x0000000766a00000, 0x0000000766a00000|100%| O|  |TAMS 0x0000000766a00000, 0x0000000766800000| Untracked 
| 821|0x0000000766a00000, 0x0000000766c00000, 0x0000000766c00000|100%| O|  |TAMS 0x0000000766c00000, 0x0000000766a00000| Untracked 
| 822|0x0000000766c00000, 0x0000000766e00000, 0x0000000766e00000|100%| O|  |TAMS 0x0000000766e00000, 0x0000000766c00000| Untracked 
| 823|0x0000000766e00000, 0x0000000767000000, 0x0000000767000000|100%| O|  |TAMS 0x0000000767000000, 0x0000000766e00000| Untracked 
| 824|0x0000000767000000, 0x0000000767200000, 0x0000000767200000|100%| O|  |TAMS 0x0000000767200000, 0x0000000767000000| Untracked 
| 825|0x0000000767200000, 0x0000000767400000, 0x0000000767400000|100%| O|  |TAMS 0x0000000767400000, 0x0000000767200000| Untracked 
| 826|0x0000000767400000, 0x0000000767600000, 0x0000000767600000|100%| O|  |TAMS 0x0000000767600000, 0x0000000767400000| Untracked 
| 827|0x0000000767600000, 0x0000000767800000, 0x0000000767800000|100%| O|  |TAMS 0x0000000767800000, 0x0000000767600000| Untracked 
| 828|0x0000000767800000, 0x0000000767a00000, 0x0000000767a00000|100%| O|  |TAMS 0x0000000767a00000, 0x0000000767800000| Untracked 
| 829|0x0000000767a00000, 0x0000000767c00000, 0x0000000767c00000|100%| O|  |TAMS 0x0000000767c00000, 0x0000000767a00000| Untracked 
| 830|0x0000000767c00000, 0x0000000767e00000, 0x0000000767e00000|100%| O|  |TAMS 0x0000000767e00000, 0x0000000767c00000| Untracked 
| 831|0x0000000767e00000, 0x0000000768000000, 0x0000000768000000|100%| O|  |TAMS 0x0000000768000000, 0x0000000767e00000| Untracked 
| 832|0x0000000768000000, 0x0000000768200000, 0x0000000768200000|100%| O|  |TAMS 0x0000000768200000, 0x0000000768000000| Untracked 
| 833|0x0000000768200000, 0x0000000768400000, 0x0000000768400000|100%| O|  |TAMS 0x0000000768400000, 0x0000000768200000| Untracked 
| 834|0x0000000768400000, 0x0000000768600000, 0x0000000768600000|100%| O|  |TAMS 0x0000000768600000, 0x0000000768400000| Untracked 
| 835|0x0000000768600000, 0x0000000768800000, 0x0000000768800000|100%| O|  |TAMS 0x0000000768800000, 0x0000000768600000| Untracked 
| 836|0x0000000768800000, 0x0000000768a00000, 0x0000000768a00000|100%| O|  |TAMS 0x0000000768a00000, 0x0000000768800000| Untracked 
| 837|0x0000000768a00000, 0x0000000768c00000, 0x0000000768c00000|100%| O|  |TAMS 0x0000000768c00000, 0x0000000768a00000| Untracked 
| 838|0x0000000768c00000, 0x0000000768e00000, 0x0000000768e00000|100%| O|  |TAMS 0x0000000768e00000, 0x0000000768c00000| Untracked 
| 839|0x0000000768e00000, 0x0000000769000000, 0x0000000769000000|100%| O|  |TAMS 0x0000000769000000, 0x0000000768e00000| Untracked 
| 840|0x0000000769000000, 0x0000000769200000, 0x0000000769200000|100%| O|  |TAMS 0x0000000769200000, 0x0000000769000000| Untracked 
| 841|0x0000000769200000, 0x0000000769400000, 0x0000000769400000|100%| O|  |TAMS 0x0000000769400000, 0x0000000769200000| Untracked 
| 842|0x0000000769400000, 0x0000000769600000, 0x0000000769600000|100%| O|  |TAMS 0x0000000769600000, 0x0000000769400000| Untracked 
| 843|0x0000000769600000, 0x0000000769800000, 0x0000000769800000|100%| O|  |TAMS 0x0000000769800000, 0x0000000769600000| Untracked 
| 844|0x0000000769800000, 0x0000000769a00000, 0x0000000769a00000|100%| O|  |TAMS 0x0000000769a00000, 0x0000000769800000| Untracked 
| 845|0x0000000769a00000, 0x0000000769a00000, 0x0000000769c00000|  0%| F|  |TAMS 0x0000000769a00000, 0x0000000769a00000| Untracked 
| 846|0x0000000769c00000, 0x0000000769c00000, 0x0000000769e00000|  0%| F|  |TAMS 0x0000000769c00000, 0x0000000769c00000| Untracked 
| 847|0x0000000769e00000, 0x000000076a000000, 0x000000076a000000|100%| O|  |TAMS 0x000000076a000000, 0x0000000769e00000| Untracked 
| 848|0x000000076a000000, 0x000000076a200000, 0x000000076a200000|100%| O|  |TAMS 0x000000076a200000, 0x000000076a000000| Untracked 
| 849|0x000000076a200000, 0x000000076a400000, 0x000000076a400000|100%| O|  |TAMS 0x000000076a400000, 0x000000076a200000| Untracked 
| 850|0x000000076a400000, 0x000000076a600000, 0x000000076a600000|100%| O|  |TAMS 0x000000076a600000, 0x000000076a400000| Untracked 
| 851|0x000000076a600000, 0x000000076a800000, 0x000000076a800000|100%| O|  |TAMS 0x000000076a800000, 0x000000076a600000| Untracked 
| 852|0x000000076a800000, 0x000000076aa00000, 0x000000076aa00000|100%| O|  |TAMS 0x000000076aa00000, 0x000000076a800000| Untracked 
| 853|0x000000076aa00000, 0x000000076ac00000, 0x000000076ac00000|100%| O|  |TAMS 0x000000076ac00000, 0x000000076aa00000| Untracked 
| 854|0x000000076ac00000, 0x000000076ae00000, 0x000000076ae00000|100%| O|  |TAMS 0x000000076ae00000, 0x000000076ac00000| Untracked 
| 855|0x000000076ae00000, 0x000000076b000000, 0x000000076b000000|100%| O|  |TAMS 0x000000076b000000, 0x000000076ae00000| Untracked 
| 856|0x000000076b000000, 0x000000076b200000, 0x000000076b200000|100%| O|  |TAMS 0x000000076b200000, 0x000000076b000000| Untracked 
| 857|0x000000076b200000, 0x000000076b400000, 0x000000076b400000|100%| O|  |TAMS 0x000000076b400000, 0x000000076b200000| Untracked 
| 858|0x000000076b400000, 0x000000076b600000, 0x000000076b600000|100%| O|  |TAMS 0x000000076b600000, 0x000000076b400000| Untracked 
| 859|0x000000076b600000, 0x000000076b800000, 0x000000076b800000|100%| O|  |TAMS 0x000000076b800000, 0x000000076b600000| Untracked 
| 860|0x000000076b800000, 0x000000076ba00000, 0x000000076ba00000|100%| O|  |TAMS 0x000000076ba00000, 0x000000076b800000| Untracked 
| 861|0x000000076ba00000, 0x000000076bc00000, 0x000000076bc00000|100%| O|  |TAMS 0x000000076bc00000, 0x000000076ba00000| Untracked 
| 862|0x000000076bc00000, 0x000000076be00000, 0x000000076be00000|100%| O|  |TAMS 0x000000076be00000, 0x000000076bc00000| Untracked 
| 863|0x000000076be00000, 0x000000076c000000, 0x000000076c000000|100%| O|  |TAMS 0x000000076c000000, 0x000000076be00000| Untracked 
| 864|0x000000076c000000, 0x000000076c200000, 0x000000076c200000|100%| O|  |TAMS 0x000000076c200000, 0x000000076c000000| Untracked 
| 865|0x000000076c200000, 0x000000076c400000, 0x000000076c400000|100%| O|  |TAMS 0x000000076c400000, 0x000000076c200000| Untracked 
| 866|0x000000076c400000, 0x000000076c600000, 0x000000076c600000|100%| O|  |TAMS 0x000000076c600000, 0x000000076c400000| Untracked 
| 867|0x000000076c600000, 0x000000076c800000, 0x000000076c800000|100%| O|  |TAMS 0x000000076c800000, 0x000000076c600000| Untracked 
| 868|0x000000076c800000, 0x000000076ca00000, 0x000000076ca00000|100%| O|  |TAMS 0x000000076ca00000, 0x000000076c800000| Untracked 
| 869|0x000000076ca00000, 0x000000076cc00000, 0x000000076cc00000|100%| O|  |TAMS 0x000000076cc00000, 0x000000076ca00000| Untracked 
| 870|0x000000076cc00000, 0x000000076ce00000, 0x000000076ce00000|100%| O|  |TAMS 0x000000076ce00000, 0x000000076cc00000| Complete 
| 871|0x000000076ce00000, 0x000000076d000000, 0x000000076d000000|100%| O|  |TAMS 0x000000076d000000, 0x000000076ce00000| Untracked 
| 872|0x000000076d000000, 0x000000076d200000, 0x000000076d200000|100%| O|  |TAMS 0x000000076d200000, 0x000000076d000000| Untracked 
| 873|0x000000076d200000, 0x000000076d400000, 0x000000076d400000|100%| O|  |TAMS 0x000000076d400000, 0x000000076d200000| Untracked 
| 874|0x000000076d400000, 0x000000076d600000, 0x000000076d600000|100%| O|  |TAMS 0x000000076d600000, 0x000000076d400000| Untracked 
| 875|0x000000076d600000, 0x000000076d800000, 0x000000076d800000|100%| O|  |TAMS 0x000000076d800000, 0x000000076d600000| Untracked 
| 876|0x000000076d800000, 0x000000076da00000, 0x000000076da00000|100%| O|  |TAMS 0x000000076da00000, 0x000000076d800000| Untracked 
| 877|0x000000076da00000, 0x000000076dc00000, 0x000000076dc00000|100%| O|  |TAMS 0x000000076dc00000, 0x000000076da00000| Untracked 
| 878|0x000000076dc00000, 0x000000076de00000, 0x000000076de00000|100%| O|  |TAMS 0x000000076de00000, 0x000000076dc00000| Untracked 
| 879|0x000000076de00000, 0x000000076e000000, 0x000000076e000000|100%| O|  |TAMS 0x000000076e000000, 0x000000076de00000| Untracked 
| 880|0x000000076e000000, 0x000000076e200000, 0x000000076e200000|100%| O|  |TAMS 0x000000076e200000, 0x000000076e000000| Untracked 
| 881|0x000000076e200000, 0x000000076e400000, 0x000000076e400000|100%| O|  |TAMS 0x000000076e400000, 0x000000076e200000| Untracked 
| 882|0x000000076e400000, 0x000000076e600000, 0x000000076e600000|100%| O|  |TAMS 0x000000076e600000, 0x000000076e400000| Untracked 
| 883|0x000000076e600000, 0x000000076e800000, 0x000000076e800000|100%| O|  |TAMS 0x000000076e800000, 0x000000076e600000| Untracked 
| 884|0x000000076e800000, 0x000000076ea00000, 0x000000076ea00000|100%| O|  |TAMS 0x000000076ea00000, 0x000000076e800000| Untracked 
| 885|0x000000076ea00000, 0x000000076ec00000, 0x000000076ec00000|100%| O|  |TAMS 0x000000076ec00000, 0x000000076ea00000| Untracked 
| 886|0x000000076ec00000, 0x000000076ee00000, 0x000000076ee00000|100%| O|  |TAMS 0x000000076ee00000, 0x000000076ec00000| Untracked 
| 887|0x000000076ee00000, 0x000000076f000000, 0x000000076f000000|100%| O|  |TAMS 0x000000076f000000, 0x000000076ee00000| Untracked 
| 888|0x000000076f000000, 0x000000076f200000, 0x000000076f200000|100%| O|  |TAMS 0x000000076f200000, 0x000000076f000000| Untracked 
| 889|0x000000076f200000, 0x000000076f400000, 0x000000076f400000|100%| O|  |TAMS 0x000000076f400000, 0x000000076f200000| Untracked 
| 890|0x000000076f400000, 0x000000076f600000, 0x000000076f600000|100%| O|  |TAMS 0x000000076f600000, 0x000000076f400000| Untracked 
| 891|0x000000076f600000, 0x000000076f800000, 0x000000076f800000|100%| O|  |TAMS 0x000000076f800000, 0x000000076f600000| Untracked 
| 892|0x000000076f800000, 0x000000076fa00000, 0x000000076fa00000|100%| O|  |TAMS 0x000000076fa00000, 0x000000076f800000| Untracked 
| 893|0x000000076fa00000, 0x000000076fc00000, 0x000000076fc00000|100%| O|  |TAMS 0x000000076fc00000, 0x000000076fa00000| Untracked 
| 894|0x000000076fc00000, 0x000000076fe00000, 0x000000076fe00000|100%| O|  |TAMS 0x000000076fe00000, 0x000000076fc00000| Untracked 
| 895|0x000000076fe00000, 0x0000000770000000, 0x0000000770000000|100%| O|  |TAMS 0x0000000770000000, 0x000000076fe00000| Untracked 
| 896|0x0000000770000000, 0x0000000770200000, 0x0000000770200000|100%| O|  |TAMS 0x0000000770200000, 0x0000000770000000| Untracked 
| 897|0x0000000770200000, 0x0000000770400000, 0x0000000770400000|100%| O|  |TAMS 0x0000000770400000, 0x0000000770200000| Untracked 
| 898|0x0000000770400000, 0x0000000770600000, 0x0000000770600000|100%| O|  |TAMS 0x0000000770600000, 0x0000000770400000| Untracked 
| 899|0x0000000770600000, 0x0000000770800000, 0x0000000770800000|100%| O|  |TAMS 0x0000000770800000, 0x0000000770600000| Untracked 
| 900|0x0000000770800000, 0x0000000770a00000, 0x0000000770a00000|100%| O|  |TAMS 0x0000000770a00000, 0x0000000770800000| Untracked 
| 901|0x0000000770a00000, 0x0000000770c00000, 0x0000000770c00000|100%| O|  |TAMS 0x0000000770c00000, 0x0000000770a00000| Untracked 
| 902|0x0000000770c00000, 0x0000000770e00000, 0x0000000770e00000|100%| O|  |TAMS 0x0000000770e00000, 0x0000000770c00000| Untracked 
| 903|0x0000000770e00000, 0x0000000771000000, 0x0000000771000000|100%| O|  |TAMS 0x0000000771000000, 0x0000000770e00000| Untracked 
| 904|0x0000000771000000, 0x0000000771200000, 0x0000000771200000|100%| O|  |TAMS 0x0000000771200000, 0x0000000771000000| Untracked 
| 905|0x0000000771200000, 0x0000000771400000, 0x0000000771400000|100%| O|  |TAMS 0x0000000771400000, 0x0000000771200000| Untracked 
| 906|0x0000000771400000, 0x0000000771600000, 0x0000000771600000|100%| O|  |TAMS 0x0000000771600000, 0x0000000771400000| Untracked 
| 907|0x0000000771600000, 0x0000000771800000, 0x0000000771800000|100%| O|  |TAMS 0x0000000771800000, 0x0000000771600000| Untracked 
| 908|0x0000000771800000, 0x0000000771a00000, 0x0000000771a00000|100%| O|  |TAMS 0x0000000771a00000, 0x0000000771800000| Untracked 
| 909|0x0000000771a00000, 0x0000000771c00000, 0x0000000771c00000|100%| O|  |TAMS 0x0000000771c00000, 0x0000000771a00000| Untracked 
| 910|0x0000000771c00000, 0x0000000771e00000, 0x0000000771e00000|100%| O|  |TAMS 0x0000000771e00000, 0x0000000771c00000| Untracked 
| 911|0x0000000771e00000, 0x0000000772000000, 0x0000000772000000|100%| O|  |TAMS 0x0000000772000000, 0x0000000771e00000| Untracked 
| 912|0x0000000772000000, 0x0000000772200000, 0x0000000772200000|100%| O|  |TAMS 0x0000000772200000, 0x0000000772000000| Untracked 
| 913|0x0000000772200000, 0x0000000772400000, 0x0000000772400000|100%| O|  |TAMS 0x0000000772400000, 0x0000000772200000| Untracked 
| 914|0x0000000772400000, 0x0000000772600000, 0x0000000772600000|100%| O|  |TAMS 0x0000000772600000, 0x0000000772400000| Untracked 
| 915|0x0000000772600000, 0x0000000772800000, 0x0000000772800000|100%| O|  |TAMS 0x0000000772800000, 0x0000000772600000| Untracked 
| 916|0x0000000772800000, 0x0000000772a00000, 0x0000000772a00000|100%| O|  |TAMS 0x0000000772a00000, 0x0000000772800000| Untracked 
| 917|0x0000000772a00000, 0x0000000772c00000, 0x0000000772c00000|100%| O|  |TAMS 0x0000000772c00000, 0x0000000772a00000| Untracked 
| 918|0x0000000772c00000, 0x0000000772e00000, 0x0000000772e00000|100%| O|  |TAMS 0x0000000772e00000, 0x0000000772c00000| Untracked 
| 919|0x0000000772e00000, 0x0000000773000000, 0x0000000773000000|100%| O|  |TAMS 0x0000000773000000, 0x0000000772e00000| Untracked 
| 920|0x0000000773000000, 0x0000000773200000, 0x0000000773200000|100%| O|  |TAMS 0x0000000773200000, 0x0000000773000000| Untracked 
| 921|0x0000000773200000, 0x0000000773400000, 0x0000000773400000|100%| O|  |TAMS 0x0000000773400000, 0x0000000773200000| Untracked 
| 922|0x0000000773400000, 0x0000000773600000, 0x0000000773600000|100%| O|  |TAMS 0x0000000773600000, 0x0000000773400000| Untracked 
| 923|0x0000000773600000, 0x0000000773800000, 0x0000000773800000|100%| O|  |TAMS 0x0000000773800000, 0x0000000773600000| Untracked 
| 924|0x0000000773800000, 0x0000000773a00000, 0x0000000773a00000|100%| O|  |TAMS 0x0000000773a00000, 0x0000000773800000| Untracked 
| 925|0x0000000773a00000, 0x0000000773c00000, 0x0000000773c00000|100%| O|  |TAMS 0x0000000773c00000, 0x0000000773a00000| Untracked 
| 926|0x0000000773c00000, 0x0000000773e00000, 0x0000000773e00000|100%| O|  |TAMS 0x0000000773e00000, 0x0000000773c00000| Untracked 
| 927|0x0000000773e00000, 0x0000000774000000, 0x0000000774000000|100%| O|  |TAMS 0x0000000774000000, 0x0000000773e00000| Untracked 
| 928|0x0000000774000000, 0x0000000774200000, 0x0000000774200000|100%| O|  |TAMS 0x0000000774200000, 0x0000000774000000| Untracked 
| 929|0x0000000774200000, 0x0000000774400000, 0x0000000774400000|100%| O|  |TAMS 0x0000000774400000, 0x0000000774200000| Untracked 
| 930|0x0000000774400000, 0x0000000774600000, 0x0000000774600000|100%| O|  |TAMS 0x0000000774600000, 0x0000000774400000| Untracked 
| 931|0x0000000774600000, 0x0000000774800000, 0x0000000774800000|100%| O|  |TAMS 0x0000000774800000, 0x0000000774600000| Untracked 
| 932|0x0000000774800000, 0x0000000774a00000, 0x0000000774a00000|100%| O|  |TAMS 0x0000000774a00000, 0x0000000774800000| Untracked 
| 933|0x0000000774a00000, 0x0000000774c00000, 0x0000000774c00000|100%| O|  |TAMS 0x0000000774c00000, 0x0000000774a00000| Untracked 
| 934|0x0000000774c00000, 0x0000000774e00000, 0x0000000774e00000|100%| O|  |TAMS 0x0000000774e00000, 0x0000000774c00000| Untracked 
| 935|0x0000000774e00000, 0x0000000775000000, 0x0000000775000000|100%| O|  |TAMS 0x0000000775000000, 0x0000000774e00000| Untracked 
| 936|0x0000000775000000, 0x0000000775200000, 0x0000000775200000|100%| O|  |TAMS 0x0000000775200000, 0x0000000775000000| Untracked 
| 937|0x0000000775200000, 0x0000000775200000, 0x0000000775400000|  0%| F|  |TAMS 0x0000000775200000, 0x0000000775200000| Untracked 
| 938|0x0000000775400000, 0x0000000775600000, 0x0000000775600000|100%| O|  |TAMS 0x0000000775600000, 0x0000000775400000| Untracked 
| 939|0x0000000775600000, 0x0000000775800000, 0x0000000775800000|100%| O|  |TAMS 0x0000000775800000, 0x0000000775600000| Untracked 
| 940|0x0000000775800000, 0x0000000775a00000, 0x0000000775a00000|100%| O|  |TAMS 0x0000000775a00000, 0x0000000775800000| Untracked 
| 941|0x0000000775a00000, 0x0000000775c00000, 0x0000000775c00000|100%| O|  |TAMS 0x0000000775c00000, 0x0000000775a00000| Untracked 
| 942|0x0000000775c00000, 0x0000000775e00000, 0x0000000775e00000|100%| O|  |TAMS 0x0000000775e00000, 0x0000000775c00000| Untracked 
| 943|0x0000000775e00000, 0x0000000776000000, 0x0000000776000000|100%| O|  |TAMS 0x0000000776000000, 0x0000000775e00000| Untracked 
| 944|0x0000000776000000, 0x0000000776200000, 0x0000000776200000|100%| O|  |TAMS 0x0000000776200000, 0x0000000776000000| Untracked 
| 945|0x0000000776200000, 0x0000000776400000, 0x0000000776400000|100%| O|  |TAMS 0x0000000776400000, 0x0000000776200000| Untracked 
| 946|0x0000000776400000, 0x0000000776600000, 0x0000000776600000|100%| O|  |TAMS 0x0000000776600000, 0x0000000776400000| Untracked 
| 947|0x0000000776600000, 0x0000000776800000, 0x0000000776800000|100%| O|  |TAMS 0x0000000776800000, 0x0000000776600000| Untracked 
| 948|0x0000000776800000, 0x0000000776a00000, 0x0000000776a00000|100%| O|  |TAMS 0x0000000776a00000, 0x0000000776800000| Untracked 
| 949|0x0000000776a00000, 0x0000000776c00000, 0x0000000776c00000|100%| O|  |TAMS 0x0000000776c00000, 0x0000000776a00000| Untracked 
| 950|0x0000000776c00000, 0x0000000776e00000, 0x0000000776e00000|100%| O|  |TAMS 0x0000000776e00000, 0x0000000776c00000| Untracked 
| 951|0x0000000776e00000, 0x0000000777000000, 0x0000000777000000|100%| O|  |TAMS 0x0000000777000000, 0x0000000776e00000| Untracked 
| 952|0x0000000777000000, 0x0000000777200000, 0x0000000777200000|100%| O|  |TAMS 0x0000000777200000, 0x0000000777000000| Untracked 
| 953|0x0000000777200000, 0x0000000777400000, 0x0000000777400000|100%| O|  |TAMS 0x0000000777400000, 0x0000000777200000| Untracked 
| 954|0x0000000777400000, 0x0000000777600000, 0x0000000777600000|100%| O|  |TAMS 0x0000000777600000, 0x0000000777400000| Untracked 
| 955|0x0000000777600000, 0x0000000777800000, 0x0000000777800000|100%| O|  |TAMS 0x0000000777800000, 0x0000000777600000| Untracked 
| 956|0x0000000777800000, 0x0000000777a00000, 0x0000000777a00000|100%| O|  |TAMS 0x0000000777a00000, 0x0000000777800000| Untracked 
| 957|0x0000000777a00000, 0x0000000777c00000, 0x0000000777c00000|100%| O|  |TAMS 0x0000000777c00000, 0x0000000777a00000| Untracked 
| 958|0x0000000777c00000, 0x0000000777e00000, 0x0000000777e00000|100%| O|  |TAMS 0x0000000777e00000, 0x0000000777c00000| Untracked 
| 959|0x0000000777e00000, 0x0000000778000000, 0x0000000778000000|100%| O|  |TAMS 0x0000000778000000, 0x0000000777e00000| Untracked 
| 960|0x0000000778000000, 0x0000000778200000, 0x0000000778200000|100%| O|  |TAMS 0x0000000778200000, 0x0000000778000000| Untracked 
| 961|0x0000000778200000, 0x0000000778400000, 0x0000000778400000|100%| O|  |TAMS 0x0000000778400000, 0x0000000778200000| Untracked 
| 962|0x0000000778400000, 0x0000000778600000, 0x0000000778600000|100%| O|  |TAMS 0x0000000778600000, 0x0000000778400000| Untracked 
| 963|0x0000000778600000, 0x0000000778800000, 0x0000000778800000|100%| O|  |TAMS 0x0000000778800000, 0x0000000778600000| Untracked 
| 964|0x0000000778800000, 0x0000000778a00000, 0x0000000778a00000|100%| O|  |TAMS 0x0000000778a00000, 0x0000000778800000| Untracked 
| 965|0x0000000778a00000, 0x0000000778c00000, 0x0000000778c00000|100%| O|  |TAMS 0x0000000778c00000, 0x0000000778a00000| Untracked 
| 966|0x0000000778c00000, 0x0000000778e00000, 0x0000000778e00000|100%| O|  |TAMS 0x0000000778e00000, 0x0000000778c00000| Untracked 
| 967|0x0000000778e00000, 0x0000000779000000, 0x0000000779000000|100%| O|  |TAMS 0x0000000779000000, 0x0000000778e00000| Untracked 
| 968|0x0000000779000000, 0x0000000779200000, 0x0000000779200000|100%| O|  |TAMS 0x0000000779200000, 0x0000000779000000| Untracked 
| 969|0x0000000779200000, 0x0000000779400000, 0x0000000779400000|100%| O|  |TAMS 0x0000000779400000, 0x0000000779200000| Untracked 
| 970|0x0000000779400000, 0x0000000779600000, 0x0000000779600000|100%| O|  |TAMS 0x0000000779600000, 0x0000000779400000| Untracked 
| 971|0x0000000779600000, 0x0000000779800000, 0x0000000779800000|100%| O|  |TAMS 0x0000000779800000, 0x0000000779600000| Untracked 
| 972|0x0000000779800000, 0x0000000779a00000, 0x0000000779a00000|100%| O|  |TAMS 0x0000000779a00000, 0x0000000779800000| Untracked 
| 973|0x0000000779a00000, 0x0000000779c00000, 0x0000000779c00000|100%| O|  |TAMS 0x0000000779c00000, 0x0000000779a00000| Untracked 
| 974|0x0000000779c00000, 0x0000000779e00000, 0x0000000779e00000|100%| O|  |TAMS 0x0000000779e00000, 0x0000000779c00000| Untracked 
| 975|0x0000000779e00000, 0x000000077a000000, 0x000000077a000000|100%| O|  |TAMS 0x000000077a000000, 0x0000000779e00000| Untracked 
| 976|0x000000077a000000, 0x000000077a200000, 0x000000077a200000|100%| O|  |TAMS 0x000000077a200000, 0x000000077a000000| Untracked 
| 977|0x000000077a200000, 0x000000077a400000, 0x000000077a400000|100%| O|  |TAMS 0x000000077a400000, 0x000000077a200000| Untracked 
| 978|0x000000077a400000, 0x000000077a600000, 0x000000077a600000|100%| O|  |TAMS 0x000000077a600000, 0x000000077a400000| Untracked 
| 979|0x000000077a600000, 0x000000077a800000, 0x000000077a800000|100%| O|  |TAMS 0x000000077a800000, 0x000000077a600000| Untracked 
| 980|0x000000077a800000, 0x000000077aa00000, 0x000000077aa00000|100%| O|  |TAMS 0x000000077aa00000, 0x000000077a800000| Untracked 
| 981|0x000000077aa00000, 0x000000077ac00000, 0x000000077ac00000|100%| O|  |TAMS 0x000000077ac00000, 0x000000077aa00000| Untracked 
| 982|0x000000077ac00000, 0x000000077ae00000, 0x000000077ae00000|100%| O|  |TAMS 0x000000077ae00000, 0x000000077ac00000| Untracked 
| 983|0x000000077ae00000, 0x000000077b000000, 0x000000077b000000|100%| O|  |TAMS 0x000000077b000000, 0x000000077ae00000| Untracked 
| 984|0x000000077b000000, 0x000000077b200000, 0x000000077b200000|100%| O|  |TAMS 0x000000077b200000, 0x000000077b000000| Untracked 
| 985|0x000000077b200000, 0x000000077b200000, 0x000000077b400000|  0%| F|  |TAMS 0x000000077b200000, 0x000000077b200000| Untracked 
| 986|0x000000077b400000, 0x000000077b600000, 0x000000077b600000|100%| O|  |TAMS 0x000000077b600000, 0x000000077b400000| Untracked 
| 987|0x000000077b600000, 0x000000077b600000, 0x000000077b800000|  0%| F|  |TAMS 0x000000077b600000, 0x000000077b600000| Untracked 
| 988|0x000000077b800000, 0x000000077ba00000, 0x000000077ba00000|100%| O|  |TAMS 0x000000077ba00000, 0x000000077b800000| Untracked 
| 989|0x000000077ba00000, 0x000000077bc00000, 0x000000077bc00000|100%| O|  |TAMS 0x000000077bc00000, 0x000000077ba00000| Untracked 
| 990|0x000000077bc00000, 0x000000077be00000, 0x000000077be00000|100%| O|  |TAMS 0x000000077be00000, 0x000000077bc00000| Complete 
| 991|0x000000077be00000, 0x000000077c000000, 0x000000077c000000|100%| O|  |TAMS 0x000000077c000000, 0x000000077be00000| Untracked 
| 992|0x000000077c000000, 0x000000077c200000, 0x000000077c200000|100%| O|  |TAMS 0x000000077c200000, 0x000000077c000000| Untracked 
| 993|0x000000077c200000, 0x000000077c200000, 0x000000077c400000|  0%| F|  |TAMS 0x000000077c200000, 0x000000077c200000| Untracked 
| 994|0x000000077c400000, 0x000000077c400000, 0x000000077c600000|  0%| F|  |TAMS 0x000000077c400000, 0x000000077c400000| Untracked 
| 995|0x000000077c600000, 0x000000077c600000, 0x000000077c800000|  0%| F|  |TAMS 0x000000077c600000, 0x000000077c600000| Untracked 
| 996|0x000000077c800000, 0x000000077c800000, 0x000000077ca00000|  0%| F|  |TAMS 0x000000077c800000, 0x000000077c800000| Untracked 
| 997|0x000000077ca00000, 0x000000077ca00000, 0x000000077cc00000|  0%| F|  |TAMS 0x000000077ca00000, 0x000000077ca00000| Untracked 
| 998|0x000000077cc00000, 0x000000077cc00000, 0x000000077ce00000|  0%| F|  |TAMS 0x000000077cc00000, 0x000000077cc00000| Untracked 
| 999|0x000000077ce00000, 0x000000077d000000, 0x000000077d000000|100%| O|  |TAMS 0x000000077d000000, 0x000000077ce00000| Untracked 
|1000|0x000000077d000000, 0x000000077d200000, 0x000000077d200000|100%| O|  |TAMS 0x000000077d200000, 0x000000077d000000| Untracked 
|1001|0x000000077d200000, 0x000000077d400000, 0x000000077d400000|100%| O|  |TAMS 0x000000077d400000, 0x000000077d200000| Untracked 
|1002|0x000000077d400000, 0x000000077d600000, 0x000000077d600000|100%| O|  |TAMS 0x000000077d600000, 0x000000077d400000| Untracked 
|1003|0x000000077d600000, 0x000000077d800000, 0x000000077d800000|100%| O|  |TAMS 0x000000077d800000, 0x000000077d600000| Untracked 
|1004|0x000000077d800000, 0x000000077da00000, 0x000000077da00000|100%| O|  |TAMS 0x000000077da00000, 0x000000077d800000| Untracked 
|1005|0x000000077da00000, 0x000000077da00000, 0x000000077dc00000|  0%| F|  |TAMS 0x000000077da00000, 0x000000077da00000| Untracked 
|1006|0x000000077dc00000, 0x000000077dc00000, 0x000000077de00000|  0%| F|  |TAMS 0x000000077dc00000, 0x000000077dc00000| Untracked 
|1007|0x000000077de00000, 0x000000077e000000, 0x000000077e000000|100%| O|  |TAMS 0x000000077e000000, 0x000000077de00000| Untracked 
|1008|0x000000077e000000, 0x000000077e200000, 0x000000077e200000|100%| O|  |TAMS 0x000000077e200000, 0x000000077e000000| Untracked 
|1009|0x000000077e200000, 0x000000077e200000, 0x000000077e400000|  0%| F|  |TAMS 0x000000077e200000, 0x000000077e200000| Untracked 
|1010|0x000000077e400000, 0x000000077e400000, 0x000000077e600000|  0%| F|  |TAMS 0x000000077e400000, 0x000000077e400000| Untracked 
|1011|0x000000077e600000, 0x000000077e800000, 0x000000077e800000|100%| O|  |TAMS 0x000000077e800000, 0x000000077e600000| Untracked 
|1012|0x000000077e800000, 0x000000077ea00000, 0x000000077ea00000|100%| O|  |TAMS 0x000000077ea00000, 0x000000077e800000| Untracked 
|1013|0x000000077ea00000, 0x000000077ec00000, 0x000000077ec00000|100%| O|  |TAMS 0x000000077ec00000, 0x000000077ea00000| Untracked 
|1014|0x000000077ec00000, 0x000000077ee00000, 0x000000077ee00000|100%| O|  |TAMS 0x000000077ee00000, 0x000000077ec00000| Untracked 
|1015|0x000000077ee00000, 0x000000077f000000, 0x000000077f000000|100%| O|  |TAMS 0x000000077f000000, 0x000000077ee00000| Untracked 
|1016|0x000000077f000000, 0x000000077f200000, 0x000000077f200000|100%| O|  |TAMS 0x000000077f200000, 0x000000077f000000| Complete 
|1017|0x000000077f200000, 0x000000077f400000, 0x000000077f400000|100%| O|  |TAMS 0x000000077f400000, 0x000000077f200000| Untracked 
|1018|0x000000077f400000, 0x000000077f600000, 0x000000077f600000|100%| O|  |TAMS 0x000000077f600000, 0x000000077f400000| Complete 
|1019|0x000000077f600000, 0x000000077f600000, 0x000000077f800000|  0%| F|  |TAMS 0x000000077f600000, 0x000000077f600000| Untracked 
|1020|0x000000077f800000, 0x000000077f800000, 0x000000077fa00000|  0%| F|  |TAMS 0x000000077f800000, 0x000000077f800000| Untracked 
|1021|0x000000077fa00000, 0x000000077fc00000, 0x000000077fc00000|100%| O|  |TAMS 0x000000077fc00000, 0x000000077fa00000| Untracked 
|1022|0x000000077fc00000, 0x000000077fe00000, 0x000000077fe00000|100%| O|  |TAMS 0x000000077fe00000, 0x000000077fc00000| Untracked 
|1023|0x000000077fe00000, 0x0000000780000000, 0x0000000780000000|100%| O|  |TAMS 0x0000000780000000, 0x000000077fe00000| Untracked 
|1024|0x0000000780000000, 0x0000000780200000, 0x0000000780200000|100%| O|  |TAMS 0x0000000780200000, 0x0000000780000000| Complete 
|1025|0x0000000780200000, 0x0000000780400000, 0x0000000780400000|100%| O|  |TAMS 0x0000000780400000, 0x0000000780200000| Untracked 
|1026|0x0000000780400000, 0x0000000780600000, 0x0000000780600000|100%| O|  |TAMS 0x0000000780600000, 0x0000000780400000| Untracked 
|1027|0x0000000780600000, 0x0000000780800000, 0x0000000780800000|100%| O|  |TAMS 0x0000000780800000, 0x0000000780600000| Untracked 
|1028|0x0000000780800000, 0x0000000780a00000, 0x0000000780a00000|100%| O|  |TAMS 0x0000000780a00000, 0x0000000780800000| Untracked 
|1029|0x0000000780a00000, 0x0000000780c00000, 0x0000000780c00000|100%| O|  |TAMS 0x0000000780c00000, 0x0000000780a00000| Untracked 
|1030|0x0000000780c00000, 0x0000000780e00000, 0x0000000780e00000|100%| O|  |TAMS 0x0000000780e00000, 0x0000000780c00000| Untracked 
|1031|0x0000000780e00000, 0x0000000781000000, 0x0000000781000000|100%| O|  |TAMS 0x0000000781000000, 0x0000000780e00000| Untracked 
|1032|0x0000000781000000, 0x0000000781200000, 0x0000000781200000|100%| O|  |TAMS 0x0000000781200000, 0x0000000781000000| Complete 
|1033|0x0000000781200000, 0x0000000781400000, 0x0000000781400000|100%| O|  |TAMS 0x0000000781400000, 0x0000000781200000| Untracked 
|1034|0x0000000781400000, 0x0000000781600000, 0x0000000781600000|100%| O|  |TAMS 0x0000000781600000, 0x0000000781400000| Untracked 
|1035|0x0000000781600000, 0x0000000781800000, 0x0000000781800000|100%| O|  |TAMS 0x0000000781800000, 0x0000000781600000| Untracked 
|1036|0x0000000781800000, 0x0000000781a00000, 0x0000000781a00000|100%| O|  |TAMS 0x0000000781a00000, 0x0000000781800000| Untracked 
|1037|0x0000000781a00000, 0x0000000781c00000, 0x0000000781c00000|100%| O|  |TAMS 0x0000000781c00000, 0x0000000781a00000| Untracked 
|1038|0x0000000781c00000, 0x0000000781e00000, 0x0000000781e00000|100%| O|  |TAMS 0x0000000781e00000, 0x0000000781c00000| Untracked 
|1039|0x0000000781e00000, 0x0000000782000000, 0x0000000782000000|100%| O|  |TAMS 0x0000000782000000, 0x0000000781e00000| Untracked 
|1040|0x0000000782000000, 0x0000000782200000, 0x0000000782200000|100%| O|  |TAMS 0x0000000782200000, 0x0000000782000000| Untracked 
|1041|0x0000000782200000, 0x0000000782400000, 0x0000000782400000|100%| O|  |TAMS 0x0000000782400000, 0x0000000782200000| Untracked 
|1042|0x0000000782400000, 0x0000000782600000, 0x0000000782600000|100%| O|  |TAMS 0x0000000782600000, 0x0000000782400000| Untracked 
|1043|0x0000000782600000, 0x0000000782800000, 0x0000000782800000|100%| O|  |TAMS 0x0000000782800000, 0x0000000782600000| Untracked 
|1044|0x0000000782800000, 0x0000000782a00000, 0x0000000782a00000|100%| O|  |TAMS 0x0000000782a00000, 0x0000000782800000| Untracked 
|1045|0x0000000782a00000, 0x0000000782c00000, 0x0000000782c00000|100%| O|  |TAMS 0x0000000782c00000, 0x0000000782a00000| Untracked 
|1046|0x0000000782c00000, 0x0000000782e00000, 0x0000000782e00000|100%| O|  |TAMS 0x0000000782e00000, 0x0000000782c00000| Untracked 
|1047|0x0000000782e00000, 0x0000000783000000, 0x0000000783000000|100%| O|  |TAMS 0x0000000783000000, 0x0000000782e00000| Untracked 
|1048|0x0000000783000000, 0x0000000783200000, 0x0000000783200000|100%| O|  |TAMS 0x0000000783200000, 0x0000000783000000| Untracked 
|1049|0x0000000783200000, 0x0000000783400000, 0x0000000783400000|100%| O|  |TAMS 0x0000000783400000, 0x0000000783200000| Untracked 
|1050|0x0000000783400000, 0x0000000783600000, 0x0000000783600000|100%| O|  |TAMS 0x0000000783600000, 0x0000000783400000| Untracked 
|1051|0x0000000783600000, 0x0000000783800000, 0x0000000783800000|100%| O|  |TAMS 0x0000000783800000, 0x0000000783600000| Untracked 
|1052|0x0000000783800000, 0x0000000783a00000, 0x0000000783a00000|100%| O|  |TAMS 0x0000000783a00000, 0x0000000783800000| Untracked 
|1053|0x0000000783a00000, 0x0000000783c00000, 0x0000000783c00000|100%| O|  |TAMS 0x0000000783c00000, 0x0000000783a00000| Untracked 
|1054|0x0000000783c00000, 0x0000000783e00000, 0x0000000783e00000|100%| O|  |TAMS 0x0000000783e00000, 0x0000000783c00000| Untracked 
|1055|0x0000000783e00000, 0x0000000784000000, 0x0000000784000000|100%| O|  |TAMS 0x0000000784000000, 0x0000000783e00000| Untracked 
|1056|0x0000000784000000, 0x0000000784200000, 0x0000000784200000|100%| O|  |TAMS 0x0000000784200000, 0x0000000784000000| Untracked 
|1057|0x0000000784200000, 0x0000000784400000, 0x0000000784400000|100%| O|  |TAMS 0x0000000784400000, 0x0000000784200000| Untracked 
|1058|0x0000000784400000, 0x0000000784600000, 0x0000000784600000|100%| O|  |TAMS 0x0000000784600000, 0x0000000784400000| Untracked 
|1059|0x0000000784600000, 0x0000000784800000, 0x0000000784800000|100%| O|  |TAMS 0x0000000784800000, 0x0000000784600000| Untracked 
|1060|0x0000000784800000, 0x0000000784a00000, 0x0000000784a00000|100%| O|  |TAMS 0x0000000784a00000, 0x0000000784800000| Untracked 
|1061|0x0000000784a00000, 0x0000000784c00000, 0x0000000784c00000|100%| O|  |TAMS 0x0000000784c00000, 0x0000000784a00000| Untracked 
|1062|0x0000000784c00000, 0x0000000784e00000, 0x0000000784e00000|100%| O|  |TAMS 0x0000000784e00000, 0x0000000784c00000| Untracked 
|1063|0x0000000784e00000, 0x0000000785000000, 0x0000000785000000|100%| O|  |TAMS 0x0000000785000000, 0x0000000784e00000| Untracked 
|1064|0x0000000785000000, 0x0000000785200000, 0x0000000785200000|100%| O|  |TAMS 0x0000000785200000, 0x0000000785000000| Untracked 
|1065|0x0000000785200000, 0x0000000785400000, 0x0000000785400000|100%| O|  |TAMS 0x0000000785400000, 0x0000000785200000| Untracked 
|1066|0x0000000785400000, 0x0000000785600000, 0x0000000785600000|100%| O|  |TAMS 0x0000000785600000, 0x0000000785400000| Untracked 
|1067|0x0000000785600000, 0x0000000785800000, 0x0000000785800000|100%| O|  |TAMS 0x0000000785800000, 0x0000000785600000| Untracked 
|1068|0x0000000785800000, 0x0000000785a00000, 0x0000000785a00000|100%| O|  |TAMS 0x0000000785a00000, 0x0000000785800000| Untracked 
|1069|0x0000000785a00000, 0x0000000785c00000, 0x0000000785c00000|100%| O|  |TAMS 0x0000000785c00000, 0x0000000785a00000| Untracked 
|1070|0x0000000785c00000, 0x0000000785e00000, 0x0000000785e00000|100%| O|  |TAMS 0x0000000785e00000, 0x0000000785c00000| Untracked 
|1071|0x0000000785e00000, 0x0000000786000000, 0x0000000786000000|100%| O|  |TAMS 0x0000000786000000, 0x0000000785e00000| Untracked 
|1072|0x0000000786000000, 0x0000000786200000, 0x0000000786200000|100%| O|  |TAMS 0x0000000786200000, 0x0000000786000000| Untracked 
|1073|0x0000000786200000, 0x0000000786400000, 0x0000000786400000|100%| O|  |TAMS 0x0000000786400000, 0x0000000786200000| Untracked 
|1074|0x0000000786400000, 0x0000000786600000, 0x0000000786600000|100%| O|  |TAMS 0x0000000786600000, 0x0000000786400000| Untracked 
|1075|0x0000000786600000, 0x0000000786800000, 0x0000000786800000|100%| O|  |TAMS 0x0000000786800000, 0x0000000786600000| Untracked 
|1076|0x0000000786800000, 0x0000000786a00000, 0x0000000786a00000|100%| O|  |TAMS 0x0000000786a00000, 0x0000000786800000| Untracked 
|1077|0x0000000786a00000, 0x0000000786c00000, 0x0000000786c00000|100%| O|  |TAMS 0x0000000786c00000, 0x0000000786a00000| Untracked 
|1078|0x0000000786c00000, 0x0000000786e00000, 0x0000000786e00000|100%| O|  |TAMS 0x0000000786e00000, 0x0000000786c00000| Untracked 
|1079|0x0000000786e00000, 0x0000000787000000, 0x0000000787000000|100%| O|  |TAMS 0x0000000787000000, 0x0000000786e00000| Untracked 
|1080|0x0000000787000000, 0x0000000787200000, 0x0000000787200000|100%| O|  |TAMS 0x0000000787200000, 0x0000000787000000| Untracked 
|1081|0x0000000787200000, 0x0000000787400000, 0x0000000787400000|100%| O|  |TAMS 0x0000000787400000, 0x0000000787200000| Untracked 
|1082|0x0000000787400000, 0x0000000787600000, 0x0000000787600000|100%| O|  |TAMS 0x0000000787600000, 0x0000000787400000| Untracked 
|1083|0x0000000787600000, 0x0000000787800000, 0x0000000787800000|100%| O|  |TAMS 0x0000000787800000, 0x0000000787600000| Untracked 
|1084|0x0000000787800000, 0x0000000787a00000, 0x0000000787a00000|100%| O|  |TAMS 0x0000000787a00000, 0x0000000787800000| Untracked 
|1085|0x0000000787a00000, 0x0000000787c00000, 0x0000000787c00000|100%| O|  |TAMS 0x0000000787c00000, 0x0000000787a00000| Untracked 
|1086|0x0000000787c00000, 0x0000000787e00000, 0x0000000787e00000|100%| O|  |TAMS 0x0000000787e00000, 0x0000000787c00000| Untracked 
|1087|0x0000000787e00000, 0x0000000788000000, 0x0000000788000000|100%| O|  |TAMS 0x0000000788000000, 0x0000000787e00000| Untracked 
|1088|0x0000000788000000, 0x0000000788200000, 0x0000000788200000|100%| O|  |TAMS 0x0000000788200000, 0x0000000788000000| Untracked 
|1089|0x0000000788200000, 0x0000000788400000, 0x0000000788400000|100%| O|  |TAMS 0x0000000788400000, 0x0000000788200000| Untracked 
|1090|0x0000000788400000, 0x0000000788600000, 0x0000000788600000|100%| O|  |TAMS 0x0000000788600000, 0x0000000788400000| Untracked 
|1091|0x0000000788600000, 0x0000000788800000, 0x0000000788800000|100%| O|  |TAMS 0x0000000788800000, 0x0000000788600000| Untracked 
|1092|0x0000000788800000, 0x0000000788a00000, 0x0000000788a00000|100%| O|  |TAMS 0x0000000788a00000, 0x0000000788800000| Untracked 
|1093|0x0000000788a00000, 0x0000000788c00000, 0x0000000788c00000|100%| O|  |TAMS 0x0000000788c00000, 0x0000000788a00000| Untracked 
|1094|0x0000000788c00000, 0x0000000788e00000, 0x0000000788e00000|100%| O|  |TAMS 0x0000000788e00000, 0x0000000788c00000| Untracked 
|1095|0x0000000788e00000, 0x0000000789000000, 0x0000000789000000|100%| O|  |TAMS 0x0000000789000000, 0x0000000788e00000| Untracked 
|1096|0x0000000789000000, 0x0000000789200000, 0x0000000789200000|100%| O|  |TAMS 0x0000000789200000, 0x0000000789000000| Untracked 
|1097|0x0000000789200000, 0x0000000789400000, 0x0000000789400000|100%| O|  |TAMS 0x0000000789400000, 0x0000000789200000| Untracked 
|1098|0x0000000789400000, 0x0000000789600000, 0x0000000789600000|100%| O|  |TAMS 0x0000000789600000, 0x0000000789400000| Untracked 
|1099|0x0000000789600000, 0x0000000789800000, 0x0000000789800000|100%| O|  |TAMS 0x0000000789800000, 0x0000000789600000| Complete 
|1100|0x0000000789800000, 0x0000000789a00000, 0x0000000789a00000|100%| O|  |TAMS 0x0000000789a00000, 0x0000000789800000| Complete 
|1101|0x0000000789a00000, 0x0000000789c00000, 0x0000000789c00000|100%| O|  |TAMS 0x0000000789c00000, 0x0000000789a00000| Complete 
|1102|0x0000000789c00000, 0x0000000789e00000, 0x0000000789e00000|100%| O|  |TAMS 0x0000000789e00000, 0x0000000789c00000| Untracked 
|1103|0x0000000789e00000, 0x000000078a000000, 0x000000078a000000|100%| O|  |TAMS 0x000000078a000000, 0x0000000789e00000| Complete 
|1104|0x000000078a000000, 0x000000078a200000, 0x000000078a200000|100%| O|  |TAMS 0x000000078a200000, 0x000000078a000000| Complete 
|1105|0x000000078a200000, 0x000000078a400000, 0x000000078a400000|100%| O|  |TAMS 0x000000078a400000, 0x000000078a200000| Untracked 
|1106|0x000000078a400000, 0x000000078a600000, 0x000000078a600000|100%| O|  |TAMS 0x000000078a600000, 0x000000078a400000| Untracked 
|1107|0x000000078a600000, 0x000000078a800000, 0x000000078a800000|100%| O|  |TAMS 0x000000078a800000, 0x000000078a600000| Untracked 
|1108|0x000000078a800000, 0x000000078aa00000, 0x000000078aa00000|100%| O|  |TAMS 0x000000078aa00000, 0x000000078a800000| Untracked 
|1109|0x000000078aa00000, 0x000000078ac00000, 0x000000078ac00000|100%| O|  |TAMS 0x000000078ac00000, 0x000000078aa00000| Untracked 
|1110|0x000000078ac00000, 0x000000078ae00000, 0x000000078ae00000|100%| O|  |TAMS 0x000000078ae00000, 0x000000078ac00000| Untracked 
|1111|0x000000078ae00000, 0x000000078b000000, 0x000000078b000000|100%| O|  |TAMS 0x000000078b000000, 0x000000078ae00000| Untracked 
|1112|0x000000078b000000, 0x000000078b200000, 0x000000078b200000|100%| O|  |TAMS 0x000000078b200000, 0x000000078b000000| Untracked 
|1113|0x000000078b200000, 0x000000078b400000, 0x000000078b400000|100%| O|  |TAMS 0x000000078b400000, 0x000000078b200000| Untracked 
|1114|0x000000078b400000, 0x000000078b600000, 0x000000078b600000|100%| O|  |TAMS 0x000000078b600000, 0x000000078b400000| Untracked 
|1115|0x000000078b600000, 0x000000078b800000, 0x000000078b800000|100%| O|  |TAMS 0x000000078b800000, 0x000000078b600000| Untracked 
|1116|0x000000078b800000, 0x000000078ba00000, 0x000000078ba00000|100%| O|  |TAMS 0x000000078ba00000, 0x000000078b800000| Untracked 
|1117|0x000000078ba00000, 0x000000078bc00000, 0x000000078bc00000|100%| O|  |TAMS 0x000000078bc00000, 0x000000078ba00000| Complete 
|1118|0x000000078bc00000, 0x000000078be00000, 0x000000078be00000|100%| O|  |TAMS 0x000000078be00000, 0x000000078bc00000| Complete 
|1119|0x000000078be00000, 0x000000078c000000, 0x000000078c000000|100%| O|  |TAMS 0x000000078c000000, 0x000000078be00000| Complete 
|1120|0x000000078c000000, 0x000000078c200000, 0x000000078c200000|100%| O|  |TAMS 0x000000078c200000, 0x000000078c000000| Complete 
|1121|0x000000078c200000, 0x000000078c400000, 0x000000078c400000|100%| O|  |TAMS 0x000000078c400000, 0x000000078c200000| Complete 
|1122|0x000000078c400000, 0x000000078c5b2c00, 0x000000078c600000| 84%| O|  |TAMS 0x000000078c5b2c00, 0x000000078c400000| Untracked 
|1123|0x000000078c600000, 0x000000078c600000, 0x000000078c800000|  0%| F|  |TAMS 0x000000078c600000, 0x000000078c600000| Untracked 
|1124|0x000000078c800000, 0x000000078c800000, 0x000000078ca00000|  0%| F|  |TAMS 0x000000078c800000, 0x000000078c800000| Untracked 
|1125|0x000000078ca00000, 0x000000078ca00000, 0x000000078cc00000|  0%| F|  |TAMS 0x000000078ca00000, 0x000000078ca00000| Untracked 
|1126|0x000000078cc00000, 0x000000078cc00000, 0x000000078ce00000|  0%| F|  |TAMS 0x000000078cc00000, 0x000000078cc00000| Untracked 
|1127|0x000000078ce00000, 0x000000078ce00000, 0x000000078d000000|  0%| F|  |TAMS 0x000000078ce00000, 0x000000078ce00000| Untracked 
|1128|0x000000078d000000, 0x000000078d000000, 0x000000078d200000|  0%| F|  |TAMS 0x000000078d000000, 0x000000078d000000| Untracked 
|1129|0x000000078d200000, 0x000000078d200000, 0x000000078d400000|  0%| F|  |TAMS 0x000000078d200000, 0x000000078d200000| Untracked 
|1130|0x000000078d400000, 0x000000078d600000, 0x000000078d600000|100%| O|  |TAMS 0x000000078d600000, 0x000000078d400000| Untracked 
|1131|0x000000078d600000, 0x000000078d600000, 0x000000078d800000|  0%| F|  |TAMS 0x000000078d600000, 0x000000078d600000| Untracked 
|1132|0x000000078d800000, 0x000000078d800000, 0x000000078da00000|  0%| F|  |TAMS 0x000000078d800000, 0x000000078d800000| Untracked 
|1133|0x000000078da00000, 0x000000078dc00000, 0x000000078dc00000|100%| O|  |TAMS 0x000000078dc00000, 0x000000078da00000| Untracked 
|1134|0x000000078dc00000, 0x000000078de00000, 0x000000078de00000|100%| O|  |TAMS 0x000000078de00000, 0x000000078dc00000| Complete 
|1135|0x000000078de00000, 0x000000078de00000, 0x000000078e000000|  0%| F|  |TAMS 0x000000078de00000, 0x000000078de00000| Untracked 
|1136|0x000000078e000000, 0x000000078e000000, 0x000000078e200000|  0%| F|  |TAMS 0x000000078e000000, 0x000000078e000000| Untracked 
|1137|0x000000078e200000, 0x000000078e200000, 0x000000078e400000|  0%| F|  |TAMS 0x000000078e200000, 0x000000078e200000| Untracked 
|1138|0x000000078e400000, 0x000000078e400000, 0x000000078e600000|  0%| F|  |TAMS 0x000000078e400000, 0x000000078e400000| Untracked 
|1139|0x000000078e600000, 0x000000078e600000, 0x000000078e800000|  0%| F|  |TAMS 0x000000078e600000, 0x000000078e600000| Untracked 
|1140|0x000000078e800000, 0x000000078e800000, 0x000000078ea00000|  0%| F|  |TAMS 0x000000078e800000, 0x000000078e800000| Untracked 
|1141|0x000000078ea00000, 0x000000078ea00000, 0x000000078ec00000|  0%| F|  |TAMS 0x000000078ea00000, 0x000000078ea00000| Untracked 
|1142|0x000000078ec00000, 0x000000078ec00000, 0x000000078ee00000|  0%| F|  |TAMS 0x000000078ec00000, 0x000000078ec00000| Untracked 
|1143|0x000000078ee00000, 0x000000078ee00000, 0x000000078f000000|  0%| F|  |TAMS 0x000000078ee00000, 0x000000078ee00000| Untracked 
|1144|0x000000078f000000, 0x000000078f000000, 0x000000078f200000|  0%| F|  |TAMS 0x000000078f000000, 0x000000078f000000| Untracked 
|1145|0x000000078f200000, 0x000000078f200000, 0x000000078f400000|  0%| F|  |TAMS 0x000000078f200000, 0x000000078f200000| Untracked 
|1146|0x000000078f400000, 0x000000078f400000, 0x000000078f600000|  0%| F|  |TAMS 0x000000078f400000, 0x000000078f400000| Untracked 
|1147|0x000000078f600000, 0x000000078f600000, 0x000000078f800000|  0%| F|  |TAMS 0x000000078f600000, 0x000000078f600000| Untracked 
|1148|0x000000078f800000, 0x000000078f800000, 0x000000078fa00000|  0%| F|  |TAMS 0x000000078f800000, 0x000000078f800000| Untracked 
|1149|0x000000078fa00000, 0x000000078fa00000, 0x000000078fc00000|  0%| F|  |TAMS 0x000000078fa00000, 0x000000078fa00000| Untracked 
|1150|0x000000078fc00000, 0x000000078fc00000, 0x000000078fe00000|  0%| F|  |TAMS 0x000000078fc00000, 0x000000078fc00000| Untracked 
|1151|0x000000078fe00000, 0x000000078fe00000, 0x0000000790000000|  0%| F|  |TAMS 0x000000078fe00000, 0x000000078fe00000| Untracked 
|1152|0x0000000790000000, 0x0000000790000000, 0x0000000790200000|  0%| F|  |TAMS 0x0000000790000000, 0x0000000790000000| Untracked 
|1153|0x0000000790200000, 0x0000000790200000, 0x0000000790400000|  0%| F|  |TAMS 0x0000000790200000, 0x0000000790200000| Untracked 
|1154|0x0000000790400000, 0x0000000790400000, 0x0000000790600000|  0%| F|  |TAMS 0x0000000790400000, 0x0000000790400000| Untracked 
|1155|0x0000000790600000, 0x0000000790600000, 0x0000000790800000|  0%| F|  |TAMS 0x0000000790600000, 0x0000000790600000| Untracked 
|1156|0x0000000790800000, 0x0000000790800000, 0x0000000790a00000|  0%| F|  |TAMS 0x0000000790800000, 0x0000000790800000| Untracked 
|1157|0x0000000790a00000, 0x0000000790c00000, 0x0000000790c00000|100%| O|  |TAMS 0x0000000790c00000, 0x0000000790a00000| Untracked 
|1158|0x0000000790c00000, 0x0000000790e00000, 0x0000000790e00000|100%| O|  |TAMS 0x0000000790e00000, 0x0000000790c00000| Untracked 
|1159|0x0000000790e00000, 0x0000000790e00000, 0x0000000791000000|  0%| F|  |TAMS 0x0000000790e00000, 0x0000000790e00000| Untracked 
|1160|0x0000000791000000, 0x0000000791000000, 0x0000000791200000|  0%| F|  |TAMS 0x0000000791000000, 0x0000000791000000| Untracked 
|1161|0x0000000791200000, 0x0000000791200000, 0x0000000791400000|  0%| F|  |TAMS 0x0000000791200000, 0x0000000791200000| Untracked 
|1162|0x0000000791400000, 0x0000000791400000, 0x0000000791600000|  0%| F|  |TAMS 0x0000000791400000, 0x0000000791400000| Untracked 
|1163|0x0000000791600000, 0x0000000791600000, 0x0000000791800000|  0%| F|  |TAMS 0x0000000791600000, 0x0000000791600000| Untracked 
|1164|0x0000000791800000, 0x0000000791a00000, 0x0000000791a00000|100%| O|  |TAMS 0x0000000791a00000, 0x0000000791800000| Untracked 
|1165|0x0000000791a00000, 0x0000000791c00000, 0x0000000791c00000|100%| O|  |TAMS 0x0000000791c00000, 0x0000000791a00000| Untracked 
|1166|0x0000000791c00000, 0x0000000791e00000, 0x0000000791e00000|100%| O|  |TAMS 0x0000000791e00000, 0x0000000791c00000| Untracked 
|1167|0x0000000791e00000, 0x0000000792000000, 0x0000000792000000|100%| O|  |TAMS 0x0000000792000000, 0x0000000791e00000| Untracked 
|1168|0x0000000792000000, 0x0000000792000000, 0x0000000792200000|  0%| F|  |TAMS 0x0000000792000000, 0x0000000792000000| Untracked 
|1169|0x0000000792200000, 0x0000000792200000, 0x0000000792400000|  0%| F|  |TAMS 0x0000000792200000, 0x0000000792200000| Untracked 
|1170|0x0000000792400000, 0x0000000792400000, 0x0000000792600000|  0%| F|  |TAMS 0x0000000792400000, 0x0000000792400000| Untracked 
|1171|0x0000000792600000, 0x0000000792600000, 0x0000000792800000|  0%| F|  |TAMS 0x0000000792600000, 0x0000000792600000| Untracked 
|1172|0x0000000792800000, 0x0000000792800000, 0x0000000792a00000|  0%| F|  |TAMS 0x0000000792800000, 0x0000000792800000| Untracked 
|1173|0x0000000792a00000, 0x0000000792a00000, 0x0000000792c00000|  0%| F|  |TAMS 0x0000000792a00000, 0x0000000792a00000| Untracked 
|1174|0x0000000792c00000, 0x0000000792c00000, 0x0000000792e00000|  0%| F|  |TAMS 0x0000000792c00000, 0x0000000792c00000| Untracked 
|1175|0x0000000792e00000, 0x0000000792e00000, 0x0000000793000000|  0%| F|  |TAMS 0x0000000792e00000, 0x0000000792e00000| Untracked 
|1176|0x0000000793000000, 0x0000000793000000, 0x0000000793200000|  0%| F|  |TAMS 0x0000000793000000, 0x0000000793000000| Untracked 
|1177|0x0000000793200000, 0x0000000793200000, 0x0000000793400000|  0%| F|  |TAMS 0x0000000793200000, 0x0000000793200000| Untracked 
|1178|0x0000000793400000, 0x0000000793400000, 0x0000000793600000|  0%| F|  |TAMS 0x0000000793400000, 0x0000000793400000| Untracked 
|1179|0x0000000793600000, 0x0000000793600000, 0x0000000793800000|  0%| F|  |TAMS 0x0000000793600000, 0x0000000793600000| Untracked 
|1180|0x0000000793800000, 0x0000000793a00000, 0x0000000793a00000|100%| O|  |TAMS 0x0000000793a00000, 0x0000000793800000| Untracked 
|1181|0x0000000793a00000, 0x0000000793c00000, 0x0000000793c00000|100%| O|  |TAMS 0x0000000793c00000, 0x0000000793a00000| Untracked 
|1182|0x0000000793c00000, 0x0000000793e00000, 0x0000000793e00000|100%| O|  |TAMS 0x0000000793e00000, 0x0000000793c00000| Untracked 
|1183|0x0000000793e00000, 0x0000000794000000, 0x0000000794000000|100%| O|  |TAMS 0x0000000794000000, 0x0000000793e00000| Untracked 
|1184|0x0000000794000000, 0x0000000794000000, 0x0000000794200000|  0%| F|  |TAMS 0x0000000794000000, 0x0000000794000000| Untracked 
|1185|0x0000000794200000, 0x0000000794200000, 0x0000000794400000|  0%| F|  |TAMS 0x0000000794200000, 0x0000000794200000| Untracked 
|1186|0x0000000794400000, 0x0000000794400000, 0x0000000794600000|  0%| F|  |TAMS 0x0000000794400000, 0x0000000794400000| Untracked 
|1187|0x0000000794600000, 0x0000000794600000, 0x0000000794800000|  0%| F|  |TAMS 0x0000000794600000, 0x0000000794600000| Untracked 
|1188|0x0000000794800000, 0x0000000794800000, 0x0000000794a00000|  0%| F|  |TAMS 0x0000000794800000, 0x0000000794800000| Untracked 
|1189|0x0000000794a00000, 0x0000000794a00000, 0x0000000794c00000|  0%| F|  |TAMS 0x0000000794a00000, 0x0000000794a00000| Untracked 
|1190|0x0000000794c00000, 0x0000000794c00000, 0x0000000794e00000|  0%| F|  |TAMS 0x0000000794c00000, 0x0000000794c00000| Untracked 
|1191|0x0000000794e00000, 0x0000000794e00000, 0x0000000795000000|  0%| F|  |TAMS 0x0000000794e00000, 0x0000000794e00000| Untracked 
|1192|0x0000000795000000, 0x0000000795000000, 0x0000000795200000|  0%| F|  |TAMS 0x0000000795000000, 0x0000000795000000| Untracked 
|1193|0x0000000795200000, 0x0000000795200000, 0x0000000795400000|  0%| F|  |TAMS 0x0000000795200000, 0x0000000795200000| Untracked 
|1194|0x0000000795400000, 0x0000000795400000, 0x0000000795600000|  0%| F|  |TAMS 0x0000000795400000, 0x0000000795400000| Untracked 
|1195|0x0000000795600000, 0x0000000795600000, 0x0000000795800000|  0%| F|  |TAMS 0x0000000795600000, 0x0000000795600000| Untracked 
|1196|0x0000000795800000, 0x0000000795800000, 0x0000000795a00000|  0%| F|  |TAMS 0x0000000795800000, 0x0000000795800000| Untracked 
|1197|0x0000000795a00000, 0x0000000795a00000, 0x0000000795c00000|  0%| F|  |TAMS 0x0000000795a00000, 0x0000000795a00000| Untracked 
|1198|0x0000000795c00000, 0x0000000795c00000, 0x0000000795e00000|  0%| F|  |TAMS 0x0000000795c00000, 0x0000000795c00000| Untracked 
|1199|0x0000000795e00000, 0x0000000795e00000, 0x0000000796000000|  0%| F|  |TAMS 0x0000000795e00000, 0x0000000795e00000| Untracked 
|1200|0x0000000796000000, 0x0000000796000000, 0x0000000796200000|  0%| F|  |TAMS 0x0000000796000000, 0x0000000796000000| Untracked 
|1201|0x0000000796200000, 0x0000000796200000, 0x0000000796400000|  0%| F|  |TAMS 0x0000000796200000, 0x0000000796200000| Untracked 
|1202|0x0000000796400000, 0x0000000796400000, 0x0000000796600000|  0%| F|  |TAMS 0x0000000796400000, 0x0000000796400000| Untracked 
|1203|0x0000000796600000, 0x0000000796600000, 0x0000000796800000|  0%| F|  |TAMS 0x0000000796600000, 0x0000000796600000| Untracked 
|1204|0x0000000796800000, 0x0000000796800000, 0x0000000796a00000|  0%| F|  |TAMS 0x0000000796800000, 0x0000000796800000| Untracked 
|1205|0x0000000796a00000, 0x0000000796a00000, 0x0000000796c00000|  0%| F|  |TAMS 0x0000000796a00000, 0x0000000796a00000| Untracked 
|1206|0x0000000796c00000, 0x0000000796c00000, 0x0000000796e00000|  0%| F|  |TAMS 0x0000000796c00000, 0x0000000796c00000| Untracked 
|1207|0x0000000796e00000, 0x0000000796e00000, 0x0000000797000000|  0%| F|  |TAMS 0x0000000796e00000, 0x0000000796e00000| Untracked 
|1208|0x0000000797000000, 0x0000000797000000, 0x0000000797200000|  0%| F|  |TAMS 0x0000000797000000, 0x0000000797000000| Untracked 
|1209|0x0000000797200000, 0x0000000797200000, 0x0000000797400000|  0%| F|  |TAMS 0x0000000797200000, 0x0000000797200000| Untracked 
|1210|0x0000000797400000, 0x0000000797400000, 0x0000000797600000|  0%| F|  |TAMS 0x0000000797400000, 0x0000000797400000| Untracked 
|1211|0x0000000797600000, 0x0000000797600000, 0x0000000797800000|  0%| F|  |TAMS 0x0000000797600000, 0x0000000797600000| Untracked 
|1212|0x0000000797800000, 0x0000000797800000, 0x0000000797a00000|  0%| F|  |TAMS 0x0000000797800000, 0x0000000797800000| Untracked 
|1213|0x0000000797a00000, 0x0000000797a00000, 0x0000000797c00000|  0%| F|  |TAMS 0x0000000797a00000, 0x0000000797a00000| Untracked 
|1214|0x0000000797c00000, 0x0000000797c00000, 0x0000000797e00000|  0%| F|  |TAMS 0x0000000797c00000, 0x0000000797c00000| Untracked 
|1215|0x0000000797e00000, 0x0000000797e00000, 0x0000000798000000|  0%| F|  |TAMS 0x0000000797e00000, 0x0000000797e00000| Untracked 
|1216|0x0000000798000000, 0x0000000798000000, 0x0000000798200000|  0%| F|  |TAMS 0x0000000798000000, 0x0000000798000000| Untracked 
|1217|0x0000000798200000, 0x0000000798200000, 0x0000000798400000|  0%| F|  |TAMS 0x0000000798200000, 0x0000000798200000| Untracked 
|1218|0x0000000798400000, 0x0000000798400000, 0x0000000798600000|  0%| F|  |TAMS 0x0000000798400000, 0x0000000798400000| Untracked 
|1219|0x0000000798600000, 0x0000000798600000, 0x0000000798800000|  0%| F|  |TAMS 0x0000000798600000, 0x0000000798600000| Untracked 
|1220|0x0000000798800000, 0x0000000798800000, 0x0000000798a00000|  0%| F|  |TAMS 0x0000000798800000, 0x0000000798800000| Untracked 
|1221|0x0000000798a00000, 0x0000000798a00000, 0x0000000798c00000|  0%| F|  |TAMS 0x0000000798a00000, 0x0000000798a00000| Untracked 
|1222|0x0000000798c00000, 0x0000000798c00000, 0x0000000798e00000|  0%| F|  |TAMS 0x0000000798c00000, 0x0000000798c00000| Untracked 
|1223|0x0000000798e00000, 0x0000000798e00000, 0x0000000799000000|  0%| F|  |TAMS 0x0000000798e00000, 0x0000000798e00000| Untracked 
|1224|0x0000000799000000, 0x0000000799000000, 0x0000000799200000|  0%| F|  |TAMS 0x0000000799000000, 0x0000000799000000| Untracked 
|1225|0x0000000799200000, 0x0000000799200000, 0x0000000799400000|  0%| F|  |TAMS 0x0000000799200000, 0x0000000799200000| Untracked 
|1226|0x0000000799400000, 0x0000000799400000, 0x0000000799600000|  0%| F|  |TAMS 0x0000000799400000, 0x0000000799400000| Untracked 
|1227|0x0000000799600000, 0x0000000799600000, 0x0000000799800000|  0%| F|  |TAMS 0x0000000799600000, 0x0000000799600000| Untracked 
|1228|0x0000000799800000, 0x0000000799800000, 0x0000000799a00000|  0%| F|  |TAMS 0x0000000799800000, 0x0000000799800000| Untracked 
|1229|0x0000000799a00000, 0x0000000799c00000, 0x0000000799c00000|100%| O|  |TAMS 0x0000000799c00000, 0x0000000799a00000| Untracked 
|1230|0x0000000799c00000, 0x0000000799e00000, 0x0000000799e00000|100%| O|  |TAMS 0x0000000799e00000, 0x0000000799c00000| Untracked 
|1231|0x0000000799e00000, 0x000000079a000000, 0x000000079a000000|100%| O|  |TAMS 0x000000079a000000, 0x0000000799e00000| Untracked 
|1232|0x000000079a000000, 0x000000079a000000, 0x000000079a200000|  0%| F|  |TAMS 0x000000079a000000, 0x000000079a000000| Untracked 
|1233|0x000000079a200000, 0x000000079a200000, 0x000000079a400000|  0%| F|  |TAMS 0x000000079a200000, 0x000000079a200000| Untracked 
|1234|0x000000079a400000, 0x000000079a400000, 0x000000079a600000|  0%| F|  |TAMS 0x000000079a400000, 0x000000079a400000| Untracked 
|1235|0x000000079a600000, 0x000000079a600000, 0x000000079a800000|  0%| F|  |TAMS 0x000000079a600000, 0x000000079a600000| Untracked 
|1236|0x000000079a800000, 0x000000079a800000, 0x000000079aa00000|  0%| F|  |TAMS 0x000000079a800000, 0x000000079a800000| Untracked 
|1237|0x000000079aa00000, 0x000000079aa00000, 0x000000079ac00000|  0%| F|  |TAMS 0x000000079aa00000, 0x000000079aa00000| Untracked 
|1238|0x000000079ac00000, 0x000000079ac00000, 0x000000079ae00000|  0%| F|  |TAMS 0x000000079ac00000, 0x000000079ac00000| Untracked 
|1239|0x000000079ae00000, 0x000000079ae00000, 0x000000079b000000|  0%| F|  |TAMS 0x000000079ae00000, 0x000000079ae00000| Untracked 
|1240|0x000000079b000000, 0x000000079b000000, 0x000000079b200000|  0%| F|  |TAMS 0x000000079b000000, 0x000000079b000000| Untracked 
|1241|0x000000079b200000, 0x000000079b200000, 0x000000079b400000|  0%| F|  |TAMS 0x000000079b200000, 0x000000079b200000| Untracked 
|1242|0x000000079b400000, 0x000000079b400000, 0x000000079b600000|  0%| F|  |TAMS 0x000000079b400000, 0x000000079b400000| Untracked 
|1243|0x000000079b600000, 0x000000079b600000, 0x000000079b800000|  0%| F|  |TAMS 0x000000079b600000, 0x000000079b600000| Untracked 
|1244|0x000000079b800000, 0x000000079b800000, 0x000000079ba00000|  0%| F|  |TAMS 0x000000079b800000, 0x000000079b800000| Untracked 
|1245|0x000000079ba00000, 0x000000079ba00000, 0x000000079bc00000|  0%| F|  |TAMS 0x000000079ba00000, 0x000000079ba00000| Untracked 
|1246|0x000000079bc00000, 0x000000079bc00000, 0x000000079be00000|  0%| F|  |TAMS 0x000000079bc00000, 0x000000079bc00000| Untracked 
|1247|0x000000079be00000, 0x000000079be00000, 0x000000079c000000|  0%| F|  |TAMS 0x000000079be00000, 0x000000079be00000| Untracked 
|1248|0x000000079c000000, 0x000000079c000000, 0x000000079c200000|  0%| F|  |TAMS 0x000000079c000000, 0x000000079c000000| Untracked 
|1249|0x000000079c200000, 0x000000079c200000, 0x000000079c400000|  0%| F|  |TAMS 0x000000079c200000, 0x000000079c200000| Untracked 
|1250|0x000000079c400000, 0x000000079c400000, 0x000000079c600000|  0%| F|  |TAMS 0x000000079c400000, 0x000000079c400000| Untracked 
|1251|0x000000079c600000, 0x000000079c600000, 0x000000079c800000|  0%| F|  |TAMS 0x000000079c600000, 0x000000079c600000| Untracked 
|1252|0x000000079c800000, 0x000000079c800000, 0x000000079ca00000|  0%| F|  |TAMS 0x000000079c800000, 0x000000079c800000| Untracked 
|1253|0x000000079ca00000, 0x000000079ca00000, 0x000000079cc00000|  0%| F|  |TAMS 0x000000079ca00000, 0x000000079ca00000| Untracked 
|1254|0x000000079cc00000, 0x000000079cc00000, 0x000000079ce00000|  0%| F|  |TAMS 0x000000079cc00000, 0x000000079cc00000| Untracked 
|1255|0x000000079ce00000, 0x000000079ce00000, 0x000000079d000000|  0%| F|  |TAMS 0x000000079ce00000, 0x000000079ce00000| Untracked 
|1256|0x000000079d000000, 0x000000079d000000, 0x000000079d200000|  0%| F|  |TAMS 0x000000079d000000, 0x000000079d000000| Untracked 
|1257|0x000000079d200000, 0x000000079d200000, 0x000000079d400000|  0%| F|  |TAMS 0x000000079d200000, 0x000000079d200000| Untracked 
|1258|0x000000079d400000, 0x000000079d400000, 0x000000079d600000|  0%| F|  |TAMS 0x000000079d400000, 0x000000079d400000| Untracked 
|1259|0x000000079d600000, 0x000000079d600000, 0x000000079d800000|  0%| F|  |TAMS 0x000000079d600000, 0x000000079d600000| Untracked 
|1260|0x000000079d800000, 0x000000079d800000, 0x000000079da00000|  0%| F|  |TAMS 0x000000079d800000, 0x000000079d800000| Untracked 
|1261|0x000000079da00000, 0x000000079da00000, 0x000000079dc00000|  0%| F|  |TAMS 0x000000079da00000, 0x000000079da00000| Untracked 
|1262|0x000000079dc00000, 0x000000079dc00000, 0x000000079de00000|  0%| F|  |TAMS 0x000000079dc00000, 0x000000079dc00000| Untracked 
|1263|0x000000079de00000, 0x000000079de00000, 0x000000079e000000|  0%| F|  |TAMS 0x000000079de00000, 0x000000079de00000| Untracked 
|1264|0x000000079e000000, 0x000000079e000000, 0x000000079e200000|  0%| F|  |TAMS 0x000000079e000000, 0x000000079e000000| Untracked 
|1265|0x000000079e200000, 0x000000079e200000, 0x000000079e400000|  0%| F|  |TAMS 0x000000079e200000, 0x000000079e200000| Untracked 
|1266|0x000000079e400000, 0x000000079e400000, 0x000000079e600000|  0%| F|  |TAMS 0x000000079e400000, 0x000000079e400000| Untracked 
|1267|0x000000079e600000, 0x000000079e600000, 0x000000079e800000|  0%| F|  |TAMS 0x000000079e600000, 0x000000079e600000| Untracked 
|1268|0x000000079e800000, 0x000000079e800000, 0x000000079ea00000|  0%| F|  |TAMS 0x000000079e800000, 0x000000079e800000| Untracked 
|1269|0x000000079ea00000, 0x000000079ea00000, 0x000000079ec00000|  0%| F|  |TAMS 0x000000079ea00000, 0x000000079ea00000| Untracked 
|1270|0x000000079ec00000, 0x000000079ec00000, 0x000000079ee00000|  0%| F|  |TAMS 0x000000079ec00000, 0x000000079ec00000| Untracked 
|1271|0x000000079ee00000, 0x000000079ee00000, 0x000000079f000000|  0%| F|  |TAMS 0x000000079ee00000, 0x000000079ee00000| Untracked 
|1272|0x000000079f000000, 0x000000079f000000, 0x000000079f200000|  0%| F|  |TAMS 0x000000079f000000, 0x000000079f000000| Untracked 
|1273|0x000000079f200000, 0x000000079f200000, 0x000000079f400000|  0%| F|  |TAMS 0x000000079f200000, 0x000000079f200000| Untracked 
|1274|0x000000079f400000, 0x000000079f400000, 0x000000079f600000|  0%| F|  |TAMS 0x000000079f400000, 0x000000079f400000| Untracked 
|1275|0x000000079f600000, 0x000000079f600000, 0x000000079f800000|  0%| F|  |TAMS 0x000000079f600000, 0x000000079f600000| Untracked 
|1276|0x000000079f800000, 0x000000079f800000, 0x000000079fa00000|  0%| F|  |TAMS 0x000000079f800000, 0x000000079f800000| Untracked 
|1277|0x000000079fa00000, 0x000000079fa00000, 0x000000079fc00000|  0%| F|  |TAMS 0x000000079fa00000, 0x000000079fa00000| Untracked 
|1278|0x000000079fc00000, 0x000000079fc00000, 0x000000079fe00000|  0%| F|  |TAMS 0x000000079fc00000, 0x000000079fc00000| Untracked 
|1279|0x000000079fe00000, 0x000000079fe00000, 0x00000007a0000000|  0%| F|  |TAMS 0x000000079fe00000, 0x000000079fe00000| Untracked 
|1280|0x00000007a0000000, 0x00000007a0000000, 0x00000007a0200000|  0%| F|  |TAMS 0x00000007a0000000, 0x00000007a0000000| Untracked 
|1281|0x00000007a0200000, 0x00000007a0200000, 0x00000007a0400000|  0%| F|  |TAMS 0x00000007a0200000, 0x00000007a0200000| Untracked 
|1282|0x00000007a0400000, 0x00000007a0400000, 0x00000007a0600000|  0%| F|  |TAMS 0x00000007a0400000, 0x00000007a0400000| Untracked 
|1283|0x00000007a0600000, 0x00000007a0600000, 0x00000007a0800000|  0%| F|  |TAMS 0x00000007a0600000, 0x00000007a0600000| Untracked 
|1284|0x00000007a0800000, 0x00000007a0800000, 0x00000007a0a00000|  0%| F|  |TAMS 0x00000007a0800000, 0x00000007a0800000| Untracked 
|1285|0x00000007a0a00000, 0x00000007a0a00000, 0x00000007a0c00000|  0%| F|  |TAMS 0x00000007a0a00000, 0x00000007a0a00000| Untracked 
|1286|0x00000007a0c00000, 0x00000007a0c00000, 0x00000007a0e00000|  0%| F|  |TAMS 0x00000007a0c00000, 0x00000007a0c00000| Untracked 
|1287|0x00000007a0e00000, 0x00000007a0e00000, 0x00000007a1000000|  0%| F|  |TAMS 0x00000007a0e00000, 0x00000007a0e00000| Untracked 
|1288|0x00000007a1000000, 0x00000007a1000000, 0x00000007a1200000|  0%| F|  |TAMS 0x00000007a1000000, 0x00000007a1000000| Untracked 
|1289|0x00000007a1200000, 0x00000007a1200000, 0x00000007a1400000|  0%| F|  |TAMS 0x00000007a1200000, 0x00000007a1200000| Untracked 
|1290|0x00000007a1400000, 0x00000007a1400000, 0x00000007a1600000|  0%| F|  |TAMS 0x00000007a1400000, 0x00000007a1400000| Untracked 
|1291|0x00000007a1600000, 0x00000007a1600000, 0x00000007a1800000|  0%| F|  |TAMS 0x00000007a1600000, 0x00000007a1600000| Untracked 
|1292|0x00000007a1800000, 0x00000007a1800000, 0x00000007a1a00000|  0%| F|  |TAMS 0x00000007a1800000, 0x00000007a1800000| Untracked 
|1293|0x00000007a1a00000, 0x00000007a1a00000, 0x00000007a1c00000|  0%| F|  |TAMS 0x00000007a1a00000, 0x00000007a1a00000| Untracked 
|1294|0x00000007a1c00000, 0x00000007a1c00000, 0x00000007a1e00000|  0%| F|  |TAMS 0x00000007a1c00000, 0x00000007a1c00000| Untracked 
|1295|0x00000007a1e00000, 0x00000007a1e00000, 0x00000007a2000000|  0%| F|  |TAMS 0x00000007a1e00000, 0x00000007a1e00000| Untracked 
|1296|0x00000007a2000000, 0x00000007a2000000, 0x00000007a2200000|  0%| F|  |TAMS 0x00000007a2000000, 0x00000007a2000000| Untracked 
|1297|0x00000007a2200000, 0x00000007a2200000, 0x00000007a2400000|  0%| F|  |TAMS 0x00000007a2200000, 0x00000007a2200000| Untracked 
|1298|0x00000007a2400000, 0x00000007a2400000, 0x00000007a2600000|  0%| F|  |TAMS 0x00000007a2400000, 0x00000007a2400000| Untracked 
|1299|0x00000007a2600000, 0x00000007a2600000, 0x00000007a2800000|  0%| F|  |TAMS 0x00000007a2600000, 0x00000007a2600000| Untracked 
|1300|0x00000007a2800000, 0x00000007a2800000, 0x00000007a2a00000|  0%| F|  |TAMS 0x00000007a2800000, 0x00000007a2800000| Untracked 
|1301|0x00000007a2a00000, 0x00000007a2a00000, 0x00000007a2c00000|  0%| F|  |TAMS 0x00000007a2a00000, 0x00000007a2a00000| Untracked 
|1302|0x00000007a2c00000, 0x00000007a2c00000, 0x00000007a2e00000|  0%| F|  |TAMS 0x00000007a2c00000, 0x00000007a2c00000| Untracked 
|1303|0x00000007a2e00000, 0x00000007a2e00000, 0x00000007a3000000|  0%| F|  |TAMS 0x00000007a2e00000, 0x00000007a2e00000| Untracked 
|1304|0x00000007a3000000, 0x00000007a3000000, 0x00000007a3200000|  0%| F|  |TAMS 0x00000007a3000000, 0x00000007a3000000| Untracked 
|1305|0x00000007a3200000, 0x00000007a3200000, 0x00000007a3400000|  0%| F|  |TAMS 0x00000007a3200000, 0x00000007a3200000| Untracked 
|1306|0x00000007a3400000, 0x00000007a3400000, 0x00000007a3600000|  0%| F|  |TAMS 0x00000007a3400000, 0x00000007a3400000| Untracked 
|1307|0x00000007a3600000, 0x00000007a3600000, 0x00000007a3800000|  0%| F|  |TAMS 0x00000007a3600000, 0x00000007a3600000| Untracked 
|1308|0x00000007a3800000, 0x00000007a3800000, 0x00000007a3a00000|  0%| F|  |TAMS 0x00000007a3800000, 0x00000007a3800000| Untracked 
|1309|0x00000007a3a00000, 0x00000007a3a00000, 0x00000007a3c00000|  0%| F|  |TAMS 0x00000007a3a00000, 0x00000007a3a00000| Untracked 
|1310|0x00000007a3c00000, 0x00000007a3e00000, 0x00000007a3e00000|100%| O|  |TAMS 0x00000007a3e00000, 0x00000007a3c00000| Untracked 
|1311|0x00000007a3e00000, 0x00000007a3e00000, 0x00000007a4000000|  0%| F|  |TAMS 0x00000007a3e00000, 0x00000007a3e00000| Untracked 
|1312|0x00000007a4000000, 0x00000007a4000000, 0x00000007a4200000|  0%| F|  |TAMS 0x00000007a4000000, 0x00000007a4000000| Untracked 
|1313|0x00000007a4200000, 0x00000007a4200000, 0x00000007a4400000|  0%| F|  |TAMS 0x00000007a4200000, 0x00000007a4200000| Untracked 
|1314|0x00000007a4400000, 0x00000007a4400000, 0x00000007a4600000|  0%| F|  |TAMS 0x00000007a4400000, 0x00000007a4400000| Untracked 
|1315|0x00000007a4600000, 0x00000007a4600000, 0x00000007a4800000|  0%| F|  |TAMS 0x00000007a4600000, 0x00000007a4600000| Untracked 
|1316|0x00000007a4800000, 0x00000007a4800000, 0x00000007a4a00000|  0%| F|  |TAMS 0x00000007a4800000, 0x00000007a4800000| Untracked 
|1317|0x00000007a4a00000, 0x00000007a4a00000, 0x00000007a4c00000|  0%| F|  |TAMS 0x00000007a4a00000, 0x00000007a4a00000| Untracked 
|1318|0x00000007a4c00000, 0x00000007a4c00000, 0x00000007a4e00000|  0%| F|  |TAMS 0x00000007a4c00000, 0x00000007a4c00000| Untracked 
|1319|0x00000007a4e00000, 0x00000007a4e00000, 0x00000007a5000000|  0%| F|  |TAMS 0x00000007a4e00000, 0x00000007a4e00000| Untracked 
|1320|0x00000007a5000000, 0x00000007a5000000, 0x00000007a5200000|  0%| F|  |TAMS 0x00000007a5000000, 0x00000007a5000000| Untracked 
|1321|0x00000007a5200000, 0x00000007a5200000, 0x00000007a5400000|  0%| F|  |TAMS 0x00000007a5200000, 0x00000007a5200000| Untracked 
|1322|0x00000007a5400000, 0x00000007a5400000, 0x00000007a5600000|  0%| F|  |TAMS 0x00000007a5400000, 0x00000007a5400000| Untracked 
|1323|0x00000007a5600000, 0x00000007a5600000, 0x00000007a5800000|  0%| F|  |TAMS 0x00000007a5600000, 0x00000007a5600000| Untracked 
|1324|0x00000007a5800000, 0x00000007a5800000, 0x00000007a5a00000|  0%| F|  |TAMS 0x00000007a5800000, 0x00000007a5800000| Untracked 
|1325|0x00000007a5a00000, 0x00000007a5a00000, 0x00000007a5c00000|  0%| F|  |TAMS 0x00000007a5a00000, 0x00000007a5a00000| Untracked 
|1326|0x00000007a5c00000, 0x00000007a5c00000, 0x00000007a5e00000|  0%| F|  |TAMS 0x00000007a5c00000, 0x00000007a5c00000| Untracked 
|1327|0x00000007a5e00000, 0x00000007a5e00000, 0x00000007a6000000|  0%| F|  |TAMS 0x00000007a5e00000, 0x00000007a5e00000| Untracked 
|1328|0x00000007a6000000, 0x00000007a6000000, 0x00000007a6200000|  0%| F|  |TAMS 0x00000007a6000000, 0x00000007a6000000| Untracked 
|1329|0x00000007a6200000, 0x00000007a6200000, 0x00000007a6400000|  0%| F|  |TAMS 0x00000007a6200000, 0x00000007a6200000| Untracked 
|1330|0x00000007a6400000, 0x00000007a6400000, 0x00000007a6600000|  0%| F|  |TAMS 0x00000007a6400000, 0x00000007a6400000| Untracked 
|1331|0x00000007a6600000, 0x00000007a6600000, 0x00000007a6800000|  0%| F|  |TAMS 0x00000007a6600000, 0x00000007a6600000| Untracked 
|1332|0x00000007a6800000, 0x00000007a6800000, 0x00000007a6a00000|  0%| F|  |TAMS 0x00000007a6800000, 0x00000007a6800000| Untracked 
|1333|0x00000007a6a00000, 0x00000007a6a00000, 0x00000007a6c00000|  0%| F|  |TAMS 0x00000007a6a00000, 0x00000007a6a00000| Untracked 
|1334|0x00000007a6c00000, 0x00000007a6c00000, 0x00000007a6e00000|  0%| F|  |TAMS 0x00000007a6c00000, 0x00000007a6c00000| Untracked 
|1335|0x00000007a6e00000, 0x00000007a6e00000, 0x00000007a7000000|  0%| F|  |TAMS 0x00000007a6e00000, 0x00000007a6e00000| Untracked 
|1336|0x00000007a7000000, 0x00000007a7000000, 0x00000007a7200000|  0%| F|  |TAMS 0x00000007a7000000, 0x00000007a7000000| Untracked 
|1337|0x00000007a7200000, 0x00000007a7200000, 0x00000007a7400000|  0%| F|  |TAMS 0x00000007a7200000, 0x00000007a7200000| Untracked 
|1338|0x00000007a7400000, 0x00000007a7400000, 0x00000007a7600000|  0%| F|  |TAMS 0x00000007a7400000, 0x00000007a7400000| Untracked 
|1339|0x00000007a7600000, 0x00000007a7600000, 0x00000007a7800000|  0%| F|  |TAMS 0x00000007a7600000, 0x00000007a7600000| Untracked 
|1340|0x00000007a7800000, 0x00000007a7800000, 0x00000007a7a00000|  0%| F|  |TAMS 0x00000007a7800000, 0x00000007a7800000| Untracked 
|1341|0x00000007a7a00000, 0x00000007a7a00000, 0x00000007a7c00000|  0%| F|  |TAMS 0x00000007a7a00000, 0x00000007a7a00000| Untracked 
|1342|0x00000007a7c00000, 0x00000007a7c00000, 0x00000007a7e00000|  0%| F|  |TAMS 0x00000007a7c00000, 0x00000007a7c00000| Untracked 
|1343|0x00000007a7e00000, 0x00000007a7e00000, 0x00000007a8000000|  0%| F|  |TAMS 0x00000007a7e00000, 0x00000007a7e00000| Untracked 
|1344|0x00000007a8000000, 0x00000007a8000000, 0x00000007a8200000|  0%| F|  |TAMS 0x00000007a8000000, 0x00000007a8000000| Untracked 
|1345|0x00000007a8200000, 0x00000007a8200000, 0x00000007a8400000|  0%| F|  |TAMS 0x00000007a8200000, 0x00000007a8200000| Untracked 
|1346|0x00000007a8400000, 0x00000007a8600000, 0x00000007a8600000|100%| O|  |TAMS 0x00000007a8600000, 0x00000007a8400000| Untracked 
|1347|0x00000007a8600000, 0x00000007a8800000, 0x00000007a8800000|100%| O|  |TAMS 0x00000007a8800000, 0x00000007a8600000| Untracked 
|1348|0x00000007a8800000, 0x00000007a8800000, 0x00000007a8a00000|  0%| F|  |TAMS 0x00000007a8800000, 0x00000007a8800000| Untracked 
|1349|0x00000007a8a00000, 0x00000007a8a00000, 0x00000007a8c00000|  0%| F|  |TAMS 0x00000007a8a00000, 0x00000007a8a00000| Untracked 
|1350|0x00000007a8c00000, 0x00000007a8e00000, 0x00000007a8e00000|100%| O|  |TAMS 0x00000007a8e00000, 0x00000007a8c00000| Untracked 
|1351|0x00000007a8e00000, 0x00000007a9000000, 0x00000007a9000000|100%| O|  |TAMS 0x00000007a9000000, 0x00000007a8e00000| Untracked 
|1352|0x00000007a9000000, 0x00000007a9000000, 0x00000007a9200000|  0%| F|  |TAMS 0x00000007a9000000, 0x00000007a9000000| Untracked 
|1353|0x00000007a9200000, 0x00000007a9200000, 0x00000007a9400000|  0%| F|  |TAMS 0x00000007a9200000, 0x00000007a9200000| Untracked 
|1354|0x00000007a9400000, 0x00000007a9400000, 0x00000007a9600000|  0%| F|  |TAMS 0x00000007a9400000, 0x00000007a9400000| Untracked 
|1355|0x00000007a9600000, 0x00000007a9600000, 0x00000007a9800000|  0%| F|  |TAMS 0x00000007a9600000, 0x00000007a9600000| Untracked 
|1356|0x00000007a9800000, 0x00000007a9800000, 0x00000007a9a00000|  0%| F|  |TAMS 0x00000007a9800000, 0x00000007a9800000| Untracked 
|1357|0x00000007a9a00000, 0x00000007a9a00000, 0x00000007a9c00000|  0%| F|  |TAMS 0x00000007a9a00000, 0x00000007a9a00000| Untracked 
|1358|0x00000007a9c00000, 0x00000007a9c00000, 0x00000007a9e00000|  0%| F|  |TAMS 0x00000007a9c00000, 0x00000007a9c00000| Untracked 
|1359|0x00000007a9e00000, 0x00000007a9e00000, 0x00000007aa000000|  0%| F|  |TAMS 0x00000007a9e00000, 0x00000007a9e00000| Untracked 
|1360|0x00000007aa000000, 0x00000007aa000000, 0x00000007aa200000|  0%| F|  |TAMS 0x00000007aa000000, 0x00000007aa000000| Untracked 
|1361|0x00000007aa200000, 0x00000007aa200000, 0x00000007aa400000|  0%| F|  |TAMS 0x00000007aa200000, 0x00000007aa200000| Untracked 
|1362|0x00000007aa400000, 0x00000007aa400000, 0x00000007aa600000|  0%| F|  |TAMS 0x00000007aa400000, 0x00000007aa400000| Untracked 
|1363|0x00000007aa600000, 0x00000007aa600000, 0x00000007aa800000|  0%| F|  |TAMS 0x00000007aa600000, 0x00000007aa600000| Untracked 
|1364|0x00000007aa800000, 0x00000007aa800000, 0x00000007aaa00000|  0%| F|  |TAMS 0x00000007aa800000, 0x00000007aa800000| Untracked 
|1365|0x00000007aaa00000, 0x00000007aaa00000, 0x00000007aac00000|  0%| F|  |TAMS 0x00000007aaa00000, 0x00000007aaa00000| Untracked 
|1366|0x00000007aac00000, 0x00000007aac00000, 0x00000007aae00000|  0%| F|  |TAMS 0x00000007aac00000, 0x00000007aac00000| Untracked 
|1367|0x00000007aae00000, 0x00000007ab000000, 0x00000007ab000000|100%| O|  |TAMS 0x00000007ab000000, 0x00000007aae00000| Complete 
|1368|0x00000007ab000000, 0x00000007ab200000, 0x00000007ab200000|100%| O|  |TAMS 0x00000007ab200000, 0x00000007ab000000| Untracked 
|1369|0x00000007ab200000, 0x00000007ab200000, 0x00000007ab400000|  0%| F|  |TAMS 0x00000007ab200000, 0x00000007ab200000| Untracked 
|1370|0x00000007ab400000, 0x00000007ab400000, 0x00000007ab600000|  0%| F|  |TAMS 0x00000007ab400000, 0x00000007ab400000| Untracked 
|1371|0x00000007ab600000, 0x00000007ab600000, 0x00000007ab800000|  0%| F|  |TAMS 0x00000007ab600000, 0x00000007ab600000| Untracked 
|1372|0x00000007ab800000, 0x00000007ab800000, 0x00000007aba00000|  0%| F|  |TAMS 0x00000007ab800000, 0x00000007ab800000| Untracked 
|1373|0x00000007aba00000, 0x00000007aba00000, 0x00000007abc00000|  0%| F|  |TAMS 0x00000007aba00000, 0x00000007aba00000| Untracked 
|1374|0x00000007abc00000, 0x00000007abc00000, 0x00000007abe00000|  0%| F|  |TAMS 0x00000007abc00000, 0x00000007abc00000| Untracked 
|1375|0x00000007abe00000, 0x00000007abe00000, 0x00000007ac000000|  0%| F|  |TAMS 0x00000007abe00000, 0x00000007abe00000| Untracked 
|1376|0x00000007ac000000, 0x00000007ac000000, 0x00000007ac200000|  0%| F|  |TAMS 0x00000007ac000000, 0x00000007ac000000| Untracked 
|1377|0x00000007ac200000, 0x00000007ac200000, 0x00000007ac400000|  0%| F|  |TAMS 0x00000007ac200000, 0x00000007ac200000| Untracked 
|1378|0x00000007ac400000, 0x00000007ac400000, 0x00000007ac600000|  0%| F|  |TAMS 0x00000007ac400000, 0x00000007ac400000| Untracked 
|1379|0x00000007ac600000, 0x00000007ac600000, 0x00000007ac800000|  0%| F|  |TAMS 0x00000007ac600000, 0x00000007ac600000| Untracked 
|1380|0x00000007ac800000, 0x00000007ac800000, 0x00000007aca00000|  0%| F|  |TAMS 0x00000007ac800000, 0x00000007ac800000| Untracked 
|1381|0x00000007aca00000, 0x00000007aca00000, 0x00000007acc00000|  0%| F|  |TAMS 0x00000007aca00000, 0x00000007aca00000| Untracked 
|1382|0x00000007acc00000, 0x00000007acc00000, 0x00000007ace00000|  0%| F|  |TAMS 0x00000007acc00000, 0x00000007acc00000| Untracked 
|1383|0x00000007ace00000, 0x00000007ace00000, 0x00000007ad000000|  0%| F|  |TAMS 0x00000007ace00000, 0x00000007ace00000| Untracked 
|1384|0x00000007ad000000, 0x00000007ad000000, 0x00000007ad200000|  0%| F|  |TAMS 0x00000007ad000000, 0x00000007ad000000| Untracked 
|1385|0x00000007ad200000, 0x00000007ad200000, 0x00000007ad400000|  0%| F|  |TAMS 0x00000007ad200000, 0x00000007ad200000| Untracked 
|1386|0x00000007ad400000, 0x00000007ad400000, 0x00000007ad600000|  0%| F|  |TAMS 0x00000007ad400000, 0x00000007ad400000| Untracked 
|1387|0x00000007ad600000, 0x00000007ad600000, 0x00000007ad800000|  0%| F|  |TAMS 0x00000007ad600000, 0x00000007ad600000| Untracked 
|1388|0x00000007ad800000, 0x00000007ad800000, 0x00000007ada00000|  0%| F|  |TAMS 0x00000007ad800000, 0x00000007ad800000| Untracked 
|1389|0x00000007ada00000, 0x00000007ada00000, 0x00000007adc00000|  0%| F|  |TAMS 0x00000007ada00000, 0x00000007ada00000| Untracked 
|1390|0x00000007adc00000, 0x00000007adc00000, 0x00000007ade00000|  0%| F|  |TAMS 0x00000007adc00000, 0x00000007adc00000| Untracked 
|1391|0x00000007ade00000, 0x00000007ade00000, 0x00000007ae000000|  0%| F|  |TAMS 0x00000007ade00000, 0x00000007ade00000| Untracked 
|1392|0x00000007ae000000, 0x00000007ae000000, 0x00000007ae200000|  0%| F|  |TAMS 0x00000007ae000000, 0x00000007ae000000| Untracked 
|1393|0x00000007ae200000, 0x00000007ae200000, 0x00000007ae400000|  0%| F|  |TAMS 0x00000007ae200000, 0x00000007ae200000| Untracked 
|1394|0x00000007ae400000, 0x00000007ae400000, 0x00000007ae600000|  0%| F|  |TAMS 0x00000007ae400000, 0x00000007ae400000| Untracked 
|1395|0x00000007ae600000, 0x00000007ae600000, 0x00000007ae800000|  0%| F|  |TAMS 0x00000007ae600000, 0x00000007ae600000| Untracked 
|1396|0x00000007ae800000, 0x00000007ae800000, 0x00000007aea00000|  0%| F|  |TAMS 0x00000007ae800000, 0x00000007ae800000| Untracked 
|1397|0x00000007aea00000, 0x00000007aec00000, 0x00000007aec00000|100%| S|CS|TAMS 0x00000007aea00000, 0x00000007aea00000| Complete 
|1398|0x00000007aec00000, 0x00000007aee00000, 0x00000007aee00000|100%| S|CS|TAMS 0x00000007aec00000, 0x00000007aec00000| Complete 
|1399|0x00000007aee00000, 0x00000007af000000, 0x00000007af000000|100%| S|CS|TAMS 0x00000007aee00000, 0x00000007aee00000| Complete 
|1400|0x00000007af000000, 0x00000007af200000, 0x00000007af200000|100%| S|CS|TAMS 0x00000007af000000, 0x00000007af000000| Complete 
|1401|0x00000007af200000, 0x00000007af400000, 0x00000007af400000|100%| S|CS|TAMS 0x00000007af200000, 0x00000007af200000| Complete 
|1402|0x00000007af400000, 0x00000007af600000, 0x00000007af600000|100%| S|CS|TAMS 0x00000007af400000, 0x00000007af400000| Complete 
|1403|0x00000007af600000, 0x00000007af800000, 0x00000007af800000|100%| S|CS|TAMS 0x00000007af600000, 0x00000007af600000| Complete 
|1404|0x00000007af800000, 0x00000007af800000, 0x00000007afa00000|  0%| F|  |TAMS 0x00000007af800000, 0x00000007af800000| Untracked 
|1405|0x00000007afa00000, 0x00000007afa00000, 0x00000007afc00000|  0%| F|  |TAMS 0x00000007afa00000, 0x00000007afa00000| Untracked 
|1406|0x00000007afc00000, 0x00000007afc00000, 0x00000007afe00000|  0%| F|  |TAMS 0x00000007afc00000, 0x00000007afc00000| Untracked 
|1407|0x00000007afe00000, 0x00000007afe00000, 0x00000007b0000000|  0%| F|  |TAMS 0x00000007afe00000, 0x00000007afe00000| Untracked 
|1408|0x00000007b0000000, 0x00000007b0000000, 0x00000007b0200000|  0%| F|  |TAMS 0x00000007b0000000, 0x00000007b0000000| Untracked 
|1409|0x00000007b0200000, 0x00000007b0200000, 0x00000007b0400000|  0%| F|  |TAMS 0x00000007b0200000, 0x00000007b0200000| Untracked 
|1410|0x00000007b0400000, 0x00000007b0400000, 0x00000007b0600000|  0%| F|  |TAMS 0x00000007b0400000, 0x00000007b0400000| Untracked 
|1411|0x00000007b0600000, 0x00000007b0600000, 0x00000007b0800000|  0%| F|  |TAMS 0x00000007b0600000, 0x00000007b0600000| Untracked 
|1412|0x00000007b0800000, 0x00000007b0800000, 0x00000007b0a00000|  0%| F|  |TAMS 0x00000007b0800000, 0x00000007b0800000| Untracked 
|1413|0x00000007b0a00000, 0x00000007b0a00000, 0x00000007b0c00000|  0%| F|  |TAMS 0x00000007b0a00000, 0x00000007b0a00000| Untracked 
|1414|0x00000007b0c00000, 0x00000007b0c00000, 0x00000007b0e00000|  0%| F|  |TAMS 0x00000007b0c00000, 0x00000007b0c00000| Untracked 
|1415|0x00000007b0e00000, 0x00000007b0e00000, 0x00000007b1000000|  0%| F|  |TAMS 0x00000007b0e00000, 0x00000007b0e00000| Untracked 
|1416|0x00000007b1000000, 0x00000007b1000000, 0x00000007b1200000|  0%| F|  |TAMS 0x00000007b1000000, 0x00000007b1000000| Untracked 
|1417|0x00000007b1200000, 0x00000007b1200000, 0x00000007b1400000|  0%| F|  |TAMS 0x00000007b1200000, 0x00000007b1200000| Untracked 
|1418|0x00000007b1400000, 0x00000007b1400000, 0x00000007b1600000|  0%| F|  |TAMS 0x00000007b1400000, 0x00000007b1400000| Untracked 
|1419|0x00000007b1600000, 0x00000007b1600000, 0x00000007b1800000|  0%| F|  |TAMS 0x00000007b1600000, 0x00000007b1600000| Untracked 
|1420|0x00000007b1800000, 0x00000007b1800000, 0x00000007b1a00000|  0%| F|  |TAMS 0x00000007b1800000, 0x00000007b1800000| Untracked 
|1421|0x00000007b1a00000, 0x00000007b1a00000, 0x00000007b1c00000|  0%| F|  |TAMS 0x00000007b1a00000, 0x00000007b1a00000| Untracked 
|1422|0x00000007b1c00000, 0x00000007b1c00000, 0x00000007b1e00000|  0%| F|  |TAMS 0x00000007b1c00000, 0x00000007b1c00000| Untracked 
|1423|0x00000007b1e00000, 0x00000007b1e00000, 0x00000007b2000000|  0%| F|  |TAMS 0x00000007b1e00000, 0x00000007b1e00000| Untracked 
|1424|0x00000007b2000000, 0x00000007b2000000, 0x00000007b2200000|  0%| F|  |TAMS 0x00000007b2000000, 0x00000007b2000000| Untracked 
|1425|0x00000007b2200000, 0x00000007b2200000, 0x00000007b2400000|  0%| F|  |TAMS 0x00000007b2200000, 0x00000007b2200000| Untracked 
|1426|0x00000007b2400000, 0x00000007b2400000, 0x00000007b2600000|  0%| F|  |TAMS 0x00000007b2400000, 0x00000007b2400000| Untracked 
|1427|0x00000007b2600000, 0x00000007b2600000, 0x00000007b2800000|  0%| F|  |TAMS 0x00000007b2600000, 0x00000007b2600000| Untracked 
|1428|0x00000007b2800000, 0x00000007b2800000, 0x00000007b2a00000|  0%| F|  |TAMS 0x00000007b2800000, 0x00000007b2800000| Untracked 
|1429|0x00000007b2a00000, 0x00000007b2a00000, 0x00000007b2c00000|  0%| F|  |TAMS 0x00000007b2a00000, 0x00000007b2a00000| Untracked 
|1430|0x00000007b2c00000, 0x00000007b2c00000, 0x00000007b2e00000|  0%| F|  |TAMS 0x00000007b2c00000, 0x00000007b2c00000| Untracked 
|1431|0x00000007b2e00000, 0x00000007b2e00000, 0x00000007b3000000|  0%| F|  |TAMS 0x00000007b2e00000, 0x00000007b2e00000| Untracked 
|1432|0x00000007b3000000, 0x00000007b3000000, 0x00000007b3200000|  0%| F|  |TAMS 0x00000007b3000000, 0x00000007b3000000| Untracked 
|1433|0x00000007b3200000, 0x00000007b3200000, 0x00000007b3400000|  0%| F|  |TAMS 0x00000007b3200000, 0x00000007b3200000| Untracked 
|1434|0x00000007b3400000, 0x00000007b3400000, 0x00000007b3600000|  0%| F|  |TAMS 0x00000007b3400000, 0x00000007b3400000| Untracked 
|1435|0x00000007b3600000, 0x00000007b3600000, 0x00000007b3800000|  0%| F|  |TAMS 0x00000007b3600000, 0x00000007b3600000| Untracked 
|1436|0x00000007b3800000, 0x00000007b3800000, 0x00000007b3a00000|  0%| F|  |TAMS 0x00000007b3800000, 0x00000007b3800000| Untracked 
|1437|0x00000007b3a00000, 0x00000007b3a00000, 0x00000007b3c00000|  0%| F|  |TAMS 0x00000007b3a00000, 0x00000007b3a00000| Untracked 
|1438|0x00000007b3c00000, 0x00000007b3c00000, 0x00000007b3e00000|  0%| F|  |TAMS 0x00000007b3c00000, 0x00000007b3c00000| Untracked 
|1439|0x00000007b3e00000, 0x00000007b3e00000, 0x00000007b4000000|  0%| F|  |TAMS 0x00000007b3e00000, 0x00000007b3e00000| Untracked 
|1440|0x00000007b4000000, 0x00000007b4000000, 0x00000007b4200000|  0%| F|  |TAMS 0x00000007b4000000, 0x00000007b4000000| Untracked 
|1441|0x00000007b4200000, 0x00000007b4200000, 0x00000007b4400000|  0%| F|  |TAMS 0x00000007b4200000, 0x00000007b4200000| Untracked 
|1442|0x00000007b4400000, 0x00000007b4400000, 0x00000007b4600000|  0%| F|  |TAMS 0x00000007b4400000, 0x00000007b4400000| Untracked 
|1443|0x00000007b4600000, 0x00000007b4600000, 0x00000007b4800000|  0%| F|  |TAMS 0x00000007b4600000, 0x00000007b4600000| Untracked 
|1444|0x00000007b4800000, 0x00000007b4800000, 0x00000007b4a00000|  0%| F|  |TAMS 0x00000007b4800000, 0x00000007b4800000| Untracked 
|1445|0x00000007b4a00000, 0x00000007b4a00000, 0x00000007b4c00000|  0%| F|  |TAMS 0x00000007b4a00000, 0x00000007b4a00000| Untracked 
|1446|0x00000007b4c00000, 0x00000007b4c00000, 0x00000007b4e00000|  0%| F|  |TAMS 0x00000007b4c00000, 0x00000007b4c00000| Untracked 
|1447|0x00000007b4e00000, 0x00000007b4e00000, 0x00000007b5000000|  0%| F|  |TAMS 0x00000007b4e00000, 0x00000007b4e00000| Untracked 
|1448|0x00000007b5000000, 0x00000007b5000000, 0x00000007b5200000|  0%| F|  |TAMS 0x00000007b5000000, 0x00000007b5000000| Untracked 
|1449|0x00000007b5200000, 0x00000007b5200000, 0x00000007b5400000|  0%| F|  |TAMS 0x00000007b5200000, 0x00000007b5200000| Untracked 
|1450|0x00000007b5400000, 0x00000007b5400000, 0x00000007b5600000|  0%| F|  |TAMS 0x00000007b5400000, 0x00000007b5400000| Untracked 
|1451|0x00000007b5600000, 0x00000007b5600000, 0x00000007b5800000|  0%| F|  |TAMS 0x00000007b5600000, 0x00000007b5600000| Untracked 
|1452|0x00000007b5800000, 0x00000007b5800000, 0x00000007b5a00000|  0%| F|  |TAMS 0x00000007b5800000, 0x00000007b5800000| Untracked 
|1453|0x00000007b5a00000, 0x00000007b5a00000, 0x00000007b5c00000|  0%| F|  |TAMS 0x00000007b5a00000, 0x00000007b5a00000| Untracked 
|1454|0x00000007b5c00000, 0x00000007b5c00000, 0x00000007b5e00000|  0%| F|  |TAMS 0x00000007b5c00000, 0x00000007b5c00000| Untracked 
|1455|0x00000007b5e00000, 0x00000007b5e00000, 0x00000007b6000000|  0%| F|  |TAMS 0x00000007b5e00000, 0x00000007b5e00000| Untracked 
|1456|0x00000007b6000000, 0x00000007b6000000, 0x00000007b6200000|  0%| F|  |TAMS 0x00000007b6000000, 0x00000007b6000000| Untracked 
|1457|0x00000007b6200000, 0x00000007b6200000, 0x00000007b6400000|  0%| F|  |TAMS 0x00000007b6200000, 0x00000007b6200000| Untracked 
|1458|0x00000007b6400000, 0x00000007b6400000, 0x00000007b6600000|  0%| F|  |TAMS 0x00000007b6400000, 0x00000007b6400000| Untracked 
|1459|0x00000007b6600000, 0x00000007b6600000, 0x00000007b6800000|  0%| F|  |TAMS 0x00000007b6600000, 0x00000007b6600000| Untracked 
|1460|0x00000007b6800000, 0x00000007b6800000, 0x00000007b6a00000|  0%| F|  |TAMS 0x00000007b6800000, 0x00000007b6800000| Untracked 
|1461|0x00000007b6a00000, 0x00000007b6a00000, 0x00000007b6c00000|  0%| F|  |TAMS 0x00000007b6a00000, 0x00000007b6a00000| Untracked 
|1462|0x00000007b6c00000, 0x00000007b6c00000, 0x00000007b6e00000|  0%| F|  |TAMS 0x00000007b6c00000, 0x00000007b6c00000| Untracked 
|1463|0x00000007b6e00000, 0x00000007b6e00000, 0x00000007b7000000|  0%| F|  |TAMS 0x00000007b6e00000, 0x00000007b6e00000| Untracked 
|1464|0x00000007b7000000, 0x00000007b7000000, 0x00000007b7200000|  0%| F|  |TAMS 0x00000007b7000000, 0x00000007b7000000| Untracked 
|1465|0x00000007b7200000, 0x00000007b7200000, 0x00000007b7400000|  0%| F|  |TAMS 0x00000007b7200000, 0x00000007b7200000| Untracked 
|1466|0x00000007b7400000, 0x00000007b7400000, 0x00000007b7600000|  0%| F|  |TAMS 0x00000007b7400000, 0x00000007b7400000| Untracked 
|1467|0x00000007b7600000, 0x00000007b7600000, 0x00000007b7800000|  0%| F|  |TAMS 0x00000007b7600000, 0x00000007b7600000| Untracked 
|1468|0x00000007b7800000, 0x00000007b7800000, 0x00000007b7a00000|  0%| F|  |TAMS 0x00000007b7800000, 0x00000007b7800000| Untracked 
|1469|0x00000007b7a00000, 0x00000007b7a00000, 0x00000007b7c00000|  0%| F|  |TAMS 0x00000007b7a00000, 0x00000007b7a00000| Untracked 
|1470|0x00000007b7c00000, 0x00000007b7c00000, 0x00000007b7e00000|  0%| F|  |TAMS 0x00000007b7c00000, 0x00000007b7c00000| Untracked 
|1471|0x00000007b7e00000, 0x00000007b7e00000, 0x00000007b8000000|  0%| F|  |TAMS 0x00000007b7e00000, 0x00000007b7e00000| Untracked 
|1472|0x00000007b8000000, 0x00000007b8000000, 0x00000007b8200000|  0%| F|  |TAMS 0x00000007b8000000, 0x00000007b8000000| Untracked 
|1473|0x00000007b8200000, 0x00000007b8200000, 0x00000007b8400000|  0%| F|  |TAMS 0x00000007b8200000, 0x00000007b8200000| Untracked 
|1474|0x00000007b8400000, 0x00000007b8400000, 0x00000007b8600000|  0%| F|  |TAMS 0x00000007b8400000, 0x00000007b8400000| Untracked 
|1475|0x00000007b8600000, 0x00000007b8600000, 0x00000007b8800000|  0%| F|  |TAMS 0x00000007b8600000, 0x00000007b8600000| Untracked 
|1476|0x00000007b8800000, 0x00000007b8800000, 0x00000007b8a00000|  0%| F|  |TAMS 0x00000007b8800000, 0x00000007b8800000| Untracked 
|1477|0x00000007b8a00000, 0x00000007b8a00000, 0x00000007b8c00000|  0%| F|  |TAMS 0x00000007b8a00000, 0x00000007b8a00000| Untracked 
|1478|0x00000007b8c00000, 0x00000007b8c00000, 0x00000007b8e00000|  0%| F|  |TAMS 0x00000007b8c00000, 0x00000007b8c00000| Untracked 
|1479|0x00000007b8e00000, 0x00000007b8e00000, 0x00000007b9000000|  0%| F|  |TAMS 0x00000007b8e00000, 0x00000007b8e00000| Untracked 
|1480|0x00000007b9000000, 0x00000007b9000000, 0x00000007b9200000|  0%| F|  |TAMS 0x00000007b9000000, 0x00000007b9000000| Untracked 
|1481|0x00000007b9200000, 0x00000007b9200000, 0x00000007b9400000|  0%| F|  |TAMS 0x00000007b9200000, 0x00000007b9200000| Untracked 
|1482|0x00000007b9400000, 0x00000007b9400000, 0x00000007b9600000|  0%| F|  |TAMS 0x00000007b9400000, 0x00000007b9400000| Untracked 
|1483|0x00000007b9600000, 0x00000007b9600000, 0x00000007b9800000|  0%| F|  |TAMS 0x00000007b9600000, 0x00000007b9600000| Untracked 
|1484|0x00000007b9800000, 0x00000007b9800000, 0x00000007b9a00000|  0%| F|  |TAMS 0x00000007b9800000, 0x00000007b9800000| Untracked 
|1485|0x00000007b9a00000, 0x00000007b9a00000, 0x00000007b9c00000|  0%| F|  |TAMS 0x00000007b9a00000, 0x00000007b9a00000| Untracked 
|1486|0x00000007b9c00000, 0x00000007b9c00000, 0x00000007b9e00000|  0%| F|  |TAMS 0x00000007b9c00000, 0x00000007b9c00000| Untracked 
|1487|0x00000007b9e00000, 0x00000007b9e00000, 0x00000007ba000000|  0%| F|  |TAMS 0x00000007b9e00000, 0x00000007b9e00000| Untracked 
|1488|0x00000007ba000000, 0x00000007ba000000, 0x00000007ba200000|  0%| F|  |TAMS 0x00000007ba000000, 0x00000007ba000000| Untracked 
|1489|0x00000007ba200000, 0x00000007ba200000, 0x00000007ba400000|  0%| F|  |TAMS 0x00000007ba200000, 0x00000007ba200000| Untracked 
|1490|0x00000007ba400000, 0x00000007ba400000, 0x00000007ba600000|  0%| F|  |TAMS 0x00000007ba400000, 0x00000007ba400000| Untracked 
|1491|0x00000007ba600000, 0x00000007ba600000, 0x00000007ba800000|  0%| F|  |TAMS 0x00000007ba600000, 0x00000007ba600000| Untracked 
|1492|0x00000007ba800000, 0x00000007ba800000, 0x00000007baa00000|  0%| F|  |TAMS 0x00000007ba800000, 0x00000007ba800000| Untracked 
|1493|0x00000007baa00000, 0x00000007baa00000, 0x00000007bac00000|  0%| F|  |TAMS 0x00000007baa00000, 0x00000007baa00000| Untracked 
|1494|0x00000007bac00000, 0x00000007bac00000, 0x00000007bae00000|  0%| F|  |TAMS 0x00000007bac00000, 0x00000007bac00000| Untracked 
|1495|0x00000007bae00000, 0x00000007bae00000, 0x00000007bb000000|  0%| F|  |TAMS 0x00000007bae00000, 0x00000007bae00000| Untracked 
|1496|0x00000007bb000000, 0x00000007bb000000, 0x00000007bb200000|  0%| F|  |TAMS 0x00000007bb000000, 0x00000007bb000000| Untracked 
|1497|0x00000007bb200000, 0x00000007bb200000, 0x00000007bb400000|  0%| F|  |TAMS 0x00000007bb200000, 0x00000007bb200000| Untracked 
|1498|0x00000007bb400000, 0x00000007bb400000, 0x00000007bb600000|  0%| F|  |TAMS 0x00000007bb400000, 0x00000007bb400000| Untracked 
|1499|0x00000007bb600000, 0x00000007bb600000, 0x00000007bb800000|  0%| F|  |TAMS 0x00000007bb600000, 0x00000007bb600000| Untracked 
|1500|0x00000007bb800000, 0x00000007bb800000, 0x00000007bba00000|  0%| F|  |TAMS 0x00000007bb800000, 0x00000007bb800000| Untracked 
|1501|0x00000007bba00000, 0x00000007bba00000, 0x00000007bbc00000|  0%| F|  |TAMS 0x00000007bba00000, 0x00000007bba00000| Untracked 
|1502|0x00000007bbc00000, 0x00000007bbc00000, 0x00000007bbe00000|  0%| F|  |TAMS 0x00000007bbc00000, 0x00000007bbc00000| Untracked 
|1503|0x00000007bbe00000, 0x00000007bbe00000, 0x00000007bc000000|  0%| F|  |TAMS 0x00000007bbe00000, 0x00000007bbe00000| Untracked 
|1504|0x00000007bc000000, 0x00000007bc000000, 0x00000007bc200000|  0%| F|  |TAMS 0x00000007bc000000, 0x00000007bc000000| Untracked 
|1505|0x00000007bc200000, 0x00000007bc200000, 0x00000007bc400000|  0%| F|  |TAMS 0x00000007bc200000, 0x00000007bc200000| Untracked 
|1506|0x00000007bc400000, 0x00000007bc400000, 0x00000007bc600000|  0%| F|  |TAMS 0x00000007bc400000, 0x00000007bc400000| Untracked 
|1507|0x00000007bc600000, 0x00000007bc600000, 0x00000007bc800000|  0%| F|  |TAMS 0x00000007bc600000, 0x00000007bc600000| Untracked 
|1508|0x00000007bc800000, 0x00000007bc800000, 0x00000007bca00000|  0%| F|  |TAMS 0x00000007bc800000, 0x00000007bc800000| Untracked 
|1509|0x00000007bca00000, 0x00000007bca00000, 0x00000007bcc00000|  0%| F|  |TAMS 0x00000007bca00000, 0x00000007bca00000| Untracked 
|1510|0x00000007bcc00000, 0x00000007bcc00000, 0x00000007bce00000|  0%| F|  |TAMS 0x00000007bcc00000, 0x00000007bcc00000| Untracked 
|1511|0x00000007bce00000, 0x00000007bce00000, 0x00000007bd000000|  0%| F|  |TAMS 0x00000007bce00000, 0x00000007bce00000| Untracked 
|1512|0x00000007bd000000, 0x00000007bd000000, 0x00000007bd200000|  0%| F|  |TAMS 0x00000007bd000000, 0x00000007bd000000| Untracked 
|1513|0x00000007bd200000, 0x00000007bd200000, 0x00000007bd400000|  0%| F|  |TAMS 0x00000007bd200000, 0x00000007bd200000| Untracked 
|1514|0x00000007bd400000, 0x00000007bd400000, 0x00000007bd600000|  0%| F|  |TAMS 0x00000007bd400000, 0x00000007bd400000| Untracked 
|1515|0x00000007bd600000, 0x00000007bd600000, 0x00000007bd800000|  0%| F|  |TAMS 0x00000007bd600000, 0x00000007bd600000| Untracked 
|1516|0x00000007bd800000, 0x00000007bd800000, 0x00000007bda00000|  0%| F|  |TAMS 0x00000007bd800000, 0x00000007bd800000| Untracked 
|1517|0x00000007bda00000, 0x00000007bda00000, 0x00000007bdc00000|  0%| F|  |TAMS 0x00000007bda00000, 0x00000007bda00000| Untracked 
|1518|0x00000007bdc00000, 0x00000007bdc00000, 0x00000007bde00000|  0%| F|  |TAMS 0x00000007bdc00000, 0x00000007bdc00000| Untracked 
|1519|0x00000007bde00000, 0x00000007bde00000, 0x00000007be000000|  0%| F|  |TAMS 0x00000007bde00000, 0x00000007bde00000| Untracked 
|1520|0x00000007be000000, 0x00000007be000000, 0x00000007be200000|  0%| F|  |TAMS 0x00000007be000000, 0x00000007be000000| Untracked 
|1521|0x00000007be200000, 0x00000007be200000, 0x00000007be400000|  0%| F|  |TAMS 0x00000007be200000, 0x00000007be200000| Untracked 
|1522|0x00000007be400000, 0x00000007be400000, 0x00000007be600000|  0%| F|  |TAMS 0x00000007be400000, 0x00000007be400000| Untracked 
|1523|0x00000007be600000, 0x00000007be600000, 0x00000007be800000|  0%| F|  |TAMS 0x00000007be600000, 0x00000007be600000| Untracked 
|1524|0x00000007be800000, 0x00000007be800000, 0x00000007bea00000|  0%| F|  |TAMS 0x00000007be800000, 0x00000007be800000| Untracked 
|1525|0x00000007bea00000, 0x00000007bea00000, 0x00000007bec00000|  0%| F|  |TAMS 0x00000007bea00000, 0x00000007bea00000| Untracked 
|1526|0x00000007bec00000, 0x00000007bec00000, 0x00000007bee00000|  0%| F|  |TAMS 0x00000007bec00000, 0x00000007bec00000| Untracked 
|1527|0x00000007bee00000, 0x00000007bee00000, 0x00000007bf000000|  0%| F|  |TAMS 0x00000007bee00000, 0x00000007bee00000| Untracked 
|1528|0x00000007bf000000, 0x00000007bf000000, 0x00000007bf200000|  0%| F|  |TAMS 0x00000007bf000000, 0x00000007bf000000| Untracked 
|1529|0x00000007bf200000, 0x00000007bf200000, 0x00000007bf400000|  0%| F|  |TAMS 0x00000007bf200000, 0x00000007bf200000| Untracked 
|1530|0x00000007bf400000, 0x00000007bf400000, 0x00000007bf600000|  0%| F|  |TAMS 0x00000007bf400000, 0x00000007bf400000| Untracked 
|1531|0x00000007bf600000, 0x00000007bf600000, 0x00000007bf800000|  0%| F|  |TAMS 0x00000007bf600000, 0x00000007bf600000| Untracked 
|1532|0x00000007bf800000, 0x00000007bf800000, 0x00000007bfa00000|  0%| F|  |TAMS 0x00000007bf800000, 0x00000007bf800000| Untracked 
|1533|0x00000007bfa00000, 0x00000007bfa00000, 0x00000007bfc00000|  0%| F|  |TAMS 0x00000007bfa00000, 0x00000007bfa00000| Untracked 
|1534|0x00000007bfc00000, 0x00000007bfc00000, 0x00000007bfe00000|  0%| F|  |TAMS 0x00000007bfc00000, 0x00000007bfc00000| Untracked 
|1535|0x00000007bfe00000, 0x00000007bfe00000, 0x00000007c0000000|  0%| F|  |TAMS 0x00000007bfe00000, 0x00000007bfe00000| Untracked 
|1536|0x00000007c0000000, 0x00000007c0000000, 0x00000007c0200000|  0%| F|  |TAMS 0x00000007c0000000, 0x00000007c0000000| Untracked 
|1537|0x00000007c0200000, 0x00000007c0200000, 0x00000007c0400000|  0%| F|  |TAMS 0x00000007c0200000, 0x00000007c0200000| Untracked 
|1538|0x00000007c0400000, 0x00000007c0400000, 0x00000007c0600000|  0%| F|  |TAMS 0x00000007c0400000, 0x00000007c0400000| Untracked 
|1539|0x00000007c0600000, 0x00000007c0600000, 0x00000007c0800000|  0%| F|  |TAMS 0x00000007c0600000, 0x00000007c0600000| Untracked 
|1540|0x00000007c0800000, 0x00000007c0800000, 0x00000007c0a00000|  0%| F|  |TAMS 0x00000007c0800000, 0x00000007c0800000| Untracked 
|1541|0x00000007c0a00000, 0x00000007c0a00000, 0x00000007c0c00000|  0%| F|  |TAMS 0x00000007c0a00000, 0x00000007c0a00000| Untracked 
|1542|0x00000007c0c00000, 0x00000007c0c00000, 0x00000007c0e00000|  0%| F|  |TAMS 0x00000007c0c00000, 0x00000007c0c00000| Untracked 
|1543|0x00000007c0e00000, 0x00000007c0e00000, 0x00000007c1000000|  0%| F|  |TAMS 0x00000007c0e00000, 0x00000007c0e00000| Untracked 
|1544|0x00000007c1000000, 0x00000007c1000000, 0x00000007c1200000|  0%| F|  |TAMS 0x00000007c1000000, 0x00000007c1000000| Untracked 
|1545|0x00000007c1200000, 0x00000007c1200000, 0x00000007c1400000|  0%| F|  |TAMS 0x00000007c1200000, 0x00000007c1200000| Untracked 
|1546|0x00000007c1400000, 0x00000007c1400000, 0x00000007c1600000|  0%| F|  |TAMS 0x00000007c1400000, 0x00000007c1400000| Untracked 
|1547|0x00000007c1600000, 0x00000007c1600000, 0x00000007c1800000|  0%| F|  |TAMS 0x00000007c1600000, 0x00000007c1600000| Untracked 
|1548|0x00000007c1800000, 0x00000007c1800000, 0x00000007c1a00000|  0%| F|  |TAMS 0x00000007c1800000, 0x00000007c1800000| Untracked 
|1549|0x00000007c1a00000, 0x00000007c1a00000, 0x00000007c1c00000|  0%| F|  |TAMS 0x00000007c1a00000, 0x00000007c1a00000| Untracked 
|1550|0x00000007c1c00000, 0x00000007c1c00000, 0x00000007c1e00000|  0%| F|  |TAMS 0x00000007c1c00000, 0x00000007c1c00000| Untracked 
|1551|0x00000007c1e00000, 0x00000007c1e00000, 0x00000007c2000000|  0%| F|  |TAMS 0x00000007c1e00000, 0x00000007c1e00000| Untracked 
|1552|0x00000007c2000000, 0x00000007c2000000, 0x00000007c2200000|  0%| F|  |TAMS 0x00000007c2000000, 0x00000007c2000000| Untracked 
|1553|0x00000007c2200000, 0x00000007c2200000, 0x00000007c2400000|  0%| F|  |TAMS 0x00000007c2200000, 0x00000007c2200000| Untracked 
|1554|0x00000007c2400000, 0x00000007c2400000, 0x00000007c2600000|  0%| F|  |TAMS 0x00000007c2400000, 0x00000007c2400000| Untracked 
|1555|0x00000007c2600000, 0x00000007c2600000, 0x00000007c2800000|  0%| F|  |TAMS 0x00000007c2600000, 0x00000007c2600000| Untracked 
|1556|0x00000007c2800000, 0x00000007c2800000, 0x00000007c2a00000|  0%| F|  |TAMS 0x00000007c2800000, 0x00000007c2800000| Untracked 
|1557|0x00000007c2a00000, 0x00000007c2a00000, 0x00000007c2c00000|  0%| F|  |TAMS 0x00000007c2a00000, 0x00000007c2a00000| Untracked 
|1558|0x00000007c2c00000, 0x00000007c2c00000, 0x00000007c2e00000|  0%| F|  |TAMS 0x00000007c2c00000, 0x00000007c2c00000| Untracked 
|1559|0x00000007c2e00000, 0x00000007c2e00000, 0x00000007c3000000|  0%| F|  |TAMS 0x00000007c2e00000, 0x00000007c2e00000| Untracked 
|1560|0x00000007c3000000, 0x00000007c3000000, 0x00000007c3200000|  0%| F|  |TAMS 0x00000007c3000000, 0x00000007c3000000| Untracked 
|1561|0x00000007c3200000, 0x00000007c3200000, 0x00000007c3400000|  0%| F|  |TAMS 0x00000007c3200000, 0x00000007c3200000| Untracked 
|1562|0x00000007c3400000, 0x00000007c3400000, 0x00000007c3600000|  0%| F|  |TAMS 0x00000007c3400000, 0x00000007c3400000| Untracked 
|1563|0x00000007c3600000, 0x00000007c3600000, 0x00000007c3800000|  0%| F|  |TAMS 0x00000007c3600000, 0x00000007c3600000| Untracked 
|1564|0x00000007c3800000, 0x00000007c3800000, 0x00000007c3a00000|  0%| F|  |TAMS 0x00000007c3800000, 0x00000007c3800000| Untracked 
|1565|0x00000007c3a00000, 0x00000007c3a00000, 0x00000007c3c00000|  0%| F|  |TAMS 0x00000007c3a00000, 0x00000007c3a00000| Untracked 
|1566|0x00000007c3c00000, 0x00000007c3c00000, 0x00000007c3e00000|  0%| F|  |TAMS 0x00000007c3c00000, 0x00000007c3c00000| Untracked 
|1567|0x00000007c3e00000, 0x00000007c3e00000, 0x00000007c4000000|  0%| F|  |TAMS 0x00000007c3e00000, 0x00000007c3e00000| Untracked 
|1568|0x00000007c4000000, 0x00000007c4000000, 0x00000007c4200000|  0%| F|  |TAMS 0x00000007c4000000, 0x00000007c4000000| Untracked 
|1569|0x00000007c4200000, 0x00000007c4200000, 0x00000007c4400000|  0%| F|  |TAMS 0x00000007c4200000, 0x00000007c4200000| Untracked 
|1570|0x00000007c4400000, 0x00000007c4400000, 0x00000007c4600000|  0%| F|  |TAMS 0x00000007c4400000, 0x00000007c4400000| Untracked 
|1571|0x00000007c4600000, 0x00000007c4600000, 0x00000007c4800000|  0%| F|  |TAMS 0x00000007c4600000, 0x00000007c4600000| Untracked 
|1572|0x00000007c4800000, 0x00000007c4800000, 0x00000007c4a00000|  0%| F|  |TAMS 0x00000007c4800000, 0x00000007c4800000| Untracked 
|1573|0x00000007c4a00000, 0x00000007c4a00000, 0x00000007c4c00000|  0%| F|  |TAMS 0x00000007c4a00000, 0x00000007c4a00000| Untracked 
|1574|0x00000007c4c00000, 0x00000007c4c00000, 0x00000007c4e00000|  0%| F|  |TAMS 0x00000007c4c00000, 0x00000007c4c00000| Untracked 
|1575|0x00000007c4e00000, 0x00000007c4e00000, 0x00000007c5000000|  0%| F|  |TAMS 0x00000007c4e00000, 0x00000007c4e00000| Untracked 
|1576|0x00000007c5000000, 0x00000007c5000000, 0x00000007c5200000|  0%| F|  |TAMS 0x00000007c5000000, 0x00000007c5000000| Untracked 
|1577|0x00000007c5200000, 0x00000007c5200000, 0x00000007c5400000|  0%| F|  |TAMS 0x00000007c5200000, 0x00000007c5200000| Untracked 
|1578|0x00000007c5400000, 0x00000007c5400000, 0x00000007c5600000|  0%| F|  |TAMS 0x00000007c5400000, 0x00000007c5400000| Untracked 
|1579|0x00000007c5600000, 0x00000007c5600000, 0x00000007c5800000|  0%| F|  |TAMS 0x00000007c5600000, 0x00000007c5600000| Untracked 
|1580|0x00000007c5800000, 0x00000007c5800000, 0x00000007c5a00000|  0%| F|  |TAMS 0x00000007c5800000, 0x00000007c5800000| Untracked 
|1581|0x00000007c5a00000, 0x00000007c5a00000, 0x00000007c5c00000|  0%| F|  |TAMS 0x00000007c5a00000, 0x00000007c5a00000| Untracked 
|1582|0x00000007c5c00000, 0x00000007c5c00000, 0x00000007c5e00000|  0%| F|  |TAMS 0x00000007c5c00000, 0x00000007c5c00000| Untracked 
|1583|0x00000007c5e00000, 0x00000007c5e00000, 0x00000007c6000000|  0%| F|  |TAMS 0x00000007c5e00000, 0x00000007c5e00000| Untracked 
|1584|0x00000007c6000000, 0x00000007c6000000, 0x00000007c6200000|  0%| F|  |TAMS 0x00000007c6000000, 0x00000007c6000000| Untracked 
|1585|0x00000007c6200000, 0x00000007c6200000, 0x00000007c6400000|  0%| F|  |TAMS 0x00000007c6200000, 0x00000007c6200000| Untracked 
|1586|0x00000007c6400000, 0x00000007c6400000, 0x00000007c6600000|  0%| F|  |TAMS 0x00000007c6400000, 0x00000007c6400000| Untracked 
|1587|0x00000007c6600000, 0x00000007c6600000, 0x00000007c6800000|  0%| F|  |TAMS 0x00000007c6600000, 0x00000007c6600000| Untracked 
|1588|0x00000007c6800000, 0x00000007c6800000, 0x00000007c6a00000|  0%| F|  |TAMS 0x00000007c6800000, 0x00000007c6800000| Untracked 
|1589|0x00000007c6a00000, 0x00000007c6a00000, 0x00000007c6c00000|  0%| F|  |TAMS 0x00000007c6a00000, 0x00000007c6a00000| Untracked 
|1590|0x00000007c6c00000, 0x00000007c6c00000, 0x00000007c6e00000|  0%| F|  |TAMS 0x00000007c6c00000, 0x00000007c6c00000| Untracked 
|1591|0x00000007c6e00000, 0x00000007c6e00000, 0x00000007c7000000|  0%| F|  |TAMS 0x00000007c6e00000, 0x00000007c6e00000| Untracked 
|1592|0x00000007c7000000, 0x00000007c7000000, 0x00000007c7200000|  0%| F|  |TAMS 0x00000007c7000000, 0x00000007c7000000| Untracked 
|1593|0x00000007c7200000, 0x00000007c7200000, 0x00000007c7400000|  0%| F|  |TAMS 0x00000007c7200000, 0x00000007c7200000| Untracked 
|1594|0x00000007c7400000, 0x00000007c7400000, 0x00000007c7600000|  0%| F|  |TAMS 0x00000007c7400000, 0x00000007c7400000| Untracked 
|1595|0x00000007c7600000, 0x00000007c7600000, 0x00000007c7800000|  0%| F|  |TAMS 0x00000007c7600000, 0x00000007c7600000| Untracked 
|1596|0x00000007c7800000, 0x00000007c7800000, 0x00000007c7a00000|  0%| F|  |TAMS 0x00000007c7800000, 0x00000007c7800000| Untracked 
|1597|0x00000007c7a00000, 0x00000007c7a00000, 0x00000007c7c00000|  0%| F|  |TAMS 0x00000007c7a00000, 0x00000007c7a00000| Untracked 
|1598|0x00000007c7c00000, 0x00000007c7c00000, 0x00000007c7e00000|  0%| F|  |TAMS 0x00000007c7c00000, 0x00000007c7c00000| Untracked 
|1599|0x00000007c7e00000, 0x00000007c7e00000, 0x00000007c8000000|  0%| F|  |TAMS 0x00000007c7e00000, 0x00000007c7e00000| Untracked 
|1600|0x00000007c8000000, 0x00000007c8000000, 0x00000007c8200000|  0%| F|  |TAMS 0x00000007c8000000, 0x00000007c8000000| Untracked 
|1601|0x00000007c8200000, 0x00000007c8200000, 0x00000007c8400000|  0%| F|  |TAMS 0x00000007c8200000, 0x00000007c8200000| Untracked 
|1602|0x00000007c8400000, 0x00000007c8400000, 0x00000007c8600000|  0%| F|  |TAMS 0x00000007c8400000, 0x00000007c8400000| Untracked 
|1603|0x00000007c8600000, 0x00000007c8600000, 0x00000007c8800000|  0%| F|  |TAMS 0x00000007c8600000, 0x00000007c8600000| Untracked 
|1604|0x00000007c8800000, 0x00000007c8800000, 0x00000007c8a00000|  0%| F|  |TAMS 0x00000007c8800000, 0x00000007c8800000| Untracked 
|1605|0x00000007c8a00000, 0x00000007c8a00000, 0x00000007c8c00000|  0%| F|  |TAMS 0x00000007c8a00000, 0x00000007c8a00000| Untracked 
|1606|0x00000007c8c00000, 0x00000007c8c00000, 0x00000007c8e00000|  0%| F|  |TAMS 0x00000007c8c00000, 0x00000007c8c00000| Untracked 
|1607|0x00000007c8e00000, 0x00000007c8e00000, 0x00000007c9000000|  0%| F|  |TAMS 0x00000007c8e00000, 0x00000007c8e00000| Untracked 
|1608|0x00000007c9000000, 0x00000007c9000000, 0x00000007c9200000|  0%| F|  |TAMS 0x00000007c9000000, 0x00000007c9000000| Untracked 
|1609|0x00000007c9200000, 0x00000007c9200000, 0x00000007c9400000|  0%| F|  |TAMS 0x00000007c9200000, 0x00000007c9200000| Untracked 
|1610|0x00000007c9400000, 0x00000007c9400000, 0x00000007c9600000|  0%| F|  |TAMS 0x00000007c9400000, 0x00000007c9400000| Untracked 
|1611|0x00000007c9600000, 0x00000007c9600000, 0x00000007c9800000|  0%| F|  |TAMS 0x00000007c9600000, 0x00000007c9600000| Untracked 
|1612|0x00000007c9800000, 0x00000007c9800000, 0x00000007c9a00000|  0%| F|  |TAMS 0x00000007c9800000, 0x00000007c9800000| Untracked 
|1613|0x00000007c9a00000, 0x00000007c9a00000, 0x00000007c9c00000|  0%| F|  |TAMS 0x00000007c9a00000, 0x00000007c9a00000| Untracked 
|1614|0x00000007c9c00000, 0x00000007c9c00000, 0x00000007c9e00000|  0%| F|  |TAMS 0x00000007c9c00000, 0x00000007c9c00000| Untracked 
|1615|0x00000007c9e00000, 0x00000007c9e00000, 0x00000007ca000000|  0%| F|  |TAMS 0x00000007c9e00000, 0x00000007c9e00000| Untracked 
|1616|0x00000007ca000000, 0x00000007ca000000, 0x00000007ca200000|  0%| F|  |TAMS 0x00000007ca000000, 0x00000007ca000000| Untracked 
|1617|0x00000007ca200000, 0x00000007ca200000, 0x00000007ca400000|  0%| F|  |TAMS 0x00000007ca200000, 0x00000007ca200000| Untracked 
|1618|0x00000007ca400000, 0x00000007ca400000, 0x00000007ca600000|  0%| F|  |TAMS 0x00000007ca400000, 0x00000007ca400000| Untracked 
|1619|0x00000007ca600000, 0x00000007ca600000, 0x00000007ca800000|  0%| F|  |TAMS 0x00000007ca600000, 0x00000007ca600000| Untracked 
|1620|0x00000007ca800000, 0x00000007ca800000, 0x00000007caa00000|  0%| F|  |TAMS 0x00000007ca800000, 0x00000007ca800000| Untracked 
|1621|0x00000007caa00000, 0x00000007caa00000, 0x00000007cac00000|  0%| F|  |TAMS 0x00000007caa00000, 0x00000007caa00000| Untracked 
|1622|0x00000007cac00000, 0x00000007cac00000, 0x00000007cae00000|  0%| F|  |TAMS 0x00000007cac00000, 0x00000007cac00000| Untracked 
|1623|0x00000007cae00000, 0x00000007cae00000, 0x00000007cb000000|  0%| F|  |TAMS 0x00000007cae00000, 0x00000007cae00000| Untracked 
|1624|0x00000007cb000000, 0x00000007cb000000, 0x00000007cb200000|  0%| F|  |TAMS 0x00000007cb000000, 0x00000007cb000000| Untracked 
|1625|0x00000007cb200000, 0x00000007cb200000, 0x00000007cb400000|  0%| F|  |TAMS 0x00000007cb200000, 0x00000007cb200000| Untracked 
|1626|0x00000007cb400000, 0x00000007cb400000, 0x00000007cb600000|  0%| F|  |TAMS 0x00000007cb400000, 0x00000007cb400000| Untracked 
|1627|0x00000007cb600000, 0x00000007cb600000, 0x00000007cb800000|  0%| F|  |TAMS 0x00000007cb600000, 0x00000007cb600000| Untracked 
|1628|0x00000007cb800000, 0x00000007cb800000, 0x00000007cba00000|  0%| F|  |TAMS 0x00000007cb800000, 0x00000007cb800000| Untracked 
|1629|0x00000007cba00000, 0x00000007cba00000, 0x00000007cbc00000|  0%| F|  |TAMS 0x00000007cba00000, 0x00000007cba00000| Untracked 
|1630|0x00000007cbc00000, 0x00000007cbc00000, 0x00000007cbe00000|  0%| F|  |TAMS 0x00000007cbc00000, 0x00000007cbc00000| Untracked 
|1631|0x00000007cbe00000, 0x00000007cbe00000, 0x00000007cc000000|  0%| F|  |TAMS 0x00000007cbe00000, 0x00000007cbe00000| Untracked 
|1632|0x00000007cc000000, 0x00000007cc000000, 0x00000007cc200000|  0%| F|  |TAMS 0x00000007cc000000, 0x00000007cc000000| Untracked 
|1633|0x00000007cc200000, 0x00000007cc200000, 0x00000007cc400000|  0%| F|  |TAMS 0x00000007cc200000, 0x00000007cc200000| Untracked 
|1634|0x00000007cc400000, 0x00000007cc400000, 0x00000007cc600000|  0%| F|  |TAMS 0x00000007cc400000, 0x00000007cc400000| Untracked 
|1635|0x00000007cc600000, 0x00000007cc600000, 0x00000007cc800000|  0%| F|  |TAMS 0x00000007cc600000, 0x00000007cc600000| Untracked 
|1636|0x00000007cc800000, 0x00000007cc800000, 0x00000007cca00000|  0%| F|  |TAMS 0x00000007cc800000, 0x00000007cc800000| Untracked 
|1637|0x00000007cca00000, 0x00000007cca00000, 0x00000007ccc00000|  0%| F|  |TAMS 0x00000007cca00000, 0x00000007cca00000| Untracked 
|1638|0x00000007ccc00000, 0x00000007ccc00000, 0x00000007cce00000|  0%| F|  |TAMS 0x00000007ccc00000, 0x00000007ccc00000| Untracked 
|1639|0x00000007cce00000, 0x00000007cce00000, 0x00000007cd000000|  0%| F|  |TAMS 0x00000007cce00000, 0x00000007cce00000| Untracked 
|1640|0x00000007cd000000, 0x00000007cd000000, 0x00000007cd200000|  0%| F|  |TAMS 0x00000007cd000000, 0x00000007cd000000| Untracked 
|1641|0x00000007cd200000, 0x00000007cd200000, 0x00000007cd400000|  0%| F|  |TAMS 0x00000007cd200000, 0x00000007cd200000| Untracked 
|1642|0x00000007cd400000, 0x00000007cd400000, 0x00000007cd600000|  0%| F|  |TAMS 0x00000007cd400000, 0x00000007cd400000| Untracked 
|1643|0x00000007cd600000, 0x00000007cd600000, 0x00000007cd800000|  0%| F|  |TAMS 0x00000007cd600000, 0x00000007cd600000| Untracked 
|1644|0x00000007cd800000, 0x00000007cd800000, 0x00000007cda00000|  0%| F|  |TAMS 0x00000007cd800000, 0x00000007cd800000| Untracked 
|1645|0x00000007cda00000, 0x00000007cda00000, 0x00000007cdc00000|  0%| F|  |TAMS 0x00000007cda00000, 0x00000007cda00000| Untracked 
|1646|0x00000007cdc00000, 0x00000007cdc00000, 0x00000007cde00000|  0%| F|  |TAMS 0x00000007cdc00000, 0x00000007cdc00000| Untracked 
|1647|0x00000007cde00000, 0x00000007cde00000, 0x00000007ce000000|  0%| F|  |TAMS 0x00000007cde00000, 0x00000007cde00000| Untracked 
|1648|0x00000007ce000000, 0x00000007ce000000, 0x00000007ce200000|  0%| F|  |TAMS 0x00000007ce000000, 0x00000007ce000000| Untracked 
|1649|0x00000007ce200000, 0x00000007ce200000, 0x00000007ce400000|  0%| F|  |TAMS 0x00000007ce200000, 0x00000007ce200000| Untracked 
|1650|0x00000007ce400000, 0x00000007ce400000, 0x00000007ce600000|  0%| F|  |TAMS 0x00000007ce400000, 0x00000007ce400000| Untracked 
|1651|0x00000007ce600000, 0x00000007ce600000, 0x00000007ce800000|  0%| F|  |TAMS 0x00000007ce600000, 0x00000007ce600000| Untracked 
|1652|0x00000007ce800000, 0x00000007ce800000, 0x00000007cea00000|  0%| F|  |TAMS 0x00000007ce800000, 0x00000007ce800000| Untracked 
|1653|0x00000007cea00000, 0x00000007cea00000, 0x00000007cec00000|  0%| F|  |TAMS 0x00000007cea00000, 0x00000007cea00000| Untracked 
|1654|0x00000007cec00000, 0x00000007cec00000, 0x00000007cee00000|  0%| F|  |TAMS 0x00000007cec00000, 0x00000007cec00000| Untracked 
|1655|0x00000007cee00000, 0x00000007cee00000, 0x00000007cf000000|  0%| F|  |TAMS 0x00000007cee00000, 0x00000007cee00000| Untracked 
|1656|0x00000007cf000000, 0x00000007cf000000, 0x00000007cf200000|  0%| F|  |TAMS 0x00000007cf000000, 0x00000007cf000000| Untracked 
|1657|0x00000007cf200000, 0x00000007cf200000, 0x00000007cf400000|  0%| F|  |TAMS 0x00000007cf200000, 0x00000007cf200000| Untracked 
|1658|0x00000007cf400000, 0x00000007cf400000, 0x00000007cf600000|  0%| F|  |TAMS 0x00000007cf400000, 0x00000007cf400000| Untracked 
|1659|0x00000007cf600000, 0x00000007cf600000, 0x00000007cf800000|  0%| F|  |TAMS 0x00000007cf600000, 0x00000007cf600000| Untracked 
|1660|0x00000007cf800000, 0x00000007cf800000, 0x00000007cfa00000|  0%| F|  |TAMS 0x00000007cf800000, 0x00000007cf800000| Untracked 
|1661|0x00000007cfa00000, 0x00000007cfa00000, 0x00000007cfc00000|  0%| F|  |TAMS 0x00000007cfa00000, 0x00000007cfa00000| Untracked 
|1662|0x00000007cfc00000, 0x00000007cfc00000, 0x00000007cfe00000|  0%| F|  |TAMS 0x00000007cfc00000, 0x00000007cfc00000| Untracked 
|1663|0x00000007cfe00000, 0x00000007cfe00000, 0x00000007d0000000|  0%| F|  |TAMS 0x00000007cfe00000, 0x00000007cfe00000| Untracked 
|1664|0x00000007d0000000, 0x00000007d0000000, 0x00000007d0200000|  0%| F|  |TAMS 0x00000007d0000000, 0x00000007d0000000| Untracked 
|1665|0x00000007d0200000, 0x00000007d0200000, 0x00000007d0400000|  0%| F|  |TAMS 0x00000007d0200000, 0x00000007d0200000| Untracked 
|1666|0x00000007d0400000, 0x00000007d0400000, 0x00000007d0600000|  0%| F|  |TAMS 0x00000007d0400000, 0x00000007d0400000| Untracked 
|1667|0x00000007d0600000, 0x00000007d0600000, 0x00000007d0800000|  0%| F|  |TAMS 0x00000007d0600000, 0x00000007d0600000| Untracked 
|1668|0x00000007d0800000, 0x00000007d0800000, 0x00000007d0a00000|  0%| F|  |TAMS 0x00000007d0800000, 0x00000007d0800000| Untracked 
|1669|0x00000007d0a00000, 0x00000007d0a00000, 0x00000007d0c00000|  0%| F|  |TAMS 0x00000007d0a00000, 0x00000007d0a00000| Untracked 
|1670|0x00000007d0c00000, 0x00000007d0c00000, 0x00000007d0e00000|  0%| F|  |TAMS 0x00000007d0c00000, 0x00000007d0c00000| Untracked 
|1671|0x00000007d0e00000, 0x00000007d0e00000, 0x00000007d1000000|  0%| F|  |TAMS 0x00000007d0e00000, 0x00000007d0e00000| Untracked 
|1672|0x00000007d1000000, 0x00000007d1000000, 0x00000007d1200000|  0%| F|  |TAMS 0x00000007d1000000, 0x00000007d1000000| Untracked 
|1673|0x00000007d1200000, 0x00000007d1200000, 0x00000007d1400000|  0%| F|  |TAMS 0x00000007d1200000, 0x00000007d1200000| Untracked 
|1674|0x00000007d1400000, 0x00000007d1400000, 0x00000007d1600000|  0%| F|  |TAMS 0x00000007d1400000, 0x00000007d1400000| Untracked 
|1675|0x00000007d1600000, 0x00000007d1600000, 0x00000007d1800000|  0%| F|  |TAMS 0x00000007d1600000, 0x00000007d1600000| Untracked 
|1676|0x00000007d1800000, 0x00000007d1800000, 0x00000007d1a00000|  0%| F|  |TAMS 0x00000007d1800000, 0x00000007d1800000| Untracked 
|1677|0x00000007d1a00000, 0x00000007d1a00000, 0x00000007d1c00000|  0%| F|  |TAMS 0x00000007d1a00000, 0x00000007d1a00000| Untracked 
|1678|0x00000007d1c00000, 0x00000007d1c00000, 0x00000007d1e00000|  0%| F|  |TAMS 0x00000007d1c00000, 0x00000007d1c00000| Untracked 
|1679|0x00000007d1e00000, 0x00000007d1e00000, 0x00000007d2000000|  0%| F|  |TAMS 0x00000007d1e00000, 0x00000007d1e00000| Untracked 
|1680|0x00000007d2000000, 0x00000007d2000000, 0x00000007d2200000|  0%| F|  |TAMS 0x00000007d2000000, 0x00000007d2000000| Untracked 
|1681|0x00000007d2200000, 0x00000007d2200000, 0x00000007d2400000|  0%| F|  |TAMS 0x00000007d2200000, 0x00000007d2200000| Untracked 
|1682|0x00000007d2400000, 0x00000007d2400000, 0x00000007d2600000|  0%| F|  |TAMS 0x00000007d2400000, 0x00000007d2400000| Untracked 
|1683|0x00000007d2600000, 0x00000007d2600000, 0x00000007d2800000|  0%| F|  |TAMS 0x00000007d2600000, 0x00000007d2600000| Untracked 
|1684|0x00000007d2800000, 0x00000007d2800000, 0x00000007d2a00000|  0%| F|  |TAMS 0x00000007d2800000, 0x00000007d2800000| Untracked 
|1685|0x00000007d2a00000, 0x00000007d2a00000, 0x00000007d2c00000|  0%| F|  |TAMS 0x00000007d2a00000, 0x00000007d2a00000| Untracked 
|1686|0x00000007d2c00000, 0x00000007d2c00000, 0x00000007d2e00000|  0%| F|  |TAMS 0x00000007d2c00000, 0x00000007d2c00000| Untracked 
|1687|0x00000007d2e00000, 0x00000007d2e00000, 0x00000007d3000000|  0%| F|  |TAMS 0x00000007d2e00000, 0x00000007d2e00000| Untracked 
|1688|0x00000007d3000000, 0x00000007d3000000, 0x00000007d3200000|  0%| F|  |TAMS 0x00000007d3000000, 0x00000007d3000000| Untracked 
|1689|0x00000007d3200000, 0x00000007d3200000, 0x00000007d3400000|  0%| F|  |TAMS 0x00000007d3200000, 0x00000007d3200000| Untracked 
|1690|0x00000007d3400000, 0x00000007d3400000, 0x00000007d3600000|  0%| F|  |TAMS 0x00000007d3400000, 0x00000007d3400000| Untracked 
|1691|0x00000007d3600000, 0x00000007d3600000, 0x00000007d3800000|  0%| F|  |TAMS 0x00000007d3600000, 0x00000007d3600000| Untracked 
|1692|0x00000007d3800000, 0x00000007d3800000, 0x00000007d3a00000|  0%| F|  |TAMS 0x00000007d3800000, 0x00000007d3800000| Untracked 
|1693|0x00000007d3a00000, 0x00000007d3a00000, 0x00000007d3c00000|  0%| F|  |TAMS 0x00000007d3a00000, 0x00000007d3a00000| Untracked 
|1694|0x00000007d3c00000, 0x00000007d3c00000, 0x00000007d3e00000|  0%| F|  |TAMS 0x00000007d3c00000, 0x00000007d3c00000| Untracked 
|1695|0x00000007d3e00000, 0x00000007d3e00000, 0x00000007d4000000|  0%| F|  |TAMS 0x00000007d3e00000, 0x00000007d3e00000| Untracked 
|1696|0x00000007d4000000, 0x00000007d4000000, 0x00000007d4200000|  0%| F|  |TAMS 0x00000007d4000000, 0x00000007d4000000| Untracked 
|1697|0x00000007d4200000, 0x00000007d4200000, 0x00000007d4400000|  0%| F|  |TAMS 0x00000007d4200000, 0x00000007d4200000| Untracked 
|1698|0x00000007d4400000, 0x00000007d4400000, 0x00000007d4600000|  0%| F|  |TAMS 0x00000007d4400000, 0x00000007d4400000| Untracked 
|1699|0x00000007d4600000, 0x00000007d4600000, 0x00000007d4800000|  0%| F|  |TAMS 0x00000007d4600000, 0x00000007d4600000| Untracked 
|1700|0x00000007d4800000, 0x00000007d4800000, 0x00000007d4a00000|  0%| F|  |TAMS 0x00000007d4800000, 0x00000007d4800000| Untracked 
|1701|0x00000007d4a00000, 0x00000007d4a00000, 0x00000007d4c00000|  0%| F|  |TAMS 0x00000007d4a00000, 0x00000007d4a00000| Untracked 
|1702|0x00000007d4c00000, 0x00000007d4c00000, 0x00000007d4e00000|  0%| F|  |TAMS 0x00000007d4c00000, 0x00000007d4c00000| Untracked 
|1703|0x00000007d4e00000, 0x00000007d4e00000, 0x00000007d5000000|  0%| F|  |TAMS 0x00000007d4e00000, 0x00000007d4e00000| Untracked 
|1704|0x00000007d5000000, 0x00000007d5000000, 0x00000007d5200000|  0%| F|  |TAMS 0x00000007d5000000, 0x00000007d5000000| Untracked 
|1705|0x00000007d5200000, 0x00000007d5200000, 0x00000007d5400000|  0%| F|  |TAMS 0x00000007d5200000, 0x00000007d5200000| Untracked 
|1706|0x00000007d5400000, 0x00000007d5400000, 0x00000007d5600000|  0%| F|  |TAMS 0x00000007d5400000, 0x00000007d5400000| Untracked 
|1707|0x00000007d5600000, 0x00000007d5600000, 0x00000007d5800000|  0%| F|  |TAMS 0x00000007d5600000, 0x00000007d5600000| Untracked 
|1708|0x00000007d5800000, 0x00000007d5800000, 0x00000007d5a00000|  0%| F|  |TAMS 0x00000007d5800000, 0x00000007d5800000| Untracked 
|1709|0x00000007d5a00000, 0x00000007d5a00000, 0x00000007d5c00000|  0%| F|  |TAMS 0x00000007d5a00000, 0x00000007d5a00000| Untracked 
|1710|0x00000007d5c00000, 0x00000007d5c00000, 0x00000007d5e00000|  0%| F|  |TAMS 0x00000007d5c00000, 0x00000007d5c00000| Untracked 
|1711|0x00000007d5e00000, 0x00000007d5e00000, 0x00000007d6000000|  0%| F|  |TAMS 0x00000007d5e00000, 0x00000007d5e00000| Untracked 
|1712|0x00000007d6000000, 0x00000007d6000000, 0x00000007d6200000|  0%| F|  |TAMS 0x00000007d6000000, 0x00000007d6000000| Untracked 
|1713|0x00000007d6200000, 0x00000007d6200000, 0x00000007d6400000|  0%| F|  |TAMS 0x00000007d6200000, 0x00000007d6200000| Untracked 
|1714|0x00000007d6400000, 0x00000007d6400000, 0x00000007d6600000|  0%| F|  |TAMS 0x00000007d6400000, 0x00000007d6400000| Untracked 
|1715|0x00000007d6600000, 0x00000007d6600000, 0x00000007d6800000|  0%| F|  |TAMS 0x00000007d6600000, 0x00000007d6600000| Untracked 
|1716|0x00000007d6800000, 0x00000007d6800000, 0x00000007d6a00000|  0%| F|  |TAMS 0x00000007d6800000, 0x00000007d6800000| Untracked 
|1717|0x00000007d6a00000, 0x00000007d6a00000, 0x00000007d6c00000|  0%| F|  |TAMS 0x00000007d6a00000, 0x00000007d6a00000| Untracked 
|1718|0x00000007d6c00000, 0x00000007d6c00000, 0x00000007d6e00000|  0%| F|  |TAMS 0x00000007d6c00000, 0x00000007d6c00000| Untracked 
|1719|0x00000007d6e00000, 0x00000007d6e00000, 0x00000007d7000000|  0%| F|  |TAMS 0x00000007d6e00000, 0x00000007d6e00000| Untracked 
|1720|0x00000007d7000000, 0x00000007d7000000, 0x00000007d7200000|  0%| F|  |TAMS 0x00000007d7000000, 0x00000007d7000000| Untracked 
|1721|0x00000007d7200000, 0x00000007d7200000, 0x00000007d7400000|  0%| F|  |TAMS 0x00000007d7200000, 0x00000007d7200000| Untracked 
|1722|0x00000007d7400000, 0x00000007d7400000, 0x00000007d7600000|  0%| F|  |TAMS 0x00000007d7400000, 0x00000007d7400000| Untracked 
|1723|0x00000007d7600000, 0x00000007d7600000, 0x00000007d7800000|  0%| F|  |TAMS 0x00000007d7600000, 0x00000007d7600000| Untracked 
|1724|0x00000007d7800000, 0x00000007d7800000, 0x00000007d7a00000|  0%| F|  |TAMS 0x00000007d7800000, 0x00000007d7800000| Untracked 
|1725|0x00000007d7a00000, 0x00000007d7a00000, 0x00000007d7c00000|  0%| F|  |TAMS 0x00000007d7a00000, 0x00000007d7a00000| Untracked 
|1726|0x00000007d7c00000, 0x00000007d7c00000, 0x00000007d7e00000|  0%| F|  |TAMS 0x00000007d7c00000, 0x00000007d7c00000| Untracked 
|1727|0x00000007d7e00000, 0x00000007d7e00000, 0x00000007d8000000|  0%| F|  |TAMS 0x00000007d7e00000, 0x00000007d7e00000| Untracked 
|1728|0x00000007d8000000, 0x00000007d8000000, 0x00000007d8200000|  0%| F|  |TAMS 0x00000007d8000000, 0x00000007d8000000| Untracked 
|1729|0x00000007d8200000, 0x00000007d8200000, 0x00000007d8400000|  0%| F|  |TAMS 0x00000007d8200000, 0x00000007d8200000| Untracked 
|1730|0x00000007d8400000, 0x00000007d8400000, 0x00000007d8600000|  0%| F|  |TAMS 0x00000007d8400000, 0x00000007d8400000| Untracked 
|1731|0x00000007d8600000, 0x00000007d8600000, 0x00000007d8800000|  0%| F|  |TAMS 0x00000007d8600000, 0x00000007d8600000| Untracked 
|1732|0x00000007d8800000, 0x00000007d8800000, 0x00000007d8a00000|  0%| F|  |TAMS 0x00000007d8800000, 0x00000007d8800000| Untracked 
|1733|0x00000007d8a00000, 0x00000007d8b64cb0, 0x00000007d8c00000| 69%| E|  |TAMS 0x00000007d8a00000, 0x00000007d8a00000| Complete 
|1734|0x00000007d8c00000, 0x00000007d8e00000, 0x00000007d8e00000|100%| E|CS|TAMS 0x00000007d8c00000, 0x00000007d8c00000| Complete 
|1735|0x00000007d8e00000, 0x00000007d9000000, 0x00000007d9000000|100%| E|CS|TAMS 0x00000007d8e00000, 0x00000007d8e00000| Complete 
|1736|0x00000007d9000000, 0x00000007d9200000, 0x00000007d9200000|100%| E|CS|TAMS 0x00000007d9000000, 0x00000007d9000000| Complete 
|1737|0x00000007d9200000, 0x00000007d9400000, 0x00000007d9400000|100%| E|CS|TAMS 0x00000007d9200000, 0x00000007d9200000| Complete 
|1738|0x00000007d9400000, 0x00000007d9600000, 0x00000007d9600000|100%| E|CS|TAMS 0x00000007d9400000, 0x00000007d9400000| Complete 
|1739|0x00000007d9600000, 0x00000007d9800000, 0x00000007d9800000|100%| E|CS|TAMS 0x00000007d9600000, 0x00000007d9600000| Complete 
|1740|0x00000007d9800000, 0x00000007d9a00000, 0x00000007d9a00000|100%| E|CS|TAMS 0x00000007d9800000, 0x00000007d9800000| Complete 
|1741|0x00000007d9a00000, 0x00000007d9c00000, 0x00000007d9c00000|100%| E|CS|TAMS 0x00000007d9a00000, 0x00000007d9a00000| Complete 
|1742|0x00000007d9c00000, 0x00000007d9e00000, 0x00000007d9e00000|100%| E|CS|TAMS 0x00000007d9c00000, 0x00000007d9c00000| Complete 
|1743|0x00000007d9e00000, 0x00000007da000000, 0x00000007da000000|100%| E|CS|TAMS 0x00000007d9e00000, 0x00000007d9e00000| Complete 
|1744|0x00000007da000000, 0x00000007da200000, 0x00000007da200000|100%| E|CS|TAMS 0x00000007da000000, 0x00000007da000000| Complete 
|1745|0x00000007da200000, 0x00000007da400000, 0x00000007da400000|100%| E|CS|TAMS 0x00000007da200000, 0x00000007da200000| Complete 
|1746|0x00000007da400000, 0x00000007da600000, 0x00000007da600000|100%| E|CS|TAMS 0x00000007da400000, 0x00000007da400000| Complete 
|1747|0x00000007da600000, 0x00000007da800000, 0x00000007da800000|100%| E|CS|TAMS 0x00000007da600000, 0x00000007da600000| Complete 
|1748|0x00000007da800000, 0x00000007daa00000, 0x00000007daa00000|100%| E|CS|TAMS 0x00000007da800000, 0x00000007da800000| Complete 
|1749|0x00000007daa00000, 0x00000007dac00000, 0x00000007dac00000|100%| E|CS|TAMS 0x00000007daa00000, 0x00000007daa00000| Complete 
|1750|0x00000007dac00000, 0x00000007dae00000, 0x00000007dae00000|100%| E|CS|TAMS 0x00000007dac00000, 0x00000007dac00000| Complete 
|1751|0x00000007dae00000, 0x00000007db000000, 0x00000007db000000|100%| E|CS|TAMS 0x00000007dae00000, 0x00000007dae00000| Complete 
|1752|0x00000007db000000, 0x00000007db200000, 0x00000007db200000|100%| E|CS|TAMS 0x00000007db000000, 0x00000007db000000| Complete 
|1753|0x00000007db200000, 0x00000007db400000, 0x00000007db400000|100%| E|CS|TAMS 0x00000007db200000, 0x00000007db200000| Complete 
|1754|0x00000007db400000, 0x00000007db600000, 0x00000007db600000|100%| E|CS|TAMS 0x00000007db400000, 0x00000007db400000| Complete 
|1755|0x00000007db600000, 0x00000007db800000, 0x00000007db800000|100%| E|CS|TAMS 0x00000007db600000, 0x00000007db600000| Complete 
|1756|0x00000007db800000, 0x00000007dba00000, 0x00000007dba00000|100%| E|CS|TAMS 0x00000007db800000, 0x00000007db800000| Complete 
|1757|0x00000007dba00000, 0x00000007dbc00000, 0x00000007dbc00000|100%| E|CS|TAMS 0x00000007dba00000, 0x00000007dba00000| Complete 
|1758|0x00000007dbc00000, 0x00000007dbe00000, 0x00000007dbe00000|100%| E|CS|TAMS 0x00000007dbc00000, 0x00000007dbc00000| Complete 
|1759|0x00000007dbe00000, 0x00000007dc000000, 0x00000007dc000000|100%| E|CS|TAMS 0x00000007dbe00000, 0x00000007dbe00000| Complete 
|1760|0x00000007dc000000, 0x00000007dc200000, 0x00000007dc200000|100%| E|CS|TAMS 0x00000007dc000000, 0x00000007dc000000| Complete 
|1761|0x00000007dc200000, 0x00000007dc400000, 0x00000007dc400000|100%| E|CS|TAMS 0x00000007dc200000, 0x00000007dc200000| Complete 
|1762|0x00000007dc400000, 0x00000007dc600000, 0x00000007dc600000|100%| E|CS|TAMS 0x00000007dc400000, 0x00000007dc400000| Complete 
|1763|0x00000007dc600000, 0x00000007dc800000, 0x00000007dc800000|100%| E|CS|TAMS 0x00000007dc600000, 0x00000007dc600000| Complete 
|1764|0x00000007dc800000, 0x00000007dca00000, 0x00000007dca00000|100%| E|CS|TAMS 0x00000007dc800000, 0x00000007dc800000| Complete 
|1765|0x00000007dca00000, 0x00000007dcc00000, 0x00000007dcc00000|100%| E|CS|TAMS 0x00000007dca00000, 0x00000007dca00000| Complete 
|1766|0x00000007dcc00000, 0x00000007dce00000, 0x00000007dce00000|100%| E|CS|TAMS 0x00000007dcc00000, 0x00000007dcc00000| Complete 
|1767|0x00000007dce00000, 0x00000007dd000000, 0x00000007dd000000|100%| E|CS|TAMS 0x00000007dce00000, 0x00000007dce00000| Complete 
|1768|0x00000007dd000000, 0x00000007dd200000, 0x00000007dd200000|100%| E|CS|TAMS 0x00000007dd000000, 0x00000007dd000000| Complete 
|1769|0x00000007dd200000, 0x00000007dd400000, 0x00000007dd400000|100%| E|CS|TAMS 0x00000007dd200000, 0x00000007dd200000| Complete 
|1770|0x00000007dd400000, 0x00000007dd600000, 0x00000007dd600000|100%| E|CS|TAMS 0x00000007dd400000, 0x00000007dd400000| Complete 
|1771|0x00000007dd600000, 0x00000007dd800000, 0x00000007dd800000|100%| E|CS|TAMS 0x00000007dd600000, 0x00000007dd600000| Complete 
|1772|0x00000007dd800000, 0x00000007dda00000, 0x00000007dda00000|100%| E|CS|TAMS 0x00000007dd800000, 0x00000007dd800000| Complete 
|1773|0x00000007dda00000, 0x00000007ddc00000, 0x00000007ddc00000|100%| E|CS|TAMS 0x00000007dda00000, 0x00000007dda00000| Complete 
|1774|0x00000007ddc00000, 0x00000007dde00000, 0x00000007dde00000|100%| E|CS|TAMS 0x00000007ddc00000, 0x00000007ddc00000| Complete 
|1775|0x00000007dde00000, 0x00000007de000000, 0x00000007de000000|100%| E|CS|TAMS 0x00000007dde00000, 0x00000007dde00000| Complete 
|1776|0x00000007de000000, 0x00000007de200000, 0x00000007de200000|100%| E|CS|TAMS 0x00000007de000000, 0x00000007de000000| Complete 
|1777|0x00000007de200000, 0x00000007de400000, 0x00000007de400000|100%| E|CS|TAMS 0x00000007de200000, 0x00000007de200000| Complete 
|1778|0x00000007de400000, 0x00000007de600000, 0x00000007de600000|100%| E|CS|TAMS 0x00000007de400000, 0x00000007de400000| Complete 
|1779|0x00000007de600000, 0x00000007de800000, 0x00000007de800000|100%| E|CS|TAMS 0x00000007de600000, 0x00000007de600000| Complete 
|1780|0x00000007de800000, 0x00000007dea00000, 0x00000007dea00000|100%| E|CS|TAMS 0x00000007de800000, 0x00000007de800000| Complete 
|1781|0x00000007dea00000, 0x00000007dec00000, 0x00000007dec00000|100%| E|CS|TAMS 0x00000007dea00000, 0x00000007dea00000| Complete 
|1782|0x00000007dec00000, 0x00000007dee00000, 0x00000007dee00000|100%| E|CS|TAMS 0x00000007dec00000, 0x00000007dec00000| Complete 
|1783|0x00000007dee00000, 0x00000007df000000, 0x00000007df000000|100%| E|CS|TAMS 0x00000007dee00000, 0x00000007dee00000| Complete 
|1784|0x00000007df000000, 0x00000007df200000, 0x00000007df200000|100%| E|CS|TAMS 0x00000007df000000, 0x00000007df000000| Complete 
|1785|0x00000007df200000, 0x00000007df400000, 0x00000007df400000|100%| E|CS|TAMS 0x00000007df200000, 0x00000007df200000| Complete 
|1786|0x00000007df400000, 0x00000007df600000, 0x00000007df600000|100%| E|CS|TAMS 0x00000007df400000, 0x00000007df400000| Complete 
|1787|0x00000007df600000, 0x00000007df800000, 0x00000007df800000|100%| E|CS|TAMS 0x00000007df600000, 0x00000007df600000| Complete 
|1788|0x00000007df800000, 0x00000007dfa00000, 0x00000007dfa00000|100%| E|CS|TAMS 0x00000007df800000, 0x00000007df800000| Complete 
|1789|0x00000007dfa00000, 0x00000007dfc00000, 0x00000007dfc00000|100%| E|CS|TAMS 0x00000007dfa00000, 0x00000007dfa00000| Complete 
|1790|0x00000007dfc00000, 0x00000007dfe00000, 0x00000007dfe00000|100%| E|CS|TAMS 0x00000007dfc00000, 0x00000007dfc00000| Complete 
|1791|0x00000007dfe00000, 0x00000007e0000000, 0x00000007e0000000|100%| E|CS|TAMS 0x00000007dfe00000, 0x00000007dfe00000| Complete 
|1792|0x00000007e0000000, 0x00000007e0200000, 0x00000007e0200000|100%| E|CS|TAMS 0x00000007e0000000, 0x00000007e0000000| Complete 
|1793|0x00000007e0200000, 0x00000007e0400000, 0x00000007e0400000|100%| E|CS|TAMS 0x00000007e0200000, 0x00000007e0200000| Complete 
|1794|0x00000007e0400000, 0x00000007e0600000, 0x00000007e0600000|100%| E|CS|TAMS 0x00000007e0400000, 0x00000007e0400000| Complete 
|1795|0x00000007e0600000, 0x00000007e0800000, 0x00000007e0800000|100%| E|CS|TAMS 0x00000007e0600000, 0x00000007e0600000| Complete 
|1796|0x00000007e0800000, 0x00000007e0a00000, 0x00000007e0a00000|100%| E|CS|TAMS 0x00000007e0800000, 0x00000007e0800000| Complete 
|1797|0x00000007e0a00000, 0x00000007e0c00000, 0x00000007e0c00000|100%| E|CS|TAMS 0x00000007e0a00000, 0x00000007e0a00000| Complete 
|1798|0x00000007e0c00000, 0x00000007e0e00000, 0x00000007e0e00000|100%| E|CS|TAMS 0x00000007e0c00000, 0x00000007e0c00000| Complete 
|1799|0x00000007e0e00000, 0x00000007e1000000, 0x00000007e1000000|100%| E|CS|TAMS 0x00000007e0e00000, 0x00000007e0e00000| Complete 
|1800|0x00000007e1000000, 0x00000007e1200000, 0x00000007e1200000|100%| E|CS|TAMS 0x00000007e1000000, 0x00000007e1000000| Complete 
|1801|0x00000007e1200000, 0x00000007e1400000, 0x00000007e1400000|100%| E|CS|TAMS 0x00000007e1200000, 0x00000007e1200000| Complete 
|1802|0x00000007e1400000, 0x00000007e1600000, 0x00000007e1600000|100%| E|CS|TAMS 0x00000007e1400000, 0x00000007e1400000| Complete 
|1803|0x00000007e1600000, 0x00000007e1800000, 0x00000007e1800000|100%| E|CS|TAMS 0x00000007e1600000, 0x00000007e1600000| Complete 
|1804|0x00000007e1800000, 0x00000007e1a00000, 0x00000007e1a00000|100%| E|CS|TAMS 0x00000007e1800000, 0x00000007e1800000| Complete 
|1805|0x00000007e1a00000, 0x00000007e1c00000, 0x00000007e1c00000|100%| E|CS|TAMS 0x00000007e1a00000, 0x00000007e1a00000| Complete 
|1806|0x00000007e1c00000, 0x00000007e1e00000, 0x00000007e1e00000|100%| E|CS|TAMS 0x00000007e1c00000, 0x00000007e1c00000| Complete 
|1807|0x00000007e1e00000, 0x00000007e2000000, 0x00000007e2000000|100%| E|CS|TAMS 0x00000007e1e00000, 0x00000007e1e00000| Complete 
|1808|0x00000007e2000000, 0x00000007e2200000, 0x00000007e2200000|100%| E|CS|TAMS 0x00000007e2000000, 0x00000007e2000000| Complete 
|1809|0x00000007e2200000, 0x00000007e2400000, 0x00000007e2400000|100%| E|CS|TAMS 0x00000007e2200000, 0x00000007e2200000| Complete 
|1810|0x00000007e2400000, 0x00000007e2600000, 0x00000007e2600000|100%| E|CS|TAMS 0x00000007e2400000, 0x00000007e2400000| Complete 
|1811|0x00000007e2600000, 0x00000007e2800000, 0x00000007e2800000|100%| E|CS|TAMS 0x00000007e2600000, 0x00000007e2600000| Complete 
|1812|0x00000007e2800000, 0x00000007e2a00000, 0x00000007e2a00000|100%| E|CS|TAMS 0x00000007e2800000, 0x00000007e2800000| Complete 
|1813|0x00000007e2a00000, 0x00000007e2c00000, 0x00000007e2c00000|100%| E|CS|TAMS 0x00000007e2a00000, 0x00000007e2a00000| Complete 
|1814|0x00000007e2c00000, 0x00000007e2e00000, 0x00000007e2e00000|100%| E|CS|TAMS 0x00000007e2c00000, 0x00000007e2c00000| Complete 
|1815|0x00000007e2e00000, 0x00000007e3000000, 0x00000007e3000000|100%| E|CS|TAMS 0x00000007e2e00000, 0x00000007e2e00000| Complete 
|1816|0x00000007e3000000, 0x00000007e3200000, 0x00000007e3200000|100%| E|CS|TAMS 0x00000007e3000000, 0x00000007e3000000| Complete 
|1817|0x00000007e3200000, 0x00000007e3400000, 0x00000007e3400000|100%| E|CS|TAMS 0x00000007e3200000, 0x00000007e3200000| Complete 
|1818|0x00000007e3400000, 0x00000007e3600000, 0x00000007e3600000|100%| E|CS|TAMS 0x00000007e3400000, 0x00000007e3400000| Complete 
|1819|0x00000007e3600000, 0x00000007e3800000, 0x00000007e3800000|100%| E|CS|TAMS 0x00000007e3600000, 0x00000007e3600000| Complete 
|1820|0x00000007e3800000, 0x00000007e3a00000, 0x00000007e3a00000|100%| E|CS|TAMS 0x00000007e3800000, 0x00000007e3800000| Complete 
|1821|0x00000007e3a00000, 0x00000007e3c00000, 0x00000007e3c00000|100%| E|CS|TAMS 0x00000007e3a00000, 0x00000007e3a00000| Complete 
|1822|0x00000007e3c00000, 0x00000007e3e00000, 0x00000007e3e00000|100%| E|CS|TAMS 0x00000007e3c00000, 0x00000007e3c00000| Complete 
|1823|0x00000007e3e00000, 0x00000007e4000000, 0x00000007e4000000|100%| E|CS|TAMS 0x00000007e3e00000, 0x00000007e3e00000| Complete 
|1824|0x00000007e4000000, 0x00000007e4200000, 0x00000007e4200000|100%| E|CS|TAMS 0x00000007e4000000, 0x00000007e4000000| Complete 
|1825|0x00000007e4200000, 0x00000007e4400000, 0x00000007e4400000|100%| E|CS|TAMS 0x00000007e4200000, 0x00000007e4200000| Complete 
|1826|0x00000007e4400000, 0x00000007e4600000, 0x00000007e4600000|100%| E|CS|TAMS 0x00000007e4400000, 0x00000007e4400000| Complete 
|1827|0x00000007e4600000, 0x00000007e4800000, 0x00000007e4800000|100%| E|CS|TAMS 0x00000007e4600000, 0x00000007e4600000| Complete 
|1828|0x00000007e4800000, 0x00000007e4a00000, 0x00000007e4a00000|100%| E|CS|TAMS 0x00000007e4800000, 0x00000007e4800000| Complete 
|1829|0x00000007e4a00000, 0x00000007e4c00000, 0x00000007e4c00000|100%| E|CS|TAMS 0x00000007e4a00000, 0x00000007e4a00000| Complete 
|1830|0x00000007e4c00000, 0x00000007e4e00000, 0x00000007e4e00000|100%| E|CS|TAMS 0x00000007e4c00000, 0x00000007e4c00000| Complete 
|1831|0x00000007e4e00000, 0x00000007e5000000, 0x00000007e5000000|100%| E|CS|TAMS 0x00000007e4e00000, 0x00000007e4e00000| Complete 
|1832|0x00000007e5000000, 0x00000007e5200000, 0x00000007e5200000|100%| E|CS|TAMS 0x00000007e5000000, 0x00000007e5000000| Complete 
|1833|0x00000007e5200000, 0x00000007e5400000, 0x00000007e5400000|100%| E|CS|TAMS 0x00000007e5200000, 0x00000007e5200000| Complete 
|1834|0x00000007e5400000, 0x00000007e5600000, 0x00000007e5600000|100%| E|CS|TAMS 0x00000007e5400000, 0x00000007e5400000| Complete 
|1835|0x00000007e5600000, 0x00000007e5800000, 0x00000007e5800000|100%| E|CS|TAMS 0x00000007e5600000, 0x00000007e5600000| Complete 
|1836|0x00000007e5800000, 0x00000007e5a00000, 0x00000007e5a00000|100%| E|CS|TAMS 0x00000007e5800000, 0x00000007e5800000| Complete 
|1837|0x00000007e5a00000, 0x00000007e5c00000, 0x00000007e5c00000|100%| E|CS|TAMS 0x00000007e5a00000, 0x00000007e5a00000| Complete 
|1838|0x00000007e5c00000, 0x00000007e5e00000, 0x00000007e5e00000|100%| E|CS|TAMS 0x00000007e5c00000, 0x00000007e5c00000| Complete 
|1839|0x00000007e5e00000, 0x00000007e6000000, 0x00000007e6000000|100%| E|CS|TAMS 0x00000007e5e00000, 0x00000007e5e00000| Complete 
|1840|0x00000007e6000000, 0x00000007e6200000, 0x00000007e6200000|100%| E|CS|TAMS 0x00000007e6000000, 0x00000007e6000000| Complete 
|1841|0x00000007e6200000, 0x00000007e6400000, 0x00000007e6400000|100%| E|CS|TAMS 0x00000007e6200000, 0x00000007e6200000| Complete 
|1842|0x00000007e6400000, 0x00000007e6600000, 0x00000007e6600000|100%| E|CS|TAMS 0x00000007e6400000, 0x00000007e6400000| Complete 
|1843|0x00000007e6600000, 0x00000007e6800000, 0x00000007e6800000|100%| E|CS|TAMS 0x00000007e6600000, 0x00000007e6600000| Complete 
|1844|0x00000007e6800000, 0x00000007e6a00000, 0x00000007e6a00000|100%| E|CS|TAMS 0x00000007e6800000, 0x00000007e6800000| Complete 
|1845|0x00000007e6a00000, 0x00000007e6c00000, 0x00000007e6c00000|100%| E|CS|TAMS 0x00000007e6a00000, 0x00000007e6a00000| Complete 
|1846|0x00000007e6c00000, 0x00000007e6e00000, 0x00000007e6e00000|100%| E|CS|TAMS 0x00000007e6c00000, 0x00000007e6c00000| Complete 
|1847|0x00000007e6e00000, 0x00000007e7000000, 0x00000007e7000000|100%| E|CS|TAMS 0x00000007e6e00000, 0x00000007e6e00000| Complete 
|1848|0x00000007e7000000, 0x00000007e7200000, 0x00000007e7200000|100%| E|CS|TAMS 0x00000007e7000000, 0x00000007e7000000| Complete 
|1849|0x00000007e7200000, 0x00000007e7400000, 0x00000007e7400000|100%| E|CS|TAMS 0x00000007e7200000, 0x00000007e7200000| Complete 
|1850|0x00000007e7400000, 0x00000007e7600000, 0x00000007e7600000|100%| E|CS|TAMS 0x00000007e7400000, 0x00000007e7400000| Complete 
|1851|0x00000007e7600000, 0x00000007e7800000, 0x00000007e7800000|100%| E|CS|TAMS 0x00000007e7600000, 0x00000007e7600000| Complete 
|1852|0x00000007e7800000, 0x00000007e7a00000, 0x00000007e7a00000|100%| E|CS|TAMS 0x00000007e7800000, 0x00000007e7800000| Complete 
|1853|0x00000007e7a00000, 0x00000007e7c00000, 0x00000007e7c00000|100%| E|CS|TAMS 0x00000007e7a00000, 0x00000007e7a00000| Complete 
|1854|0x00000007e7c00000, 0x00000007e7e00000, 0x00000007e7e00000|100%| E|CS|TAMS 0x00000007e7c00000, 0x00000007e7c00000| Complete 
|1855|0x00000007e7e00000, 0x00000007e8000000, 0x00000007e8000000|100%| E|CS|TAMS 0x00000007e7e00000, 0x00000007e7e00000| Complete 
|1856|0x00000007e8000000, 0x00000007e8200000, 0x00000007e8200000|100%| E|CS|TAMS 0x00000007e8000000, 0x00000007e8000000| Complete 
|1857|0x00000007e8200000, 0x00000007e8400000, 0x00000007e8400000|100%| E|CS|TAMS 0x00000007e8200000, 0x00000007e8200000| Complete 
|1858|0x00000007e8400000, 0x00000007e8600000, 0x00000007e8600000|100%| E|CS|TAMS 0x00000007e8400000, 0x00000007e8400000| Complete 
|1859|0x00000007e8600000, 0x00000007e8800000, 0x00000007e8800000|100%| E|CS|TAMS 0x00000007e8600000, 0x00000007e8600000| Complete 
|1860|0x00000007e8800000, 0x00000007e8a00000, 0x00000007e8a00000|100%| E|CS|TAMS 0x00000007e8800000, 0x00000007e8800000| Complete 
|1861|0x00000007e8a00000, 0x00000007e8c00000, 0x00000007e8c00000|100%| E|CS|TAMS 0x00000007e8a00000, 0x00000007e8a00000| Complete 
|1862|0x00000007e8c00000, 0x00000007e8e00000, 0x00000007e8e00000|100%| E|CS|TAMS 0x00000007e8c00000, 0x00000007e8c00000| Complete 
|1863|0x00000007e8e00000, 0x00000007e9000000, 0x00000007e9000000|100%| E|CS|TAMS 0x00000007e8e00000, 0x00000007e8e00000| Complete 
|1864|0x00000007e9000000, 0x00000007e9200000, 0x00000007e9200000|100%| E|CS|TAMS 0x00000007e9000000, 0x00000007e9000000| Complete 
|1865|0x00000007e9200000, 0x00000007e9400000, 0x00000007e9400000|100%| E|CS|TAMS 0x00000007e9200000, 0x00000007e9200000| Complete 
|1866|0x00000007e9400000, 0x00000007e9600000, 0x00000007e9600000|100%| E|CS|TAMS 0x00000007e9400000, 0x00000007e9400000| Complete 
|1867|0x00000007e9600000, 0x00000007e9800000, 0x00000007e9800000|100%| E|CS|TAMS 0x00000007e9600000, 0x00000007e9600000| Complete 
|1868|0x00000007e9800000, 0x00000007e9a00000, 0x00000007e9a00000|100%| E|CS|TAMS 0x00000007e9800000, 0x00000007e9800000| Complete 
|1869|0x00000007e9a00000, 0x00000007e9c00000, 0x00000007e9c00000|100%| E|CS|TAMS 0x00000007e9a00000, 0x00000007e9a00000| Complete 
|1870|0x00000007e9c00000, 0x00000007e9e00000, 0x00000007e9e00000|100%| E|CS|TAMS 0x00000007e9c00000, 0x00000007e9c00000| Complete 
|1871|0x00000007e9e00000, 0x00000007ea000000, 0x00000007ea000000|100%| E|CS|TAMS 0x00000007e9e00000, 0x00000007e9e00000| Complete 
|1872|0x00000007ea000000, 0x00000007ea200000, 0x00000007ea200000|100%| E|CS|TAMS 0x00000007ea000000, 0x00000007ea000000| Complete 
|1873|0x00000007ea200000, 0x00000007ea400000, 0x00000007ea400000|100%| E|CS|TAMS 0x00000007ea200000, 0x00000007ea200000| Complete 
|1874|0x00000007ea400000, 0x00000007ea600000, 0x00000007ea600000|100%| E|CS|TAMS 0x00000007ea400000, 0x00000007ea400000| Complete 
|1875|0x00000007ea600000, 0x00000007ea800000, 0x00000007ea800000|100%| E|CS|TAMS 0x00000007ea600000, 0x00000007ea600000| Complete 
|1876|0x00000007ea800000, 0x00000007eaa00000, 0x00000007eaa00000|100%| E|CS|TAMS 0x00000007ea800000, 0x00000007ea800000| Complete 
|1877|0x00000007eaa00000, 0x00000007eac00000, 0x00000007eac00000|100%| E|CS|TAMS 0x00000007eaa00000, 0x00000007eaa00000| Complete 
|1878|0x00000007eac00000, 0x00000007eae00000, 0x00000007eae00000|100%| E|CS|TAMS 0x00000007eac00000, 0x00000007eac00000| Complete 
|1879|0x00000007eae00000, 0x00000007eb000000, 0x00000007eb000000|100%| E|CS|TAMS 0x00000007eae00000, 0x00000007eae00000| Complete 
|1880|0x00000007eb000000, 0x00000007eb200000, 0x00000007eb200000|100%| E|CS|TAMS 0x00000007eb000000, 0x00000007eb000000| Complete 
|1881|0x00000007eb200000, 0x00000007eb400000, 0x00000007eb400000|100%| E|CS|TAMS 0x00000007eb200000, 0x00000007eb200000| Complete 
|1882|0x00000007eb400000, 0x00000007eb600000, 0x00000007eb600000|100%| E|CS|TAMS 0x00000007eb400000, 0x00000007eb400000| Complete 
|1883|0x00000007eb600000, 0x00000007eb800000, 0x00000007eb800000|100%| E|CS|TAMS 0x00000007eb600000, 0x00000007eb600000| Complete 
|1884|0x00000007eb800000, 0x00000007eba00000, 0x00000007eba00000|100%| E|CS|TAMS 0x00000007eb800000, 0x00000007eb800000| Complete 
|1885|0x00000007eba00000, 0x00000007ebc00000, 0x00000007ebc00000|100%| E|CS|TAMS 0x00000007eba00000, 0x00000007eba00000| Complete 
|1886|0x00000007ebc00000, 0x00000007ebe00000, 0x00000007ebe00000|100%| E|CS|TAMS 0x00000007ebc00000, 0x00000007ebc00000| Complete 
|1887|0x00000007ebe00000, 0x00000007ec000000, 0x00000007ec000000|100%| E|CS|TAMS 0x00000007ebe00000, 0x00000007ebe00000| Complete 
|1888|0x00000007ec000000, 0x00000007ec200000, 0x00000007ec200000|100%| E|CS|TAMS 0x00000007ec000000, 0x00000007ec000000| Complete 
|1889|0x00000007ec200000, 0x00000007ec400000, 0x00000007ec400000|100%| E|CS|TAMS 0x00000007ec200000, 0x00000007ec200000| Complete 
|1890|0x00000007ec400000, 0x00000007ec600000, 0x00000007ec600000|100%| E|CS|TAMS 0x00000007ec400000, 0x00000007ec400000| Complete 
|1891|0x00000007ec600000, 0x00000007ec800000, 0x00000007ec800000|100%| E|CS|TAMS 0x00000007ec600000, 0x00000007ec600000| Complete 
|1892|0x00000007ec800000, 0x00000007eca00000, 0x00000007eca00000|100%| E|CS|TAMS 0x00000007ec800000, 0x00000007ec800000| Complete 
|1893|0x00000007eca00000, 0x00000007ecc00000, 0x00000007ecc00000|100%| E|CS|TAMS 0x00000007eca00000, 0x00000007eca00000| Complete 
|1894|0x00000007ecc00000, 0x00000007ece00000, 0x00000007ece00000|100%| E|CS|TAMS 0x00000007ecc00000, 0x00000007ecc00000| Complete 
|1895|0x00000007ece00000, 0x00000007ed000000, 0x00000007ed000000|100%| E|CS|TAMS 0x00000007ece00000, 0x00000007ece00000| Complete 
|1896|0x00000007ed000000, 0x00000007ed200000, 0x00000007ed200000|100%| E|CS|TAMS 0x00000007ed000000, 0x00000007ed000000| Complete 
|1897|0x00000007ed200000, 0x00000007ed400000, 0x00000007ed400000|100%| E|CS|TAMS 0x00000007ed200000, 0x00000007ed200000| Complete 
|1898|0x00000007ed400000, 0x00000007ed600000, 0x00000007ed600000|100%| E|CS|TAMS 0x00000007ed400000, 0x00000007ed400000| Complete 
|1899|0x00000007ed600000, 0x00000007ed800000, 0x00000007ed800000|100%| E|CS|TAMS 0x00000007ed600000, 0x00000007ed600000| Complete 
|1900|0x00000007ed800000, 0x00000007eda00000, 0x00000007eda00000|100%| E|CS|TAMS 0x00000007ed800000, 0x00000007ed800000| Complete 
|1901|0x00000007eda00000, 0x00000007edc00000, 0x00000007edc00000|100%| E|CS|TAMS 0x00000007eda00000, 0x00000007eda00000| Complete 
|1902|0x00000007edc00000, 0x00000007ede00000, 0x00000007ede00000|100%| E|CS|TAMS 0x00000007edc00000, 0x00000007edc00000| Complete 
|1903|0x00000007ede00000, 0x00000007ee000000, 0x00000007ee000000|100%| E|CS|TAMS 0x00000007ede00000, 0x00000007ede00000| Complete 
|1904|0x00000007ee000000, 0x00000007ee200000, 0x00000007ee200000|100%| E|CS|TAMS 0x00000007ee000000, 0x00000007ee000000| Complete 
|1905|0x00000007ee200000, 0x00000007ee400000, 0x00000007ee400000|100%| E|CS|TAMS 0x00000007ee200000, 0x00000007ee200000| Complete 
|1906|0x00000007ee400000, 0x00000007ee600000, 0x00000007ee600000|100%| E|CS|TAMS 0x00000007ee400000, 0x00000007ee400000| Complete 
|1907|0x00000007ee600000, 0x00000007ee800000, 0x00000007ee800000|100%| E|CS|TAMS 0x00000007ee600000, 0x00000007ee600000| Complete 
|1908|0x00000007ee800000, 0x00000007eea00000, 0x00000007eea00000|100%| E|CS|TAMS 0x00000007ee800000, 0x00000007ee800000| Complete 
|1909|0x00000007eea00000, 0x00000007eec00000, 0x00000007eec00000|100%| E|CS|TAMS 0x00000007eea00000, 0x00000007eea00000| Complete 
|1910|0x00000007eec00000, 0x00000007eee00000, 0x00000007eee00000|100%| E|CS|TAMS 0x00000007eec00000, 0x00000007eec00000| Complete 
|1911|0x00000007eee00000, 0x00000007ef000000, 0x00000007ef000000|100%| E|CS|TAMS 0x00000007eee00000, 0x00000007eee00000| Complete 
|1912|0x00000007ef000000, 0x00000007ef200000, 0x00000007ef200000|100%| E|CS|TAMS 0x00000007ef000000, 0x00000007ef000000| Complete 
|1913|0x00000007ef200000, 0x00000007ef400000, 0x00000007ef400000|100%| E|CS|TAMS 0x00000007ef200000, 0x00000007ef200000| Complete 
|1914|0x00000007ef400000, 0x00000007ef600000, 0x00000007ef600000|100%| E|CS|TAMS 0x00000007ef400000, 0x00000007ef400000| Complete 
|1915|0x00000007ef600000, 0x00000007ef800000, 0x00000007ef800000|100%| E|CS|TAMS 0x00000007ef600000, 0x00000007ef600000| Complete 
|1916|0x00000007ef800000, 0x00000007efa00000, 0x00000007efa00000|100%| E|CS|TAMS 0x00000007ef800000, 0x00000007ef800000| Complete 
|1917|0x00000007efa00000, 0x00000007efc00000, 0x00000007efc00000|100%| E|CS|TAMS 0x00000007efa00000, 0x00000007efa00000| Complete 
|1918|0x00000007efc00000, 0x00000007efe00000, 0x00000007efe00000|100%| E|CS|TAMS 0x00000007efc00000, 0x00000007efc00000| Complete 
|1919|0x00000007efe00000, 0x00000007f0000000, 0x00000007f0000000|100%| E|CS|TAMS 0x00000007efe00000, 0x00000007efe00000| Complete 
|1920|0x00000007f0000000, 0x00000007f0200000, 0x00000007f0200000|100%| E|CS|TAMS 0x00000007f0000000, 0x00000007f0000000| Complete 
|1921|0x00000007f0200000, 0x00000007f0400000, 0x00000007f0400000|100%| E|CS|TAMS 0x00000007f0200000, 0x00000007f0200000| Complete 
|1922|0x00000007f0400000, 0x00000007f0600000, 0x00000007f0600000|100%| E|CS|TAMS 0x00000007f0400000, 0x00000007f0400000| Complete 
|1923|0x00000007f0600000, 0x00000007f0800000, 0x00000007f0800000|100%| E|CS|TAMS 0x00000007f0600000, 0x00000007f0600000| Complete 
|1924|0x00000007f0800000, 0x00000007f0a00000, 0x00000007f0a00000|100%| E|CS|TAMS 0x00000007f0800000, 0x00000007f0800000| Complete 
|1925|0x00000007f0a00000, 0x00000007f0c00000, 0x00000007f0c00000|100%| E|CS|TAMS 0x00000007f0a00000, 0x00000007f0a00000| Complete 
|1926|0x00000007f0c00000, 0x00000007f0e00000, 0x00000007f0e00000|100%| E|CS|TAMS 0x00000007f0c00000, 0x00000007f0c00000| Complete 
|1927|0x00000007f0e00000, 0x00000007f1000000, 0x00000007f1000000|100%| E|CS|TAMS 0x00000007f0e00000, 0x00000007f0e00000| Complete 
|1928|0x00000007f1000000, 0x00000007f1200000, 0x00000007f1200000|100%| E|CS|TAMS 0x00000007f1000000, 0x00000007f1000000| Complete 
|1929|0x00000007f1200000, 0x00000007f1400000, 0x00000007f1400000|100%| E|CS|TAMS 0x00000007f1200000, 0x00000007f1200000| Complete 
|1930|0x00000007f1400000, 0x00000007f1600000, 0x00000007f1600000|100%| E|CS|TAMS 0x00000007f1400000, 0x00000007f1400000| Complete 
|1931|0x00000007f1600000, 0x00000007f1800000, 0x00000007f1800000|100%| E|CS|TAMS 0x00000007f1600000, 0x00000007f1600000| Complete 
|1932|0x00000007f1800000, 0x00000007f1a00000, 0x00000007f1a00000|100%| E|CS|TAMS 0x00000007f1800000, 0x00000007f1800000| Complete 
|1933|0x00000007f1a00000, 0x00000007f1c00000, 0x00000007f1c00000|100%| E|CS|TAMS 0x00000007f1a00000, 0x00000007f1a00000| Complete 
|1934|0x00000007f1c00000, 0x00000007f1e00000, 0x00000007f1e00000|100%| E|CS|TAMS 0x00000007f1c00000, 0x00000007f1c00000| Complete 
|1935|0x00000007f1e00000, 0x00000007f2000000, 0x00000007f2000000|100%| E|CS|TAMS 0x00000007f1e00000, 0x00000007f1e00000| Complete 
|1936|0x00000007f2000000, 0x00000007f2200000, 0x00000007f2200000|100%| E|CS|TAMS 0x00000007f2000000, 0x00000007f2000000| Complete 
|1937|0x00000007f2200000, 0x00000007f2400000, 0x00000007f2400000|100%| E|CS|TAMS 0x00000007f2200000, 0x00000007f2200000| Complete 
|1938|0x00000007f2400000, 0x00000007f2600000, 0x00000007f2600000|100%| E|CS|TAMS 0x00000007f2400000, 0x00000007f2400000| Complete 
|1939|0x00000007f2600000, 0x00000007f2800000, 0x00000007f2800000|100%| E|CS|TAMS 0x00000007f2600000, 0x00000007f2600000| Complete 
|1940|0x00000007f2800000, 0x00000007f2a00000, 0x00000007f2a00000|100%| E|CS|TAMS 0x00000007f2800000, 0x00000007f2800000| Complete 
|1941|0x00000007f2a00000, 0x00000007f2c00000, 0x00000007f2c00000|100%| E|CS|TAMS 0x00000007f2a00000, 0x00000007f2a00000| Complete 
|1942|0x00000007f2c00000, 0x00000007f2e00000, 0x00000007f2e00000|100%| E|CS|TAMS 0x00000007f2c00000, 0x00000007f2c00000| Complete 
|1943|0x00000007f2e00000, 0x00000007f3000000, 0x00000007f3000000|100%| E|CS|TAMS 0x00000007f2e00000, 0x00000007f2e00000| Complete 
|1944|0x00000007f3000000, 0x00000007f3200000, 0x00000007f3200000|100%| E|CS|TAMS 0x00000007f3000000, 0x00000007f3000000| Complete 
|1945|0x00000007f3200000, 0x00000007f3400000, 0x00000007f3400000|100%| E|CS|TAMS 0x00000007f3200000, 0x00000007f3200000| Complete 
|1946|0x00000007f3400000, 0x00000007f3600000, 0x00000007f3600000|100%| E|CS|TAMS 0x00000007f3400000, 0x00000007f3400000| Complete 
|1947|0x00000007f3600000, 0x00000007f3800000, 0x00000007f3800000|100%| E|CS|TAMS 0x00000007f3600000, 0x00000007f3600000| Complete 
|1948|0x00000007f3800000, 0x00000007f3a00000, 0x00000007f3a00000|100%| E|CS|TAMS 0x00000007f3800000, 0x00000007f3800000| Complete 
|1949|0x00000007f3a00000, 0x00000007f3c00000, 0x00000007f3c00000|100%| E|CS|TAMS 0x00000007f3a00000, 0x00000007f3a00000| Complete 
|1950|0x00000007f3c00000, 0x00000007f3e00000, 0x00000007f3e00000|100%| E|CS|TAMS 0x00000007f3c00000, 0x00000007f3c00000| Complete 
|1951|0x00000007f3e00000, 0x00000007f4000000, 0x00000007f4000000|100%| E|CS|TAMS 0x00000007f3e00000, 0x00000007f3e00000| Complete 
|1952|0x00000007f4000000, 0x00000007f4200000, 0x00000007f4200000|100%| E|CS|TAMS 0x00000007f4000000, 0x00000007f4000000| Complete 
|1953|0x00000007f4200000, 0x00000007f4400000, 0x00000007f4400000|100%| E|CS|TAMS 0x00000007f4200000, 0x00000007f4200000| Complete 
|1954|0x00000007f4400000, 0x00000007f4600000, 0x00000007f4600000|100%| E|CS|TAMS 0x00000007f4400000, 0x00000007f4400000| Complete 
|1955|0x00000007f4600000, 0x00000007f4800000, 0x00000007f4800000|100%| E|CS|TAMS 0x00000007f4600000, 0x00000007f4600000| Complete 
|1956|0x00000007f4800000, 0x00000007f4a00000, 0x00000007f4a00000|100%| E|CS|TAMS 0x00000007f4800000, 0x00000007f4800000| Complete 
|1957|0x00000007f4a00000, 0x00000007f4c00000, 0x00000007f4c00000|100%| E|CS|TAMS 0x00000007f4a00000, 0x00000007f4a00000| Complete 
|1958|0x00000007f4c00000, 0x00000007f4e00000, 0x00000007f4e00000|100%| E|CS|TAMS 0x00000007f4c00000, 0x00000007f4c00000| Complete 
|1959|0x00000007f4e00000, 0x00000007f5000000, 0x00000007f5000000|100%| E|CS|TAMS 0x00000007f4e00000, 0x00000007f4e00000| Complete 
|1960|0x00000007f5000000, 0x00000007f5200000, 0x00000007f5200000|100%| E|CS|TAMS 0x00000007f5000000, 0x00000007f5000000| Complete 
|1961|0x00000007f5200000, 0x00000007f5400000, 0x00000007f5400000|100%| E|CS|TAMS 0x00000007f5200000, 0x00000007f5200000| Complete 
|1962|0x00000007f5400000, 0x00000007f5600000, 0x00000007f5600000|100%| E|CS|TAMS 0x00000007f5400000, 0x00000007f5400000| Complete 
|1963|0x00000007f5600000, 0x00000007f5800000, 0x00000007f5800000|100%| E|CS|TAMS 0x00000007f5600000, 0x00000007f5600000| Complete 
|1964|0x00000007f5800000, 0x00000007f5a00000, 0x00000007f5a00000|100%| E|CS|TAMS 0x00000007f5800000, 0x00000007f5800000| Complete 
|1965|0x00000007f5a00000, 0x00000007f5c00000, 0x00000007f5c00000|100%| E|CS|TAMS 0x00000007f5a00000, 0x00000007f5a00000| Complete 
|1966|0x00000007f5c00000, 0x00000007f5e00000, 0x00000007f5e00000|100%| E|CS|TAMS 0x00000007f5c00000, 0x00000007f5c00000| Complete 
|1967|0x00000007f5e00000, 0x00000007f6000000, 0x00000007f6000000|100%| E|CS|TAMS 0x00000007f5e00000, 0x00000007f5e00000| Complete 
|1968|0x00000007f6000000, 0x00000007f6200000, 0x00000007f6200000|100%| E|CS|TAMS 0x00000007f6000000, 0x00000007f6000000| Complete 
|1969|0x00000007f6200000, 0x00000007f6400000, 0x00000007f6400000|100%| E|CS|TAMS 0x00000007f6200000, 0x00000007f6200000| Complete 
|1970|0x00000007f6400000, 0x00000007f6600000, 0x00000007f6600000|100%| E|CS|TAMS 0x00000007f6400000, 0x00000007f6400000| Complete 
|1971|0x00000007f6600000, 0x00000007f6800000, 0x00000007f6800000|100%| E|CS|TAMS 0x00000007f6600000, 0x00000007f6600000| Complete 
|1972|0x00000007f6800000, 0x00000007f6a00000, 0x00000007f6a00000|100%| E|CS|TAMS 0x00000007f6800000, 0x00000007f6800000| Complete 
|1973|0x00000007f6a00000, 0x00000007f6c00000, 0x00000007f6c00000|100%| E|CS|TAMS 0x00000007f6a00000, 0x00000007f6a00000| Complete 
|1974|0x00000007f6c00000, 0x00000007f6e00000, 0x00000007f6e00000|100%| E|CS|TAMS 0x00000007f6c00000, 0x00000007f6c00000| Complete 
|1975|0x00000007f6e00000, 0x00000007f7000000, 0x00000007f7000000|100%| E|CS|TAMS 0x00000007f6e00000, 0x00000007f6e00000| Complete 
|1976|0x00000007f7000000, 0x00000007f7200000, 0x00000007f7200000|100%| E|CS|TAMS 0x00000007f7000000, 0x00000007f7000000| Complete 
|1977|0x00000007f7200000, 0x00000007f7400000, 0x00000007f7400000|100%| E|CS|TAMS 0x00000007f7200000, 0x00000007f7200000| Complete 
|1978|0x00000007f7400000, 0x00000007f7600000, 0x00000007f7600000|100%| E|CS|TAMS 0x00000007f7400000, 0x00000007f7400000| Complete 
|1979|0x00000007f7600000, 0x00000007f7800000, 0x00000007f7800000|100%| E|CS|TAMS 0x00000007f7600000, 0x00000007f7600000| Complete 
|1980|0x00000007f7800000, 0x00000007f7a00000, 0x00000007f7a00000|100%| E|CS|TAMS 0x00000007f7800000, 0x00000007f7800000| Complete 
|1981|0x00000007f7a00000, 0x00000007f7c00000, 0x00000007f7c00000|100%| E|CS|TAMS 0x00000007f7a00000, 0x00000007f7a00000| Complete 
|1982|0x00000007f7c00000, 0x00000007f7e00000, 0x00000007f7e00000|100%| E|CS|TAMS 0x00000007f7c00000, 0x00000007f7c00000| Complete 
|1983|0x00000007f7e00000, 0x00000007f8000000, 0x00000007f8000000|100%| E|CS|TAMS 0x00000007f7e00000, 0x00000007f7e00000| Complete 
|1984|0x00000007f8000000, 0x00000007f8200000, 0x00000007f8200000|100%| E|CS|TAMS 0x00000007f8000000, 0x00000007f8000000| Complete 
|1985|0x00000007f8200000, 0x00000007f8400000, 0x00000007f8400000|100%| E|CS|TAMS 0x00000007f8200000, 0x00000007f8200000| Complete 
|1986|0x00000007f8400000, 0x00000007f8600000, 0x00000007f8600000|100%| E|CS|TAMS 0x00000007f8400000, 0x00000007f8400000| Complete 
|1987|0x00000007f8600000, 0x00000007f8800000, 0x00000007f8800000|100%| E|CS|TAMS 0x00000007f8600000, 0x00000007f8600000| Complete 
|1988|0x00000007f8800000, 0x00000007f8a00000, 0x00000007f8a00000|100%| E|CS|TAMS 0x00000007f8800000, 0x00000007f8800000| Complete 
|1989|0x00000007f8a00000, 0x00000007f8c00000, 0x00000007f8c00000|100%| E|CS|TAMS 0x00000007f8a00000, 0x00000007f8a00000| Complete 
|1990|0x00000007f8c00000, 0x00000007f8e00000, 0x00000007f8e00000|100%| E|CS|TAMS 0x00000007f8c00000, 0x00000007f8c00000| Complete 
|1991|0x00000007f8e00000, 0x00000007f9000000, 0x00000007f9000000|100%| E|CS|TAMS 0x00000007f8e00000, 0x00000007f8e00000| Complete 
|1992|0x00000007f9000000, 0x00000007f9200000, 0x00000007f9200000|100%| E|CS|TAMS 0x00000007f9000000, 0x00000007f9000000| Complete 
|1993|0x00000007f9200000, 0x00000007f9400000, 0x00000007f9400000|100%| E|CS|TAMS 0x00000007f9200000, 0x00000007f9200000| Complete 
|1994|0x00000007f9400000, 0x00000007f9600000, 0x00000007f9600000|100%| E|CS|TAMS 0x00000007f9400000, 0x00000007f9400000| Complete 
|1995|0x00000007f9600000, 0x00000007f9800000, 0x00000007f9800000|100%| E|CS|TAMS 0x00000007f9600000, 0x00000007f9600000| Complete 
|1996|0x00000007f9800000, 0x00000007f9a00000, 0x00000007f9a00000|100%| E|CS|TAMS 0x00000007f9800000, 0x00000007f9800000| Complete 
|1997|0x00000007f9a00000, 0x00000007f9c00000, 0x00000007f9c00000|100%| E|CS|TAMS 0x00000007f9a00000, 0x00000007f9a00000| Complete 
|1998|0x00000007f9c00000, 0x00000007f9e00000, 0x00000007f9e00000|100%| E|CS|TAMS 0x00000007f9c00000, 0x00000007f9c00000| Complete 
|1999|0x00000007f9e00000, 0x00000007fa000000, 0x00000007fa000000|100%| E|CS|TAMS 0x00000007f9e00000, 0x00000007f9e00000| Complete 
|2000|0x00000007fa000000, 0x00000007fa200000, 0x00000007fa200000|100%| E|CS|TAMS 0x00000007fa000000, 0x00000007fa000000| Complete 
|2001|0x00000007fa200000, 0x00000007fa400000, 0x00000007fa400000|100%| E|CS|TAMS 0x00000007fa200000, 0x00000007fa200000| Complete 
|2002|0x00000007fa400000, 0x00000007fa600000, 0x00000007fa600000|100%| E|CS|TAMS 0x00000007fa400000, 0x00000007fa400000| Complete 
|2003|0x00000007fa600000, 0x00000007fa800000, 0x00000007fa800000|100%| E|CS|TAMS 0x00000007fa600000, 0x00000007fa600000| Complete 
|2004|0x00000007fa800000, 0x00000007faa00000, 0x00000007faa00000|100%| E|CS|TAMS 0x00000007fa800000, 0x00000007fa800000| Complete 
|2005|0x00000007faa00000, 0x00000007fac00000, 0x00000007fac00000|100%| E|CS|TAMS 0x00000007faa00000, 0x00000007faa00000| Complete 
|2006|0x00000007fac00000, 0x00000007fae00000, 0x00000007fae00000|100%| E|CS|TAMS 0x00000007fac00000, 0x00000007fac00000| Complete 
|2007|0x00000007fae00000, 0x00000007fb000000, 0x00000007fb000000|100%| E|CS|TAMS 0x00000007fae00000, 0x00000007fae00000| Complete 
|2008|0x00000007fb000000, 0x00000007fb200000, 0x00000007fb200000|100%| E|CS|TAMS 0x00000007fb000000, 0x00000007fb000000| Complete 
|2009|0x00000007fb200000, 0x00000007fb400000, 0x00000007fb400000|100%| E|CS|TAMS 0x00000007fb200000, 0x00000007fb200000| Complete 
|2010|0x00000007fb400000, 0x00000007fb600000, 0x00000007fb600000|100%| E|CS|TAMS 0x00000007fb400000, 0x00000007fb400000| Complete 
|2011|0x00000007fb600000, 0x00000007fb800000, 0x00000007fb800000|100%| E|CS|TAMS 0x00000007fb600000, 0x00000007fb600000| Complete 
|2012|0x00000007fb800000, 0x00000007fba00000, 0x00000007fba00000|100%| E|CS|TAMS 0x00000007fb800000, 0x00000007fb800000| Complete 
|2013|0x00000007fba00000, 0x00000007fbc00000, 0x00000007fbc00000|100%| E|CS|TAMS 0x00000007fba00000, 0x00000007fba00000| Complete 
|2014|0x00000007fbc00000, 0x00000007fbe00000, 0x00000007fbe00000|100%| E|CS|TAMS 0x00000007fbc00000, 0x00000007fbc00000| Complete 
|2015|0x00000007fbe00000, 0x00000007fc000000, 0x00000007fc000000|100%| E|CS|TAMS 0x00000007fbe00000, 0x00000007fbe00000| Complete 
|2016|0x00000007fc000000, 0x00000007fc200000, 0x00000007fc200000|100%| E|CS|TAMS 0x00000007fc000000, 0x00000007fc000000| Complete 
|2017|0x00000007fc200000, 0x00000007fc400000, 0x00000007fc400000|100%| E|CS|TAMS 0x00000007fc200000, 0x00000007fc200000| Complete 
|2018|0x00000007fc400000, 0x00000007fc600000, 0x00000007fc600000|100%| E|CS|TAMS 0x00000007fc400000, 0x00000007fc400000| Complete 
|2019|0x00000007fc600000, 0x00000007fc800000, 0x00000007fc800000|100%| E|CS|TAMS 0x00000007fc600000, 0x00000007fc600000| Complete 
|2020|0x00000007fc800000, 0x00000007fca00000, 0x00000007fca00000|100%| E|CS|TAMS 0x00000007fc800000, 0x00000007fc800000| Complete 
|2021|0x00000007fca00000, 0x00000007fcc00000, 0x00000007fcc00000|100%| E|CS|TAMS 0x00000007fca00000, 0x00000007fca00000| Complete 
|2022|0x00000007fcc00000, 0x00000007fce00000, 0x00000007fce00000|100%| E|CS|TAMS 0x00000007fcc00000, 0x00000007fcc00000| Complete 
|2023|0x00000007fce00000, 0x00000007fd000000, 0x00000007fd000000|100%| E|CS|TAMS 0x00000007fce00000, 0x00000007fce00000| Complete 
|2024|0x00000007fd000000, 0x00000007fd200000, 0x00000007fd200000|100%| E|CS|TAMS 0x00000007fd000000, 0x00000007fd000000| Complete 
|2025|0x00000007fd200000, 0x00000007fd400000, 0x00000007fd400000|100%| E|CS|TAMS 0x00000007fd200000, 0x00000007fd200000| Complete 
|2026|0x00000007fd400000, 0x00000007fd600000, 0x00000007fd600000|100%| E|CS|TAMS 0x00000007fd400000, 0x00000007fd400000| Complete 
|2027|0x00000007fd600000, 0x00000007fd800000, 0x00000007fd800000|100%| E|CS|TAMS 0x00000007fd600000, 0x00000007fd600000| Complete 
|2028|0x00000007fd800000, 0x00000007fda00000, 0x00000007fda00000|100%| E|CS|TAMS 0x00000007fd800000, 0x00000007fd800000| Complete 
|2029|0x00000007fda00000, 0x00000007fdc00000, 0x00000007fdc00000|100%| E|CS|TAMS 0x00000007fda00000, 0x00000007fda00000| Complete 
|2030|0x00000007fdc00000, 0x00000007fde00000, 0x00000007fde00000|100%| E|CS|TAMS 0x00000007fdc00000, 0x00000007fdc00000| Complete 
|2031|0x00000007fde00000, 0x00000007fe000000, 0x00000007fe000000|100%| E|CS|TAMS 0x00000007fde00000, 0x00000007fde00000| Complete 
|2032|0x00000007fe000000, 0x00000007fe200000, 0x00000007fe200000|100%| E|CS|TAMS 0x00000007fe000000, 0x00000007fe000000| Complete 
|2033|0x00000007fe200000, 0x00000007fe400000, 0x00000007fe400000|100%| E|CS|TAMS 0x00000007fe200000, 0x00000007fe200000| Complete 
|2034|0x00000007fe400000, 0x00000007fe600000, 0x00000007fe600000|100%| E|CS|TAMS 0x00000007fe400000, 0x00000007fe400000| Complete 
|2035|0x00000007fe600000, 0x00000007fe800000, 0x00000007fe800000|100%| E|CS|TAMS 0x00000007fe600000, 0x00000007fe600000| Complete 
|2036|0x00000007fe800000, 0x00000007fea00000, 0x00000007fea00000|100%| E|CS|TAMS 0x00000007fe800000, 0x00000007fe800000| Complete 
|2037|0x00000007fea00000, 0x00000007fec00000, 0x00000007fec00000|100%| E|CS|TAMS 0x00000007fea00000, 0x00000007fea00000| Complete 
|2038|0x00000007fec00000, 0x00000007fee00000, 0x00000007fee00000|100%| E|CS|TAMS 0x00000007fec00000, 0x00000007fec00000| Complete 
|2039|0x00000007fee00000, 0x00000007ff000000, 0x00000007ff000000|100%| E|CS|TAMS 0x00000007fee00000, 0x00000007fee00000| Complete 
|2040|0x00000007ff000000, 0x00000007ff200000, 0x00000007ff200000|100%| E|CS|TAMS 0x00000007ff000000, 0x00000007ff000000| Complete 
|2041|0x00000007ff200000, 0x00000007ff400000, 0x00000007ff400000|100%| E|CS|TAMS 0x00000007ff200000, 0x00000007ff200000| Complete 
|2042|0x00000007ff400000, 0x00000007ff600000, 0x00000007ff600000|100%| E|CS|TAMS 0x00000007ff400000, 0x00000007ff400000| Complete 
|2043|0x00000007ff600000, 0x00000007ff800000, 0x00000007ff800000|100%| E|CS|TAMS 0x00000007ff600000, 0x00000007ff600000| Complete 
|2044|0x00000007ff800000, 0x00000007ffa00000, 0x00000007ffa00000|100%| E|CS|TAMS 0x00000007ff800000, 0x00000007ff800000| Complete 
|2045|0x00000007ffa00000, 0x00000007ffc00000, 0x00000007ffc00000|100%| E|CS|TAMS 0x00000007ffa00000, 0x00000007ffa00000| Complete 
|2046|0x00000007ffc00000, 0x00000007ffd6c000, 0x00000007ffe00000| 71%|OA|  |TAMS 0x00000007ffd6c000, 0x00000007ffc00000| Untracked 
|2047|0x00000007ffe00000, 0x00000007ffe70000, 0x0000000800000000| 21%|CA|  |TAMS 0x00000007ffe70000, 0x00000007ffe00000| Untracked 

Card table byte_map: [0x000000010c30c000,0x000000010cb0c000] _byte_map_base: 0x0000000108b0c000

Marking Bits (Prev, Next): (CMBitMap*) 0x0000000131018a10, (CMBitMap*) 0x0000000131018a50
 Prev Bits: [0x000000010d30c000, 0x000000011130c000)
 Next Bits: [0x000000011130c000, 0x000000011530c000)

Polling page: 0x0000000104f68000

Metaspace:

Usage:
  Non-class:    314.28 MB used.
      Class:     63.00 MB used.
       Both:    377.28 MB used.

Virtual space:
  Non-class space:      320.00 MB reserved,     315.81 MB ( 99%) committed,  5 nodes.
      Class space:        1.00 GB reserved,      64.25 MB (  6%) committed,  1 nodes.
             Both:        1.31 GB reserved,     380.06 MB ( 28%) committed. 

Chunk freelists:
   Non-Class:  3.56 MB
       Class:  15.73 MB
        Both:  19.29 MB

MaxMetaspaceSize: unlimited
CompressedClassSpaceSize: 1.00 GB
Initial GC threshold: 21.00 MB
Current GC threshold: 633.44 MB
CDS: on
MetaspaceReclaimPolicy: balanced
 - commit_granule_bytes: 65536.
 - commit_granule_words: 8192.
 - virtual_space_node_default_size: 8388608.
 - enlarge_chunks_in_place: 1.
 - new_chunks_are_fully_committed: 0.
 - uncommit_free_chunks: 1.
 - use_allocation_guard: 0.
 - handle_deallocations: 1.


Internal statistics:

num_allocs_failed_limit: 50.
num_arena_births: 4750.
num_arena_deaths: 50.
num_vsnodes_births: 6.
num_vsnodes_deaths: 0.
num_space_committed: 6069.
num_space_uncommitted: 0.
num_chunks_returned_to_freelist: 124.
num_chunks_taken_from_freelist: 19984.
num_chunk_merges: 73.
num_chunk_splits: 14422.
num_chunks_enlarged: 11554.
num_inconsistent_stats: 0.

CodeHeap 'non-profiled nmethods': size=120032Kb used=71974Kb max_used=71974Kb free=48057Kb
 bounds [0x0000000147ac8000, 0x000000014c118000, 0x000000014f000000]
CodeHeap 'profiled nmethods': size=120016Kb used=85399Kb max_used=86052Kb free=34616Kb
 bounds [0x0000000140000000, 0x0000000145560000, 0x0000000147534000]
CodeHeap 'non-nmethods': size=5712Kb used=3587Kb max_used=3918Kb free=2124Kb
 bounds [0x0000000147534000, 0x0000000147934000, 0x0000000147ac8000]
 total_blobs=54239 nmethods=50624 adapters=3523
 compilation: enabled
              stopped_count=0, restarted_count=0
 full_count=0

Compilation events (20 events):
Event: 955.786 Thread 0x00000001310f4000 1206643       4       net.minecraft.class_1657::handler$ipf000$pointblank$onTickStart (25 bytes)
Event: 955.860 Thread 0x00000001310f4000 nmethod 1206643 0x000000014bd05a90 code [0x000000014bd05d00, 0x000000014bd06320]
Event: 955.860 Thread 0x00000001310f4000 1206644   !   4       jdk.proxy2.$Proxy86::onStartPlayerTick (34 bytes)
Event: 955.869 Thread 0x00000001310f4000 nmethod 1206644 0x000000014bb44010 code [0x000000014bb44200, 0x000000014bb44600]
Event: 955.869 Thread 0x00000001310f4000 1206645       4       xaero.common.events.CommonEvents::handlePlayerTickStart (53 bytes)
Event: 982.928 Thread 0x0000000132821a00 1206653       3       java.util.concurrent.ConcurrentHashMap$EntrySetView::iterator (34 bytes)
Event: 983.136 Thread 0x0000000132821a00 nmethod 1206653 0x0000000144b0ad90 code [0x0000000144b0af40, 0x0000000144b0b188]
Event: 983.137 Thread 0x0000000132821a00 1206655       3       java.util.concurrent.ConcurrentHashMap$EntryIterator::<init> (12 bytes)
Event: 983.146 Thread 0x00000003da2b6800 1206646   !   4       xaero.common.events.ClientEvents::handlePlayerTickStart (93 bytes)
Event: 983.146 Thread 0x0000000132821a00 nmethod 1206655 0x0000000142e4a810 code [0x0000000142e4a9c0, 0x0000000142e4ab08]
Event: 983.146 Thread 0x0000000132821a00 1206656       3       java.util.concurrent.ConcurrentHashMap::entrySet (25 bytes)
Event: 983.156 Thread 0x0000000132821a00 nmethod 1206656 0x0000000142e4a190 code [0x0000000142e4a380, 0x0000000142e4a6d8]
Event: 983.158 Thread 0x0000000132821a00 1206654       3       de.keksuccino.fancymenu.customization.placeholder.placeholders.advanced.JsonPlaceholder$1::run (4 bytes)
Event: 986.776 Thread 0x00000001310f4000 nmethod 1206645 0x000000014c109d10 code [0x000000014c10a8c0, 0x000000014c10fe60]
Event: 986.999 Thread 0x0000000132821a00 nmethod 1206654 0x0000000142e49d90 code [0x0000000142e49f40, 0x0000000142e4a088]
Event: 987.000 Thread 0x00000001310f4000 1206647       4       xaero.hud.minimap.world.state.MinimapWorldStateUpdater::update (155 bytes)
Event: 987.000 Thread 0x0000000132821a00 1207077       3       java.nio.file.Path::toFile (36 bytes)
Event: 987.031 Thread 0x0000000132821a00 nmethod 1207077 0x0000000142e49110 code [0x0000000142e49380, 0x0000000142e49ad8]
Event: 987.457 Thread 0x0000000132821a00 1207350       1       dev.felnull.imp.include.org.apache.http.message.ParserCursor::getPos (5 bytes)
Event: 987.457 Thread 0x0000000132821a00 nmethod 1207350 0x000000014ad62310 code [0x000000014ad62480, 0x000000014ad62518]

GC Heap History (20 events):
Event: 872.484 GC heap before
{Heap before GC invocations=406 (full 0):
 garbage-first heap   total 4194304K, used 3778251K [0x0000000700000000, 0x0000000800000000)
  region size 2048K, 776 young (1589248K), 7 survivors (14336K)
 Metaspace       used 380651K, committed 383360K, reserved 1376256K
  class space    used 63756K, committed 64960K, reserved 1048576K
}
Event: 872.544 GC heap after
{Heap after GC invocations=407 (full 0):
 garbage-first heap   total 4194304K, used 2186333K [0x0000000700000000, 0x0000000800000000)
  region size 2048K, 14 young (28672K), 14 survivors (28672K)
 Metaspace       used 380651K, committed 383360K, reserved 1376256K
  class space    used 63756K, committed 64960K, reserved 1048576K
}
Event: 872.832 GC heap before
{Heap before GC invocations=407 (full 0):
 garbage-first heap   total 4194304K, used 2219101K [0x0000000700000000, 0x0000000800000000)
  region size 2048K, 32 young (65536K), 14 survivors (28672K)
 Metaspace       used 380651K, committed 383360K, reserved 1376256K
  class space    used 63756K, committed 64960K, reserved 1048576K
}
Event: 872.887 GC heap after
{Heap after GC invocations=408 (full 0):
 garbage-first heap   total 4194304K, used 2185949K [0x0000000700000000, 0x0000000800000000)
  region size 2048K, 15 young (30720K), 15 survivors (30720K)
 Metaspace       used 380651K, committed 383360K, reserved 1376256K
  class space    used 63756K, committed 64960K, reserved 1048576K
}
Event: 880.973 GC heap before
{Heap before GC invocations=408 (full 0):
 garbage-first heap   total 4194304K, used 3343069K [0x0000000700000000, 0x0000000800000000)
  region size 2048K, 558 young (1142784K), 15 survivors (30720K)
 Metaspace       used 380836K, committed 383616K, reserved 1376256K
  class space    used 63783K, committed 65024K, reserved 1048576K
}
Event: 881.006 GC heap after
{Heap after GC invocations=409 (full 0):
 garbage-first heap   total 4194304K, used 2215292K [0x0000000700000000, 0x0000000800000000)
  region size 2048K, 29 young (59392K), 29 survivors (59392K)
 Metaspace       used 380836K, committed 383616K, reserved 1376256K
  class space    used 63783K, committed 65024K, reserved 1048576K
}
Event: 888.018 GC heap before
{Heap before GC invocations=409 (full 0):
 garbage-first heap   total 4194304K, used 3448188K [0x0000000700000000, 0x0000000800000000)
  region size 2048K, 589 young (1206272K), 29 survivors (59392K)
 Metaspace       used 381538K, committed 384320K, reserved 1376256K
  class space    used 63894K, committed 65152K, reserved 1048576K
}
Event: 888.094 GC heap after
{Heap after GC invocations=410 (full 0):
 garbage-first heap   total 4194304K, used 2241332K [0x0000000700000000, 0x0000000800000000)
  region size 2048K, 42 young (86016K), 42 survivors (86016K)
 Metaspace       used 381538K, committed 384320K, reserved 1376256K
  class space    used 63894K, committed 65152K, reserved 1048576K
}
Event: 892.231 GC heap before
{Heap before GC invocations=410 (full 0):
 garbage-first heap   total 4194304K, used 3623732K [0x0000000700000000, 0x0000000800000000)
  region size 2048K, 615 young (1259520K), 42 survivors (86016K)
 Metaspace       used 382207K, committed 385024K, reserved 1376256K
  class space    used 63979K, committed 65216K, reserved 1048576K
}
Event: 892.326 GC heap after
{Heap after GC invocations=411 (full 0):
 garbage-first heap   total 4194304K, used 2272193K [0x0000000700000000, 0x0000000800000000)
  region size 2048K, 52 young (106496K), 52 survivors (106496K)
 Metaspace       used 382207K, committed 385024K, reserved 1376256K
  class space    used 63979K, committed 65216K, reserved 1048576K
}
Event: 896.398 GC heap before
{Heap before GC invocations=412 (full 0):
 garbage-first heap   total 4194304K, used 3599297K [0x0000000700000000, 0x0000000800000000)
  region size 2048K, 632 young (1294336K), 52 survivors (106496K)
 Metaspace       used 384596K, committed 387456K, reserved 1376256K
  class space    used 64321K, committed 65600K, reserved 1048576K
}
Event: 896.455 GC heap after
{Heap after GC invocations=413 (full 0):
 garbage-first heap   total 4194304K, used 2282268K [0x0000000700000000, 0x0000000800000000)
  region size 2048K, 47 young (96256K), 47 survivors (96256K)
 Metaspace       used 384596K, committed 387456K, reserved 1376256K
  class space    used 64321K, committed 65600K, reserved 1048576K
}
Event: 896.853 GC heap before
{Heap before GC invocations=413 (full 0):
 garbage-first heap   total 4194304K, used 2448156K [0x0000000700000000, 0x0000000800000000)
  region size 2048K, 102 young (208896K), 47 survivors (96256K)
 Metaspace       used 384609K, committed 387456K, reserved 1376256K
  class space    used 64321K, committed 65600K, reserved 1048576K
}
Event: 896.988 GC heap after
{Heap after GC invocations=414 (full 0):
 garbage-first heap   total 4194304K, used 2269755K [0x0000000700000000, 0x0000000800000000)
  region size 2048K, 7 young (14336K), 7 survivors (14336K)
 Metaspace       used 384609K, committed 387456K, reserved 1376256K
  class space    used 64321K, committed 65600K, reserved 1048576K
}
Event: 901.370 GC heap before
{Heap before GC invocations=414 (full 0):
 garbage-first heap   total 4194304K, used 3658299K [0x0000000700000000, 0x0000000800000000)
  region size 2048K, 603 young (1234944K), 7 survivors (14336K)
 Metaspace       used 385433K, committed 388288K, reserved 1376256K
  class space    used 64417K, committed 65664K, reserved 1048576K
}
Event: 901.380 GC heap after
{Heap after GC invocations=415 (full 0):
 garbage-first heap   total 4194304K, used 2268731K [0x0000000700000000, 0x0000000800000000)
  region size 2048K, 7 young (14336K), 7 survivors (14336K)
 Metaspace       used 385433K, committed 388288K, reserved 1376256K
  class space    used 64417K, committed 65664K, reserved 1048576K
}
Event: 908.186 GC heap before
{Heap before GC invocations=415 (full 0):
 garbage-first heap   total 4194304K, used 3532347K [0x0000000700000000, 0x0000000800000000)
  region size 2048K, 626 young (1282048K), 7 survivors (14336K)
 Metaspace       used 385800K, committed 388672K, reserved 1376256K
  class space    used 64477K, committed 65728K, reserved 1048576K
}
Event: 908.215 GC heap after
{Heap after GC invocations=416 (full 0):
 garbage-first heap   total 4194304K, used 2267690K [0x0000000700000000, 0x0000000800000000)
  region size 2048K, 7 young (14336K), 7 survivors (14336K)
 Metaspace       used 385800K, committed 388672K, reserved 1376256K
  class space    used 64477K, committed 65728K, reserved 1048576K
}
Event: 938.294 GC heap before
{Heap before GC invocations=416 (full 0):
 garbage-first heap   total 4194304K, used 3566122K [0x0000000700000000, 0x0000000800000000)
  region size 2048K, 642 young (1314816K), 7 survivors (14336K)
 Metaspace       used 386220K, committed 389120K, reserved 1376256K
  class space    used 64505K, committed 65792K, reserved 1048576K
}
Event: 938.717 GC heap after
{Heap after GC invocations=417 (full 0):
 garbage-first heap   total 4194304K, used 2268731K [0x0000000700000000, 0x0000000800000000)
  region size 2048K, 7 young (14336K), 7 survivors (14336K)
 Metaspace       used 386220K, committed 389120K, reserved 1376256K
  class space    used 64505K, committed 65792K, reserved 1048576K
}

Dll operation events (20 events):
Event: 20.709 Loaded shared library /Users/stefano.deblasi/Library/Application Support/ModrinthApp/meta/java_versions/zulu17.64.17-ca-jre17.0.18-macosx_aarch64/zulu-17.jre/Contents/Home/lib/libawt.dylib
Event: 20.729 Loaded shared library /Users/stefano.deblasi/Library/Application Support/ModrinthApp/meta/java_versions/zulu17.64.17-ca-jre17.0.18-macosx_aarch64/zulu-17.jre/Contents/Home/lib/libawt_lwawt.dylib
Event: 23.888 Loaded shared library /private/var/folders/pd/smzmx_zx7rdfpvpjh7md1gdc0000gp/T/native-10370549052107058072.dylib
Event: 24.073 Loaded shared library /private/var/folders/pd/smzmx_zx7rdfpvpjh7md1gdc0000gp/T/native-6870223459531458869.dylib
Event: 24.962 Loading shared library /Users/stefano.deblasi/Library/Application Support/ModrinthApp/meta/java_versions/zulu17.64.17-ca-jre17.0.18-macosx_aarch64/zulu-17.jre/Contents/Home/lib/libpowergridNative5.dylib failed, dlopen(/Users/stefano.deblasi/Library/Applic
Event: 24.962 Loading shared library /Users/stefano.deblasi/Library/Application Support/ModrinthApp/meta/java_versions/zulu17.64.17-ca-jre17.0.18-macosx_aarch64/zulu-17.jre/Contents/Home/lib/libpowergridNative5.jnilib failed, dlopen(/Users/stefano.deblasi/Library/Appli
Event: 24.962 Loading shared library /Users/stefano.deblasi/Library/Application Support/ModrinthApp/meta/natives/1.20.1-0.18.4/libpowergridNative5.dylib failed, dlopen(/Users/stefano.deblasi/Library/Application Support/ModrinthApp/meta/natives/1.20.1-0.18.4/libpowergri
Event: 24.962 Loading shared library /Users/stefano.deblasi/Library/Application Support/ModrinthApp/meta/natives/1.20.1-0.18.4/libpowergridNative5.jnilib failed, dlopen(/Users/stefano.deblasi/Library/Application Support/ModrinthApp/meta/natives/1.20.1-0.18.4/libpowergr
Event: 29.672 Loaded shared library /private/var/folders/pd/smzmx_zx7rdfpvpjh7md1gdc0000gp/T/libzstd-jni_dh-1.5.7-68869857353277569743.dylib
Event: 29.933 Loaded shared library /private/var/folders/pd/smzmx_zx7rdfpvpjh7md1gdc0000gp/T/sqlite-3.47.2.0-72c5654a-723b-42de-85c6-f24cd66d7a21-libsqlitejdbc.dylib
Event: 32.448 Loaded shared library /private/var/folders/pd/smzmx_zx7rdfpvpjh7md1gdc0000gp/T/libopus4j-1eb5d9e3e7c729c7d3e18224b0a53fb6/libopus4j.dylib
Event: 32.459 Loaded shared library /private/var/folders/pd/smzmx_zx7rdfpvpjh7md1gdc0000gp/T/librnnoise4j-dd0bc92191c29275673e4f820630aa49/librnnoise4j.dylib
Event: 32.476 Loaded shared library /private/var/folders/pd/smzmx_zx7rdfpvpjh7md1gdc0000gp/T/libspeex4j-f75720920af514f7fd1a458b9748f906/libspeex4j.dylib
Event: 32.488 Loaded shared library /private/var/folders/pd/smzmx_zx7rdfpvpjh7md1gdc0000gp/T/liblame4j-616f7ca627be4f4f2d2039debf359014/liblame4j.dylib
Event: 33.486 Loaded shared library /private/var/folders/pd/smzmx_zx7rdfpvpjh7md1gdc0000gp/T/libjcocoa4503980982696130585.dylib
Event: 35.735 Loaded shared library /Users/stefano.deblasi/Library/Application Support/ModrinthApp/meta/natives/1.20.1-0.18.4/liblwjgl_stb.dylib
Event: 38.963 Loaded shared library /Users/stefano.deblasi/Library/Application Support/ModrinthApp/profiles/GDCModpack 1.0.0/mods/mcef-libraries/macos_arm64/jcef_app.app/Contents/Java/libjcef.dylib
Event: 39.058 Loaded shared library /Users/stefano.deblasi/Library/Application Support/ModrinthApp/meta/java_versions/zulu17.64.17-ca-jre17.0.18-macosx_aarch64/zulu-17.jre/Contents/Home/lib/libfontmanager.dylib
Event: 646.538 Loaded shared library /Users/stefano.deblasi/Library/Application Support/ModrinthApp/meta/java_versions/zulu17.64.17-ca-jre17.0.18-macosx_aarch64/zulu-17.jre/Contents/Home/lib/libjsound.dylib
Event: 894.896 Loaded shared library /Users/stefano.deblasi/Library/Application Support/ModrinthApp/profiles/GDCModpack 1.0.0/iammusicplayer/lava-walkyst-fork-1.3.98.4/darwin/libconnector.dylib

Deoptimization events (20 events):
Event: 987.339 Thread 0x000000013300e400 Uncommon trap: trap_request=0xffffffde fr.pc=0x0000000149d39730 relative=0x0000000000000370
Event: 987.339 Thread 0x000000013300e400 Uncommon trap: reason=class_check action=maybe_recompile pc=0x0000000149d39730 method=java.util.zip.DeflaterOutputStream.deflate()V @ 32 c2
Event: 987.340 Thread 0x000000013300e400 DEOPT PACKING pc=0x0000000149d39730 sp=0x00000004446aa440
Event: 987.340 Thread 0x000000013300e400 DEOPT UNPACKING pc=0x000000014757b91c sp=0x00000004446aa3d0 mode 2
Event: 987.368 Thread 0x000000013100c600 Uncommon trap: trap_request=0xffffffde fr.pc=0x000000014aa60250 relative=0x0000000000000110
Event: 987.368 Thread 0x000000013100c600 Uncommon trap: reason=class_check action=maybe_recompile pc=0x000000014aa60250 method=org.lwjgl.system.Pointer$Default.wrap(Ljava/lang/Class;JI)Lorg/lwjgl/system/CustomBuffer; @ 7 c2
Event: 987.369 Thread 0x000000013100c600 DEOPT PACKING pc=0x000000014aa60250 sp=0x000000016af20c60
Event: 987.369 Thread 0x000000013100c600 DEOPT UNPACKING pc=0x000000014757b91c sp=0x000000016af20bd0 mode 2
Event: 987.436 Thread 0x000000013300e400 Uncommon trap: trap_request=0xffffffde fr.pc=0x0000000149d358f0 relative=0x0000000000000c30
Event: 987.436 Thread 0x000000013300e400 Uncommon trap: reason=class_check action=maybe_recompile pc=0x0000000149d358f0 method=java.util.zip.DeflaterOutputStream.deflate()V @ 32 c2
Event: 987.436 Thread 0x000000013300e400 DEOPT PACKING pc=0x0000000149d358f0 sp=0x00000004446aa4d0
Event: 987.436 Thread 0x000000013300e400 DEOPT UNPACKING pc=0x000000014757b91c sp=0x00000004446aa410 mode 2
Event: 987.456 Thread 0x000000013300e400 Uncommon trap: trap_request=0xffffffde fr.pc=0x0000000149d39730 relative=0x0000000000000370
Event: 987.456 Thread 0x000000013300e400 Uncommon trap: reason=class_check action=maybe_recompile pc=0x0000000149d39730 method=java.util.zip.DeflaterOutputStream.deflate()V @ 32 c2
Event: 987.456 Thread 0x000000013300e400 DEOPT PACKING pc=0x0000000149d39730 sp=0x00000004446aa460
Event: 987.457 Thread 0x000000013300e400 DEOPT UNPACKING pc=0x000000014757b91c sp=0x00000004446aa3f0 mode 2
Event: 987.486 Thread 0x00000003f72bb400 Uncommon trap: trap_request=0xffffffc6 fr.pc=0x000000014ba12b74 relative=0x0000000000000cb4
Event: 987.486 Thread 0x00000003f72bb400 Uncommon trap: reason=bimorphic_or_optimized_type_check action=maybe_recompile pc=0x000000014ba12b74 method=java.lang.Throwable.<init>(Ljava/lang/Throwable;)V @ 24 c2
Event: 987.486 Thread 0x00000003f72bb400 DEOPT PACKING pc=0x000000014ba12b74 sp=0x000000044ab56300
Event: 987.486 Thread 0x00000003f72bb400 DEOPT UNPACKING pc=0x000000014757b91c sp=0x000000044ab562b0 mode 2

Classes loaded (20 events):
Event: 900.676 Loading class java/awt/geom/Path2D$Float$CopyIterator
Event: 900.676 Loading class java/awt/geom/Path2D$Iterator
Event: 900.676 Loading class java/awt/geom/PathIterator
Event: 900.676 Loading class java/awt/geom/PathIterator done
Event: 900.676 Loading class java/awt/geom/Path2D$Iterator done
Event: 900.676 Loading class java/awt/geom/Path2D$Float$CopyIterator done
Event: 900.681 Loading class java/awt/image/DataBufferInt
Event: 900.681 Loading class java/awt/image/DataBufferInt done
Event: 900.681 Loading class sun/awt/image/IntegerInterleavedRaster
Event: 900.681 Loading class sun/awt/image/IntegerInterleavedRaster done
Event: 900.705 Loading class sun/java2d/loops/FontInfo
Event: 900.706 Loading class sun/java2d/loops/FontInfo done
Event: 902.272 Loading class java/util/stream/Stream$2
Event: 902.273 Loading class java/util/stream/Stream$2 done
Event: 982.978 Loading class sun/net/ConnectionResetException
Event: 982.998 Loading class java/nio/channels/AlreadyConnectedException
Event: 983.167 Loading class sun/net/ConnectionResetException done
Event: 983.168 Loading class java/nio/channels/AlreadyConnectedException done
Event: 983.271 Loading class java/net/BindException
Event: 983.281 Loading class java/net/BindException done

Classes unloaded (20 events):
Event: 42.185 Thread 0x0000000130e07720 Unloading class 0x0000007004039400 'java/lang/invoke/LambdaForm$DMH+0x0000007004039400'
Event: 42.185 Thread 0x0000000130e07720 Unloading class 0x0000007004038c00 'java/lang/invoke/LambdaForm$DMH+0x0000007004038c00'
Event: 42.185 Thread 0x0000000130e07720 Unloading class 0x0000007004038800 'java/lang/invoke/LambdaForm$DMH+0x0000007004038800'
Event: 351.923 Thread 0x0000000130e07720 Unloading class 0x0000007004e87400 'java/lang/invoke/LambdaForm$MH+0x0000007004e87400'
Event: 351.923 Thread 0x0000000130e07720 Unloading class 0x0000007004e87000 'java/lang/invoke/LambdaForm$MH+0x0000007004e87000'
Event: 351.923 Thread 0x0000000130e07720 Unloading class 0x0000007004e86c00 'java/lang/invoke/LambdaForm$BMH+0x0000007004e86c00'
Event: 351.923 Thread 0x0000000130e07720 Unloading class 0x0000007004e86400 'java/lang/invoke/LambdaForm$BMH+0x0000007004e86400'
Event: 351.923 Thread 0x0000000130e07720 Unloading class 0x0000007004e86000 'java/lang/invoke/LambdaForm$DMH+0x0000007004e86000'
Event: 351.923 Thread 0x0000000130e07720 Unloading class 0x0000007004e85c00 'java/lang/invoke/LambdaForm$DMH+0x0000007004e85c00'
Event: 351.923 Thread 0x0000000130e07720 Unloading class 0x0000007004e85000 'java/lang/invoke/LambdaForm$DMH+0x0000007004e85000'
Event: 351.923 Thread 0x0000000130e07720 Unloading class 0x0000007004e84c00 'java/lang/invoke/LambdaForm$DMH+0x0000007004e84c00'
Event: 351.923 Thread 0x0000000130e07720 Unloading class 0x0000007004e84800 'java/lang/invoke/LambdaForm$DMH+0x0000007004e84800'
Event: 351.923 Thread 0x0000000130e07720 Unloading class 0x0000007004e84400 'java/lang/invoke/LambdaForm$DMH+0x0000007004e84400'
Event: 351.923 Thread 0x0000000130e07720 Unloading class 0x0000007004a5c800 'java/lang/invoke/LambdaForm$DMH+0x0000007004a5c800'
Event: 351.923 Thread 0x0000000130e07720 Unloading class 0x0000007004a5c400 'java/lang/invoke/LambdaForm$DMH+0x0000007004a5c400'
Event: 351.923 Thread 0x0000000130e07720 Unloading class 0x0000007004a51c00 'java/lang/invoke/LambdaForm$DMH+0x0000007004a51c00'
Event: 351.923 Thread 0x0000000130e07720 Unloading class 0x0000007004a51800 'java/lang/invoke/LambdaForm$MH+0x0000007004a51800'
Event: 351.923 Thread 0x0000000130e07720 Unloading class 0x0000007004a51400 'java/lang/invoke/LambdaForm$MH+0x0000007004a51400'
Event: 351.923 Thread 0x0000000130e07720 Unloading class 0x0000007004a50c00 'java/lang/invoke/LambdaForm$DMH+0x0000007004a50c00'
Event: 351.923 Thread 0x0000000130e07720 Unloading class 0x0000007004a50400 'java/lang/invoke/LambdaForm$DMH+0x0000007004a50400'

Classes redefined (2 events):
Event: 2.825 Thread 0x0000000130e07720 redefined class name=net.fabricmc.loader.impl.launch.knot.KnotClassDelegate, count=1
Event: 2.863 Thread 0x0000000130e07720 redefined class name=net.fabricmc.loader.impl.FabricLoaderImpl, count=1

Internal exceptions (20 events):
Event: 908.587 Thread 0x0000000133669600 Exception <a 'sun/nio/fs/UnixException'{0x00000007ff6ace50}> (0x00000007ff6ace50) 
thrown [src/hotspot/share/prims/jni.cpp, line 516]
Event: 908.587 Thread 0x0000000133669600 Exception <a 'sun/nio/fs/UnixException'{0x00000007ff6acfb8}> (0x00000007ff6acfb8) 
thrown [src/hotspot/share/prims/jni.cpp, line 516]
Event: 908.588 Thread 0x0000000133669600 Exception <a 'sun/nio/fs/UnixException'{0x00000007ff6ad6b8}> (0x00000007ff6ad6b8) 
thrown [src/hotspot/share/prims/jni.cpp, line 516]
Event: 908.589 Thread 0x0000000133669600 Exception <a 'sun/nio/fs/UnixException'{0x00000007ff6adad0}> (0x00000007ff6adad0) 
thrown [src/hotspot/share/prims/jni.cpp, line 516]
Event: 908.589 Thread 0x0000000133669600 Exception <a 'sun/nio/fs/UnixException'{0x00000007ff6adc38}> (0x00000007ff6adc38) 
thrown [src/hotspot/share/prims/jni.cpp, line 516]
Event: 909.723 Thread 0x000000013100c600 Implicit null exception at 0x000000014b1901d0 to 0x000000014b19247c
Event: 909.786 Thread 0x000000013100c600 Implicit null exception at 0x000000014a3170c0 to 0x000000014a317480
Event: 913.101 Thread 0x0000000133669600 Exception <a 'sun/nio/fs/UnixException'{0x00000007ebb0fdc8}> (0x00000007ebb0fdc8) 
thrown [src/hotspot/share/prims/jni.cpp, line 516]
Event: 913.102 Thread 0x0000000133669600 Exception <a 'sun/nio/fs/UnixException'{0x00000007ebb101e0}> (0x00000007ebb101e0) 
thrown [src/hotspot/share/prims/jni.cpp, line 516]
Event: 913.102 Thread 0x0000000133669600 Exception <a 'sun/nio/fs/UnixException'{0x00000007ebb10348}> (0x00000007ebb10348) 
thrown [src/hotspot/share/prims/jni.cpp, line 516]
Event: 922.193 Thread 0x0000000353d0ee00 Exception <a 'java/lang/NoSuchMethodError'{0x00000007cfe52b98}: 'java.lang.Object java.lang.invoke.DirectMethodHandle$Holder.newInvokeSpecial(java.lang.Object, java.lang.Object, java.lang.Object, int, java.lang.Object, java.lang.Object)'> (0x00000007cfe52b98) 
thrown [src/hotspot/share/interpreter/linkResolver.cpp, line 759]
Event: 922.193 Thread 0x0000000353d0ee00 Exception <a 'java/lang/NoSuchMethodError'{0x00000007cfe56e30}: 'java.lang.Object java.lang.invoke.DirectMethodHandle$Holder.invokeSpecial(java.lang.Object, java.lang.Object, java.lang.Object, java.lang.Object, int, java.lang.Object, java.lang.Object)'> (0x00000007cfe56e30) 
thrown [src/hotspot/share/interpreter/linkResolver.cpp, line 759]
Event: 922.194 Thread 0x0000000353d0ee00 Exception <a 'java/lang/NoSuchMethodError'{0x00000007cfe5a9b8}: 'java.lang.Object java.lang.invoke.Invokers$Holder.linkToTargetMethod(java.lang.Object, java.lang.Object, int, java.lang.Object, java.lang.Object, java.lang.Object)'> (0x00000007cfe5a9b8) 
thrown [src/hotspot/share/interpreter/linkResolver.cpp, line 759]
Event: 951.223 Thread 0x000000048e93a200 Implicit null exception at 0x000000014b07ba18 to 0x000000014b07bad8
Event: 982.904 Thread 0x0000000132b4d400 Exception <a 'java/io/IOException'{0x00000007ddb0f5a0}> (0x00000007ddb0f5a0) 
thrown [src/hotspot/share/prims/jni.cpp, line 516]
Event: 982.979 Thread 0x00000003daad4400 Exception <a 'java/net/SocketException'{0x00000007f7a00108}> (0x00000007f7a00108) 
thrown [src/hotspot/share/prims/jni.cpp, line 516]
Event: 983.009 Thread 0x0000000353d0ee00 Exception <a 'java/io/IOException'{0x00000007da4caf98}> (0x00000007da4caf98) 
thrown [src/hotspot/share/prims/jni.cpp, line 516]
Event: 986.999 Thread 0x00000003f72bb400 Exception <a 'java/net/BindException'{0x00000007da4f6940}> (0x00000007da4f6940) 
thrown [src/hotspot/share/prims/jni.cpp, line 516]
Event: 987.113 Thread 0x00000003f4e31800 Exception <a 'sun/nio/fs/UnixException'{0x00000007d8d409e0}> (0x00000007d8d409e0) 
thrown [src/hotspot/share/prims/jni.cpp, line 516]
Event: 987.480 Thread 0x00000003f72bb400 Exception <a 'java/net/UnknownHostException'{0x00000007da4ff3e0}> (0x00000007da4ff3e0) 
thrown [src/hotspot/share/prims/jni.cpp, line 516]

VM Operations (20 events):
Event: 949.943 Executing VM operation: Cleanup
Event: 949.989 Executing VM operation: Cleanup done
Event: 951.172 Executing VM operation: Cleanup
Event: 951.243 Executing VM operation: Cleanup done
Event: 952.250 Executing VM operation: Cleanup
Event: 952.250 Executing VM operation: Cleanup done
Event: 952.488 Executing VM operation: G1PauseRemark
Event: 952.558 Executing VM operation: G1PauseRemark done
Event: 953.572 Executing VM operation: Cleanup
Event: 953.612 Executing VM operation: Cleanup done
Event: 955.641 Executing VM operation: Cleanup
Event: 955.641 Executing VM operation: Cleanup done
Event: 956.036 Executing VM operation: G1PauseCleanup
Event: 956.037 Executing VM operation: G1PauseCleanup done
Event: 982.817 Executing VM operation: HandshakeAllThreads
Event: 983.019 Executing VM operation: HandshakeAllThreads done
Event: 983.019 Executing VM operation: Cleanup
Event: 983.089 Executing VM operation: Cleanup done
Event: 984.324 Executing VM operation: Cleanup
Event: 986.715 Executing VM operation: Cleanup done

Memory protections (20 events):
Event: 893.007 Protecting memory [0x0000000456590000,0x000000045659c000] with protection modes 0
Event: 895.099 Protecting memory [0x000000044a954000,0x000000044a960000] with protection modes 0
Event: 903.608 Protecting memory [0x0000000457d0c000,0x0000000457d18000] with protection modes 0
Event: 903.745 Protecting memory [0x000000045b674000,0x000000045b680000] with protection modes 0
Event: 903.745 Protecting memory [0x000000045b674000,0x000000045b680000] with protection modes 3
Event: 903.891 Protecting memory [0x00000004611e4000,0x00000004611f0000] with protection modes 0
Event: 908.898 Protecting memory [0x00000004611e4000,0x00000004611f0000] with protection modes 3
Event: 922.309 Protecting memory [0x00000004351bc000,0x00000004351c8000] with protection modes 0
Event: 934.828 Protecting memory [0x0000000360068000,0x0000000360074000] with protection modes 0
Event: 934.829 Protecting memory [0x0000000360068000,0x0000000360074000] with protection modes 3
Event: 946.674 Protecting memory [0x0000000360068000,0x0000000360074000] with protection modes 0
Event: 946.674 Protecting memory [0x0000000360068000,0x0000000360074000] with protection modes 3
Event: 955.552 Protecting memory [0x000000035f058000,0x000000035f064000] with protection modes 0
Event: 955.555 Protecting memory [0x000000035f058000,0x000000035f064000] with protection modes 3
Event: 982.870 Protecting memory [0x0000000444534000,0x0000000444540000] with protection modes 3
Event: 982.928 Protecting memory [0x00000004351bc000,0x00000004351c8000] with protection modes 3
Event: 982.967 Protecting memory [0x0000000361078000,0x0000000361084000] with protection modes 0
Event: 983.105 Protecting memory [0x0000000361078000,0x0000000361084000] with protection modes 3
Event: 983.139 Protecting memory [0x00000004351bc000,0x00000004351c8000] with protection modes 0
Event: 987.066 Protecting memory [0x00000004444a8000,0x00000004444b4000] with protection modes 0

Nmethod flushes (20 events):
Event: 945.537 Thread 0x0000000132011a00 flushing  nmethod 0x0000000142c0cc90
Event: 945.557 Thread 0x0000000132011a00 flushing  nmethod 0x00000001430c9d90
Event: 945.573 Thread 0x0000000132011a00 flushing  nmethod 0x00000001434bbd10
Event: 945.579 Thread 0x0000000132011a00 flushing  nmethod 0x000000014370da90
Event: 945.585 Thread 0x0000000132011a00 flushing  nmethod 0x000000014387e610
Event: 945.590 Thread 0x0000000132011a00 flushing  nmethod 0x0000000143a56b10
Event: 945.625 Thread 0x0000000132011a00 flushing  nmethod 0x0000000143bc3490
Event: 945.625 Thread 0x0000000132011a00 flushing  nmethod 0x0000000143bd2710
Event: 945.625 Thread 0x0000000132011a00 flushing  nmethod 0x0000000143bf6f90
Event: 945.625 Thread 0x0000000132011a00 flushing  nmethod 0x0000000143bfed10
Event: 945.655 Thread 0x0000000132011a00 flushing  nmethod 0x0000000144168e10
Event: 945.687 Thread 0x0000000132011a00 flushing  nmethod 0x0000000144280290
Event: 945.703 Thread 0x0000000132011a00 flushing  nmethod 0x000000014435d210
Event: 945.709 Thread 0x0000000132011a00 flushing  nmethod 0x000000014450be90
Event: 945.712 Thread 0x0000000132011a00 flushing  nmethod 0x0000000144561990
Event: 945.712 Thread 0x0000000132011a00 flushing  nmethod 0x0000000144565910
Event: 945.727 Thread 0x0000000132011a00 flushing  nmethod 0x00000001446a8f10
Event: 945.727 Thread 0x0000000132011a00 flushing  nmethod 0x00000001446aab10
Event: 945.750 Thread 0x0000000132011a00 flushing  nmethod 0x0000000144d02f90
Event: 945.765 Thread 0x0000000132011a00 flushing  nmethod 0x0000000144f9bb10

Events (20 events):
Event: 893.007 Thread 0x00000003f4378600 Thread added: 0x00000003da4efc00
Event: 895.098 Thread 0x00000003f4378600 Thread added: 0x00000003f72bb400
Event: 903.607 Thread 0x000000013100c600 Thread added: 0x000000049e3b2000
Event: 903.745 Thread 0x000000049e3b2000 Thread added: 0x00000003d6706e00
Event: 903.745 Thread 0x00000003d6706e00 Thread exited: 0x00000003d6706e00
Event: 903.884 Thread 0x000000049e3b2000 Thread added: 0x00000003f4416800
Event: 908.898 Thread 0x00000003f4416800 Thread exited: 0x00000003f4416800
Event: 922.309 Thread 0x000000013100c600 Thread added: 0x00000003e34bfe00
Event: 934.828 Thread 0x00000003f5216e00 Thread added: 0x00000003f5216e00
Event: 934.829 Thread 0x00000003f5216e00 Thread exited: 0x00000003f5216e00
Event: 946.674 Thread 0x00000003da13e400 Thread added: 0x00000003da13e400
Event: 946.674 Thread 0x00000003da13e400 Thread exited: 0x00000003da13e400
Event: 955.552 Thread 0x00000003da5b6a00 Thread added: 0x00000003da5b6a00
Event: 955.555 Thread 0x00000003da5b6a00 Thread exited: 0x00000003da5b6a00
Event: 982.887 Thread 0x00000003d8501000 Thread exited: 0x00000003d8501000
Event: 982.928 Thread 0x00000003e34bfe00 Thread exited: 0x00000003e34bfe00
Event: 982.977 Thread 0x00000003d6fffa00 Thread added: 0x00000003d6fffa00
Event: 983.105 Thread 0x00000003d6fffa00 Thread exited: 0x00000003d6fffa00
Event: 983.137 Thread 0x0000000132821a00 Thread added: 0x00000003da2b6800
Event: 987.066 Thread 0x00000003f4e31800 Thread added: 0x000000013300e400


Dynamic libraries:
0x0000000104f14000 	/Users/stefano.deblasi/Library/Application Support/ModrinthApp/meta/java_versions/zulu17.64.17-ca-jre17.0.18-macosx_aarch64/zulu-17.jre/Contents/Home/lib/libjli.dylib
0x00000001b54c6000 	/System/Library/Frameworks/Cocoa.framework/Versions/A/Cocoa
0x000000019aa0f000 	/System/Library/Frameworks/AppKit.framework/Versions/C/AppKit
0x000000019e058000 	/System/Library/Frameworks/CoreData.framework/Versions/A/CoreData
0x0000000197e0f000 	/System/Library/Frameworks/Foundation.framework/Versions/C/Foundation
0x00000001a5f97000 	/usr/lib/libSystem.B.dylib
0x000000019c13f000 	/System/Library/PrivateFrameworks/UIFoundation.framework/Versions/A/UIFoundation
0x000000024ca23000 	/System/Library/PrivateFrameworks/CollectionViewCore.framework/Versions/A/CollectionViewCore
0x00000001a3363000 	/System/Library/PrivateFrameworks/XCTTargetBootstrap.framework/Versions/A/XCTTargetBootstrap
0x00000001a8914000 	/System/Library/PrivateFrameworks/InternationalSupport.framework/Versions/A/InternationalSupport
0x00000001a8c6e000 	/System/Library/PrivateFrameworks/UserActivity.framework/Versions/A/UserActivity
0x000000019e6e8000 	/System/Library/PrivateFrameworks/BaseBoard.framework/Versions/A/BaseBoard
0x00000002551c7000 	/System/Library/PrivateFrameworks/FrontBoard.framework/Versions/A/FrontBoard
0x00000001b031a000 	/System/Library/PrivateFrameworks/FrontBoardServices.framework/Versions/A/FrontBoardServices
0x0000000290a44000 	/usr/lib/libRosetta.dylib
0x0000000284349000 	/System/Library/PrivateFrameworks/UIIntelligenceSupport.framework/Versions/A/UIIntelligenceSupport
0x00000002419c6000 	/System/Library/Frameworks/SwiftUICore.framework/Versions/A/SwiftUICore
0x000000028a8c3000 	/System/Library/PrivateFrameworks/WritingTools.framework/Versions/A/WritingTools
0x0000000289719000 	/System/Library/PrivateFrameworks/WindowManagement.framework/Versions/A/WindowManagement
0x0000000197a6e000 	/System/Library/Frameworks/SystemConfiguration.framework/Versions/A/SystemConfiguration
0x00000001a7c31000 	/usr/lib/libspindump.dylib
0x000000019c2fa000 	/System/Library/Frameworks/UniformTypeIdentifiers.framework/Versions/A/UniformTypeIdentifiers
0x00000001a5242000 	/usr/lib/libbsm.0.dylib
0x00000001a0a70000 	/usr/lib/libapp_launch_measurement.dylib
0x000000019fd76000 	/System/Library/PrivateFrameworks/CoreAnalytics.framework/Versions/A/CoreAnalytics
0x00000001a0a74000 	/System/Library/PrivateFrameworks/CoreAutoLayout.framework/Versions/A/CoreAutoLayout
0x00000001a28ae000 	/System/Library/Frameworks/Metal.framework/Versions/A/Metal
0x00000001a3cae000 	/usr/lib/liblangid.dylib
0x00000001a3369000 	/System/Library/PrivateFrameworks/CoreSVG.framework/Versions/A/CoreSVG
0x000000019cd5b000 	/System/Library/PrivateFrameworks/SkyLight.framework/Versions/A/SkyLight
0x0000000254f00000 	/System/Library/PrivateFrameworks/FocusEngine.framework/Versions/A/FocusEngine
0x000000019d2f4000 	/System/Library/Frameworks/CoreGraphics.framework/Versions/A/CoreGraphics
0x0000000252b0f000 	/System/Library/PrivateFrameworks/DesignLibrary.framework/Versions/A/DesignLibrary
0x00000001ae5e0000 	/System/Library/Frameworks/Accelerate.framework/Versions/A/Accelerate
0x00000001a7a27000 	/System/Library/PrivateFrameworks/IconServices.framework/Versions/A/IconServices
0x00000001a2886000 	/System/Library/Frameworks/IOSurface.framework/Versions/A/IOSurface
0x000000019fda6000 	/usr/lib/libDiagnosticMessagesClient.dylib
0x00000001a5ee0000 	/usr/lib/libz.1.dylib
0x00000001b2903000 	/System/Library/Frameworks/ApplicationServices.framework/Versions/A/ApplicationServices
0x00000001a334e000 	/System/Library/PrivateFrameworks/DFRFoundation.framework/Versions/A/DFRFoundation
0x000000019a25e000 	/usr/lib/libicucore.A.dylib
0x00000001a9eaa000 	/System/Library/Frameworks/AudioToolbox.framework/Versions/A/AudioToolbox
0x00000001a8c1c000 	/System/Library/PrivateFrameworks/DataDetectorsCore.framework/Versions/A/DataDetectorsCore
0x0000000284f2f000 	/System/Library/PrivateFrameworks/UpdateCycle.framework/Versions/A/UpdateCycle
0x00000001c6ad4000 	/System/Library/PrivateFrameworks/TextInput.framework/Versions/A/TextInput
0x000000019cc9d000 	/usr/lib/libMobileGestalt.dylib
0x00000001a304a000 	/System/Library/Frameworks/Carbon.framework/Versions/A/Frameworks/HIToolbox.framework/Versions/A/HIToolbox
0x00000001a02db000 	/System/Library/Frameworks/QuartzCore.framework/Versions/A/QuartzCore
0x0000000199e39000 	/System/Library/Frameworks/Security.framework/Versions/A/Security
0x00000001adf5f000 	/System/Library/Frameworks/Carbon.framework/Versions/A/Frameworks/SpeechRecognition.framework/Versions/A/SpeechRecognition
0x00000001a073f000 	/System/Library/PrivateFrameworks/CoreUI.framework/Versions/A/CoreUI
0x000000019968d000 	/System/Library/Frameworks/CoreAudio.framework/Versions/A/CoreAudio
0x000000019fe9a000 	/System/Library/Frameworks/DiskArbitration.framework/Versions/A/DiskArbitration
0x00000001a80ee000 	/System/Library/PrivateFrameworks/MultitouchSupport.framework/Versions/A/MultitouchSupport
0x000000019cc9b000 	/usr/lib/libenergytrace.dylib
0x00000001ba001000 	/System/Library/PrivateFrameworks/RenderBox.framework/Versions/A/RenderBox
0x000000019a8b6000 	/System/Library/Frameworks/IOKit.framework/Versions/A/IOKit
0x00000001ae369000 	/System/Library/Frameworks/CoreServices.framework/Versions/A/CoreServices
0x00000001a0a01000 	/System/Library/PrivateFrameworks/PerformanceAnalysis.framework/Versions/A/PerformanceAnalysis
0x00000001fc75c000 	/System/Library/Frameworks/OpenGL.framework/Versions/A/OpenGL
0x00000001a0abe000 	/usr/lib/libxml2.2.dylib
0x00000001a5123000 	/System/Library/PrivateFrameworks/MobileKeyBag.framework/Versions/A/MobileKeyBag
0x0000000196128000 	/usr/lib/libobjc.A.dylib
0x000000019648c000 	/usr/lib/libc++.1.dylib
0x00000001ae2e6000 	/System/Library/Frameworks/Accessibility.framework/Versions/A/Accessibility
0x000000019da4e000 	/System/Library/Frameworks/ColorSync.framework/Versions/A/ColorSync
0x00000001965bd000 	/System/Library/Frameworks/CoreFoundation.framework/Versions/A/CoreFoundation
0x00000001a36f0000 	/System/Library/Frameworks/CoreImage.framework/Versions/A/CoreImage
0x0000000199460000 	/System/Library/Frameworks/CoreText.framework/Versions/A/CoreText
0x000000023bfad000 	/System/Library/Frameworks/CoreTransferable.framework/Versions/A/CoreTransferable
0x000000023c4e9000 	/System/Library/Frameworks/DataDetection.framework/Versions/A/DataDetection
0x000000023c4fe000 	/System/Library/Frameworks/DeveloperToolsSupport.framework/Versions/A/DeveloperToolsSupport
0x00000001a33a7000 	/System/Library/Frameworks/ImageIO.framework/Versions/A/ImageIO
0x000000024293b000 	/System/Library/Frameworks/Symbols.framework/Versions/A/Symbols
0x00000001cbca8000 	/System/Library/PrivateFrameworks/AttributeGraph.framework/Versions/A/AttributeGraph
0x00000001b03f9000 	/System/Library/PrivateFrameworks/BoardServices.framework/Versions/A/BoardServices
0x00000001f033d000 	/System/Library/PrivateFrameworks/FeatureFlags.framework/Versions/A/FeatureFlags
0x000000025e0e7000 	/System/Library/PrivateFrameworks/Gestures.framework/Versions/A/Gestures
0x00000001a5f9c000 	/System/Library/PrivateFrameworks/SoftLinking.framework/Versions/A/SoftLinking
0x00000001da4a9000 	/usr/lib/swift/libswiftAccelerate.dylib
0x00000001d098b000 	/usr/lib/swift/libswiftCompression.dylib
0x00000001a9812000 	/usr/lib/swift/libswiftCore.dylib
0x00000001c2db8000 	/usr/lib/swift/libswiftCoreFoundation.dylib
0x00000001c2e11000 	/usr/lib/swift/libswiftCoreImage.dylib
0x00000001b0095000 	/usr/lib/swift/libswiftDispatch.dylib
0x00000001c2e12000 	/usr/lib/swift/libswiftIOKit.dylib
0x00000001d097e000 	/usr/lib/swift/libswiftMetal.dylib
0x00000001dfc8c000 	/usr/lib/swift/libswiftOSLog.dylib
0x00000001b2f53000 	/usr/lib/swift/libswiftObjectiveC.dylib
0x0000000291c82000 	/usr/lib/swift/libswiftObservation.dylib
0x00000001d5c41000 	/usr/lib/swift/libswiftQuartzCore.dylib
0x0000000291dc1000 	/usr/lib/swift/libswiftSynchronization.dylib
0x00000001da49a000 	/usr/lib/swift/libswiftUniformTypeIdentifiers.dylib
0x00000001c2dca000 	/usr/lib/swift/libswiftXPC.dylib
0x0000000291dfb000 	/usr/lib/swift/libswift_Builtin_float.dylib
0x0000000291dfe000 	/usr/lib/swift/libswift_Concurrency.dylib
0x00000001b2f57000 	/usr/lib/swift/libswiftos.dylib
0x00000001c6869000 	/usr/lib/swift/libswiftsimd.dylib
0x00000001a61c3000 	/usr/lib/libcompression.dylib
0x00000001a8874000 	/System/Library/PrivateFrameworks/TextureIO.framework/Versions/A/TextureIO
0x000000019dbfa000 	/System/Library/Frameworks/ApplicationServices.framework/Versions/A/Frameworks/HIServices.framework/Versions/A/HIServices
0x00000001a76b0000 	/usr/lib/libate.dylib
0x00000001a5f91000 	/usr/lib/system/libcache.dylib
0x00000001a5f4c000 	/usr/lib/system/libcommonCrypto.dylib
0x00000001a5f77000 	/usr/lib/system/libcompiler_rt.dylib
0x00000001a5f6c000 	/usr/lib/system/libcopyfile.dylib
0x00000001962c6000 	/usr/lib/system/libcorecrypto.dylib
0x00000001963bf000 	/usr/lib/system/libdispatch.dylib
0x000000019617c000 	/usr/lib/system/libdyld.dylib
0x00000001a5f87000 	/usr/lib/system/libkeymgr.dylib
0x00000001a5f2f000 	/usr/lib/system/libmacho.dylib
0x00000001a521a000 	/usr/lib/system/libquarantine.dylib
0x00000001a5f84000 	/usr/lib/system/libremovefile.dylib
0x000000019cd1e000 	/usr/lib/system/libsystem_asl.dylib
0x000000019624c000 	/usr/lib/system/libsystem_blocks.dylib
0x0000000196409000 	/usr/lib/system/libsystem_c.dylib
0x00000001a5f7b000 	/usr/lib/system/libsystem_collections.dylib
0x00000001a3c9b000 	/usr/lib/system/libsystem_configuration.dylib
0x00000001a284d000 	/usr/lib/system/libsystem_containermanager.dylib
0x00000001a599d000 	/usr/lib/system/libsystem_coreservices.dylib
0x000000019a530000 	/usr/lib/system/libsystem_darwin.dylib
0x0000000292151000 	/usr/lib/system/libsystem_darwindirectory.dylib
0x00000001a5f88000 	/usr/lib/system/libsystem_dnssd.dylib
0x0000000292155000 	/usr/lib/system/libsystem_eligibility.dylib
0x0000000196406000 	/usr/lib/system/libsystem_featureflags.dylib
0x000000019658d000 	/usr/lib/system/libsystem_info.dylib
0x00000001a5ef0000 	/usr/lib/system/libsystem_m.dylib
0x0000000196373000 	/usr/lib/system/libsystem_malloc.dylib
0x000000019cc80000 	/usr/lib/system/libsystem_networkextension.dylib
0x000000019a9a1000 	/usr/lib/system/libsystem_notify.dylib
0x00000001a3ca0000 	/usr/lib/system/libsystem_sandbox.dylib
0x000000029215f000 	/usr/lib/system/libsystem_sanitizers.dylib
0x00000001a5f80000 	/usr/lib/system/libsystem_secinit.dylib
0x000000019653a000 	/usr/lib/system/libsystem_kernel.dylib
0x0000000196584000 	/usr/lib/system/libsystem_platform.dylib
0x0000000196577000 	/usr/lib/system/libsystem_pthread.dylib
0x000000019e8cb000 	/usr/lib/system/libsystem_symptoms.dylib
0x00000001962a5000 	/usr/lib/system/libsystem_trace.dylib
0x0000000292167000 	/usr/lib/system/libsystem_trial.dylib
0x00000001a5f5a000 	/usr/lib/system/libunwind.dylib
0x0000000196250000 	/usr/lib/system/libxpc.dylib
0x000000019651f000 	/usr/lib/libc++abi.dylib
0x0000000291992000 	/usr/lib/libswiftPrespecialized.dylib
0x00000001a5f99000 	/usr/lib/libfakelink.dylib
0x000000019c8c4000 	/System/Library/Frameworks/CFNetwork.framework/Versions/A/CFNetwork
0x00000001a5fed000 	/usr/lib/libarchive.2.dylib
0x00000001ac074000 	/System/Library/Frameworks/Combine.framework/Versions/A/Combine
0x000000024ca48000 	/System/Library/PrivateFrameworks/CollectionsInternal.framework/Versions/A/CollectionsInternal
0x0000000273583000 	/System/Library/PrivateFrameworks/ReflectionInternal.framework/Versions/A/ReflectionInternal
0x000000027440f000 	/System/Library/PrivateFrameworks/RuntimeInternal.framework/Versions/A/RuntimeInternal
0x00000001bfc72000 	/usr/lib/swift/libswiftDarwin.dylib
0x0000000291dc9000 	/usr/lib/swift/libswiftSystem.dylib
0x0000000291e88000 	/usr/lib/swift/libswift_DarwinFoundation1.dylib
0x0000000291f69000 	/usr/lib/swift/libswift_StringProcessing.dylib
0x000000019a835000 	/System/Library/PrivateFrameworks/CoreServicesInternal.framework/Versions/A/CoreServicesInternal
0x00000001a5f64000 	/usr/lib/liboah.dylib
0x00000001b23a1000 	/System/Library/PrivateFrameworks/DiskImages.framework/Versions/A/DiskImages
0x00000001bf735000 	/System/Library/Frameworks/NetFS.framework/Versions/A/NetFS
0x00000001a0a38000 	/System/Library/Frameworks/CoreServices.framework/Versions/A/Frameworks/FSEvents.framework/Versions/A/FSEvents
0x000000019a53b000 	/System/Library/Frameworks/CoreServices.framework/Versions/A/Frameworks/CarbonCore.framework/Versions/A/CarbonCore
0x000000019fe0e000 	/System/Library/Frameworks/CoreServices.framework/Versions/A/Frameworks/Metadata.framework/Versions/A/Metadata
0x00000001a59a4000 	/System/Library/Frameworks/CoreServices.framework/Versions/A/Frameworks/OSServices.framework/Versions/A/OSServices
0x00000001a60e5000 	/System/Library/Frameworks/CoreServices.framework/Versions/A/Frameworks/SearchKit.framework/Versions/A/SearchKit
0x000000019e845000 	/System/Library/Frameworks/CoreServices.framework/Versions/A/Frameworks/AE.framework/Versions/A/AE
0x0000000196b06000 	/System/Library/Frameworks/CoreServices.framework/Versions/A/Frameworks/LaunchServices.framework/Versions/A/LaunchServices
0x00000001a7506000 	/System/Library/Frameworks/CoreServices.framework/Versions/A/Frameworks/DictionaryServices.framework/Versions/A/DictionaryServices
0x00000001a0a46000 	/System/Library/Frameworks/CoreServices.framework/Versions/A/Frameworks/SharedFileList.framework/Versions/A/SharedFileList
0x00000001a617a000 	/usr/lib/libapple_nghttp2.dylib
0x000000019e45f000 	/usr/lib/libsqlite3.dylib
0x00000001b25e9000 	/System/Library/PrivateFrameworks/AppSupport.framework/Versions/A/AppSupport
0x00000001aa543000 	/System/Library/Frameworks/GSS.framework/Versions/A/GSS
0x000000019e7d9000 	/System/Library/PrivateFrameworks/RunningBoardServices.framework/Versions/A/RunningBoardServices
0x00000001b2ee1000 	/System/Library/PrivateFrameworks/StreamingZip.framework/Versions/A/StreamingZip
0x000000019e8d4000 	/System/Library/Frameworks/Network.framework/Versions/A/Network
0x00000001a5f33000 	/usr/lib/system/libkxld.dylib
0x00000002482f2000 	/System/Library/PrivateFrameworks/AppleKeyStore.framework/Versions/A/AppleKeyStore
0x0000000290728000 	/usr/lib/libCoreEntitlements.dylib
0x00000002694de000 	/System/Library/PrivateFrameworks/MessageSecurity.framework/Versions/A/MessageSecurity
0x000000019e443000 	/System/Library/PrivateFrameworks/ProtocolBuffer.framework/Versions/A/ProtocolBuffer
0x00000001af49b000 	/System/Library/PrivateFrameworks/SymptomDiagnosticReporter.framework/Versions/A/SymptomDiagnosticReporter
0x00000001a774a000 	/System/Library/PrivateFrameworks/CrashReporterSupport.framework/Versions/A/CrashReporterSupport
0x00000001a5984000 	/System/Library/PrivateFrameworks/AppleFSCompression.framework/Versions/A/AppleFSCompression
0x00000001a522a000 	/usr/lib/libcoretls.dylib
0x00000001a757d000 	/usr/lib/libcoretls_cfhelpers.dylib
0x00000001a61bc000 	/usr/lib/libpam.2.dylib
0x00000001a75ef000 	/usr/lib/libxar.1.dylib
0x00000001a757f000 	/System/Library/PrivateFrameworks/APFS.framework/Versions/A/APFS
0x000000027ee3b000 	/System/Library/PrivateFrameworks/SwiftASN1Internal.framework/Versions/A/SwiftASN1Internal
0x00000001a75fe000 	/usr/lib/libutil.dylib
0x00000001a3ca9000 	/System/Library/PrivateFrameworks/AppleSystemInfo.framework/Versions/A/AppleSystemInfo
0x00000001a4f12000 	/System/Library/PrivateFrameworks/IOMobileFramebuffer.framework/Versions/A/IOMobileFramebuffer
0x00000001c2c7e000 	/System/Library/PrivateFrameworks/LoggingSupport.framework/Versions/A/LoggingSupport
0x00000001aa5a6000 	/System/Library/PrivateFrameworks/MobileAsset.framework/Versions/A/MobileAsset
0x00000001af4ab000 	/System/Library/PrivateFrameworks/PowerLog.framework/Versions/A/PowerLog
0x0000000241864000 	/System/Library/Frameworks/SwiftData.framework/Versions/A/SwiftData
0x00000001a0c6a000 	/System/Library/PrivateFrameworks/UserManagement.framework/Versions/A/UserManagement
0x000000019c7ef000 	/usr/lib/libboringssl.dylib
0x000000019e8b9000 	/usr/lib/libdns_services.dylib
0x00000001c1cb7000 	/usr/lib/libquic.dylib
0x00000001a97a2000 	/usr/lib/libusrtcp.dylib
0x00000002490e5000 	/System/Library/PrivateFrameworks/AtomicsInternal.framework/Versions/A/AtomicsInternal
0x00000001e84c4000 	/System/Library/PrivateFrameworks/InternalSwiftProtobuf.framework/Versions/A/InternalSwiftProtobuf
0x0000000291c59000 	/usr/lib/swift/libswiftDistributed.dylib
0x00000001a3ca7000 	/System/Library/PrivateFrameworks/AggregateDictionary.framework/Versions/A/AggregateDictionary
0x0000000249875000 	/System/Library/PrivateFrameworks/BiomeLibrary.framework/Versions/A/BiomeLibrary
0x00000001d1952000 	/System/Library/PrivateFrameworks/BiomeStreams.framework/Versions/A/BiomeStreams
0x00000001cdb89000 	/System/Library/PrivateFrameworks/BiomeFoundation.framework/Versions/A/BiomeFoundation
0x00000001d7a06000 	/System/Library/PrivateFrameworks/BiomePubSub.framework/Versions/A/BiomePubSub
0x00000001b3f05000 	/System/Library/PrivateFrameworks/ProactiveSupport.framework/Versions/A/ProactiveSupport
0x00000001a755e000 	/usr/lib/liblzma.5.dylib
0x00000001b2904000 	/System/Library/PrivateFrameworks/InternationalTextSearch.framework/Versions/A/InternationalTextSearch
0x00000001ca0a6000 	/System/Library/PrivateFrameworks/SoftwareUpdateCoreSupport.framework/Versions/A/SoftwareUpdateCoreSupport
0x00000001d23d4000 	/System/Library/PrivateFrameworks/SoftwareUpdateCoreConnect.framework/Versions/A/SoftwareUpdateCoreConnect
0x00000001b249f000 	/System/Library/PrivateFrameworks/RemoteServiceDiscovery.framework/Versions/A/RemoteServiceDiscovery
0x00000001c9c9d000 	/System/Library/PrivateFrameworks/MSUDataAccessor.framework/Versions/A/MSUDataAccessor
0x00000001c4dd6000 	/usr/lib/libbootpolicy.dylib
0x00000001b24b6000 	/System/Library/PrivateFrameworks/RemoteXPC.framework/Versions/A/RemoteXPC
0x00000001d181e000 	/usr/lib/libFDR.dylib
0x00000001d7627000 	/usr/lib/libamsupport.dylib
0x0000000290a3c000 	/usr/lib/libReverseProxyDevice.dylib
0x0000000247c4c000 	/System/Library/PrivateFrameworks/AppleDeviceQuerySupport.framework/Versions/A/AppleDeviceQuerySupport
0x00000001da6a9000 	/usr/lib/libpartition2_dynamic.dylib
0x00000001a6156000 	/System/Library/PrivateFrameworks/AppleSauce.framework/Versions/A/AppleSauce
0x00000002905c9000 	/usr/lib/libAppleArchive.dylib
0x00000001a5990000 	/usr/lib/libbz2.1.0.dylib
0x000000019fea4000 	/System/Library/Frameworks/Accelerate.framework/Versions/A/Frameworks/vImage.framework/Versions/A/vImage
0x00000001ae343000 	/System/Library/Frameworks/Accelerate.framework/Versions/A/Frameworks/vecLib.framework/Versions/A/vecLib
0x00000001a7635000 	/System/Library/Frameworks/Accelerate.framework/Versions/A/Frameworks/vecLib.framework/Versions/A/libvMisc.dylib
0x0000000197006000 	/System/Library/Frameworks/Accelerate.framework/Versions/A/Frameworks/vecLib.framework/Versions/A/libBLAS.dylib
0x00000001a0ba5000 	/System/Library/Frameworks/CoreVideo.framework/Versions/A/CoreVideo
0x00000001aa14b000 	/System/Library/Frameworks/ApplicationServices.framework/Versions/A/Frameworks/ATS.framework/Versions/A/ATS
0x00000001a87fd000 	/System/Library/Frameworks/ApplicationServices.framework/Versions/A/Frameworks/PrintCore.framework/Versions/A/PrintCore
0x00000001aa50c000 	/System/Library/Frameworks/ApplicationServices.framework/Versions/A/Frameworks/QD.framework/Versions/A/QD
0x00000001aa507000 	/System/Library/Frameworks/ApplicationServices.framework/Versions/A/Frameworks/ColorSyncLegacy.framework/Versions/A/ColorSyncLegacy
0x00000001aa11d000 	/System/Library/Frameworks/ApplicationServices.framework/Versions/A/Frameworks/SpeechSynthesis.framework/Versions/A/SpeechSynthesis
0x00000001a2d78000 	/System/Library/PrivateFrameworks/FontServices.framework/libFontParser.dylib
0x00000001b21c5000 	/System/Library/PrivateFrameworks/BackBoardServices.framework/Versions/A/BackBoardServices
0x0000000249791000 	/System/Library/PrivateFrameworks/BackBoardHIDEventFoundation.framework/Versions/A/BackBoardHIDEventFoundation
0x0000000198f71000 	/System/Library/Frameworks/CoreDisplay.framework/Versions/A/CoreDisplay
0x00000001a8134000 	/System/Library/Frameworks/VideoToolbox.framework/Versions/A/VideoToolbox
0x00000001a61ba000 	/System/Library/Frameworks/MetalPerformanceShaders.framework/Versions/A/MetalPerformanceShaders
0x0000000272660000 	/System/Library/PrivateFrameworks/ProDisplayLibrary.framework/Versions/A/ProDisplayLibrary
0x00000001b5f8f000 	/System/Library/PrivateFrameworks/IOSurfaceAccelerator.framework/Versions/A/IOSurfaceAccelerator
0x00000001a28a3000 	/System/Library/PrivateFrameworks/IOAccelerator.framework/Versions/A/IOAccelerator
0x00000001a2bbb000 	/System/Library/Frameworks/CoreMedia.framework/Versions/A/CoreMedia
0x000000019cd36000 	/System/Library/PrivateFrameworks/TCC.framework/Versions/A/TCC
0x00000001a80ec000 	/System/Library/PrivateFrameworks/WatchdogClient.framework/Versions/A/WatchdogClient
0x00000001d7a64000 	/System/Library/PrivateFrameworks/BiomeStorage.framework/Versions/A/BiomeStorage
0x0000000264086000 	/System/Library/PrivateFrameworks/IntelligencePlatformLibrary.framework/Versions/A/IntelligencePlatformLibrary
0x000000027196d000 	/System/Library/PrivateFrameworks/PoirotSchematizer.framework/Versions/A/PoirotSchematizer
0x000000024a0ba000 	/System/Library/PrivateFrameworks/BiomeSync.framework/Versions/A/BiomeSync
0x000000024985b000 	/System/Library/PrivateFrameworks/BiomeDSL.framework/Versions/A/BiomeDSL
0x00000002719d7000 	/System/Library/PrivateFrameworks/PoirotUDFs.framework/Versions/A/PoirotUDFs
0x000000027193c000 	/System/Library/PrivateFrameworks/PoirotSQLite.framework/Versions/A/PoirotSQLite
0x00000001b0916000 	/System/Library/PrivateFrameworks/CoreTime.framework/Versions/A/CoreTime
0x00000001a5fd2000 	/usr/lib/libiconv.2.dylib
0x00000001a5f2e000 	/usr/lib/libcharset.1.dylib
0x0000000291ec9000 	/usr/lib/swift/libswift_RegexParser.dylib
0x000000024b6c3000 	/System/Library/PrivateFrameworks/CascadeSets.framework/Versions/A/CascadeSets
0x00000001aa713000 	/System/Library/PrivateFrameworks/CorePhoneNumbers.framework/Versions/A/CorePhoneNumbers
0x00000001a7fb6000 	/System/Library/PrivateFrameworks/AppleJPEG.framework/Versions/A/AppleJPEG
0x00000001a79a2000 	/usr/lib/libexpat.1.dylib
0x00000001a86d0000 	/System/Library/Frameworks/ImageIO.framework/Versions/A/Resources/libPng.dylib
0x00000001a86fc000 	/System/Library/Frameworks/ImageIO.framework/Versions/A/Resources/libTIFF.dylib
0x00000001a87e6000 	/System/Library/Frameworks/ImageIO.framework/Versions/A/Resources/libGIF.dylib
0x00000001a7ffb000 	/System/Library/Frameworks/ImageIO.framework/Versions/A/Resources/libJP2.dylib
0x00000001a878c000 	/System/Library/Frameworks/ImageIO.framework/Versions/A/Resources/libJPEG.dylib
0x00000001a8783000 	/System/Library/Frameworks/ImageIO.framework/Versions/A/Resources/libRadiance.dylib
0x000000025a8ae000 	/System/Library/PrivateFrameworks/GPUCompiler.framework/Versions/32023/Libraries/libllvm-flatbuffers.dylib
0x00000002551ba000 	/System/Library/PrivateFrameworks/FramePacing.framework/Versions/A/FramePacing
0x00000001fc74e000 	/System/Library/Frameworks/OpenGL.framework/Versions/A/Libraries/libCoreFSCache.dylib
0x00000002562fb000 	/System/Library/PrivateFrameworks/GPUCompiler.framework/Versions/32023/Libraries/libGPUCompilerUtils.dylib
0x00000001b04c6000 	/System/Library/PrivateFrameworks/GraphicsServices.framework/Versions/A/GraphicsServices
0x00000001b4091000 	/System/Library/PrivateFrameworks/ASEProcessing.framework/Versions/A/ASEProcessing
0x00000001e3ce0000 	/System/Library/PrivateFrameworks/Symbolication.framework/Versions/A/Symbolication
0x000000027155d000 	/System/Library/PrivateFrameworks/PhotosensitivityProcessing.framework/Versions/A/PhotosensitivityProcessing
0x00000001a7bd3000 	/System/Library/PrivateFrameworks/GraphVisualizer.framework/Versions/A/GraphVisualizer
0x00000001fc7ad000 	/System/Library/Frameworks/OpenGL.framework/Versions/A/Libraries/libGLU.dylib
0x00000001fc770000 	/System/Library/Frameworks/OpenGL.framework/Versions/A/Libraries/libGFXShared.dylib
0x000000023a884000 	/System/Library/Frameworks/OpenGL.framework/Versions/A/Libraries/libGL.dylib
0x00000001fc779000 	/System/Library/Frameworks/OpenGL.framework/Versions/A/Libraries/libGLImage.dylib
0x00000001fc76d000 	/System/Library/Frameworks/OpenGL.framework/Versions/A/Libraries/libCVMSPluginSupport.dylib
0x00000001fc756000 	/System/Library/Frameworks/OpenGL.framework/Versions/A/Libraries/libCoreVMClient.dylib
0x00000002550c5000 	/System/Library/PrivateFrameworks/FontServices.framework/Versions/A/FontServices
0x00000001a7be3000 	/System/Library/PrivateFrameworks/OTSVG.framework/Versions/A/OTSVG
0x00000001a06ec000 	/System/Library/Frameworks/ApplicationServices.framework/Versions/A/Frameworks/ATS.framework/Versions/A/Resources/libFontRegistry.dylib
0x0000000290f4c000 	/usr/lib/libhvf.dylib
0x000000026e392000 	/System/Library/PrivateFrameworks/ParsingInternal.framework/Versions/A/ParsingInternal
0x00000002550c9000 	/System/Library/PrivateFrameworks/FontServices.framework/libXTFontStaticRegistryData.dylib
0x00000001a3be8000 	/System/Library/Frameworks/MetalPerformanceShaders.framework/Versions/A/Frameworks/MPSCore.framework/Versions/A/MPSCore
0x00000001a58ef000 	/System/Library/Frameworks/MetalPerformanceShaders.framework/Versions/A/Frameworks/MPSImage.framework/Versions/A/MPSImage
0x00000001a52cd000 	/System/Library/Frameworks/MetalPerformanceShaders.framework/Versions/A/Frameworks/MPSNeuralNetwork.framework/Versions/A/MPSNeuralNetwork
0x00000001a5705000 	/System/Library/Frameworks/MetalPerformanceShaders.framework/Versions/A/Frameworks/MPSMatrix.framework/Versions/A/MPSMatrix
0x00000001a551a000 	/System/Library/Frameworks/MetalPerformanceShaders.framework/Versions/A/Frameworks/MPSRayIntersector.framework/Versions/A/MPSRayIntersector
0x00000001a5737000 	/System/Library/Frameworks/MetalPerformanceShaders.framework/Versions/A/Frameworks/MPSNDArray.framework/Versions/A/MPSNDArray
0x000000023e828000 	/System/Library/Frameworks/MetalPerformanceShaders.framework/Versions/A/Frameworks/MPSFunctions.framework/Versions/A/MPSFunctions
0x000000023e809000 	/System/Library/Frameworks/MetalPerformanceShaders.framework/Versions/A/Frameworks/MPSBenchmarkLoop.framework/Versions/A/MPSBenchmarkLoop
0x0000000196e21000 	/System/Library/PrivateFrameworks/MetalTools.framework/Versions/A/MetalTools
0x00000001c7f0e000 	/System/Library/PrivateFrameworks/IOAccelMemoryInfo.framework/Versions/A/IOAccelMemoryInfo
0x00000001d6037000 	/System/Library/PrivateFrameworks/kperf.framework/Versions/A/kperf
0x00000001c2d94000 	/System/Library/PrivateFrameworks/GPURawCounter.framework/Versions/A/GPURawCounter
0x00000001b07ff000 	/System/Library/PrivateFrameworks/CoreSymbolication.framework/Versions/A/CoreSymbolication
0x00000001c2d0b000 	/System/Library/PrivateFrameworks/MallocStackLogging.framework/Versions/A/MallocStackLogging
0x00000001b07dc000 	/System/Library/PrivateFrameworks/DebugSymbols.framework/Versions/A/DebugSymbols
0x00000001d48a0000 	/System/Library/PrivateFrameworks/OSAnalytics.framework/Versions/A/OSAnalytics
0x0000000252fc1000 	/System/Library/PrivateFrameworks/DeviceRecovery.framework/Versions/A/DeviceRecovery
0x000000023c643000 	/System/Library/Frameworks/ExtensionFoundation.framework/Versions/A/ExtensionFoundation
0x00000001a7c24000 	/System/Library/PrivateFrameworks/AppServerSupport.framework/Versions/A/AppServerSupport
0x00000001a78a1000 	/System/Library/PrivateFrameworks/PlugInKit.framework/Versions/A/PlugInKit
0x00000001a513b000 	/System/Library/PrivateFrameworks/AssertionServices.framework/Versions/A/AssertionServices
0x00000001a79c7000 	/System/Library/PrivateFrameworks/IconFoundation.framework/Versions/A/IconFoundation
0x0000000260f8a000 	/System/Library/PrivateFrameworks/IconRendering.framework/Versions/A/IconRendering
0x00000002745c0000 	/System/Library/PrivateFrameworks/SFSymbols.framework/Versions/A/SFSymbols
0x0000000199095000 	/System/Library/PrivateFrameworks/AudioToolboxCore.framework/Versions/A/AudioToolboxCore
0x00000001aa085000 	/System/Library/PrivateFrameworks/AudioSession.framework/Versions/A/AudioSession
0x00000001b52d9000 	/System/Library/Frameworks/CoreMIDI.framework/Versions/A/CoreMIDI
0x00000001aa104000 	/usr/lib/libAudioStatistics.dylib
0x00000001a2b92000 	/System/Library/PrivateFrameworks/caulk.framework/Versions/A/caulk
0x00000001a86aa000 	/usr/lib/libAudioToolboxUtility.dylib
0x00000001c2d98000 	/usr/lib/swift/libswiftCoreAudio.dylib
0x00000001c94ff000 	/usr/lib/swift/libswiftCoreMIDI.dylib
0x00000001aa515000 	/System/Library/PrivateFrameworks/perfdata.framework/Versions/A/perfdata
0x00000001c1db5000 	/System/Library/PrivateFrameworks/SystemPolicy.framework/Versions/A/SystemPolicy
0x00000001aa3ba000 	/usr/lib/libSMC.dylib
0x00000001aa523000 	/usr/lib/libperfcheck.dylib
0x00000002491a5000 	/System/Library/PrivateFrameworks/AudioAnalytics.framework/Versions/A/AudioAnalytics
0x0000000291e8c000 	/usr/lib/swift/libswift_DarwinFoundation2.dylib
0x0000000291e8d000 	/usr/lib/swift/libswift_DarwinFoundation3.dylib
0x00000001e81c5000 	/System/Library/Frameworks/OSLog.framework/Versions/A/OSLog
0x00000001c2d3d000 	/usr/lib/libmis.dylib
0x00000001a7ae4000 	/System/Library/PrivateFrameworks/MediaExperience.framework/Versions/A/MediaExperience
0x00000001a9e53000 	/System/Library/PrivateFrameworks/AudioSession.framework/libSessionUtility.dylib
0x00000001a87ec000 	/System/Library/PrivateFrameworks/CMCaptureCore.framework/Versions/A/CMCaptureCore
0x00000001af38a000 	/System/Library/Frameworks/CoreBluetooth.framework/Versions/A/CoreBluetooth
0x00000001a4fa7000 	/System/Library/PrivateFrameworks/CoreUtils.framework/Versions/A/CoreUtils
0x00000001bad27000 	/System/Library/PrivateFrameworks/HID.framework/Versions/A/HID
0x00000002523c3000 	/System/Library/PrivateFrameworks/CoreUtilsExtras.framework/Versions/A/CoreUtilsExtras
0x0000000260eec000 	/System/Library/PrivateFrameworks/IO80211.framework/Versions/A/IO80211
0x00000001abdcd000 	/System/Library/Frameworks/IOBluetooth.framework/Versions/A/IOBluetooth
0x0000000248d93000 	/System/Library/PrivateFrameworks/ArgumentParserInternal.framework/Versions/A/ArgumentParserInternal
0x00000001a7741000 	/usr/lib/libIOReport.dylib
0x00000001a514a000 	/System/Library/Frameworks/SecurityFoundation.framework/Versions/A/SecurityFoundation
0x00000001977e5000 	/System/Library/PrivateFrameworks/Lexicon.framework/Versions/A/Lexicon
0x00000001a52b5000 	/usr/lib/libgermantok.dylib
0x00000001a3dd2000 	/System/Library/PrivateFrameworks/LinguisticData.framework/Versions/A/LinguisticData
0x00000001af59d000 	/System/Library/PrivateFrameworks/MediaKit.framework/Versions/A/MediaKit
0x00000001af4e8000 	/System/Library/Frameworks/DiscRecording.framework/Versions/A/DiscRecording
0x00000001a79bd000 	/usr/lib/libheimdal-asn1.dylib
0x00000001b2eb7000 	/System/Library/Frameworks/AudioUnit.framework/Versions/A/AudioUnit
0x00000001a0a0b000 	/System/Library/Frameworks/OpenDirectory.framework/Versions/A/OpenDirectory
0x00000001a0a19000 	/System/Library/Frameworks/OpenDirectory.framework/Versions/A/Frameworks/CFOpenDirectory.framework/Versions/A/CFOpenDirectory
0x000000023ac08000 	/System/Library/Frameworks/AVFAudio.framework/Versions/A/AVFAudio
0x00000001bbcf1000 	/usr/lib/libAccessibility.dylib
0x0000000264c1a000 	/System/Library/PrivateFrameworks/IsolatedCoreAudioClient.framework/Versions/A/IsolatedCoreAudioClient
0x00000001de4e6000 	/usr/lib/swift/libswiftCoreMedia.dylib
0x00000002823e3000 	/System/Library/PrivateFrameworks/Tightbeam.framework/Versions/A/Tightbeam
0x000000024e2d3000 	/System/Library/PrivateFrameworks/CoreAudioOrchestration.framework/Versions/A/CoreAudioOrchestration
0x00000001dabf5000 	/System/Library/PrivateFrameworks/AFKUser.framework/Versions/A/AFKUser
0x00000001ae630000 	/System/Library/Frameworks/MediaAccessibility.framework/Versions/A/MediaAccessibility
0x00000002865cf000 	/System/Library/PrivateFrameworks/VideoToolboxParavirtualizationSupport.framework/Versions/A/VideoToolboxParavirtualizationSupport
0x00000001a7959000 	/System/Library/PrivateFrameworks/AppleVA.framework/Versions/A/AppleVA
0x00000001a877e000 	/System/Library/PrivateFrameworks/GPUWrangler.framework/Versions/A/GPUWrangler
0x00000001a875e000 	/System/Library/PrivateFrameworks/IOPresentment.framework/Versions/A/IOPresentment
0x00000001a8786000 	/System/Library/PrivateFrameworks/DSExternalDisplay.framework/Versions/A/DSExternalDisplay
0x0000000248bea000 	/System/Library/PrivateFrameworks/AppleMobileFileIntegrity.framework/Versions/A/AppleMobileFileIntegrity
0x0000000290ac9000 	/usr/lib/libTLE.dylib
0x00000001f948d000 	/System/Library/PrivateFrameworks/ConfigProfileHelper.framework/Versions/A/ConfigProfileHelper
0x00000001ee2ad000 	/usr/lib/libedit.3.dylib
0x000000026619b000 	/System/Library/PrivateFrameworks/MIL.framework/Versions/A/MIL
0x00000001c7ed1000 	/usr/lib/libncurses.5.4.dylib
0x00000001a4edc000 	/System/Library/PrivateFrameworks/CoreEmoji.framework/Versions/A/CoreEmoji
0x0000000197b02000 	/usr/lib/libCRFSuite.dylib
0x00000001a3cb0000 	/System/Library/PrivateFrameworks/CoreNLP.framework/Versions/A/CoreNLP
0x00000001a5254000 	/usr/lib/libmecab.dylib
0x00000001a614d000 	/usr/lib/libThaiTokenizer.dylib
0x00000001e8684000 	/System/Library/PrivateFrameworks/HIDDisplay.framework/Versions/A/HIDDisplay
0x00000001a87b8000 	/System/Library/Frameworks/ApplicationServices.framework/Versions/A/Frameworks/ATSUI.framework/Versions/A/ATSUI
0x00000001aa49b000 	/usr/lib/libcups.2.dylib
0x00000001aa531000 	/System/Library/Frameworks/Kerberos.framework/Versions/A/Kerberos
0x00000001aa193000 	/usr/lib/libresolv.9.dylib
0x00000001a7c38000 	/System/Library/PrivateFrameworks/Heimdal.framework/Versions/A/Heimdal
0x00000001b2eb6000 	/System/Library/Frameworks/Kerberos.framework/Versions/A/Libraries/libHeimdalProxy.dylib
0x00000001aa595000 	/System/Library/PrivateFrameworks/CommonAuth.framework/Versions/A/CommonAuth
0x00000001bbbec000 	/System/Library/PrivateFrameworks/AXCoreUtilities.framework/Versions/A/AXCoreUtilities
0x00000002904e3000 	/usr/lib/libAXSafeCategoryBundle.dylib
0x00000001a4dc1000 	/System/Library/Frameworks/Accelerate.framework/Versions/A/Frameworks/vecLib.framework/Versions/A/libvDSP.dylib
0x00000001a629a000 	/System/Library/Frameworks/Accelerate.framework/Versions/A/Frameworks/vecLib.framework/Versions/A/libLAPACK.dylib
0x00000001a52b8000 	/System/Library/Frameworks/Accelerate.framework/Versions/A/Frameworks/vecLib.framework/Versions/A/libLinearAlgebra.dylib
0x00000001a6193000 	/System/Library/Frameworks/Accelerate.framework/Versions/A/Frameworks/vecLib.framework/Versions/A/libSparseBLAS.dylib
0x00000001a6295000 	/System/Library/Frameworks/Accelerate.framework/Versions/A/Frameworks/vecLib.framework/Versions/A/libQuadrature.dylib
0x00000001a3dd9000 	/System/Library/Frameworks/Accelerate.framework/Versions/A/Frameworks/vecLib.framework/Versions/A/libBNNS.dylib
0x00000001978fb000 	/System/Library/Frameworks/Accelerate.framework/Versions/A/Frameworks/vecLib.framework/Versions/A/libSparse.dylib
0x00000001aa4fa000 	/System/Library/PrivateFrameworks/NetAuth.framework/Versions/A/NetAuth
0x00000001a0c29000 	/System/Library/PrivateFrameworks/login.framework/Versions/A/Frameworks/loginsupport.framework/Versions/A/loginsupport
0x00000001a521e000 	/usr/lib/libCheckFix.dylib
0x000000019fda8000 	/System/Library/PrivateFrameworks/MetadataUtilities.framework/Versions/A/MetadataUtilities
0x00000002619a5000 	/System/Library/PrivateFrameworks/InstalledContentLibrary.framework/Versions/A/InstalledContentLibrary
0x000000019a876000 	/System/Library/PrivateFrameworks/CoreServicesStore.framework/Versions/A/CoreServicesStore
0x00000001d613e000 	/System/Library/PrivateFrameworks/MobileSystemServices.framework/Versions/A/MobileSystemServices
0x00000001a7602000 	/usr/lib/libxslt.1.dylib
0x00000001a51dd000 	/System/Library/PrivateFrameworks/BackgroundTaskManagement.framework/Versions/A/BackgroundTaskManagement
0x00000001b2561000 	/usr/lib/libcurl.4.dylib
0x0000000290d02000 	/usr/lib/libcrypto.46.dylib
0x000000029191f000 	/usr/lib/libssl.48.dylib
0x00000001b2237000 	/System/Library/Frameworks/LDAP.framework/Versions/A/LDAP
0x00000001b2273000 	/System/Library/PrivateFrameworks/TrustEvaluationAgent.framework/Versions/A/TrustEvaluationAgent
0x00000001aa1b0000 	/usr/lib/libsasl2.2.dylib
0x00000001bfc71000 	/usr/lib/swift/libswiftCoreGraphics.dylib
0x00000001aed2c000 	/usr/lib/swift/libswiftFoundation.dylib
0x00000001f8e4a000 	/usr/lib/swift/libswiftSwiftOnoneSupport.dylib
0x0000000291ffe000 	/usr/lib/swift/libswiftsys_time.dylib
0x00000001e449d000 	/System/Library/PrivateFrameworks/CoreMaterial.framework/Versions/A/CoreMaterial
0x0000000291d44000 	/usr/lib/swift/libswiftSpatial.dylib
0x0000000290ac6000 	/usr/lib/libSpatial.dylib
0x0000000290401000 	/System/Library/SubFrameworks/UIUtilities.framework/Versions/A/UIUtilities
0x000000010614c000 	/Users/stefano.deblasi/Library/Application Support/ModrinthApp/meta/java_versions/zulu17.64.17-ca-jre17.0.18-macosx_aarch64/zulu-17.jre/Contents/Home/lib/server/libjvm.dylib
0x0000000104f7c000 	/Users/stefano.deblasi/Library/Application Support/ModrinthApp/meta/java_versions/zulu17.64.17-ca-jre17.0.18-macosx_aarch64/zulu-17.jre/Contents/Home/lib/libjimage.dylib
0x0000000104fa8000 	/Users/stefano.deblasi/Library/Application Support/ModrinthApp/meta/java_versions/zulu17.64.17-ca-jre17.0.18-macosx_aarch64/zulu-17.jre/Contents/Home/lib/libinstrument.dylib
0x0000000104ff4000 	/Users/stefano.deblasi/Library/Application Support/ModrinthApp/meta/java_versions/zulu17.64.17-ca-jre17.0.18-macosx_aarch64/zulu-17.jre/Contents/Home/lib/libjava.dylib
0x0000000105090000 	/Users/stefano.deblasi/Library/Application Support/ModrinthApp/meta/java_versions/zulu17.64.17-ca-jre17.0.18-macosx_aarch64/zulu-17.jre/Contents/Home/lib/libzip.dylib
0x0000000105068000 	/Users/stefano.deblasi/Library/Application Support/ModrinthApp/meta/java_versions/zulu17.64.17-ca-jre17.0.18-macosx_aarch64/zulu-17.jre/Contents/Home/lib/libnio.dylib
0x0000000105bac000 	/Users/stefano.deblasi/Library/Application Support/ModrinthApp/meta/java_versions/zulu17.64.17-ca-jre17.0.18-macosx_aarch64/zulu-17.jre/Contents/Home/lib/libnet.dylib
0x0000000105b88000 	/Users/stefano.deblasi/Library/Application Support/ModrinthApp/meta/java_versions/zulu17.64.17-ca-jre17.0.18-macosx_aarch64/zulu-17.jre/Contents/Home/lib/libextnet.dylib
0x0000000105bd0000 	/Users/stefano.deblasi/Library/Application Support/ModrinthApp/meta/java_versions/zulu17.64.17-ca-jre17.0.18-macosx_aarch64/zulu-17.jre/Contents/Home/lib/libmanagement.dylib
0x0000000105be4000 	/Users/stefano.deblasi/Library/Application Support/ModrinthApp/meta/java_versions/zulu17.64.17-ca-jre17.0.18-macosx_aarch64/zulu-17.jre/Contents/Home/lib/libmanagement_ext.dylib
0x0000000106000000 	/Users/stefano.deblasi/Library/Application Support/ModrinthApp/meta/java_versions/zulu17.64.17-ca-jre17.0.18-macosx_aarch64/zulu-17.jre/Contents/Home/lib/libverify.dylib
0x0000000106044000 	/Users/stefano.deblasi/Library/Application Support/ModrinthApp/meta/natives/1.20.1-0.18.4/jna12280690349315366233.tmp
0x00000001060b4000 	/Users/stefano.deblasi/Library/Application Support/ModrinthApp/meta/natives/1.20.1-0.18.4/liblwjgl.dylib
0x00000001060fc000 	/Users/stefano.deblasi/Library/Application Support/ModrinthApp/meta/natives/1.20.1-0.18.4/libglfw.dylib
0x0000000117500000 	/Users/stefano.deblasi/Library/Application Support/ModrinthApp/meta/natives/1.20.1-0.18.4/libjemalloc.dylib
0x000000023aed8000 	/System/Library/Frameworks/AppIntents.framework/Versions/A/AppIntents
0x00000002410dc000 	/System/Library/Frameworks/RelevanceKit.framework/Versions/A/RelevanceKit
0x00000001a5d92000 	/System/Library/Frameworks/CoreSpotlight.framework/Versions/A/CoreSpotlight
0x0000000265cae000 	/System/Library/PrivateFrameworks/LinkServices.framework/Versions/A/LinkServices
0x00000002534dc000 	/System/Library/PrivateFrameworks/DoNotDisturb.framework/Versions/A/DoNotDisturb
0x0000000265b09000 	/System/Library/PrivateFrameworks/LinkMetadata.framework/Versions/A/LinkMetadata
0x00000001c2dbf000 	/usr/lib/swift/libswiftIntents.dylib
0x00000001c802b000 	/System/Library/PrivateFrameworks/IntentsCore.framework/Versions/A/IntentsCore
0x000000024967f000 	/System/Library/PrivateFrameworks/AvailabilityKit.framework/Versions/A/AvailabilityKit
0x00000002469f3000 	/System/Library/PrivateFrameworks/AppIntentSchemas.framework/Versions/A/AppIntentSchemas
0x000000025ae1c000 	/System/Library/PrivateFrameworks/GRDBInternal.framework/Versions/A/GRDBInternal
0x000000027e5ee000 	/System/Library/PrivateFrameworks/StatusKit.framework/Versions/A/StatusKit
0x00000001af8cc000 	/System/Library/PrivateFrameworks/GenerationalStorage.framework/Versions/A/GenerationalStorage
0x00000001af6f4000 	/System/Library/Frameworks/FileProvider.framework/Versions/A/FileProvider
0x000000019c311000 	/System/Library/PrivateFrameworks/DesktopServicesPriv.framework/Versions/A/DesktopServicesPriv
0x000000019e647000 	/System/Library/Frameworks/Accounts.framework/Versions/A/Accounts
0x00000001c282b000 	/System/Library/PrivateFrameworks/FTServices.framework/Versions/A/FTServices
0x00000001bace6000 	/System/Library/PrivateFrameworks/CloudServices.framework/Versions/A/CloudServices
0x00000001b1d86000 	/System/Library/PrivateFrameworks/CoreWiFi.framework/Versions/A/CoreWiFi
0x00000001a25cd000 	/System/Library/Frameworks/CoreLocation.framework/Versions/A/CoreLocation
0x00000001b171d000 	/System/Library/Frameworks/Intents.framework/Versions/A/Intents
0x0000000243896000 	/System/Library/Frameworks/_LocationEssentials.framework/Versions/A/_LocationEssentials
0x00000001a5d41000 	/System/Library/Frameworks/UserNotifications.framework/Versions/A/UserNotifications
0x00000001ab9d8000 	/System/Library/PrivateFrameworks/Sharing.framework/Versions/A/Sharing
0x00000001ab559000 	/System/Library/PrivateFrameworks/IDSFoundation.framework/Versions/A/IDSFoundation
0x00000001b1d85000 	/System/Library/PrivateFrameworks/Apple80211.framework/Versions/A/Apple80211
0x00000001a59d7000 	/System/Library/PrivateFrameworks/AuthKit.framework/Versions/A/AuthKit
0x00000001a4f24000 	/System/Library/Frameworks/CoreWLAN.framework/Versions/A/CoreWLAN
0x00000001c94e0000 	/usr/lib/swift/libswiftCoreLocation.dylib
0x00000001a9da1000 	/System/Library/PrivateFrameworks/IMFoundation.framework/Versions/A/IMFoundation
0x00000001bb03b000 	/System/Library/PrivateFrameworks/Marco.framework/Versions/A/Marco
0x000000019e6d1000 	/System/Library/PrivateFrameworks/CommonUtilities.framework/Versions/A/CommonUtilities
0x00000001b7a64000 	/System/Library/PrivateFrameworks/Engram.framework/Versions/A/Engram
0x0000000291ca3000 	/usr/lib/swift/libswiftRegexBuilder.dylib
0x00000001b7a02000 	/usr/lib/libtidy.A.dylib
0x00000001a7f40000 	/System/Library/PrivateFrameworks/Bom.framework/Versions/A/Bom
0x00000001aa1d1000 	/usr/lib/libParallelCompression.dylib
0x00000001f03c2000 	/System/Library/PrivateFrameworks/WiFiPeerToPeer.framework/Versions/A/WiFiPeerToPeer
0x0000000291434000 	/usr/lib/libmrc.dylib
0x0000000260f56000 	/System/Library/PrivateFrameworks/IPConfiguration.framework/Versions/A/IPConfiguration
0x00000001e445f000 	/System/Library/PrivateFrameworks/Netrb.framework/Versions/A/Netrb
0x00000001aa1c3000 	/System/Library/PrivateFrameworks/MultiverseSupport.framework/Versions/A/MultiverseSupport
0x00000001af5cf000 	/System/Library/PrivateFrameworks/DiskManagement.framework/Versions/A/DiskManagement
0x00000001af4db000 	/System/Library/PrivateFrameworks/AppleIDAuthSupport.framework/Versions/A/AppleIDAuthSupport
0x0000000244176000 	/System/Library/PrivateFrameworks/AAAFoundation.framework/Versions/A/AAAFoundation
0x00000001aa6d1000 	/System/Library/PrivateFrameworks/KeychainCircle.framework/Versions/A/KeychainCircle
0x00000001bbbe2000 	/System/Library/PrivateFrameworks/URLFormatting.framework/Versions/A/URLFormatting
0x00000001b2555000 	/usr/lib/libcsfde.dylib
0x00000001a78eb000 	/usr/lib/libCoreStorage.dylib
0x00000001abea4000 	/System/Library/PrivateFrameworks/ProtectedCloudStorage.framework/Versions/A/ProtectedCloudStorage
0x00000001b2550000 	/System/Library/PrivateFrameworks/EFILogin.framework/Versions/A/EFILogin
0x00000001af8f3000 	/System/Library/PrivateFrameworks/OctagonTrust.framework/Versions/A/OctagonTrust
0x00000001ac16b000 	/System/Library/PrivateFrameworks/GeoServices.framework/Versions/A/GeoServices
0x00000001a9e1a000 	/System/Library/PrivateFrameworks/LocationSupport.framework/Versions/A/LocationSupport
0x000000025df41000 	/System/Library/PrivateFrameworks/GeoServicesCore.framework/Versions/A/GeoServicesCore
0x00000001bbbe0000 	/System/Library/PrivateFrameworks/PhoneNumbers.framework/Versions/A/PhoneNumbers
0x000000026608c000 	/System/Library/PrivateFrameworks/LocationLogEncryption.framework/Versions/A/LocationLogEncryption
0x00000001ab37a000 	/System/Library/PrivateFrameworks/IDS.framework/Versions/A/IDS
0x00000001eb083000 	/System/Library/Frameworks/CryptoKit.framework/Versions/A/CryptoKit
0x00000001b2eb2000 	/System/Library/PrivateFrameworks/CryptoKitCBridging.framework/Versions/A/CryptoKitCBridging
0x00000001b04d8000 	/System/Library/Frameworks/CryptoTokenKit.framework/Versions/A/CryptoTokenKit
0x00000001d1377000 	/System/Library/PrivateFrameworks/FTAWD.framework/Versions/A/FTAWD
0x000000019a9b3000 	/usr/lib/libsandbox.1.dylib
0x00000001a78e3000 	/usr/lib/libMatch.1.dylib
0x00000001b2f75000 	/System/Library/PrivateFrameworks/IntentsFoundation.framework/Versions/A/IntentsFoundation
0x00000001a08c8000 	/System/Library/PrivateFrameworks/ViewBridge.framework/Versions/A/ViewBridge
0x00000002437a0000 	/System/Library/Frameworks/_AppIntents_AppKit.framework/Versions/A/_AppIntents_AppKit
0x00000002904e7000 	/usr/lib/libAccessibilityBaseImplementations.dylib
0x0000000130bbc000 	/usr/lib/libobjc-trampolines.dylib
0x000000028a8c8000 	/System/Library/PrivateFrameworks/WritingToolsUI.framework/Versions/A/WritingToolsUI
0x000000025d927000 	/System/Library/PrivateFrameworks/GenerativeAssistantSettings.framework/Versions/A/GenerativeAssistantSettings
0x0000000280362000 	/System/Library/PrivateFrameworks/TextComposer.framework/Versions/A/TextComposer
0x000000025d8fe000 	/System/Library/PrivateFrameworks/GenerativeAssistantCommon.framework/Versions/A/GenerativeAssistantCommon
0x00000001ca561000 	/System/Library/Frameworks/SwiftUI.framework/Versions/A/SwiftUI
0x00000002437df000 	/System/Library/Frameworks/_AuthenticationServices_SwiftUI.framework/Versions/A/_AuthenticationServices_SwiftUI
0x0000000246728000 	/System/Library/PrivateFrameworks/Anvil.framework/Versions/A/Anvil
0x00000001c9b0f000 	/System/Library/PrivateFrameworks/AppStoreDaemon.framework/Versions/A/AppStoreDaemon
0x00000001b551a000 	/System/Library/PrivateFrameworks/AppleMediaServices.framework/Versions/A/AppleMediaServices
0x000000025ddcc000 	/System/Library/PrivateFrameworks/GenerativePartnerServiceUI.framework/Versions/A/GenerativePartnerServiceUI
0x00000001f83bb000 	/System/Library/PrivateFrameworks/JetEngine.framework/Versions/A/JetEngine
0x000000028023f000 	/System/Library/PrivateFrameworks/TextAnimationSupport.framework/Versions/A/TextAnimationSupport
0x00000002734f6000 	/System/Library/PrivateFrameworks/RecapPerformanceTesting.framework/Versions/A/RecapPerformanceTesting
0x00000001c3690000 	/System/Library/PrivateFrameworks/SignpostCollection.framework/Versions/A/SignpostCollection
0x0000000249537000 	/System/Library/PrivateFrameworks/AuthenticationServicesCore.framework/Versions/A/AuthenticationServicesCore
0x00000001cceed000 	/System/Library/Frameworks/AuthenticationServices.framework/Versions/A/AuthenticationServices
0x00000001a787d000 	/System/Library/PrivateFrameworks/SharedWebCredentials.framework/Versions/A/SharedWebCredentials
0x00000001c452e000 	/System/Library/PrivateFrameworks/SafariCore.framework/Versions/A/SafariCore
0x00000001cca18000 	/System/Library/PrivateFrameworks/SafariFoundation.framework/Versions/A/SafariFoundation
0x00000001aefec000 	/System/Library/Frameworks/Contacts.framework/Versions/A/Contacts
0x000000024a77f000 	/System/Library/PrivateFrameworks/CBORLibrary.framework/Versions/A/CBORLibrary
0x000000024b766000 	/System/Library/PrivateFrameworks/Chirp.framework/Versions/A/Chirp
0x000000024c363000 	/System/Library/PrivateFrameworks/CloudSubscriptionFeatures.framework/Versions/A/CloudSubscriptionFeatures
0x00000001aed2d000 	/System/Library/PrivateFrameworks/ContactsFoundation.framework/Versions/A/ContactsFoundation
0x00000001f97bd000 	/System/Library/PrivateFrameworks/RemoteManagement.framework/Versions/A/RemoteManagement
0x0000000273884000 	/System/Library/PrivateFrameworks/RemoteManagementModel.framework/Versions/A/RemoteManagementModel
0x0000000273915000 	/System/Library/PrivateFrameworks/RemoteManagementStore.framework/Versions/A/RemoteManagementStore
0x00000001abfb3000 	/usr/lib/libxcselect.dylib
0x00000001cc987000 	/System/Library/PrivateFrameworks/DifferentialPrivacy.framework/Versions/A/DifferentialPrivacy
0x00000002683e5000 	/System/Library/PrivateFrameworks/ManagedSettingsObjC.framework/Versions/A/ManagedSettingsObjC
0x0000000266091000 	/System/Library/PrivateFrameworks/LockdownMode.framework/Versions/A/LockdownMode
0x0000000285223000 	/System/Library/PrivateFrameworks/VDAF.framework/Versions/A/VDAF
0x00000001aee05000 	/System/Library/PrivateFrameworks/ContactsPersistence.framework/Versions/A/ContactsPersistence
0x00000001adf63000 	/System/Library/PrivateFrameworks/AppleLDAP.framework/Versions/A/AppleLDAP
0x00000001b2907000 	/System/Library/Frameworks/ClassKit.framework/Versions/A/ClassKit
0x00000001b4bad000 	/System/Library/PrivateFrameworks/CoreSuggestions.framework/Versions/A/CoreSuggestions
0x00000001b0486000 	/System/Library/PrivateFrameworks/vCard.framework/Versions/A/vCard
0x000000024cfec000 	/System/Library/PrivateFrameworks/ContactsMetrics.framework/Versions/A/ContactsMetrics
0x00000001a7cf9000 	/System/Library/PrivateFrameworks/login.framework/Versions/A/login
0x00000002683df000 	/System/Library/PrivateFrameworks/ManagedOrganizationContacts.framework/Versions/A/ManagedOrganizationContacts
0x00000001a10ac000 	/System/Library/PrivateFrameworks/CloudDocs.framework/Versions/A/CloudDocs
0x00000001bb5a2000 	/System/Library/PrivateFrameworks/ProactiveEventTracker.framework/Versions/A/ProactiveEventTracker
0x00000001aa273000 	/System/Library/PrivateFrameworks/CoreFollowUp.framework/Versions/A/CoreFollowUp
0x00000001b40cc000 	/System/Library/PrivateFrameworks/ConfigurationProfiles.framework/Versions/A/ConfigurationProfiles
0x0000000252647000 	/System/Library/PrivateFrameworks/DMCUtilities.framework/Versions/A/DMCUtilities
0x0000000266112000 	/System/Library/PrivateFrameworks/MDMClientLibrary.framework/Versions/A/MDMClientLibrary
0x0000000273909000 	/System/Library/PrivateFrameworks/RemoteManagementProtocol.framework/Versions/A/RemoteManagementProtocol
0x00000002908a1000 	/usr/lib/libEndpointSecuritySystem.dylib
0x00000001ae648000 	/System/Library/PrivateFrameworks/SystemAdministration.framework/Versions/A/SystemAdministration
0x00000001b9534000 	/System/Library/PrivateFrameworks/PowerlogControl.framework/Versions/A/PowerlogControl
0x00000001b9536000 	/usr/lib/libUniversalAccess.dylib
0x00000001b5f9a000 	/System/Library/PrivateFrameworks/FamilyControls.framework/Versions/A/FamilyControls
0x00000001adf38000 	/System/Library/Frameworks/DirectoryService.framework/Versions/A/DirectoryService
0x00000001b25e3000 	/System/Library/PrivateFrameworks/LoginUIKit.framework/Versions/A/Frameworks/LoginUICore.framework/Versions/A/LoginUICore
0x00000001a7f3e000 	/usr/lib/libodfde.dylib
0x00000001b5f94000 	/System/Library/PrivateFrameworks/UniversalAccess.framework/Versions/A/Libraries/libUAPreferences.dylib
0x00000001b5fbe000 	/System/Library/PrivateFrameworks/CommerceKit.framework/Versions/A/Frameworks/CommerceCore.framework/Versions/A/CommerceCore
0x00000002525b3000 	/System/Library/PrivateFrameworks/DEPClientLibrary.framework/Versions/A/DEPClientLibrary
0x00000002525dc000 	/System/Library/PrivateFrameworks/DMCEnrollmentLibrary.framework/Versions/A/DMCEnrollmentLibrary
0x00000001b9618000 	/System/Library/PrivateFrameworks/SetupAssistantFramework.framework/Versions/A/SetupAssistantFramework
0x00000001b2cee000 	/System/Library/PrivateFrameworks/AuthKitUI.framework/Versions/A/AuthKitUI
0x00000001b262d000 	/System/Library/PrivateFrameworks/AppSSO.framework/Versions/A/AppSSO
0x00000001c986b000 	/System/Library/PrivateFrameworks/LocalAuthenticationUI.framework/Versions/A/LocalAuthenticationUI
0x00000002715b9000 	/System/Library/PrivateFrameworks/PlatformSSO.framework/Versions/A/PlatformSSO
0x00000002716a6000 	/System/Library/PrivateFrameworks/PlatformSSOCore.framework/Versions/A/PlatformSSOCore
0x000000023da30000 	/System/Library/Frameworks/LocalAuthenticationEmbeddedUI.framework/Versions/A/LocalAuthenticationEmbeddedUI
0x00000001ca326000 	/System/Library/PrivateFrameworks/AOSUI.framework/Versions/A/AOSUI
0x00000001bb36a000 	/System/Library/Frameworks/ContactsUI.framework/Versions/A/ContactsUI
0x00000001af27b000 	/System/Library/PrivateFrameworks/FamilyCircle.framework/Versions/A/FamilyCircle
0x00000001d815d000 	/System/Library/Frameworks/LinkPresentation.framework/Versions/A/LinkPresentation
0x00000001baf22000 	/System/Library/PrivateFrameworks/IASUtilities.framework/Versions/A/IASUtilities
0x0000000260e1f000 	/System/Library/PrivateFrameworks/IASUtilitiesCore.framework/Versions/A/IASUtilitiesCore
0x00000001c36a0000 	/System/Library/PrivateFrameworks/OnBoardingKit.framework/Versions/A/OnBoardingKit
0x000000027397f000 	/System/Library/PrivateFrameworks/RemoteUI.framework/Versions/A/RemoteUI
0x00000001bfd51000 	/System/Library/Frameworks/WebKit.framework/Versions/A/WebKit
0x00000001b7aa4000 	/System/Library/Frameworks/JavaScriptCore.framework/Versions/A/JavaScriptCore
0x00000002654a0000 	/System/Library/PrivateFrameworks/LiftUI.framework/Versions/A/LiftUI
0x0000000275fbc000 	/System/Library/PrivateFrameworks/Settings.framework/Versions/A/Settings
0x000000028aed5000 	/System/Library/PrivateFrameworks/_IconServices_SwiftUI.framework/Versions/A/_IconServices_SwiftUI
0x000000023b94c000 	/System/Library/Frameworks/BrowserEngineCore.framework/Versions/A/BrowserEngineCore
0x00000001b4ead000 	/System/Library/Frameworks/WebKit.framework/Versions/A/Frameworks/WebKitLegacy.framework/Versions/A/WebKitLegacy
0x00000001c1785000 	/System/Library/Frameworks/Carbon.framework/Versions/A/Carbon
0x00000001b2c96000 	/System/Library/PrivateFrameworks/CorePrediction.framework/Versions/A/CorePrediction
0x00000001a19b7000 	/System/Library/Frameworks/WebKit.framework/Versions/A/Frameworks/WebCore.framework/Versions/A/Frameworks/libwebrtc.dylib
0x00000001bfcdb000 	/System/Library/PrivateFrameworks/SafariSafeBrowsing.framework/Versions/A/SafariSafeBrowsing
0x00000001aa239000 	/System/Library/Frameworks/SecurityInterface.framework/Versions/A/SecurityInterface
0x00000001c369f000 	/System/Library/PrivateFrameworks/WebInspectorUI.framework/Versions/A/WebInspectorUI
0x00000001bbd27000 	/System/Library/Frameworks/WebKit.framework/Versions/A/Frameworks/WebCore.framework/Versions/A/WebCore
0x00000001b7a9d000 	/System/Library/Frameworks/Carbon.framework/Versions/A/Frameworks/CommonPanels.framework/Versions/A/CommonPanels
0x00000001b254c000 	/System/Library/Frameworks/Carbon.framework/Versions/A/Frameworks/Help.framework/Versions/A/Help
0x00000001b7aa1000 	/System/Library/Frameworks/Carbon.framework/Versions/A/Frameworks/ImageCapture.framework/Versions/A/ImageCapture
0x00000001b7a7c000 	/System/Library/Frameworks/Carbon.framework/Versions/A/Frameworks/OpenScripting.framework/Versions/A/OpenScripting
0x00000001b7a9c000 	/System/Library/Frameworks/Carbon.framework/Versions/A/Frameworks/Ink.framework/Versions/A/Ink
0x00000001b7a99000 	/System/Library/Frameworks/Carbon.framework/Versions/A/Frameworks/SecurityHI.framework/Versions/A/SecurityHI
0x0000000290924000 	/usr/lib/libInterpreterSecurity.dylib
0x00000001d7d74000 	/System/Library/PrivateFrameworks/XprotectFramework.framework/Versions/A/XprotectFramework
0x00000001bb03c000 	/System/Library/PrivateFrameworks/yara.framework/Versions/A/yara
0x000000024335d000 	/System/Library/Frameworks/WebKit.framework/Versions/A/Frameworks/WebCore.framework/Versions/A/Frameworks/libANGLE-shared.dylib
0x0000000289171000 	/System/Library/PrivateFrameworks/WebGPU.framework/Versions/A/WebGPU
0x00000001c5579000 	/System/Library/Frameworks/SceneKit.framework/Versions/A/SceneKit
0x00000001d6997000 	/System/Library/Frameworks/ModelIO.framework/Versions/A/ModelIO
0x00000001abf95000 	/System/Library/Frameworks/MetalKit.framework/Versions/A/MetalKit
0x00000001ae269000 	/System/Library/Frameworks/GLKit.framework/Versions/A/GLKit
0x00000002922d7000 	/usr/lib/usd/libusd_ms.dylib
0x0000000284608000 	/System/Library/PrivateFrameworks/USDLib_FormatLoaderProxy.framework/Versions/A/USDLib_FormatLoaderProxy
0x0000000291ff9000 	/usr/lib/swift/libswift_errno.dylib
0x00000001c280c000 	/System/Library/PrivateFrameworks/CoreOptimization.framework/Versions/A/CoreOptimization
0x000000023c778000 	/System/Library/Frameworks/ExtensionKit.framework/Versions/A/ExtensionKit
0x000000024c2a2000 	/System/Library/PrivateFrameworks/CloudSettings.framework/Versions/A/CloudSettings
0x000000023c7bc000 	/System/Library/Frameworks/FSKit.framework/Versions/A/FSKit
0x0000000265e3d000 	/System/Library/PrivateFrameworks/LiveFS.framework/Versions/A/LiveFS
0x00000001b4c7e000 	/System/Library/Frameworks/EventKit.framework/Versions/A/EventKit
0x00000001c38b4000 	/System/Library/PrivateFrameworks/SearchFoundation.framework/Versions/A/SearchFoundation
0x00000001da217000 	/System/Library/PrivateFrameworks/Email.framework/Versions/A/Email
0x00000001c240e000 	/System/Library/PrivateFrameworks/CoreRoutine.framework/Versions/A/CoreRoutine
0x00000001f912b000 	/System/Library/PrivateFrameworks/VoiceShortcutClient.framework/Versions/A/VoiceShortcutClient
0x00000001d1f06000 	/System/Library/PrivateFrameworks/Categories.framework/Versions/A/Categories
0x00000001ca1d5000 	/System/Library/PrivateFrameworks/ChronoServices.framework/Versions/A/ChronoServices
0x000000024b224000 	/System/Library/PrivateFrameworks/CalendarDatabase.framework/Versions/A/CalendarDatabase
0x000000024b16e000 	/System/Library/PrivateFrameworks/CalendarDaemon.framework/Versions/A/CalendarDaemon
0x00000001b3ff0000 	/System/Library/PrivateFrameworks/CalendarFoundation.framework/Versions/A/CalendarFoundation
0x00000001b3fac000 	/System/Library/PrivateFrameworks/iCalendar.framework/Versions/A/iCalendar
0x0000000252846000 	/System/Library/PrivateFrameworks/DataAccessExpress.framework/Versions/A/DataAccessExpress
0x00000001bb4cc000 	/System/Library/PrivateFrameworks/ContactsAutocomplete.framework/Versions/A/ContactsAutocomplete
0x0000000291de3000 	/usr/lib/swift/libswiftVideoToolbox.dylib
0x00000001ca122000 	/System/Library/PrivateFrameworks/FTClientServices.framework/Versions/A/FTClientServices
0x000000026d9fd000 	/System/Library/PrivateFrameworks/OSEligibility.framework/Versions/A/OSEligibility
0x000000027ebc9000 	/System/Library/PrivateFrameworks/StorageContainersPrivate.framework/Versions/A/StorageContainersPrivate
0x0000000291c54000 	/usr/lib/swift/libswiftCoreMediaIO.dylib
0x00000001badac000 	/System/Library/PrivateFrameworks/CoreDAV.framework/Versions/A/CoreDAV
0x00000001b4b4e000 	/System/Library/PrivateFrameworks/CalDAV.framework/Versions/A/CalDAV
0x00000001bf9d8000 	/System/Library/PrivateFrameworks/TelephonyUtilities.framework/Versions/A/TelephonyUtilities
0x000000023d9ed000 	/System/Library/Frameworks/LiveCommunicationKit.framework/Versions/A/LiveCommunicationKit
0x000000024cb9f000 	/System/Library/PrivateFrameworks/CommunicationTrust.framework/Versions/A/CommunicationTrust
0x00000001c4340000 	/System/Library/Frameworks/CallKit.framework/Versions/A/CallKit
0x00000001af273000 	/System/Library/PrivateFrameworks/CommunicationsFilter.framework/Versions/A/CommunicationsFilter
0x00000001ee3e8000 	/System/Library/PrivateFrameworks/IMTransferServices.framework/Versions/A/IMTransferServices
0x00000001c2825000 	/System/Library/PrivateFrameworks/IncomingCallFilter.framework/Versions/A/IncomingCallFilter
0x000000026c14e000 	/System/Library/PrivateFrameworks/NeighborhoodActivityConduit.framework/Versions/A/NeighborhoodActivityConduit
0x00000001c6881000 	/System/Library/PrivateFrameworks/CallHistory.framework/Versions/A/CallHistory
0x0000000290714000 	/usr/lib/libBASupport.dylib
0x000000024b63c000 	/System/Library/PrivateFrameworks/CallsUtilities.framework/Versions/A/CallsUtilities
0x000000024b647000 	/System/Library/PrivateFrameworks/CallsXPC.framework/Versions/A/CallsXPC
0x00000001f991e000 	/usr/lib/swift/libswiftCallKit.dylib
0x000000024b62f000 	/System/Library/PrivateFrameworks/CallsPersistence.framework/Versions/A/CallsPersistence
0x00000002413b3000 	/System/Library/Frameworks/SensitiveContentAnalysis.framework/Versions/A/SensitiveContentAnalysis
0x00000001c78b7000 	/System/Library/PrivateFrameworks/PeopleSuggester.framework/Versions/A/PeopleSuggester
0x00000001d0d0f000 	/System/Library/PrivateFrameworks/SpotlightReceiver.framework/Versions/A/SpotlightReceiver
0x000000028ae9c000 	/System/Library/PrivateFrameworks/_AppIntentsServices_AppIntents.framework/Versions/A/_AppIntentsServices_AppIntents
0x0000000246a5c000 	/System/Library/PrivateFrameworks/AppIntentsServices.framework/Versions/A/AppIntentsServices
0x00000001b3f94000 	/System/Library/PrivateFrameworks/CoreRecents.framework/Versions/A/CoreRecents
0x000000023cec2000 	/System/Library/Frameworks/GeoToolbox.framework/Versions/A/GeoToolbox
0x0000000243862000 	/System/Library/Frameworks/_GeoToolbox_AppIntents.framework/Versions/A/_GeoToolbox_AppIntents
0x00000001e3e92000 	/System/Library/PrivateFrameworks/DiagnosticRequest.framework/Versions/A/DiagnosticRequest
0x000000028ade0000 	/System/Library/PrivateFrameworks/XPCDistributed.framework/Versions/A/XPCDistributed
0x000000027358c000 	/System/Library/PrivateFrameworks/RegulatoryDomain.framework/Versions/A/RegulatoryDomain
0x00000001ae341000 	/usr/lib/libCTGreenTeaLogger.dylib
0x0000000266063000 	/System/Library/PrivateFrameworks/LocalStatusKit.framework/Versions/A/LocalStatusKit
0x00000001bf8c4000 	/System/Library/PrivateFrameworks/CoreParsec.framework/Versions/A/CoreParsec
0x00000001da20b000 	/System/Library/PrivateFrameworks/EmailAddressing.framework/Versions/A/EmailAddressing
0x00000001d6206000 	/System/Library/PrivateFrameworks/EmailCore.framework/Versions/A/EmailCore
0x00000001d7234000 	/System/Library/PrivateFrameworks/EmailFoundation.framework/Versions/A/EmailFoundation
0x000000026f142000 	/System/Library/PrivateFrameworks/PegasusAPI.framework/Versions/A/PegasusAPI
0x000000026fc93000 	/System/Library/PrivateFrameworks/PegasusConfiguration.framework/Versions/A/PegasusConfiguration
0x0000000282e76000 	/System/Library/PrivateFrameworks/ToolKit.framework/Versions/A/ToolKit
0x0000000273d14000 	/System/Library/PrivateFrameworks/ReplicatorEngine.framework/Versions/A/ReplicatorEngine
0x0000000273eb6000 	/System/Library/PrivateFrameworks/ReplicatorServices.framework/Versions/A/ReplicatorServices
0x000000027fb33000 	/System/Library/PrivateFrameworks/SystemWake.framework/Versions/A/SystemWake
0x00000001c4514000 	/System/Library/PrivateFrameworks/ContextKit.framework/Versions/A/ContextKit
0x000000024d138000 	/System/Library/PrivateFrameworks/ContextKitCore.framework/Versions/A/ContextKitCore
0x00000001c2aab000 	/System/Library/Frameworks/LocalAuthentication.framework/Support/DaemonUtils.framework/Versions/A/DaemonUtils
0x0000000265ff8000 	/System/Library/PrivateFrameworks/LocalAuthenticationCoreUI.framework/Versions/A/LocalAuthenticationCoreUI
0x00000001c5ecc000 	/System/Library/PrivateFrameworks/BridgeXPC.framework/Versions/A/BridgeXPC
0x00000001c377c000 	/System/Library/PrivateFrameworks/CoreKDL.framework/Versions/A/CoreKDL
0x00000001c1dae000 	/System/Library/PrivateFrameworks/EmbeddedOSSupportHost.framework/Versions/A/EmbeddedOSSupportHost
0x00000001b6a7c000 	/System/Library/PrivateFrameworks/LoginUIKit.framework/Versions/A/LoginUIKit
0x00000001d2401000 	/System/Library/PrivateFrameworks/StorageKit.framework/Versions/A/StorageKit
0x00000001fb12f000 	/System/Library/Frameworks/DeviceCheck.framework/Versions/A/DeviceCheck
0x00000001d247a000 	/System/Library/PrivateFrameworks/CoreWLANKit.framework/Versions/A/CoreWLANKit
0x00000002884f9000 	/System/Library/PrivateFrameworks/Wallpaper.framework/Versions/A/Wallpaper
0x0000000291c6f000 	/usr/lib/swift/libswiftGLKit.dylib
0x0000000291c7a000 	/usr/lib/swift/libswiftMetalKit.dylib
0x0000000291c7e000 	/usr/lib/swift/libswiftModelIO.dylib
0x0000000291d41000 	/usr/lib/swift/libswiftSceneKit.dylib
0x00000002531ac000 	/System/Library/PrivateFrameworks/DiskImages2.framework/Versions/A/DiskImages2
0x00000001db146000 	/System/Library/PrivateFrameworks/DynamicDesktop.framework/Versions/A/DynamicDesktop
0x0000000288688000 	/System/Library/PrivateFrameworks/WallpaperFoundation.framework/Versions/A/WallpaperFoundation
0x00000002886e5000 	/System/Library/PrivateFrameworks/WallpaperTypes.framework/Versions/A/WallpaperTypes
0x00000001f0145000 	/System/Library/PrivateFrameworks/SystemDesktopAppearance.framework/Versions/A/SystemDesktopAppearance
0x000000028df7b000 	/System/Library/PrivateFrameworks/icloudMCCKit.framework/Versions/A/icloudMCCKit
0x00000002479b4000 	/System/Library/PrivateFrameworks/AppleAccountUI.framework/Versions/A/AppleAccountUI
0x00000001e4469000 	/System/Library/PrivateFrameworks/PreferencePanesSupport.framework/Versions/A/PreferencePanesSupport
0x00000001ca4d8000 	/System/Library/PrivateFrameworks/FindMyDeviceUI.framework/Versions/A/FindMyDeviceUI
0x000000028bbc2000 	/System/Library/PrivateFrameworks/iCloudQuotaUI.framework/Versions/A/iCloudQuotaUI
0x00000001e461d000 	/System/Library/PrivateFrameworks/CoreCDPUI.framework/Versions/A/CoreCDPUI
0x00000001c426f000 	/System/Library/PrivateFrameworks/CoreFollowUpUI.framework/Versions/A/CoreFollowUpUI
0x00000001d0f8e000 	/System/Library/PrivateFrameworks/IMCore.framework/Versions/A/IMCore
0x00000001b959d000 	/System/Library/PrivateFrameworks/CoreCDP.framework/Versions/A/CoreCDP
0x00000001b5505000 	/System/Library/PrivateFrameworks/AskPermission.framework/Versions/A/AskPermission
0x00000001c7f9c000 	/System/Library/Frameworks/Quartz.framework/Versions/A/Quartz
0x00000001d49db000 	/System/Library/PrivateFrameworks/CloudPhotoServicesConfiguration.framework/Versions/A/CloudPhotoServicesConfiguration
0x00000001c66a6000 	/System/Library/PrivateFrameworks/CommerceKit.framework/Versions/A/CommerceKit
0x00000001d62d6000 	/System/Library/PrivateFrameworks/FindMyMac.framework/Versions/A/FindMyMac
0x00000001d61a9000 	/System/Library/Frameworks/PreferencePanes.framework/Versions/A/PreferencePanes
0x00000001c9956000 	/System/Library/Frameworks/AddressBook.framework/Versions/A/AddressBook
0x00000001b43ed000 	/System/Library/PrivateFrameworks/AOSAccounts.framework/Versions/A/AOSAccounts
0x00000001ae642000 	/System/Library/PrivateFrameworks/AppleSRP.framework/Versions/A/AppleSRP
0x00000001c29c1000 	/System/Library/Frameworks/SafariServices.framework/Versions/A/SafariServices
0x00000001b2ec6000 	/System/Library/PrivateFrameworks/NetFSServer.framework/Versions/A/NetFSServer
0x00000001c5453000 	/System/Library/Frameworks/PDFKit.framework/Versions/A/PDFKit
0x0000000242955000 	/System/Library/Frameworks/TabularData.framework/Versions/A/TabularData
0x0000000291c95000 	/usr/lib/swift/libswiftPassKit.dylib
0x00000001e85c0000 	/System/Library/Frameworks/PassKit.framework/Versions/A/PassKit
0x00000001b6b86000 	/System/Library/PrivateFrameworks/PassKitCore.framework/Versions/A/PassKitCore
0x000000026ea60000 	/System/Library/PrivateFrameworks/PassKitMacHelperTemp.framework/Versions/A/PassKitMacHelperTemp
0x0000000290664000 	/usr/lib/libAppleSSE.dylib
0x00000001c2af7000 	/System/Library/PrivateFrameworks/BiometricKit.framework/Versions/A/BiometricKit
0x00000002744ba000 	/System/Library/PrivateFrameworks/SEService.framework/Versions/A/SEService
0x000000023c881000 	/System/Library/Frameworks/FinanceKit.framework/Versions/A/FinanceKit
0x00000001c804b000 	/System/Library/PrivateFrameworks/NearField.framework/Versions/A/NearField
0x0000000290a63000 	/usr/lib/libSESShared.dylib
0x0000000274722000 	/System/Library/PrivateFrameworks/STSXPCHelperClient.framework/Versions/A/STSXPCHelperClient
0x00000001c9d62000 	/usr/lib/libnfshared.dylib
0x000000027f8bb000 	/System/Library/PrivateFrameworks/Symptoms.framework/Versions/A/Frameworks/SymptomPresentationFeed.framework/Versions/A/SymptomPresentationFeed
0x0000000248399000 	/System/Library/PrivateFrameworks/AppleMediaServicesKitInternal.framework/Versions/A/AppleMediaServicesKitInternal
0x000000024903d000 	/System/Library/PrivateFrameworks/AsyncAlgorithmsInternal.framework/Versions/A/AsyncAlgorithmsInternal
0x000000027f5fd000 	/System/Library/PrivateFrameworks/SymptomShared.framework/Versions/A/SymptomShared
0x00000001eb2f0000 	/System/Library/PrivateFrameworks/PassKitUIFoundation.framework/Versions/A/PassKitUIFoundation
0x00000001adf75000 	/System/Library/Frameworks/MapKit.framework/Versions/A/MapKit
0x000000025de77000 	/System/Library/PrivateFrameworks/GeoAnalytics.framework/Versions/A/GeoAnalytics
0x00000001c9d90000 	/System/Library/PrivateFrameworks/Navigation.framework/Versions/A/Navigation
0x00000001d3a23000 	/System/Library/PrivateFrameworks/VectorKit.framework/Versions/A/VectorKit
0x00000001bafed000 	/System/Library/PrivateFrameworks/VirtualGarage.framework/Versions/A/VirtualGarage
0x00000001c9f6f000 	/System/Library/Frameworks/ExternalAccessory.framework/ExternalAccessory
0x00000001c9f8a000 	/System/Library/PrivateFrameworks/IAP.framework/Versions/A/IAP
0x00000001ae231000 	/System/Library/PrivateFrameworks/IOPlatformPluginFamily.framework/Versions/A/IOPlatformPluginFamily
0x0000000249682000 	/System/Library/PrivateFrameworks/AvatarKit.framework/Versions/A/AvatarKit
0x0000000249741000 	/System/Library/PrivateFrameworks/AvatarPersistence.framework/Versions/A/AvatarPersistence
0x0000000242cdc000 	/System/Library/Frameworks/TipKit.framework/Versions/A/TipKit
0x00000001b668a000 	/System/Library/PrivateFrameworks/IMSharedUtilities.framework/Versions/A/IMSharedUtilities
0x0000000291c34000 	/usr/lib/swift/libswiftAppleArchive.dylib
0x0000000285323000 	/System/Library/PrivateFrameworks/VFX.framework/Versions/A/VFX
0x00000001e61c6000 	/System/Library/PrivateFrameworks/AppleCVA.framework/Versions/A/AppleCVA
0x0000000249740000 	/System/Library/PrivateFrameworks/AvatarKitContent.framework/Versions/A/AvatarKitContent
0x000000023e796000 	/System/Library/Frameworks/MetalFX.framework/Versions/A/MetalFX
0x000000024ccb4000 	/System/Library/PrivateFrameworks/CompositorNonUI.framework/Versions/A/CompositorNonUI
0x000000023ac07000 	/System/Library/Frameworks/ARKit.framework/Versions/A/ARKit
0x00000002453cd000 	/System/Library/PrivateFrameworks/ARKitCore.framework/Versions/A/ARKitCore
0x000000029075e000 	/usr/lib/libDisplayWarpSupport.dylib
0x000000024e402000 	/System/Library/PrivateFrameworks/CoreComposite.framework/Versions/A/CoreComposite
0x0000000290b97000 	/usr/lib/libchannel.dylib
0x0000000291891000 	/usr/lib/librealtime_safety.dylib
0x000000024545a000 	/System/Library/PrivateFrameworks/ARKitFoundation.framework/Versions/A/ARKitFoundation
0x0000000247a52000 	/System/Library/PrivateFrameworks/AppleDepth.framework/Versions/A/AppleDepth
0x0000000247bc8000 	/System/Library/PrivateFrameworks/AppleDepthCore.framework/Versions/A/AppleDepthCore
0x00000001ae36a000 	/System/Library/PrivateFrameworks/CoreAppleCVA.framework/Versions/A/CoreAppleCVA
0x00000001bb11b000 	/System/Library/PrivateFrameworks/ContactsUICore.framework/Versions/A/ContactsUICore
0x00000001c292d000 	/System/Library/PrivateFrameworks/ContactsDonation.framework/Versions/A/ContactsDonation
0x00000001c21e4000 	/System/Library/PrivateFrameworks/DataDetectors.framework/Versions/A/DataDetectors
0x00000001b4b3a000 	/System/Library/Frameworks/MediaLibrary.framework/Versions/A/MediaLibrary
0x00000001af262000 	/System/Library/PrivateFrameworks/PersonaKit.framework/Versions/A/PersonaKit
0x00000001bb109000 	/System/Library/PrivateFrameworks/PersonaUI.framework/Versions/A/PersonaUI
0x00000001d5bcb000 	/System/Library/PrivateFrameworks/Transparency.framework/Versions/A/Transparency
0x0000000254c00000 	/System/Library/PrivateFrameworks/FindMyLocate.framework/Versions/A/FindMyLocate
0x00000001c41ee000 	/System/Library/PrivateFrameworks/IntlPreferences.framework/Versions/A/IntlPreferences
0x0000000254ad9000 	/System/Library/PrivateFrameworks/FindMyCommon.framework/Versions/A/FindMyCommon
0x00000002548c9000 	/System/Library/PrivateFrameworks/FindMyBase.framework/Versions/A/FindMyBase
0x0000000240033000 	/System/Library/Frameworks/NearbyInteraction.framework/Versions/A/NearbyInteraction
0x00000001aee83000 	/System/Library/PrivateFrameworks/AddressBookCore.framework/Versions/A/AddressBookCore
0x00000001c9aed000 	/System/Library/PrivateFrameworks/ToneKit.framework/Versions/A/ToneKit
0x00000001c4235000 	/System/Library/PrivateFrameworks/ToneLibrary.framework/Versions/A/ToneLibrary
0x000000024cfb9000 	/System/Library/PrivateFrameworks/ContactsAccounts.framework/Versions/A/ContactsAccounts
0x00000001c7eb7000 	/System/Library/PrivateFrameworks/Lookup.framework/Versions/A/Lookup
0x0000000240918000 	/System/Library/Frameworks/QuickLookUI.framework/Versions/A/QuickLookUI
0x000000024132d000 	/System/Library/Frameworks/ScreenCaptureKit.framework/Versions/A/ScreenCaptureKit
0x00000001c4f67000 	/System/Library/Frameworks/Quartz.framework/Versions/A/Frameworks/QuartzComposer.framework/Versions/A/QuartzComposer
0x00000001c41c5000 	/System/Library/Frameworks/Quartz.framework/Versions/A/Frameworks/QuartzFilters.framework/Versions/A/QuartzFilters
0x00000001c3271000 	/System/Library/Frameworks/Quartz.framework/Versions/A/Frameworks/ImageKit.framework/Versions/A/ImageKit
0x000000023aa14000 	/System/Library/Frameworks/OpenCL.framework/Versions/A/OpenCL
0x00000001c1784000 	/System/Library/PrivateFrameworks/CorePDF.framework/Versions/A/CorePDF
0x00000001abf2c000 	/System/Library/Frameworks/QuickLook.framework/Versions/A/QuickLook
0x00000001b6a77000 	/System/Library/PrivateFrameworks/DisplayServices.framework/Versions/A/DisplayServices
0x00000001c414a000 	/System/Library/Frameworks/ImageCaptureCore.framework/Versions/A/ImageCaptureCore
0x000000028732f000 	/System/Library/PrivateFrameworks/VisionKitCore.framework/Versions/A/VisionKitCore
0x00000001bf894000 	/System/Library/PrivateFrameworks/QuickLookSupport.framework/Versions/A/QuickLookSupport
0x0000000268cc6000 	/System/Library/PrivateFrameworks/MediaAnalysisServices.framework/Versions/A/MediaAnalysisServices
0x00000001c6ea2000 	/System/Library/PrivateFrameworks/PhotoLibraryServices.framework/Versions/A/PhotoLibraryServices
0x00000001c3d62000 	/System/Library/Frameworks/Photos.framework/Versions/A/Photos
0x00000001d854f000 	/System/Library/PrivateFrameworks/PhotosFormats.framework/Versions/A/PhotosFormats
0x00000001d4a06000 	/System/Library/PrivateFrameworks/CloudPhotoLibrary.framework/Versions/A/CloudPhotoLibrary
0x00000001dddde000 	/System/Library/PrivateFrameworks/CloudPhotoServices.framework/Versions/A/CloudPhotoServices
0x00000001da37c000 	/System/Library/PrivateFrameworks/CoreMediaStream.framework/Versions/A/CoreMediaStream
0x00000001af923000 	/System/Library/PrivateFrameworks/CPAnalytics.framework/Versions/A/CPAnalytics
0x00000001d68cf000 	/System/Library/PrivateFrameworks/MediaConversionService.framework/Versions/A/MediaConversionService
0x00000001b6676000 	/System/Library/PrivateFrameworks/PhotoFoundation.framework/Versions/A/PhotoFoundation
0x000000027027b000 	/System/Library/PrivateFrameworks/PhotoLibraryServicesCore.framework/Versions/A/PhotoLibraryServicesCore
0x00000001d069b000 	/System/Library/PrivateFrameworks/MMCS.framework/Versions/A/MMCS
0x00000001b4993000 	/System/Library/PrivateFrameworks/ChunkingLibrary.framework/Versions/A/ChunkingLibrary
0x00000001ae60f000 	/System/Library/PrivateFrameworks/AssetCacheServices.framework/Versions/A/AssetCacheServices
0x00000001b05d7000 	/System/Library/PrivateFrameworks/AVFoundationCF.framework/Versions/A/AVFoundationCF
0x00000001ee2e3000 	/usr/lib/swift/libswiftDemangle.dylib
0x0000000261003000 	/System/Library/PrivateFrameworks/ImageCaptureDevices.framework/Versions/A/ImageCaptureDevices
0x00000001c24a1000 	/System/Library/PrivateFrameworks/MediaStream.framework/Versions/A/MediaStream
0x00000001d6d71000 	/System/Library/PrivateFrameworks/NeutrinoCore.framework/Versions/A/NeutrinoCore
0x000000019df60000 	/System/Library/PrivateFrameworks/NLP.framework/Versions/A/NLP
0x00000001dcb71000 	/System/Library/PrivateFrameworks/PhotoImaging.framework/Versions/A/PhotoImaging
0x00000001ddd9f000 	/System/Library/PrivateFrameworks/PhotosImagingFoundation.framework/Versions/A/PhotosImagingFoundation
0x0000000270e27000 	/System/Library/PrivateFrameworks/PhotosIntelligenceCore.framework/Versions/A/PhotosIntelligenceCore
0x00000001b0a12000 	/System/Library/PrivateFrameworks/EmbeddedAcousticRecognition.framework/Versions/A/EmbeddedAcousticRecognition
0x00000001cbcf0000 	/System/Library/PrivateFrameworks/EmojiFoundation.framework/Versions/A/EmojiFoundation
0x00000001d4c7f000 	/System/Library/PrivateFrameworks/SDAPI.framework/Versions/A/SDAPI
0x00000001ddded000 	/System/Library/PrivateFrameworks/AutoLoop.framework/Versions/A/AutoLoop
0x0000000271a04000 	/System/Library/PrivateFrameworks/Portrait.framework/Versions/A/Portrait
0x0000000255290000 	/System/Library/PrivateFrameworks/FusionTracker.framework/Versions/A/FusionTracker
0x00000001c4a01000 	/System/Library/PrivateFrameworks/iTunesCloud.framework/Versions/A/iTunesCloud
0x00000001cdbe0000 	/System/Library/PrivateFrameworks/DAAPKit.framework/Versions/A/DAAPKit
0x00000001bfc10000 	/System/Library/PrivateFrameworks/DeviceManagement.framework/Versions/A/DeviceManagement
0x00000001e3de3000 	/System/Library/PrivateFrameworks/ScreenTimeUI.framework/Versions/A/ScreenTimeUI
0x00000001c21de000 	/System/Library/PrivateFrameworks/QuickLookNonBaseSystem.framework/Versions/A/QuickLookNonBaseSystem
0x00000001c2a03000 	/System/Library/PrivateFrameworks/Catalyst.framework/Versions/A/Catalyst
0x00000001c43e7000 	/System/Library/PrivateFrameworks/ScreenTimeCore.framework/Versions/A/ScreenTimeCore
0x00000001d79ff000 	/System/Library/PrivateFrameworks/ScreenTimeServiceUI.framework/Versions/A/ScreenTimeServiceUI
0x00000001d082b000 	/System/Library/PrivateFrameworks/ConfigurationEngineModel.framework/Versions/A/ConfigurationEngineModel
0x00000001d39dc000 	/System/Library/PrivateFrameworks/UsageTracking.framework/Versions/A/UsageTracking
0x000000023c514000 	/System/Library/Frameworks/DeviceActivity.framework/Versions/A/DeviceActivity
0x00000001d39ac000 	/System/Library/PrivateFrameworks/KnowledgeMonitor.framework/Versions/A/KnowledgeMonitor
0x00000001eb296000 	/System/Library/PrivateFrameworks/BluetoothManager.framework/Versions/A/BluetoothManager
0x000000023db1b000 	/System/Library/Frameworks/ManagedSettings.framework/Versions/A/ManagedSettings
0x0000000268426000 	/System/Library/PrivateFrameworks/ManagedSettingsSupport.framework/Versions/A/ManagedSettingsSupport
0x00000001e8690000 	/System/Library/Frameworks/ReplayKit.framework/Versions/A/ReplayKit
0x00000001b7a36000 	/System/Library/PrivateFrameworks/MarkupUI.framework/Versions/A/MarkupUI
0x00000001c21b6000 	/System/Library/PrivateFrameworks/SidecarCore.framework/Versions/A/SidecarCore
0x00000001c4e1c000 	/System/Library/PrivateFrameworks/AnnotationKit.framework/Versions/A/AnnotationKit
0x00000001c34b6000 	/System/Library/Frameworks/PencilKit.framework/Versions/A/PencilKit
0x00000001c367b000 	/System/Library/PrivateFrameworks/SidecarUI.framework/Versions/A/SidecarUI
0x00000001c2e13000 	/System/Library/PrivateFrameworks/CoreHandwriting.framework/Versions/A/CoreHandwriting
0x0000000197b37000 	/usr/lib/libmecabra.dylib
0x00000001bb6da000 	/System/Library/PrivateFrameworks/Calculate.framework/Versions/A/Calculate
0x00000001a762d000 	/usr/lib/libChineseTokenizer.dylib
0x00000001f96e2000 	/System/Library/PrivateFrameworks/ScreenReaderCore.framework/Versions/A/ScreenReaderCore
0x000000027eb5b000 	/System/Library/PrivateFrameworks/StocksKit.framework/Versions/A/StocksKit
0x00000001ba6d7000 	/System/Library/PrivateFrameworks/OAuth.framework/Versions/A/OAuth
0x000000027e84c000 	/System/Library/PrivateFrameworks/StocksCore.framework/Versions/A/StocksCore
0x000000027fe2b000 	/System/Library/PrivateFrameworks/TeaFoundation.framework/Versions/A/TeaFoundation
0x000000028000d000 	/System/Library/PrivateFrameworks/TeaSettings.framework/Versions/A/TeaSettings
0x00000001ef9ab000 	/System/Library/PrivateFrameworks/NewsCore.framework/Versions/A/NewsCore
0x000000027fdc7000 	/System/Library/PrivateFrameworks/TeaDB.framework/Versions/A/TeaDB
0x00000001ec3aa000 	/System/Library/PrivateFrameworks/RemoteConfiguration.framework/Versions/A/RemoteConfiguration
0x00000001ef5b6000 	/System/Library/PrivateFrameworks/NewsTransport.framework/Versions/A/NewsTransport
0x00000001ef99b000 	/System/Library/PrivateFrameworks/NewsFoundation.framework/Versions/A/NewsFoundation
0x000000026c754000 	/System/Library/PrivateFrameworks/NewsURLBucket.framework/Versions/A/NewsURLBucket
0x00000001c6a9b000 	/System/Library/PrivateFrameworks/MobileInstallation.framework/Versions/A/MobileInstallation
0x0000000242e49000 	/System/Library/Frameworks/Translation.framework/Versions/A/Translation
0x00000001df7ef000 	/System/Library/PrivateFrameworks/RevealCore.framework/Versions/A/RevealCore
0x00000001df7e3000 	/System/Library/PrivateFrameworks/Reveal.framework/Versions/A/Reveal
0x00000001d76c9000 	/System/Library/Frameworks/Speech.framework/Versions/A/Speech
0x00000002442ad000 	/System/Library/PrivateFrameworks/AIMLExperimentationAnalytics.framework/Versions/A/AIMLExperimentationAnalytics
0x000000024660b000 	/System/Library/PrivateFrameworks/AlgorithmsInternal.framework/Versions/A/AlgorithmsInternal
0x000000028365f000 	/System/Library/PrivateFrameworks/TranslationUIServices.framework/Versions/A/TranslationUIServices
0x000000028254b000 	/System/Library/PrivateFrameworks/TipKitCore.framework/Versions/A/TipKitCore
0x00000001cbd74000 	/System/Library/PrivateFrameworks/CoreCDPInternal.framework/Versions/A/CoreCDPInternal
0x00000002617df000 	/System/Library/PrivateFrameworks/InputAnalytics.framework/Versions/A/InputAnalytics
0x00000001d180d000 	/System/Library/Frameworks/InstantMessage.framework/Versions/A/InstantMessage
0x00000001c9864000 	/System/Library/PrivateFrameworks/IDSKVStore.framework/Versions/A/IDSKVStore
0x00000001c9543000 	/System/Library/PrivateFrameworks/IMDPersistence.framework/Versions/A/IMDPersistence
0x0000000285219000 	/System/Library/PrivateFrameworks/UserSafety.framework/Versions/A/UserSafety
0x00000001ea4a4000 	/System/Library/PrivateFrameworks/BlastDoor.framework/Versions/A/BlastDoor
0x0000000265c7e000 	/System/Library/PrivateFrameworks/LinkPresentationStyleSheetParsing.framework/Versions/A/LinkPresentationStyleSheetParsing
0x0000000271bb5000 	/System/Library/PrivateFrameworks/PosterFoundation.framework/Versions/A/PosterFoundation
0x0000000271c43000 	/System/Library/PrivateFrameworks/PosterModel.framework/Versions/A/PosterModel
0x0000000271c1e000 	/System/Library/PrivateFrameworks/PosterFuturesKit.framework/Versions/A/PosterFuturesKit
0x00000002546c0000 	/System/Library/PrivateFrameworks/FeedbackService.framework/Versions/A/FeedbackService
0x00000001c2884000 	/System/Library/PrivateFrameworks/CoreSDB.framework/Versions/A/CoreSDB
0x0000000248e26000 	/System/Library/PrivateFrameworks/AskToCore.framework/Versions/A/AskToCore
0x00000001e461a000 	/System/Library/PrivateFrameworks/MachineSettings.framework/Versions/A/MachineSettings
0x00000001d612b000 	/System/Library/PrivateFrameworks/BezelServices.framework/Versions/A/BezelServices
0x00000001cdc6c000 	/System/Library/PrivateFrameworks/SPOwner.framework/Versions/A/SPOwner
0x00000001c670b000 	/System/Library/PrivateFrameworks/FMCore.framework/Versions/A/FMCore
0x00000001c5f05000 	/System/Library/PrivateFrameworks/AppleMediaServicesUI.framework/Versions/A/AppleMediaServicesUI
0x000000028bb1a000 	/System/Library/PrivateFrameworks/iCloudQuota.framework/Versions/A/iCloudQuota
0x00000001bb086000 	/System/Library/PrivateFrameworks/CoreRecognition.framework/Versions/A/CoreRecognition
0x00000001d61e1000 	/System/Library/PrivateFrameworks/InAppMessages.framework/Versions/A/InAppMessages
0x00000001f82d3000 	/System/Library/PrivateFrameworks/JetUI.framework/Versions/A/JetUI
0x0000000264f5f000 	/System/Library/PrivateFrameworks/JetPack.framework/Versions/A/JetPack
0x00000001d61d8000 	/System/Library/PrivateFrameworks/InAppMessagesCore.framework/Versions/A/InAppMessagesCore
0x000000028aee5000 	/System/Library/PrivateFrameworks/_JetEngine_SwiftUI.framework/Versions/A/_JetEngine_SwiftUI
0x000000027f8e4000 	/System/Library/PrivateFrameworks/Synapse.framework/Versions/A/Synapse
0x000000024afc8000 	/System/Library/PrivateFrameworks/CSExattrCrypto.framework/Versions/A/CSExattrCrypto
0x00000001c7ba0000 	/System/Library/PrivateFrameworks/StoreFoundation.framework/Versions/A/StoreFoundation
0x00000001c6705000 	/System/Library/PrivateFrameworks/ServerInformation.framework/Versions/A/ServerInformation
0x00000001c613b000 	/System/Library/PrivateFrameworks/Install.framework/Frameworks/DistributionKit.framework/Versions/A/DistributionKit
0x00000001bf668000 	/System/Library/PrivateFrameworks/PackageKit.framework/Versions/A/PackageKit
0x00000001c615e000 	/System/Library/PrivateFrameworks/OSPersonalization.framework/Versions/A/OSPersonalization
0x00000001c812a000 	/System/Library/PrivateFrameworks/BridgeOSSoftwareUpdate.framework/Versions/A/BridgeOSSoftwareUpdate
0x00000001c2d1b000 	/System/Library/PrivateFrameworks/StorageManagement.framework/Versions/A/StorageManagement
0x00000001d754f000 	/usr/lib/libauthinstall.dylib
0x00000001c8133000 	/System/Library/PrivateFrameworks/InstallerDiagnostics.framework/Versions/A/InstallerDiagnostics
0x00000001d7bcb000 	/usr/lib/libcrypto.42.dylib
0x000000029219b000 	/usr/lib/updaters/libAppleTconUARPUpdater.dylib
0x00000002922be000 	/usr/lib/updaters/libT200Updater.dylib
0x00000001c8118000 	/System/Library/PrivateFrameworks/GPUInfo.framework/Versions/A/GPUInfo
0x00000001d62dc000 	/System/Library/PrivateFrameworks/MobileActivationMacOS.framework/Versions/A/MobileActivationMacOS
0x00000001ba619000 	/System/Library/PrivateFrameworks/AccountsDaemon.framework/Versions/A/AccountsDaemon
0x000000025dda9000 	/System/Library/PrivateFrameworks/GenerativePartnerService.framework/Versions/A/GenerativePartnerService
0x00000001aa682000 	/System/Library/PrivateFrameworks/CacheDelete.framework/Versions/A/CacheDelete
0x00000001b2fea000 	/System/Library/Frameworks/QuickLookThumbnailing.framework/Versions/A/QuickLookThumbnailing
0x00000001c8177000 	/System/Library/PrivateFrameworks/AOSKit.framework/Versions/A/AOSKit
0x00000001a775e000 	/System/Library/PrivateFrameworks/AppSSOCore.framework/Versions/A/AppSSOCore
0x00000001c1b8e000 	/System/Library/Frameworks/AVFoundation.framework/Versions/A/AVFoundation
0x00000002497da000 	/System/Library/PrivateFrameworks/BackgroundSystemTasks.framework/Versions/A/BackgroundSystemTasks
0x00000001b2f00000 	/System/Library/PrivateFrameworks/DuetActivityScheduler.framework/Versions/A/DuetActivityScheduler
0x00000001d4935000 	/System/Library/PrivateFrameworks/NetworkServiceProxy.framework/Versions/A/NetworkServiceProxy
0x00000001ae2a3000 	/usr/lib/libnetworkextension.dylib
0x00000001b0921000 	/System/Library/PrivateFrameworks/Rapport.framework/Versions/A/Rapport
0x000000027f60d000 	/System/Library/PrivateFrameworks/Symptoms.framework/Versions/A/Frameworks/SymptomAnalytics.framework/Versions/A/SymptomAnalytics
0x00000001ab0b6000 	/System/Library/Frameworks/NetworkExtension.framework/Versions/A/NetworkExtension
0x00000001b16c7000 	/System/Library/PrivateFrameworks/CoreDuetContext.framework/Versions/A/CoreDuetContext
0x000000019c5bb000 	/System/Library/PrivateFrameworks/CoreDuet.framework/Versions/A/CoreDuet
0x00000001b63d0000 	/System/Library/PrivateFrameworks/AssistantServices.framework/Versions/A/AssistantServices
0x00000001b071b000 	/System/Library/PrivateFrameworks/SAObjects.framework/Versions/A/SAObjects
0x00000001b5fcb000 	/System/Library/PrivateFrameworks/MediaRemote.framework/Versions/A/MediaRemote
0x00000001c866b000 	/System/Library/PrivateFrameworks/SiriInstrumentation.framework/Versions/A/SiriInstrumentation
0x00000002765cc000 	/System/Library/PrivateFrameworks/SiriAnalytics.framework/Versions/A/SiriAnalytics
0x000000027c46e000 	/System/Library/PrivateFrameworks/SiriTTSService.framework/Versions/A/SiriTTSService
0x0000000276f08000 	/System/Library/PrivateFrameworks/SiriCrossDeviceArbitration.framework/Versions/A/SiriCrossDeviceArbitration
0x00000001c5ed7000 	/System/Library/PrivateFrameworks/FeedbackLogger.framework/Versions/A/FeedbackLogger
0x000000025426d000 	/System/Library/PrivateFrameworks/FaceTimeNameUtility.framework/Versions/A/FaceTimeNameUtility
0x0000000276f5c000 	/System/Library/PrivateFrameworks/SiriCrossDeviceArbitrationFeedback.framework/Versions/A/SiriCrossDeviceArbitrationFeedback
0x000000025dc65000 	/System/Library/PrivateFrameworks/GenerativeModels.framework/Versions/A/GenerativeModels
0x000000023ad4d000 	/System/Library/Frameworks/AVRouting.framework/Versions/A/AVRouting
0x00000001bae99000 	/System/Library/PrivateFrameworks/MediaServices.framework/Versions/A/MediaServices
0x00000001a8cdc000 	/System/Library/Frameworks/MediaToolbox.framework/Versions/A/MediaToolbox
0x00000001af6c5000 	/System/Library/PrivateFrameworks/CoreAVCHD.framework/Versions/A/CoreAVCHD
0x00000001af6c1000 	/System/Library/PrivateFrameworks/Mangrove.framework/Versions/A/Mangrove
0x000000024ade4000 	/System/Library/PrivateFrameworks/CMPhoto.framework/Versions/A/CMPhoto
0x00000001afea6000 	/System/Library/Frameworks/CoreTelephony.framework/Versions/A/CoreTelephony
0x00000001af6b4000 	/System/Library/PrivateFrameworks/CoreAUC.framework/Versions/A/CoreAUC
0x000000024811d000 	/System/Library/PrivateFrameworks/AppleJPEGXL.framework/Versions/A/AppleJPEGXL
0x00000001aa723000 	/usr/lib/libTelephonyUtilDynamic.dylib
0x00000001b0559000 	/System/Library/Frameworks/LocalAuthentication.framework/Versions/A/LocalAuthentication
0x0000000265eb4000 	/System/Library/PrivateFrameworks/LocalAuthenticationCore.framework/Versions/A/LocalAuthenticationCore
0x0000000266039000 	/System/Library/PrivateFrameworks/LocalAuthenticationCredentialServices.framework/Versions/A/LocalAuthenticationCredentialServices
0x00000001b05c5000 	/System/Library/Frameworks/LocalAuthentication.framework/Support/SharedUtils.framework/Versions/A/SharedUtils
0x00000001a7ba7000 	/System/Library/PrivateFrameworks/PersistentConnection.framework/Versions/A/PersistentConnection
0x000000027dc81000 	/System/Library/PrivateFrameworks/SonicFoundation.framework/Versions/A/SonicFoundation
0x0000000252ad1000 	/System/Library/PrivateFrameworks/Dendrite.framework/Versions/A/Dendrite
0x00000001ca52b000 	/usr/lib/libtailspin.dylib
0x00000001ddefd000 	/System/Library/PrivateFrameworks/Osprey.framework/Versions/A/Osprey
0x000000027bac9000 	/System/Library/PrivateFrameworks/SiriTTS.framework/Versions/A/SiriTTS
0x00000001c294a000 	/System/Library/Frameworks/NaturalLanguage.framework/Versions/A/NaturalLanguage
0x000000027a8af000 	/System/Library/PrivateFrameworks/SiriPowerInstrumentation.framework/Versions/A/SiriPowerInstrumentation
0x00000001c380b000 	/System/Library/PrivateFrameworks/Trial.framework/Versions/A/Trial
0x00000001c378d000 	/System/Library/PrivateFrameworks/TrialProto.framework/Versions/A/TrialProto
0x0000000284906000 	/System/Library/PrivateFrameworks/UnifiedAssetFramework.framework/Versions/A/UnifiedAssetFramework
0x00000001dff23000 	/usr/lib/swift/libswiftAVFoundation.dylib
0x00000001f0349000 	/usr/lib/swift/libswiftNaturalLanguage.dylib
0x000000027fdc5000 	/System/Library/PrivateFrameworks/TailspinSymbolication.framework/Versions/A/TailspinSymbolication
0x0000000252710000 	/System/Library/PrivateFrameworks/Darwinup.framework/Versions/A/Darwinup
0x00000001d690a000 	/System/Library/PrivateFrameworks/SignpostSupport.framework/Versions/A/SignpostSupport
0x00000001c2811000 	/System/Library/PrivateFrameworks/FeatureFlagsSupport.framework/Versions/A/FeatureFlagsSupport
0x00000001d603d000 	/System/Library/PrivateFrameworks/ktrace.framework/Versions/A/ktrace
0x00000001d6b39000 	/System/Library/PrivateFrameworks/SampleAnalysis.framework/Versions/A/SampleAnalysis
0x00000001df7bd000 	/System/Library/PrivateFrameworks/kperfdata.framework/Versions/A/kperfdata
0x00000001ac06d000 	/usr/lib/libdscsym.dylib
0x00000001dfc79000 	/System/Library/PrivateFrameworks/BulkSymbolication.framework/Versions/A/BulkSymbolication
0x00000001b3036000 	/System/Library/PrivateFrameworks/Espresso.framework/Versions/A/Espresso
0x00000001a118d000 	/System/Library/Frameworks/CoreML.framework/Versions/A/CoreML
0x00000001f9a89000 	/System/Library/PrivateFrameworks/ANECompiler.framework/Versions/A/ANECompiler
0x00000001b5123000 	/System/Library/PrivateFrameworks/AppleNeuralEngine.framework/Versions/A/AppleNeuralEngine
0x000000023e83d000 	/System/Library/Frameworks/MetalPerformanceShadersGraph.framework/Versions/A/MetalPerformanceShadersGraph
0x0000000266940000 	/System/Library/PrivateFrameworks/MLCompilerServices.framework/Versions/A/MLCompilerServices
0x00000001b3ed2000 	/System/Library/PrivateFrameworks/ANEServices.framework/Versions/A/ANEServices
0x000000026d7af000 	/System/Library/PrivateFrameworks/ODIE.framework/Versions/A/ODIE
0x00000002668e4000 	/System/Library/PrivateFrameworks/MLCompilerRuntime.framework/Versions/A/MLCompilerRuntime
0x00000001a556f000 	/System/Library/Frameworks/MLCompute.framework/Versions/A/MLCompute
0x0000000266866000 	/System/Library/PrivateFrameworks/MLAssetIO.framework/Versions/A/MLAssetIO
0x0000000291c73000 	/usr/lib/swift/libswiftMLCompute.dylib
0x00000001b00ac000 	/System/Library/PrivateFrameworks/AVFCore.framework/Versions/A/AVFCore
0x00000001b9629000 	/System/Library/PrivateFrameworks/AVFCapture.framework/Versions/A/AVFCapture
0x000000024abcd000 	/System/Library/PrivateFrameworks/CMImaging.framework/Versions/A/CMImaging
0x00000001b9872000 	/System/Library/PrivateFrameworks/Quagga.framework/Versions/A/Quagga
0x00000001b99a6000 	/System/Library/PrivateFrameworks/CMCapture.framework/Versions/A/CMCapture
0x00000001aa2a9000 	/System/Library/Frameworks/CoreMediaIO.framework/Versions/A/CoreMediaIO
0x000000024ab09000 	/System/Library/PrivateFrameworks/CMCaptureDevice.framework/Versions/A/CMCaptureDevice
0x00000001a7d1d000 	/System/Library/PrivateFrameworks/CoreBrightness.framework/Versions/A/CoreBrightness
0x000000024bbde000 	/System/Library/PrivateFrameworks/CinematicFraming.framework/Versions/A/CinematicFraming
0x00000001dcfbb000 	/System/Library/PrivateFrameworks/CPMS.framework/Versions/A/CPMS
0x000000027fabb000 	/System/Library/PrivateFrameworks/SystemStatus.framework/Versions/A/SystemStatus
0x00000001c1786000 	/System/Library/Frameworks/CoreMotion.framework/Versions/A/CoreMotion
0x00000001d18cb000 	/System/Library/PrivateFrameworks/TimeSync.framework/Versions/A/TimeSync
0x00000002533ee000 	/System/Library/PrivateFrameworks/DistributedSensing.framework/Versions/A/DistributedSensing
0x00000001cceab000 	/System/Library/PrivateFrameworks/MobileBluetooth.framework/Versions/A/MobileBluetooth
0x00000001d35c4000 	/System/Library/PrivateFrameworks/IOKitten.framework/Versions/A/IOKitten
0x0000000198db3000 	/System/Library/PrivateFrameworks/LanguageModeling.framework/Versions/A/LanguageModeling
0x000000019dd67000 	/System/Library/PrivateFrameworks/Montreal.framework/Versions/A/Montreal
0x00000001a5fda000 	/usr/lib/libcmph.dylib
0x000000025dd3e000 	/System/Library/PrivateFrameworks/GenerativeModelsFoundation.framework/Versions/A/GenerativeModelsFoundation
0x00000002828b3000 	/System/Library/PrivateFrameworks/TokenGeneration.framework/Versions/A/TokenGeneration
0x000000025db21000 	/System/Library/PrivateFrameworks/GenerativeFunctions.framework/Versions/A/GenerativeFunctions
0x000000025db6d000 	/System/Library/PrivateFrameworks/GenerativeFunctionsFoundation.framework/Versions/A/GenerativeFunctionsFoundation
0x000000026a08c000 	/System/Library/PrivateFrameworks/ModelCatalog.framework/Versions/A/ModelCatalog
0x0000000275a79000 	/System/Library/PrivateFrameworks/SensitiveContentAnalysisML.framework/Versions/A/SensitiveContentAnalysisML
0x000000025dc02000 	/System/Library/PrivateFrameworks/GenerativeFunctionsInstrumentation.framework/Versions/A/GenerativeFunctionsInstrumentation
0x0000000272cc7000 	/System/Library/PrivateFrameworks/PromptKit.framework/Versions/A/PromptKit
0x00000002727a4000 	/System/Library/PrivateFrameworks/ProactiveDaemonSupport.framework/Versions/A/ProactiveDaemonSupport
0x000000026a46e000 	/System/Library/PrivateFrameworks/ModelManagerServices.framework/Versions/A/ModelManagerServices
0x0000000282b01000 	/System/Library/PrivateFrameworks/TokenGenerationCore.framework/Versions/A/TokenGenerationCore
0x000000024804a000 	/System/Library/PrivateFrameworks/AppleIntelligenceReporting.framework/Versions/A/AppleIntelligenceReporting
0x0000000247cb2000 	/System/Library/PrivateFrameworks/AppleFlatBuffers.framework/Versions/A/AppleFlatBuffers
0x0000000275cb2000 	/System/Library/PrivateFrameworks/SentencePieceInternal.framework/Versions/A/SentencePieceInternal
0x00000001ae687000 	/System/Library/Frameworks/Vision.framework/Versions/A/Vision
0x00000002520e8000 	/System/Library/PrivateFrameworks/CoreSceneUnderstanding.framework/Versions/A/CoreSceneUnderstanding
0x00000002872e3000 	/System/Library/PrivateFrameworks/VisionCore.framework/Versions/A/VisionCore
0x00000001cbe4c000 	/System/Library/Frameworks/Vision.framework/libfaceCore.dylib
0x00000001cc96f000 	/System/Library/PrivateFrameworks/Futhark.framework/Versions/A/Futhark
0x00000001d0747000 	/System/Library/PrivateFrameworks/InertiaCam.framework/Versions/A/InertiaCam
0x00000001cc6f7000 	/System/Library/PrivateFrameworks/TextRecognition.framework/Versions/A/TextRecognition
0x00000001a777f000 	/System/Library/PrivateFrameworks/CVNLP.framework/Versions/A/CVNLP
0x00000001a0c2c000 	/System/Library/PrivateFrameworks/ApplePushService.framework/Versions/A/ApplePushService
0x00000001a0c97000 	/System/Library/Frameworks/CloudKit.framework/Versions/A/CloudKit
0x00000001b4090000 	/System/Library/PrivateFrameworks/CoreDuetDaemonProtocol.framework/Versions/A/CoreDuetDaemonProtocol
0x00000001d910e000 	/System/Library/PrivateFrameworks/DeviceIdentity.framework/Versions/A/DeviceIdentity
0x0000000241544000 	/System/Library/Frameworks/SharedWithYouCore.framework/Versions/A/SharedWithYouCore
0x000000024c486000 	/System/Library/PrivateFrameworks/CloudTelemetry.framework/Versions/A/CloudTelemetry
0x00000001b29ce000 	/System/Library/PrivateFrameworks/AppleAccount.framework/Versions/A/AppleAccount
0x00000001b2f8f000 	/System/Library/PrivateFrameworks/C2.framework/Versions/A/C2
0x000000024c0f8000 	/System/Library/PrivateFrameworks/CloudCoreInternal.framework/Versions/A/CloudCoreInternal
0x000000024be9d000 	/System/Library/PrivateFrameworks/CloudAsset.framework/Versions/A/CloudAsset
0x00000001b2f86000 	/System/Library/Frameworks/PushKit.framework/Versions/A/PushKit
0x000000024c4a6000 	/System/Library/PrivateFrameworks/CloudTelemetryTools.framework/Versions/A/CloudTelemetryTools
0x00000001b4e80000 	/System/Library/PrivateFrameworks/RTCReporting.framework/Versions/A/RTCReporting
0x0000000244193000 	/System/Library/PrivateFrameworks/AAAFoundationSwift.framework/Versions/A/AAAFoundationSwift
0x00000001b2c59000 	/System/Library/PrivateFrameworks/AppleIDSSOAuthentication.framework/Versions/A/AppleIDSSOAuthentication
0x00000001c7a4b000 	/System/Library/PrivateFrameworks/CaptiveNetwork.framework/Versions/A/CaptiveNetwork
0x00000001b245f000 	/System/Library/PrivateFrameworks/EAP8021X.framework/Versions/A/EAP8021X
0x00000002524f6000 	/System/Library/PrivateFrameworks/CryptoKitPrivate.framework/Versions/A/CryptoKitPrivate
0x00000001c1dde000 	/System/Library/PrivateFrameworks/FindMyDevice.framework/Versions/A/FindMyDevice
0x00000001b6b66000 	/System/Library/PrivateFrameworks/FMCoreLite.framework/Versions/A/FMCoreLite
0x00000001a520f000 	/System/Library/Frameworks/ServiceManagement.framework/Versions/A/ServiceManagement
0x00000001d6b02000 	/System/Library/PrivateFrameworks/UIKitServices.framework/Versions/A/UIKitServices
0x0000000160000000 	/System/Library/Extensions/AGXMetalG16G_B0.bundle/Contents/MacOS/AGXMetalG16G_B0
0x00000001bad3a000 	/System/Library/PrivateFrameworks/IOGPU.framework/Versions/A/IOGPU
0x00000001c94c5000 	/System/Library/Frameworks/Accelerate.framework/Versions/A/Frameworks/vImage.framework/Versions/A/Libraries/libCGInterfaces.dylib
0x000000023a88e000 	/System/Library/Frameworks/OpenGL.framework/Versions/A/Resources/GLEngine.bundle/GLEngine
0x000000023a730000 	/System/Library/Frameworks/OpenGL.framework/Versions/A/Libraries/libGLProgrammability.dylib
0x0000000131d44000 	/System/Library/Extensions/AppleMetalOpenGLRenderer.bundle/Contents/MacOS/AppleMetalOpenGLRenderer
0x000000023a9ef000 	/System/Library/Frameworks/OpenGL.framework/Versions/A/Resources/GLRendererFloat.bundle/GLRendererFloat
0x00000002805d6000 	/System/Library/PrivateFrameworks/TextInputUI.framework/Versions/A/TextInputUI
0x000000028060a000 	/System/Library/PrivateFrameworks/TextInputUIMacHelper.framework/Versions/A/TextInputUIMacHelper
0x0000000154794000 	/Users/stefano.deblasi/Library/Application Support/ModrinthApp/meta/natives/1.20.1-0.18.4/liblwjgl_opengl.dylib
0x0000000164350000 	/Users/stefano.deblasi/Library/Application Support/ModrinthApp/meta/java_versions/zulu17.64.17-ca-jre17.0.18-macosx_aarch64/zulu-17.jre/Contents/Home/lib/libawt.dylib
0x0000000157cb0000 	/Users/stefano.deblasi/Library/Application Support/ModrinthApp/meta/java_versions/zulu17.64.17-ca-jre17.0.18-macosx_aarch64/zulu-17.jre/Contents/Home/lib/libmlib_image.dylib
0x000000023d9a1000 	/System/Library/Frameworks/JavaRuntimeSupport.framework/Versions/A/JavaRuntimeSupport
0x0000000166c00000 	/Users/stefano.deblasi/Library/Application Support/ModrinthApp/meta/java_versions/zulu17.64.17-ca-jre17.0.18-macosx_aarch64/zulu-17.jre/Contents/Home/lib/libawt_lwawt.dylib
0x0000000157c70000 	/Users/stefano.deblasi/Library/Application Support/ModrinthApp/meta/java_versions/zulu17.64.17-ca-jre17.0.18-macosx_aarch64/zulu-17.jre/Contents/Home/lib/libosxapp.dylib
0x00000001bfcd8000 	/System/Library/Frameworks/ExceptionHandling.framework/Versions/A/ExceptionHandling
0x0000000157d20000 	/private/var/folders/pd/smzmx_zx7rdfpvpjh7md1gdc0000gp/T/native-10370549052107058072.dylib
0x0000000157c50000 	/private/var/folders/pd/smzmx_zx7rdfpvpjh7md1gdc0000gp/T/native-6870223459531458869.dylib
0x0000000166dcc000 	/private/var/folders/pd/smzmx_zx7rdfpvpjh7md1gdc0000gp/T/libzstd-jni_dh-1.5.7-68869857353277569743.dylib
0x0000000331eb4000 	/private/var/folders/pd/smzmx_zx7rdfpvpjh7md1gdc0000gp/T/sqlite-3.47.2.0-72c5654a-723b-42de-85c6-f24cd66d7a21-libsqlitejdbc.dylib
0x0000000166d2c000 	/private/var/folders/pd/smzmx_zx7rdfpvpjh7md1gdc0000gp/T/libopus4j-1eb5d9e3e7c729c7d3e18224b0a53fb6/libopus4j.dylib
0x0000000157ddc000 	/private/var/folders/pd/smzmx_zx7rdfpvpjh7md1gdc0000gp/T/librnnoise4j-dd0bc92191c29275673e4f820630aa49/librnnoise4j.dylib
0x0000000162f80000 	/private/var/folders/pd/smzmx_zx7rdfpvpjh7md1gdc0000gp/T/libspeex4j-f75720920af514f7fd1a458b9748f906/libspeex4j.dylib
0x0000000166e70000 	/private/var/folders/pd/smzmx_zx7rdfpvpjh7md1gdc0000gp/T/liblame4j-616f7ca627be4f4f2d2039debf359014/liblame4j.dylib
0x0000000157d64000 	/private/var/folders/pd/smzmx_zx7rdfpvpjh7md1gdc0000gp/T/libjcocoa4503980982696130585.dylib
0x00000001cca6e000 	/System/Library/CoreServices/RawCamera.bundle/Contents/MacOS/RawCamera
0x0000000165dbc000 	/Users/stefano.deblasi/Library/Application Support/ModrinthApp/meta/natives/1.20.1-0.18.4/libopenal.dylib
0x00000001d1f19000 	/System/Library/PrivateFrameworks/TextToSpeech.framework/Versions/A/TextToSpeech
0x00000001d707e000 	/System/Library/PrivateFrameworks/AXAssetLoader.framework/Versions/A/AXAssetLoader
0x000000027f1fe000 	/System/Library/PrivateFrameworks/SwiftSQLite.framework/Versions/A/SwiftSQLite
0x0000000245a47000 	/System/Library/PrivateFrameworks/AccessibilityUtilities.framework/Versions/A/AccessibilityUtilities
0x00000001c2085000 	/System/Library/PrivateFrameworks/AccessibilitySharedSupport.framework/Versions/A/AccessibilitySharedSupport
0x00000001e3e33000 	/System/Library/PrivateFrameworks/AXRuntime.framework/Versions/A/AXRuntime
0x00000001c7a59000 	/System/Library/PrivateFrameworks/UniversalAccess.framework/Versions/A/UniversalAccess
0x0000000274b0b000 	/System/Library/PrivateFrameworks/Sage.framework/Versions/A/Sage
0x00000001d602d000 	/System/Library/PrivateFrameworks/AccessibilitySupport.framework/Versions/A/AccessibilitySupport
0x00000001d7b86000 	/System/Library/PrivateFrameworks/UniversalAccess.framework/Versions/A/Frameworks/UniversalAccessCore.framework/Versions/A/UniversalAccessCore
0x00000001dfc51000 	/System/Library/PrivateFrameworks/AccessibilitySupport.framework/Versions/A/Frameworks/AccessibilityEvents.framework/Versions/A/AccessibilityEvents
0x00000001d6c99000 	/System/Library/PrivateFrameworks/AccessibilitySupport.framework/Versions/A/Frameworks/AccessibilityFoundation.framework/Versions/A/AccessibilityFoundation
0x00000001dfb81000 	/System/Library/PrivateFrameworks/AccessibilitySupport.framework/Versions/A/Frameworks/AccessibilityKit.framework/Versions/A/AccessibilityKit
0x00000001dfbeb000 	/System/Library/PrivateFrameworks/AccessibilitySupport.framework/Versions/A/Frameworks/AccessibilityVisuals.framework/Versions/A/AccessibilityVisuals
0x00000001b06e6000 	/System/Library/PrivateFrameworks/BatteryUIKit.framework/Versions/A/BatteryUIKit
0x0000000284cff000 	/System/Library/PrivateFrameworks/UniversalControl.framework/Versions/A/UniversalControl
0x00000001b2eb8000 	/usr/lib/libScreenReader.dylib
0x0000000166ebc000 	/Users/stefano.deblasi/Library/Application Support/ModrinthApp/meta/natives/1.20.1-0.18.4/liblwjgl_stb.dylib
0x000000035b634000 	/Users/stefano.deblasi/Library/Application Support/ModrinthApp/profiles/GDCModpack 1.0.0/mods/mcef-libraries/macos_arm64/jcef_app.app/Contents/Java/libjcef.dylib
0x000000036680c000 	/Users/stefano.deblasi/Library/Application Support/ModrinthApp/profiles/GDCModpack 1.0.0/mods/mcef-libraries/macos_arm64/jcef_app.app/Contents/Frameworks/Chromium Embedded Framework.framework/Chromium Embedded Framework
0x00000001b2776000 	/System/Library/Frameworks/GameController.framework/Versions/A/GameController
0x000000025ba07000 	/System/Library/PrivateFrameworks/GameControllerFoundation.framework/Versions/A/GameControllerFoundation
0x000000025baab000 	/System/Library/PrivateFrameworks/GameControllerSettings.framework/Versions/A/GameControllerSettings
0x00000001b0662000 	/System/Library/Frameworks/CoreHaptics.framework/Versions/A/CoreHaptics
0x00000001eaf73000 	/System/Library/Frameworks/ForceFeedback.framework/Versions/A/ForceFeedback
0x00000001c470b000 	/System/Library/Frameworks/MediaPlayer.framework/Versions/A/MediaPlayer
0x00000001f033e000 	/System/Library/Frameworks/ScreenTime.framework/Versions/A/ScreenTime
0x00000001d097a000 	/usr/lib/libpmenergy.dylib
0x00000001e44e3000 	/usr/lib/libpmsample.dylib
0x00000001d5c44000 	/System/Library/PrivateFrameworks/NetworkStatistics.framework/Versions/A/NetworkStatistics
0x00000001c5bcd000 	/System/Library/PrivateFrameworks/MusicLibrary.framework/Versions/A/MusicLibrary
0x000000035c000000 	/Users/stefano.deblasi/Library/Application Support/ModrinthApp/meta/java_versions/zulu17.64.17-ca-jre17.0.18-macosx_aarch64/zulu-17.jre/Contents/Home/lib/libfontmanager.dylib
0x00000003598a4000 	/Users/stefano.deblasi/Library/Application Support/ModrinthApp/meta/java_versions/zulu17.64.17-ca-jre17.0.18-macosx_aarch64/zulu-17.jre/Contents/Home/lib/libfreetype.dylib
0x00000001cca5e000 	/System/Library/PrivateFrameworks/SafariPlatformSupport.framework/Versions/A/SafariPlatformSupport
0x000000027e27b000 	/System/Library/PrivateFrameworks/SpotlightKnowledge.framework/Versions/A/SpotlightKnowledge
0x000000025389c000 	/System/Library/PrivateFrameworks/DocumentUnderstandingClient.framework/Versions/A/DocumentUnderstandingClient
0x000000027e262000 	/System/Library/PrivateFrameworks/SpotlightEmbedding.framework/Versions/A/SpotlightEmbedding
0x000000019c55e000 	/System/Library/PrivateFrameworks/SpotlightLinguistics.framework/Versions/A/SpotlightLinguistics
0x000000027e42f000 	/System/Library/PrivateFrameworks/SpotlightResources.framework/Versions/A/SpotlightResources
0x00000001b4447000 	/System/Library/PrivateFrameworks/SpotlightIndex.framework/Versions/A/SpotlightIndex
0x00000001c7a0f000 	/System/Library/PrivateFrameworks/DataDeliveryServices.framework/Versions/A/DataDeliveryServices
0x000000024bc17000 	/System/Library/PrivateFrameworks/CipherML.framework/Versions/A/CipherML
0x000000026fcee000 	/System/Library/PrivateFrameworks/PegasusKit.framework/Versions/A/PegasusKit
0x000000034d0c0000 	/System/Library/Components/CoreAudio.component/Contents/MacOS/CoreAudio
0x0000000318d34000 	/Users/stefano.deblasi/Library/Application Support/ModrinthApp/meta/java_versions/zulu17.64.17-ca-jre17.0.18-macosx_aarch64/zulu-17.jre/Contents/Home/lib/libjsound.dylib
0x000000045cde8000 	/Users/stefano.deblasi/Library/Application Support/ModrinthApp/profiles/GDCModpack 1.0.0/iammusicplayer/lava-walkyst-fork-1.3.98.4/darwin/libconnector.dylib


VM Arguments:
jvm_args: -Djava.library.path=/Users/stefano.deblasi/Library/Application Support/ModrinthApp/meta/natives/1.20.1-0.18.4 -Djna.tmpdir=/Users/stefano.deblasi/Library/Application Support/ModrinthApp/meta/natives/1.20.1-0.18.4 -Dorg.lwjgl.system.SharedLibraryExtractPath=/Users/stefano.deblasi/Library/Application Support/ModrinthApp/meta/natives/1.20.1-0.18.4 -Dio.netty.native.workdir=/Users/stefano.deblasi/Library/Application Support/ModrinthApp/meta/natives/1.20.1-0.18.4 -Dminecraft.launcher.brand=theseus -Dminecraft.launcher.version=0.15.7 -DFabricMcEmu=net.minecraft.client.main.Main -Xmx4096M -Dlog4j.configurationFile=/Users/stefano.deblasi/Library/Application Support/ModrinthApp/meta/log_configs/client-1.12.xml -javaagent:/private/var/folders/pd/smzmx_zx7rdfpvpjh7md1gdc0000gp/T/.tmpoJVqJN/theseus.jar -Dmodrinth.internal.ipc.host=127.0.0.1 -Dmodrinth.internal.ipc.port=61016 -Dmodrinth.internal.quickPlay.serverVersion=BUILTIN --add-opens=java.base/java.lang.reflect=ALL-UNNAMED 
java_command: com.modrinth.theseus.MinecraftLaunch net.fabricmc.loader.impl.launch.knot.KnotClient --username sd3rl0 --version 1.20.1 --gameDir /Users/stefano.deblasi/Library/Application Support/ModrinthApp/profiles/GDCModpack 1.0.0 --assetsDir /Users/stefano.deblasi/Library/Application Support/ModrinthApp/meta/assets --assetIndex 5 --uuid 74fef846dc6e471595886d9aeeb5e8e5 --accessToken eyJraWQiOiIwNDkxODEiLCJhbGciOiJSUzI1NiJ9.eyJ4dWlkIjoiMjUzNTQwNzczMzU5MjE1NSIsImFnZyI6IkFkdWx0Iiwic3ViIjoiYThkNGE2ZTMtMzRhNC00YzQyLThkYjctZDdmZTE0YzljNDU4IiwiYXV0aCI6IlhCT1giLCJucyI6ImRlZmF1bHQiLCJyb2xlcyI6W10sImlzcyI6ImF1dGhlbnRpY2F0aW9uIiwiZmxhZ3MiOlsibXVsdGlwbGF5ZXIiXSwicHJvZmlsZXMiOnsibWMiOiI3NGZlZjg0Ni1kYzZlLTQ3MTUtOTU4OC02ZDlhZWViNWU4ZTUifSwicG1pZCI6ImU5ZGQ3MGZkLTI2MzUtNTEyNC04ZWZjLTRiOWEyMjBlZTkwYSIsInBsYXRmb3JtIjoiUENfTEFVTkNIRVIiLCJ0aWQiOiJFOTlCMCIsInBmZCI6W3sidHlwZSI6Im1jIiwiaWQiOiI3NGZlZjg0Ni1kYzZlLTQ3MTUtOTU4OC02ZDlhZWViNWU4ZTUiLCJuYW1lIjoic2QzcmwwIn1dLCJ4aWQiOiIyNTM1NDA3NzMzNTkyMTU1IiwibmJmIjoxNzgzMzcyMzk0LCJleHAiOjE3ODM0NTg3OTQsImlhdCI6MTc4MzM3MjM5NCwiYWlkIjoiMDAwMDAwMDAtMDAwMC0wMDAwLTAwMDAtMDAwMDQwMmI1MzI4In0.plq02GYGGlo3rmeSthnNiRIxtFCsf7LalQUl0isGDhDwgreNNi_WbY6gqCDKhbnOeP4BhsNhKvaaciG74SgQr1swLEv_bUG5oMtGWVQXYRBtuOzrjI8UQ-FU7yydlMoiifL0vBHWB34FZDdc8bN8BgRmjL-XzfNW_l5fwznGQRP-2PEJAvu4Y2j89qrVQdrAk-ISpdhcbjRAbzUrt9HrhaASLWEzMyrsO7LLWEiQeaEYo2lh-D1rs4MzoDeFJ0kjUGFoUsF1e4Fu1c50z357yBR4vG2ApGOXtqyVeavwYWtO6yLouqMSlNtuUmq9Qx5Ty6ufKrlNOi_vcuW_WRqJrg --clientId c4502edb-87c6-40cb-b595-64a280cf8906 --xuid 0 --userType msa --versionType release --width 854 --height 480
java_class_path (initial): /private/var/folders/pd/smzmx_zx7rdfpvpjh7md1gdc0000gp/T/.tmpoJVqJN/theseus.jar:/Users/stefano.deblasi/Library/Application Support/ModrinthApp/meta/versions/1.20.1-0.18.4/1.20.1-0.18.4.jar:/Users/stefano.deblasi/Library/Application Support/ModrinthApp/meta/libraries/ca/weblite/java-objc-bridge/1.1/java-objc-bridge-1.1.jar:/Users/stefano.deblasi/Library/Application Support/ModrinthApp/meta/libraries/com/github/oshi/oshi-core/6.2.2/oshi-core-6.2.2.jar:/Users/stefano.deblasi/Library/Application Support/ModrinthApp/meta/libraries/com/google/code/gson/gson/2.10/gson-2.10.jar:/Users/stefano.deblasi/Library/Application Support/ModrinthApp/meta/libraries/com/google/guava/failureaccess/1.0.1/failureaccess-1.0.1.jar:/Users/stefano.deblasi/Library/Application Support/ModrinthApp/meta/libraries/com/google/guava/guava/31.1-jre/guava-31.1-jre.jar:/Users/stefano.deblasi/Library/Application Support/ModrinthApp/meta/libraries/com/ibm/icu/icu4j/71.1/icu4j-71.1.jar:/Users/stefano.deblasi/Library/Application Support/ModrinthApp/meta/libraries/com/mojang/authlib/4.0.43/authlib-4.0.43.jar:/Users/stefano.deblasi/Library/Application Support/ModrinthApp/meta/libraries/com/mojang/blocklist/1.0.10/blocklist-1.0.10.jar:/Users/stefano.deblasi/Library/Application Support/ModrinthApp/meta/libraries/com/mojang/brigadier/1.1.8/brigadier-1.1.8.jar:/Users/stefano.deblasi/Library/Application Support/ModrinthApp/meta/libraries/com/mojang/datafixerupper/6.0.8/datafixerupper-6.0.8.jar:/Users/stefano.deblasi/Library/Application Support/ModrinthApp/meta/libraries/com/mojang/logging/1.1.1/logging-1.1.1.jar:/Users/stefano.deblasi/Library/Application Support/ModrinthApp/meta/libraries/com/mojang/patchy/2.2.10/patchy-2.2.10.jar:/Users/stefano.deblasi/Library/Application Support/ModrinthApp/meta/libraries/com/mojang/text2speech/1.17.9/text2speech-1.17.9.jar:/Users/stefano.deblasi/Library/Application Support/ModrinthApp/meta/libraries/commons-codec/commons-codec/1.15/commons-codec-1.
Launcher Type: SUN_STANDARD

[Global flags]
     intx CICompilerCount                          = 4                                         {product} {ergonomic}
     uint ConcGCThreads                            = 2                                         {product} {ergonomic}
     uint G1ConcRefinementThreads                  = 9                                         {product} {ergonomic}
   size_t G1HeapRegionSize                         = 2097152                                   {product} {ergonomic}
    uintx GCDrainStackTargetSize                   = 64                                        {product} {ergonomic}
   size_t InitialHeapSize                          = 268435456                                 {product} {ergonomic}
   size_t MarkStackSize                            = 4194304                                   {product} {ergonomic}
   size_t MaxHeapSize                              = 4294967296                                {product} {command line}
   size_t MaxNewSize                               = 2575302656                                {product} {ergonomic}
   size_t MinHeapDeltaBytes                        = 2097152                                   {product} {ergonomic}
   size_t MinHeapSize                              = 8388608                                   {product} {ergonomic}
    uintx NonNMethodCodeHeapSize                   = 5839564                                {pd product} {ergonomic}
    uintx NonProfiledCodeHeapSize                  = 122909338                              {pd product} {ergonomic}
    uintx ProfiledCodeHeapSize                     = 122909338                              {pd product} {ergonomic}
    uintx ReservedCodeCacheSize                    = 251658240                              {pd product} {ergonomic}
     bool SegmentedCodeCache                       = true                                      {product} {ergonomic}
   size_t SoftMaxHeapSize                          = 4294967296                             {manageable} {ergonomic}
     bool UseCompressedClassPointers               = true                           {product lp64_product} {ergonomic}
     bool UseCompressedOops                        = true                           {product lp64_product} {ergonomic}
     bool UseG1GC                                  = true                                      {product} {ergonomic}
     bool UseNUMA                                  = false                                     {product} {ergonomic}
     bool UseNUMAInterleaving                      = false                                     {product} {ergonomic}

Logging:
Log output configuration:
 #0: stdout all=warning uptime,level,tags
 #1: stderr all=off uptime,level,tags

Environment Variables:
PATH=/usr/bin:/bin:/usr/sbin:/sbin
SHELL=/bin/zsh
TMPDIR=/var/folders/pd/smzmx_zx7rdfpvpjh7md1gdc0000gp/T/

Active Locale:
LC_ALL=C
LC_COLLATE=C
LC_CTYPE=C
LC_MESSAGES=C
LC_MONETARY=C
LC_NUMERIC=C
LC_TIME=C

Signal Handlers:
   SIGSEGV: crash_handler in libjvm.dylib, mask=11100110000111110111111111111111, flags=SA_RESTART|SA_SIGINFO, unblocked
    SIGBUS: crash_handler in libjvm.dylib, mask=11100110000111110111111111111111, flags=SA_RESTART|SA_SIGINFO, unblocked
    SIGFPE: crash_handler in libjvm.dylib, mask=11100110000111110111111111111111, flags=SA_RESTART|SA_SIGINFO, unblocked
   SIGPIPE: javaSignalHandler in libjvm.dylib, mask=11100110000111110111111111111111, flags=SA_RESTART|SA_SIGINFO, blocked
   SIGXFSZ: javaSignalHandler in libjvm.dylib, mask=11100110000111110111111111111111, flags=SA_RESTART|SA_SIGINFO, blocked
    SIGILL: crash_handler in libjvm.dylib, mask=11100110000111110111111111111111, flags=SA_RESTART|SA_SIGINFO, unblocked
   SIGUSR2: SR_handler in libjvm.dylib, mask=00000000000000000000000000000000, flags=SA_RESTART|SA_SIGINFO, blocked
    SIGHUP: UserHandler in libjvm.dylib, mask=11100110000111110111111111111111, flags=SA_RESTART|SA_SIGINFO, blocked
    SIGINT: UserHandler in libjvm.dylib, mask=11100110000111110111111111111111, flags=SA_RESTART|SA_SIGINFO, blocked
   SIGTERM: UserHandler in libjvm.dylib, mask=11100110000111110111111111111111, flags=SA_RESTART|SA_SIGINFO, blocked
   SIGQUIT: UserHandler in libjvm.dylib, mask=11100110000111110111111111111111, flags=SA_RESTART|SA_SIGINFO, blocked
   SIGTRAP: crash_handler in libjvm.dylib, mask=11100110000111110111111111111111, flags=SA_RESTART|SA_SIGINFO, unblocked


Periodic native trim disabled


---------------  S Y S T E M  ---------------

OS:
uname: Darwin 25.2.0 Darwin Kernel Version 25.2.0: Tue Nov 18 21:08:48 PST 2025; root:xnu-12377.61.12~1/RELEASE_ARM64_T8132 arm64
OS uptime: 19 days 0:50 hours
rlimit (soft/hard): STACK 8176k/65520k , CORE 0k/infinity , NPROC 2666/4000 , NOFILE 1048576/infinity , AS infinity/infinity , CPU infinity/infinity , DATA infinity/infinity , FSIZE infinity/infinity , MEMLOCK infinity/infinity , RSS infinity/infinity
load average: 86.72 33.18 16.46

CPU: total 10 (initial active 10) 0x61:0x0:0x6f5129ac:0, fp, simd, crc, lse
machdep.cpu.brand_string:Apple M4
hw.cachelinesize:128
hw.l1icachesize:131072
hw.l1dcachesize:65536
hw.l2cachesize:4194304

Memory: 16k page, physical 16777216k(532336k free), swap 19922944k(974144k free)

vm_info: OpenJDK 64-Bit Server VM (17.0.18+8-LTS) for bsd-aarch64 JRE (17.0.18+8-LTS) (Zulu17.64+17-CA), built on Jan 23 2026 09:57:18 by "tester" with clang Apple LLVM 12.0.5 (clang-1205.0.22.11)

END.
