#
# A fatal error has been detected by the Java Runtime Environment:
#
#  SIGSEGV (0xb) at pc=0x00000003ab132b38, pid=52199, tid=259
#
# JRE version: OpenJDK Runtime Environment Zulu17.64+17-CA (17.0.18+8) (build 17.0.18+8-LTS)
# Java VM: OpenJDK 64-Bit Server VM Zulu17.64+17-CA (17.0.18+8-LTS, mixed mode, sharing, tiered, compressed oops, compressed class ptrs, g1 gc, bsd-aarch64)
# Problematic frame:
# C  [Chromium Embedded Framework+0x59feb38]  ChromeAppModeStart_v7+0x13ae3f8
#
# No core dump will be written. Core dumps have been disabled. To enable core dumping, try "ulimit -c unlimited" before starting Java again
#
# If you would like to submit a bug report, please visit:
#   http://www.azul.com/support/
# The crash happened outside the Java Virtual Machine in native code.
# See problematic frame for where to report the bug.
#

---------------  S U M M A R Y ------------

Command Line: -Djava.library.path=/Users/stefano.deblasi/Library/Application Support/ModrinthApp/meta/natives/1.20.1-0.18.4 -Djna.tmpdir=/Users/stefano.deblasi/Library/Application Support/ModrinthApp/meta/natives/1.20.1-0.18.4 -Dorg.lwjgl.system.SharedLibraryExtractPath=/Users/stefano.deblasi/Library/Application Support/ModrinthApp/meta/natives/1.20.1-0.18.4 -Dio.netty.native.workdir=/Users/stefano.deblasi/Library/Application Support/ModrinthApp/meta/natives/1.20.1-0.18.4 -Dminecraft.launcher.brand=theseus -Dminecraft.launcher.version=0.12.6 -DFabricMcEmu=net.minecraft.client.main.Main -Xmx4096M -Dlog4j.configurationFile=/Users/stefano.deblasi/Library/Application Support/ModrinthApp/meta/log_configs/client-1.12.xml -javaagent:/private/var/folders/pd/smzmx_zx7rdfpvpjh7md1gdc0000gp/T/.tmpqxmlJS/theseus.jar -Dmodrinth.internal.ipc.host=127.0.0.1 -Dmodrinth.internal.ipc.port=54854 -Dmodrinth.internal.quickPlay.serverVersion=BUILTIN --add-opens=java.base/java.lang.reflect=ALL-UNNAMED com.modrinth.theseus.MinecraftLaunch net.fabricmc.loader.impl.launch.knot.KnotClient --username sd3rl0 --version 1.20.1 --gameDir /Users/stefano.deblasi/Library/Application Support/ModrinthApp/profiles/GDCModpack 1.0.0 --assetsDir /Users/stefano.deblasi/Library/Application Support/ModrinthApp/meta/assets --assetIndex 5 --uuid 74fef846dc6e471595886d9aeeb5e8e5 --accessToken eyJraWQiOiIwNDkxODEiLCJhbGciOiJSUzI1NiJ9.eyJ4dWlkIjoiMjUzNTQwNzczMzU5MjE1NSIsImFnZyI6IkFkdWx0Iiwic3ViIjoiYThkNGE2ZTMtMzRhNC00YzQyLThkYjctZDdmZTE0YzljNDU4IiwiYXV0aCI6IlhCT1giLCJucyI6ImRlZmF1bHQiLCJyb2xlcyI6W10sImlzcyI6ImF1dGhlbnRpY2F0aW9uIiwiZmxhZ3MiOlsibXVsdGlwbGF5ZXIiXSwicHJvZmlsZXMiOnsibWMiOiI3NGZlZjg0Ni1kYzZlLTQ3MTUtOTU4OC02ZDlhZWViNWU4ZTUifSwicGxhdGZvcm0iOiJQQ19MQVVOQ0hFUiIsInBmZCI6W3sidHlwZSI6Im1jIiwiaWQiOiI3NGZlZjg0Ni1kYzZlLTQ3MTUtOTU4OC02ZDlhZWViNWU4ZTUiLCJuYW1lIjoic2QzcmwwIn1dLCJuYmYiOjE3NzUzMTg1NjQsImV4cCI6MTc3NTQwNDk2NCwiaWF0IjoxNzc1MzE4NTY0LCJhaWQiOiIwMDAwMDAwMC0wMDAwLTAwMDAtMDAwMC0wMDAwNDAyYjUzMjgifQ.c0uaK4c2Ed9a2GHl3kXXNt7Ls__qARqWmHvrZ4K2zZKFXqcvfbbQtNV346L0HP1WJR5qkthLreQSLE5NVc13_1Ed5ROh2Hgijde_C52ScY4MziIQPM_ZtWTGZ5zwAP3nOllWiaUM8-YWN3ecFxaiJ6-kmz6VZoeeDdtkhlF99Iawpyp3ltetHPwQA3E1hB3E49zxM6O70RLerFAtvL-wfHcRZiJmIbJgJnsyB7di1Z2YdJPj-Iu4RJriL90r4Gsy0zCwmWH0OH4TtW9aOwcrlxSByVOjV4RLBz2yamK1uh6f9W1NRBxa60njpRMIjELLYXw61I93_I0KWunZNw0IJg --clientId c4502edb-87c6-40cb-b595-64a280cf8906 --xuid 0 --userType msa --versionType release --width 854 --height 480

Host: "Mac16,1" arm64, 10 cores, 16G, Darwin 25.2.0, macOS 26.2 (25C56)
Time: Sun Apr  5 02:42:01 2026 CEST elapsed time: 1100.830547 seconds (0d 0h 18m 20s)

---------------  T H R E A D  ---------------

Current thread (0x000000013000be00):  JavaThread "Render thread" [_thread_in_native, id=259, stack(0x000000016cd28000,0x000000016d524000)]

Stack: [0x000000016cd28000,0x000000016d524000],  sp=0x000000016d51b550,  free space=8141k
Native frames: (J=compiled Java code, j=interpreted, Vv=VM code, C=native code)
C  [Chromium Embedded Framework+0x59feb38]  ChromeAppModeStart_v7+0x13ae3f8
C  [Chromium Embedded Framework+0x59fe908]  ChromeAppModeStart_v7+0x13ae1c8
C  [CoreFoundation+0x49a18]  ___forwarding___+0xd8
C  [CoreFoundation+0x49880]  _CF_forwarding_prep_0+0x60
C  [AppKit+0x743e98]  +[NSEvent removeMonitor:]+0x20
C  [AppKit+0xaececc]  -[NSApplication(NSResponder) sendAction:to:from:]+0x230
C  [AppKit+0x83c9a8]  -[NSMenuItem _corePerformAction:]+0x21c
C  [AppKit+0xb1bc44]  _NSMenuPerformActionWithHighlighting+0xa0
C  [AppKit+0x823a84]  -[NSMenu _performKeyEquivalentForItemAtIndex:]+0xac
C  [AppKit+0x8236c8]  -[NSMenu performKeyEquivalent:]+0x164
C  [AppKit+0xaeb864]  routeKeyEquivalent+0x1bc
C  [AppKit+0xae9a98]  -[NSApplication(NSEventRouting) sendEvent:]+0x734
C  [libglfw.dylib+0x14398]
C  [libglfw.dylib+0xb168]
J 15520  org.lwjgl.system.JNI.invokePV(JJ)V (0 bytes) @ 0x0000000147c9e1c0 [0x0000000147c9e140+0x0000000000000080]
C  0x00000001292913ae

Java frames: (J=compiled Java code, j=interpreted, Vv=VM code)
J 15520  org.lwjgl.system.JNI.invokePV(JJ)V (0 bytes) @ 0x0000000147c9e1c0 [0x0000000147c9e140+0x0000000000000080]
j  org.lwjgl.glfw.GLFW.glfwDestroyWindow(J)V+6
j  net.minecraft.class_1041.close()V+26
j  net.minecraft.class_310.close()V+117
j  net.minecraft.class_310.method_1490()V+74
j  net.minecraft.client.main.Main.main([Ljava/lang/String;)V+1606
j  java.lang.invoke.LambdaForm$DMH+0x0000000301098000.invokeStaticInit(Ljava/lang/Object;Ljava/lang/Object;)V+10 java.base@17.0.18
j  java.lang.invoke.LambdaForm$MH+0x0000000301338400.invokeExact_MT(Ljava/lang/Object;Ljava/lang/Object;Ljava/lang/Object;)V+19 java.base@17.0.18
j  net.fabricmc.loader.impl.game.minecraft.MinecraftGameProvider.launch(Ljava/lang/ClassLoader;)V+74
j  net.fabricmc.loader.impl.launch.knot.Knot.launch([Ljava/lang/String;Lnet/fabricmc/api/EnvType;)V+40
j  net.fabricmc.loader.impl.launch.knot.KnotClient.main([Ljava/lang/String;)V+4
v  ~StubRoutines::call_stub
j  jdk.internal.reflect.NativeMethodAccessorImpl.invoke0(Ljava/lang/reflect/Method;Ljava/lang/Object;[Ljava/lang/Object;)Ljava/lang/Object;+0 java.base@17.0.18
j  jdk.internal.reflect.NativeMethodAccessorImpl.invoke(Ljava/lang/Object;[Ljava/lang/Object;)Ljava/lang/Object;+133 java.base@17.0.18
j  jdk.internal.reflect.DelegatingMethodAccessorImpl.invoke(Ljava/lang/Object;[Ljava/lang/Object;)Ljava/lang/Object;+6 java.base@17.0.18
j  java.lang.reflect.Method.invoke(Ljava/lang/Object;[Ljava/lang/Object;)Ljava/lang/Object;+59 java.base@17.0.18
j  com.modrinth.theseus.MinecraftLaunch.relaunch(Ljava/lang/String;[Ljava/lang/String;)V+164
j  com.modrinth.theseus.MinecraftLaunch.main([Ljava/lang/String;)V+90
v  ~StubRoutines::call_stub

siginfo: si_signo: 11 (SIGSEGV), si_code: 2 (SEGV_ACCERR), si_addr: 0x0000000000000000

Registers:
 x0=0x000000000b400000  x1=0x00006000001cb900  x2=0x0000000000000001  x3=0x00000003af394197
 x4=0x00005ffc50e37788  x5=0x0000000000000008  x6=0x0000000000000020  x7=0x000000016d51b460
 x8=0x0000000000000000  x9=0x000000008b218027 x10=0x0000000000000054 x11=0x0000000000003900
x12=0x00000000000007fb x13=0x00000000000007fd x14=0x000000008b41884d x15=0x000000008b218027
x16=0x000000008b400000 x17=0x000000000000004d x18=0x0000000000000000 x19=0x0000000000000043
x20=0x00000003af394038 x21=0x0000000206becf50 x22=0x0000000191eac7cc x23=0x0000000000000001
x24=0x00000003adf1fbd9 x25=0x0000000000000000 x26=0x00000001f94d0d40 x27=0x00000001f94cb270
x28=0x000000002bd80025  fp=0x000000016d51be50  lr=0x00000003ab132b34  sp=0x000000016d51b550
pc=0x00000003ab132b38 cpsr=0x0000000060000000

Register to memory mapping:

 x0=0x000000000b400000 is an unknown value
 x1=0x00006000001cb900 points into unknown readable memory: 0x00003f3295e1b900 | 00 b9 e1 95 32 3f 00 00
 x2=0x0000000000000001 is an unknown value
 x3=0x00000003af394197: <offset 0x9c60197> in /Users/stefano.deblasi/Library/Application Support/ModrinthApp/profiles/GDCModpack 1.0.0/mods/mcef-libraries/macos_arm64/jcef_app.app/Contents/Frameworks/Chromium Embedded Framework.framework/Chromium Embedded Framework at 0x00000003a5734000
 x4=0x00005ffc50e37788 is an unknown value
 x5=0x0000000000000008 is an unknown value
 x6=0x0000000000000020 is an unknown value
 x7=0x000000016d51b460 is pointing into the stack for thread: 0x000000013000be00
 x8=0x0 is NULL
 x9=0x000000008b218027 is an unknown value
x10=0x0000000000000054 is an unknown value
x11=0x0000000000003900 is an unknown value
x12=0x00000000000007fb is an unknown value
x13=0x00000000000007fd is an unknown value
x14=0x000000008b41884d is an unknown value
x15=0x000000008b218027 is an unknown value
x16=0x000000008b400000 is an unknown value
x17=0x000000000000004d is an unknown value
x18=0x0 is NULL
x19=0x0000000000000043 is an unknown value
x20=0x00000003af394038: <offset 0x9c60038> in /Users/stefano.deblasi/Library/Application Support/ModrinthApp/profiles/GDCModpack 1.0.0/mods/mcef-libraries/macos_arm64/jcef_app.app/Contents/Frameworks/Chromium Embedded Framework.framework/Chromium Embedded Framework at 0x00000003a5734000
x21=0x0000000206becf50 points into unknown readable memory: 0x6164696c61766e69 | 69 6e 76 61 6c 69 64 61
x22=0x0000000191eac7cc: <offset 0x14697cc> in /System/Library/Frameworks/AppKit.framework/Versions/C/AppKit at 0x0000000190a43000
x23=0x0000000000000001 is an unknown value
x24=0x00000003adf1fbd9: <offset 0x87ebbd9> in /Users/stefano.deblasi/Library/Application Support/ModrinthApp/profiles/GDCModpack 1.0.0/mods/mcef-libraries/macos_arm64/jcef_app.app/Contents/Frameworks/Chromium Embedded Framework.framework/Chromium Embedded Framework at 0x00000003a5734000
x25=0x0 is NULL
x26=0x00000001f94d0d40: objc_debug_taggedpointer_obfuscator+0 in /usr/lib/libobjc.A.dylib at 0x000000018c15c000
x27=0x00000001f94cb270: objc_debug_tag60_permutations+0 in /usr/lib/libobjc.A.dylib at 0x000000018c15c000
x28=0x000000002bd80025 is an unknown value


Top of Stack: (sp=0x000000016d51b550)
0x000000016d51b550:   0000000191eac7cc 0000600003b8d4a0
0x000000016d51b560:   0000000206becf50 ffffffff00000002
0x000000016d51b570:   00000003ab132cd4 0000000190b2901c
0x000000016d51b580:   000000018c60e2ec 000000018c60e228
0x000000016d51b590:   000000018c16bc84 000000018c168150
0x000000016d51b5a0:   000000014876d7bc 000000014ab980bc
0x000000016d51b5b0:   00000000ffffffff 0000000000000028
0x000000016d51b5c0:   0000000000000023 000000016d51b687
0x000000016d51b5d0:   000000016d51b698 000000016d51b694
0x000000016d51b5e0:   000000016d51b688 00000000faf18028
0x000000016d51b5f0:   0000000000000020 000000016d51b6d0
0x000000016d51b600:   00000001faf18028 0000000000000000
0x000000016d51b610:   000000002bd80025 0000000000000018
0x000000016d51b620:   00000001faaeef40 00000001f2bd87f8
0x000000016d51b630:   0000000000000000 0000600002e73300
0x000000016d51b640:   00000001faf18028 0000000000000000
0x000000016d51b650:   0000600000cac000 000000016d51b7c0
0x000000016d51b660:   000000016d51b7b0 000000018c796ae8
0x000000016d51b670:   000000016d51b687 ef6919eeb073c77a
0x000000016d51b680:   0000000000000000 0000000000000020
0x000000016d51b690:   0000000000000000 000000016d51b6d0
0x000000016d51b6a0:   0000000000000000 0000000000000000
0x000000016d51b6b0:   0000000000000000 0000000000000000
0x000000016d51b6c0:   0000000000000000 0000000000000000
0x000000016d51b6d0:   0000000000000000 0000000000000000
0x000000016d51b6e0:   0000000000000000 0000000000000000
0x000000016d51b6f0:   0000000000000000 0000000000000000
0x000000016d51b700:   0000000000000000 0000000000000000
0x000000016d51b710:   0000000000000000 0000000000000000
0x000000016d51b720:   0000000000000000 0000000000000000
0x000000016d51b730:   0000000000000000 0000000000000000
0x000000016d51b740:   0000000000000000 0000000000000000 

Instructions: (pc=0x00000003ab132b38)
0x00000003ab132a38:   a4 95 aa 94 e0 03 14 aa 1e a4 aa 94 48 1f 02 90
0x00000003ab132a48:   08 e1 42 f9 1f 00 08 eb 80 fe ff 54 17 00 80 52
0x00000003ab132a58:   96 56 01 b0 d6 06 3d 91 e8 f3 01 b2 e8 07 04 f9
0x00000003ab132a68:   e8 03 04 f9 e8 ff 03 f9 e0 03 15 aa ff 9a aa 94
0x00000003ab132a78:   f4 83 00 a9 f6 03 00 f9 60 6f 01 b0 00 d8 2f 91
0x00000003ab132a88:   f4 e3 1f 91 e8 e3 1f 91 a0 6c af 96 13 01 00 b4
0x00000003ab132a98:   e0 03 13 aa f5 9a aa 94 e0 03 00 f9 61 6f 01 b0
0x00000003ab132aa8:   21 4c 30 91 e0 e3 1f 91 8a 34 b5 96 e8 3f 60 39
0x00000003ab132ab8:   09 1d 00 13 3f 01 00 71 e9 ff 43 f9 ea 03 44 f9
0x00000003ab132ac8:   21 b1 94 9a 08 19 40 92 48 b1 88 9a 09 20 80 52
0x00000003ab132ad8:   1f 01 04 71 0a 31 89 1a 08 fd 60 d3 1f 01 00 f1
0x00000003ab132ae8:   53 01 89 1a 14 13 02 d0 94 e2 00 91 80 82 00 91
0x00000003ab132af8:   e2 03 13 aa 6a 95 aa 94 e0 03 14 aa e1 03 13 aa
0x00000003ab132b08:   fe 37 9c 96 57 01 00 34 a8 c3 03 d1 01 41 00 91
0x00000003ab132b18:   a2 03 5c f8 e0 83 00 91 0c fb c5 97 00 13 02 d0
0x00000003ab132b28:   00 60 05 91 e1 83 00 91 36 f2 ff 97 08 00 80 d2
0x00000003ab132b38:   1f 01 00 b9 e8 3f e0 39 68 00 f8 36 e0 ff 43 f9
0x00000003ab132b48:   4a 2d 98 96 ff 43 23 91 fd 7b 43 a9 f4 4f 42 a9
0x00000003ab132b58:   f6 57 41 a9 f8 5f c4 a8 c0 03 5f d6 02 00 00 14
0x00000003ab132b68:   01 00 00 14 f3 03 00 aa e8 3f e0 39 68 00 f8 36
0x00000003ab132b78:   e0 ff 43 f9 3d 2d 98 96 e0 03 13 aa b7 95 aa 94
0x00000003ab132b88:   fd 7b bf a9 fd 03 00 91 e8 03 01 aa e1 03 02 aa
0x00000003ab132b98:   e2 03 08 aa 5e ff ff 97 00 00 80 52 fd 7b c1 a8
0x00000003ab132ba8:   c0 03 5f d6 fd 7b bf a9 fd 03 00 91 e8 03 01 aa
0x00000003ab132bb8:   e1 03 02 aa e2 03 08 aa 55 ff ff 97 00 00 80 d2
0x00000003ab132bc8:   fd 7b c1 a8 c0 03 5f d6 e8 03 01 aa e1 03 02 aa
0x00000003ab132bd8:   e2 03 08 aa 4e ff ff 17 ff c3 06 d1 f6 57 18 a9
0x00000003ab132be8:   f4 4f 19 a9 fd 7b 1a a9 fd 83 06 91 f3 03 00 aa
0x00000003ab132bf8:   48 1f 02 90 08 61 56 39 e8 02 00 34 e0 03 13 aa
0x00000003ab132c08:   ac a3 aa 94 f4 03 00 aa b3 a3 aa 94 f5 03 00 aa
0x00000003ab132c18:   e0 03 13 aa b9 a3 aa 94 e0 03 13 aa 21 04 80 52
0x00000003ab132c28:   e2 03 15 aa 18 95 aa 94 48 1f 02 90 08 ed 42 f9 


Stack slot to memory mapping:
stack at sp + 0 slots: 0x0000000191eac7cc: <offset 0x14697cc> in /System/Library/Frameworks/AppKit.framework/Versions/C/AppKit at 0x0000000190a43000
stack at sp + 1 slots: 0x0000600003b8d4a0 points into unknown readable memory: 0x00000003af3b56b8 | b8 56 3b af 03 00 00 00
stack at sp + 2 slots: 0x0000000206becf50 points into unknown readable memory: 0x6164696c61766e69 | 69 6e 76 61 6c 69 64 61
stack at sp + 3 slots: 0xffffffff00000002 is an unknown value
stack at sp + 4 slots: 0x00000003ab132cd4: ChromeAppModeStart_v7+0x13ae594 in /Users/stefano.deblasi/Library/Application Support/ModrinthApp/profiles/GDCModpack 1.0.0/mods/mcef-libraries/macos_arm64/jcef_app.app/Contents/Frameworks/Chromium Embedded Framework.framework/Chromium Embedded Framework at 0x00000003a5734000
stack at sp + 5 slots: 0x0000000190b2901c: -[_NSEventObserver dealloc]+0x48 in /System/Library/Frameworks/AppKit.framework/Versions/C/AppKit at 0x0000000190a43000
stack at sp + 6 slots: 0x000000018c60e2ec: __RELEASE_OBJECTS_IN_THE_ARRAY__+0x74 in /System/Library/Frameworks/CoreFoundation.framework/Versions/A/CoreFoundation at 0x000000018c5f1000
stack at sp + 7 slots: 0x000000018c60e228: -[__NSArrayM dealloc]+0x94 in /System/Library/Frameworks/CoreFoundation.framework/Versions/A/CoreFoundation at 0x000000018c5f1000


Compiled method (n/a) 1100844 15520     n 0       org.lwjgl.system.JNI::invokePV (native)
 total in heap  [0x0000000147c9df90,0x0000000147c9e2e0] = 848
 relocation     [0x0000000147c9e0e8,0x0000000147c9e118] = 48
 main code      [0x0000000147c9e140,0x0000000147c9e2c8] = 392
 oops           [0x0000000147c9e2c8,0x0000000147c9e2d8] = 16
 metadata       [0x0000000147c9e2d8,0x0000000147c9e2e0] = 8

[Constant Pool (empty)]

[MachCode]
[Entry Point]
  # {method} {0x00000001292b7c60} 'invokePV' '(JJ)V' in 'org/lwjgl/system/JNI'
  # parm0:    c_rarg1:c_rarg1 
                        = long
  # parm1:    c_rarg2:c_rarg2 
                        = long
  #           [sp+0x60]  (sp of caller)
  0x0000000147c9e140: 2808 40b9 | 3f01 086b | 4000 0054 

  0x0000000147c9e14c: ;   {runtime_call ic_miss_stub}
  0x0000000147c9e14c: ad5a e317 
[Verified Entry Point]
  0x0000000147c9e150: 1f20 03d5 | e953 40d1 | 3f01 00f9 | fd7b bfa9 | fd03 0091 | ff43 01d1 | e303 02aa | e203 01aa 
  0x0000000147c9e170: ;   {oop(a 'java/lang/Class'{0x0000000702509bc0} = 'org/lwjgl/system/JNI')}
  0x0000000147c9e170: 0178 93d2 | 014a a0f2 | e100 c0f2 | e123 00f9 | e103 0191 | e801 0010 | 8853 01f9 | e803 0091 
  0x0000000147c9e190: 884f 01f9 

  0x0000000147c9e194: ;   {external_word}
  0x0000000147c9e194: a857 deb0 | 0809 6b39 | 0806 0035 | 80e3 0a91 | e803 7eb2 | 8903 0d91 | 28fd 9f88 

  0x0000000147c9e1b0: ;   {runtime_call}
  0x0000000147c9e1b0: 08ab 93d2 | 4871 a0f2 | 2800 c0f2 | 0001 3fd6 | a800 80d2 | 8843 03b9 | bf3b 03d5 | 8823 0d91 
  0x0000000147c9e1d0: 08fd dfc8 | bf03 08eb | 6803 0054 | 8833 43b9 | 2803 0035 | e803 7db2 | 8903 0d91 | 28fd 9f88 
  0x0000000147c9e1f0: 88c3 4e39 | 1f09 0071 | c001 0054 

  0x0000000147c9e1fc: ;   {external_word}
  0x0000000147c9e1fc: a857 deb0 | 0809 6b39 | a804 0035 | 9f4f 01f9 | 9f53 01f9 | 826f 40f9 | 5f80 00f9 | bf03 0091 
  0x0000000147c9e21c: fd7b c1a8 | 8807 40f9 | 4800 00b5 | c003 5fd6 

  0x0000000147c9e22c: ;   {runtime_call StubRoutines (1)}
  0x0000000147c9e22c: 9557 e217 

  0x0000000147c9e230: ;   {runtime_call SharedRuntime::reguard_yellow_pages()}
  0x0000000147c9e230: 881b 81d2 | 2887 a0f2 | 2800 c0f2 | 0001 3fd6 | efff ff17 | e003 1caa 

  0x0000000147c9e248: ;   {runtime_call JavaThread::check_special_condition_for_native_trans(JavaThread*)}
  0x0000000147c9e248: 08c0 9ed2 | a889 a0f2 | 2800 c0f2 | 0001 3fd6 | e3ff ff17 | e10b bea9 | e37f 01a9 

  0x0000000147c9e264: ;   {metadata({method} {0x00000001292b7c60} 'invokePV' '(JJ)V' in 'org/lwjgl/system/JNI')}
  0x0000000147c9e264: 018c 8fd2 | 6125 a5f2 | 2100 c0f2 | e003 1caa | e833 bfa9 | 88eb 9cd2 | 0887 a0f2 | 2800 c0f2 
  0x0000000147c9e284: 0001 3fd6 | e833 c1a8 | e37f 41a9 | e10b c2a8 | c3ff ff17 

  0x0000000147c9e298: ;   {metadata({method} {0x00000001292b7c60} 'invokePV' '(JJ)V' in 'org/lwjgl/system/JNI')}
  0x0000000147c9e298: 018c 8fd2 | 6125 a5f2 | 2100 c0f2 | e003 1caa | e833 bfa9 | 88ff 9cd2 | 0887 a0f2 | 2800 c0f2 
  0x0000000147c9e2b8: 0001 3fd6 | e833 c1a8 | d2ff ff17 | 0000 0000 
[/MachCode]


---------------  P R O C E S S  ---------------

Threads class SMR info:
_java_thread_list=0x00006000071955e0, length=79, elements={
0x000000013000be00, 0x000000010f824a00, 0x000000010f827200, 0x000000011f813c00,
0x000000012f80aa00, 0x000000012f80b000, 0x000000012f80b600, 0x000000012f80bc00,
0x000000012f814200, 0x000000010f825a00, 0x000000012f809000, 0x00000001300f9400,
0x00000001300fbc00, 0x000000011fe77e00, 0x000000012eba1a00, 0x0000000133b7a200,
0x000000010fd55a00, 0x0000000133520e00, 0x000000012ef87600, 0x0000000168076000,
0x0000000168053a00, 0x0000000168295600, 0x00000001330f4000, 0x00000001336dfa00,
0x0000000168337000, 0x0000000168350400, 0x000000012efc9c00, 0x000000012efc8e00,
0x0000000133fa1a00, 0x0000000168562600, 0x000000016856ca00, 0x000000016855f200,
0x000000012fce8c00, 0x0000000133699a00, 0x0000000168573e00, 0x000000012ee9f400,
0x00000001334a6e00, 0x00000001336d6800, 0x00000001335ef800, 0x000000013369ae00,
0x0000000168401200, 0x000000012f955c00, 0x000000016854b200, 0x000000012ef85e00,
0x00000001335d2a00, 0x0000000130139a00, 0x000000012f966e00, 0x00000003e3ab0000,
0x000000045a552400, 0x0000000445b5e600, 0x000000011e00b800, 0x0000000459a21800,
0x000000012eec0400, 0x000000011effca00, 0x000000011e8b4000, 0x0000000444d93c00,
0x000000011e8b0800, 0x0000000444fd6000, 0x000000012eea7800, 0x0000000442ffcc00,
0x000000045a7ff600, 0x000000045a739800, 0x000000011e8b0e00, 0x000000011e8f3600,
0x000000011e8f3c00, 0x0000000444cac400, 0x0000000444f76800, 0x000000016856dc00,
0x0000000131d2cc00, 0x0000000444ca6600, 0x00000003e3b6aa00, 0x00000003e3b6f000,
0x000000012fa66e00, 0x0000000459ab7600, 0x0000000131749800, 0x0000000445e28600,
0x0000000444eed000, 0x0000000399646e00, 0x0000000131d4a600
}

Java Threads: ( => current thread )
=>0x000000013000be00 JavaThread "Render thread" [_thread_in_native, id=259, stack(0x000000016cd28000,0x000000016d524000)]
  0x000000010f824a00 JavaThread "Reference Handler" daemon [_thread_blocked, id=31235, stack(0x000000016e1fc000,0x000000016e3ff000)]
  0x000000010f827200 JavaThread "Finalizer" daemon [_thread_blocked, id=30723, stack(0x000000016e408000,0x000000016e60b000)]
  0x000000011f813c00 JavaThread "Signal Dispatcher" daemon [_thread_blocked, id=23555, stack(0x000000016e72c000,0x000000016e92f000)]
  0x000000012f80aa00 JavaThread "Service Thread" daemon [_thread_blocked, id=28419, stack(0x000000016e938000,0x000000016eb3b000)]
  0x000000012f80b000 JavaThread "Monitor Deflation Thread" daemon [_thread_blocked, id=24323, stack(0x000000016eb44000,0x000000016ed47000)]
  0x000000012f80b600 JavaThread "C2 CompilerThread0" daemon [_thread_blocked, id=27907, stack(0x000000016ed50000,0x000000016ef53000)]
  0x000000012f80bc00 JavaThread "C1 CompilerThread0" daemon [_thread_blocked, id=27651, stack(0x000000016ef5c000,0x000000016f15f000)]
  0x000000012f814200 JavaThread "Sweeper thread" daemon [_thread_blocked, id=24835, stack(0x000000016f168000,0x000000016f36b000)]
  0x000000010f825a00 JavaThread "Common-Cleaner" daemon [_thread_blocked, id=26883, stack(0x000000016f374000,0x000000016f577000)]
  0x000000012f809000 JavaThread "Notification Thread" daemon [_thread_blocked, id=26371, stack(0x000000016f580000,0x000000016f783000)]
  0x00000001300f9400 JavaThread "Theseus RPC Main" daemon [_thread_blocked, id=25603, stack(0x000000016f998000,0x000000016fb9b000)]
  0x00000001300fbc00 JavaThread "Theseus RPC Read" daemon [_thread_in_native, id=32771, stack(0x000000016fba4000,0x000000016fda7000)]
  0x000000011fe77e00 JavaThread "JNA Cleaner" daemon [_thread_blocked, id=33043, stack(0x000000016fdb0000,0x000000016ffb3000)]
  0x000000012eba1a00 JavaThread "Attach Listener" daemon [_thread_blocked, id=45067, stack(0x000000017207c000,0x000000017227f000)]
  0x0000000133b7a200 JavaThread "Cleaner-0" daemon [_thread_blocked, id=63243, stack(0x0000000172288000,0x000000017248b000)]
  0x000000010fd55a00 JavaThread "EarlyLoadingScreen Scheduler" daemon [_thread_blocked, id=83219, stack(0x0000000172638000,0x000000017283b000)]
  0x0000000133520e00 JavaThread "Timer hack thread" daemon [_thread_blocked, id=102659, stack(0x0000000172a90000,0x0000000172c93000)]
  0x000000012ef87600 JavaThread "DH-Log Ticker Thread[0]" daemon [_thread_blocked, id=119299, stack(0x0000000172c9c000,0x0000000172e9f000)]
  0x0000000168076000 JavaThread "Yggdrasil Key Fetcher" daemon [_thread_blocked, id=118531, stack(0x0000000177804000,0x0000000177a07000)]
  0x0000000168053a00 JavaThread "HttpClient-1-SelectorManager" daemon [_thread_in_native, id=117515, stack(0x0000000177c1c000,0x0000000177e1f000)]
  0x0000000168295600 JavaThread "config-file-watcher-0-0" daemon [_thread_blocked, id=119051, stack(0x0000000172ea8000,0x00000001730ab000)]
  0x00000001330f4000 JavaThread "FileSystemWatcher" daemon [_thread_blocked, id=116483, stack(0x000000034469c000,0x000000034489f000)]
  0x00000001336dfa00 JavaThread "FileWatcher-1-thread-1" daemon [_thread_blocked, id=103683, stack(0x00000003448a8000,0x0000000344aab000)]
  0x0000000168337000 JavaThread "FileSystemWatcher" daemon [_thread_blocked, id=114947, stack(0x00000003452e4000,0x00000003454e7000)]
  0x0000000168350400 JavaThread "PointBlank-ConfigWatcher" daemon [_thread_blocked, id=114435, stack(0x00000003454f0000,0x00000003456f3000)]
  0x000000012efc9c00 JavaThread "FileSystemWatcher" daemon [_thread_blocked, id=105219, stack(0x00000003456fc000,0x00000003458ff000)]
  0x000000012efc8e00 JavaThread "PointBlank-ConfigWatcher" daemon [_thread_blocked, id=113667, stack(0x0000000345908000,0x0000000345b0b000)]
  0x0000000133fa1a00 JavaThread "HttpClient-2-SelectorManager" daemon [_thread_in_native, id=105731, stack(0x0000000345b14000,0x0000000345d17000)]
  0x0000000168562600 JavaThread "HttpClient-3-SelectorManager" daemon [_thread_in_native, id=113155, stack(0x0000000345d20000,0x0000000345f23000)]
  0x000000016856ca00 JavaThread "MineSkinClient/scheduler" daemon [_thread_blocked, id=112899, stack(0x0000000345f2c000,0x000000034612f000)]
  0x000000016855f200 JavaThread "ConfigSaver" daemon [_thread_blocked, id=106755, stack(0x0000000346138000,0x000000034633b000)]
  0x000000012fce8c00 JavaThread "WorldEdit Session Manager" [_thread_blocked, id=112659, stack(0x0000000346344000,0x0000000346547000)]
  0x0000000133699a00 JavaThread "DH-ApplyConfigPresetTimer" daemon [_thread_blocked, id=111875, stack(0x000000034675c000,0x000000034695f000)]
  0x0000000168573e00 JavaThread "HttpClient-4-SelectorManager" daemon [_thread_in_native, id=107779, stack(0x0000000347c04000,0x0000000347e07000)]
  0x000000012ee9f400 JavaThread "pointblank:state_ticker_thread" daemon [_thread_in_vm, id=108547, stack(0x0000000369ad0000,0x0000000369cd3000)]
  0x00000001334a6e00 JavaThread "FileSystemWatcher" daemon [_thread_blocked, id=131075, stack(0x0000000386a94000,0x0000000386c97000)]
  0x00000001336d6800 JavaThread "replaymod-config-watcher" daemon [_thread_blocked, id=174339, stack(0x0000000386ca0000,0x0000000386ea3000)]
  0x00000001335ef800 JavaThread "spark-monitoring-thread" daemon [_thread_blocked, id=174087, stack(0x0000000386eac000,0x00000003870af000)]
  0x000000013369ae00 JavaThread "Cleaner-1" daemon [_thread_blocked, id=110347, stack(0x0000000369cdc000,0x0000000369edf000)]
  0x0000000168401200 JavaThread "FancyMenu-JsonPlaceholder-Cleanup" daemon [_thread_blocked, id=176419, stack(0x0000000396f04000,0x0000000397107000)]
  0x000000012f955c00 JavaThread "pool-19-thread-1" [_thread_blocked, id=259591, stack(0x0000000397110000,0x0000000397313000)]
  0x000000016854b200 JavaThread "DH-RenderCacheClearConfigTimer" daemon [_thread_blocked, id=258835, stack(0x000000039731c000,0x000000039751f000)]
  0x000000012ef85e00 JavaThread "Thread-26" [_thread_blocked, id=256015, stack(0x0000000398228000,0x000000039842b000)]
  0x00000001335d2a00 JavaThread "Thread-27" [_thread_blocked, id=255747, stack(0x0000000398804000,0x0000000398a07000)]
  0x0000000130139a00 JavaThread "Java2D Disposer" daemon [_thread_blocked, id=194819, stack(0x00000003c6408000,0x00000003c660b000)]
  0x000000012f966e00 JavaThread "lava-daemon-pool-manager-6-thread-1" daemon [_thread_blocked, id=111627, stack(0x0000000346968000,0x0000000346b6b000)]
  0x00000003e3ab0000 JavaThread "Cleaner-2" daemon [_thread_blocked, id=235027, stack(0x0000000459328000,0x000000045952b000)]
  0x000000045a552400 JavaThread "pool-22-thread-1" [_thread_blocked, id=202763, stack(0x0000000459534000,0x0000000459737000)]
  0x0000000445b5e600 JavaThread "Netty Client IO #0" daemon [_thread_in_native, id=233235, stack(0x0000000463494000,0x0000000463697000)]
  0x000000011e00b800 JavaThread "Netty Client IO #1" daemon [_thread_in_native, id=101427, stack(0x0000000386470000,0x0000000386673000)]
  0x0000000459a21800 JavaThread "Flywheel Task Executor #0" [_thread_blocked, id=256527, stack(0x000000046e02c000,0x000000046e22f000)]
  0x000000012eec0400 JavaThread "Flywheel Task Executor #1" [_thread_blocked, id=257043, stack(0x000000046e238000,0x000000046e43b000)]
  0x000000011effca00 JavaThread "Flywheel Task Executor #2" [_thread_blocked, id=256263, stack(0x000000046e444000,0x000000046e647000)]
  0x000000011e8b4000 JavaThread "Flywheel Task Executor #3" [_thread_blocked, id=173075, stack(0x000000046e650000,0x000000046e853000)]
  0x0000000444d93c00 JavaThread "qtp736401335-193" [_thread_in_native, id=172555, stack(0x000000046e85c000,0x000000046ea5f000)]
  0x000000011e8b0800 JavaThread "qtp736401335-194" [_thread_in_native, id=203291, stack(0x000000046ea68000,0x000000046ec6b000)]
  0x0000000444fd6000 JavaThread "qtp736401335-195" [_thread_in_native, id=233907, stack(0x000000046ec74000,0x000000046ee77000)]
  0x000000012eea7800 JavaThread "qtp736401335-196" [_thread_in_native, id=102427, stack(0x000000046ee80000,0x000000046f083000)]
  0x0000000442ffcc00 JavaThread "qtp736401335-197" [_thread_in_native, id=203603, stack(0x000000046f08c000,0x000000046f28f000)]
  0x000000045a7ff600 JavaThread "qtp736401335-198-acceptor-0@24790ad9-ServerConnector@6e379260{HTTP/1.1, (http/1.1)}{0.0.0.0:80}" [_thread_in_native, id=201539, stack(0x000000046f298000,0x000000046f49b000)]
  0x000000045a739800 JavaThread "qtp736401335-199" [_thread_blocked, id=232963, stack(0x000000046f4a4000,0x000000046f6a7000)]
  0x000000011e8b0e00 JavaThread "qtp736401335-200" [_thread_blocked, id=204035, stack(0x000000046f6b0000,0x000000046f8b3000)]
  0x000000011e8f3600 JavaThread "qtp736401335-201" [_thread_blocked, id=204547, stack(0x000000046f8bc000,0x000000046fabf000)]
  0x000000011e8f3c00 JavaThread "qtp736401335-202" [_thread_blocked, id=205059, stack(0x000000046fac8000,0x000000046fccb000)]
  0x0000000444cac400 JavaThread "DH-delayed save cache cleaner Thread[0]" daemon [_thread_blocked, id=232211, stack(0x000000046fee0000,0x00000004700e3000)]
  0x0000000444f76800 JavaThread "DH-Phantom Array Recycler Thread[0]" daemon [_thread_blocked, id=231683, stack(0x00000004700ec000,0x00000004702ef000)]
  0x000000016856dc00 JavaThread "REI-ReloadPlugins" daemon [_thread_blocked, id=230659, stack(0x0000000471114000,0x0000000471317000)]
  0x0000000131d2cc00 JavaThread "Chunk Render Task Executor #0" [_thread_blocked, id=178467, stack(0x0000000417d08000,0x0000000417f0b000)]
  0x0000000444ca6600 JavaThread "Chunk Render Task Executor #1" [_thread_blocked, id=256795, stack(0x000000045dd04000,0x000000045df07000)]
  0x00000003e3b6aa00 JavaThread "Chunk Render Task Executor #2" [_thread_blocked, id=179211, stack(0x00000004625a4000,0x00000004627a7000)]
  0x00000003e3b6f000 JavaThread "Chunk Render Task Executor #3" [_thread_blocked, id=179483, stack(0x000000046de20000,0x000000046e023000)]
  0x000000012fa66e00 JavaThread "DH-GLBuffer Cleanup Thread[0]" daemon [_thread_blocked, id=226051, stack(0x0000000473a70000,0x0000000473c73000)]
  0x0000000459ab7600 JavaThread "Telemetry-Sender-#1" [_thread_blocked, id=224779, stack(0x0000000446e10000,0x0000000447013000)]
  0x0000000131749800 JavaThread "DH-Positional Lock Cleanup Thread[0]" daemon [_thread_blocked, id=208391, stack(0x00000004c5cd4000,0x00000004c5ed7000)]
  0x0000000445e28600 JavaThread "DH-Cleanup Thread[0]" [_thread_blocked, id=206351, stack(0x000000039a92c000,0x000000039ab2f000)]
  0x0000000444eed000 JavaThread "Thread-75" daemon [_thread_in_native, id=222735, stack(0x00000003870b8000,0x00000003872bb000)]
  0x0000000399646e00 JavaThread "Keep-Alive-Timer" daemon [_thread_blocked, id=127283, stack(0x0000000172844000,0x0000000172a47000)]
  0x0000000131d4a600 JavaThread "Sound engine" daemon [_thread_blocked, id=132291, stack(0x00000003898c0000,0x0000000389ac3000)]

Other Threads:
  0x000000010f607510 VMThread "VM Thread" [stack: 0x000000016dff0000,0x000000016e1f3000] [id=20227]
  0x000000010360ccb0 WatcherThread [stack: 0x000000016f78c000,0x000000016f98f000] [id=26115]
  0x000000012f6086a0 GCTaskThread "GC Thread#0" [stack: 0x000000016d5b4000,0x000000016d7b7000] [id=11779]
  0x000000012f616120 GCTaskThread "GC Thread#1" [stack: 0x000000016ffbc000,0x00000001701bf000] [id=42755]
  0x000000012f6165b0 GCTaskThread "GC Thread#2" [stack: 0x00000001701c8000,0x00000001703cb000] [id=33283]
  0x000000012f616a40 GCTaskThread "GC Thread#3" [stack: 0x00000001703d4000,0x00000001705d7000] [id=42243]
  0x000000012f6172c0 GCTaskThread "GC Thread#4" [stack: 0x00000001705e0000,0x00000001707e3000] [id=34051]
  0x000000012f617b40 GCTaskThread "GC Thread#5" [stack: 0x00000001707ec000,0x00000001709ef000] [id=34307]
  0x000000013091df10 GCTaskThread "GC Thread#6" [stack: 0x0000000171c64000,0x0000000171e67000] [id=38403]
  0x000000010f6378c0 GCTaskThread "GC Thread#7" [stack: 0x00000001730dc000,0x00000001732df000] [id=45315]
  0x000000010f648460 GCTaskThread "GC Thread#8" [stack: 0x0000000171a58000,0x0000000171c5b000] [id=44811]
  0x000000012f608d60 ConcurrentGCThread "G1 Main Marker" [stack: 0x000000016d7c0000,0x000000016d9c3000] [id=14083]
  0x000000012f6095f0 ConcurrentGCThread "G1 Conc#0" [stack: 0x000000016d9cc000,0x000000016dbcf000] [id=13059]
  0x000000013092ad30 ConcurrentGCThread "G1 Conc#1" [stack: 0x0000000171e70000,0x0000000172073000] [id=64527]
  0x000000012f60b730 ConcurrentGCThread "G1 Refine#0" [stack: 0x000000016dbd8000,0x000000016dddb000] [id=12291]
  0x000000010f625ee0 ConcurrentGCThread "G1 Refine#1" [stack: 0x00000001709f8000,0x0000000170bfb000] [id=34819]
  0x00000001308058b0 ConcurrentGCThread "G1 Refine#2" [stack: 0x0000000170c04000,0x0000000170e07000] [id=35075]
  0x000000012f706e50 ConcurrentGCThread "G1 Refine#3" [stack: 0x0000000170e10000,0x0000000171013000] [id=40707]
  0x0000000130805ea0 ConcurrentGCThread "G1 Refine#4" [stack: 0x000000017101c000,0x000000017121f000] [id=36099]
  0x0000000130a044a0 ConcurrentGCThread "G1 Refine#5" [stack: 0x0000000171228000,0x000000017142b000] [id=40195]
  0x0000000130c043d0 ConcurrentGCThread "G1 Refine#6" [stack: 0x0000000171434000,0x0000000171637000] [id=39939]
  0x0000000130c04db0 ConcurrentGCThread "G1 Refine#7" [stack: 0x0000000171640000,0x0000000171843000] [id=39683]
  0x0000000130c05b90 ConcurrentGCThread "G1 Refine#8" [stack: 0x000000017184c000,0x0000000171a4f000] [id=39427]
  0x000000010f604680 ConcurrentGCThread "G1 Service" [stack: 0x000000016dde4000,0x000000016dfe7000] [id=16643]

Threads with active compile tasks:

VM state: not at safepoint (normal execution)

VM Mutex/Monitor currently owned by a thread: None

Heap address: 0x0000000700000000, size: 4096 MB, Compressed Oops mode: Zero based, Oop shift amount: 3

CDS archive(s) mapped at: [0x0000000300000000-0x0000000300a88000-0x0000000300a88000), size 11042816, SharedBaseAddress: 0x0000000300000000, ArchiveRelocationMode: 1.
Compressed class space mapped at: 0x0000000301000000-0x0000000341000000, reserved size: 1073741824
Narrow klass base: 0x0000000300000000, Narrow klass shift: 0, Narrow klass range: 0x100000000

GC Precious Log:
 CPUs: 10 total, 10 available
 Memory: 16384M
 Large Page Support: Disabled
 NUMA Support: Disabled
 Compressed Oops: Enabled (Zero based)
 Heap Region Size: 2M
 Heap Min Capacity: 8M
 Heap Initial Capacity: 256M
 Heap Max Capacity: 4G
 Pre-touch: Disabled
 Parallel Workers: 9
 Concurrent Workers: 2
 Concurrent Refinement Workers: 9
 Periodic GC: Disabled

Heap:
 garbage-first heap   total 4194304K, used 1976612K [0x0000000700000000, 0x0000000800000000)
  region size 2048K, 10 young (20480K), 6 survivors (12288K)
 Metaspace       used 332540K, committed 335104K, reserved 1376256K
  class space    used 55878K, committed 57024K, reserved 1048576K

Heap Regions: E=young(eden), S=young(survivor), O=old, HS=humongous(starts), HC=humongous(continues), CS=collection set, F=free, OA=open archive, CA=closed archive, TAMS=top-at-mark-start (previous, next)
|   0|0x0000000700000000, 0x0000000700200000, 0x0000000700200000|100%|HS|  |TAMS 0x0000000700200000, 0x0000000700000000| Complete 
|   1|0x0000000700200000, 0x0000000700400000, 0x0000000700400000|100%| O|  |TAMS 0x0000000700400000, 0x0000000700200000| Untracked 
|   2|0x0000000700400000, 0x0000000700600000, 0x0000000700600000|100%| O|  |TAMS 0x0000000700600000, 0x0000000700400000| Untracked 
|   3|0x0000000700600000, 0x0000000700800000, 0x0000000700800000|100%|HS|  |TAMS 0x0000000700800000, 0x0000000700600000| Complete 
|   4|0x0000000700800000, 0x0000000700a00000, 0x0000000700a00000|100%| O|  |TAMS 0x0000000700a00000, 0x0000000700800000| Untracked 
|   5|0x0000000700a00000, 0x0000000700c00000, 0x0000000700c00000|100%| O|  |TAMS 0x0000000700c00000, 0x0000000700a00000| Untracked 
|   6|0x0000000700c00000, 0x0000000700e00000, 0x0000000700e00000|100%| O|  |TAMS 0x0000000700e00000, 0x0000000700c00000| Untracked 
|   7|0x0000000700e00000, 0x0000000701000000, 0x0000000701000000|100%| O|  |TAMS 0x0000000701000000, 0x0000000700e00000| Untracked 
|   8|0x0000000701000000, 0x0000000701200000, 0x0000000701200000|100%| O|  |TAMS 0x0000000701200000, 0x0000000701000000| Untracked 
|   9|0x0000000701200000, 0x0000000701400000, 0x0000000701400000|100%| O|  |TAMS 0x0000000701400000, 0x0000000701200000| Untracked 
|  10|0x0000000701400000, 0x0000000701600000, 0x0000000701600000|100%| O|  |TAMS 0x0000000701600000, 0x0000000701400000| Untracked 
|  11|0x0000000701600000, 0x0000000701800000, 0x0000000701800000|100%| O|  |TAMS 0x0000000701800000, 0x0000000701600000| Untracked 
|  12|0x0000000701800000, 0x0000000701a00000, 0x0000000701a00000|100%| O|  |TAMS 0x0000000701a00000, 0x0000000701800000| Untracked 
|  13|0x0000000701a00000, 0x0000000701c00000, 0x0000000701c00000|100%| O|  |TAMS 0x0000000701c00000, 0x0000000701a00000| Untracked 
|  14|0x0000000701c00000, 0x0000000701e00000, 0x0000000701e00000|100%| O|  |TAMS 0x0000000701e00000, 0x0000000701c00000| Untracked 
|  15|0x0000000701e00000, 0x0000000702000000, 0x0000000702000000|100%| O|  |TAMS 0x0000000702000000, 0x0000000701e00000| Untracked 
|  16|0x0000000702000000, 0x0000000702200000, 0x0000000702200000|100%| O|  |TAMS 0x0000000702200000, 0x0000000702000000| Untracked 
|  17|0x0000000702200000, 0x0000000702400000, 0x0000000702400000|100%| O|  |TAMS 0x0000000702400000, 0x0000000702200000| Untracked 
|  18|0x0000000702400000, 0x0000000702600000, 0x0000000702600000|100%| O|  |TAMS 0x0000000702600000, 0x0000000702400000| Untracked 
|  19|0x0000000702600000, 0x0000000702800000, 0x0000000702800000|100%| O|  |TAMS 0x0000000702800000, 0x0000000702600000| Untracked 
|  20|0x0000000702800000, 0x0000000702a00000, 0x0000000702a00000|100%| O|  |TAMS 0x0000000702a00000, 0x0000000702800000| Untracked 
|  21|0x0000000702a00000, 0x0000000702c00000, 0x0000000702c00000|100%| O|  |TAMS 0x0000000702c00000, 0x0000000702a00000| Untracked 
|  22|0x0000000702c00000, 0x0000000702e00000, 0x0000000702e00000|100%| O|  |TAMS 0x0000000702e00000, 0x0000000702c00000| Untracked 
|  23|0x0000000702e00000, 0x0000000702e00000, 0x0000000703000000|  0%| F|  |TAMS 0x0000000702e00000, 0x0000000702e00000| Untracked 
|  24|0x0000000703000000, 0x0000000703200000, 0x0000000703200000|100%|HS|  |TAMS 0x0000000703200000, 0x0000000703000000| Complete 
|  25|0x0000000703200000, 0x0000000703400000, 0x0000000703400000|100%| O|  |TAMS 0x0000000703200000, 0x0000000703200000| Untracked 
|  26|0x0000000703400000, 0x0000000703600000, 0x0000000703600000|100%| O|  |TAMS 0x0000000703600000, 0x0000000703400000| Untracked 
|  27|0x0000000703600000, 0x0000000703800000, 0x0000000703800000|100%| O|  |TAMS 0x0000000703800000, 0x0000000703600000| Untracked 
|  28|0x0000000703800000, 0x0000000703800000, 0x0000000703a00000|  0%| F|  |TAMS 0x0000000703800000, 0x0000000703800000| Untracked 
|  29|0x0000000703a00000, 0x0000000703c00000, 0x0000000703c00000|100%| O|  |TAMS 0x0000000703c00000, 0x0000000703a00000| Untracked 
|  30|0x0000000703c00000, 0x0000000703e00000, 0x0000000703e00000|100%|HS|  |TAMS 0x0000000703e00000, 0x0000000703c00000| Complete 
|  31|0x0000000703e00000, 0x0000000703e00000, 0x0000000704000000|  0%| F|  |TAMS 0x0000000703e00000, 0x0000000703e00000| Untracked 
|  32|0x0000000704000000, 0x0000000704000000, 0x0000000704200000|  0%| F|  |TAMS 0x0000000704000000, 0x0000000704000000| Untracked 
|  33|0x0000000704200000, 0x0000000704400000, 0x0000000704400000|100%| O|  |TAMS 0x0000000704400000, 0x0000000704200000| Untracked 
|  34|0x0000000704400000, 0x0000000704600000, 0x0000000704600000|100%| O|  |TAMS 0x0000000704600000, 0x0000000704400000| Untracked 
|  35|0x0000000704600000, 0x0000000704800000, 0x0000000704800000|100%| O|  |TAMS 0x0000000704800000, 0x0000000704600000| Untracked 
|  36|0x0000000704800000, 0x0000000704a00000, 0x0000000704a00000|100%| O|  |TAMS 0x0000000704a00000, 0x0000000704800000| Untracked 
|  37|0x0000000704a00000, 0x0000000704c00000, 0x0000000704c00000|100%| O|  |TAMS 0x0000000704c00000, 0x0000000704a00000| Untracked 
|  38|0x0000000704c00000, 0x0000000704e00000, 0x0000000704e00000|100%| O|  |TAMS 0x0000000704e00000, 0x0000000704c00000| Untracked 
|  39|0x0000000704e00000, 0x0000000705000000, 0x0000000705000000|100%| O|  |TAMS 0x0000000705000000, 0x0000000704e00000| Untracked 
|  40|0x0000000705000000, 0x0000000705200000, 0x0000000705200000|100%| O|  |TAMS 0x0000000705200000, 0x0000000705000000| Untracked 
|  41|0x0000000705200000, 0x0000000705400000, 0x0000000705400000|100%| O|  |TAMS 0x0000000705400000, 0x0000000705200000| Untracked 
|  42|0x0000000705400000, 0x0000000705600000, 0x0000000705600000|100%| O|  |TAMS 0x0000000705600000, 0x0000000705400000| Untracked 
|  43|0x0000000705600000, 0x0000000705800000, 0x0000000705800000|100%| O|  |TAMS 0x0000000705800000, 0x0000000705600000| Untracked 
|  44|0x0000000705800000, 0x0000000705a00000, 0x0000000705a00000|100%|HS|  |TAMS 0x0000000705a00000, 0x0000000705800000| Complete 
|  45|0x0000000705a00000, 0x0000000705c00000, 0x0000000705c00000|100%| O|  |TAMS 0x0000000705c00000, 0x0000000705a00000| Untracked 
|  46|0x0000000705c00000, 0x0000000705e00000, 0x0000000705e00000|100%| O|  |TAMS 0x0000000705e00000, 0x0000000705c00000| Untracked 
|  47|0x0000000705e00000, 0x0000000706000000, 0x0000000706000000|100%| O|  |TAMS 0x0000000706000000, 0x0000000705e00000| Untracked 
|  48|0x0000000706000000, 0x0000000706200000, 0x0000000706200000|100%|HS|  |TAMS 0x0000000706200000, 0x0000000706000000| Complete 
|  49|0x0000000706200000, 0x0000000706400000, 0x0000000706400000|100%| O|  |TAMS 0x0000000706400000, 0x0000000706200000| Untracked 
|  50|0x0000000706400000, 0x0000000706600000, 0x0000000706600000|100%| O|  |TAMS 0x0000000706600000, 0x0000000706400000| Untracked 
|  51|0x0000000706600000, 0x0000000706800000, 0x0000000706800000|100%| O|  |TAMS 0x0000000706800000, 0x0000000706600000| Untracked 
|  52|0x0000000706800000, 0x0000000706a00000, 0x0000000706a00000|100%| O|  |TAMS 0x0000000706a00000, 0x0000000706800000| Untracked 
|  53|0x0000000706a00000, 0x0000000706c00000, 0x0000000706c00000|100%| O|  |TAMS 0x0000000706c00000, 0x0000000706a00000| Untracked 
|  54|0x0000000706c00000, 0x0000000706e00000, 0x0000000706e00000|100%|HS|  |TAMS 0x0000000706e00000, 0x0000000706c00000| Complete 
|  55|0x0000000706e00000, 0x0000000707000000, 0x0000000707000000|100%| O|  |TAMS 0x0000000707000000, 0x0000000706e00000| Untracked 
|  56|0x0000000707000000, 0x0000000707200000, 0x0000000707200000|100%| O|  |TAMS 0x0000000707200000, 0x0000000707000000| Untracked 
|  57|0x0000000707200000, 0x0000000707400000, 0x0000000707400000|100%| O|  |TAMS 0x0000000707400000, 0x0000000707200000| Untracked 
|  58|0x0000000707400000, 0x0000000707600000, 0x0000000707600000|100%| O|  |TAMS 0x0000000707600000, 0x0000000707400000| Untracked 
|  59|0x0000000707600000, 0x0000000707800000, 0x0000000707800000|100%| O|  |TAMS 0x0000000707800000, 0x0000000707600000| Untracked 
|  60|0x0000000707800000, 0x0000000707a00000, 0x0000000707a00000|100%| O|  |TAMS 0x0000000707a00000, 0x0000000707800000| Untracked 
|  61|0x0000000707a00000, 0x0000000707c00000, 0x0000000707c00000|100%|HS|  |TAMS 0x0000000707c00000, 0x0000000707a00000| Complete 
|  62|0x0000000707c00000, 0x0000000707e00000, 0x0000000707e00000|100%|HS|  |TAMS 0x0000000707e00000, 0x0000000707c00000| Complete 
|  63|0x0000000707e00000, 0x0000000708000000, 0x0000000708000000|100%|HS|  |TAMS 0x0000000708000000, 0x0000000707e00000| Complete 
|  64|0x0000000708000000, 0x0000000708200000, 0x0000000708200000|100%|HC|  |TAMS 0x0000000708200000, 0x0000000708000000| Complete 
|  65|0x0000000708200000, 0x0000000708400000, 0x0000000708400000|100%|HS|  |TAMS 0x0000000708400000, 0x0000000708200000| Complete 
|  66|0x0000000708400000, 0x0000000708600000, 0x0000000708600000|100%|HS|  |TAMS 0x0000000708600000, 0x0000000708400000| Complete 
|  67|0x0000000708600000, 0x0000000708800000, 0x0000000708800000|100%|HS|  |TAMS 0x0000000708800000, 0x0000000708600000| Complete 
|  68|0x0000000708800000, 0x0000000708a00000, 0x0000000708a00000|100%|HC|  |TAMS 0x0000000708a00000, 0x0000000708800000| Complete 
|  69|0x0000000708a00000, 0x0000000708c00000, 0x0000000708c00000|100%| O|  |TAMS 0x0000000708c00000, 0x0000000708a00000| Untracked 
|  70|0x0000000708c00000, 0x0000000708e00000, 0x0000000708e00000|100%| O|  |TAMS 0x0000000708e00000, 0x0000000708c00000| Untracked 
|  71|0x0000000708e00000, 0x0000000709000000, 0x0000000709000000|100%| O|  |TAMS 0x0000000709000000, 0x0000000708e00000| Untracked 
|  72|0x0000000709000000, 0x0000000709200000, 0x0000000709200000|100%| O|  |TAMS 0x0000000709200000, 0x0000000709000000| Untracked 
|  73|0x0000000709200000, 0x0000000709400000, 0x0000000709400000|100%| O|  |TAMS 0x0000000709400000, 0x0000000709200000| Untracked 
|  74|0x0000000709400000, 0x0000000709600000, 0x0000000709600000|100%| O|  |TAMS 0x0000000709600000, 0x0000000709400000| Untracked 
|  75|0x0000000709600000, 0x0000000709800000, 0x0000000709800000|100%| O|  |TAMS 0x0000000709800000, 0x0000000709600000| Untracked 
|  76|0x0000000709800000, 0x0000000709a00000, 0x0000000709a00000|100%| O|  |TAMS 0x0000000709a00000, 0x0000000709800000| Untracked 
|  77|0x0000000709a00000, 0x0000000709c00000, 0x0000000709c00000|100%| O|  |TAMS 0x0000000709c00000, 0x0000000709a00000| Untracked 
|  78|0x0000000709c00000, 0x0000000709e00000, 0x0000000709e00000|100%| O|  |TAMS 0x0000000709e00000, 0x0000000709c00000| Untracked 
|  79|0x0000000709e00000, 0x000000070a000000, 0x000000070a000000|100%| O|  |TAMS 0x000000070a000000, 0x0000000709e00000| Untracked 
|  80|0x000000070a000000, 0x000000070a200000, 0x000000070a200000|100%| O|  |TAMS 0x000000070a200000, 0x000000070a000000| Untracked 
|  81|0x000000070a200000, 0x000000070a400000, 0x000000070a400000|100%| O|  |TAMS 0x000000070a400000, 0x000000070a200000| Untracked 
|  82|0x000000070a400000, 0x000000070a600000, 0x000000070a600000|100%| O|  |TAMS 0x000000070a600000, 0x000000070a400000| Untracked 
|  83|0x000000070a600000, 0x000000070a800000, 0x000000070a800000|100%| O|  |TAMS 0x000000070a800000, 0x000000070a600000| Untracked 
|  84|0x000000070a800000, 0x000000070aa00000, 0x000000070aa00000|100%| O|  |TAMS 0x000000070aa00000, 0x000000070a800000| Untracked 
|  85|0x000000070aa00000, 0x000000070ac00000, 0x000000070ac00000|100%| O|  |TAMS 0x000000070ac00000, 0x000000070aa00000| Untracked 
|  86|0x000000070ac00000, 0x000000070ae00000, 0x000000070ae00000|100%| O|  |TAMS 0x000000070ae00000, 0x000000070ac00000| Untracked 
|  87|0x000000070ae00000, 0x000000070b000000, 0x000000070b000000|100%| O|  |TAMS 0x000000070b000000, 0x000000070ae00000| Untracked 
|  88|0x000000070b000000, 0x000000070b200000, 0x000000070b200000|100%| O|  |TAMS 0x000000070b200000, 0x000000070b000000| Untracked 
|  89|0x000000070b200000, 0x000000070b400000, 0x000000070b400000|100%| O|  |TAMS 0x000000070b400000, 0x000000070b200000| Untracked 
|  90|0x000000070b400000, 0x000000070b600000, 0x000000070b600000|100%| O|  |TAMS 0x000000070b600000, 0x000000070b400000| Untracked 
|  91|0x000000070b600000, 0x000000070b800000, 0x000000070b800000|100%| O|  |TAMS 0x000000070b800000, 0x000000070b600000| Untracked 
|  92|0x000000070b800000, 0x000000070ba00000, 0x000000070ba00000|100%| O|  |TAMS 0x000000070ba00000, 0x000000070b800000| Untracked 
|  93|0x000000070ba00000, 0x000000070bc00000, 0x000000070bc00000|100%| O|  |TAMS 0x000000070bc00000, 0x000000070ba00000| Untracked 
|  94|0x000000070bc00000, 0x000000070be00000, 0x000000070be00000|100%|HS|  |TAMS 0x000000070be00000, 0x000000070bc00000| Complete 
|  95|0x000000070be00000, 0x000000070c000000, 0x000000070c000000|100%|HC|  |TAMS 0x000000070c000000, 0x000000070be00000| Complete 
|  96|0x000000070c000000, 0x000000070c200000, 0x000000070c200000|100%| O|  |TAMS 0x000000070c200000, 0x000000070c000000| Untracked 
|  97|0x000000070c200000, 0x000000070c400000, 0x000000070c400000|100%| O|  |TAMS 0x000000070c400000, 0x000000070c200000| Untracked 
|  98|0x000000070c400000, 0x000000070c600000, 0x000000070c600000|100%| O|  |TAMS 0x000000070c600000, 0x000000070c400000| Untracked 
|  99|0x000000070c600000, 0x000000070c800000, 0x000000070c800000|100%| O|  |TAMS 0x000000070c800000, 0x000000070c600000| Untracked 
| 100|0x000000070c800000, 0x000000070ca00000, 0x000000070ca00000|100%| O|  |TAMS 0x000000070ca00000, 0x000000070c800000| Untracked 
| 101|0x000000070ca00000, 0x000000070cc00000, 0x000000070cc00000|100%| O|  |TAMS 0x000000070cc00000, 0x000000070ca00000| Untracked 
| 102|0x000000070cc00000, 0x000000070ce00000, 0x000000070ce00000|100%| O|  |TAMS 0x000000070ce00000, 0x000000070cc00000| Untracked 
| 103|0x000000070ce00000, 0x000000070d000000, 0x000000070d000000|100%| O|  |TAMS 0x000000070d000000, 0x000000070ce00000| Untracked 
| 104|0x000000070d000000, 0x000000070d200000, 0x000000070d200000|100%| O|  |TAMS 0x000000070d200000, 0x000000070d000000| Untracked 
| 105|0x000000070d200000, 0x000000070d400000, 0x000000070d400000|100%| O|  |TAMS 0x000000070d400000, 0x000000070d200000| Untracked 
| 106|0x000000070d400000, 0x000000070d600000, 0x000000070d600000|100%| O|  |TAMS 0x000000070d600000, 0x000000070d400000| Untracked 
| 107|0x000000070d600000, 0x000000070d800000, 0x000000070d800000|100%|HS|  |TAMS 0x000000070d800000, 0x000000070d600000| Complete 
| 108|0x000000070d800000, 0x000000070da00000, 0x000000070da00000|100%|HC|  |TAMS 0x000000070da00000, 0x000000070d800000| Complete 
| 109|0x000000070da00000, 0x000000070dc00000, 0x000000070dc00000|100%|HS|  |TAMS 0x000000070dc00000, 0x000000070da00000| Complete 
| 110|0x000000070dc00000, 0x000000070de00000, 0x000000070de00000|100%|HC|  |TAMS 0x000000070de00000, 0x000000070dc00000| Complete 
| 111|0x000000070de00000, 0x000000070e000000, 0x000000070e000000|100%|HC|  |TAMS 0x000000070e000000, 0x000000070de00000| Complete 
| 112|0x000000070e000000, 0x000000070e200000, 0x000000070e200000|100%|HC|  |TAMS 0x000000070e200000, 0x000000070e000000| Complete 
| 113|0x000000070e200000, 0x000000070e400000, 0x000000070e400000|100%|HC|  |TAMS 0x000000070e400000, 0x000000070e200000| Complete 
| 114|0x000000070e400000, 0x000000070e600000, 0x000000070e600000|100%|HC|  |TAMS 0x000000070e600000, 0x000000070e400000| Complete 
| 115|0x000000070e600000, 0x000000070e800000, 0x000000070e800000|100%| O|  |TAMS 0x000000070e800000, 0x000000070e600000| Untracked 
| 116|0x000000070e800000, 0x000000070ea00000, 0x000000070ea00000|100%| O|  |TAMS 0x000000070ea00000, 0x000000070e800000| Untracked 
| 117|0x000000070ea00000, 0x000000070ec00000, 0x000000070ec00000|100%| O|  |TAMS 0x000000070ec00000, 0x000000070ea00000| Untracked 
| 118|0x000000070ec00000, 0x000000070ee00000, 0x000000070ee00000|100%| O|  |TAMS 0x000000070ee00000, 0x000000070ec00000| Untracked 
| 119|0x000000070ee00000, 0x000000070f000000, 0x000000070f000000|100%| O|  |TAMS 0x000000070f000000, 0x000000070ee00000| Untracked 
| 120|0x000000070f000000, 0x000000070f200000, 0x000000070f200000|100%| O|  |TAMS 0x000000070f200000, 0x000000070f000000| Untracked 
| 121|0x000000070f200000, 0x000000070f400000, 0x000000070f400000|100%| O|  |TAMS 0x000000070f400000, 0x000000070f200000| Untracked 
| 122|0x000000070f400000, 0x000000070f600000, 0x000000070f600000|100%| O|  |TAMS 0x000000070f600000, 0x000000070f400000| Untracked 
| 123|0x000000070f600000, 0x000000070f800000, 0x000000070f800000|100%| O|  |TAMS 0x000000070f800000, 0x000000070f600000| Untracked 
| 124|0x000000070f800000, 0x000000070fa00000, 0x000000070fa00000|100%| O|  |TAMS 0x000000070fa00000, 0x000000070f800000| Untracked 
| 125|0x000000070fa00000, 0x000000070fc00000, 0x000000070fc00000|100%| O|  |TAMS 0x000000070fc00000, 0x000000070fa00000| Untracked 
| 126|0x000000070fc00000, 0x000000070fe00000, 0x000000070fe00000|100%| O|  |TAMS 0x000000070fe00000, 0x000000070fc00000| Untracked 
| 127|0x000000070fe00000, 0x0000000710000000, 0x0000000710000000|100%| O|  |TAMS 0x0000000710000000, 0x000000070fe00000| Untracked 
| 128|0x0000000710000000, 0x0000000710200000, 0x0000000710200000|100%| O|  |TAMS 0x0000000710200000, 0x0000000710000000| Untracked 
| 129|0x0000000710200000, 0x0000000710400000, 0x0000000710400000|100%| O|  |TAMS 0x0000000710400000, 0x0000000710200000| Untracked 
| 130|0x0000000710400000, 0x0000000710600000, 0x0000000710600000|100%| O|  |TAMS 0x0000000710600000, 0x0000000710400000| Untracked 
| 131|0x0000000710600000, 0x0000000710800000, 0x0000000710800000|100%| O|  |TAMS 0x0000000710800000, 0x0000000710600000| Untracked 
| 132|0x0000000710800000, 0x0000000710a00000, 0x0000000710a00000|100%| O|  |TAMS 0x0000000710a00000, 0x0000000710800000| Untracked 
| 133|0x0000000710a00000, 0x0000000710c00000, 0x0000000710c00000|100%| O|  |TAMS 0x0000000710c00000, 0x0000000710a00000| Untracked 
| 134|0x0000000710c00000, 0x0000000710e00000, 0x0000000710e00000|100%| O|  |TAMS 0x0000000710e00000, 0x0000000710c00000| Untracked 
| 135|0x0000000710e00000, 0x0000000711000000, 0x0000000711000000|100%| O|  |TAMS 0x0000000711000000, 0x0000000710e00000| Untracked 
| 136|0x0000000711000000, 0x0000000711200000, 0x0000000711200000|100%| O|  |TAMS 0x0000000711200000, 0x0000000711000000| Untracked 
| 137|0x0000000711200000, 0x0000000711400000, 0x0000000711400000|100%| O|  |TAMS 0x0000000711400000, 0x0000000711200000| Untracked 
| 138|0x0000000711400000, 0x0000000711600000, 0x0000000711600000|100%| O|  |TAMS 0x0000000711600000, 0x0000000711400000| Untracked 
| 139|0x0000000711600000, 0x0000000711800000, 0x0000000711800000|100%| O|  |TAMS 0x0000000711800000, 0x0000000711600000| Untracked 
| 140|0x0000000711800000, 0x0000000711a00000, 0x0000000711a00000|100%| O|  |TAMS 0x0000000711a00000, 0x0000000711800000| Untracked 
| 141|0x0000000711a00000, 0x0000000711c00000, 0x0000000711c00000|100%| O|  |TAMS 0x0000000711c00000, 0x0000000711a00000| Untracked 
| 142|0x0000000711c00000, 0x0000000711e00000, 0x0000000711e00000|100%| O|  |TAMS 0x0000000711e00000, 0x0000000711c00000| Untracked 
| 143|0x0000000711e00000, 0x0000000712000000, 0x0000000712000000|100%| O|  |TAMS 0x0000000712000000, 0x0000000711e00000| Untracked 
| 144|0x0000000712000000, 0x0000000712200000, 0x0000000712200000|100%| O|  |TAMS 0x0000000712200000, 0x0000000712000000| Untracked 
| 145|0x0000000712200000, 0x0000000712400000, 0x0000000712400000|100%| O|  |TAMS 0x0000000712400000, 0x0000000712200000| Untracked 
| 146|0x0000000712400000, 0x0000000712600000, 0x0000000712600000|100%| O|  |TAMS 0x0000000712600000, 0x0000000712400000| Untracked 
| 147|0x0000000712600000, 0x0000000712800000, 0x0000000712800000|100%| O|  |TAMS 0x0000000712800000, 0x0000000712600000| Untracked 
| 148|0x0000000712800000, 0x0000000712a00000, 0x0000000712a00000|100%| O|  |TAMS 0x0000000712a00000, 0x0000000712800000| Untracked 
| 149|0x0000000712a00000, 0x0000000712c00000, 0x0000000712c00000|100%| O|  |TAMS 0x0000000712c00000, 0x0000000712a00000| Untracked 
| 150|0x0000000712c00000, 0x0000000712e00000, 0x0000000712e00000|100%| O|  |TAMS 0x0000000712e00000, 0x0000000712c00000| Untracked 
| 151|0x0000000712e00000, 0x0000000713000000, 0x0000000713000000|100%| O|  |TAMS 0x0000000713000000, 0x0000000712e00000| Untracked 
| 152|0x0000000713000000, 0x0000000713200000, 0x0000000713200000|100%| O|  |TAMS 0x0000000713200000, 0x0000000713000000| Untracked 
| 153|0x0000000713200000, 0x0000000713400000, 0x0000000713400000|100%| O|  |TAMS 0x0000000713400000, 0x0000000713200000| Untracked 
| 154|0x0000000713400000, 0x0000000713600000, 0x0000000713600000|100%| O|  |TAMS 0x0000000713600000, 0x0000000713400000| Untracked 
| 155|0x0000000713600000, 0x0000000713800000, 0x0000000713800000|100%| O|  |TAMS 0x0000000713800000, 0x0000000713600000| Untracked 
| 156|0x0000000713800000, 0x0000000713a00000, 0x0000000713a00000|100%| O|  |TAMS 0x0000000713a00000, 0x0000000713800000| Untracked 
| 157|0x0000000713a00000, 0x0000000713c00000, 0x0000000713c00000|100%| O|  |TAMS 0x0000000713c00000, 0x0000000713a00000| Untracked 
| 158|0x0000000713c00000, 0x0000000713e00000, 0x0000000713e00000|100%| O|  |TAMS 0x0000000713e00000, 0x0000000713c00000| Untracked 
| 159|0x0000000713e00000, 0x0000000714000000, 0x0000000714000000|100%| O|  |TAMS 0x0000000714000000, 0x0000000713e00000| Untracked 
| 160|0x0000000714000000, 0x0000000714200000, 0x0000000714200000|100%| O|  |TAMS 0x0000000714200000, 0x0000000714000000| Untracked 
| 161|0x0000000714200000, 0x0000000714400000, 0x0000000714400000|100%| O|  |TAMS 0x0000000714400000, 0x0000000714200000| Untracked 
| 162|0x0000000714400000, 0x0000000714600000, 0x0000000714600000|100%| O|  |TAMS 0x0000000714600000, 0x0000000714400000| Untracked 
| 163|0x0000000714600000, 0x0000000714800000, 0x0000000714800000|100%| O|  |TAMS 0x0000000714800000, 0x0000000714600000| Untracked 
| 164|0x0000000714800000, 0x0000000714a00000, 0x0000000714a00000|100%| O|  |TAMS 0x0000000714a00000, 0x0000000714800000| Untracked 
| 165|0x0000000714a00000, 0x0000000714c00000, 0x0000000714c00000|100%| O|  |TAMS 0x0000000714c00000, 0x0000000714a00000| Untracked 
| 166|0x0000000714c00000, 0x0000000714e00000, 0x0000000714e00000|100%| O|  |TAMS 0x0000000714e00000, 0x0000000714c00000| Untracked 
| 167|0x0000000714e00000, 0x0000000715000000, 0x0000000715000000|100%| O|  |TAMS 0x0000000715000000, 0x0000000714e00000| Untracked 
| 168|0x0000000715000000, 0x0000000715200000, 0x0000000715200000|100%| O|  |TAMS 0x0000000715200000, 0x0000000715000000| Untracked 
| 169|0x0000000715200000, 0x0000000715400000, 0x0000000715400000|100%| O|  |TAMS 0x0000000715400000, 0x0000000715200000| Untracked 
| 170|0x0000000715400000, 0x0000000715600000, 0x0000000715600000|100%| O|  |TAMS 0x0000000715600000, 0x0000000715400000| Untracked 
| 171|0x0000000715600000, 0x0000000715800000, 0x0000000715800000|100%| O|  |TAMS 0x0000000715800000, 0x0000000715600000| Untracked 
| 172|0x0000000715800000, 0x0000000715a00000, 0x0000000715a00000|100%| O|  |TAMS 0x0000000715a00000, 0x0000000715800000| Untracked 
| 173|0x0000000715a00000, 0x0000000715c00000, 0x0000000715c00000|100%| O|  |TAMS 0x0000000715c00000, 0x0000000715a00000| Untracked 
| 174|0x0000000715c00000, 0x0000000715e00000, 0x0000000715e00000|100%| O|  |TAMS 0x0000000715e00000, 0x0000000715c00000| Untracked 
| 175|0x0000000715e00000, 0x0000000716000000, 0x0000000716000000|100%| O|  |TAMS 0x0000000716000000, 0x0000000715e00000| Untracked 
| 176|0x0000000716000000, 0x0000000716200000, 0x0000000716200000|100%| O|  |TAMS 0x0000000716200000, 0x0000000716000000| Untracked 
| 177|0x0000000716200000, 0x0000000716400000, 0x0000000716400000|100%| O|  |TAMS 0x0000000716400000, 0x0000000716200000| Untracked 
| 178|0x0000000716400000, 0x0000000716600000, 0x0000000716600000|100%| O|  |TAMS 0x0000000716600000, 0x0000000716400000| Untracked 
| 179|0x0000000716600000, 0x0000000716800000, 0x0000000716800000|100%| O|  |TAMS 0x0000000716800000, 0x0000000716600000| Untracked 
| 180|0x0000000716800000, 0x0000000716a00000, 0x0000000716a00000|100%| O|  |TAMS 0x0000000716a00000, 0x0000000716800000| Untracked 
| 181|0x0000000716a00000, 0x0000000716c00000, 0x0000000716c00000|100%| O|  |TAMS 0x0000000716c00000, 0x0000000716a00000| Untracked 
| 182|0x0000000716c00000, 0x0000000716e00000, 0x0000000716e00000|100%| O|  |TAMS 0x0000000716e00000, 0x0000000716c00000| Untracked 
| 183|0x0000000716e00000, 0x0000000717000000, 0x0000000717000000|100%| O|  |TAMS 0x0000000717000000, 0x0000000716e00000| Untracked 
| 184|0x0000000717000000, 0x0000000717200000, 0x0000000717200000|100%| O|  |TAMS 0x0000000717200000, 0x0000000717000000| Untracked 
| 185|0x0000000717200000, 0x0000000717400000, 0x0000000717400000|100%| O|  |TAMS 0x0000000717400000, 0x0000000717200000| Untracked 
| 186|0x0000000717400000, 0x0000000717600000, 0x0000000717600000|100%| O|  |TAMS 0x0000000717600000, 0x0000000717400000| Untracked 
| 187|0x0000000717600000, 0x0000000717800000, 0x0000000717800000|100%| O|  |TAMS 0x0000000717800000, 0x0000000717600000| Untracked 
| 188|0x0000000717800000, 0x0000000717a00000, 0x0000000717a00000|100%| O|  |TAMS 0x0000000717a00000, 0x0000000717800000| Untracked 
| 189|0x0000000717a00000, 0x0000000717c00000, 0x0000000717c00000|100%| O|  |TAMS 0x0000000717c00000, 0x0000000717a00000| Untracked 
| 190|0x0000000717c00000, 0x0000000717e00000, 0x0000000717e00000|100%| O|  |TAMS 0x0000000717e00000, 0x0000000717c00000| Untracked 
| 191|0x0000000717e00000, 0x0000000718000000, 0x0000000718000000|100%| O|  |TAMS 0x0000000718000000, 0x0000000717e00000| Untracked 
| 192|0x0000000718000000, 0x0000000718200000, 0x0000000718200000|100%| O|  |TAMS 0x0000000718200000, 0x0000000718000000| Untracked 
| 193|0x0000000718200000, 0x0000000718400000, 0x0000000718400000|100%| O|  |TAMS 0x0000000718400000, 0x0000000718200000| Untracked 
| 194|0x0000000718400000, 0x0000000718600000, 0x0000000718600000|100%| O|  |TAMS 0x0000000718600000, 0x0000000718400000| Untracked 
| 195|0x0000000718600000, 0x0000000718800000, 0x0000000718800000|100%| O|  |TAMS 0x0000000718800000, 0x0000000718600000| Untracked 
| 196|0x0000000718800000, 0x0000000718a00000, 0x0000000718a00000|100%| O|  |TAMS 0x0000000718a00000, 0x0000000718800000| Untracked 
| 197|0x0000000718a00000, 0x0000000718c00000, 0x0000000718c00000|100%| O|  |TAMS 0x0000000718c00000, 0x0000000718a00000| Untracked 
| 198|0x0000000718c00000, 0x0000000718e00000, 0x0000000718e00000|100%| O|  |TAMS 0x0000000718e00000, 0x0000000718c00000| Untracked 
| 199|0x0000000718e00000, 0x0000000719000000, 0x0000000719000000|100%| O|  |TAMS 0x0000000719000000, 0x0000000718e00000| Untracked 
| 200|0x0000000719000000, 0x0000000719200000, 0x0000000719200000|100%| O|  |TAMS 0x0000000719200000, 0x0000000719000000| Untracked 
| 201|0x0000000719200000, 0x0000000719400000, 0x0000000719400000|100%| O|  |TAMS 0x0000000719400000, 0x0000000719200000| Untracked 
| 202|0x0000000719400000, 0x0000000719600000, 0x0000000719600000|100%| O|  |TAMS 0x0000000719600000, 0x0000000719400000| Untracked 
| 203|0x0000000719600000, 0x0000000719800000, 0x0000000719800000|100%| O|  |TAMS 0x0000000719800000, 0x0000000719600000| Untracked 
| 204|0x0000000719800000, 0x0000000719a00000, 0x0000000719a00000|100%| O|  |TAMS 0x0000000719a00000, 0x0000000719800000| Untracked 
| 205|0x0000000719a00000, 0x0000000719c00000, 0x0000000719c00000|100%| O|  |TAMS 0x0000000719c00000, 0x0000000719a00000| Untracked 
| 206|0x0000000719c00000, 0x0000000719e00000, 0x0000000719e00000|100%| O|  |TAMS 0x0000000719e00000, 0x0000000719c00000| Untracked 
| 207|0x0000000719e00000, 0x000000071a000000, 0x000000071a000000|100%| O|  |TAMS 0x000000071a000000, 0x0000000719e00000| Untracked 
| 208|0x000000071a000000, 0x000000071a200000, 0x000000071a200000|100%| O|  |TAMS 0x000000071a200000, 0x000000071a000000| Untracked 
| 209|0x000000071a200000, 0x000000071a400000, 0x000000071a400000|100%| O|  |TAMS 0x000000071a400000, 0x000000071a200000| Untracked 
| 210|0x000000071a400000, 0x000000071a600000, 0x000000071a600000|100%| O|  |TAMS 0x000000071a600000, 0x000000071a400000| Untracked 
| 211|0x000000071a600000, 0x000000071a800000, 0x000000071a800000|100%|HS|  |TAMS 0x000000071a800000, 0x000000071a600000| Complete 
| 212|0x000000071a800000, 0x000000071aa00000, 0x000000071aa00000|100%|HC|  |TAMS 0x000000071aa00000, 0x000000071a800000| Complete 
| 213|0x000000071aa00000, 0x000000071ac00000, 0x000000071ac00000|100%| O|  |TAMS 0x000000071ac00000, 0x000000071aa00000| Untracked 
| 214|0x000000071ac00000, 0x000000071ae00000, 0x000000071ae00000|100%| O|  |TAMS 0x000000071ae00000, 0x000000071ac00000| Untracked 
| 215|0x000000071ae00000, 0x000000071b000000, 0x000000071b000000|100%| O|  |TAMS 0x000000071b000000, 0x000000071ae00000| Untracked 
| 216|0x000000071b000000, 0x000000071b200000, 0x000000071b200000|100%| O|  |TAMS 0x000000071b200000, 0x000000071b000000| Untracked 
| 217|0x000000071b200000, 0x000000071b400000, 0x000000071b400000|100%| O|  |TAMS 0x000000071b400000, 0x000000071b200000| Untracked 
| 218|0x000000071b400000, 0x000000071b600000, 0x000000071b600000|100%| O|  |TAMS 0x000000071b600000, 0x000000071b400000| Untracked 
| 219|0x000000071b600000, 0x000000071b800000, 0x000000071b800000|100%| O|  |TAMS 0x000000071b800000, 0x000000071b600000| Untracked 
| 220|0x000000071b800000, 0x000000071ba00000, 0x000000071ba00000|100%| O|  |TAMS 0x000000071ba00000, 0x000000071b800000| Untracked 
| 221|0x000000071ba00000, 0x000000071bc00000, 0x000000071bc00000|100%| O|  |TAMS 0x000000071bc00000, 0x000000071ba00000| Untracked 
| 222|0x000000071bc00000, 0x000000071be00000, 0x000000071be00000|100%| O|  |TAMS 0x000000071be00000, 0x000000071bc00000| Untracked 
| 223|0x000000071be00000, 0x000000071c000000, 0x000000071c000000|100%| O|  |TAMS 0x000000071c000000, 0x000000071be00000| Untracked 
| 224|0x000000071c000000, 0x000000071c200000, 0x000000071c200000|100%|HS|  |TAMS 0x000000071c200000, 0x000000071c000000| Complete 
| 225|0x000000071c200000, 0x000000071c400000, 0x000000071c400000|100%|HC|  |TAMS 0x000000071c400000, 0x000000071c200000| Complete 
| 226|0x000000071c400000, 0x000000071c600000, 0x000000071c600000|100%|HC|  |TAMS 0x000000071c600000, 0x000000071c400000| Complete 
| 227|0x000000071c600000, 0x000000071c800000, 0x000000071c800000|100%|HS|  |TAMS 0x000000071c800000, 0x000000071c600000| Complete 
| 228|0x000000071c800000, 0x000000071ca00000, 0x000000071ca00000|100%|HC|  |TAMS 0x000000071ca00000, 0x000000071c800000| Complete 
| 229|0x000000071ca00000, 0x000000071cc00000, 0x000000071cc00000|100%|HC|  |TAMS 0x000000071cc00000, 0x000000071ca00000| Complete 
| 230|0x000000071cc00000, 0x000000071ce00000, 0x000000071ce00000|100%| O|  |TAMS 0x000000071ce00000, 0x000000071cc00000| Untracked 
| 231|0x000000071ce00000, 0x000000071d000000, 0x000000071d000000|100%| O|  |TAMS 0x000000071d000000, 0x000000071ce00000| Untracked 
| 232|0x000000071d000000, 0x000000071d200000, 0x000000071d200000|100%| O|  |TAMS 0x000000071d200000, 0x000000071d000000| Untracked 
| 233|0x000000071d200000, 0x000000071d400000, 0x000000071d400000|100%| O|  |TAMS 0x000000071d400000, 0x000000071d200000| Untracked 
| 234|0x000000071d400000, 0x000000071d600000, 0x000000071d600000|100%| O|  |TAMS 0x000000071d600000, 0x000000071d400000| Untracked 
| 235|0x000000071d600000, 0x000000071d800000, 0x000000071d800000|100%| O|  |TAMS 0x000000071d800000, 0x000000071d600000| Untracked 
| 236|0x000000071d800000, 0x000000071da00000, 0x000000071da00000|100%| O|  |TAMS 0x000000071da00000, 0x000000071d800000| Untracked 
| 237|0x000000071da00000, 0x000000071dc00000, 0x000000071dc00000|100%| O|  |TAMS 0x000000071dc00000, 0x000000071da00000| Untracked 
| 238|0x000000071dc00000, 0x000000071de00000, 0x000000071de00000|100%| O|  |TAMS 0x000000071de00000, 0x000000071dc00000| Untracked 
| 239|0x000000071de00000, 0x000000071e000000, 0x000000071e000000|100%| O|  |TAMS 0x000000071e000000, 0x000000071de00000| Untracked 
| 240|0x000000071e000000, 0x000000071e200000, 0x000000071e200000|100%| O|  |TAMS 0x000000071e200000, 0x000000071e000000| Untracked 
| 241|0x000000071e200000, 0x000000071e400000, 0x000000071e400000|100%| O|  |TAMS 0x000000071e400000, 0x000000071e200000| Untracked 
| 242|0x000000071e400000, 0x000000071e600000, 0x000000071e600000|100%| O|  |TAMS 0x000000071e600000, 0x000000071e400000| Untracked 
| 243|0x000000071e600000, 0x000000071e800000, 0x000000071e800000|100%| O|  |TAMS 0x000000071e800000, 0x000000071e600000| Untracked 
| 244|0x000000071e800000, 0x000000071ea00000, 0x000000071ea00000|100%| O|  |TAMS 0x000000071ea00000, 0x000000071e800000| Untracked 
| 245|0x000000071ea00000, 0x000000071ec00000, 0x000000071ec00000|100%| O|  |TAMS 0x000000071ec00000, 0x000000071ea00000| Untracked 
| 246|0x000000071ec00000, 0x000000071ee00000, 0x000000071ee00000|100%| O|  |TAMS 0x000000071ee00000, 0x000000071ec00000| Untracked 
| 247|0x000000071ee00000, 0x000000071f000000, 0x000000071f000000|100%| O|  |TAMS 0x000000071f000000, 0x000000071ee00000| Untracked 
| 248|0x000000071f000000, 0x000000071f200000, 0x000000071f200000|100%| O|  |TAMS 0x000000071f200000, 0x000000071f000000| Untracked 
| 249|0x000000071f200000, 0x000000071f200000, 0x000000071f400000|  0%| F|  |TAMS 0x000000071f200000, 0x000000071f200000| Untracked 
| 250|0x000000071f400000, 0x000000071f600000, 0x000000071f600000|100%| O|  |TAMS 0x000000071f600000, 0x000000071f400000| Untracked 
| 251|0x000000071f600000, 0x000000071f800000, 0x000000071f800000|100%| O|  |TAMS 0x000000071f800000, 0x000000071f600000| Untracked 
| 252|0x000000071f800000, 0x000000071fa00000, 0x000000071fa00000|100%| O|  |TAMS 0x000000071fa00000, 0x000000071f800000| Untracked 
| 253|0x000000071fa00000, 0x000000071fc00000, 0x000000071fc00000|100%| O|  |TAMS 0x000000071fc00000, 0x000000071fa00000| Untracked 
| 254|0x000000071fc00000, 0x000000071fe00000, 0x000000071fe00000|100%| O|  |TAMS 0x000000071fe00000, 0x000000071fc00000| Untracked 
| 255|0x000000071fe00000, 0x0000000720000000, 0x0000000720000000|100%| O|  |TAMS 0x0000000720000000, 0x000000071fe00000| Untracked 
| 256|0x0000000720000000, 0x0000000720200000, 0x0000000720200000|100%| O|  |TAMS 0x0000000720200000, 0x0000000720000000| Untracked 
| 257|0x0000000720200000, 0x0000000720400000, 0x0000000720400000|100%| O|  |TAMS 0x0000000720400000, 0x0000000720200000| Untracked 
| 258|0x0000000720400000, 0x0000000720600000, 0x0000000720600000|100%| O|  |TAMS 0x0000000720600000, 0x0000000720400000| Untracked 
| 259|0x0000000720600000, 0x0000000720800000, 0x0000000720800000|100%| O|  |TAMS 0x0000000720800000, 0x0000000720600000| Untracked 
| 260|0x0000000720800000, 0x0000000720a00000, 0x0000000720a00000|100%| O|  |TAMS 0x0000000720a00000, 0x0000000720800000| Untracked 
| 261|0x0000000720a00000, 0x0000000720a00000, 0x0000000720c00000|  0%| F|  |TAMS 0x0000000720a00000, 0x0000000720a00000| Untracked 
| 262|0x0000000720c00000, 0x0000000720e00000, 0x0000000720e00000|100%| O|  |TAMS 0x0000000720e00000, 0x0000000720c00000| Untracked 
| 263|0x0000000720e00000, 0x0000000721000000, 0x0000000721000000|100%| O|  |TAMS 0x0000000721000000, 0x0000000720e00000| Untracked 
| 264|0x0000000721000000, 0x0000000721200000, 0x0000000721200000|100%| O|  |TAMS 0x0000000721000000, 0x0000000721000000| Untracked 
| 265|0x0000000721200000, 0x0000000721400000, 0x0000000721400000|100%| O|  |TAMS 0x0000000721400000, 0x0000000721200000| Untracked 
| 266|0x0000000721400000, 0x0000000721600000, 0x0000000721600000|100%| O|  |TAMS 0x0000000721400000, 0x0000000721400000| Untracked 
| 267|0x0000000721600000, 0x0000000721600000, 0x0000000721800000|  0%| F|  |TAMS 0x0000000721600000, 0x0000000721600000| Untracked 
| 268|0x0000000721800000, 0x0000000721a00000, 0x0000000721a00000|100%| O|  |TAMS 0x0000000721800000, 0x0000000721800000| Untracked 
| 269|0x0000000721a00000, 0x0000000721c00000, 0x0000000721c00000|100%| O|  |TAMS 0x0000000721a00000, 0x0000000721a00000| Untracked 
| 270|0x0000000721c00000, 0x0000000721e00000, 0x0000000721e00000|100%| O|  |TAMS 0x0000000721e00000, 0x0000000721c00000| Untracked 
| 271|0x0000000721e00000, 0x0000000722000000, 0x0000000722000000|100%| O|  |TAMS 0x0000000721e00000, 0x0000000721e00000| Untracked 
| 272|0x0000000722000000, 0x0000000722200000, 0x0000000722200000|100%| O|  |TAMS 0x0000000722000000, 0x0000000722000000| Untracked 
| 273|0x0000000722200000, 0x0000000722200000, 0x0000000722400000|  0%| F|  |TAMS 0x0000000722200000, 0x0000000722200000| Untracked 
| 274|0x0000000722400000, 0x0000000722600000, 0x0000000722600000|100%| O|  |TAMS 0x0000000722600000, 0x0000000722400000| Untracked 
| 275|0x0000000722600000, 0x0000000722800000, 0x0000000722800000|100%| O|  |TAMS 0x0000000722800000, 0x0000000722600000| Untracked 
| 276|0x0000000722800000, 0x0000000722a00000, 0x0000000722a00000|100%| O|  |TAMS 0x0000000722a00000, 0x0000000722800000| Untracked 
| 277|0x0000000722a00000, 0x0000000722c00000, 0x0000000722c00000|100%| O|  |TAMS 0x0000000722c00000, 0x0000000722a00000| Untracked 
| 278|0x0000000722c00000, 0x0000000722e00000, 0x0000000722e00000|100%| O|  |TAMS 0x0000000722e00000, 0x0000000722c00000| Untracked 
| 279|0x0000000722e00000, 0x0000000723000000, 0x0000000723000000|100%| O|  |TAMS 0x0000000723000000, 0x0000000722e00000| Untracked 
| 280|0x0000000723000000, 0x0000000723200000, 0x0000000723200000|100%| O|  |TAMS 0x0000000723200000, 0x0000000723000000| Untracked 
| 281|0x0000000723200000, 0x0000000723400000, 0x0000000723400000|100%| O|  |TAMS 0x0000000723400000, 0x0000000723200000| Untracked 
| 282|0x0000000723400000, 0x0000000723600000, 0x0000000723600000|100%| O|  |TAMS 0x0000000723600000, 0x0000000723400000| Untracked 
| 283|0x0000000723600000, 0x0000000723800000, 0x0000000723800000|100%| O|  |TAMS 0x0000000723800000, 0x0000000723600000| Untracked 
| 284|0x0000000723800000, 0x0000000723a00000, 0x0000000723a00000|100%| O|  |TAMS 0x0000000723a00000, 0x0000000723800000| Untracked 
| 285|0x0000000723a00000, 0x0000000723c00000, 0x0000000723c00000|100%| O|  |TAMS 0x0000000723c00000, 0x0000000723a00000| Untracked 
| 286|0x0000000723c00000, 0x0000000723e00000, 0x0000000723e00000|100%| O|  |TAMS 0x0000000723e00000, 0x0000000723c00000| Untracked 
| 287|0x0000000723e00000, 0x0000000724000000, 0x0000000724000000|100%| O|  |TAMS 0x0000000724000000, 0x0000000723e00000| Untracked 
| 288|0x0000000724000000, 0x0000000724200000, 0x0000000724200000|100%| O|  |TAMS 0x0000000724200000, 0x0000000724000000| Untracked 
| 289|0x0000000724200000, 0x0000000724400000, 0x0000000724400000|100%| O|  |TAMS 0x0000000724400000, 0x0000000724200000| Untracked 
| 290|0x0000000724400000, 0x0000000724600000, 0x0000000724600000|100%| O|  |TAMS 0x0000000724600000, 0x0000000724400000| Untracked 
| 291|0x0000000724600000, 0x0000000724800000, 0x0000000724800000|100%| O|  |TAMS 0x0000000724800000, 0x0000000724600000| Untracked 
| 292|0x0000000724800000, 0x0000000724a00000, 0x0000000724a00000|100%| O|  |TAMS 0x0000000724a00000, 0x0000000724800000| Untracked 
| 293|0x0000000724a00000, 0x0000000724c00000, 0x0000000724c00000|100%| O|  |TAMS 0x0000000724c00000, 0x0000000724a00000| Untracked 
| 294|0x0000000724c00000, 0x0000000724e00000, 0x0000000724e00000|100%| O|  |TAMS 0x0000000724e00000, 0x0000000724c00000| Untracked 
| 295|0x0000000724e00000, 0x0000000725000000, 0x0000000725000000|100%| O|  |TAMS 0x0000000725000000, 0x0000000724e00000| Untracked 
| 296|0x0000000725000000, 0x0000000725200000, 0x0000000725200000|100%| O|  |TAMS 0x0000000725200000, 0x0000000725000000| Untracked 
| 297|0x0000000725200000, 0x0000000725400000, 0x0000000725400000|100%| O|  |TAMS 0x0000000725400000, 0x0000000725200000| Untracked 
| 298|0x0000000725400000, 0x0000000725600000, 0x0000000725600000|100%| O|  |TAMS 0x0000000725600000, 0x0000000725400000| Untracked 
| 299|0x0000000725600000, 0x0000000725800000, 0x0000000725800000|100%| O|  |TAMS 0x0000000725600000, 0x0000000725600000| Untracked 
| 300|0x0000000725800000, 0x0000000725a00000, 0x0000000725a00000|100%| O|  |TAMS 0x0000000725a00000, 0x0000000725800000| Untracked 
| 301|0x0000000725a00000, 0x0000000725c00000, 0x0000000725c00000|100%| O|  |TAMS 0x0000000725c00000, 0x0000000725a00000| Untracked 
| 302|0x0000000725c00000, 0x0000000725e00000, 0x0000000725e00000|100%| O|  |TAMS 0x0000000725e00000, 0x0000000725c00000| Untracked 
| 303|0x0000000725e00000, 0x0000000725e00000, 0x0000000726000000|  0%| F|  |TAMS 0x0000000725e00000, 0x0000000725e00000| Untracked 
| 304|0x0000000726000000, 0x0000000726200000, 0x0000000726200000|100%| O|  |TAMS 0x0000000726200000, 0x0000000726000000| Untracked 
| 305|0x0000000726200000, 0x0000000726400000, 0x0000000726400000|100%| O|  |TAMS 0x0000000726400000, 0x0000000726200000| Untracked 
| 306|0x0000000726400000, 0x0000000726600000, 0x0000000726600000|100%| O|  |TAMS 0x0000000726600000, 0x0000000726400000| Untracked 
| 307|0x0000000726600000, 0x0000000726800000, 0x0000000726800000|100%| O|  |TAMS 0x0000000726800000, 0x0000000726600000| Untracked 
| 308|0x0000000726800000, 0x0000000726a00000, 0x0000000726a00000|100%| O|  |TAMS 0x0000000726a00000, 0x0000000726800000| Untracked 
| 309|0x0000000726a00000, 0x0000000726c00000, 0x0000000726c00000|100%| O|  |TAMS 0x0000000726c00000, 0x0000000726a00000| Untracked 
| 310|0x0000000726c00000, 0x0000000726e00000, 0x0000000726e00000|100%| O|  |TAMS 0x0000000726e00000, 0x0000000726c00000| Untracked 
| 311|0x0000000726e00000, 0x0000000727000000, 0x0000000727000000|100%| O|  |TAMS 0x0000000726e00000, 0x0000000726e00000| Untracked 
| 312|0x0000000727000000, 0x0000000727200000, 0x0000000727200000|100%| O|  |TAMS 0x0000000727200000, 0x0000000727000000| Untracked 
| 313|0x0000000727200000, 0x0000000727400000, 0x0000000727400000|100%| O|  |TAMS 0x0000000727400000, 0x0000000727200000| Untracked 
| 314|0x0000000727400000, 0x0000000727600000, 0x0000000727600000|100%| O|  |TAMS 0x0000000727600000, 0x0000000727400000| Untracked 
| 315|0x0000000727600000, 0x0000000727800000, 0x0000000727800000|100%| O|  |TAMS 0x0000000727800000, 0x0000000727600000| Untracked 
| 316|0x0000000727800000, 0x0000000727a00000, 0x0000000727a00000|100%| O|  |TAMS 0x0000000727800000, 0x0000000727800000| Untracked 
| 317|0x0000000727a00000, 0x0000000727c00000, 0x0000000727c00000|100%| O|  |TAMS 0x0000000727c00000, 0x0000000727a00000| Untracked 
| 318|0x0000000727c00000, 0x0000000727e00000, 0x0000000727e00000|100%| O|  |TAMS 0x0000000727e00000, 0x0000000727c00000| Untracked 
| 319|0x0000000727e00000, 0x0000000728000000, 0x0000000728000000|100%| O|  |TAMS 0x0000000728000000, 0x0000000727e00000| Untracked 
| 320|0x0000000728000000, 0x0000000728200000, 0x0000000728200000|100%| O|  |TAMS 0x0000000728200000, 0x0000000728000000| Untracked 
| 321|0x0000000728200000, 0x0000000728400000, 0x0000000728400000|100%| O|  |TAMS 0x0000000728400000, 0x0000000728200000| Untracked 
| 322|0x0000000728400000, 0x0000000728600000, 0x0000000728600000|100%| O|  |TAMS 0x0000000728400000, 0x0000000728400000| Untracked 
| 323|0x0000000728600000, 0x0000000728800000, 0x0000000728800000|100%| O|  |TAMS 0x0000000728800000, 0x0000000728600000| Untracked 
| 324|0x0000000728800000, 0x0000000728a00000, 0x0000000728a00000|100%| O|  |TAMS 0x0000000728a00000, 0x0000000728800000| Untracked 
| 325|0x0000000728a00000, 0x0000000728c00000, 0x0000000728c00000|100%| O|  |TAMS 0x0000000728a00000, 0x0000000728a00000| Untracked 
| 326|0x0000000728c00000, 0x0000000728c00000, 0x0000000728e00000|  0%| F|  |TAMS 0x0000000728c00000, 0x0000000728c00000| Untracked 
| 327|0x0000000728e00000, 0x0000000729000000, 0x0000000729000000|100%| O|  |TAMS 0x0000000729000000, 0x0000000728e00000| Untracked 
| 328|0x0000000729000000, 0x0000000729200000, 0x0000000729200000|100%| O|  |TAMS 0x0000000729200000, 0x0000000729000000| Untracked 
| 329|0x0000000729200000, 0x0000000729200000, 0x0000000729400000|  0%| F|  |TAMS 0x0000000729200000, 0x0000000729200000| Untracked 
| 330|0x0000000729400000, 0x0000000729600000, 0x0000000729600000|100%| O|  |TAMS 0x0000000729400000, 0x0000000729400000| Untracked 
| 331|0x0000000729600000, 0x0000000729600000, 0x0000000729800000|  0%| F|  |TAMS 0x0000000729600000, 0x0000000729600000| Untracked 
| 332|0x0000000729800000, 0x0000000729a00000, 0x0000000729a00000|100%| O|  |TAMS 0x0000000729a00000, 0x0000000729800000| Untracked 
| 333|0x0000000729a00000, 0x0000000729c00000, 0x0000000729c00000|100%| O|  |TAMS 0x0000000729c00000, 0x0000000729a00000| Untracked 
| 334|0x0000000729c00000, 0x0000000729c00000, 0x0000000729e00000|  0%| F|  |TAMS 0x0000000729c00000, 0x0000000729c00000| Untracked 
| 335|0x0000000729e00000, 0x000000072a000000, 0x000000072a000000|100%| O|  |TAMS 0x000000072a000000, 0x0000000729e00000| Untracked 
| 336|0x000000072a000000, 0x000000072a200000, 0x000000072a200000|100%| O|  |TAMS 0x000000072a200000, 0x000000072a000000| Untracked 
| 337|0x000000072a200000, 0x000000072a400000, 0x000000072a400000|100%|HS|  |TAMS 0x000000072a400000, 0x000000072a200000| Complete 
| 338|0x000000072a400000, 0x000000072a600000, 0x000000072a600000|100%| O|  |TAMS 0x000000072a400000, 0x000000072a400000| Untracked 
| 339|0x000000072a600000, 0x000000072a800000, 0x000000072a800000|100%|HS|  |TAMS 0x000000072a800000, 0x000000072a600000| Complete 
| 340|0x000000072a800000, 0x000000072aa00000, 0x000000072aa00000|100%| O|  |TAMS 0x000000072aa00000, 0x000000072a800000| Untracked 
| 341|0x000000072aa00000, 0x000000072ac00000, 0x000000072ac00000|100%| O|  |TAMS 0x000000072ac00000, 0x000000072aa00000| Untracked 
| 342|0x000000072ac00000, 0x000000072ae00000, 0x000000072ae00000|100%| O|  |TAMS 0x000000072ae00000, 0x000000072ac00000| Untracked 
| 343|0x000000072ae00000, 0x000000072b000000, 0x000000072b000000|100%| O|  |TAMS 0x000000072b000000, 0x000000072ae00000| Untracked 
| 344|0x000000072b000000, 0x000000072b200000, 0x000000072b200000|100%| O|  |TAMS 0x000000072b200000, 0x000000072b000000| Untracked 
| 345|0x000000072b200000, 0x000000072b400000, 0x000000072b400000|100%| O|  |TAMS 0x000000072b200000, 0x000000072b200000| Untracked 
| 346|0x000000072b400000, 0x000000072b600000, 0x000000072b600000|100%| O|  |TAMS 0x000000072b600000, 0x000000072b400000| Untracked 
| 347|0x000000072b600000, 0x000000072b800000, 0x000000072b800000|100%| O|  |TAMS 0x000000072b800000, 0x000000072b600000| Untracked 
| 348|0x000000072b800000, 0x000000072ba00000, 0x000000072ba00000|100%| O|  |TAMS 0x000000072ba00000, 0x000000072b800000| Untracked 
| 349|0x000000072ba00000, 0x000000072ba00000, 0x000000072bc00000|  0%| F|  |TAMS 0x000000072ba00000, 0x000000072ba00000| Untracked 
| 350|0x000000072bc00000, 0x000000072be00000, 0x000000072be00000|100%| O|  |TAMS 0x000000072be00000, 0x000000072bc00000| Untracked 
| 351|0x000000072be00000, 0x000000072c000000, 0x000000072c000000|100%|HS|  |TAMS 0x000000072c000000, 0x000000072be00000| Complete 
| 352|0x000000072c000000, 0x000000072c200000, 0x000000072c200000|100%|HC|  |TAMS 0x000000072c200000, 0x000000072c000000| Complete 
| 353|0x000000072c200000, 0x000000072c400000, 0x000000072c400000|100%| O|  |TAMS 0x000000072c400000, 0x000000072c200000| Untracked 
| 354|0x000000072c400000, 0x000000072c600000, 0x000000072c600000|100%| O|  |TAMS 0x000000072c400000, 0x000000072c400000| Untracked 
| 355|0x000000072c600000, 0x000000072c800000, 0x000000072c800000|100%| O|  |TAMS 0x000000072c800000, 0x000000072c600000| Untracked 
| 356|0x000000072c800000, 0x000000072c800000, 0x000000072ca00000|  0%| F|  |TAMS 0x000000072c800000, 0x000000072c800000| Untracked 
| 357|0x000000072ca00000, 0x000000072cc00000, 0x000000072cc00000|100%| O|  |TAMS 0x000000072cc00000, 0x000000072ca00000| Untracked 
| 358|0x000000072cc00000, 0x000000072ce00000, 0x000000072ce00000|100%| O|  |TAMS 0x000000072ce00000, 0x000000072cc00000| Untracked 
| 359|0x000000072ce00000, 0x000000072d000000, 0x000000072d000000|100%| O|  |TAMS 0x000000072d000000, 0x000000072ce00000| Untracked 
| 360|0x000000072d000000, 0x000000072d200000, 0x000000072d200000|100%| O|  |TAMS 0x000000072d000000, 0x000000072d000000| Untracked 
| 361|0x000000072d200000, 0x000000072d400000, 0x000000072d400000|100%| O|  |TAMS 0x000000072d400000, 0x000000072d200000| Untracked 
| 362|0x000000072d400000, 0x000000072d600000, 0x000000072d600000|100%| O|  |TAMS 0x000000072d600000, 0x000000072d400000| Untracked 
| 363|0x000000072d600000, 0x000000072d800000, 0x000000072d800000|100%| O|  |TAMS 0x000000072d800000, 0x000000072d600000| Untracked 
| 364|0x000000072d800000, 0x000000072da00000, 0x000000072da00000|100%| O|  |TAMS 0x000000072da00000, 0x000000072d800000| Untracked 
| 365|0x000000072da00000, 0x000000072dc00000, 0x000000072dc00000|100%| O|  |TAMS 0x000000072dc00000, 0x000000072da00000| Untracked 
| 366|0x000000072dc00000, 0x000000072de00000, 0x000000072de00000|100%| O|  |TAMS 0x000000072de00000, 0x000000072dc00000| Untracked 
| 367|0x000000072de00000, 0x000000072e000000, 0x000000072e000000|100%| O|  |TAMS 0x000000072e000000, 0x000000072de00000| Untracked 
| 368|0x000000072e000000, 0x000000072e200000, 0x000000072e200000|100%| O|  |TAMS 0x000000072e000000, 0x000000072e000000| Untracked 
| 369|0x000000072e200000, 0x000000072e400000, 0x000000072e400000|100%| O|  |TAMS 0x000000072e400000, 0x000000072e200000| Untracked 
| 370|0x000000072e400000, 0x000000072e400000, 0x000000072e600000|  0%| F|  |TAMS 0x000000072e400000, 0x000000072e400000| Untracked 
| 371|0x000000072e600000, 0x000000072e800000, 0x000000072e800000|100%| O|  |TAMS 0x000000072e600000, 0x000000072e600000| Untracked 
| 372|0x000000072e800000, 0x000000072ea00000, 0x000000072ea00000|100%| O|  |TAMS 0x000000072ea00000, 0x000000072e800000| Untracked 
| 373|0x000000072ea00000, 0x000000072ec00000, 0x000000072ec00000|100%| O|  |TAMS 0x000000072ec00000, 0x000000072ea00000| Untracked 
| 374|0x000000072ec00000, 0x000000072ee00000, 0x000000072ee00000|100%| O|  |TAMS 0x000000072ec00000, 0x000000072ec00000| Untracked 
| 375|0x000000072ee00000, 0x000000072f000000, 0x000000072f000000|100%| O|  |TAMS 0x000000072f000000, 0x000000072ee00000| Untracked 
| 376|0x000000072f000000, 0x000000072f200000, 0x000000072f200000|100%| O|  |TAMS 0x000000072f200000, 0x000000072f000000| Untracked 
| 377|0x000000072f200000, 0x000000072f400000, 0x000000072f400000|100%| O|  |TAMS 0x000000072f400000, 0x000000072f200000| Untracked 
| 378|0x000000072f400000, 0x000000072f600000, 0x000000072f600000|100%| O|  |TAMS 0x000000072f600000, 0x000000072f400000| Untracked 
| 379|0x000000072f600000, 0x000000072f800000, 0x000000072f800000|100%| O|  |TAMS 0x000000072f800000, 0x000000072f600000| Untracked 
| 380|0x000000072f800000, 0x000000072fa00000, 0x000000072fa00000|100%| O|  |TAMS 0x000000072fa00000, 0x000000072f800000| Untracked 
| 381|0x000000072fa00000, 0x000000072fc00000, 0x000000072fc00000|100%| O|  |TAMS 0x000000072fc00000, 0x000000072fa00000| Untracked 
| 382|0x000000072fc00000, 0x000000072fe00000, 0x000000072fe00000|100%| O|  |TAMS 0x000000072fc11000, 0x000000072fc00000| Untracked 
| 383|0x000000072fe00000, 0x0000000730000000, 0x0000000730000000|100%| O|  |TAMS 0x000000072fe00000, 0x000000072fe00000| Untracked 
| 384|0x0000000730000000, 0x0000000730200000, 0x0000000730200000|100%| O|  |TAMS 0x0000000730200000, 0x0000000730000000| Untracked 
| 385|0x0000000730200000, 0x0000000730400000, 0x0000000730400000|100%| O|  |TAMS 0x0000000730400000, 0x0000000730200000| Untracked 
| 386|0x0000000730400000, 0x0000000730400000, 0x0000000730600000|  0%| F|  |TAMS 0x0000000730400000, 0x0000000730400000| Untracked 
| 387|0x0000000730600000, 0x0000000730800000, 0x0000000730800000|100%| O|  |TAMS 0x0000000730800000, 0x0000000730600000| Untracked 
| 388|0x0000000730800000, 0x0000000730a00000, 0x0000000730a00000|100%| O|  |TAMS 0x0000000730a00000, 0x0000000730800000| Untracked 
| 389|0x0000000730a00000, 0x0000000730c00000, 0x0000000730c00000|100%| O|  |TAMS 0x0000000730a00000, 0x0000000730a00000| Untracked 
| 390|0x0000000730c00000, 0x0000000730e00000, 0x0000000730e00000|100%| O|  |TAMS 0x0000000730c00000, 0x0000000730c00000| Untracked 
| 391|0x0000000730e00000, 0x0000000731000000, 0x0000000731000000|100%| O|  |TAMS 0x0000000730e00000, 0x0000000730e00000| Untracked 
| 392|0x0000000731000000, 0x000000073117ec00, 0x0000000731200000| 74%| O|  |TAMS 0x0000000731000000, 0x0000000731000000| Untracked 
| 393|0x0000000731200000, 0x0000000731200000, 0x0000000731400000|  0%| F|  |TAMS 0x0000000731200000, 0x0000000731200000| Untracked 
| 394|0x0000000731400000, 0x0000000731400000, 0x0000000731600000|  0%| F|  |TAMS 0x0000000731400000, 0x0000000731400000| Untracked 
| 395|0x0000000731600000, 0x0000000731800000, 0x0000000731800000|100%| O|  |TAMS 0x0000000731800000, 0x0000000731600000| Untracked 
| 396|0x0000000731800000, 0x0000000731a00000, 0x0000000731a00000|100%| O|  |TAMS 0x0000000731a00000, 0x0000000731800000| Untracked 
| 397|0x0000000731a00000, 0x0000000731c00000, 0x0000000731c00000|100%| O|  |TAMS 0x0000000731c00000, 0x0000000731a00000| Untracked 
| 398|0x0000000731c00000, 0x0000000731e00000, 0x0000000731e00000|100%| O|  |TAMS 0x0000000731e00000, 0x0000000731c00000| Untracked 
| 399|0x0000000731e00000, 0x0000000732000000, 0x0000000732000000|100%| O|  |TAMS 0x0000000732000000, 0x0000000731e00000| Untracked 
| 400|0x0000000732000000, 0x0000000732200000, 0x0000000732200000|100%| O|  |TAMS 0x0000000732200000, 0x0000000732000000| Untracked 
| 401|0x0000000732200000, 0x0000000732400000, 0x0000000732400000|100%| O|  |TAMS 0x0000000732400000, 0x0000000732200000| Untracked 
| 402|0x0000000732400000, 0x0000000732600000, 0x0000000732600000|100%| O|  |TAMS 0x0000000732600000, 0x0000000732400000| Untracked 
| 403|0x0000000732600000, 0x0000000732800000, 0x0000000732800000|100%| O|  |TAMS 0x0000000732800000, 0x0000000732600000| Untracked 
| 404|0x0000000732800000, 0x0000000732a00000, 0x0000000732a00000|100%| O|  |TAMS 0x0000000732a00000, 0x0000000732800000| Untracked 
| 405|0x0000000732a00000, 0x0000000732a00000, 0x0000000732c00000|  0%| F|  |TAMS 0x0000000732a00000, 0x0000000732a00000| Untracked 
| 406|0x0000000732c00000, 0x0000000732e00000, 0x0000000732e00000|100%| O|  |TAMS 0x0000000732e00000, 0x0000000732c00000| Untracked 
| 407|0x0000000732e00000, 0x0000000733000000, 0x0000000733000000|100%| O|  |TAMS 0x0000000733000000, 0x0000000732e00000| Untracked 
| 408|0x0000000733000000, 0x0000000733000000, 0x0000000733200000|  0%| F|  |TAMS 0x0000000733000000, 0x0000000733000000| Untracked 
| 409|0x0000000733200000, 0x0000000733400000, 0x0000000733400000|100%| O|  |TAMS 0x0000000733400000, 0x0000000733200000| Untracked 
| 410|0x0000000733400000, 0x0000000733600000, 0x0000000733600000|100%| O|  |TAMS 0x0000000733600000, 0x0000000733400000| Untracked 
| 411|0x0000000733600000, 0x00000007337ffff8, 0x0000000733800000| 99%| O|  |TAMS 0x00000007337ffff8, 0x0000000733600000| Untracked 
| 412|0x0000000733800000, 0x0000000733800000, 0x0000000733a00000|  0%| F|  |TAMS 0x0000000733800000, 0x0000000733800000| Untracked 
| 413|0x0000000733a00000, 0x0000000733c00000, 0x0000000733c00000|100%| O|  |TAMS 0x0000000733c00000, 0x0000000733a00000| Untracked 
| 414|0x0000000733c00000, 0x0000000733c00000, 0x0000000733e00000|  0%| F|  |TAMS 0x0000000733c00000, 0x0000000733c00000| Untracked 
| 415|0x0000000733e00000, 0x0000000734000000, 0x0000000734000000|100%| O|  |TAMS 0x0000000734000000, 0x0000000733e00000| Untracked 
| 416|0x0000000734000000, 0x0000000734200000, 0x0000000734200000|100%| O|  |TAMS 0x0000000734200000, 0x0000000734000000| Untracked 
| 417|0x0000000734200000, 0x0000000734400000, 0x0000000734400000|100%| O|  |TAMS 0x0000000734400000, 0x0000000734200000| Untracked 
| 418|0x0000000734400000, 0x0000000734600000, 0x0000000734600000|100%| O|  |TAMS 0x0000000734600000, 0x0000000734400000| Untracked 
| 419|0x0000000734600000, 0x0000000734600000, 0x0000000734800000|  0%| F|  |TAMS 0x0000000734600000, 0x0000000734600000| Untracked 
| 420|0x0000000734800000, 0x0000000734a00000, 0x0000000734a00000|100%| O|  |TAMS 0x0000000734a00000, 0x0000000734800000| Untracked 
| 421|0x0000000734a00000, 0x0000000734c00000, 0x0000000734c00000|100%| O|  |TAMS 0x0000000734c00000, 0x0000000734a00000| Untracked 
| 422|0x0000000734c00000, 0x0000000734e00000, 0x0000000734e00000|100%| O|  |TAMS 0x0000000734e00000, 0x0000000734c00000| Untracked 
| 423|0x0000000734e00000, 0x0000000735000000, 0x0000000735000000|100%| O|  |TAMS 0x0000000735000000, 0x0000000734e00000| Untracked 
| 424|0x0000000735000000, 0x0000000735200000, 0x0000000735200000|100%| O|  |TAMS 0x0000000735200000, 0x0000000735000000| Untracked 
| 425|0x0000000735200000, 0x0000000735400000, 0x0000000735400000|100%| O|  |TAMS 0x0000000735400000, 0x0000000735200000| Untracked 
| 426|0x0000000735400000, 0x0000000735600000, 0x0000000735600000|100%| O|  |TAMS 0x0000000735600000, 0x0000000735400000| Untracked 
| 427|0x0000000735600000, 0x0000000735800000, 0x0000000735800000|100%| O|  |TAMS 0x0000000735800000, 0x0000000735600000| Untracked 
| 428|0x0000000735800000, 0x0000000735a00000, 0x0000000735a00000|100%| O|  |TAMS 0x0000000735a00000, 0x0000000735800000| Untracked 
| 429|0x0000000735a00000, 0x0000000735c00000, 0x0000000735c00000|100%| O|  |TAMS 0x0000000735c00000, 0x0000000735a00000| Untracked 
| 430|0x0000000735c00000, 0x0000000735e00000, 0x0000000735e00000|100%| O|  |TAMS 0x0000000735e00000, 0x0000000735c00000| Untracked 
| 431|0x0000000735e00000, 0x0000000735e00000, 0x0000000736000000|  0%| F|  |TAMS 0x0000000735e00000, 0x0000000735e00000| Untracked 
| 432|0x0000000736000000, 0x0000000736000000, 0x0000000736200000|  0%| F|  |TAMS 0x0000000736000000, 0x0000000736000000| Untracked 
| 433|0x0000000736200000, 0x0000000736400000, 0x0000000736400000|100%| O|  |TAMS 0x0000000736400000, 0x0000000736200000| Untracked 
| 434|0x0000000736400000, 0x0000000736400000, 0x0000000736600000|  0%| F|  |TAMS 0x0000000736400000, 0x0000000736400000| Untracked 
| 435|0x0000000736600000, 0x0000000736800000, 0x0000000736800000|100%| O|  |TAMS 0x0000000736800000, 0x0000000736600000| Untracked 
| 436|0x0000000736800000, 0x0000000736a00000, 0x0000000736a00000|100%|HS|  |TAMS 0x0000000736a00000, 0x0000000736800000| Complete 
| 437|0x0000000736a00000, 0x0000000736c00000, 0x0000000736c00000|100%|HC|  |TAMS 0x0000000736c00000, 0x0000000736a00000| Complete 
| 438|0x0000000736c00000, 0x0000000736e00000, 0x0000000736e00000|100%|HC|  |TAMS 0x0000000736e00000, 0x0000000736c00000| Complete 
| 439|0x0000000736e00000, 0x0000000737000000, 0x0000000737000000|100%|HS|  |TAMS 0x0000000737000000, 0x0000000736e00000| Complete 
| 440|0x0000000737000000, 0x0000000737200000, 0x0000000737200000|100%|HC|  |TAMS 0x0000000737200000, 0x0000000737000000| Complete 
| 441|0x0000000737200000, 0x0000000737400000, 0x0000000737400000|100%|HC|  |TAMS 0x0000000737400000, 0x0000000737200000| Complete 
| 442|0x0000000737400000, 0x0000000737400000, 0x0000000737600000|  0%| F|  |TAMS 0x0000000737400000, 0x0000000737400000| Untracked 
| 443|0x0000000737600000, 0x0000000737800000, 0x0000000737800000|100%| O|  |TAMS 0x0000000737800000, 0x0000000737600000| Untracked 
| 444|0x0000000737800000, 0x0000000737a00000, 0x0000000737a00000|100%| O|  |TAMS 0x0000000737a00000, 0x0000000737800000| Untracked 
| 445|0x0000000737a00000, 0x0000000737c00000, 0x0000000737c00000|100%| O|  |TAMS 0x0000000737c00000, 0x0000000737a00000| Untracked 
| 446|0x0000000737c00000, 0x0000000737e00000, 0x0000000737e00000|100%| O|  |TAMS 0x0000000737e00000, 0x0000000737c00000| Untracked 
| 447|0x0000000737e00000, 0x0000000738000000, 0x0000000738000000|100%| O|  |TAMS 0x0000000738000000, 0x0000000737e00000| Untracked 
| 448|0x0000000738000000, 0x0000000738200000, 0x0000000738200000|100%| O|  |TAMS 0x0000000738200000, 0x0000000738000000| Untracked 
| 449|0x0000000738200000, 0x0000000738200000, 0x0000000738400000|  0%| F|  |TAMS 0x0000000738200000, 0x0000000738200000| Untracked 
| 450|0x0000000738400000, 0x0000000738600000, 0x0000000738600000|100%| O|  |TAMS 0x0000000738600000, 0x0000000738400000| Untracked 
| 451|0x0000000738600000, 0x0000000738600000, 0x0000000738800000|  0%| F|  |TAMS 0x0000000738600000, 0x0000000738600000| Untracked 
| 452|0x0000000738800000, 0x0000000738a00000, 0x0000000738a00000|100%| O|  |TAMS 0x0000000738a00000, 0x0000000738800000| Untracked 
| 453|0x0000000738a00000, 0x0000000738c00000, 0x0000000738c00000|100%| O|  |TAMS 0x0000000738c00000, 0x0000000738a00000| Untracked 
| 454|0x0000000738c00000, 0x0000000738e00000, 0x0000000738e00000|100%| O|  |TAMS 0x0000000738e00000, 0x0000000738c00000| Untracked 
| 455|0x0000000738e00000, 0x0000000738e00000, 0x0000000739000000|  0%| F|  |TAMS 0x0000000738e00000, 0x0000000738e00000| Untracked 
| 456|0x0000000739000000, 0x0000000739200000, 0x0000000739200000|100%| O|  |TAMS 0x0000000739200000, 0x0000000739000000| Untracked 
| 457|0x0000000739200000, 0x0000000739400000, 0x0000000739400000|100%| O|  |TAMS 0x0000000739400000, 0x0000000739200000| Untracked 
| 458|0x0000000739400000, 0x0000000739400000, 0x0000000739600000|  0%| F|  |TAMS 0x0000000739400000, 0x0000000739400000| Untracked 
| 459|0x0000000739600000, 0x0000000739800000, 0x0000000739800000|100%| O|  |TAMS 0x0000000739800000, 0x0000000739600000| Untracked 
| 460|0x0000000739800000, 0x0000000739a00000, 0x0000000739a00000|100%| O|  |TAMS 0x0000000739a00000, 0x0000000739800000| Untracked 
| 461|0x0000000739a00000, 0x0000000739c00000, 0x0000000739c00000|100%| O|  |TAMS 0x0000000739c00000, 0x0000000739a00000| Untracked 
| 462|0x0000000739c00000, 0x0000000739e00000, 0x0000000739e00000|100%| O|  |TAMS 0x0000000739e00000, 0x0000000739c00000| Untracked 
| 463|0x0000000739e00000, 0x000000073a000000, 0x000000073a000000|100%| O|  |TAMS 0x000000073a000000, 0x0000000739e00000| Untracked 
| 464|0x000000073a000000, 0x000000073a200000, 0x000000073a200000|100%| O|  |TAMS 0x000000073a200000, 0x000000073a000000| Untracked 
| 465|0x000000073a200000, 0x000000073a400000, 0x000000073a400000|100%| O|  |TAMS 0x000000073a400000, 0x000000073a200000| Untracked 
| 466|0x000000073a400000, 0x000000073a600000, 0x000000073a600000|100%| O|  |TAMS 0x000000073a600000, 0x000000073a400000| Untracked 
| 467|0x000000073a600000, 0x000000073a800000, 0x000000073a800000|100%| O|  |TAMS 0x000000073a800000, 0x000000073a600000| Untracked 
| 468|0x000000073a800000, 0x000000073aa00000, 0x000000073aa00000|100%| O|  |TAMS 0x000000073aa00000, 0x000000073a800000| Untracked 
| 469|0x000000073aa00000, 0x000000073aa00000, 0x000000073ac00000|  0%| F|  |TAMS 0x000000073aa00000, 0x000000073aa00000| Untracked 
| 470|0x000000073ac00000, 0x000000073ac00000, 0x000000073ae00000|  0%| F|  |TAMS 0x000000073ac00000, 0x000000073ac00000| Untracked 
| 471|0x000000073ae00000, 0x000000073ae00000, 0x000000073b000000|  0%| F|  |TAMS 0x000000073ae00000, 0x000000073ae00000| Untracked 
| 472|0x000000073b000000, 0x000000073b000000, 0x000000073b200000|  0%| F|  |TAMS 0x000000073b000000, 0x000000073b000000| Untracked 
| 473|0x000000073b200000, 0x000000073b400000, 0x000000073b400000|100%| O|  |TAMS 0x000000073b400000, 0x000000073b200000| Untracked 
| 474|0x000000073b400000, 0x000000073b600000, 0x000000073b600000|100%| O|  |TAMS 0x000000073b600000, 0x000000073b400000| Untracked 
| 475|0x000000073b600000, 0x000000073b800000, 0x000000073b800000|100%| O|  |TAMS 0x000000073b800000, 0x000000073b600000| Untracked 
| 476|0x000000073b800000, 0x000000073ba00000, 0x000000073ba00000|100%| O|  |TAMS 0x000000073ba00000, 0x000000073b800000| Untracked 
| 477|0x000000073ba00000, 0x000000073bc00000, 0x000000073bc00000|100%| O|  |TAMS 0x000000073bc00000, 0x000000073ba00000| Untracked 
| 478|0x000000073bc00000, 0x000000073be00000, 0x000000073be00000|100%| O|  |TAMS 0x000000073be00000, 0x000000073bc00000| Untracked 
| 479|0x000000073be00000, 0x000000073c000000, 0x000000073c000000|100%| O|  |TAMS 0x000000073c000000, 0x000000073be00000| Untracked 
| 480|0x000000073c000000, 0x000000073c200000, 0x000000073c200000|100%| O|  |TAMS 0x000000073c200000, 0x000000073c000000| Untracked 
| 481|0x000000073c200000, 0x000000073c400000, 0x000000073c400000|100%| O|  |TAMS 0x000000073c400000, 0x000000073c200000| Untracked 
| 482|0x000000073c400000, 0x000000073c600000, 0x000000073c600000|100%| O|  |TAMS 0x000000073c600000, 0x000000073c400000| Untracked 
| 483|0x000000073c600000, 0x000000073c600000, 0x000000073c800000|  0%| F|  |TAMS 0x000000073c600000, 0x000000073c600000| Untracked 
| 484|0x000000073c800000, 0x000000073c800000, 0x000000073ca00000|  0%| F|  |TAMS 0x000000073c800000, 0x000000073c800000| Untracked 
| 485|0x000000073ca00000, 0x000000073ca00000, 0x000000073cc00000|  0%| F|  |TAMS 0x000000073ca00000, 0x000000073ca00000| Untracked 
| 486|0x000000073cc00000, 0x000000073cc00000, 0x000000073ce00000|  0%| F|  |TAMS 0x000000073cc00000, 0x000000073cc00000| Untracked 
| 487|0x000000073ce00000, 0x000000073ce00000, 0x000000073d000000|  0%| F|  |TAMS 0x000000073ce00000, 0x000000073ce00000| Untracked 
| 488|0x000000073d000000, 0x000000073d000000, 0x000000073d200000|  0%| F|  |TAMS 0x000000073d000000, 0x000000073d000000| Untracked 
| 489|0x000000073d200000, 0x000000073d200000, 0x000000073d400000|  0%| F|  |TAMS 0x000000073d200000, 0x000000073d200000| Untracked 
| 490|0x000000073d400000, 0x000000073d600000, 0x000000073d600000|100%| O|  |TAMS 0x000000073d600000, 0x000000073d400000| Untracked 
| 491|0x000000073d600000, 0x000000073d800000, 0x000000073d800000|100%| O|  |TAMS 0x000000073d800000, 0x000000073d600000| Untracked 
| 492|0x000000073d800000, 0x000000073da00000, 0x000000073da00000|100%| O|  |TAMS 0x000000073da00000, 0x000000073d800000| Untracked 
| 493|0x000000073da00000, 0x000000073dc00000, 0x000000073dc00000|100%| O|  |TAMS 0x000000073dc00000, 0x000000073da00000| Untracked 
| 494|0x000000073dc00000, 0x000000073de00000, 0x000000073de00000|100%| O|  |TAMS 0x000000073de00000, 0x000000073dc00000| Untracked 
| 495|0x000000073de00000, 0x000000073e000000, 0x000000073e000000|100%| O|  |TAMS 0x000000073e000000, 0x000000073de00000| Untracked 
| 496|0x000000073e000000, 0x000000073e200000, 0x000000073e200000|100%| O|  |TAMS 0x000000073e200000, 0x000000073e000000| Untracked 
| 497|0x000000073e200000, 0x000000073e400000, 0x000000073e400000|100%| O|  |TAMS 0x000000073e400000, 0x000000073e200000| Untracked 
| 498|0x000000073e400000, 0x000000073e600000, 0x000000073e600000|100%| O|  |TAMS 0x000000073e600000, 0x000000073e400000| Untracked 
| 499|0x000000073e600000, 0x000000073e600000, 0x000000073e800000|  0%| F|  |TAMS 0x000000073e600000, 0x000000073e600000| Untracked 
| 500|0x000000073e800000, 0x000000073e800000, 0x000000073ea00000|  0%| F|  |TAMS 0x000000073e800000, 0x000000073e800000| Untracked 
| 501|0x000000073ea00000, 0x000000073ea00000, 0x000000073ec00000|  0%| F|  |TAMS 0x000000073ea00000, 0x000000073ea00000| Untracked 
| 502|0x000000073ec00000, 0x000000073ee00000, 0x000000073ee00000|100%| O|  |TAMS 0x000000073ee00000, 0x000000073ec00000| Untracked 
| 503|0x000000073ee00000, 0x000000073ee00000, 0x000000073f000000|  0%| F|  |TAMS 0x000000073ee00000, 0x000000073ee00000| Untracked 
| 504|0x000000073f000000, 0x000000073f000000, 0x000000073f200000|  0%| F|  |TAMS 0x000000073f000000, 0x000000073f000000| Untracked 
| 505|0x000000073f200000, 0x000000073f200000, 0x000000073f400000|  0%| F|  |TAMS 0x000000073f200000, 0x000000073f200000| Untracked 
| 506|0x000000073f400000, 0x000000073f400000, 0x000000073f600000|  0%| F|  |TAMS 0x000000073f400000, 0x000000073f400000| Untracked 
| 507|0x000000073f600000, 0x000000073f600000, 0x000000073f800000|  0%| F|  |TAMS 0x000000073f600000, 0x000000073f600000| Untracked 
| 508|0x000000073f800000, 0x000000073f800000, 0x000000073fa00000|  0%| F|  |TAMS 0x000000073f800000, 0x000000073f800000| Untracked 
| 509|0x000000073fa00000, 0x000000073fc00000, 0x000000073fc00000|100%| O|  |TAMS 0x000000073fc00000, 0x000000073fa00000| Untracked 
| 510|0x000000073fc00000, 0x000000073fc00000, 0x000000073fe00000|  0%| F|  |TAMS 0x000000073fc00000, 0x000000073fc00000| Untracked 
| 511|0x000000073fe00000, 0x000000073fe00000, 0x0000000740000000|  0%| F|  |TAMS 0x000000073fe00000, 0x000000073fe00000| Untracked 
| 512|0x0000000740000000, 0x0000000740000000, 0x0000000740200000|  0%| F|  |TAMS 0x0000000740000000, 0x0000000740000000| Untracked 
| 513|0x0000000740200000, 0x0000000740200000, 0x0000000740400000|  0%| F|  |TAMS 0x0000000740200000, 0x0000000740200000| Untracked 
| 514|0x0000000740400000, 0x0000000740400000, 0x0000000740600000|  0%| F|  |TAMS 0x0000000740400000, 0x0000000740400000| Untracked 
| 515|0x0000000740600000, 0x0000000740600000, 0x0000000740800000|  0%| F|  |TAMS 0x0000000740600000, 0x0000000740600000| Untracked 
| 516|0x0000000740800000, 0x0000000740800000, 0x0000000740a00000|  0%| F|  |TAMS 0x0000000740800000, 0x0000000740800000| Untracked 
| 517|0x0000000740a00000, 0x0000000740a00000, 0x0000000740c00000|  0%| F|  |TAMS 0x0000000740a00000, 0x0000000740a00000| Untracked 
| 518|0x0000000740c00000, 0x0000000740c00000, 0x0000000740e00000|  0%| F|  |TAMS 0x0000000740c00000, 0x0000000740c00000| Untracked 
| 519|0x0000000740e00000, 0x0000000740e00000, 0x0000000741000000|  0%| F|  |TAMS 0x0000000740e00000, 0x0000000740e00000| Untracked 
| 520|0x0000000741000000, 0x0000000741000000, 0x0000000741200000|  0%| F|  |TAMS 0x0000000741000000, 0x0000000741000000| Untracked 
| 521|0x0000000741200000, 0x0000000741200000, 0x0000000741400000|  0%| F|  |TAMS 0x0000000741200000, 0x0000000741200000| Untracked 
| 522|0x0000000741400000, 0x0000000741400000, 0x0000000741600000|  0%| F|  |TAMS 0x0000000741400000, 0x0000000741400000| Untracked 
| 523|0x0000000741600000, 0x0000000741600000, 0x0000000741800000|  0%| F|  |TAMS 0x0000000741600000, 0x0000000741600000| Untracked 
| 524|0x0000000741800000, 0x0000000741800000, 0x0000000741a00000|  0%| F|  |TAMS 0x0000000741800000, 0x0000000741800000| Untracked 
| 525|0x0000000741a00000, 0x0000000741a00000, 0x0000000741c00000|  0%| F|  |TAMS 0x0000000741a00000, 0x0000000741a00000| Untracked 
| 526|0x0000000741c00000, 0x0000000741c00000, 0x0000000741e00000|  0%| F|  |TAMS 0x0000000741c00000, 0x0000000741c00000| Untracked 
| 527|0x0000000741e00000, 0x0000000741e00000, 0x0000000742000000|  0%| F|  |TAMS 0x0000000741e00000, 0x0000000741e00000| Untracked 
| 528|0x0000000742000000, 0x0000000742000000, 0x0000000742200000|  0%| F|  |TAMS 0x0000000742000000, 0x0000000742000000| Untracked 
| 529|0x0000000742200000, 0x0000000742400000, 0x0000000742400000|100%| O|  |TAMS 0x0000000742400000, 0x0000000742200000| Untracked 
| 530|0x0000000742400000, 0x0000000742400000, 0x0000000742600000|  0%| F|  |TAMS 0x0000000742400000, 0x0000000742400000| Untracked 
| 531|0x0000000742600000, 0x0000000742600000, 0x0000000742800000|  0%| F|  |TAMS 0x0000000742600000, 0x0000000742600000| Untracked 
| 532|0x0000000742800000, 0x0000000742a00000, 0x0000000742a00000|100%| O|  |TAMS 0x0000000742a00000, 0x0000000742800000| Untracked 
| 533|0x0000000742a00000, 0x0000000742c00000, 0x0000000742c00000|100%| O|  |TAMS 0x0000000742c00000, 0x0000000742a00000| Untracked 
| 534|0x0000000742c00000, 0x0000000742e00000, 0x0000000742e00000|100%| O|  |TAMS 0x0000000742e00000, 0x0000000742c00000| Untracked 
| 535|0x0000000742e00000, 0x0000000743000000, 0x0000000743000000|100%| O|  |TAMS 0x0000000743000000, 0x0000000742e00000| Untracked 
| 536|0x0000000743000000, 0x0000000743000000, 0x0000000743200000|  0%| F|  |TAMS 0x0000000743000000, 0x0000000743000000| Untracked 
| 537|0x0000000743200000, 0x0000000743400000, 0x0000000743400000|100%| O|  |TAMS 0x0000000743400000, 0x0000000743200000| Untracked 
| 538|0x0000000743400000, 0x0000000743400000, 0x0000000743600000|  0%| F|  |TAMS 0x0000000743400000, 0x0000000743400000| Untracked 
| 539|0x0000000743600000, 0x0000000743800000, 0x0000000743800000|100%| O|  |TAMS 0x0000000743800000, 0x0000000743600000| Untracked 
| 540|0x0000000743800000, 0x0000000743a00000, 0x0000000743a00000|100%| O|  |TAMS 0x0000000743a00000, 0x0000000743800000| Untracked 
| 541|0x0000000743a00000, 0x0000000743c00000, 0x0000000743c00000|100%| O|  |TAMS 0x0000000743c00000, 0x0000000743a00000| Untracked 
| 542|0x0000000743c00000, 0x0000000743e00000, 0x0000000743e00000|100%| O|  |TAMS 0x0000000743e00000, 0x0000000743c00000| Untracked 
| 543|0x0000000743e00000, 0x0000000744000000, 0x0000000744000000|100%| O|  |TAMS 0x0000000744000000, 0x0000000743e00000| Untracked 
| 544|0x0000000744000000, 0x0000000744200000, 0x0000000744200000|100%| O|  |TAMS 0x0000000744200000, 0x0000000744000000| Untracked 
| 545|0x0000000744200000, 0x0000000744400000, 0x0000000744400000|100%| O|  |TAMS 0x0000000744400000, 0x0000000744200000| Untracked 
| 546|0x0000000744400000, 0x0000000744600000, 0x0000000744600000|100%| O|  |TAMS 0x0000000744600000, 0x0000000744400000| Untracked 
| 547|0x0000000744600000, 0x0000000744800000, 0x0000000744800000|100%| O|  |TAMS 0x0000000744800000, 0x0000000744600000| Untracked 
| 548|0x0000000744800000, 0x0000000744a00000, 0x0000000744a00000|100%| O|  |TAMS 0x0000000744a00000, 0x0000000744800000| Untracked 
| 549|0x0000000744a00000, 0x0000000744c00000, 0x0000000744c00000|100%| O|  |TAMS 0x0000000744c00000, 0x0000000744a00000| Untracked 
| 550|0x0000000744c00000, 0x0000000744e00000, 0x0000000744e00000|100%| O|  |TAMS 0x0000000744e00000, 0x0000000744c00000| Untracked 
| 551|0x0000000744e00000, 0x0000000745000000, 0x0000000745000000|100%| O|  |TAMS 0x0000000745000000, 0x0000000744e00000| Untracked 
| 552|0x0000000745000000, 0x0000000745200000, 0x0000000745200000|100%| O|  |TAMS 0x0000000745200000, 0x0000000745000000| Untracked 
| 553|0x0000000745200000, 0x0000000745400000, 0x0000000745400000|100%| O|  |TAMS 0x0000000745400000, 0x0000000745200000| Untracked 
| 554|0x0000000745400000, 0x0000000745600000, 0x0000000745600000|100%| O|  |TAMS 0x0000000745600000, 0x0000000745400000| Untracked 
| 555|0x0000000745600000, 0x0000000745800000, 0x0000000745800000|100%| O|  |TAMS 0x0000000745800000, 0x0000000745600000| Untracked 
| 556|0x0000000745800000, 0x0000000745a00000, 0x0000000745a00000|100%| O|  |TAMS 0x0000000745a00000, 0x0000000745800000| Untracked 
| 557|0x0000000745a00000, 0x0000000745c00000, 0x0000000745c00000|100%| O|  |TAMS 0x0000000745c00000, 0x0000000745a00000| Untracked 
| 558|0x0000000745c00000, 0x0000000745e00000, 0x0000000745e00000|100%| O|  |TAMS 0x0000000745e00000, 0x0000000745c00000| Untracked 
| 559|0x0000000745e00000, 0x0000000746000000, 0x0000000746000000|100%| O|  |TAMS 0x0000000746000000, 0x0000000745e00000| Untracked 
| 560|0x0000000746000000, 0x0000000746000000, 0x0000000746200000|  0%| F|  |TAMS 0x0000000746000000, 0x0000000746000000| Untracked 
| 561|0x0000000746200000, 0x0000000746400000, 0x0000000746400000|100%| O|  |TAMS 0x0000000746400000, 0x0000000746200000| Untracked 
| 562|0x0000000746400000, 0x0000000746600000, 0x0000000746600000|100%| O|  |TAMS 0x0000000746600000, 0x0000000746400000| Untracked 
| 563|0x0000000746600000, 0x0000000746800000, 0x0000000746800000|100%| O|  |TAMS 0x0000000746800000, 0x0000000746600000| Untracked 
| 564|0x0000000746800000, 0x0000000746a00000, 0x0000000746a00000|100%| O|  |TAMS 0x0000000746a00000, 0x0000000746800000| Untracked 
| 565|0x0000000746a00000, 0x0000000746c00000, 0x0000000746c00000|100%| O|  |TAMS 0x0000000746c00000, 0x0000000746a00000| Untracked 
| 566|0x0000000746c00000, 0x0000000746e00000, 0x0000000746e00000|100%| O|  |TAMS 0x0000000746e00000, 0x0000000746c00000| Untracked 
| 567|0x0000000746e00000, 0x0000000747000000, 0x0000000747000000|100%| O|  |TAMS 0x0000000747000000, 0x0000000746e00000| Untracked 
| 568|0x0000000747000000, 0x0000000747200000, 0x0000000747200000|100%| O|  |TAMS 0x0000000747200000, 0x0000000747000000| Untracked 
| 569|0x0000000747200000, 0x0000000747400000, 0x0000000747400000|100%| O|  |TAMS 0x0000000747400000, 0x0000000747200000| Untracked 
| 570|0x0000000747400000, 0x0000000747600000, 0x0000000747600000|100%| O|  |TAMS 0x0000000747600000, 0x0000000747400000| Untracked 
| 571|0x0000000747600000, 0x0000000747800000, 0x0000000747800000|100%| O|  |TAMS 0x0000000747800000, 0x0000000747600000| Untracked 
| 572|0x0000000747800000, 0x0000000747a00000, 0x0000000747a00000|100%| O|  |TAMS 0x0000000747a00000, 0x0000000747800000| Untracked 
| 573|0x0000000747a00000, 0x0000000747c00000, 0x0000000747c00000|100%| O|  |TAMS 0x0000000747c00000, 0x0000000747a00000| Untracked 
| 574|0x0000000747c00000, 0x0000000747e00000, 0x0000000747e00000|100%| O|  |TAMS 0x0000000747e00000, 0x0000000747c00000| Untracked 
| 575|0x0000000747e00000, 0x0000000748000000, 0x0000000748000000|100%| O|  |TAMS 0x0000000748000000, 0x0000000747e00000| Untracked 
| 576|0x0000000748000000, 0x0000000748200000, 0x0000000748200000|100%| O|  |TAMS 0x0000000748200000, 0x0000000748000000| Untracked 
| 577|0x0000000748200000, 0x0000000748400000, 0x0000000748400000|100%| O|  |TAMS 0x0000000748400000, 0x0000000748200000| Untracked 
| 578|0x0000000748400000, 0x0000000748600000, 0x0000000748600000|100%| O|  |TAMS 0x0000000748600000, 0x0000000748400000| Untracked 
| 579|0x0000000748600000, 0x0000000748800000, 0x0000000748800000|100%| O|  |TAMS 0x0000000748800000, 0x0000000748600000| Untracked 
| 580|0x0000000748800000, 0x0000000748a00000, 0x0000000748a00000|100%| O|  |TAMS 0x0000000748a00000, 0x0000000748800000| Untracked 
| 581|0x0000000748a00000, 0x0000000748c00000, 0x0000000748c00000|100%| O|  |TAMS 0x0000000748c00000, 0x0000000748a00000| Untracked 
| 582|0x0000000748c00000, 0x0000000748e00000, 0x0000000748e00000|100%| O|  |TAMS 0x0000000748e00000, 0x0000000748c00000| Untracked 
| 583|0x0000000748e00000, 0x0000000749000000, 0x0000000749000000|100%| O|  |TAMS 0x0000000749000000, 0x0000000748e00000| Untracked 
| 584|0x0000000749000000, 0x0000000749200000, 0x0000000749200000|100%| O|  |TAMS 0x0000000749200000, 0x0000000749000000| Untracked 
| 585|0x0000000749200000, 0x0000000749400000, 0x0000000749400000|100%| O|  |TAMS 0x0000000749400000, 0x0000000749200000| Untracked 
| 586|0x0000000749400000, 0x0000000749600000, 0x0000000749600000|100%| O|  |TAMS 0x0000000749600000, 0x0000000749400000| Untracked 
| 587|0x0000000749600000, 0x0000000749800000, 0x0000000749800000|100%| O|  |TAMS 0x0000000749800000, 0x0000000749600000| Untracked 
| 588|0x0000000749800000, 0x0000000749a00000, 0x0000000749a00000|100%| O|  |TAMS 0x0000000749a00000, 0x0000000749800000| Untracked 
| 589|0x0000000749a00000, 0x0000000749c00000, 0x0000000749c00000|100%| O|  |TAMS 0x0000000749c00000, 0x0000000749a00000| Untracked 
| 590|0x0000000749c00000, 0x0000000749e00000, 0x0000000749e00000|100%| O|  |TAMS 0x0000000749e00000, 0x0000000749c00000| Untracked 
| 591|0x0000000749e00000, 0x000000074a000000, 0x000000074a000000|100%| O|  |TAMS 0x000000074a000000, 0x0000000749e00000| Untracked 
| 592|0x000000074a000000, 0x000000074a200000, 0x000000074a200000|100%| O|  |TAMS 0x000000074a200000, 0x000000074a000000| Untracked 
| 593|0x000000074a200000, 0x000000074a400000, 0x000000074a400000|100%| O|  |TAMS 0x000000074a400000, 0x000000074a200000| Untracked 
| 594|0x000000074a400000, 0x000000074a600000, 0x000000074a600000|100%| O|  |TAMS 0x000000074a600000, 0x000000074a400000| Untracked 
| 595|0x000000074a600000, 0x000000074a800000, 0x000000074a800000|100%| O|  |TAMS 0x000000074a800000, 0x000000074a600000| Untracked 
| 596|0x000000074a800000, 0x000000074aa00000, 0x000000074aa00000|100%| O|  |TAMS 0x000000074aa00000, 0x000000074a800000| Untracked 
| 597|0x000000074aa00000, 0x000000074ac00000, 0x000000074ac00000|100%| O|  |TAMS 0x000000074ac00000, 0x000000074aa00000| Untracked 
| 598|0x000000074ac00000, 0x000000074ae00000, 0x000000074ae00000|100%| O|  |TAMS 0x000000074ae00000, 0x000000074ac00000| Untracked 
| 599|0x000000074ae00000, 0x000000074ae00000, 0x000000074b000000|  0%| F|  |TAMS 0x000000074ae00000, 0x000000074ae00000| Untracked 
| 600|0x000000074b000000, 0x000000074b000000, 0x000000074b200000|  0%| F|  |TAMS 0x000000074b000000, 0x000000074b000000| Untracked 
| 601|0x000000074b200000, 0x000000074b400000, 0x000000074b400000|100%|HS|  |TAMS 0x000000074b400000, 0x000000074b200000| Complete 
| 602|0x000000074b400000, 0x000000074b600000, 0x000000074b600000|100%| O|  |TAMS 0x000000074b600000, 0x000000074b400000| Untracked 
| 603|0x000000074b600000, 0x000000074b800000, 0x000000074b800000|100%| O|  |TAMS 0x000000074b800000, 0x000000074b600000| Untracked 
| 604|0x000000074b800000, 0x000000074ba00000, 0x000000074ba00000|100%| O|  |TAMS 0x000000074ba00000, 0x000000074b800000| Untracked 
| 605|0x000000074ba00000, 0x000000074bc00000, 0x000000074bc00000|100%| O|  |TAMS 0x000000074bc00000, 0x000000074ba00000| Untracked 
| 606|0x000000074bc00000, 0x000000074be00000, 0x000000074be00000|100%| O|  |TAMS 0x000000074be00000, 0x000000074bc00000| Untracked 
| 607|0x000000074be00000, 0x000000074c000000, 0x000000074c000000|100%| O|  |TAMS 0x000000074c000000, 0x000000074be00000| Untracked 
| 608|0x000000074c000000, 0x000000074c200000, 0x000000074c200000|100%| O|  |TAMS 0x000000074c200000, 0x000000074c000000| Untracked 
| 609|0x000000074c200000, 0x000000074c400000, 0x000000074c400000|100%| O|  |TAMS 0x000000074c400000, 0x000000074c200000| Untracked 
| 610|0x000000074c400000, 0x000000074c600000, 0x000000074c600000|100%| O|  |TAMS 0x000000074c600000, 0x000000074c400000| Untracked 
| 611|0x000000074c600000, 0x000000074c800000, 0x000000074c800000|100%| O|  |TAMS 0x000000074c800000, 0x000000074c600000| Untracked 
| 612|0x000000074c800000, 0x000000074ca00000, 0x000000074ca00000|100%| O|  |TAMS 0x000000074ca00000, 0x000000074c800000| Untracked 
| 613|0x000000074ca00000, 0x000000074cc00000, 0x000000074cc00000|100%| O|  |TAMS 0x000000074cc00000, 0x000000074ca00000| Untracked 
| 614|0x000000074cc00000, 0x000000074ce00000, 0x000000074ce00000|100%| O|  |TAMS 0x000000074ce00000, 0x000000074cc00000| Untracked 
| 615|0x000000074ce00000, 0x000000074d000000, 0x000000074d000000|100%| O|  |TAMS 0x000000074d000000, 0x000000074ce00000| Untracked 
| 616|0x000000074d000000, 0x000000074d200000, 0x000000074d200000|100%| O|  |TAMS 0x000000074d200000, 0x000000074d000000| Untracked 
| 617|0x000000074d200000, 0x000000074d400000, 0x000000074d400000|100%| O|  |TAMS 0x000000074d400000, 0x000000074d200000| Untracked 
| 618|0x000000074d400000, 0x000000074d600000, 0x000000074d600000|100%| O|  |TAMS 0x000000074d600000, 0x000000074d400000| Untracked 
| 619|0x000000074d600000, 0x000000074d800000, 0x000000074d800000|100%| O|  |TAMS 0x000000074d800000, 0x000000074d600000| Untracked 
| 620|0x000000074d800000, 0x000000074da00000, 0x000000074da00000|100%| O|  |TAMS 0x000000074da00000, 0x000000074d800000| Untracked 
| 621|0x000000074da00000, 0x000000074dc00000, 0x000000074dc00000|100%| O|  |TAMS 0x000000074dc00000, 0x000000074da00000| Untracked 
| 622|0x000000074dc00000, 0x000000074de00000, 0x000000074de00000|100%| O|  |TAMS 0x000000074de00000, 0x000000074dc00000| Untracked 
| 623|0x000000074de00000, 0x000000074e000000, 0x000000074e000000|100%| O|  |TAMS 0x000000074e000000, 0x000000074de00000| Untracked 
| 624|0x000000074e000000, 0x000000074e200000, 0x000000074e200000|100%| O|  |TAMS 0x000000074e200000, 0x000000074e000000| Untracked 
| 625|0x000000074e200000, 0x000000074e400000, 0x000000074e400000|100%| O|  |TAMS 0x000000074e400000, 0x000000074e200000| Untracked 
| 626|0x000000074e400000, 0x000000074e600000, 0x000000074e600000|100%| O|  |TAMS 0x000000074e600000, 0x000000074e400000| Untracked 
| 627|0x000000074e600000, 0x000000074e800000, 0x000000074e800000|100%| O|  |TAMS 0x000000074e800000, 0x000000074e600000| Untracked 
| 628|0x000000074e800000, 0x000000074ea00000, 0x000000074ea00000|100%| O|  |TAMS 0x000000074ea00000, 0x000000074e800000| Untracked 
| 629|0x000000074ea00000, 0x000000074ec00000, 0x000000074ec00000|100%| O|  |TAMS 0x000000074ec00000, 0x000000074ea00000| Untracked 
| 630|0x000000074ec00000, 0x000000074ee00000, 0x000000074ee00000|100%| O|  |TAMS 0x000000074ee00000, 0x000000074ec00000| Untracked 
| 631|0x000000074ee00000, 0x000000074ee00000, 0x000000074f000000|  0%| F|  |TAMS 0x000000074ee00000, 0x000000074ee00000| Untracked 
| 632|0x000000074f000000, 0x000000074f200000, 0x000000074f200000|100%| O|  |TAMS 0x000000074f200000, 0x000000074f000000| Untracked 
| 633|0x000000074f200000, 0x000000074f400000, 0x000000074f400000|100%| O|  |TAMS 0x000000074f400000, 0x000000074f200000| Untracked 
| 634|0x000000074f400000, 0x000000074f600000, 0x000000074f600000|100%| O|  |TAMS 0x000000074f600000, 0x000000074f400000| Untracked 
| 635|0x000000074f600000, 0x000000074f800000, 0x000000074f800000|100%| O|  |TAMS 0x000000074f800000, 0x000000074f600000| Untracked 
| 636|0x000000074f800000, 0x000000074fa00000, 0x000000074fa00000|100%| O|  |TAMS 0x000000074fa00000, 0x000000074f800000| Untracked 
| 637|0x000000074fa00000, 0x000000074fc00000, 0x000000074fc00000|100%| O|  |TAMS 0x000000074fc00000, 0x000000074fa00000| Untracked 
| 638|0x000000074fc00000, 0x000000074fe00000, 0x000000074fe00000|100%| O|  |TAMS 0x000000074fe00000, 0x000000074fc00000| Untracked 
| 639|0x000000074fe00000, 0x000000074fe00000, 0x0000000750000000|  0%| F|  |TAMS 0x000000074fe00000, 0x000000074fe00000| Untracked 
| 640|0x0000000750000000, 0x0000000750000000, 0x0000000750200000|  0%| F|  |TAMS 0x0000000750000000, 0x0000000750000000| Untracked 
| 641|0x0000000750200000, 0x0000000750200000, 0x0000000750400000|  0%| F|  |TAMS 0x0000000750200000, 0x0000000750200000| Untracked 
| 642|0x0000000750400000, 0x0000000750600000, 0x0000000750600000|100%| O|  |TAMS 0x0000000750600000, 0x0000000750400000| Untracked 
| 643|0x0000000750600000, 0x0000000750800000, 0x0000000750800000|100%| O|  |TAMS 0x0000000750800000, 0x0000000750600000| Untracked 
| 644|0x0000000750800000, 0x0000000750a00000, 0x0000000750a00000|100%| O|  |TAMS 0x0000000750a00000, 0x0000000750800000| Untracked 
| 645|0x0000000750a00000, 0x0000000750c00000, 0x0000000750c00000|100%| O|  |TAMS 0x0000000750c00000, 0x0000000750a00000| Untracked 
| 646|0x0000000750c00000, 0x0000000750e00000, 0x0000000750e00000|100%| O|  |TAMS 0x0000000750e00000, 0x0000000750c00000| Untracked 
| 647|0x0000000750e00000, 0x0000000751000000, 0x0000000751000000|100%| O|  |TAMS 0x0000000751000000, 0x0000000750e00000| Untracked 
| 648|0x0000000751000000, 0x0000000751200000, 0x0000000751200000|100%| O|  |TAMS 0x0000000751200000, 0x0000000751000000| Untracked 
| 649|0x0000000751200000, 0x0000000751200000, 0x0000000751400000|  0%| F|  |TAMS 0x0000000751200000, 0x0000000751200000| Untracked 
| 650|0x0000000751400000, 0x0000000751400000, 0x0000000751600000|  0%| F|  |TAMS 0x0000000751400000, 0x0000000751400000| Untracked 
| 651|0x0000000751600000, 0x0000000751600000, 0x0000000751800000|  0%| F|  |TAMS 0x0000000751600000, 0x0000000751600000| Untracked 
| 652|0x0000000751800000, 0x0000000751800000, 0x0000000751a00000|  0%| F|  |TAMS 0x0000000751800000, 0x0000000751800000| Untracked 
| 653|0x0000000751a00000, 0x0000000751a00000, 0x0000000751c00000|  0%| F|  |TAMS 0x0000000751a00000, 0x0000000751a00000| Untracked 
| 654|0x0000000751c00000, 0x0000000751c00000, 0x0000000751e00000|  0%| F|  |TAMS 0x0000000751c00000, 0x0000000751c00000| Untracked 
| 655|0x0000000751e00000, 0x0000000751e00000, 0x0000000752000000|  0%| F|  |TAMS 0x0000000751e00000, 0x0000000751e00000| Untracked 
| 656|0x0000000752000000, 0x0000000752000000, 0x0000000752200000|  0%| F|  |TAMS 0x0000000752000000, 0x0000000752000000| Untracked 
| 657|0x0000000752200000, 0x0000000752200000, 0x0000000752400000|  0%| F|  |TAMS 0x0000000752200000, 0x0000000752200000| Untracked 
| 658|0x0000000752400000, 0x0000000752400000, 0x0000000752600000|  0%| F|  |TAMS 0x0000000752400000, 0x0000000752400000| Untracked 
| 659|0x0000000752600000, 0x0000000752800000, 0x0000000752800000|100%| O|  |TAMS 0x0000000752800000, 0x0000000752600000| Untracked 
| 660|0x0000000752800000, 0x0000000752a00000, 0x0000000752a00000|100%| O|  |TAMS 0x0000000752a00000, 0x0000000752800000| Untracked 
| 661|0x0000000752a00000, 0x0000000752c00000, 0x0000000752c00000|100%| O|  |TAMS 0x0000000752c00000, 0x0000000752a00000| Untracked 
| 662|0x0000000752c00000, 0x0000000752e00000, 0x0000000752e00000|100%| O|  |TAMS 0x0000000752e00000, 0x0000000752c00000| Untracked 
| 663|0x0000000752e00000, 0x0000000753000000, 0x0000000753000000|100%| O|  |TAMS 0x0000000753000000, 0x0000000752e00000| Untracked 
| 664|0x0000000753000000, 0x0000000753200000, 0x0000000753200000|100%| O|  |TAMS 0x0000000753200000, 0x0000000753000000| Untracked 
| 665|0x0000000753200000, 0x0000000753400000, 0x0000000753400000|100%| O|  |TAMS 0x0000000753400000, 0x0000000753200000| Untracked 
| 666|0x0000000753400000, 0x0000000753600000, 0x0000000753600000|100%| O|  |TAMS 0x0000000753600000, 0x0000000753400000| Untracked 
| 667|0x0000000753600000, 0x0000000753800000, 0x0000000753800000|100%| O|  |TAMS 0x0000000753800000, 0x0000000753600000| Untracked 
| 668|0x0000000753800000, 0x0000000753a00000, 0x0000000753a00000|100%| O|  |TAMS 0x0000000753a00000, 0x0000000753800000| Untracked 
| 669|0x0000000753a00000, 0x0000000753c00000, 0x0000000753c00000|100%| O|  |TAMS 0x0000000753c00000, 0x0000000753a00000| Untracked 
| 670|0x0000000753c00000, 0x0000000753e00000, 0x0000000753e00000|100%| O|  |TAMS 0x0000000753e00000, 0x0000000753c00000| Untracked 
| 671|0x0000000753e00000, 0x0000000754000000, 0x0000000754000000|100%| O|  |TAMS 0x0000000754000000, 0x0000000753e00000| Untracked 
| 672|0x0000000754000000, 0x0000000754200000, 0x0000000754200000|100%| O|  |TAMS 0x0000000754200000, 0x0000000754000000| Untracked 
| 673|0x0000000754200000, 0x0000000754400000, 0x0000000754400000|100%| O|  |TAMS 0x0000000754400000, 0x0000000754200000| Untracked 
| 674|0x0000000754400000, 0x0000000754600000, 0x0000000754600000|100%| O|  |TAMS 0x0000000754600000, 0x0000000754400000| Untracked 
| 675|0x0000000754600000, 0x0000000754800000, 0x0000000754800000|100%| O|  |TAMS 0x0000000754800000, 0x0000000754600000| Untracked 
| 676|0x0000000754800000, 0x0000000754a00000, 0x0000000754a00000|100%| O|  |TAMS 0x0000000754a00000, 0x0000000754800000| Untracked 
| 677|0x0000000754a00000, 0x0000000754c00000, 0x0000000754c00000|100%| O|  |TAMS 0x0000000754c00000, 0x0000000754a00000| Untracked 
| 678|0x0000000754c00000, 0x0000000754e00000, 0x0000000754e00000|100%| O|  |TAMS 0x0000000754e00000, 0x0000000754c00000| Untracked 
| 679|0x0000000754e00000, 0x0000000755000000, 0x0000000755000000|100%| O|  |TAMS 0x0000000755000000, 0x0000000754e00000| Untracked 
| 680|0x0000000755000000, 0x0000000755200000, 0x0000000755200000|100%| O|  |TAMS 0x0000000755200000, 0x0000000755000000| Untracked 
| 681|0x0000000755200000, 0x0000000755400000, 0x0000000755400000|100%| O|  |TAMS 0x0000000755400000, 0x0000000755200000| Untracked 
| 682|0x0000000755400000, 0x0000000755600000, 0x0000000755600000|100%| O|  |TAMS 0x0000000755600000, 0x0000000755400000| Untracked 
| 683|0x0000000755600000, 0x0000000755800000, 0x0000000755800000|100%| O|  |TAMS 0x0000000755800000, 0x0000000755600000| Untracked 
| 684|0x0000000755800000, 0x0000000755a00000, 0x0000000755a00000|100%| O|  |TAMS 0x0000000755a00000, 0x0000000755800000| Untracked 
| 685|0x0000000755a00000, 0x0000000755c00000, 0x0000000755c00000|100%| O|  |TAMS 0x0000000755c00000, 0x0000000755a00000| Untracked 
| 686|0x0000000755c00000, 0x0000000755e00000, 0x0000000755e00000|100%| O|  |TAMS 0x0000000755e00000, 0x0000000755c00000| Untracked 
| 687|0x0000000755e00000, 0x0000000756000000, 0x0000000756000000|100%| O|  |TAMS 0x0000000756000000, 0x0000000755e00000| Untracked 
| 688|0x0000000756000000, 0x0000000756200000, 0x0000000756200000|100%| O|  |TAMS 0x0000000756200000, 0x0000000756000000| Untracked 
| 689|0x0000000756200000, 0x0000000756400000, 0x0000000756400000|100%| O|  |TAMS 0x0000000756400000, 0x0000000756200000| Untracked 
| 690|0x0000000756400000, 0x0000000756600000, 0x0000000756600000|100%| O|  |TAMS 0x0000000756600000, 0x0000000756400000| Untracked 
| 691|0x0000000756600000, 0x0000000756600000, 0x0000000756800000|  0%| F|  |TAMS 0x0000000756600000, 0x0000000756600000| Untracked 
| 692|0x0000000756800000, 0x0000000756800000, 0x0000000756a00000|  0%| F|  |TAMS 0x0000000756800000, 0x0000000756800000| Untracked 
| 693|0x0000000756a00000, 0x0000000756a00000, 0x0000000756c00000|  0%| F|  |TAMS 0x0000000756a00000, 0x0000000756a00000| Untracked 
| 694|0x0000000756c00000, 0x0000000756c00000, 0x0000000756e00000|  0%| F|  |TAMS 0x0000000756c00000, 0x0000000756c00000| Untracked 
| 695|0x0000000756e00000, 0x0000000756e00000, 0x0000000757000000|  0%| F|  |TAMS 0x0000000756e00000, 0x0000000756e00000| Untracked 
| 696|0x0000000757000000, 0x0000000757200000, 0x0000000757200000|100%|HS|  |TAMS 0x0000000757200000, 0x0000000757000000| Complete 
| 697|0x0000000757200000, 0x0000000757400000, 0x0000000757400000|100%|HC|  |TAMS 0x0000000757400000, 0x0000000757200000| Complete 
| 698|0x0000000757400000, 0x0000000757600000, 0x0000000757600000|100%|HC|  |TAMS 0x0000000757600000, 0x0000000757400000| Complete 
| 699|0x0000000757600000, 0x0000000757800000, 0x0000000757800000|100%| O|  |TAMS 0x0000000757800000, 0x0000000757600000| Untracked 
| 700|0x0000000757800000, 0x0000000757a00000, 0x0000000757a00000|100%| O|  |TAMS 0x0000000757a00000, 0x0000000757800000| Untracked 
| 701|0x0000000757a00000, 0x0000000757c00000, 0x0000000757c00000|100%| O|  |TAMS 0x0000000757c00000, 0x0000000757a00000| Untracked 
| 702|0x0000000757c00000, 0x0000000757e00000, 0x0000000757e00000|100%| O|  |TAMS 0x0000000757e00000, 0x0000000757c00000| Untracked 
| 703|0x0000000757e00000, 0x0000000758000000, 0x0000000758000000|100%| O|  |TAMS 0x0000000758000000, 0x0000000757e00000| Untracked 
| 704|0x0000000758000000, 0x0000000758200000, 0x0000000758200000|100%| O|  |TAMS 0x0000000758200000, 0x0000000758000000| Untracked 
| 705|0x0000000758200000, 0x0000000758400000, 0x0000000758400000|100%| O|  |TAMS 0x0000000758400000, 0x0000000758200000| Untracked 
| 706|0x0000000758400000, 0x0000000758600000, 0x0000000758600000|100%| O|  |TAMS 0x0000000758600000, 0x0000000758400000| Untracked 
| 707|0x0000000758600000, 0x0000000758800000, 0x0000000758800000|100%| O|  |TAMS 0x0000000758800000, 0x0000000758600000| Untracked 
| 708|0x0000000758800000, 0x0000000758a00000, 0x0000000758a00000|100%| O|  |TAMS 0x0000000758a00000, 0x0000000758800000| Untracked 
| 709|0x0000000758a00000, 0x0000000758c00000, 0x0000000758c00000|100%| O|  |TAMS 0x0000000758c00000, 0x0000000758a00000| Untracked 
| 710|0x0000000758c00000, 0x0000000758e00000, 0x0000000758e00000|100%| O|  |TAMS 0x0000000758e00000, 0x0000000758c00000| Untracked 
| 711|0x0000000758e00000, 0x0000000759000000, 0x0000000759000000|100%| O|  |TAMS 0x0000000759000000, 0x0000000758e00000| Untracked 
| 712|0x0000000759000000, 0x0000000759200000, 0x0000000759200000|100%| O|  |TAMS 0x0000000759200000, 0x0000000759000000| Untracked 
| 713|0x0000000759200000, 0x0000000759400000, 0x0000000759400000|100%| O|  |TAMS 0x0000000759400000, 0x0000000759200000| Untracked 
| 714|0x0000000759400000, 0x0000000759600000, 0x0000000759600000|100%| O|  |TAMS 0x0000000759600000, 0x0000000759400000| Untracked 
| 715|0x0000000759600000, 0x0000000759800000, 0x0000000759800000|100%| O|  |TAMS 0x0000000759800000, 0x0000000759600000| Untracked 
| 716|0x0000000759800000, 0x0000000759800000, 0x0000000759a00000|  0%| F|  |TAMS 0x0000000759800000, 0x0000000759800000| Untracked 
| 717|0x0000000759a00000, 0x0000000759c00000, 0x0000000759c00000|100%| O|  |TAMS 0x0000000759c00000, 0x0000000759a00000| Untracked 
| 718|0x0000000759c00000, 0x0000000759e00000, 0x0000000759e00000|100%| O|  |TAMS 0x0000000759e00000, 0x0000000759c00000| Untracked 
| 719|0x0000000759e00000, 0x000000075a000000, 0x000000075a000000|100%| O|  |TAMS 0x000000075a000000, 0x0000000759e00000| Untracked 
| 720|0x000000075a000000, 0x000000075a200000, 0x000000075a200000|100%| O|  |TAMS 0x000000075a200000, 0x000000075a000000| Untracked 
| 721|0x000000075a200000, 0x000000075a400000, 0x000000075a400000|100%| O|  |TAMS 0x000000075a400000, 0x000000075a200000| Untracked 
| 722|0x000000075a400000, 0x000000075a600000, 0x000000075a600000|100%| O|  |TAMS 0x000000075a600000, 0x000000075a400000| Untracked 
| 723|0x000000075a600000, 0x000000075a800000, 0x000000075a800000|100%| O|  |TAMS 0x000000075a800000, 0x000000075a600000| Untracked 
| 724|0x000000075a800000, 0x000000075aa00000, 0x000000075aa00000|100%| O|  |TAMS 0x000000075aa00000, 0x000000075a800000| Untracked 
| 725|0x000000075aa00000, 0x000000075ac00000, 0x000000075ac00000|100%| O|  |TAMS 0x000000075ac00000, 0x000000075aa00000| Untracked 
| 726|0x000000075ac00000, 0x000000075ae00000, 0x000000075ae00000|100%| O|  |TAMS 0x000000075ae00000, 0x000000075ac00000| Untracked 
| 727|0x000000075ae00000, 0x000000075ae00000, 0x000000075b000000|  0%| F|  |TAMS 0x000000075ae00000, 0x000000075ae00000| Untracked 
| 728|0x000000075b000000, 0x000000075b000000, 0x000000075b200000|  0%| F|  |TAMS 0x000000075b000000, 0x000000075b000000| Untracked 
| 729|0x000000075b200000, 0x000000075b200000, 0x000000075b400000|  0%| F|  |TAMS 0x000000075b200000, 0x000000075b200000| Untracked 
| 730|0x000000075b400000, 0x000000075b400000, 0x000000075b600000|  0%| F|  |TAMS 0x000000075b400000, 0x000000075b400000| Untracked 
| 731|0x000000075b600000, 0x000000075b600000, 0x000000075b800000|  0%| F|  |TAMS 0x000000075b600000, 0x000000075b600000| Untracked 
| 732|0x000000075b800000, 0x000000075b800000, 0x000000075ba00000|  0%| F|  |TAMS 0x000000075b800000, 0x000000075b800000| Untracked 
| 733|0x000000075ba00000, 0x000000075ba00000, 0x000000075bc00000|  0%| F|  |TAMS 0x000000075ba00000, 0x000000075ba00000| Untracked 
| 734|0x000000075bc00000, 0x000000075bc00000, 0x000000075be00000|  0%| F|  |TAMS 0x000000075bc00000, 0x000000075bc00000| Untracked 
| 735|0x000000075be00000, 0x000000075be00000, 0x000000075c000000|  0%| F|  |TAMS 0x000000075be00000, 0x000000075be00000| Untracked 
| 736|0x000000075c000000, 0x000000075c200000, 0x000000075c200000|100%| O|  |TAMS 0x000000075c200000, 0x000000075c000000| Untracked 
| 737|0x000000075c200000, 0x000000075c400000, 0x000000075c400000|100%|HS|  |TAMS 0x000000075c400000, 0x000000075c200000| Complete 
| 738|0x000000075c400000, 0x000000075c600000, 0x000000075c600000|100%|HC|  |TAMS 0x000000075c600000, 0x000000075c400000| Complete 
| 739|0x000000075c600000, 0x000000075c800000, 0x000000075c800000|100%|HC|  |TAMS 0x000000075c800000, 0x000000075c600000| Complete 
| 740|0x000000075c800000, 0x000000075ca00000, 0x000000075ca00000|100%|HC|  |TAMS 0x000000075ca00000, 0x000000075c800000| Complete 
| 741|0x000000075ca00000, 0x000000075cc00000, 0x000000075cc00000|100%|HC|  |TAMS 0x000000075cc00000, 0x000000075ca00000| Complete 
| 742|0x000000075cc00000, 0x000000075ce00000, 0x000000075ce00000|100%| O|  |TAMS 0x000000075ce00000, 0x000000075cc00000| Untracked 
| 743|0x000000075ce00000, 0x000000075d000000, 0x000000075d000000|100%| O|  |TAMS 0x000000075d000000, 0x000000075ce00000| Untracked 
| 744|0x000000075d000000, 0x000000075d200000, 0x000000075d200000|100%| O|  |TAMS 0x000000075d200000, 0x000000075d000000| Untracked 
| 745|0x000000075d200000, 0x000000075d400000, 0x000000075d400000|100%| O|  |TAMS 0x000000075d400000, 0x000000075d200000| Untracked 
| 746|0x000000075d400000, 0x000000075d600000, 0x000000075d600000|100%| O|  |TAMS 0x000000075d600000, 0x000000075d400000| Untracked 
| 747|0x000000075d600000, 0x000000075d800000, 0x000000075d800000|100%| O|  |TAMS 0x000000075d800000, 0x000000075d600000| Untracked 
| 748|0x000000075d800000, 0x000000075da00000, 0x000000075da00000|100%| O|  |TAMS 0x000000075da00000, 0x000000075d800000| Untracked 
| 749|0x000000075da00000, 0x000000075dc00000, 0x000000075dc00000|100%| O|  |TAMS 0x000000075dc00000, 0x000000075da00000| Untracked 
| 750|0x000000075dc00000, 0x000000075de00000, 0x000000075de00000|100%| O|  |TAMS 0x000000075de00000, 0x000000075dc00000| Untracked 
| 751|0x000000075de00000, 0x000000075e000000, 0x000000075e000000|100%| O|  |TAMS 0x000000075e000000, 0x000000075de00000| Untracked 
| 752|0x000000075e000000, 0x000000075e200000, 0x000000075e200000|100%| O|  |TAMS 0x000000075e200000, 0x000000075e000000| Untracked 
| 753|0x000000075e200000, 0x000000075e400000, 0x000000075e400000|100%| O|  |TAMS 0x000000075e400000, 0x000000075e200000| Untracked 
| 754|0x000000075e400000, 0x000000075e600000, 0x000000075e600000|100%| O|  |TAMS 0x000000075e600000, 0x000000075e400000| Untracked 
| 755|0x000000075e600000, 0x000000075e800000, 0x000000075e800000|100%| O|  |TAMS 0x000000075e800000, 0x000000075e600000| Untracked 
| 756|0x000000075e800000, 0x000000075ea00000, 0x000000075ea00000|100%| O|  |TAMS 0x000000075ea00000, 0x000000075e800000| Untracked 
| 757|0x000000075ea00000, 0x000000075ec00000, 0x000000075ec00000|100%| O|  |TAMS 0x000000075ec00000, 0x000000075ea00000| Untracked 
| 758|0x000000075ec00000, 0x000000075ee00000, 0x000000075ee00000|100%| O|  |TAMS 0x000000075ee00000, 0x000000075ec00000| Untracked 
| 759|0x000000075ee00000, 0x000000075f000000, 0x000000075f000000|100%| O|  |TAMS 0x000000075f000000, 0x000000075ee00000| Untracked 
| 760|0x000000075f000000, 0x000000075f200000, 0x000000075f200000|100%| O|  |TAMS 0x000000075f200000, 0x000000075f000000| Untracked 
| 761|0x000000075f200000, 0x000000075f400000, 0x000000075f400000|100%| O|  |TAMS 0x000000075f400000, 0x000000075f200000| Untracked 
| 762|0x000000075f400000, 0x000000075f600000, 0x000000075f600000|100%| O|  |TAMS 0x000000075f600000, 0x000000075f400000| Untracked 
| 763|0x000000075f600000, 0x000000075f800000, 0x000000075f800000|100%| O|  |TAMS 0x000000075f800000, 0x000000075f600000| Untracked 
| 764|0x000000075f800000, 0x000000075fa00000, 0x000000075fa00000|100%| O|  |TAMS 0x000000075fa00000, 0x000000075f800000| Untracked 
| 765|0x000000075fa00000, 0x000000075fc00000, 0x000000075fc00000|100%| O|  |TAMS 0x000000075fc00000, 0x000000075fa00000| Untracked 
| 766|0x000000075fc00000, 0x000000075fe00000, 0x000000075fe00000|100%| O|  |TAMS 0x000000075fe00000, 0x000000075fc00000| Untracked 
| 767|0x000000075fe00000, 0x0000000760000000, 0x0000000760000000|100%| O|  |TAMS 0x0000000760000000, 0x000000075fe00000| Untracked 
| 768|0x0000000760000000, 0x0000000760200000, 0x0000000760200000|100%| O|  |TAMS 0x0000000760200000, 0x0000000760000000| Untracked 
| 769|0x0000000760200000, 0x0000000760400000, 0x0000000760400000|100%| O|  |TAMS 0x0000000760400000, 0x0000000760200000| Untracked 
| 770|0x0000000760400000, 0x0000000760600000, 0x0000000760600000|100%| O|  |TAMS 0x0000000760600000, 0x0000000760400000| Untracked 
| 771|0x0000000760600000, 0x0000000760800000, 0x0000000760800000|100%| O|  |TAMS 0x0000000760800000, 0x0000000760600000| Untracked 
| 772|0x0000000760800000, 0x0000000760a00000, 0x0000000760a00000|100%| O|  |TAMS 0x0000000760a00000, 0x0000000760800000| Untracked 
| 773|0x0000000760a00000, 0x0000000760c00000, 0x0000000760c00000|100%| O|  |TAMS 0x0000000760c00000, 0x0000000760a00000| Untracked 
| 774|0x0000000760c00000, 0x0000000760e00000, 0x0000000760e00000|100%| O|  |TAMS 0x0000000760e00000, 0x0000000760c00000| Untracked 
| 775|0x0000000760e00000, 0x0000000761000000, 0x0000000761000000|100%| O|  |TAMS 0x0000000761000000, 0x0000000760e00000| Untracked 
| 776|0x0000000761000000, 0x0000000761200000, 0x0000000761200000|100%| O|  |TAMS 0x0000000761200000, 0x0000000761000000| Untracked 
| 777|0x0000000761200000, 0x0000000761400000, 0x0000000761400000|100%| O|  |TAMS 0x0000000761400000, 0x0000000761200000| Untracked 
| 778|0x0000000761400000, 0x0000000761600000, 0x0000000761600000|100%| O|  |TAMS 0x0000000761600000, 0x0000000761400000| Untracked 
| 779|0x0000000761600000, 0x0000000761600000, 0x0000000761800000|  0%| F|  |TAMS 0x0000000761600000, 0x0000000761600000| Untracked 
| 780|0x0000000761800000, 0x0000000761800000, 0x0000000761a00000|  0%| F|  |TAMS 0x0000000761800000, 0x0000000761800000| Untracked 
| 781|0x0000000761a00000, 0x0000000761a00000, 0x0000000761c00000|  0%| F|  |TAMS 0x0000000761a00000, 0x0000000761a00000| Untracked 
| 782|0x0000000761c00000, 0x0000000761e00000, 0x0000000761e00000|100%| O|  |TAMS 0x0000000761e00000, 0x0000000761c00000| Untracked 
| 783|0x0000000761e00000, 0x0000000762000000, 0x0000000762000000|100%| O|  |TAMS 0x0000000762000000, 0x0000000761e00000| Untracked 
| 784|0x0000000762000000, 0x0000000762000000, 0x0000000762200000|  0%| F|  |TAMS 0x0000000762000000, 0x0000000762000000| Untracked 
| 785|0x0000000762200000, 0x0000000762400000, 0x0000000762400000|100%| O|  |TAMS 0x0000000762400000, 0x0000000762200000| Untracked 
| 786|0x0000000762400000, 0x0000000762600000, 0x0000000762600000|100%| O|  |TAMS 0x0000000762600000, 0x0000000762400000| Untracked 
| 787|0x0000000762600000, 0x0000000762800000, 0x0000000762800000|100%| O|  |TAMS 0x0000000762800000, 0x0000000762600000| Untracked 
| 788|0x0000000762800000, 0x0000000762a00000, 0x0000000762a00000|100%| O|  |TAMS 0x0000000762a00000, 0x0000000762800000| Untracked 
| 789|0x0000000762a00000, 0x0000000762c00000, 0x0000000762c00000|100%| O|  |TAMS 0x0000000762c00000, 0x0000000762a00000| Untracked 
| 790|0x0000000762c00000, 0x0000000762e00000, 0x0000000762e00000|100%| O|  |TAMS 0x0000000762e00000, 0x0000000762c00000| Untracked 
| 791|0x0000000762e00000, 0x0000000763000000, 0x0000000763000000|100%| O|  |TAMS 0x0000000763000000, 0x0000000762e00000| Untracked 
| 792|0x0000000763000000, 0x0000000763200000, 0x0000000763200000|100%| O|  |TAMS 0x0000000763200000, 0x0000000763000000| Untracked 
| 793|0x0000000763200000, 0x0000000763400000, 0x0000000763400000|100%| O|  |TAMS 0x0000000763400000, 0x0000000763200000| Untracked 
| 794|0x0000000763400000, 0x0000000763600000, 0x0000000763600000|100%| O|  |TAMS 0x0000000763600000, 0x0000000763400000| Untracked 
| 795|0x0000000763600000, 0x0000000763800000, 0x0000000763800000|100%| O|  |TAMS 0x0000000763800000, 0x0000000763600000| Untracked 
| 796|0x0000000763800000, 0x0000000763a00000, 0x0000000763a00000|100%| O|  |TAMS 0x0000000763a00000, 0x0000000763800000| Untracked 
| 797|0x0000000763a00000, 0x0000000763a00000, 0x0000000763c00000|  0%| F|  |TAMS 0x0000000763a00000, 0x0000000763a00000| Untracked 
| 798|0x0000000763c00000, 0x0000000763e00000, 0x0000000763e00000|100%| O|  |TAMS 0x0000000763e00000, 0x0000000763c00000| Untracked 
| 799|0x0000000763e00000, 0x0000000763e00000, 0x0000000764000000|  0%| F|  |TAMS 0x0000000763e00000, 0x0000000763e00000| Untracked 
| 800|0x0000000764000000, 0x0000000764000000, 0x0000000764200000|  0%| F|  |TAMS 0x0000000764000000, 0x0000000764000000| Untracked 
| 801|0x0000000764200000, 0x0000000764400000, 0x0000000764400000|100%| O|  |TAMS 0x0000000764400000, 0x0000000764200000| Untracked 
| 802|0x0000000764400000, 0x0000000764400000, 0x0000000764600000|  0%| F|  |TAMS 0x0000000764400000, 0x0000000764400000| Untracked 
| 803|0x0000000764600000, 0x0000000764800000, 0x0000000764800000|100%| O|  |TAMS 0x0000000764800000, 0x0000000764600000| Untracked 
| 804|0x0000000764800000, 0x0000000764a00000, 0x0000000764a00000|100%| O|  |TAMS 0x0000000764a00000, 0x0000000764800000| Untracked 
| 805|0x0000000764a00000, 0x0000000764c00000, 0x0000000764c00000|100%| O|  |TAMS 0x0000000764c00000, 0x0000000764a00000| Untracked 
| 806|0x0000000764c00000, 0x0000000764e00000, 0x0000000764e00000|100%| O|  |TAMS 0x0000000764e00000, 0x0000000764c00000| Untracked 
| 807|0x0000000764e00000, 0x0000000765000000, 0x0000000765000000|100%| O|  |TAMS 0x0000000765000000, 0x0000000764e00000| Untracked 
| 808|0x0000000765000000, 0x0000000765200000, 0x0000000765200000|100%| O|  |TAMS 0x0000000765200000, 0x0000000765000000| Untracked 
| 809|0x0000000765200000, 0x0000000765400000, 0x0000000765400000|100%| O|  |TAMS 0x0000000765400000, 0x0000000765200000| Untracked 
| 810|0x0000000765400000, 0x0000000765600000, 0x0000000765600000|100%| O|  |TAMS 0x0000000765600000, 0x0000000765400000| Untracked 
| 811|0x0000000765600000, 0x0000000765800000, 0x0000000765800000|100%| O|  |TAMS 0x0000000765800000, 0x0000000765600000| Untracked 
| 812|0x0000000765800000, 0x0000000765a00000, 0x0000000765a00000|100%| O|  |TAMS 0x0000000765a00000, 0x0000000765800000| Untracked 
| 813|0x0000000765a00000, 0x0000000765c00000, 0x0000000765c00000|100%| O|  |TAMS 0x0000000765c00000, 0x0000000765a00000| Untracked 
| 814|0x0000000765c00000, 0x0000000765e00000, 0x0000000765e00000|100%| O|  |TAMS 0x0000000765e00000, 0x0000000765c00000| Untracked 
| 815|0x0000000765e00000, 0x0000000766000000, 0x0000000766000000|100%| O|  |TAMS 0x0000000766000000, 0x0000000765e00000| Untracked 
| 816|0x0000000766000000, 0x0000000766200000, 0x0000000766200000|100%| O|  |TAMS 0x0000000766200000, 0x0000000766000000| Untracked 
| 817|0x0000000766200000, 0x0000000766400000, 0x0000000766400000|100%| O|  |TAMS 0x0000000766400000, 0x0000000766200000| Untracked 
| 818|0x0000000766400000, 0x0000000766600000, 0x0000000766600000|100%| O|  |TAMS 0x0000000766600000, 0x0000000766400000| Untracked 
| 819|0x0000000766600000, 0x0000000766800000, 0x0000000766800000|100%| O|  |TAMS 0x0000000766800000, 0x0000000766600000| Untracked 
| 820|0x0000000766800000, 0x0000000766a00000, 0x0000000766a00000|100%| O|  |TAMS 0x0000000766a00000, 0x0000000766800000| Untracked 
| 821|0x0000000766a00000, 0x0000000766c00000, 0x0000000766c00000|100%| O|  |TAMS 0x0000000766c00000, 0x0000000766a00000| Untracked 
| 822|0x0000000766c00000, 0x0000000766e00000, 0x0000000766e00000|100%| O|  |TAMS 0x0000000766e00000, 0x0000000766c00000| Untracked 
| 823|0x0000000766e00000, 0x0000000767000000, 0x0000000767000000|100%| O|  |TAMS 0x0000000767000000, 0x0000000766e00000| Untracked 
| 824|0x0000000767000000, 0x0000000767200000, 0x0000000767200000|100%| O|  |TAMS 0x0000000767200000, 0x0000000767000000| Untracked 
| 825|0x0000000767200000, 0x0000000767400000, 0x0000000767400000|100%| O|  |TAMS 0x0000000767400000, 0x0000000767200000| Untracked 
| 826|0x0000000767400000, 0x0000000767600000, 0x0000000767600000|100%| O|  |TAMS 0x0000000767600000, 0x0000000767400000| Untracked 
| 827|0x0000000767600000, 0x0000000767800000, 0x0000000767800000|100%| O|  |TAMS 0x0000000767800000, 0x0000000767600000| Untracked 
| 828|0x0000000767800000, 0x0000000767a00000, 0x0000000767a00000|100%| O|  |TAMS 0x0000000767a00000, 0x0000000767800000| Untracked 
| 829|0x0000000767a00000, 0x0000000767c00000, 0x0000000767c00000|100%| O|  |TAMS 0x0000000767c00000, 0x0000000767a00000| Untracked 
| 830|0x0000000767c00000, 0x0000000767e00000, 0x0000000767e00000|100%| O|  |TAMS 0x0000000767e00000, 0x0000000767c00000| Untracked 
| 831|0x0000000767e00000, 0x0000000768000000, 0x0000000768000000|100%| O|  |TAMS 0x0000000768000000, 0x0000000767e00000| Untracked 
| 832|0x0000000768000000, 0x0000000768200000, 0x0000000768200000|100%| O|  |TAMS 0x0000000768200000, 0x0000000768000000| Untracked 
| 833|0x0000000768200000, 0x0000000768400000, 0x0000000768400000|100%| O|  |TAMS 0x0000000768400000, 0x0000000768200000| Untracked 
| 834|0x0000000768400000, 0x0000000768600000, 0x0000000768600000|100%| O|  |TAMS 0x0000000768600000, 0x0000000768400000| Untracked 
| 835|0x0000000768600000, 0x0000000768800000, 0x0000000768800000|100%| O|  |TAMS 0x0000000768800000, 0x0000000768600000| Untracked 
| 836|0x0000000768800000, 0x0000000768a00000, 0x0000000768a00000|100%| O|  |TAMS 0x0000000768a00000, 0x0000000768800000| Untracked 
| 837|0x0000000768a00000, 0x0000000768c00000, 0x0000000768c00000|100%| O|  |TAMS 0x0000000768c00000, 0x0000000768a00000| Untracked 
| 838|0x0000000768c00000, 0x0000000768e00000, 0x0000000768e00000|100%| O|  |TAMS 0x0000000768e00000, 0x0000000768c00000| Untracked 
| 839|0x0000000768e00000, 0x0000000769000000, 0x0000000769000000|100%| O|  |TAMS 0x0000000769000000, 0x0000000768e00000| Untracked 
| 840|0x0000000769000000, 0x0000000769200000, 0x0000000769200000|100%| O|  |TAMS 0x0000000769200000, 0x0000000769000000| Untracked 
| 841|0x0000000769200000, 0x0000000769400000, 0x0000000769400000|100%| O|  |TAMS 0x0000000769400000, 0x0000000769200000| Untracked 
| 842|0x0000000769400000, 0x0000000769600000, 0x0000000769600000|100%| O|  |TAMS 0x0000000769600000, 0x0000000769400000| Untracked 
| 843|0x0000000769600000, 0x0000000769800000, 0x0000000769800000|100%| O|  |TAMS 0x0000000769800000, 0x0000000769600000| Untracked 
| 844|0x0000000769800000, 0x0000000769a00000, 0x0000000769a00000|100%| O|  |TAMS 0x0000000769a00000, 0x0000000769800000| Untracked 
| 845|0x0000000769a00000, 0x0000000769c00000, 0x0000000769c00000|100%| O|  |TAMS 0x0000000769c00000, 0x0000000769a00000| Untracked 
| 846|0x0000000769c00000, 0x0000000769e00000, 0x0000000769e00000|100%| O|  |TAMS 0x0000000769e00000, 0x0000000769c00000| Untracked 
| 847|0x0000000769e00000, 0x000000076a000000, 0x000000076a000000|100%| O|  |TAMS 0x000000076a000000, 0x0000000769e00000| Untracked 
| 848|0x000000076a000000, 0x000000076a200000, 0x000000076a200000|100%| O|  |TAMS 0x000000076a200000, 0x000000076a000000| Untracked 
| 849|0x000000076a200000, 0x000000076a400000, 0x000000076a400000|100%| O|  |TAMS 0x000000076a400000, 0x000000076a200000| Untracked 
| 850|0x000000076a400000, 0x000000076a400000, 0x000000076a600000|  0%| F|  |TAMS 0x000000076a400000, 0x000000076a400000| Untracked 
| 851|0x000000076a600000, 0x000000076a600000, 0x000000076a800000|  0%| F|  |TAMS 0x000000076a600000, 0x000000076a600000| Untracked 
| 852|0x000000076a800000, 0x000000076a800000, 0x000000076aa00000|  0%| F|  |TAMS 0x000000076a800000, 0x000000076a800000| Untracked 
| 853|0x000000076aa00000, 0x000000076aa00000, 0x000000076ac00000|  0%| F|  |TAMS 0x000000076aa00000, 0x000000076aa00000| Untracked 
| 854|0x000000076ac00000, 0x000000076ac00000, 0x000000076ae00000|  0%| F|  |TAMS 0x000000076ac00000, 0x000000076ac00000| Untracked 
| 855|0x000000076ae00000, 0x000000076b000000, 0x000000076b000000|100%| O|  |TAMS 0x000000076b000000, 0x000000076ae00000| Untracked 
| 856|0x000000076b000000, 0x000000076b200000, 0x000000076b200000|100%| O|  |TAMS 0x000000076b200000, 0x000000076b000000| Untracked 
| 857|0x000000076b200000, 0x000000076b400000, 0x000000076b400000|100%| O|  |TAMS 0x000000076b400000, 0x000000076b200000| Untracked 
| 858|0x000000076b400000, 0x000000076b600000, 0x000000076b600000|100%| O|  |TAMS 0x000000076b600000, 0x000000076b400000| Untracked 
| 859|0x000000076b600000, 0x000000076b800000, 0x000000076b800000|100%| O|  |TAMS 0x000000076b800000, 0x000000076b600000| Untracked 
| 860|0x000000076b800000, 0x000000076ba00000, 0x000000076ba00000|100%| O|  |TAMS 0x000000076ba00000, 0x000000076b800000| Untracked 
| 861|0x000000076ba00000, 0x000000076bc00000, 0x000000076bc00000|100%| O|  |TAMS 0x000000076bc00000, 0x000000076ba00000| Untracked 
| 862|0x000000076bc00000, 0x000000076be00000, 0x000000076be00000|100%| O|  |TAMS 0x000000076be00000, 0x000000076bc00000| Untracked 
| 863|0x000000076be00000, 0x000000076c000000, 0x000000076c000000|100%| O|  |TAMS 0x000000076c000000, 0x000000076be00000| Untracked 
| 864|0x000000076c000000, 0x000000076c200000, 0x000000076c200000|100%| O|  |TAMS 0x000000076c200000, 0x000000076c000000| Untracked 
| 865|0x000000076c200000, 0x000000076c400000, 0x000000076c400000|100%| O|  |TAMS 0x000000076c400000, 0x000000076c200000| Untracked 
| 866|0x000000076c400000, 0x000000076c600000, 0x000000076c600000|100%| O|  |TAMS 0x000000076c600000, 0x000000076c400000| Untracked 
| 867|0x000000076c600000, 0x000000076c800000, 0x000000076c800000|100%| O|  |TAMS 0x000000076c800000, 0x000000076c600000| Untracked 
| 868|0x000000076c800000, 0x000000076ca00000, 0x000000076ca00000|100%| O|  |TAMS 0x000000076ca00000, 0x000000076c800000| Untracked 
| 869|0x000000076ca00000, 0x000000076cc00000, 0x000000076cc00000|100%| O|  |TAMS 0x000000076cc00000, 0x000000076ca00000| Untracked 
| 870|0x000000076cc00000, 0x000000076ce00000, 0x000000076ce00000|100%| O|  |TAMS 0x000000076ce00000, 0x000000076cc00000| Untracked 
| 871|0x000000076ce00000, 0x000000076d000000, 0x000000076d000000|100%| O|  |TAMS 0x000000076d000000, 0x000000076ce00000| Untracked 
| 872|0x000000076d000000, 0x000000076d200000, 0x000000076d200000|100%| O|  |TAMS 0x000000076d200000, 0x000000076d000000| Untracked 
| 873|0x000000076d200000, 0x000000076d400000, 0x000000076d400000|100%| O|  |TAMS 0x000000076d400000, 0x000000076d200000| Untracked 
| 874|0x000000076d400000, 0x000000076d600000, 0x000000076d600000|100%| O|  |TAMS 0x000000076d600000, 0x000000076d400000| Untracked 
| 875|0x000000076d600000, 0x000000076d800000, 0x000000076d800000|100%| O|  |TAMS 0x000000076d800000, 0x000000076d600000| Untracked 
| 876|0x000000076d800000, 0x000000076da00000, 0x000000076da00000|100%| O|  |TAMS 0x000000076da00000, 0x000000076d800000| Untracked 
| 877|0x000000076da00000, 0x000000076dc00000, 0x000000076dc00000|100%| O|  |TAMS 0x000000076dc00000, 0x000000076da00000| Untracked 
| 878|0x000000076dc00000, 0x000000076de00000, 0x000000076de00000|100%| O|  |TAMS 0x000000076de00000, 0x000000076dc00000| Untracked 
| 879|0x000000076de00000, 0x000000076e000000, 0x000000076e000000|100%| O|  |TAMS 0x000000076e000000, 0x000000076de00000| Untracked 
| 880|0x000000076e000000, 0x000000076e200000, 0x000000076e200000|100%| O|  |TAMS 0x000000076e200000, 0x000000076e000000| Untracked 
| 881|0x000000076e200000, 0x000000076e400000, 0x000000076e400000|100%| O|  |TAMS 0x000000076e400000, 0x000000076e200000| Untracked 
| 882|0x000000076e400000, 0x000000076e600000, 0x000000076e600000|100%| O|  |TAMS 0x000000076e600000, 0x000000076e400000| Untracked 
| 883|0x000000076e600000, 0x000000076e800000, 0x000000076e800000|100%| O|  |TAMS 0x000000076e800000, 0x000000076e600000| Untracked 
| 884|0x000000076e800000, 0x000000076ea00000, 0x000000076ea00000|100%| O|  |TAMS 0x000000076ea00000, 0x000000076e800000| Untracked 
| 885|0x000000076ea00000, 0x000000076ec00000, 0x000000076ec00000|100%| O|  |TAMS 0x000000076ec00000, 0x000000076ea00000| Untracked 
| 886|0x000000076ec00000, 0x000000076ec00000, 0x000000076ee00000|  0%| F|  |TAMS 0x000000076ec00000, 0x000000076ec00000| Untracked 
| 887|0x000000076ee00000, 0x000000076f000000, 0x000000076f000000|100%| O|  |TAMS 0x000000076f000000, 0x000000076ee00000| Untracked 
| 888|0x000000076f000000, 0x000000076f200000, 0x000000076f200000|100%| O|  |TAMS 0x000000076f200000, 0x000000076f000000| Untracked 
| 889|0x000000076f200000, 0x000000076f400000, 0x000000076f400000|100%| O|  |TAMS 0x000000076f400000, 0x000000076f200000| Untracked 
| 890|0x000000076f400000, 0x000000076f400000, 0x000000076f600000|  0%| F|  |TAMS 0x000000076f400000, 0x000000076f400000| Untracked 
| 891|0x000000076f600000, 0x000000076f600000, 0x000000076f800000|  0%| F|  |TAMS 0x000000076f600000, 0x000000076f600000| Untracked 
| 892|0x000000076f800000, 0x000000076f800000, 0x000000076fa00000|  0%| F|  |TAMS 0x000000076f800000, 0x000000076f800000| Untracked 
| 893|0x000000076fa00000, 0x000000076fc00000, 0x000000076fc00000|100%| O|  |TAMS 0x000000076fc00000, 0x000000076fa00000| Untracked 
| 894|0x000000076fc00000, 0x000000076fe00000, 0x000000076fe00000|100%| O|  |TAMS 0x000000076fe00000, 0x000000076fc00000| Untracked 
| 895|0x000000076fe00000, 0x0000000770000000, 0x0000000770000000|100%| O|  |TAMS 0x0000000770000000, 0x000000076fe00000| Untracked 
| 896|0x0000000770000000, 0x0000000770200000, 0x0000000770200000|100%| O|  |TAMS 0x0000000770200000, 0x0000000770000000| Untracked 
| 897|0x0000000770200000, 0x0000000770400000, 0x0000000770400000|100%| O|  |TAMS 0x0000000770400000, 0x0000000770200000| Untracked 
| 898|0x0000000770400000, 0x0000000770600000, 0x0000000770600000|100%| O|  |TAMS 0x0000000770600000, 0x0000000770400000| Untracked 
| 899|0x0000000770600000, 0x0000000770800000, 0x0000000770800000|100%| O|  |TAMS 0x0000000770800000, 0x0000000770600000| Untracked 
| 900|0x0000000770800000, 0x0000000770a00000, 0x0000000770a00000|100%| O|  |TAMS 0x0000000770a00000, 0x0000000770800000| Untracked 
| 901|0x0000000770a00000, 0x0000000770c00000, 0x0000000770c00000|100%| O|  |TAMS 0x0000000770c00000, 0x0000000770a00000| Untracked 
| 902|0x0000000770c00000, 0x0000000770e00000, 0x0000000770e00000|100%| O|  |TAMS 0x0000000770e00000, 0x0000000770c00000| Untracked 
| 903|0x0000000770e00000, 0x0000000771000000, 0x0000000771000000|100%| O|  |TAMS 0x0000000771000000, 0x0000000770e00000| Untracked 
| 904|0x0000000771000000, 0x0000000771200000, 0x0000000771200000|100%| O|  |TAMS 0x0000000771200000, 0x0000000771000000| Untracked 
| 905|0x0000000771200000, 0x0000000771400000, 0x0000000771400000|100%| O|  |TAMS 0x0000000771400000, 0x0000000771200000| Untracked 
| 906|0x0000000771400000, 0x0000000771600000, 0x0000000771600000|100%| O|  |TAMS 0x0000000771600000, 0x0000000771400000| Untracked 
| 907|0x0000000771600000, 0x0000000771800000, 0x0000000771800000|100%| O|  |TAMS 0x0000000771800000, 0x0000000771600000| Untracked 
| 908|0x0000000771800000, 0x0000000771a00000, 0x0000000771a00000|100%| O|  |TAMS 0x0000000771a00000, 0x0000000771800000| Untracked 
| 909|0x0000000771a00000, 0x0000000771c00000, 0x0000000771c00000|100%| O|  |TAMS 0x0000000771c00000, 0x0000000771a00000| Untracked 
| 910|0x0000000771c00000, 0x0000000771e00000, 0x0000000771e00000|100%| O|  |TAMS 0x0000000771e00000, 0x0000000771c00000| Untracked 
| 911|0x0000000771e00000, 0x0000000772000000, 0x0000000772000000|100%| O|  |TAMS 0x0000000772000000, 0x0000000771e00000| Untracked 
| 912|0x0000000772000000, 0x0000000772200000, 0x0000000772200000|100%| O|  |TAMS 0x0000000772200000, 0x0000000772000000| Untracked 
| 913|0x0000000772200000, 0x0000000772400000, 0x0000000772400000|100%| O|  |TAMS 0x0000000772400000, 0x0000000772200000| Untracked 
| 914|0x0000000772400000, 0x0000000772600000, 0x0000000772600000|100%| O|  |TAMS 0x0000000772600000, 0x0000000772400000| Untracked 
| 915|0x0000000772600000, 0x0000000772800000, 0x0000000772800000|100%| O|  |TAMS 0x0000000772800000, 0x0000000772600000| Untracked 
| 916|0x0000000772800000, 0x0000000772a00000, 0x0000000772a00000|100%| O|  |TAMS 0x0000000772a00000, 0x0000000772800000| Untracked 
| 917|0x0000000772a00000, 0x0000000772c00000, 0x0000000772c00000|100%| O|  |TAMS 0x0000000772c00000, 0x0000000772a00000| Untracked 
| 918|0x0000000772c00000, 0x0000000772e00000, 0x0000000772e00000|100%| O|  |TAMS 0x0000000772e00000, 0x0000000772c00000| Untracked 
| 919|0x0000000772e00000, 0x0000000773000000, 0x0000000773000000|100%| O|  |TAMS 0x0000000773000000, 0x0000000772e00000| Untracked 
| 920|0x0000000773000000, 0x0000000773200000, 0x0000000773200000|100%| O|  |TAMS 0x0000000773200000, 0x0000000773000000| Untracked 
| 921|0x0000000773200000, 0x0000000773400000, 0x0000000773400000|100%| O|  |TAMS 0x0000000773400000, 0x0000000773200000| Untracked 
| 922|0x0000000773400000, 0x0000000773600000, 0x0000000773600000|100%| O|  |TAMS 0x0000000773600000, 0x0000000773400000| Untracked 
| 923|0x0000000773600000, 0x0000000773800000, 0x0000000773800000|100%| O|  |TAMS 0x0000000773800000, 0x0000000773600000| Untracked 
| 924|0x0000000773800000, 0x0000000773a00000, 0x0000000773a00000|100%| O|  |TAMS 0x0000000773a00000, 0x0000000773800000| Untracked 
| 925|0x0000000773a00000, 0x0000000773c00000, 0x0000000773c00000|100%| O|  |TAMS 0x0000000773c00000, 0x0000000773a00000| Untracked 
| 926|0x0000000773c00000, 0x0000000773e00000, 0x0000000773e00000|100%| O|  |TAMS 0x0000000773e00000, 0x0000000773c00000| Untracked 
| 927|0x0000000773e00000, 0x0000000774000000, 0x0000000774000000|100%| O|  |TAMS 0x0000000774000000, 0x0000000773e00000| Untracked 
| 928|0x0000000774000000, 0x0000000774200000, 0x0000000774200000|100%| O|  |TAMS 0x0000000774200000, 0x0000000774000000| Untracked 
| 929|0x0000000774200000, 0x0000000774400000, 0x0000000774400000|100%| O|  |TAMS 0x0000000774400000, 0x0000000774200000| Untracked 
| 930|0x0000000774400000, 0x0000000774600000, 0x0000000774600000|100%| O|  |TAMS 0x0000000774600000, 0x0000000774400000| Untracked 
| 931|0x0000000774600000, 0x0000000774800000, 0x0000000774800000|100%| O|  |TAMS 0x0000000774800000, 0x0000000774600000| Untracked 
| 932|0x0000000774800000, 0x0000000774a00000, 0x0000000774a00000|100%| O|  |TAMS 0x0000000774a00000, 0x0000000774800000| Untracked 
| 933|0x0000000774a00000, 0x0000000774c00000, 0x0000000774c00000|100%| O|  |TAMS 0x0000000774c00000, 0x0000000774a00000| Untracked 
| 934|0x0000000774c00000, 0x0000000774e00000, 0x0000000774e00000|100%| O|  |TAMS 0x0000000774e00000, 0x0000000774c00000| Untracked 
| 935|0x0000000774e00000, 0x0000000775000000, 0x0000000775000000|100%| O|  |TAMS 0x0000000775000000, 0x0000000774e00000| Untracked 
| 936|0x0000000775000000, 0x0000000775200000, 0x0000000775200000|100%| O|  |TAMS 0x0000000775200000, 0x0000000775000000| Untracked 
| 937|0x0000000775200000, 0x0000000775400000, 0x0000000775400000|100%| O|  |TAMS 0x0000000775400000, 0x0000000775200000| Untracked 
| 938|0x0000000775400000, 0x0000000775600000, 0x0000000775600000|100%| O|  |TAMS 0x0000000775600000, 0x0000000775400000| Untracked 
| 939|0x0000000775600000, 0x0000000775800000, 0x0000000775800000|100%| O|  |TAMS 0x0000000775800000, 0x0000000775600000| Untracked 
| 940|0x0000000775800000, 0x0000000775a00000, 0x0000000775a00000|100%| O|  |TAMS 0x0000000775a00000, 0x0000000775800000| Untracked 
| 941|0x0000000775a00000, 0x0000000775c00000, 0x0000000775c00000|100%| O|  |TAMS 0x0000000775c00000, 0x0000000775a00000| Untracked 
| 942|0x0000000775c00000, 0x0000000775e00000, 0x0000000775e00000|100%| O|  |TAMS 0x0000000775e00000, 0x0000000775c00000| Untracked 
| 943|0x0000000775e00000, 0x0000000776000000, 0x0000000776000000|100%| O|  |TAMS 0x0000000776000000, 0x0000000775e00000| Untracked 
| 944|0x0000000776000000, 0x0000000776200000, 0x0000000776200000|100%| O|  |TAMS 0x0000000776200000, 0x0000000776000000| Untracked 
| 945|0x0000000776200000, 0x0000000776400000, 0x0000000776400000|100%| O|  |TAMS 0x0000000776400000, 0x0000000776200000| Untracked 
| 946|0x0000000776400000, 0x0000000776600000, 0x0000000776600000|100%| O|  |TAMS 0x0000000776600000, 0x0000000776400000| Untracked 
| 947|0x0000000776600000, 0x0000000776800000, 0x0000000776800000|100%| O|  |TAMS 0x0000000776800000, 0x0000000776600000| Untracked 
| 948|0x0000000776800000, 0x0000000776800000, 0x0000000776a00000|  0%| F|  |TAMS 0x0000000776800000, 0x0000000776800000| Untracked 
| 949|0x0000000776a00000, 0x0000000776a00000, 0x0000000776c00000|  0%| F|  |TAMS 0x0000000776a00000, 0x0000000776a00000| Untracked 
| 950|0x0000000776c00000, 0x0000000776e00000, 0x0000000776e00000|100%| O|  |TAMS 0x0000000776e00000, 0x0000000776c00000| Untracked 
| 951|0x0000000776e00000, 0x0000000776e00000, 0x0000000777000000|  0%| F|  |TAMS 0x0000000776e00000, 0x0000000776e00000| Untracked 
| 952|0x0000000777000000, 0x0000000777200000, 0x0000000777200000|100%| O|  |TAMS 0x0000000777200000, 0x0000000777000000| Untracked 
| 953|0x0000000777200000, 0x0000000777400000, 0x0000000777400000|100%| O|  |TAMS 0x0000000777400000, 0x0000000777200000| Untracked 
| 954|0x0000000777400000, 0x0000000777600000, 0x0000000777600000|100%| O|  |TAMS 0x0000000777600000, 0x0000000777400000| Untracked 
| 955|0x0000000777600000, 0x0000000777800000, 0x0000000777800000|100%| O|  |TAMS 0x0000000777800000, 0x0000000777600000| Untracked 
| 956|0x0000000777800000, 0x0000000777a00000, 0x0000000777a00000|100%| O|  |TAMS 0x0000000777a00000, 0x0000000777800000| Untracked 
| 957|0x0000000777a00000, 0x0000000777c00000, 0x0000000777c00000|100%| O|  |TAMS 0x0000000777c00000, 0x0000000777a00000| Untracked 
| 958|0x0000000777c00000, 0x0000000777e00000, 0x0000000777e00000|100%| O|  |TAMS 0x0000000777e00000, 0x0000000777c00000| Untracked 
| 959|0x0000000777e00000, 0x0000000778000000, 0x0000000778000000|100%| O|  |TAMS 0x0000000778000000, 0x0000000777e00000| Untracked 
| 960|0x0000000778000000, 0x0000000778200000, 0x0000000778200000|100%| O|  |TAMS 0x0000000778200000, 0x0000000778000000| Untracked 
| 961|0x0000000778200000, 0x0000000778400000, 0x0000000778400000|100%| O|  |TAMS 0x0000000778400000, 0x0000000778200000| Untracked 
| 962|0x0000000778400000, 0x0000000778600000, 0x0000000778600000|100%| O|  |TAMS 0x0000000778600000, 0x0000000778400000| Untracked 
| 963|0x0000000778600000, 0x0000000778800000, 0x0000000778800000|100%| O|  |TAMS 0x0000000778800000, 0x0000000778600000| Untracked 
| 964|0x0000000778800000, 0x0000000778a00000, 0x0000000778a00000|100%| O|  |TAMS 0x0000000778a00000, 0x0000000778800000| Untracked 
| 965|0x0000000778a00000, 0x0000000778c00000, 0x0000000778c00000|100%| O|  |TAMS 0x0000000778c00000, 0x0000000778a00000| Untracked 
| 966|0x0000000778c00000, 0x0000000778e00000, 0x0000000778e00000|100%| O|  |TAMS 0x0000000778e00000, 0x0000000778c00000| Untracked 
| 967|0x0000000778e00000, 0x0000000779000000, 0x0000000779000000|100%| O|  |TAMS 0x0000000779000000, 0x0000000778e00000| Untracked 
| 968|0x0000000779000000, 0x0000000779200000, 0x0000000779200000|100%| O|  |TAMS 0x0000000779200000, 0x0000000779000000| Untracked 
| 969|0x0000000779200000, 0x0000000779400000, 0x0000000779400000|100%| O|  |TAMS 0x0000000779400000, 0x0000000779200000| Untracked 
| 970|0x0000000779400000, 0x0000000779600000, 0x0000000779600000|100%| O|  |TAMS 0x0000000779600000, 0x0000000779400000| Untracked 
| 971|0x0000000779600000, 0x0000000779800000, 0x0000000779800000|100%| O|  |TAMS 0x0000000779800000, 0x0000000779600000| Untracked 
| 972|0x0000000779800000, 0x0000000779800000, 0x0000000779a00000|  0%| F|  |TAMS 0x0000000779800000, 0x0000000779800000| Untracked 
| 973|0x0000000779a00000, 0x0000000779a00000, 0x0000000779c00000|  0%| F|  |TAMS 0x0000000779a00000, 0x0000000779a00000| Untracked 
| 974|0x0000000779c00000, 0x0000000779c00000, 0x0000000779e00000|  0%| F|  |TAMS 0x0000000779c00000, 0x0000000779c00000| Untracked 
| 975|0x0000000779e00000, 0x000000077a000000, 0x000000077a000000|100%| O|  |TAMS 0x000000077a000000, 0x0000000779e00000| Untracked 
| 976|0x000000077a000000, 0x000000077a000000, 0x000000077a200000|  0%| F|  |TAMS 0x000000077a000000, 0x000000077a000000| Untracked 
| 977|0x000000077a200000, 0x000000077a400000, 0x000000077a400000|100%| O|  |TAMS 0x000000077a400000, 0x000000077a200000| Untracked 
| 978|0x000000077a400000, 0x000000077a600000, 0x000000077a600000|100%| O|  |TAMS 0x000000077a600000, 0x000000077a400000| Untracked 
| 979|0x000000077a600000, 0x000000077a800000, 0x000000077a800000|100%| O|  |TAMS 0x000000077a800000, 0x000000077a600000| Untracked 
| 980|0x000000077a800000, 0x000000077aa00000, 0x000000077aa00000|100%| O|  |TAMS 0x000000077aa00000, 0x000000077a800000| Untracked 
| 981|0x000000077aa00000, 0x000000077ac00000, 0x000000077ac00000|100%| O|  |TAMS 0x000000077ac00000, 0x000000077aa00000| Untracked 
| 982|0x000000077ac00000, 0x000000077ae00000, 0x000000077ae00000|100%| O|  |TAMS 0x000000077ae00000, 0x000000077ac00000| Untracked 
| 983|0x000000077ae00000, 0x000000077b000000, 0x000000077b000000|100%| O|  |TAMS 0x000000077b000000, 0x000000077ae00000| Untracked 
| 984|0x000000077b000000, 0x000000077b200000, 0x000000077b200000|100%| O|  |TAMS 0x000000077b200000, 0x000000077b000000| Untracked 
| 985|0x000000077b200000, 0x000000077b400000, 0x000000077b400000|100%| O|  |TAMS 0x000000077b400000, 0x000000077b200000| Untracked 
| 986|0x000000077b400000, 0x000000077b600000, 0x000000077b600000|100%| O|  |TAMS 0x000000077b600000, 0x000000077b400000| Untracked 
| 987|0x000000077b600000, 0x000000077b600000, 0x000000077b800000|  0%| F|  |TAMS 0x000000077b600000, 0x000000077b600000| Untracked 
| 988|0x000000077b800000, 0x000000077b800000, 0x000000077ba00000|  0%| F|  |TAMS 0x000000077b800000, 0x000000077b800000| Untracked 
| 989|0x000000077ba00000, 0x000000077ba00000, 0x000000077bc00000|  0%| F|  |TAMS 0x000000077ba00000, 0x000000077ba00000| Untracked 
| 990|0x000000077bc00000, 0x000000077be00000, 0x000000077be00000|100%| O|  |TAMS 0x000000077be00000, 0x000000077bc00000| Untracked 
| 991|0x000000077be00000, 0x000000077c000000, 0x000000077c000000|100%| O|  |TAMS 0x000000077c000000, 0x000000077be00000| Untracked 
| 992|0x000000077c000000, 0x000000077c200000, 0x000000077c200000|100%| O|  |TAMS 0x000000077c200000, 0x000000077c000000| Untracked 
| 993|0x000000077c200000, 0x000000077c200000, 0x000000077c400000|  0%| F|  |TAMS 0x000000077c200000, 0x000000077c200000| Untracked 
| 994|0x000000077c400000, 0x000000077c600000, 0x000000077c600000|100%| O|  |TAMS 0x000000077c600000, 0x000000077c400000| Untracked 
| 995|0x000000077c600000, 0x000000077c800000, 0x000000077c800000|100%| O|  |TAMS 0x000000077c800000, 0x000000077c600000| Untracked 
| 996|0x000000077c800000, 0x000000077c800000, 0x000000077ca00000|  0%| F|  |TAMS 0x000000077c800000, 0x000000077c800000| Untracked 
| 997|0x000000077ca00000, 0x000000077cc00000, 0x000000077cc00000|100%| O|  |TAMS 0x000000077cc00000, 0x000000077ca00000| Untracked 
| 998|0x000000077cc00000, 0x000000077cc00000, 0x000000077ce00000|  0%| F|  |TAMS 0x000000077cc00000, 0x000000077cc00000| Untracked 
| 999|0x000000077ce00000, 0x000000077ce00000, 0x000000077d000000|  0%| F|  |TAMS 0x000000077ce00000, 0x000000077ce00000| Untracked 
|1000|0x000000077d000000, 0x000000077d000000, 0x000000077d200000|  0%| F|  |TAMS 0x000000077d000000, 0x000000077d000000| Untracked 
|1001|0x000000077d200000, 0x000000077d200000, 0x000000077d400000|  0%| F|  |TAMS 0x000000077d200000, 0x000000077d200000| Untracked 
|1002|0x000000077d400000, 0x000000077d400000, 0x000000077d600000|  0%| F|  |TAMS 0x000000077d400000, 0x000000077d400000| Untracked 
|1003|0x000000077d600000, 0x000000077d600000, 0x000000077d800000|  0%| F|  |TAMS 0x000000077d600000, 0x000000077d600000| Untracked 
|1004|0x000000077d800000, 0x000000077d800000, 0x000000077da00000|  0%| F|  |TAMS 0x000000077d800000, 0x000000077d800000| Untracked 
|1005|0x000000077da00000, 0x000000077dc00000, 0x000000077dc00000|100%| O|  |TAMS 0x000000077dc00000, 0x000000077da00000| Untracked 
|1006|0x000000077dc00000, 0x000000077dc00000, 0x000000077de00000|  0%| F|  |TAMS 0x000000077dc00000, 0x000000077dc00000| Untracked 
|1007|0x000000077de00000, 0x000000077e000000, 0x000000077e000000|100%| O|  |TAMS 0x000000077e000000, 0x000000077de00000| Untracked 
|1008|0x000000077e000000, 0x000000077e200000, 0x000000077e200000|100%| O|  |TAMS 0x000000077e200000, 0x000000077e000000| Untracked 
|1009|0x000000077e200000, 0x000000077e400000, 0x000000077e400000|100%| O|  |TAMS 0x000000077e400000, 0x000000077e200000| Untracked 
|1010|0x000000077e400000, 0x000000077e600000, 0x000000077e600000|100%| O|  |TAMS 0x000000077e600000, 0x000000077e400000| Untracked 
|1011|0x000000077e600000, 0x000000077e800000, 0x000000077e800000|100%| O|  |TAMS 0x000000077e800000, 0x000000077e600000| Untracked 
|1012|0x000000077e800000, 0x000000077ea00000, 0x000000077ea00000|100%| O|  |TAMS 0x000000077ea00000, 0x000000077e800000| Untracked 
|1013|0x000000077ea00000, 0x000000077ea00000, 0x000000077ec00000|  0%| F|  |TAMS 0x000000077ea00000, 0x000000077ea00000| Untracked 
|1014|0x000000077ec00000, 0x000000077ec00000, 0x000000077ee00000|  0%| F|  |TAMS 0x000000077ec00000, 0x000000077ec00000| Untracked 
|1015|0x000000077ee00000, 0x000000077ee00000, 0x000000077f000000|  0%| F|  |TAMS 0x000000077ee00000, 0x000000077ee00000| Untracked 
|1016|0x000000077f000000, 0x000000077f200000, 0x000000077f200000|100%| O|  |TAMS 0x000000077f200000, 0x000000077f000000| Untracked 
|1017|0x000000077f200000, 0x000000077f200000, 0x000000077f400000|  0%| F|  |TAMS 0x000000077f200000, 0x000000077f200000| Untracked 
|1018|0x000000077f400000, 0x000000077f400000, 0x000000077f600000|  0%| F|  |TAMS 0x000000077f400000, 0x000000077f400000| Untracked 
|1019|0x000000077f600000, 0x000000077f600000, 0x000000077f800000|  0%| F|  |TAMS 0x000000077f600000, 0x000000077f600000| Untracked 
|1020|0x000000077f800000, 0x000000077f800000, 0x000000077fa00000|  0%| F|  |TAMS 0x000000077f800000, 0x000000077f800000| Untracked 
|1021|0x000000077fa00000, 0x000000077fa00000, 0x000000077fc00000|  0%| F|  |TAMS 0x000000077fa00000, 0x000000077fa00000| Untracked 
|1022|0x000000077fc00000, 0x000000077fc00000, 0x000000077fe00000|  0%| F|  |TAMS 0x000000077fc00000, 0x000000077fc00000| Untracked 
|1023|0x000000077fe00000, 0x000000077fe00000, 0x0000000780000000|  0%| F|  |TAMS 0x000000077fe00000, 0x000000077fe00000| Untracked 
|1024|0x0000000780000000, 0x0000000780000000, 0x0000000780200000|  0%| F|  |TAMS 0x0000000780000000, 0x0000000780000000| Untracked 
|1025|0x0000000780200000, 0x0000000780200000, 0x0000000780400000|  0%| F|  |TAMS 0x0000000780200000, 0x0000000780200000| Untracked 
|1026|0x0000000780400000, 0x0000000780400000, 0x0000000780600000|  0%| F|  |TAMS 0x0000000780400000, 0x0000000780400000| Untracked 
|1027|0x0000000780600000, 0x0000000780600000, 0x0000000780800000|  0%| F|  |TAMS 0x0000000780600000, 0x0000000780600000| Untracked 
|1028|0x0000000780800000, 0x0000000780800000, 0x0000000780a00000|  0%| F|  |TAMS 0x0000000780800000, 0x0000000780800000| Untracked 
|1029|0x0000000780a00000, 0x0000000780a00000, 0x0000000780c00000|  0%| F|  |TAMS 0x0000000780a00000, 0x0000000780a00000| Untracked 
|1030|0x0000000780c00000, 0x0000000780c00000, 0x0000000780e00000|  0%| F|  |TAMS 0x0000000780c00000, 0x0000000780c00000| Untracked 
|1031|0x0000000780e00000, 0x0000000780e00000, 0x0000000781000000|  0%| F|  |TAMS 0x0000000780e00000, 0x0000000780e00000| Untracked 
|1032|0x0000000781000000, 0x0000000781000000, 0x0000000781200000|  0%| F|  |TAMS 0x0000000781000000, 0x0000000781000000| Untracked 
|1033|0x0000000781200000, 0x0000000781200000, 0x0000000781400000|  0%| F|  |TAMS 0x0000000781200000, 0x0000000781200000| Untracked 
|1034|0x0000000781400000, 0x0000000781400000, 0x0000000781600000|  0%| F|  |TAMS 0x0000000781400000, 0x0000000781400000| Untracked 
|1035|0x0000000781600000, 0x0000000781600000, 0x0000000781800000|  0%| F|  |TAMS 0x0000000781600000, 0x0000000781600000| Untracked 
|1036|0x0000000781800000, 0x0000000781800000, 0x0000000781a00000|  0%| F|  |TAMS 0x0000000781800000, 0x0000000781800000| Untracked 
|1037|0x0000000781a00000, 0x0000000781c00000, 0x0000000781c00000|100%| O|  |TAMS 0x0000000781c00000, 0x0000000781a00000| Untracked 
|1038|0x0000000781c00000, 0x0000000781c00000, 0x0000000781e00000|  0%| F|  |TAMS 0x0000000781c00000, 0x0000000781c00000| Untracked 
|1039|0x0000000781e00000, 0x0000000781e00000, 0x0000000782000000|  0%| F|  |TAMS 0x0000000781e00000, 0x0000000781e00000| Untracked 
|1040|0x0000000782000000, 0x0000000782000000, 0x0000000782200000|  0%| F|  |TAMS 0x0000000782000000, 0x0000000782000000| Untracked 
|1041|0x0000000782200000, 0x0000000782200000, 0x0000000782400000|  0%| F|  |TAMS 0x0000000782200000, 0x0000000782200000| Untracked 
|1042|0x0000000782400000, 0x0000000782600000, 0x0000000782600000|100%| O|  |TAMS 0x0000000782600000, 0x0000000782400000| Untracked 
|1043|0x0000000782600000, 0x0000000782600000, 0x0000000782800000|  0%| F|  |TAMS 0x0000000782600000, 0x0000000782600000| Untracked 
|1044|0x0000000782800000, 0x0000000782800000, 0x0000000782a00000|  0%| F|  |TAMS 0x0000000782800000, 0x0000000782800000| Untracked 
|1045|0x0000000782a00000, 0x0000000782a00000, 0x0000000782c00000|  0%| F|  |TAMS 0x0000000782a00000, 0x0000000782a00000| Untracked 
|1046|0x0000000782c00000, 0x0000000782c00000, 0x0000000782e00000|  0%| F|  |TAMS 0x0000000782c00000, 0x0000000782c00000| Untracked 
|1047|0x0000000782e00000, 0x0000000782e00000, 0x0000000783000000|  0%| F|  |TAMS 0x0000000782e00000, 0x0000000782e00000| Untracked 
|1048|0x0000000783000000, 0x0000000783000000, 0x0000000783200000|  0%| F|  |TAMS 0x0000000783000000, 0x0000000783000000| Untracked 
|1049|0x0000000783200000, 0x0000000783200000, 0x0000000783400000|  0%| F|  |TAMS 0x0000000783200000, 0x0000000783200000| Untracked 
|1050|0x0000000783400000, 0x0000000783400000, 0x0000000783600000|  0%| F|  |TAMS 0x0000000783400000, 0x0000000783400000| Untracked 
|1051|0x0000000783600000, 0x0000000783600000, 0x0000000783800000|  0%| F|  |TAMS 0x0000000783600000, 0x0000000783600000| Untracked 
|1052|0x0000000783800000, 0x0000000783a00000, 0x0000000783a00000|100%| O|  |TAMS 0x0000000783a00000, 0x0000000783800000| Untracked 
|1053|0x0000000783a00000, 0x0000000783c00000, 0x0000000783c00000|100%| O|  |TAMS 0x0000000783c00000, 0x0000000783a00000| Untracked 
|1054|0x0000000783c00000, 0x0000000783e00000, 0x0000000783e00000|100%| O|  |TAMS 0x0000000783e00000, 0x0000000783c00000| Untracked 
|1055|0x0000000783e00000, 0x0000000784000000, 0x0000000784000000|100%| O|  |TAMS 0x0000000784000000, 0x0000000783e00000| Untracked 
|1056|0x0000000784000000, 0x0000000784200000, 0x0000000784200000|100%| O|  |TAMS 0x0000000784200000, 0x0000000784000000| Untracked 
|1057|0x0000000784200000, 0x0000000784400000, 0x0000000784400000|100%| O|  |TAMS 0x0000000784400000, 0x0000000784200000| Untracked 
|1058|0x0000000784400000, 0x0000000784600000, 0x0000000784600000|100%| O|  |TAMS 0x0000000784600000, 0x0000000784400000| Untracked 
|1059|0x0000000784600000, 0x0000000784800000, 0x0000000784800000|100%| O|  |TAMS 0x0000000784800000, 0x0000000784600000| Untracked 
|1060|0x0000000784800000, 0x0000000784a00000, 0x0000000784a00000|100%| O|  |TAMS 0x0000000784a00000, 0x0000000784800000| Untracked 
|1061|0x0000000784a00000, 0x0000000784c00000, 0x0000000784c00000|100%| O|  |TAMS 0x0000000784c00000, 0x0000000784a00000| Untracked 
|1062|0x0000000784c00000, 0x0000000784e00000, 0x0000000784e00000|100%| O|  |TAMS 0x0000000784e00000, 0x0000000784c00000| Untracked 
|1063|0x0000000784e00000, 0x0000000785000000, 0x0000000785000000|100%| O|  |TAMS 0x0000000785000000, 0x0000000784e00000| Untracked 
|1064|0x0000000785000000, 0x0000000785200000, 0x0000000785200000|100%| O|  |TAMS 0x0000000785200000, 0x0000000785000000| Untracked 
|1065|0x0000000785200000, 0x0000000785400000, 0x0000000785400000|100%| O|  |TAMS 0x0000000785400000, 0x0000000785200000| Untracked 
|1066|0x0000000785400000, 0x0000000785600000, 0x0000000785600000|100%| O|  |TAMS 0x0000000785600000, 0x0000000785400000| Untracked 
|1067|0x0000000785600000, 0x0000000785800000, 0x0000000785800000|100%| O|  |TAMS 0x0000000785800000, 0x0000000785600000| Untracked 
|1068|0x0000000785800000, 0x0000000785a00000, 0x0000000785a00000|100%| O|  |TAMS 0x0000000785a00000, 0x0000000785800000| Untracked 
|1069|0x0000000785a00000, 0x0000000785c00000, 0x0000000785c00000|100%| O|  |TAMS 0x0000000785c00000, 0x0000000785a00000| Untracked 
|1070|0x0000000785c00000, 0x0000000785c00000, 0x0000000785e00000|  0%| F|  |TAMS 0x0000000785c00000, 0x0000000785c00000| Untracked 
|1071|0x0000000785e00000, 0x0000000786000000, 0x0000000786000000|100%| O|  |TAMS 0x0000000786000000, 0x0000000785e00000| Untracked 
|1072|0x0000000786000000, 0x0000000786200000, 0x0000000786200000|100%| O|  |TAMS 0x0000000786200000, 0x0000000786000000| Untracked 
|1073|0x0000000786200000, 0x0000000786400000, 0x0000000786400000|100%| O|  |TAMS 0x0000000786400000, 0x0000000786200000| Untracked 
|1074|0x0000000786400000, 0x0000000786600000, 0x0000000786600000|100%| O|  |TAMS 0x0000000786600000, 0x0000000786400000| Untracked 
|1075|0x0000000786600000, 0x0000000786800000, 0x0000000786800000|100%| O|  |TAMS 0x0000000786800000, 0x0000000786600000| Untracked 
|1076|0x0000000786800000, 0x0000000786a00000, 0x0000000786a00000|100%| O|  |TAMS 0x0000000786a00000, 0x0000000786800000| Untracked 
|1077|0x0000000786a00000, 0x0000000786c00000, 0x0000000786c00000|100%| O|  |TAMS 0x0000000786c00000, 0x0000000786a00000| Untracked 
|1078|0x0000000786c00000, 0x0000000786e00000, 0x0000000786e00000|100%| O|  |TAMS 0x0000000786e00000, 0x0000000786c00000| Untracked 
|1079|0x0000000786e00000, 0x0000000787000000, 0x0000000787000000|100%| O|  |TAMS 0x0000000787000000, 0x0000000786e00000| Untracked 
|1080|0x0000000787000000, 0x0000000787000000, 0x0000000787200000|  0%| F|  |TAMS 0x0000000787000000, 0x0000000787000000| Untracked 
|1081|0x0000000787200000, 0x0000000787400000, 0x0000000787400000|100%| O|  |TAMS 0x0000000787400000, 0x0000000787200000| Untracked 
|1082|0x0000000787400000, 0x0000000787600000, 0x0000000787600000|100%| O|  |TAMS 0x0000000787600000, 0x0000000787400000| Untracked 
|1083|0x0000000787600000, 0x0000000787800000, 0x0000000787800000|100%| O|  |TAMS 0x0000000787800000, 0x0000000787600000| Untracked 
|1084|0x0000000787800000, 0x0000000787800000, 0x0000000787a00000|  0%| F|  |TAMS 0x0000000787800000, 0x0000000787800000| Untracked 
|1085|0x0000000787a00000, 0x0000000787a00000, 0x0000000787c00000|  0%| F|  |TAMS 0x0000000787a00000, 0x0000000787a00000| Untracked 
|1086|0x0000000787c00000, 0x0000000787c00000, 0x0000000787e00000|  0%| F|  |TAMS 0x0000000787c00000, 0x0000000787c00000| Untracked 
|1087|0x0000000787e00000, 0x0000000788000000, 0x0000000788000000|100%| O|  |TAMS 0x0000000788000000, 0x0000000787e00000| Untracked 
|1088|0x0000000788000000, 0x0000000788000000, 0x0000000788200000|  0%| F|  |TAMS 0x0000000788000000, 0x0000000788000000| Untracked 
|1089|0x0000000788200000, 0x0000000788400000, 0x0000000788400000|100%| O|  |TAMS 0x0000000788400000, 0x0000000788200000| Untracked 
|1090|0x0000000788400000, 0x0000000788400000, 0x0000000788600000|  0%| F|  |TAMS 0x0000000788400000, 0x0000000788400000| Untracked 
|1091|0x0000000788600000, 0x0000000788600000, 0x0000000788800000|  0%| F|  |TAMS 0x0000000788600000, 0x0000000788600000| Untracked 
|1092|0x0000000788800000, 0x0000000788800000, 0x0000000788a00000|  0%| F|  |TAMS 0x0000000788800000, 0x0000000788800000| Untracked 
|1093|0x0000000788a00000, 0x0000000788a00000, 0x0000000788c00000|  0%| F|  |TAMS 0x0000000788a00000, 0x0000000788a00000| Untracked 
|1094|0x0000000788c00000, 0x0000000788c00000, 0x0000000788e00000|  0%| F|  |TAMS 0x0000000788c00000, 0x0000000788c00000| Untracked 
|1095|0x0000000788e00000, 0x0000000788e00000, 0x0000000789000000|  0%| F|  |TAMS 0x0000000788e00000, 0x0000000788e00000| Untracked 
|1096|0x0000000789000000, 0x0000000789000000, 0x0000000789200000|  0%| F|  |TAMS 0x0000000789000000, 0x0000000789000000| Untracked 
|1097|0x0000000789200000, 0x0000000789400000, 0x0000000789400000|100%| O|  |TAMS 0x0000000789400000, 0x0000000789200000| Untracked 
|1098|0x0000000789400000, 0x0000000789400000, 0x0000000789600000|  0%| F|  |TAMS 0x0000000789400000, 0x0000000789400000| Untracked 
|1099|0x0000000789600000, 0x0000000789600000, 0x0000000789800000|  0%| F|  |TAMS 0x0000000789600000, 0x0000000789600000| Untracked 
|1100|0x0000000789800000, 0x0000000789800000, 0x0000000789a00000|  0%| F|  |TAMS 0x0000000789800000, 0x0000000789800000| Untracked 
|1101|0x0000000789a00000, 0x0000000789a00000, 0x0000000789c00000|  0%| F|  |TAMS 0x0000000789a00000, 0x0000000789a00000| Untracked 
|1102|0x0000000789c00000, 0x0000000789c00000, 0x0000000789e00000|  0%| F|  |TAMS 0x0000000789c00000, 0x0000000789c00000| Untracked 
|1103|0x0000000789e00000, 0x0000000789e00000, 0x000000078a000000|  0%| F|  |TAMS 0x0000000789e00000, 0x0000000789e00000| Untracked 
|1104|0x000000078a000000, 0x000000078a000000, 0x000000078a200000|  0%| F|  |TAMS 0x000000078a000000, 0x000000078a000000| Untracked 
|1105|0x000000078a200000, 0x000000078a400000, 0x000000078a400000|100%| O|  |TAMS 0x000000078a400000, 0x000000078a200000| Untracked 
|1106|0x000000078a400000, 0x000000078a600000, 0x000000078a600000|100%| O|  |TAMS 0x000000078a600000, 0x000000078a400000| Untracked 
|1107|0x000000078a600000, 0x000000078a800000, 0x000000078a800000|100%| O|  |TAMS 0x000000078a800000, 0x000000078a600000| Untracked 
|1108|0x000000078a800000, 0x000000078aa00000, 0x000000078aa00000|100%| O|  |TAMS 0x000000078aa00000, 0x000000078a800000| Untracked 
|1109|0x000000078aa00000, 0x000000078ac00000, 0x000000078ac00000|100%| O|  |TAMS 0x000000078ac00000, 0x000000078aa00000| Untracked 
|1110|0x000000078ac00000, 0x000000078ae00000, 0x000000078ae00000|100%| O|  |TAMS 0x000000078ae00000, 0x000000078ac00000| Untracked 
|1111|0x000000078ae00000, 0x000000078b000000, 0x000000078b000000|100%| O|  |TAMS 0x000000078b000000, 0x000000078ae00000| Untracked 
|1112|0x000000078b000000, 0x000000078b200000, 0x000000078b200000|100%| O|  |TAMS 0x000000078b200000, 0x000000078b000000| Untracked 
|1113|0x000000078b200000, 0x000000078b400000, 0x000000078b400000|100%| O|  |TAMS 0x000000078b400000, 0x000000078b200000| Untracked 
|1114|0x000000078b400000, 0x000000078b600000, 0x000000078b600000|100%| O|  |TAMS 0x000000078b600000, 0x000000078b400000| Untracked 
|1115|0x000000078b600000, 0x000000078b800000, 0x000000078b800000|100%| O|  |TAMS 0x000000078b800000, 0x000000078b600000| Untracked 
|1116|0x000000078b800000, 0x000000078ba00000, 0x000000078ba00000|100%| O|  |TAMS 0x000000078ba00000, 0x000000078b800000| Untracked 
|1117|0x000000078ba00000, 0x000000078bc00000, 0x000000078bc00000|100%| O|  |TAMS 0x000000078bc00000, 0x000000078ba00000| Untracked 
|1118|0x000000078bc00000, 0x000000078be00000, 0x000000078be00000|100%| O|  |TAMS 0x000000078be00000, 0x000000078bc00000| Untracked 
|1119|0x000000078be00000, 0x000000078c000000, 0x000000078c000000|100%| O|  |TAMS 0x000000078c000000, 0x000000078be00000| Untracked 
|1120|0x000000078c000000, 0x000000078c200000, 0x000000078c200000|100%| O|  |TAMS 0x000000078c200000, 0x000000078c000000| Untracked 
|1121|0x000000078c200000, 0x000000078c400000, 0x000000078c400000|100%| O|  |TAMS 0x000000078c400000, 0x000000078c200000| Untracked 
|1122|0x000000078c400000, 0x000000078c600000, 0x000000078c600000|100%| O|  |TAMS 0x000000078c600000, 0x000000078c400000| Untracked 
|1123|0x000000078c600000, 0x000000078c800000, 0x000000078c800000|100%| O|  |TAMS 0x000000078c800000, 0x000000078c600000| Untracked 
|1124|0x000000078c800000, 0x000000078ca00000, 0x000000078ca00000|100%| O|  |TAMS 0x000000078ca00000, 0x000000078c800000| Untracked 
|1125|0x000000078ca00000, 0x000000078cc00000, 0x000000078cc00000|100%| O|  |TAMS 0x000000078cc00000, 0x000000078ca00000| Untracked 
|1126|0x000000078cc00000, 0x000000078ce00000, 0x000000078ce00000|100%| O|  |TAMS 0x000000078ce00000, 0x000000078cc00000| Untracked 
|1127|0x000000078ce00000, 0x000000078d000000, 0x000000078d000000|100%| O|  |TAMS 0x000000078d000000, 0x000000078ce00000| Untracked 
|1128|0x000000078d000000, 0x000000078d200000, 0x000000078d200000|100%| O|  |TAMS 0x000000078d200000, 0x000000078d000000| Untracked 
|1129|0x000000078d200000, 0x000000078d400000, 0x000000078d400000|100%| O|  |TAMS 0x000000078d400000, 0x000000078d200000| Untracked 
|1130|0x000000078d400000, 0x000000078d600000, 0x000000078d600000|100%| O|  |TAMS 0x000000078d600000, 0x000000078d400000| Untracked 
|1131|0x000000078d600000, 0x000000078d800000, 0x000000078d800000|100%| O|  |TAMS 0x000000078d800000, 0x000000078d600000| Untracked 
|1132|0x000000078d800000, 0x000000078da00000, 0x000000078da00000|100%| O|  |TAMS 0x000000078da00000, 0x000000078d800000| Untracked 
|1133|0x000000078da00000, 0x000000078da00000, 0x000000078dc00000|  0%| F|  |TAMS 0x000000078da00000, 0x000000078da00000| Untracked 
|1134|0x000000078dc00000, 0x000000078dc00000, 0x000000078de00000|  0%| F|  |TAMS 0x000000078dc00000, 0x000000078dc00000| Untracked 
|1135|0x000000078de00000, 0x000000078de00000, 0x000000078e000000|  0%| F|  |TAMS 0x000000078de00000, 0x000000078de00000| Untracked 
|1136|0x000000078e000000, 0x000000078e000000, 0x000000078e200000|  0%| F|  |TAMS 0x000000078e000000, 0x000000078e000000| Untracked 
|1137|0x000000078e200000, 0x000000078e200000, 0x000000078e400000|  0%| F|  |TAMS 0x000000078e200000, 0x000000078e200000| Untracked 
|1138|0x000000078e400000, 0x000000078e400000, 0x000000078e600000|  0%| F|  |TAMS 0x000000078e400000, 0x000000078e400000| Untracked 
|1139|0x000000078e600000, 0x000000078e600000, 0x000000078e800000|  0%| F|  |TAMS 0x000000078e600000, 0x000000078e600000| Untracked 
|1140|0x000000078e800000, 0x000000078ea00000, 0x000000078ea00000|100%| O|  |TAMS 0x000000078ea00000, 0x000000078e800000| Untracked 
|1141|0x000000078ea00000, 0x000000078ea00000, 0x000000078ec00000|  0%| F|  |TAMS 0x000000078ea00000, 0x000000078ea00000| Untracked 
|1142|0x000000078ec00000, 0x000000078ec00000, 0x000000078ee00000|  0%| F|  |TAMS 0x000000078ec00000, 0x000000078ec00000| Untracked 
|1143|0x000000078ee00000, 0x000000078ee00000, 0x000000078f000000|  0%| F|  |TAMS 0x000000078ee00000, 0x000000078ee00000| Untracked 
|1144|0x000000078f000000, 0x000000078f200000, 0x000000078f200000|100%| O|  |TAMS 0x000000078f200000, 0x000000078f000000| Untracked 
|1145|0x000000078f200000, 0x000000078f200000, 0x000000078f400000|  0%| F|  |TAMS 0x000000078f200000, 0x000000078f200000| Untracked 
|1146|0x000000078f400000, 0x000000078f600000, 0x000000078f600000|100%| O|  |TAMS 0x000000078f600000, 0x000000078f400000| Untracked 
|1147|0x000000078f600000, 0x000000078f800000, 0x000000078f800000|100%| O|  |TAMS 0x000000078f800000, 0x000000078f600000| Untracked 
|1148|0x000000078f800000, 0x000000078fa00000, 0x000000078fa00000|100%| O|  |TAMS 0x000000078fa00000, 0x000000078f800000| Untracked 
|1149|0x000000078fa00000, 0x000000078fc00000, 0x000000078fc00000|100%| O|  |TAMS 0x000000078fc00000, 0x000000078fa00000| Untracked 
|1150|0x000000078fc00000, 0x000000078fc00000, 0x000000078fe00000|  0%| F|  |TAMS 0x000000078fc00000, 0x000000078fc00000| Untracked 
|1151|0x000000078fe00000, 0x0000000790000000, 0x0000000790000000|100%| O|  |TAMS 0x0000000790000000, 0x000000078fe00000| Untracked 
|1152|0x0000000790000000, 0x0000000790200000, 0x0000000790200000|100%| O|  |TAMS 0x0000000790200000, 0x0000000790000000| Untracked 
|1153|0x0000000790200000, 0x0000000790400000, 0x0000000790400000|100%| O|  |TAMS 0x0000000790400000, 0x0000000790200000| Untracked 
|1154|0x0000000790400000, 0x0000000790600000, 0x0000000790600000|100%| O|  |TAMS 0x0000000790600000, 0x0000000790400000| Untracked 
|1155|0x0000000790600000, 0x0000000790800000, 0x0000000790800000|100%| O|  |TAMS 0x0000000790800000, 0x0000000790600000| Untracked 
|1156|0x0000000790800000, 0x0000000790a00000, 0x0000000790a00000|100%| O|  |TAMS 0x0000000790a00000, 0x0000000790800000| Untracked 
|1157|0x0000000790a00000, 0x0000000790c00000, 0x0000000790c00000|100%| O|  |TAMS 0x0000000790c00000, 0x0000000790a00000| Untracked 
|1158|0x0000000790c00000, 0x0000000790e00000, 0x0000000790e00000|100%| O|  |TAMS 0x0000000790e00000, 0x0000000790c00000| Untracked 
|1159|0x0000000790e00000, 0x0000000791000000, 0x0000000791000000|100%| O|  |TAMS 0x0000000791000000, 0x0000000790e00000| Untracked 
|1160|0x0000000791000000, 0x0000000791200000, 0x0000000791200000|100%| O|  |TAMS 0x0000000791200000, 0x0000000791000000| Untracked 
|1161|0x0000000791200000, 0x0000000791400000, 0x0000000791400000|100%| O|  |TAMS 0x0000000791400000, 0x0000000791200000| Untracked 
|1162|0x0000000791400000, 0x0000000791600000, 0x0000000791600000|100%| O|  |TAMS 0x0000000791600000, 0x0000000791400000| Untracked 
|1163|0x0000000791600000, 0x0000000791600000, 0x0000000791800000|  0%| F|  |TAMS 0x0000000791600000, 0x0000000791600000| Untracked 
|1164|0x0000000791800000, 0x0000000791a00000, 0x0000000791a00000|100%| O|  |TAMS 0x0000000791a00000, 0x0000000791800000| Untracked 
|1165|0x0000000791a00000, 0x0000000791a00000, 0x0000000791c00000|  0%| F|  |TAMS 0x0000000791a00000, 0x0000000791a00000| Untracked 
|1166|0x0000000791c00000, 0x0000000791c00000, 0x0000000791e00000|  0%| F|  |TAMS 0x0000000791c00000, 0x0000000791c00000| Untracked 
|1167|0x0000000791e00000, 0x0000000791e00000, 0x0000000792000000|  0%| F|  |TAMS 0x0000000791e00000, 0x0000000791e00000| Untracked 
|1168|0x0000000792000000, 0x0000000792000000, 0x0000000792200000|  0%| F|  |TAMS 0x0000000792000000, 0x0000000792000000| Untracked 
|1169|0x0000000792200000, 0x0000000792200000, 0x0000000792400000|  0%| F|  |TAMS 0x0000000792200000, 0x0000000792200000| Untracked 
|1170|0x0000000792400000, 0x0000000792600000, 0x0000000792600000|100%| O|  |TAMS 0x0000000792600000, 0x0000000792400000| Untracked 
|1171|0x0000000792600000, 0x0000000792600000, 0x0000000792800000|  0%| F|  |TAMS 0x0000000792600000, 0x0000000792600000| Untracked 
|1172|0x0000000792800000, 0x0000000792a00000, 0x0000000792a00000|100%|HS|  |TAMS 0x0000000792a00000, 0x0000000792800000| Complete 
|1173|0x0000000792a00000, 0x0000000792c00000, 0x0000000792c00000|100%|HC|  |TAMS 0x0000000792c00000, 0x0000000792a00000| Complete 
|1174|0x0000000792c00000, 0x0000000792e00000, 0x0000000792e00000|100%|HC|  |TAMS 0x0000000792e00000, 0x0000000792c00000| Complete 
|1175|0x0000000792e00000, 0x0000000792e00000, 0x0000000793000000|  0%| F|  |TAMS 0x0000000792e00000, 0x0000000792e00000| Untracked 
|1176|0x0000000793000000, 0x0000000793000000, 0x0000000793200000|  0%| F|  |TAMS 0x0000000793000000, 0x0000000793000000| Untracked 
|1177|0x0000000793200000, 0x0000000793200000, 0x0000000793400000|  0%| F|  |TAMS 0x0000000793200000, 0x0000000793200000| Untracked 
|1178|0x0000000793400000, 0x0000000793400000, 0x0000000793600000|  0%| F|  |TAMS 0x0000000793400000, 0x0000000793400000| Untracked 
|1179|0x0000000793600000, 0x0000000793600000, 0x0000000793800000|  0%| F|  |TAMS 0x0000000793600000, 0x0000000793600000| Untracked 
|1180|0x0000000793800000, 0x0000000793800000, 0x0000000793a00000|  0%| F|  |TAMS 0x0000000793800000, 0x0000000793800000| Untracked 
|1181|0x0000000793a00000, 0x0000000793a00000, 0x0000000793c00000|  0%| F|  |TAMS 0x0000000793a00000, 0x0000000793a00000| Untracked 
|1182|0x0000000793c00000, 0x0000000793c00000, 0x0000000793e00000|  0%| F|  |TAMS 0x0000000793c00000, 0x0000000793c00000| Untracked 
|1183|0x0000000793e00000, 0x0000000793e00000, 0x0000000794000000|  0%| F|  |TAMS 0x0000000793e00000, 0x0000000793e00000| Untracked 
|1184|0x0000000794000000, 0x0000000794000000, 0x0000000794200000|  0%| F|  |TAMS 0x0000000794000000, 0x0000000794000000| Untracked 
|1185|0x0000000794200000, 0x0000000794200000, 0x0000000794400000|  0%| F|  |TAMS 0x0000000794200000, 0x0000000794200000| Untracked 
|1186|0x0000000794400000, 0x0000000794400000, 0x0000000794600000|  0%| F|  |TAMS 0x0000000794400000, 0x0000000794400000| Untracked 
|1187|0x0000000794600000, 0x0000000794600000, 0x0000000794800000|  0%| F|  |TAMS 0x0000000794600000, 0x0000000794600000| Untracked 
|1188|0x0000000794800000, 0x0000000794800000, 0x0000000794a00000|  0%| F|  |TAMS 0x0000000794800000, 0x0000000794800000| Untracked 
|1189|0x0000000794a00000, 0x0000000794a00000, 0x0000000794c00000|  0%| F|  |TAMS 0x0000000794a00000, 0x0000000794a00000| Untracked 
|1190|0x0000000794c00000, 0x0000000794c00000, 0x0000000794e00000|  0%| F|  |TAMS 0x0000000794c00000, 0x0000000794c00000| Untracked 
|1191|0x0000000794e00000, 0x0000000794e00000, 0x0000000795000000|  0%| F|  |TAMS 0x0000000794e00000, 0x0000000794e00000| Untracked 
|1192|0x0000000795000000, 0x0000000795000000, 0x0000000795200000|  0%| F|  |TAMS 0x0000000795000000, 0x0000000795000000| Untracked 
|1193|0x0000000795200000, 0x0000000795200000, 0x0000000795400000|  0%| F|  |TAMS 0x0000000795200000, 0x0000000795200000| Untracked 
|1194|0x0000000795400000, 0x0000000795400000, 0x0000000795600000|  0%| F|  |TAMS 0x0000000795400000, 0x0000000795400000| Untracked 
|1195|0x0000000795600000, 0x0000000795600000, 0x0000000795800000|  0%| F|  |TAMS 0x0000000795600000, 0x0000000795600000| Untracked 
|1196|0x0000000795800000, 0x0000000795800000, 0x0000000795a00000|  0%| F|  |TAMS 0x0000000795800000, 0x0000000795800000| Untracked 
|1197|0x0000000795a00000, 0x0000000795a00000, 0x0000000795c00000|  0%| F|  |TAMS 0x0000000795a00000, 0x0000000795a00000| Untracked 
|1198|0x0000000795c00000, 0x0000000795c00000, 0x0000000795e00000|  0%| F|  |TAMS 0x0000000795c00000, 0x0000000795c00000| Untracked 
|1199|0x0000000795e00000, 0x0000000795e00000, 0x0000000796000000|  0%| F|  |TAMS 0x0000000795e00000, 0x0000000795e00000| Untracked 
|1200|0x0000000796000000, 0x0000000796000000, 0x0000000796200000|  0%| F|  |TAMS 0x0000000796000000, 0x0000000796000000| Untracked 
|1201|0x0000000796200000, 0x0000000796200000, 0x0000000796400000|  0%| F|  |TAMS 0x0000000796200000, 0x0000000796200000| Untracked 
|1202|0x0000000796400000, 0x0000000796400000, 0x0000000796600000|  0%| F|  |TAMS 0x0000000796400000, 0x0000000796400000| Untracked 
|1203|0x0000000796600000, 0x0000000796600000, 0x0000000796800000|  0%| F|  |TAMS 0x0000000796600000, 0x0000000796600000| Untracked 
|1204|0x0000000796800000, 0x0000000796800000, 0x0000000796a00000|  0%| F|  |TAMS 0x0000000796800000, 0x0000000796800000| Untracked 
|1205|0x0000000796a00000, 0x0000000796a00000, 0x0000000796c00000|  0%| F|  |TAMS 0x0000000796a00000, 0x0000000796a00000| Untracked 
|1206|0x0000000796c00000, 0x0000000796c00000, 0x0000000796e00000|  0%| F|  |TAMS 0x0000000796c00000, 0x0000000796c00000| Untracked 
|1207|0x0000000796e00000, 0x0000000796e00000, 0x0000000797000000|  0%| F|  |TAMS 0x0000000796e00000, 0x0000000796e00000| Untracked 
|1208|0x0000000797000000, 0x0000000797000000, 0x0000000797200000|  0%| F|  |TAMS 0x0000000797000000, 0x0000000797000000| Untracked 
|1209|0x0000000797200000, 0x0000000797200000, 0x0000000797400000|  0%| F|  |TAMS 0x0000000797200000, 0x0000000797200000| Untracked 
|1210|0x0000000797400000, 0x0000000797400000, 0x0000000797600000|  0%| F|  |TAMS 0x0000000797400000, 0x0000000797400000| Untracked 
|1211|0x0000000797600000, 0x0000000797600000, 0x0000000797800000|  0%| F|  |TAMS 0x0000000797600000, 0x0000000797600000| Untracked 
|1212|0x0000000797800000, 0x0000000797800000, 0x0000000797a00000|  0%| F|  |TAMS 0x0000000797800000, 0x0000000797800000| Untracked 
|1213|0x0000000797a00000, 0x0000000797a00000, 0x0000000797c00000|  0%| F|  |TAMS 0x0000000797a00000, 0x0000000797a00000| Untracked 
|1214|0x0000000797c00000, 0x0000000797c00000, 0x0000000797e00000|  0%| F|  |TAMS 0x0000000797c00000, 0x0000000797c00000| Untracked 
|1215|0x0000000797e00000, 0x0000000797e00000, 0x0000000798000000|  0%| F|  |TAMS 0x0000000797e00000, 0x0000000797e00000| Untracked 
|1216|0x0000000798000000, 0x0000000798000000, 0x0000000798200000|  0%| F|  |TAMS 0x0000000798000000, 0x0000000798000000| Untracked 
|1217|0x0000000798200000, 0x0000000798200000, 0x0000000798400000|  0%| F|  |TAMS 0x0000000798200000, 0x0000000798200000| Untracked 
|1218|0x0000000798400000, 0x0000000798400000, 0x0000000798600000|  0%| F|  |TAMS 0x0000000798400000, 0x0000000798400000| Untracked 
|1219|0x0000000798600000, 0x0000000798600000, 0x0000000798800000|  0%| F|  |TAMS 0x0000000798600000, 0x0000000798600000| Untracked 
|1220|0x0000000798800000, 0x0000000798800000, 0x0000000798a00000|  0%| F|  |TAMS 0x0000000798800000, 0x0000000798800000| Untracked 
|1221|0x0000000798a00000, 0x0000000798a00000, 0x0000000798c00000|  0%| F|  |TAMS 0x0000000798a00000, 0x0000000798a00000| Untracked 
|1222|0x0000000798c00000, 0x0000000798c00000, 0x0000000798e00000|  0%| F|  |TAMS 0x0000000798c00000, 0x0000000798c00000| Untracked 
|1223|0x0000000798e00000, 0x0000000798e00000, 0x0000000799000000|  0%| F|  |TAMS 0x0000000798e00000, 0x0000000798e00000| Untracked 
|1224|0x0000000799000000, 0x0000000799000000, 0x0000000799200000|  0%| F|  |TAMS 0x0000000799000000, 0x0000000799000000| Untracked 
|1225|0x0000000799200000, 0x0000000799200000, 0x0000000799400000|  0%| F|  |TAMS 0x0000000799200000, 0x0000000799200000| Untracked 
|1226|0x0000000799400000, 0x0000000799400000, 0x0000000799600000|  0%| F|  |TAMS 0x0000000799400000, 0x0000000799400000| Untracked 
|1227|0x0000000799600000, 0x0000000799600000, 0x0000000799800000|  0%| F|  |TAMS 0x0000000799600000, 0x0000000799600000| Untracked 
|1228|0x0000000799800000, 0x0000000799800000, 0x0000000799a00000|  0%| F|  |TAMS 0x0000000799800000, 0x0000000799800000| Untracked 
|1229|0x0000000799a00000, 0x0000000799a00000, 0x0000000799c00000|  0%| F|  |TAMS 0x0000000799a00000, 0x0000000799a00000| Untracked 
|1230|0x0000000799c00000, 0x0000000799c00000, 0x0000000799e00000|  0%| F|  |TAMS 0x0000000799c00000, 0x0000000799c00000| Untracked 
|1231|0x0000000799e00000, 0x0000000799e00000, 0x000000079a000000|  0%| F|  |TAMS 0x0000000799e00000, 0x0000000799e00000| Untracked 
|1232|0x000000079a000000, 0x000000079a000000, 0x000000079a200000|  0%| F|  |TAMS 0x000000079a000000, 0x000000079a000000| Untracked 
|1233|0x000000079a200000, 0x000000079a200000, 0x000000079a400000|  0%| F|  |TAMS 0x000000079a200000, 0x000000079a200000| Untracked 
|1234|0x000000079a400000, 0x000000079a400000, 0x000000079a600000|  0%| F|  |TAMS 0x000000079a400000, 0x000000079a400000| Untracked 
|1235|0x000000079a600000, 0x000000079a600000, 0x000000079a800000|  0%| F|  |TAMS 0x000000079a600000, 0x000000079a600000| Untracked 
|1236|0x000000079a800000, 0x000000079a800000, 0x000000079aa00000|  0%| F|  |TAMS 0x000000079a800000, 0x000000079a800000| Untracked 
|1237|0x000000079aa00000, 0x000000079aa00000, 0x000000079ac00000|  0%| F|  |TAMS 0x000000079aa00000, 0x000000079aa00000| Untracked 
|1238|0x000000079ac00000, 0x000000079ac00000, 0x000000079ae00000|  0%| F|  |TAMS 0x000000079ac00000, 0x000000079ac00000| Untracked 
|1239|0x000000079ae00000, 0x000000079ae00000, 0x000000079b000000|  0%| F|  |TAMS 0x000000079ae00000, 0x000000079ae00000| Untracked 
|1240|0x000000079b000000, 0x000000079b000000, 0x000000079b200000|  0%| F|  |TAMS 0x000000079b000000, 0x000000079b000000| Untracked 
|1241|0x000000079b200000, 0x000000079b200000, 0x000000079b400000|  0%| F|  |TAMS 0x000000079b200000, 0x000000079b200000| Untracked 
|1242|0x000000079b400000, 0x000000079b400000, 0x000000079b600000|  0%| F|  |TAMS 0x000000079b400000, 0x000000079b400000| Untracked 
|1243|0x000000079b600000, 0x000000079b600000, 0x000000079b800000|  0%| F|  |TAMS 0x000000079b600000, 0x000000079b600000| Untracked 
|1244|0x000000079b800000, 0x000000079b800000, 0x000000079ba00000|  0%| F|  |TAMS 0x000000079b800000, 0x000000079b800000| Untracked 
|1245|0x000000079ba00000, 0x000000079ba00000, 0x000000079bc00000|  0%| F|  |TAMS 0x000000079ba00000, 0x000000079ba00000| Untracked 
|1246|0x000000079bc00000, 0x000000079bc00000, 0x000000079be00000|  0%| F|  |TAMS 0x000000079bc00000, 0x000000079bc00000| Untracked 
|1247|0x000000079be00000, 0x000000079be00000, 0x000000079c000000|  0%| F|  |TAMS 0x000000079be00000, 0x000000079be00000| Untracked 
|1248|0x000000079c000000, 0x000000079c000000, 0x000000079c200000|  0%| F|  |TAMS 0x000000079c000000, 0x000000079c000000| Untracked 
|1249|0x000000079c200000, 0x000000079c200000, 0x000000079c400000|  0%| F|  |TAMS 0x000000079c200000, 0x000000079c200000| Untracked 
|1250|0x000000079c400000, 0x000000079c400000, 0x000000079c600000|  0%| F|  |TAMS 0x000000079c400000, 0x000000079c400000| Untracked 
|1251|0x000000079c600000, 0x000000079c600000, 0x000000079c800000|  0%| F|  |TAMS 0x000000079c600000, 0x000000079c600000| Untracked 
|1252|0x000000079c800000, 0x000000079c800000, 0x000000079ca00000|  0%| F|  |TAMS 0x000000079c800000, 0x000000079c800000| Untracked 
|1253|0x000000079ca00000, 0x000000079ca00000, 0x000000079cc00000|  0%| F|  |TAMS 0x000000079ca00000, 0x000000079ca00000| Untracked 
|1254|0x000000079cc00000, 0x000000079cc00000, 0x000000079ce00000|  0%| F|  |TAMS 0x000000079cc00000, 0x000000079cc00000| Untracked 
|1255|0x000000079ce00000, 0x000000079ce00000, 0x000000079d000000|  0%| F|  |TAMS 0x000000079ce00000, 0x000000079ce00000| Untracked 
|1256|0x000000079d000000, 0x000000079d000000, 0x000000079d200000|  0%| F|  |TAMS 0x000000079d000000, 0x000000079d000000| Untracked 
|1257|0x000000079d200000, 0x000000079d200000, 0x000000079d400000|  0%| F|  |TAMS 0x000000079d200000, 0x000000079d200000| Untracked 
|1258|0x000000079d400000, 0x000000079d400000, 0x000000079d600000|  0%| F|  |TAMS 0x000000079d400000, 0x000000079d400000| Untracked 
|1259|0x000000079d600000, 0x000000079d600000, 0x000000079d800000|  0%| F|  |TAMS 0x000000079d600000, 0x000000079d600000| Untracked 
|1260|0x000000079d800000, 0x000000079d800000, 0x000000079da00000|  0%| F|  |TAMS 0x000000079d800000, 0x000000079d800000| Untracked 
|1261|0x000000079da00000, 0x000000079da00000, 0x000000079dc00000|  0%| F|  |TAMS 0x000000079da00000, 0x000000079da00000| Untracked 
|1262|0x000000079dc00000, 0x000000079dc00000, 0x000000079de00000|  0%| F|  |TAMS 0x000000079dc00000, 0x000000079dc00000| Untracked 
|1263|0x000000079de00000, 0x000000079de00000, 0x000000079e000000|  0%| F|  |TAMS 0x000000079de00000, 0x000000079de00000| Untracked 
|1264|0x000000079e000000, 0x000000079e000000, 0x000000079e200000|  0%| F|  |TAMS 0x000000079e000000, 0x000000079e000000| Untracked 
|1265|0x000000079e200000, 0x000000079e200000, 0x000000079e400000|  0%| F|  |TAMS 0x000000079e200000, 0x000000079e200000| Untracked 
|1266|0x000000079e400000, 0x000000079e400000, 0x000000079e600000|  0%| F|  |TAMS 0x000000079e400000, 0x000000079e400000| Untracked 
|1267|0x000000079e600000, 0x000000079e600000, 0x000000079e800000|  0%| F|  |TAMS 0x000000079e600000, 0x000000079e600000| Untracked 
|1268|0x000000079e800000, 0x000000079e800000, 0x000000079ea00000|  0%| F|  |TAMS 0x000000079e800000, 0x000000079e800000| Untracked 
|1269|0x000000079ea00000, 0x000000079ea00000, 0x000000079ec00000|  0%| F|  |TAMS 0x000000079ea00000, 0x000000079ea00000| Untracked 
|1270|0x000000079ec00000, 0x000000079ec00000, 0x000000079ee00000|  0%| F|  |TAMS 0x000000079ec00000, 0x000000079ec00000| Untracked 
|1271|0x000000079ee00000, 0x000000079ee00000, 0x000000079f000000|  0%| F|  |TAMS 0x000000079ee00000, 0x000000079ee00000| Untracked 
|1272|0x000000079f000000, 0x000000079f000000, 0x000000079f200000|  0%| F|  |TAMS 0x000000079f000000, 0x000000079f000000| Untracked 
|1273|0x000000079f200000, 0x000000079f200000, 0x000000079f400000|  0%| F|  |TAMS 0x000000079f200000, 0x000000079f200000| Untracked 
|1274|0x000000079f400000, 0x000000079f400000, 0x000000079f600000|  0%| F|  |TAMS 0x000000079f400000, 0x000000079f400000| Untracked 
|1275|0x000000079f600000, 0x000000079f600000, 0x000000079f800000|  0%| F|  |TAMS 0x000000079f600000, 0x000000079f600000| Untracked 
|1276|0x000000079f800000, 0x000000079f800000, 0x000000079fa00000|  0%| F|  |TAMS 0x000000079f800000, 0x000000079f800000| Untracked 
|1277|0x000000079fa00000, 0x000000079fa00000, 0x000000079fc00000|  0%| F|  |TAMS 0x000000079fa00000, 0x000000079fa00000| Untracked 
|1278|0x000000079fc00000, 0x000000079fc00000, 0x000000079fe00000|  0%| F|  |TAMS 0x000000079fc00000, 0x000000079fc00000| Untracked 
|1279|0x000000079fe00000, 0x000000079fe00000, 0x00000007a0000000|  0%| F|  |TAMS 0x000000079fe00000, 0x000000079fe00000| Untracked 
|1280|0x00000007a0000000, 0x00000007a0000000, 0x00000007a0200000|  0%| F|  |TAMS 0x00000007a0000000, 0x00000007a0000000| Untracked 
|1281|0x00000007a0200000, 0x00000007a0200000, 0x00000007a0400000|  0%| F|  |TAMS 0x00000007a0200000, 0x00000007a0200000| Untracked 
|1282|0x00000007a0400000, 0x00000007a0400000, 0x00000007a0600000|  0%| F|  |TAMS 0x00000007a0400000, 0x00000007a0400000| Untracked 
|1283|0x00000007a0600000, 0x00000007a0600000, 0x00000007a0800000|  0%| F|  |TAMS 0x00000007a0600000, 0x00000007a0600000| Untracked 
|1284|0x00000007a0800000, 0x00000007a0800000, 0x00000007a0a00000|  0%| F|  |TAMS 0x00000007a0800000, 0x00000007a0800000| Untracked 
|1285|0x00000007a0a00000, 0x00000007a0a00000, 0x00000007a0c00000|  0%| F|  |TAMS 0x00000007a0a00000, 0x00000007a0a00000| Untracked 
|1286|0x00000007a0c00000, 0x00000007a0c00000, 0x00000007a0e00000|  0%| F|  |TAMS 0x00000007a0c00000, 0x00000007a0c00000| Untracked 
|1287|0x00000007a0e00000, 0x00000007a0e00000, 0x00000007a1000000|  0%| F|  |TAMS 0x00000007a0e00000, 0x00000007a0e00000| Untracked 
|1288|0x00000007a1000000, 0x00000007a1000000, 0x00000007a1200000|  0%| F|  |TAMS 0x00000007a1000000, 0x00000007a1000000| Untracked 
|1289|0x00000007a1200000, 0x00000007a1200000, 0x00000007a1400000|  0%| F|  |TAMS 0x00000007a1200000, 0x00000007a1200000| Untracked 
|1290|0x00000007a1400000, 0x00000007a1400000, 0x00000007a1600000|  0%| F|  |TAMS 0x00000007a1400000, 0x00000007a1400000| Untracked 
|1291|0x00000007a1600000, 0x00000007a1600000, 0x00000007a1800000|  0%| F|  |TAMS 0x00000007a1600000, 0x00000007a1600000| Untracked 
|1292|0x00000007a1800000, 0x00000007a1800000, 0x00000007a1a00000|  0%| F|  |TAMS 0x00000007a1800000, 0x00000007a1800000| Untracked 
|1293|0x00000007a1a00000, 0x00000007a1a00000, 0x00000007a1c00000|  0%| F|  |TAMS 0x00000007a1a00000, 0x00000007a1a00000| Untracked 
|1294|0x00000007a1c00000, 0x00000007a1c00000, 0x00000007a1e00000|  0%| F|  |TAMS 0x00000007a1c00000, 0x00000007a1c00000| Untracked 
|1295|0x00000007a1e00000, 0x00000007a1e00000, 0x00000007a2000000|  0%| F|  |TAMS 0x00000007a1e00000, 0x00000007a1e00000| Untracked 
|1296|0x00000007a2000000, 0x00000007a2000000, 0x00000007a2200000|  0%| F|  |TAMS 0x00000007a2000000, 0x00000007a2000000| Untracked 
|1297|0x00000007a2200000, 0x00000007a2200000, 0x00000007a2400000|  0%| F|  |TAMS 0x00000007a2200000, 0x00000007a2200000| Untracked 
|1298|0x00000007a2400000, 0x00000007a2400000, 0x00000007a2600000|  0%| F|  |TAMS 0x00000007a2400000, 0x00000007a2400000| Untracked 
|1299|0x00000007a2600000, 0x00000007a2600000, 0x00000007a2800000|  0%| F|  |TAMS 0x00000007a2600000, 0x00000007a2600000| Untracked 
|1300|0x00000007a2800000, 0x00000007a2800000, 0x00000007a2a00000|  0%| F|  |TAMS 0x00000007a2800000, 0x00000007a2800000| Untracked 
|1301|0x00000007a2a00000, 0x00000007a2a00000, 0x00000007a2c00000|  0%| F|  |TAMS 0x00000007a2a00000, 0x00000007a2a00000| Untracked 
|1302|0x00000007a2c00000, 0x00000007a2c00000, 0x00000007a2e00000|  0%| F|  |TAMS 0x00000007a2c00000, 0x00000007a2c00000| Untracked 
|1303|0x00000007a2e00000, 0x00000007a2e00000, 0x00000007a3000000|  0%| F|  |TAMS 0x00000007a2e00000, 0x00000007a2e00000| Untracked 
|1304|0x00000007a3000000, 0x00000007a3000000, 0x00000007a3200000|  0%| F|  |TAMS 0x00000007a3000000, 0x00000007a3000000| Untracked 
|1305|0x00000007a3200000, 0x00000007a3200000, 0x00000007a3400000|  0%| F|  |TAMS 0x00000007a3200000, 0x00000007a3200000| Untracked 
|1306|0x00000007a3400000, 0x00000007a3400000, 0x00000007a3600000|  0%| F|  |TAMS 0x00000007a3400000, 0x00000007a3400000| Untracked 
|1307|0x00000007a3600000, 0x00000007a3600000, 0x00000007a3800000|  0%| F|  |TAMS 0x00000007a3600000, 0x00000007a3600000| Untracked 
|1308|0x00000007a3800000, 0x00000007a3800000, 0x00000007a3a00000|  0%| F|  |TAMS 0x00000007a3800000, 0x00000007a3800000| Untracked 
|1309|0x00000007a3a00000, 0x00000007a3a00000, 0x00000007a3c00000|  0%| F|  |TAMS 0x00000007a3a00000, 0x00000007a3a00000| Untracked 
|1310|0x00000007a3c00000, 0x00000007a3c00000, 0x00000007a3e00000|  0%| F|  |TAMS 0x00000007a3c00000, 0x00000007a3c00000| Untracked 
|1311|0x00000007a3e00000, 0x00000007a3e00000, 0x00000007a4000000|  0%| F|  |TAMS 0x00000007a3e00000, 0x00000007a3e00000| Untracked 
|1312|0x00000007a4000000, 0x00000007a4000000, 0x00000007a4200000|  0%| F|  |TAMS 0x00000007a4000000, 0x00000007a4000000| Untracked 
|1313|0x00000007a4200000, 0x00000007a4200000, 0x00000007a4400000|  0%| F|  |TAMS 0x00000007a4200000, 0x00000007a4200000| Untracked 
|1314|0x00000007a4400000, 0x00000007a4400000, 0x00000007a4600000|  0%| F|  |TAMS 0x00000007a4400000, 0x00000007a4400000| Untracked 
|1315|0x00000007a4600000, 0x00000007a4600000, 0x00000007a4800000|  0%| F|  |TAMS 0x00000007a4600000, 0x00000007a4600000| Untracked 
|1316|0x00000007a4800000, 0x00000007a4800000, 0x00000007a4a00000|  0%| F|  |TAMS 0x00000007a4800000, 0x00000007a4800000| Untracked 
|1317|0x00000007a4a00000, 0x00000007a4a00000, 0x00000007a4c00000|  0%| F|  |TAMS 0x00000007a4a00000, 0x00000007a4a00000| Untracked 
|1318|0x00000007a4c00000, 0x00000007a4c00000, 0x00000007a4e00000|  0%| F|  |TAMS 0x00000007a4c00000, 0x00000007a4c00000| Untracked 
|1319|0x00000007a4e00000, 0x00000007a4e00000, 0x00000007a5000000|  0%| F|  |TAMS 0x00000007a4e00000, 0x00000007a4e00000| Untracked 
|1320|0x00000007a5000000, 0x00000007a5000000, 0x00000007a5200000|  0%| F|  |TAMS 0x00000007a5000000, 0x00000007a5000000| Untracked 
|1321|0x00000007a5200000, 0x00000007a5200000, 0x00000007a5400000|  0%| F|  |TAMS 0x00000007a5200000, 0x00000007a5200000| Untracked 
|1322|0x00000007a5400000, 0x00000007a5400000, 0x00000007a5600000|  0%| F|  |TAMS 0x00000007a5400000, 0x00000007a5400000| Untracked 
|1323|0x00000007a5600000, 0x00000007a5600000, 0x00000007a5800000|  0%| F|  |TAMS 0x00000007a5600000, 0x00000007a5600000| Untracked 
|1324|0x00000007a5800000, 0x00000007a5800000, 0x00000007a5a00000|  0%| F|  |TAMS 0x00000007a5800000, 0x00000007a5800000| Untracked 
|1325|0x00000007a5a00000, 0x00000007a5a00000, 0x00000007a5c00000|  0%| F|  |TAMS 0x00000007a5a00000, 0x00000007a5a00000| Untracked 
|1326|0x00000007a5c00000, 0x00000007a5c00000, 0x00000007a5e00000|  0%| F|  |TAMS 0x00000007a5c00000, 0x00000007a5c00000| Untracked 
|1327|0x00000007a5e00000, 0x00000007a5e00000, 0x00000007a6000000|  0%| F|  |TAMS 0x00000007a5e00000, 0x00000007a5e00000| Untracked 
|1328|0x00000007a6000000, 0x00000007a6000000, 0x00000007a6200000|  0%| F|  |TAMS 0x00000007a6000000, 0x00000007a6000000| Untracked 
|1329|0x00000007a6200000, 0x00000007a6200000, 0x00000007a6400000|  0%| F|  |TAMS 0x00000007a6200000, 0x00000007a6200000| Untracked 
|1330|0x00000007a6400000, 0x00000007a6400000, 0x00000007a6600000|  0%| F|  |TAMS 0x00000007a6400000, 0x00000007a6400000| Untracked 
|1331|0x00000007a6600000, 0x00000007a6600000, 0x00000007a6800000|  0%| F|  |TAMS 0x00000007a6600000, 0x00000007a6600000| Untracked 
|1332|0x00000007a6800000, 0x00000007a6800000, 0x00000007a6a00000|  0%| F|  |TAMS 0x00000007a6800000, 0x00000007a6800000| Untracked 
|1333|0x00000007a6a00000, 0x00000007a6a00000, 0x00000007a6c00000|  0%| F|  |TAMS 0x00000007a6a00000, 0x00000007a6a00000| Untracked 
|1334|0x00000007a6c00000, 0x00000007a6c00000, 0x00000007a6e00000|  0%| F|  |TAMS 0x00000007a6c00000, 0x00000007a6c00000| Untracked 
|1335|0x00000007a6e00000, 0x00000007a6e00000, 0x00000007a7000000|  0%| F|  |TAMS 0x00000007a6e00000, 0x00000007a6e00000| Untracked 
|1336|0x00000007a7000000, 0x00000007a7000000, 0x00000007a7200000|  0%| F|  |TAMS 0x00000007a7000000, 0x00000007a7000000| Untracked 
|1337|0x00000007a7200000, 0x00000007a7200000, 0x00000007a7400000|  0%| F|  |TAMS 0x00000007a7200000, 0x00000007a7200000| Untracked 
|1338|0x00000007a7400000, 0x00000007a7400000, 0x00000007a7600000|  0%| F|  |TAMS 0x00000007a7400000, 0x00000007a7400000| Untracked 
|1339|0x00000007a7600000, 0x00000007a7600000, 0x00000007a7800000|  0%| F|  |TAMS 0x00000007a7600000, 0x00000007a7600000| Untracked 
|1340|0x00000007a7800000, 0x00000007a7800000, 0x00000007a7a00000|  0%| F|  |TAMS 0x00000007a7800000, 0x00000007a7800000| Untracked 
|1341|0x00000007a7a00000, 0x00000007a7a00000, 0x00000007a7c00000|  0%| F|  |TAMS 0x00000007a7a00000, 0x00000007a7a00000| Untracked 
|1342|0x00000007a7c00000, 0x00000007a7c00000, 0x00000007a7e00000|  0%| F|  |TAMS 0x00000007a7c00000, 0x00000007a7c00000| Untracked 
|1343|0x00000007a7e00000, 0x00000007a7e00000, 0x00000007a8000000|  0%| F|  |TAMS 0x00000007a7e00000, 0x00000007a7e00000| Untracked 
|1344|0x00000007a8000000, 0x00000007a8000000, 0x00000007a8200000|  0%| F|  |TAMS 0x00000007a8000000, 0x00000007a8000000| Untracked 
|1345|0x00000007a8200000, 0x00000007a8200000, 0x00000007a8400000|  0%| F|  |TAMS 0x00000007a8200000, 0x00000007a8200000| Untracked 
|1346|0x00000007a8400000, 0x00000007a8400000, 0x00000007a8600000|  0%| F|  |TAMS 0x00000007a8400000, 0x00000007a8400000| Untracked 
|1347|0x00000007a8600000, 0x00000007a8600000, 0x00000007a8800000|  0%| F|  |TAMS 0x00000007a8600000, 0x00000007a8600000| Untracked 
|1348|0x00000007a8800000, 0x00000007a8800000, 0x00000007a8a00000|  0%| F|  |TAMS 0x00000007a8800000, 0x00000007a8800000| Untracked 
|1349|0x00000007a8a00000, 0x00000007a8a00000, 0x00000007a8c00000|  0%| F|  |TAMS 0x00000007a8a00000, 0x00000007a8a00000| Untracked 
|1350|0x00000007a8c00000, 0x00000007a8c00000, 0x00000007a8e00000|  0%| F|  |TAMS 0x00000007a8c00000, 0x00000007a8c00000| Untracked 
|1351|0x00000007a8e00000, 0x00000007a8e00000, 0x00000007a9000000|  0%| F|  |TAMS 0x00000007a8e00000, 0x00000007a8e00000| Untracked 
|1352|0x00000007a9000000, 0x00000007a9000000, 0x00000007a9200000|  0%| F|  |TAMS 0x00000007a9000000, 0x00000007a9000000| Untracked 
|1353|0x00000007a9200000, 0x00000007a9200000, 0x00000007a9400000|  0%| F|  |TAMS 0x00000007a9200000, 0x00000007a9200000| Untracked 
|1354|0x00000007a9400000, 0x00000007a9400000, 0x00000007a9600000|  0%| F|  |TAMS 0x00000007a9400000, 0x00000007a9400000| Untracked 
|1355|0x00000007a9600000, 0x00000007a9600000, 0x00000007a9800000|  0%| F|  |TAMS 0x00000007a9600000, 0x00000007a9600000| Untracked 
|1356|0x00000007a9800000, 0x00000007a9800000, 0x00000007a9a00000|  0%| F|  |TAMS 0x00000007a9800000, 0x00000007a9800000| Untracked 
|1357|0x00000007a9a00000, 0x00000007a9a00000, 0x00000007a9c00000|  0%| F|  |TAMS 0x00000007a9a00000, 0x00000007a9a00000| Untracked 
|1358|0x00000007a9c00000, 0x00000007a9c00000, 0x00000007a9e00000|  0%| F|  |TAMS 0x00000007a9c00000, 0x00000007a9c00000| Untracked 
|1359|0x00000007a9e00000, 0x00000007a9e00000, 0x00000007aa000000|  0%| F|  |TAMS 0x00000007a9e00000, 0x00000007a9e00000| Untracked 
|1360|0x00000007aa000000, 0x00000007aa000000, 0x00000007aa200000|  0%| F|  |TAMS 0x00000007aa000000, 0x00000007aa000000| Untracked 
|1361|0x00000007aa200000, 0x00000007aa200000, 0x00000007aa400000|  0%| F|  |TAMS 0x00000007aa200000, 0x00000007aa200000| Untracked 
|1362|0x00000007aa400000, 0x00000007aa400000, 0x00000007aa600000|  0%| F|  |TAMS 0x00000007aa400000, 0x00000007aa400000| Untracked 
|1363|0x00000007aa600000, 0x00000007aa600000, 0x00000007aa800000|  0%| F|  |TAMS 0x00000007aa600000, 0x00000007aa600000| Untracked 
|1364|0x00000007aa800000, 0x00000007aa800000, 0x00000007aaa00000|  0%| F|  |TAMS 0x00000007aa800000, 0x00000007aa800000| Untracked 
|1365|0x00000007aaa00000, 0x00000007aaa00000, 0x00000007aac00000|  0%| F|  |TAMS 0x00000007aaa00000, 0x00000007aaa00000| Untracked 
|1366|0x00000007aac00000, 0x00000007aac00000, 0x00000007aae00000|  0%| F|  |TAMS 0x00000007aac00000, 0x00000007aac00000| Untracked 
|1367|0x00000007aae00000, 0x00000007aae00000, 0x00000007ab000000|  0%| F|  |TAMS 0x00000007aae00000, 0x00000007aae00000| Untracked 
|1368|0x00000007ab000000, 0x00000007ab000000, 0x00000007ab200000|  0%| F|  |TAMS 0x00000007ab000000, 0x00000007ab000000| Untracked 
|1369|0x00000007ab200000, 0x00000007ab200000, 0x00000007ab400000|  0%| F|  |TAMS 0x00000007ab200000, 0x00000007ab200000| Untracked 
|1370|0x00000007ab400000, 0x00000007ab400000, 0x00000007ab600000|  0%| F|  |TAMS 0x00000007ab400000, 0x00000007ab400000| Untracked 
|1371|0x00000007ab600000, 0x00000007ab600000, 0x00000007ab800000|  0%| F|  |TAMS 0x00000007ab600000, 0x00000007ab600000| Untracked 
|1372|0x00000007ab800000, 0x00000007ab800000, 0x00000007aba00000|  0%| F|  |TAMS 0x00000007ab800000, 0x00000007ab800000| Untracked 
|1373|0x00000007aba00000, 0x00000007aba00000, 0x00000007abc00000|  0%| F|  |TAMS 0x00000007aba00000, 0x00000007aba00000| Untracked 
|1374|0x00000007abc00000, 0x00000007abc00000, 0x00000007abe00000|  0%| F|  |TAMS 0x00000007abc00000, 0x00000007abc00000| Untracked 
|1375|0x00000007abe00000, 0x00000007abe00000, 0x00000007ac000000|  0%| F|  |TAMS 0x00000007abe00000, 0x00000007abe00000| Untracked 
|1376|0x00000007ac000000, 0x00000007ac000000, 0x00000007ac200000|  0%| F|  |TAMS 0x00000007ac000000, 0x00000007ac000000| Untracked 
|1377|0x00000007ac200000, 0x00000007ac200000, 0x00000007ac400000|  0%| F|  |TAMS 0x00000007ac200000, 0x00000007ac200000| Untracked 
|1378|0x00000007ac400000, 0x00000007ac400000, 0x00000007ac600000|  0%| F|  |TAMS 0x00000007ac400000, 0x00000007ac400000| Untracked 
|1379|0x00000007ac600000, 0x00000007ac600000, 0x00000007ac800000|  0%| F|  |TAMS 0x00000007ac600000, 0x00000007ac600000| Untracked 
|1380|0x00000007ac800000, 0x00000007ac800000, 0x00000007aca00000|  0%| F|  |TAMS 0x00000007ac800000, 0x00000007ac800000| Untracked 
|1381|0x00000007aca00000, 0x00000007aca00000, 0x00000007acc00000|  0%| F|  |TAMS 0x00000007aca00000, 0x00000007aca00000| Untracked 
|1382|0x00000007acc00000, 0x00000007acc00000, 0x00000007ace00000|  0%| F|  |TAMS 0x00000007acc00000, 0x00000007acc00000| Untracked 
|1383|0x00000007ace00000, 0x00000007ace00000, 0x00000007ad000000|  0%| F|  |TAMS 0x00000007ace00000, 0x00000007ace00000| Untracked 
|1384|0x00000007ad000000, 0x00000007ad000000, 0x00000007ad200000|  0%| F|  |TAMS 0x00000007ad000000, 0x00000007ad000000| Untracked 
|1385|0x00000007ad200000, 0x00000007ad200000, 0x00000007ad400000|  0%| F|  |TAMS 0x00000007ad200000, 0x00000007ad200000| Untracked 
|1386|0x00000007ad400000, 0x00000007ad400000, 0x00000007ad600000|  0%| F|  |TAMS 0x00000007ad400000, 0x00000007ad400000| Untracked 
|1387|0x00000007ad600000, 0x00000007ad600000, 0x00000007ad800000|  0%| F|  |TAMS 0x00000007ad600000, 0x00000007ad600000| Untracked 
|1388|0x00000007ad800000, 0x00000007ad800000, 0x00000007ada00000|  0%| F|  |TAMS 0x00000007ad800000, 0x00000007ad800000| Untracked 
|1389|0x00000007ada00000, 0x00000007ada00000, 0x00000007adc00000|  0%| F|  |TAMS 0x00000007ada00000, 0x00000007ada00000| Untracked 
|1390|0x00000007adc00000, 0x00000007adc00000, 0x00000007ade00000|  0%| F|  |TAMS 0x00000007adc00000, 0x00000007adc00000| Untracked 
|1391|0x00000007ade00000, 0x00000007ade00000, 0x00000007ae000000|  0%| F|  |TAMS 0x00000007ade00000, 0x00000007ade00000| Untracked 
|1392|0x00000007ae000000, 0x00000007ae000000, 0x00000007ae200000|  0%| F|  |TAMS 0x00000007ae000000, 0x00000007ae000000| Untracked 
|1393|0x00000007ae200000, 0x00000007ae200000, 0x00000007ae400000|  0%| F|  |TAMS 0x00000007ae200000, 0x00000007ae200000| Untracked 
|1394|0x00000007ae400000, 0x00000007ae400000, 0x00000007ae600000|  0%| F|  |TAMS 0x00000007ae400000, 0x00000007ae400000| Untracked 
|1395|0x00000007ae600000, 0x00000007ae600000, 0x00000007ae800000|  0%| F|  |TAMS 0x00000007ae600000, 0x00000007ae600000| Untracked 
|1396|0x00000007ae800000, 0x00000007ae800000, 0x00000007aea00000|  0%| F|  |TAMS 0x00000007ae800000, 0x00000007ae800000| Untracked 
|1397|0x00000007aea00000, 0x00000007aea00000, 0x00000007aec00000|  0%| F|  |TAMS 0x00000007aea00000, 0x00000007aea00000| Untracked 
|1398|0x00000007aec00000, 0x00000007aec00000, 0x00000007aee00000|  0%| F|  |TAMS 0x00000007aec00000, 0x00000007aec00000| Untracked 
|1399|0x00000007aee00000, 0x00000007aee00000, 0x00000007af000000|  0%| F|  |TAMS 0x00000007aee00000, 0x00000007aee00000| Untracked 
|1400|0x00000007af000000, 0x00000007af000000, 0x00000007af200000|  0%| F|  |TAMS 0x00000007af000000, 0x00000007af000000| Untracked 
|1401|0x00000007af200000, 0x00000007af200000, 0x00000007af400000|  0%| F|  |TAMS 0x00000007af200000, 0x00000007af200000| Untracked 
|1402|0x00000007af400000, 0x00000007af400000, 0x00000007af600000|  0%| F|  |TAMS 0x00000007af400000, 0x00000007af400000| Untracked 
|1403|0x00000007af600000, 0x00000007af600000, 0x00000007af800000|  0%| F|  |TAMS 0x00000007af600000, 0x00000007af600000| Untracked 
|1404|0x00000007af800000, 0x00000007af800000, 0x00000007afa00000|  0%| F|  |TAMS 0x00000007af800000, 0x00000007af800000| Untracked 
|1405|0x00000007afa00000, 0x00000007afa00000, 0x00000007afc00000|  0%| F|  |TAMS 0x00000007afa00000, 0x00000007afa00000| Untracked 
|1406|0x00000007afc00000, 0x00000007afc00000, 0x00000007afe00000|  0%| F|  |TAMS 0x00000007afc00000, 0x00000007afc00000| Untracked 
|1407|0x00000007afe00000, 0x00000007afe00000, 0x00000007b0000000|  0%| F|  |TAMS 0x00000007afe00000, 0x00000007afe00000| Untracked 
|1408|0x00000007b0000000, 0x00000007b0000000, 0x00000007b0200000|  0%| F|  |TAMS 0x00000007b0000000, 0x00000007b0000000| Untracked 
|1409|0x00000007b0200000, 0x00000007b0200000, 0x00000007b0400000|  0%| F|  |TAMS 0x00000007b0200000, 0x00000007b0200000| Untracked 
|1410|0x00000007b0400000, 0x00000007b0400000, 0x00000007b0600000|  0%| F|  |TAMS 0x00000007b0400000, 0x00000007b0400000| Untracked 
|1411|0x00000007b0600000, 0x00000007b0600000, 0x00000007b0800000|  0%| F|  |TAMS 0x00000007b0600000, 0x00000007b0600000| Untracked 
|1412|0x00000007b0800000, 0x00000007b0800000, 0x00000007b0a00000|  0%| F|  |TAMS 0x00000007b0800000, 0x00000007b0800000| Untracked 
|1413|0x00000007b0a00000, 0x00000007b0a00000, 0x00000007b0c00000|  0%| F|  |TAMS 0x00000007b0a00000, 0x00000007b0a00000| Untracked 
|1414|0x00000007b0c00000, 0x00000007b0c00000, 0x00000007b0e00000|  0%| F|  |TAMS 0x00000007b0c00000, 0x00000007b0c00000| Untracked 
|1415|0x00000007b0e00000, 0x00000007b0e00000, 0x00000007b1000000|  0%| F|  |TAMS 0x00000007b0e00000, 0x00000007b0e00000| Untracked 
|1416|0x00000007b1000000, 0x00000007b1000000, 0x00000007b1200000|  0%| F|  |TAMS 0x00000007b1000000, 0x00000007b1000000| Untracked 
|1417|0x00000007b1200000, 0x00000007b1200000, 0x00000007b1400000|  0%| F|  |TAMS 0x00000007b1200000, 0x00000007b1200000| Untracked 
|1418|0x00000007b1400000, 0x00000007b1400000, 0x00000007b1600000|  0%| F|  |TAMS 0x00000007b1400000, 0x00000007b1400000| Untracked 
|1419|0x00000007b1600000, 0x00000007b1600000, 0x00000007b1800000|  0%| F|  |TAMS 0x00000007b1600000, 0x00000007b1600000| Untracked 
|1420|0x00000007b1800000, 0x00000007b1800000, 0x00000007b1a00000|  0%| F|  |TAMS 0x00000007b1800000, 0x00000007b1800000| Untracked 
|1421|0x00000007b1a00000, 0x00000007b1a00000, 0x00000007b1c00000|  0%| F|  |TAMS 0x00000007b1a00000, 0x00000007b1a00000| Untracked 
|1422|0x00000007b1c00000, 0x00000007b1c00000, 0x00000007b1e00000|  0%| F|  |TAMS 0x00000007b1c00000, 0x00000007b1c00000| Untracked 
|1423|0x00000007b1e00000, 0x00000007b1e00000, 0x00000007b2000000|  0%| F|  |TAMS 0x00000007b1e00000, 0x00000007b1e00000| Untracked 
|1424|0x00000007b2000000, 0x00000007b2000000, 0x00000007b2200000|  0%| F|  |TAMS 0x00000007b2000000, 0x00000007b2000000| Untracked 
|1425|0x00000007b2200000, 0x00000007b2200000, 0x00000007b2400000|  0%| F|  |TAMS 0x00000007b2200000, 0x00000007b2200000| Untracked 
|1426|0x00000007b2400000, 0x00000007b2400000, 0x00000007b2600000|  0%| F|  |TAMS 0x00000007b2400000, 0x00000007b2400000| Untracked 
|1427|0x00000007b2600000, 0x00000007b2600000, 0x00000007b2800000|  0%| F|  |TAMS 0x00000007b2600000, 0x00000007b2600000| Untracked 
|1428|0x00000007b2800000, 0x00000007b2800000, 0x00000007b2a00000|  0%| F|  |TAMS 0x00000007b2800000, 0x00000007b2800000| Untracked 
|1429|0x00000007b2a00000, 0x00000007b2a00000, 0x00000007b2c00000|  0%| F|  |TAMS 0x00000007b2a00000, 0x00000007b2a00000| Untracked 
|1430|0x00000007b2c00000, 0x00000007b2c00000, 0x00000007b2e00000|  0%| F|  |TAMS 0x00000007b2c00000, 0x00000007b2c00000| Untracked 
|1431|0x00000007b2e00000, 0x00000007b2e00000, 0x00000007b3000000|  0%| F|  |TAMS 0x00000007b2e00000, 0x00000007b2e00000| Untracked 
|1432|0x00000007b3000000, 0x00000007b3000000, 0x00000007b3200000|  0%| F|  |TAMS 0x00000007b3000000, 0x00000007b3000000| Untracked 
|1433|0x00000007b3200000, 0x00000007b3200000, 0x00000007b3400000|  0%| F|  |TAMS 0x00000007b3200000, 0x00000007b3200000| Untracked 
|1434|0x00000007b3400000, 0x00000007b3400000, 0x00000007b3600000|  0%| F|  |TAMS 0x00000007b3400000, 0x00000007b3400000| Untracked 
|1435|0x00000007b3600000, 0x00000007b3600000, 0x00000007b3800000|  0%| F|  |TAMS 0x00000007b3600000, 0x00000007b3600000| Untracked 
|1436|0x00000007b3800000, 0x00000007b3800000, 0x00000007b3a00000|  0%| F|  |TAMS 0x00000007b3800000, 0x00000007b3800000| Untracked 
|1437|0x00000007b3a00000, 0x00000007b3a00000, 0x00000007b3c00000|  0%| F|  |TAMS 0x00000007b3a00000, 0x00000007b3a00000| Untracked 
|1438|0x00000007b3c00000, 0x00000007b3c00000, 0x00000007b3e00000|  0%| F|  |TAMS 0x00000007b3c00000, 0x00000007b3c00000| Untracked 
|1439|0x00000007b3e00000, 0x00000007b3e00000, 0x00000007b4000000|  0%| F|  |TAMS 0x00000007b3e00000, 0x00000007b3e00000| Untracked 
|1440|0x00000007b4000000, 0x00000007b4000000, 0x00000007b4200000|  0%| F|  |TAMS 0x00000007b4000000, 0x00000007b4000000| Untracked 
|1441|0x00000007b4200000, 0x00000007b4200000, 0x00000007b4400000|  0%| F|  |TAMS 0x00000007b4200000, 0x00000007b4200000| Untracked 
|1442|0x00000007b4400000, 0x00000007b4400000, 0x00000007b4600000|  0%| F|  |TAMS 0x00000007b4400000, 0x00000007b4400000| Untracked 
|1443|0x00000007b4600000, 0x00000007b4600000, 0x00000007b4800000|  0%| F|  |TAMS 0x00000007b4600000, 0x00000007b4600000| Untracked 
|1444|0x00000007b4800000, 0x00000007b4800000, 0x00000007b4a00000|  0%| F|  |TAMS 0x00000007b4800000, 0x00000007b4800000| Untracked 
|1445|0x00000007b4a00000, 0x00000007b4a00000, 0x00000007b4c00000|  0%| F|  |TAMS 0x00000007b4a00000, 0x00000007b4a00000| Untracked 
|1446|0x00000007b4c00000, 0x00000007b4c00000, 0x00000007b4e00000|  0%| F|  |TAMS 0x00000007b4c00000, 0x00000007b4c00000| Untracked 
|1447|0x00000007b4e00000, 0x00000007b4e00000, 0x00000007b5000000|  0%| F|  |TAMS 0x00000007b4e00000, 0x00000007b4e00000| Untracked 
|1448|0x00000007b5000000, 0x00000007b5000000, 0x00000007b5200000|  0%| F|  |TAMS 0x00000007b5000000, 0x00000007b5000000| Untracked 
|1449|0x00000007b5200000, 0x00000007b5200000, 0x00000007b5400000|  0%| F|  |TAMS 0x00000007b5200000, 0x00000007b5200000| Untracked 
|1450|0x00000007b5400000, 0x00000007b5400000, 0x00000007b5600000|  0%| F|  |TAMS 0x00000007b5400000, 0x00000007b5400000| Untracked 
|1451|0x00000007b5600000, 0x00000007b5600000, 0x00000007b5800000|  0%| F|  |TAMS 0x00000007b5600000, 0x00000007b5600000| Untracked 
|1452|0x00000007b5800000, 0x00000007b5800000, 0x00000007b5a00000|  0%| F|  |TAMS 0x00000007b5800000, 0x00000007b5800000| Untracked 
|1453|0x00000007b5a00000, 0x00000007b5a00000, 0x00000007b5c00000|  0%| F|  |TAMS 0x00000007b5a00000, 0x00000007b5a00000| Untracked 
|1454|0x00000007b5c00000, 0x00000007b5c00000, 0x00000007b5e00000|  0%| F|  |TAMS 0x00000007b5c00000, 0x00000007b5c00000| Untracked 
|1455|0x00000007b5e00000, 0x00000007b5e00000, 0x00000007b6000000|  0%| F|  |TAMS 0x00000007b5e00000, 0x00000007b5e00000| Untracked 
|1456|0x00000007b6000000, 0x00000007b6000000, 0x00000007b6200000|  0%| F|  |TAMS 0x00000007b6000000, 0x00000007b6000000| Untracked 
|1457|0x00000007b6200000, 0x00000007b6200000, 0x00000007b6400000|  0%| F|  |TAMS 0x00000007b6200000, 0x00000007b6200000| Untracked 
|1458|0x00000007b6400000, 0x00000007b6400000, 0x00000007b6600000|  0%| F|  |TAMS 0x00000007b6400000, 0x00000007b6400000| Untracked 
|1459|0x00000007b6600000, 0x00000007b6600000, 0x00000007b6800000|  0%| F|  |TAMS 0x00000007b6600000, 0x00000007b6600000| Untracked 
|1460|0x00000007b6800000, 0x00000007b6800000, 0x00000007b6a00000|  0%| F|  |TAMS 0x00000007b6800000, 0x00000007b6800000| Untracked 
|1461|0x00000007b6a00000, 0x00000007b6a00000, 0x00000007b6c00000|  0%| F|  |TAMS 0x00000007b6a00000, 0x00000007b6a00000| Untracked 
|1462|0x00000007b6c00000, 0x00000007b6c00000, 0x00000007b6e00000|  0%| F|  |TAMS 0x00000007b6c00000, 0x00000007b6c00000| Untracked 
|1463|0x00000007b6e00000, 0x00000007b6e00000, 0x00000007b7000000|  0%| F|  |TAMS 0x00000007b6e00000, 0x00000007b6e00000| Untracked 
|1464|0x00000007b7000000, 0x00000007b7000000, 0x00000007b7200000|  0%| F|  |TAMS 0x00000007b7000000, 0x00000007b7000000| Untracked 
|1465|0x00000007b7200000, 0x00000007b7200000, 0x00000007b7400000|  0%| F|  |TAMS 0x00000007b7200000, 0x00000007b7200000| Untracked 
|1466|0x00000007b7400000, 0x00000007b7400000, 0x00000007b7600000|  0%| F|  |TAMS 0x00000007b7400000, 0x00000007b7400000| Untracked 
|1467|0x00000007b7600000, 0x00000007b7600000, 0x00000007b7800000|  0%| F|  |TAMS 0x00000007b7600000, 0x00000007b7600000| Untracked 
|1468|0x00000007b7800000, 0x00000007b7800000, 0x00000007b7a00000|  0%| F|  |TAMS 0x00000007b7800000, 0x00000007b7800000| Untracked 
|1469|0x00000007b7a00000, 0x00000007b7a00000, 0x00000007b7c00000|  0%| F|  |TAMS 0x00000007b7a00000, 0x00000007b7a00000| Untracked 
|1470|0x00000007b7c00000, 0x00000007b7c00000, 0x00000007b7e00000|  0%| F|  |TAMS 0x00000007b7c00000, 0x00000007b7c00000| Untracked 
|1471|0x00000007b7e00000, 0x00000007b7e00000, 0x00000007b8000000|  0%| F|  |TAMS 0x00000007b7e00000, 0x00000007b7e00000| Untracked 
|1472|0x00000007b8000000, 0x00000007b8000000, 0x00000007b8200000|  0%| F|  |TAMS 0x00000007b8000000, 0x00000007b8000000| Untracked 
|1473|0x00000007b8200000, 0x00000007b8200000, 0x00000007b8400000|  0%| F|  |TAMS 0x00000007b8200000, 0x00000007b8200000| Untracked 
|1474|0x00000007b8400000, 0x00000007b8400000, 0x00000007b8600000|  0%| F|  |TAMS 0x00000007b8400000, 0x00000007b8400000| Untracked 
|1475|0x00000007b8600000, 0x00000007b8600000, 0x00000007b8800000|  0%| F|  |TAMS 0x00000007b8600000, 0x00000007b8600000| Untracked 
|1476|0x00000007b8800000, 0x00000007b8800000, 0x00000007b8a00000|  0%| F|  |TAMS 0x00000007b8800000, 0x00000007b8800000| Untracked 
|1477|0x00000007b8a00000, 0x00000007b8a00000, 0x00000007b8c00000|  0%| F|  |TAMS 0x00000007b8a00000, 0x00000007b8a00000| Untracked 
|1478|0x00000007b8c00000, 0x00000007b8c00000, 0x00000007b8e00000|  0%| F|  |TAMS 0x00000007b8c00000, 0x00000007b8c00000| Untracked 
|1479|0x00000007b8e00000, 0x00000007b8e00000, 0x00000007b9000000|  0%| F|  |TAMS 0x00000007b8e00000, 0x00000007b8e00000| Untracked 
|1480|0x00000007b9000000, 0x00000007b9000000, 0x00000007b9200000|  0%| F|  |TAMS 0x00000007b9000000, 0x00000007b9000000| Untracked 
|1481|0x00000007b9200000, 0x00000007b9200000, 0x00000007b9400000|  0%| F|  |TAMS 0x00000007b9200000, 0x00000007b9200000| Untracked 
|1482|0x00000007b9400000, 0x00000007b9400000, 0x00000007b9600000|  0%| F|  |TAMS 0x00000007b9400000, 0x00000007b9400000| Untracked 
|1483|0x00000007b9600000, 0x00000007b9600000, 0x00000007b9800000|  0%| F|  |TAMS 0x00000007b9600000, 0x00000007b9600000| Untracked 
|1484|0x00000007b9800000, 0x00000007b9800000, 0x00000007b9a00000|  0%| F|  |TAMS 0x00000007b9800000, 0x00000007b9800000| Untracked 
|1485|0x00000007b9a00000, 0x00000007b9a00000, 0x00000007b9c00000|  0%| F|  |TAMS 0x00000007b9a00000, 0x00000007b9a00000| Untracked 
|1486|0x00000007b9c00000, 0x00000007b9c00000, 0x00000007b9e00000|  0%| F|  |TAMS 0x00000007b9c00000, 0x00000007b9c00000| Untracked 
|1487|0x00000007b9e00000, 0x00000007b9e00000, 0x00000007ba000000|  0%| F|  |TAMS 0x00000007b9e00000, 0x00000007b9e00000| Untracked 
|1488|0x00000007ba000000, 0x00000007ba000000, 0x00000007ba200000|  0%| F|  |TAMS 0x00000007ba000000, 0x00000007ba000000| Untracked 
|1489|0x00000007ba200000, 0x00000007ba200000, 0x00000007ba400000|  0%| F|  |TAMS 0x00000007ba200000, 0x00000007ba200000| Untracked 
|1490|0x00000007ba400000, 0x00000007ba400000, 0x00000007ba600000|  0%| F|  |TAMS 0x00000007ba400000, 0x00000007ba400000| Untracked 
|1491|0x00000007ba600000, 0x00000007ba600000, 0x00000007ba800000|  0%| F|  |TAMS 0x00000007ba600000, 0x00000007ba600000| Untracked 
|1492|0x00000007ba800000, 0x00000007ba800000, 0x00000007baa00000|  0%| F|  |TAMS 0x00000007ba800000, 0x00000007ba800000| Untracked 
|1493|0x00000007baa00000, 0x00000007baa00000, 0x00000007bac00000|  0%| F|  |TAMS 0x00000007baa00000, 0x00000007baa00000| Untracked 
|1494|0x00000007bac00000, 0x00000007bac00000, 0x00000007bae00000|  0%| F|  |TAMS 0x00000007bac00000, 0x00000007bac00000| Untracked 
|1495|0x00000007bae00000, 0x00000007bae00000, 0x00000007bb000000|  0%| F|  |TAMS 0x00000007bae00000, 0x00000007bae00000| Untracked 
|1496|0x00000007bb000000, 0x00000007bb000000, 0x00000007bb200000|  0%| F|  |TAMS 0x00000007bb000000, 0x00000007bb000000| Untracked 
|1497|0x00000007bb200000, 0x00000007bb200000, 0x00000007bb400000|  0%| F|  |TAMS 0x00000007bb200000, 0x00000007bb200000| Untracked 
|1498|0x00000007bb400000, 0x00000007bb400000, 0x00000007bb600000|  0%| F|  |TAMS 0x00000007bb400000, 0x00000007bb400000| Untracked 
|1499|0x00000007bb600000, 0x00000007bb600000, 0x00000007bb800000|  0%| F|  |TAMS 0x00000007bb600000, 0x00000007bb600000| Untracked 
|1500|0x00000007bb800000, 0x00000007bb800000, 0x00000007bba00000|  0%| F|  |TAMS 0x00000007bb800000, 0x00000007bb800000| Untracked 
|1501|0x00000007bba00000, 0x00000007bba00000, 0x00000007bbc00000|  0%| F|  |TAMS 0x00000007bba00000, 0x00000007bba00000| Untracked 
|1502|0x00000007bbc00000, 0x00000007bbc00000, 0x00000007bbe00000|  0%| F|  |TAMS 0x00000007bbc00000, 0x00000007bbc00000| Untracked 
|1503|0x00000007bbe00000, 0x00000007bbe00000, 0x00000007bc000000|  0%| F|  |TAMS 0x00000007bbe00000, 0x00000007bbe00000| Untracked 
|1504|0x00000007bc000000, 0x00000007bc000000, 0x00000007bc200000|  0%| F|  |TAMS 0x00000007bc000000, 0x00000007bc000000| Untracked 
|1505|0x00000007bc200000, 0x00000007bc200000, 0x00000007bc400000|  0%| F|  |TAMS 0x00000007bc200000, 0x00000007bc200000| Untracked 
|1506|0x00000007bc400000, 0x00000007bc400000, 0x00000007bc600000|  0%| F|  |TAMS 0x00000007bc400000, 0x00000007bc400000| Untracked 
|1507|0x00000007bc600000, 0x00000007bc600000, 0x00000007bc800000|  0%| F|  |TAMS 0x00000007bc600000, 0x00000007bc600000| Untracked 
|1508|0x00000007bc800000, 0x00000007bc800000, 0x00000007bca00000|  0%| F|  |TAMS 0x00000007bc800000, 0x00000007bc800000| Untracked 
|1509|0x00000007bca00000, 0x00000007bca00000, 0x00000007bcc00000|  0%| F|  |TAMS 0x00000007bca00000, 0x00000007bca00000| Untracked 
|1510|0x00000007bcc00000, 0x00000007bcc00000, 0x00000007bce00000|  0%| F|  |TAMS 0x00000007bcc00000, 0x00000007bcc00000| Untracked 
|1511|0x00000007bce00000, 0x00000007bce00000, 0x00000007bd000000|  0%| F|  |TAMS 0x00000007bce00000, 0x00000007bce00000| Untracked 
|1512|0x00000007bd000000, 0x00000007bd000000, 0x00000007bd200000|  0%| F|  |TAMS 0x00000007bd000000, 0x00000007bd000000| Untracked 
|1513|0x00000007bd200000, 0x00000007bd200000, 0x00000007bd400000|  0%| F|  |TAMS 0x00000007bd200000, 0x00000007bd200000| Untracked 
|1514|0x00000007bd400000, 0x00000007bd400000, 0x00000007bd600000|  0%| F|  |TAMS 0x00000007bd400000, 0x00000007bd400000| Untracked 
|1515|0x00000007bd600000, 0x00000007bd600000, 0x00000007bd800000|  0%| F|  |TAMS 0x00000007bd600000, 0x00000007bd600000| Untracked 
|1516|0x00000007bd800000, 0x00000007bd800000, 0x00000007bda00000|  0%| F|  |TAMS 0x00000007bd800000, 0x00000007bd800000| Untracked 
|1517|0x00000007bda00000, 0x00000007bda00000, 0x00000007bdc00000|  0%| F|  |TAMS 0x00000007bda00000, 0x00000007bda00000| Untracked 
|1518|0x00000007bdc00000, 0x00000007bdc00000, 0x00000007bde00000|  0%| F|  |TAMS 0x00000007bdc00000, 0x00000007bdc00000| Untracked 
|1519|0x00000007bde00000, 0x00000007bde00000, 0x00000007be000000|  0%| F|  |TAMS 0x00000007bde00000, 0x00000007bde00000| Untracked 
|1520|0x00000007be000000, 0x00000007be000000, 0x00000007be200000|  0%| F|  |TAMS 0x00000007be000000, 0x00000007be000000| Untracked 
|1521|0x00000007be200000, 0x00000007be200000, 0x00000007be400000|  0%| F|  |TAMS 0x00000007be200000, 0x00000007be200000| Untracked 
|1522|0x00000007be400000, 0x00000007be400000, 0x00000007be600000|  0%| F|  |TAMS 0x00000007be400000, 0x00000007be400000| Untracked 
|1523|0x00000007be600000, 0x00000007be600000, 0x00000007be800000|  0%| F|  |TAMS 0x00000007be600000, 0x00000007be600000| Untracked 
|1524|0x00000007be800000, 0x00000007be800000, 0x00000007bea00000|  0%| F|  |TAMS 0x00000007be800000, 0x00000007be800000| Untracked 
|1525|0x00000007bea00000, 0x00000007bea00000, 0x00000007bec00000|  0%| F|  |TAMS 0x00000007bea00000, 0x00000007bea00000| Untracked 
|1526|0x00000007bec00000, 0x00000007bec00000, 0x00000007bee00000|  0%| F|  |TAMS 0x00000007bec00000, 0x00000007bec00000| Untracked 
|1527|0x00000007bee00000, 0x00000007bee00000, 0x00000007bf000000|  0%| F|  |TAMS 0x00000007bee00000, 0x00000007bee00000| Untracked 
|1528|0x00000007bf000000, 0x00000007bf000000, 0x00000007bf200000|  0%| F|  |TAMS 0x00000007bf000000, 0x00000007bf000000| Untracked 
|1529|0x00000007bf200000, 0x00000007bf200000, 0x00000007bf400000|  0%| F|  |TAMS 0x00000007bf200000, 0x00000007bf200000| Untracked 
|1530|0x00000007bf400000, 0x00000007bf400000, 0x00000007bf600000|  0%| F|  |TAMS 0x00000007bf400000, 0x00000007bf400000| Untracked 
|1531|0x00000007bf600000, 0x00000007bf600000, 0x00000007bf800000|  0%| F|  |TAMS 0x00000007bf600000, 0x00000007bf600000| Untracked 
|1532|0x00000007bf800000, 0x00000007bf800000, 0x00000007bfa00000|  0%| F|  |TAMS 0x00000007bf800000, 0x00000007bf800000| Untracked 
|1533|0x00000007bfa00000, 0x00000007bfa00000, 0x00000007bfc00000|  0%| F|  |TAMS 0x00000007bfa00000, 0x00000007bfa00000| Untracked 
|1534|0x00000007bfc00000, 0x00000007bfc00000, 0x00000007bfe00000|  0%| F|  |TAMS 0x00000007bfc00000, 0x00000007bfc00000| Untracked 
|1535|0x00000007bfe00000, 0x00000007bfe00000, 0x00000007c0000000|  0%| F|  |TAMS 0x00000007bfe00000, 0x00000007bfe00000| Untracked 
|1536|0x00000007c0000000, 0x00000007c0000000, 0x00000007c0200000|  0%| F|  |TAMS 0x00000007c0000000, 0x00000007c0000000| Untracked 
|1537|0x00000007c0200000, 0x00000007c0200000, 0x00000007c0400000|  0%| F|  |TAMS 0x00000007c0200000, 0x00000007c0200000| Untracked 
|1538|0x00000007c0400000, 0x00000007c0400000, 0x00000007c0600000|  0%| F|  |TAMS 0x00000007c0400000, 0x00000007c0400000| Untracked 
|1539|0x00000007c0600000, 0x00000007c0600000, 0x00000007c0800000|  0%| F|  |TAMS 0x00000007c0600000, 0x00000007c0600000| Untracked 
|1540|0x00000007c0800000, 0x00000007c0800000, 0x00000007c0a00000|  0%| F|  |TAMS 0x00000007c0800000, 0x00000007c0800000| Untracked 
|1541|0x00000007c0a00000, 0x00000007c0a00000, 0x00000007c0c00000|  0%| F|  |TAMS 0x00000007c0a00000, 0x00000007c0a00000| Untracked 
|1542|0x00000007c0c00000, 0x00000007c0c00000, 0x00000007c0e00000|  0%| F|  |TAMS 0x00000007c0c00000, 0x00000007c0c00000| Untracked 
|1543|0x00000007c0e00000, 0x00000007c0e00000, 0x00000007c1000000|  0%| F|  |TAMS 0x00000007c0e00000, 0x00000007c0e00000| Untracked 
|1544|0x00000007c1000000, 0x00000007c1000000, 0x00000007c1200000|  0%| F|  |TAMS 0x00000007c1000000, 0x00000007c1000000| Untracked 
|1545|0x00000007c1200000, 0x00000007c1200000, 0x00000007c1400000|  0%| F|  |TAMS 0x00000007c1200000, 0x00000007c1200000| Untracked 
|1546|0x00000007c1400000, 0x00000007c1400000, 0x00000007c1600000|  0%| F|  |TAMS 0x00000007c1400000, 0x00000007c1400000| Untracked 
|1547|0x00000007c1600000, 0x00000007c1600000, 0x00000007c1800000|  0%| F|  |TAMS 0x00000007c1600000, 0x00000007c1600000| Untracked 
|1548|0x00000007c1800000, 0x00000007c1800000, 0x00000007c1a00000|  0%| F|  |TAMS 0x00000007c1800000, 0x00000007c1800000| Untracked 
|1549|0x00000007c1a00000, 0x00000007c1a00000, 0x00000007c1c00000|  0%| F|  |TAMS 0x00000007c1a00000, 0x00000007c1a00000| Untracked 
|1550|0x00000007c1c00000, 0x00000007c1c00000, 0x00000007c1e00000|  0%| F|  |TAMS 0x00000007c1c00000, 0x00000007c1c00000| Untracked 
|1551|0x00000007c1e00000, 0x00000007c1e00000, 0x00000007c2000000|  0%| F|  |TAMS 0x00000007c1e00000, 0x00000007c1e00000| Untracked 
|1552|0x00000007c2000000, 0x00000007c2000000, 0x00000007c2200000|  0%| F|  |TAMS 0x00000007c2000000, 0x00000007c2000000| Untracked 
|1553|0x00000007c2200000, 0x00000007c2200000, 0x00000007c2400000|  0%| F|  |TAMS 0x00000007c2200000, 0x00000007c2200000| Untracked 
|1554|0x00000007c2400000, 0x00000007c2400000, 0x00000007c2600000|  0%| F|  |TAMS 0x00000007c2400000, 0x00000007c2400000| Untracked 
|1555|0x00000007c2600000, 0x00000007c2600000, 0x00000007c2800000|  0%| F|  |TAMS 0x00000007c2600000, 0x00000007c2600000| Untracked 
|1556|0x00000007c2800000, 0x00000007c2800000, 0x00000007c2a00000|  0%| F|  |TAMS 0x00000007c2800000, 0x00000007c2800000| Untracked 
|1557|0x00000007c2a00000, 0x00000007c2a00000, 0x00000007c2c00000|  0%| F|  |TAMS 0x00000007c2a00000, 0x00000007c2a00000| Untracked 
|1558|0x00000007c2c00000, 0x00000007c2c00000, 0x00000007c2e00000|  0%| F|  |TAMS 0x00000007c2c00000, 0x00000007c2c00000| Untracked 
|1559|0x00000007c2e00000, 0x00000007c2e00000, 0x00000007c3000000|  0%| F|  |TAMS 0x00000007c2e00000, 0x00000007c2e00000| Untracked 
|1560|0x00000007c3000000, 0x00000007c3000000, 0x00000007c3200000|  0%| F|  |TAMS 0x00000007c3000000, 0x00000007c3000000| Untracked 
|1561|0x00000007c3200000, 0x00000007c3200000, 0x00000007c3400000|  0%| F|  |TAMS 0x00000007c3200000, 0x00000007c3200000| Untracked 
|1562|0x00000007c3400000, 0x00000007c3400000, 0x00000007c3600000|  0%| F|  |TAMS 0x00000007c3400000, 0x00000007c3400000| Untracked 
|1563|0x00000007c3600000, 0x00000007c3600000, 0x00000007c3800000|  0%| F|  |TAMS 0x00000007c3600000, 0x00000007c3600000| Untracked 
|1564|0x00000007c3800000, 0x00000007c3800000, 0x00000007c3a00000|  0%| F|  |TAMS 0x00000007c3800000, 0x00000007c3800000| Untracked 
|1565|0x00000007c3a00000, 0x00000007c3a00000, 0x00000007c3c00000|  0%| F|  |TAMS 0x00000007c3a00000, 0x00000007c3a00000| Untracked 
|1566|0x00000007c3c00000, 0x00000007c3c00000, 0x00000007c3e00000|  0%| F|  |TAMS 0x00000007c3c00000, 0x00000007c3c00000| Untracked 
|1567|0x00000007c3e00000, 0x00000007c3e00000, 0x00000007c4000000|  0%| F|  |TAMS 0x00000007c3e00000, 0x00000007c3e00000| Untracked 
|1568|0x00000007c4000000, 0x00000007c4000000, 0x00000007c4200000|  0%| F|  |TAMS 0x00000007c4000000, 0x00000007c4000000| Untracked 
|1569|0x00000007c4200000, 0x00000007c4200000, 0x00000007c4400000|  0%| F|  |TAMS 0x00000007c4200000, 0x00000007c4200000| Untracked 
|1570|0x00000007c4400000, 0x00000007c4400000, 0x00000007c4600000|  0%| F|  |TAMS 0x00000007c4400000, 0x00000007c4400000| Untracked 
|1571|0x00000007c4600000, 0x00000007c4600000, 0x00000007c4800000|  0%| F|  |TAMS 0x00000007c4600000, 0x00000007c4600000| Untracked 
|1572|0x00000007c4800000, 0x00000007c4800000, 0x00000007c4a00000|  0%| F|  |TAMS 0x00000007c4800000, 0x00000007c4800000| Untracked 
|1573|0x00000007c4a00000, 0x00000007c4a00000, 0x00000007c4c00000|  0%| F|  |TAMS 0x00000007c4a00000, 0x00000007c4a00000| Untracked 
|1574|0x00000007c4c00000, 0x00000007c4c00000, 0x00000007c4e00000|  0%| F|  |TAMS 0x00000007c4c00000, 0x00000007c4c00000| Untracked 
|1575|0x00000007c4e00000, 0x00000007c4e00000, 0x00000007c5000000|  0%| F|  |TAMS 0x00000007c4e00000, 0x00000007c4e00000| Untracked 
|1576|0x00000007c5000000, 0x00000007c5000000, 0x00000007c5200000|  0%| F|  |TAMS 0x00000007c5000000, 0x00000007c5000000| Untracked 
|1577|0x00000007c5200000, 0x00000007c5200000, 0x00000007c5400000|  0%| F|  |TAMS 0x00000007c5200000, 0x00000007c5200000| Untracked 
|1578|0x00000007c5400000, 0x00000007c5400000, 0x00000007c5600000|  0%| F|  |TAMS 0x00000007c5400000, 0x00000007c5400000| Untracked 
|1579|0x00000007c5600000, 0x00000007c5600000, 0x00000007c5800000|  0%| F|  |TAMS 0x00000007c5600000, 0x00000007c5600000| Untracked 
|1580|0x00000007c5800000, 0x00000007c5800000, 0x00000007c5a00000|  0%| F|  |TAMS 0x00000007c5800000, 0x00000007c5800000| Untracked 
|1581|0x00000007c5a00000, 0x00000007c5a00000, 0x00000007c5c00000|  0%| F|  |TAMS 0x00000007c5a00000, 0x00000007c5a00000| Untracked 
|1582|0x00000007c5c00000, 0x00000007c5c00000, 0x00000007c5e00000|  0%| F|  |TAMS 0x00000007c5c00000, 0x00000007c5c00000| Untracked 
|1583|0x00000007c5e00000, 0x00000007c5e00000, 0x00000007c6000000|  0%| F|  |TAMS 0x00000007c5e00000, 0x00000007c5e00000| Untracked 
|1584|0x00000007c6000000, 0x00000007c6000000, 0x00000007c6200000|  0%| F|  |TAMS 0x00000007c6000000, 0x00000007c6000000| Untracked 
|1585|0x00000007c6200000, 0x00000007c6200000, 0x00000007c6400000|  0%| F|  |TAMS 0x00000007c6200000, 0x00000007c6200000| Untracked 
|1586|0x00000007c6400000, 0x00000007c6400000, 0x00000007c6600000|  0%| F|  |TAMS 0x00000007c6400000, 0x00000007c6400000| Untracked 
|1587|0x00000007c6600000, 0x00000007c6600000, 0x00000007c6800000|  0%| F|  |TAMS 0x00000007c6600000, 0x00000007c6600000| Untracked 
|1588|0x00000007c6800000, 0x00000007c6800000, 0x00000007c6a00000|  0%| F|  |TAMS 0x00000007c6800000, 0x00000007c6800000| Untracked 
|1589|0x00000007c6a00000, 0x00000007c6a00000, 0x00000007c6c00000|  0%| F|  |TAMS 0x00000007c6a00000, 0x00000007c6a00000| Untracked 
|1590|0x00000007c6c00000, 0x00000007c6c00000, 0x00000007c6e00000|  0%| F|  |TAMS 0x00000007c6c00000, 0x00000007c6c00000| Untracked 
|1591|0x00000007c6e00000, 0x00000007c6e00000, 0x00000007c7000000|  0%| F|  |TAMS 0x00000007c6e00000, 0x00000007c6e00000| Untracked 
|1592|0x00000007c7000000, 0x00000007c7000000, 0x00000007c7200000|  0%| F|  |TAMS 0x00000007c7000000, 0x00000007c7000000| Untracked 
|1593|0x00000007c7200000, 0x00000007c7200000, 0x00000007c7400000|  0%| F|  |TAMS 0x00000007c7200000, 0x00000007c7200000| Untracked 
|1594|0x00000007c7400000, 0x00000007c7400000, 0x00000007c7600000|  0%| F|  |TAMS 0x00000007c7400000, 0x00000007c7400000| Untracked 
|1595|0x00000007c7600000, 0x00000007c7600000, 0x00000007c7800000|  0%| F|  |TAMS 0x00000007c7600000, 0x00000007c7600000| Untracked 
|1596|0x00000007c7800000, 0x00000007c7800000, 0x00000007c7a00000|  0%| F|  |TAMS 0x00000007c7800000, 0x00000007c7800000| Untracked 
|1597|0x00000007c7a00000, 0x00000007c7a00000, 0x00000007c7c00000|  0%| F|  |TAMS 0x00000007c7a00000, 0x00000007c7a00000| Untracked 
|1598|0x00000007c7c00000, 0x00000007c7c00000, 0x00000007c7e00000|  0%| F|  |TAMS 0x00000007c7c00000, 0x00000007c7c00000| Untracked 
|1599|0x00000007c7e00000, 0x00000007c7e00000, 0x00000007c8000000|  0%| F|  |TAMS 0x00000007c7e00000, 0x00000007c7e00000| Untracked 
|1600|0x00000007c8000000, 0x00000007c8000000, 0x00000007c8200000|  0%| F|  |TAMS 0x00000007c8000000, 0x00000007c8000000| Untracked 
|1601|0x00000007c8200000, 0x00000007c8200000, 0x00000007c8400000|  0%| F|  |TAMS 0x00000007c8200000, 0x00000007c8200000| Untracked 
|1602|0x00000007c8400000, 0x00000007c8400000, 0x00000007c8600000|  0%| F|  |TAMS 0x00000007c8400000, 0x00000007c8400000| Untracked 
|1603|0x00000007c8600000, 0x00000007c8600000, 0x00000007c8800000|  0%| F|  |TAMS 0x00000007c8600000, 0x00000007c8600000| Untracked 
|1604|0x00000007c8800000, 0x00000007c8800000, 0x00000007c8a00000|  0%| F|  |TAMS 0x00000007c8800000, 0x00000007c8800000| Untracked 
|1605|0x00000007c8a00000, 0x00000007c8a00000, 0x00000007c8c00000|  0%| F|  |TAMS 0x00000007c8a00000, 0x00000007c8a00000| Untracked 
|1606|0x00000007c8c00000, 0x00000007c8c00000, 0x00000007c8e00000|  0%| F|  |TAMS 0x00000007c8c00000, 0x00000007c8c00000| Untracked 
|1607|0x00000007c8e00000, 0x00000007c8e00000, 0x00000007c9000000|  0%| F|  |TAMS 0x00000007c8e00000, 0x00000007c8e00000| Untracked 
|1608|0x00000007c9000000, 0x00000007c9000000, 0x00000007c9200000|  0%| F|  |TAMS 0x00000007c9000000, 0x00000007c9000000| Untracked 
|1609|0x00000007c9200000, 0x00000007c9200000, 0x00000007c9400000|  0%| F|  |TAMS 0x00000007c9200000, 0x00000007c9200000| Untracked 
|1610|0x00000007c9400000, 0x00000007c9400000, 0x00000007c9600000|  0%| F|  |TAMS 0x00000007c9400000, 0x00000007c9400000| Untracked 
|1611|0x00000007c9600000, 0x00000007c9600000, 0x00000007c9800000|  0%| F|  |TAMS 0x00000007c9600000, 0x00000007c9600000| Untracked 
|1612|0x00000007c9800000, 0x00000007c9800000, 0x00000007c9a00000|  0%| F|  |TAMS 0x00000007c9800000, 0x00000007c9800000| Untracked 
|1613|0x00000007c9a00000, 0x00000007c9a00000, 0x00000007c9c00000|  0%| F|  |TAMS 0x00000007c9a00000, 0x00000007c9a00000| Untracked 
|1614|0x00000007c9c00000, 0x00000007c9c00000, 0x00000007c9e00000|  0%| F|  |TAMS 0x00000007c9c00000, 0x00000007c9c00000| Untracked 
|1615|0x00000007c9e00000, 0x00000007c9e00000, 0x00000007ca000000|  0%| F|  |TAMS 0x00000007c9e00000, 0x00000007c9e00000| Untracked 
|1616|0x00000007ca000000, 0x00000007ca000000, 0x00000007ca200000|  0%| F|  |TAMS 0x00000007ca000000, 0x00000007ca000000| Untracked 
|1617|0x00000007ca200000, 0x00000007ca200000, 0x00000007ca400000|  0%| F|  |TAMS 0x00000007ca200000, 0x00000007ca200000| Untracked 
|1618|0x00000007ca400000, 0x00000007ca400000, 0x00000007ca600000|  0%| F|  |TAMS 0x00000007ca400000, 0x00000007ca400000| Untracked 
|1619|0x00000007ca600000, 0x00000007ca600000, 0x00000007ca800000|  0%| F|  |TAMS 0x00000007ca600000, 0x00000007ca600000| Untracked 
|1620|0x00000007ca800000, 0x00000007ca800000, 0x00000007caa00000|  0%| F|  |TAMS 0x00000007ca800000, 0x00000007ca800000| Untracked 
|1621|0x00000007caa00000, 0x00000007caa00000, 0x00000007cac00000|  0%| F|  |TAMS 0x00000007caa00000, 0x00000007caa00000| Untracked 
|1622|0x00000007cac00000, 0x00000007cac00000, 0x00000007cae00000|  0%| F|  |TAMS 0x00000007cac00000, 0x00000007cac00000| Untracked 
|1623|0x00000007cae00000, 0x00000007cae00000, 0x00000007cb000000|  0%| F|  |TAMS 0x00000007cae00000, 0x00000007cae00000| Untracked 
|1624|0x00000007cb000000, 0x00000007cb000000, 0x00000007cb200000|  0%| F|  |TAMS 0x00000007cb000000, 0x00000007cb000000| Untracked 
|1625|0x00000007cb200000, 0x00000007cb200000, 0x00000007cb400000|  0%| F|  |TAMS 0x00000007cb200000, 0x00000007cb200000| Untracked 
|1626|0x00000007cb400000, 0x00000007cb400000, 0x00000007cb600000|  0%| F|  |TAMS 0x00000007cb400000, 0x00000007cb400000| Untracked 
|1627|0x00000007cb600000, 0x00000007cb600000, 0x00000007cb800000|  0%| F|  |TAMS 0x00000007cb600000, 0x00000007cb600000| Untracked 
|1628|0x00000007cb800000, 0x00000007cb800000, 0x00000007cba00000|  0%| F|  |TAMS 0x00000007cb800000, 0x00000007cb800000| Untracked 
|1629|0x00000007cba00000, 0x00000007cba00000, 0x00000007cbc00000|  0%| F|  |TAMS 0x00000007cba00000, 0x00000007cba00000| Untracked 
|1630|0x00000007cbc00000, 0x00000007cbc00000, 0x00000007cbe00000|  0%| F|  |TAMS 0x00000007cbc00000, 0x00000007cbc00000| Untracked 
|1631|0x00000007cbe00000, 0x00000007cbe00000, 0x00000007cc000000|  0%| F|  |TAMS 0x00000007cbe00000, 0x00000007cbe00000| Untracked 
|1632|0x00000007cc000000, 0x00000007cc000000, 0x00000007cc200000|  0%| F|  |TAMS 0x00000007cc000000, 0x00000007cc000000| Untracked 
|1633|0x00000007cc200000, 0x00000007cc200000, 0x00000007cc400000|  0%| F|  |TAMS 0x00000007cc200000, 0x00000007cc200000| Untracked 
|1634|0x00000007cc400000, 0x00000007cc400000, 0x00000007cc600000|  0%| F|  |TAMS 0x00000007cc400000, 0x00000007cc400000| Untracked 
|1635|0x00000007cc600000, 0x00000007cc600000, 0x00000007cc800000|  0%| F|  |TAMS 0x00000007cc600000, 0x00000007cc600000| Untracked 
|1636|0x00000007cc800000, 0x00000007cc800000, 0x00000007cca00000|  0%| F|  |TAMS 0x00000007cc800000, 0x00000007cc800000| Untracked 
|1637|0x00000007cca00000, 0x00000007cca00000, 0x00000007ccc00000|  0%| F|  |TAMS 0x00000007cca00000, 0x00000007cca00000| Untracked 
|1638|0x00000007ccc00000, 0x00000007ccc00000, 0x00000007cce00000|  0%| F|  |TAMS 0x00000007ccc00000, 0x00000007ccc00000| Untracked 
|1639|0x00000007cce00000, 0x00000007cce00000, 0x00000007cd000000|  0%| F|  |TAMS 0x00000007cce00000, 0x00000007cce00000| Untracked 
|1640|0x00000007cd000000, 0x00000007cd000000, 0x00000007cd200000|  0%| F|  |TAMS 0x00000007cd000000, 0x00000007cd000000| Untracked 
|1641|0x00000007cd200000, 0x00000007cd200000, 0x00000007cd400000|  0%| F|  |TAMS 0x00000007cd200000, 0x00000007cd200000| Untracked 
|1642|0x00000007cd400000, 0x00000007cd400000, 0x00000007cd600000|  0%| F|  |TAMS 0x00000007cd400000, 0x00000007cd400000| Untracked 
|1643|0x00000007cd600000, 0x00000007cd600000, 0x00000007cd800000|  0%| F|  |TAMS 0x00000007cd600000, 0x00000007cd600000| Untracked 
|1644|0x00000007cd800000, 0x00000007cd800000, 0x00000007cda00000|  0%| F|  |TAMS 0x00000007cd800000, 0x00000007cd800000| Untracked 
|1645|0x00000007cda00000, 0x00000007cda00000, 0x00000007cdc00000|  0%| F|  |TAMS 0x00000007cda00000, 0x00000007cda00000| Untracked 
|1646|0x00000007cdc00000, 0x00000007cdc00000, 0x00000007cde00000|  0%| F|  |TAMS 0x00000007cdc00000, 0x00000007cdc00000| Untracked 
|1647|0x00000007cde00000, 0x00000007cde00000, 0x00000007ce000000|  0%| F|  |TAMS 0x00000007cde00000, 0x00000007cde00000| Untracked 
|1648|0x00000007ce000000, 0x00000007ce000000, 0x00000007ce200000|  0%| F|  |TAMS 0x00000007ce000000, 0x00000007ce000000| Untracked 
|1649|0x00000007ce200000, 0x00000007ce200000, 0x00000007ce400000|  0%| F|  |TAMS 0x00000007ce200000, 0x00000007ce200000| Untracked 
|1650|0x00000007ce400000, 0x00000007ce400000, 0x00000007ce600000|  0%| F|  |TAMS 0x00000007ce400000, 0x00000007ce400000| Untracked 
|1651|0x00000007ce600000, 0x00000007ce600000, 0x00000007ce800000|  0%| F|  |TAMS 0x00000007ce600000, 0x00000007ce600000| Untracked 
|1652|0x00000007ce800000, 0x00000007ce800000, 0x00000007cea00000|  0%| F|  |TAMS 0x00000007ce800000, 0x00000007ce800000| Untracked 
|1653|0x00000007cea00000, 0x00000007cea00000, 0x00000007cec00000|  0%| F|  |TAMS 0x00000007cea00000, 0x00000007cea00000| Untracked 
|1654|0x00000007cec00000, 0x00000007cec00000, 0x00000007cee00000|  0%| F|  |TAMS 0x00000007cec00000, 0x00000007cec00000| Untracked 
|1655|0x00000007cee00000, 0x00000007cee00000, 0x00000007cf000000|  0%| F|  |TAMS 0x00000007cee00000, 0x00000007cee00000| Untracked 
|1656|0x00000007cf000000, 0x00000007cf000000, 0x00000007cf200000|  0%| F|  |TAMS 0x00000007cf000000, 0x00000007cf000000| Untracked 
|1657|0x00000007cf200000, 0x00000007cf200000, 0x00000007cf400000|  0%| F|  |TAMS 0x00000007cf200000, 0x00000007cf200000| Untracked 
|1658|0x00000007cf400000, 0x00000007cf400000, 0x00000007cf600000|  0%| F|  |TAMS 0x00000007cf400000, 0x00000007cf400000| Untracked 
|1659|0x00000007cf600000, 0x00000007cf600000, 0x00000007cf800000|  0%| F|  |TAMS 0x00000007cf600000, 0x00000007cf600000| Untracked 
|1660|0x00000007cf800000, 0x00000007cf800000, 0x00000007cfa00000|  0%| F|  |TAMS 0x00000007cf800000, 0x00000007cf800000| Untracked 
|1661|0x00000007cfa00000, 0x00000007cfa00000, 0x00000007cfc00000|  0%| F|  |TAMS 0x00000007cfa00000, 0x00000007cfa00000| Untracked 
|1662|0x00000007cfc00000, 0x00000007cfc00000, 0x00000007cfe00000|  0%| F|  |TAMS 0x00000007cfc00000, 0x00000007cfc00000| Untracked 
|1663|0x00000007cfe00000, 0x00000007cfe00000, 0x00000007d0000000|  0%| F|  |TAMS 0x00000007cfe00000, 0x00000007cfe00000| Untracked 
|1664|0x00000007d0000000, 0x00000007d0000000, 0x00000007d0200000|  0%| F|  |TAMS 0x00000007d0000000, 0x00000007d0000000| Untracked 
|1665|0x00000007d0200000, 0x00000007d0200000, 0x00000007d0400000|  0%| F|  |TAMS 0x00000007d0200000, 0x00000007d0200000| Untracked 
|1666|0x00000007d0400000, 0x00000007d0400000, 0x00000007d0600000|  0%| F|  |TAMS 0x00000007d0400000, 0x00000007d0400000| Untracked 
|1667|0x00000007d0600000, 0x00000007d0600000, 0x00000007d0800000|  0%| F|  |TAMS 0x00000007d0600000, 0x00000007d0600000| Untracked 
|1668|0x00000007d0800000, 0x00000007d0800000, 0x00000007d0a00000|  0%| F|  |TAMS 0x00000007d0800000, 0x00000007d0800000| Untracked 
|1669|0x00000007d0a00000, 0x00000007d0a00000, 0x00000007d0c00000|  0%| F|  |TAMS 0x00000007d0a00000, 0x00000007d0a00000| Untracked 
|1670|0x00000007d0c00000, 0x00000007d0c00000, 0x00000007d0e00000|  0%| F|  |TAMS 0x00000007d0c00000, 0x00000007d0c00000| Untracked 
|1671|0x00000007d0e00000, 0x00000007d0e00000, 0x00000007d1000000|  0%| F|  |TAMS 0x00000007d0e00000, 0x00000007d0e00000| Untracked 
|1672|0x00000007d1000000, 0x00000007d1000000, 0x00000007d1200000|  0%| F|  |TAMS 0x00000007d1000000, 0x00000007d1000000| Untracked 
|1673|0x00000007d1200000, 0x00000007d1200000, 0x00000007d1400000|  0%| F|  |TAMS 0x00000007d1200000, 0x00000007d1200000| Untracked 
|1674|0x00000007d1400000, 0x00000007d1400000, 0x00000007d1600000|  0%| F|  |TAMS 0x00000007d1400000, 0x00000007d1400000| Untracked 
|1675|0x00000007d1600000, 0x00000007d1600000, 0x00000007d1800000|  0%| F|  |TAMS 0x00000007d1600000, 0x00000007d1600000| Untracked 
|1676|0x00000007d1800000, 0x00000007d1800000, 0x00000007d1a00000|  0%| F|  |TAMS 0x00000007d1800000, 0x00000007d1800000| Untracked 
|1677|0x00000007d1a00000, 0x00000007d1a00000, 0x00000007d1c00000|  0%| F|  |TAMS 0x00000007d1a00000, 0x00000007d1a00000| Untracked 
|1678|0x00000007d1c00000, 0x00000007d1c00000, 0x00000007d1e00000|  0%| F|  |TAMS 0x00000007d1c00000, 0x00000007d1c00000| Untracked 
|1679|0x00000007d1e00000, 0x00000007d1e00000, 0x00000007d2000000|  0%| F|  |TAMS 0x00000007d1e00000, 0x00000007d1e00000| Untracked 
|1680|0x00000007d2000000, 0x00000007d2000000, 0x00000007d2200000|  0%| F|  |TAMS 0x00000007d2000000, 0x00000007d2000000| Untracked 
|1681|0x00000007d2200000, 0x00000007d2200000, 0x00000007d2400000|  0%| F|  |TAMS 0x00000007d2200000, 0x00000007d2200000| Untracked 
|1682|0x00000007d2400000, 0x00000007d2400000, 0x00000007d2600000|  0%| F|  |TAMS 0x00000007d2400000, 0x00000007d2400000| Untracked 
|1683|0x00000007d2600000, 0x00000007d2600000, 0x00000007d2800000|  0%| F|  |TAMS 0x00000007d2600000, 0x00000007d2600000| Untracked 
|1684|0x00000007d2800000, 0x00000007d2800000, 0x00000007d2a00000|  0%| F|  |TAMS 0x00000007d2800000, 0x00000007d2800000| Untracked 
|1685|0x00000007d2a00000, 0x00000007d2a00000, 0x00000007d2c00000|  0%| F|  |TAMS 0x00000007d2a00000, 0x00000007d2a00000| Untracked 
|1686|0x00000007d2c00000, 0x00000007d2c00000, 0x00000007d2e00000|  0%| F|  |TAMS 0x00000007d2c00000, 0x00000007d2c00000| Untracked 
|1687|0x00000007d2e00000, 0x00000007d2e00000, 0x00000007d3000000|  0%| F|  |TAMS 0x00000007d2e00000, 0x00000007d2e00000| Untracked 
|1688|0x00000007d3000000, 0x00000007d3000000, 0x00000007d3200000|  0%| F|  |TAMS 0x00000007d3000000, 0x00000007d3000000| Untracked 
|1689|0x00000007d3200000, 0x00000007d3200000, 0x00000007d3400000|  0%| F|  |TAMS 0x00000007d3200000, 0x00000007d3200000| Untracked 
|1690|0x00000007d3400000, 0x00000007d3400000, 0x00000007d3600000|  0%| F|  |TAMS 0x00000007d3400000, 0x00000007d3400000| Untracked 
|1691|0x00000007d3600000, 0x00000007d3600000, 0x00000007d3800000|  0%| F|  |TAMS 0x00000007d3600000, 0x00000007d3600000| Untracked 
|1692|0x00000007d3800000, 0x00000007d3800000, 0x00000007d3a00000|  0%| F|  |TAMS 0x00000007d3800000, 0x00000007d3800000| Untracked 
|1693|0x00000007d3a00000, 0x00000007d3a00000, 0x00000007d3c00000|  0%| F|  |TAMS 0x00000007d3a00000, 0x00000007d3a00000| Untracked 
|1694|0x00000007d3c00000, 0x00000007d3c00000, 0x00000007d3e00000|  0%| F|  |TAMS 0x00000007d3c00000, 0x00000007d3c00000| Untracked 
|1695|0x00000007d3e00000, 0x00000007d3e00000, 0x00000007d4000000|  0%| F|  |TAMS 0x00000007d3e00000, 0x00000007d3e00000| Untracked 
|1696|0x00000007d4000000, 0x00000007d4000000, 0x00000007d4200000|  0%| F|  |TAMS 0x00000007d4000000, 0x00000007d4000000| Untracked 
|1697|0x00000007d4200000, 0x00000007d4200000, 0x00000007d4400000|  0%| F|  |TAMS 0x00000007d4200000, 0x00000007d4200000| Untracked 
|1698|0x00000007d4400000, 0x00000007d4400000, 0x00000007d4600000|  0%| F|  |TAMS 0x00000007d4400000, 0x00000007d4400000| Untracked 
|1699|0x00000007d4600000, 0x00000007d4600000, 0x00000007d4800000|  0%| F|  |TAMS 0x00000007d4600000, 0x00000007d4600000| Untracked 
|1700|0x00000007d4800000, 0x00000007d4800000, 0x00000007d4a00000|  0%| F|  |TAMS 0x00000007d4800000, 0x00000007d4800000| Untracked 
|1701|0x00000007d4a00000, 0x00000007d4a00000, 0x00000007d4c00000|  0%| F|  |TAMS 0x00000007d4a00000, 0x00000007d4a00000| Untracked 
|1702|0x00000007d4c00000, 0x00000007d4c00000, 0x00000007d4e00000|  0%| F|  |TAMS 0x00000007d4c00000, 0x00000007d4c00000| Untracked 
|1703|0x00000007d4e00000, 0x00000007d4eee560, 0x00000007d5000000| 46%| S|CS|TAMS 0x00000007d4e00000, 0x00000007d4e00000| Complete 
|1704|0x00000007d5000000, 0x00000007d5200000, 0x00000007d5200000|100%| S|CS|TAMS 0x00000007d5000000, 0x00000007d5000000| Complete 
|1705|0x00000007d5200000, 0x00000007d5400000, 0x00000007d5400000|100%| S|CS|TAMS 0x00000007d5200000, 0x00000007d5200000| Complete 
|1706|0x00000007d5400000, 0x00000007d5600000, 0x00000007d5600000|100%| S|CS|TAMS 0x00000007d5400000, 0x00000007d5400000| Complete 
|1707|0x00000007d5600000, 0x00000007d5800000, 0x00000007d5800000|100%| S|CS|TAMS 0x00000007d5600000, 0x00000007d5600000| Complete 
|1708|0x00000007d5800000, 0x00000007d5a00000, 0x00000007d5a00000|100%| S|CS|TAMS 0x00000007d5800000, 0x00000007d5800000| Complete 
|1709|0x00000007d5a00000, 0x00000007d5a00000, 0x00000007d5c00000|  0%| F|  |TAMS 0x00000007d5a00000, 0x00000007d5a00000| Untracked 
|1710|0x00000007d5c00000, 0x00000007d5c00000, 0x00000007d5e00000|  0%| F|  |TAMS 0x00000007d5c00000, 0x00000007d5c00000| Untracked 
|1711|0x00000007d5e00000, 0x00000007d5e00000, 0x00000007d6000000|  0%| F|  |TAMS 0x00000007d5e00000, 0x00000007d5e00000| Untracked 
|1712|0x00000007d6000000, 0x00000007d6000000, 0x00000007d6200000|  0%| F|  |TAMS 0x00000007d6000000, 0x00000007d6000000| Untracked 
|1713|0x00000007d6200000, 0x00000007d6200000, 0x00000007d6400000|  0%| F|  |TAMS 0x00000007d6200000, 0x00000007d6200000| Untracked 
|1714|0x00000007d6400000, 0x00000007d6400000, 0x00000007d6600000|  0%| F|  |TAMS 0x00000007d6400000, 0x00000007d6400000| Untracked 
|1715|0x00000007d6600000, 0x00000007d6600000, 0x00000007d6800000|  0%| F|  |TAMS 0x00000007d6600000, 0x00000007d6600000| Untracked 
|1716|0x00000007d6800000, 0x00000007d6800000, 0x00000007d6a00000|  0%| F|  |TAMS 0x00000007d6800000, 0x00000007d6800000| Untracked 
|1717|0x00000007d6a00000, 0x00000007d6a00000, 0x00000007d6c00000|  0%| F|  |TAMS 0x00000007d6a00000, 0x00000007d6a00000| Untracked 
|1718|0x00000007d6c00000, 0x00000007d6c00000, 0x00000007d6e00000|  0%| F|  |TAMS 0x00000007d6c00000, 0x00000007d6c00000| Untracked 
|1719|0x00000007d6e00000, 0x00000007d6e00000, 0x00000007d7000000|  0%| F|  |TAMS 0x00000007d6e00000, 0x00000007d6e00000| Untracked 
|1720|0x00000007d7000000, 0x00000007d7000000, 0x00000007d7200000|  0%| F|  |TAMS 0x00000007d7000000, 0x00000007d7000000| Untracked 
|1721|0x00000007d7200000, 0x00000007d7200000, 0x00000007d7400000|  0%| F|  |TAMS 0x00000007d7200000, 0x00000007d7200000| Untracked 
|1722|0x00000007d7400000, 0x00000007d7400000, 0x00000007d7600000|  0%| F|  |TAMS 0x00000007d7400000, 0x00000007d7400000| Untracked 
|1723|0x00000007d7600000, 0x00000007d7600000, 0x00000007d7800000|  0%| F|  |TAMS 0x00000007d7600000, 0x00000007d7600000| Untracked 
|1724|0x00000007d7800000, 0x00000007d7800000, 0x00000007d7a00000|  0%| F|  |TAMS 0x00000007d7800000, 0x00000007d7800000| Untracked 
|1725|0x00000007d7a00000, 0x00000007d7a00000, 0x00000007d7c00000|  0%| F|  |TAMS 0x00000007d7a00000, 0x00000007d7a00000| Untracked 
|1726|0x00000007d7c00000, 0x00000007d7c00000, 0x00000007d7e00000|  0%| F|  |TAMS 0x00000007d7c00000, 0x00000007d7c00000| Untracked 
|1727|0x00000007d7e00000, 0x00000007d7e00000, 0x00000007d8000000|  0%| F|  |TAMS 0x00000007d7e00000, 0x00000007d7e00000| Untracked 
|1728|0x00000007d8000000, 0x00000007d8000000, 0x00000007d8200000|  0%| F|  |TAMS 0x00000007d8000000, 0x00000007d8000000| Untracked 
|1729|0x00000007d8200000, 0x00000007d8200000, 0x00000007d8400000|  0%| F|  |TAMS 0x00000007d8200000, 0x00000007d8200000| Untracked 
|1730|0x00000007d8400000, 0x00000007d8400000, 0x00000007d8600000|  0%| F|  |TAMS 0x00000007d8400000, 0x00000007d8400000| Untracked 
|1731|0x00000007d8600000, 0x00000007d8600000, 0x00000007d8800000|  0%| F|  |TAMS 0x00000007d8600000, 0x00000007d8600000| Untracked 
|1732|0x00000007d8800000, 0x00000007d8800000, 0x00000007d8a00000|  0%| F|  |TAMS 0x00000007d8800000, 0x00000007d8800000| Untracked 
|1733|0x00000007d8a00000, 0x00000007d8a00000, 0x00000007d8c00000|  0%| F|  |TAMS 0x00000007d8a00000, 0x00000007d8a00000| Untracked 
|1734|0x00000007d8c00000, 0x00000007d8c00000, 0x00000007d8e00000|  0%| F|  |TAMS 0x00000007d8c00000, 0x00000007d8c00000| Untracked 
|1735|0x00000007d8e00000, 0x00000007d8e00000, 0x00000007d9000000|  0%| F|  |TAMS 0x00000007d8e00000, 0x00000007d8e00000| Untracked 
|1736|0x00000007d9000000, 0x00000007d9000000, 0x00000007d9200000|  0%| F|  |TAMS 0x00000007d9000000, 0x00000007d9000000| Untracked 
|1737|0x00000007d9200000, 0x00000007d9200000, 0x00000007d9400000|  0%| F|  |TAMS 0x00000007d9200000, 0x00000007d9200000| Untracked 
|1738|0x00000007d9400000, 0x00000007d9400000, 0x00000007d9600000|  0%| F|  |TAMS 0x00000007d9400000, 0x00000007d9400000| Untracked 
|1739|0x00000007d9600000, 0x00000007d9600000, 0x00000007d9800000|  0%| F|  |TAMS 0x00000007d9600000, 0x00000007d9600000| Untracked 
|1740|0x00000007d9800000, 0x00000007d9800000, 0x00000007d9a00000|  0%| F|  |TAMS 0x00000007d9800000, 0x00000007d9800000| Untracked 
|1741|0x00000007d9a00000, 0x00000007d9a00000, 0x00000007d9c00000|  0%| F|  |TAMS 0x00000007d9a00000, 0x00000007d9a00000| Untracked 
|1742|0x00000007d9c00000, 0x00000007d9c00000, 0x00000007d9e00000|  0%| F|  |TAMS 0x00000007d9c00000, 0x00000007d9c00000| Untracked 
|1743|0x00000007d9e00000, 0x00000007d9e00000, 0x00000007da000000|  0%| F|  |TAMS 0x00000007d9e00000, 0x00000007d9e00000| Untracked 
|1744|0x00000007da000000, 0x00000007da000000, 0x00000007da200000|  0%| F|  |TAMS 0x00000007da000000, 0x00000007da000000| Untracked 
|1745|0x00000007da200000, 0x00000007da200000, 0x00000007da400000|  0%| F|  |TAMS 0x00000007da200000, 0x00000007da200000| Untracked 
|1746|0x00000007da400000, 0x00000007da400000, 0x00000007da600000|  0%| F|  |TAMS 0x00000007da400000, 0x00000007da400000| Untracked 
|1747|0x00000007da600000, 0x00000007da600000, 0x00000007da800000|  0%| F|  |TAMS 0x00000007da600000, 0x00000007da600000| Untracked 
|1748|0x00000007da800000, 0x00000007da800000, 0x00000007daa00000|  0%| F|  |TAMS 0x00000007da800000, 0x00000007da800000| Untracked 
|1749|0x00000007daa00000, 0x00000007daa00000, 0x00000007dac00000|  0%| F|  |TAMS 0x00000007daa00000, 0x00000007daa00000| Untracked 
|1750|0x00000007dac00000, 0x00000007dac00000, 0x00000007dae00000|  0%| F|  |TAMS 0x00000007dac00000, 0x00000007dac00000| Untracked 
|1751|0x00000007dae00000, 0x00000007dae00000, 0x00000007db000000|  0%| F|  |TAMS 0x00000007dae00000, 0x00000007dae00000| Untracked 
|1752|0x00000007db000000, 0x00000007db000000, 0x00000007db200000|  0%| F|  |TAMS 0x00000007db000000, 0x00000007db000000| Untracked 
|1753|0x00000007db200000, 0x00000007db200000, 0x00000007db400000|  0%| F|  |TAMS 0x00000007db200000, 0x00000007db200000| Untracked 
|1754|0x00000007db400000, 0x00000007db400000, 0x00000007db600000|  0%| F|  |TAMS 0x00000007db400000, 0x00000007db400000| Untracked 
|1755|0x00000007db600000, 0x00000007db600000, 0x00000007db800000|  0%| F|  |TAMS 0x00000007db600000, 0x00000007db600000| Untracked 
|1756|0x00000007db800000, 0x00000007db800000, 0x00000007dba00000|  0%| F|  |TAMS 0x00000007db800000, 0x00000007db800000| Untracked 
|1757|0x00000007dba00000, 0x00000007dba00000, 0x00000007dbc00000|  0%| F|  |TAMS 0x00000007dba00000, 0x00000007dba00000| Untracked 
|1758|0x00000007dbc00000, 0x00000007dbc00000, 0x00000007dbe00000|  0%| F|  |TAMS 0x00000007dbc00000, 0x00000007dbc00000| Untracked 
|1759|0x00000007dbe00000, 0x00000007dbe00000, 0x00000007dc000000|  0%| F|  |TAMS 0x00000007dbe00000, 0x00000007dbe00000| Untracked 
|1760|0x00000007dc000000, 0x00000007dc000000, 0x00000007dc200000|  0%| F|  |TAMS 0x00000007dc000000, 0x00000007dc000000| Untracked 
|1761|0x00000007dc200000, 0x00000007dc200000, 0x00000007dc400000|  0%| F|  |TAMS 0x00000007dc200000, 0x00000007dc200000| Untracked 
|1762|0x00000007dc400000, 0x00000007dc400000, 0x00000007dc600000|  0%| F|  |TAMS 0x00000007dc400000, 0x00000007dc400000| Untracked 
|1763|0x00000007dc600000, 0x00000007dc600000, 0x00000007dc800000|  0%| F|  |TAMS 0x00000007dc600000, 0x00000007dc600000| Untracked 
|1764|0x00000007dc800000, 0x00000007dc800000, 0x00000007dca00000|  0%| F|  |TAMS 0x00000007dc800000, 0x00000007dc800000| Untracked 
|1765|0x00000007dca00000, 0x00000007dca00000, 0x00000007dcc00000|  0%| F|  |TAMS 0x00000007dca00000, 0x00000007dca00000| Untracked 
|1766|0x00000007dcc00000, 0x00000007dcc00000, 0x00000007dce00000|  0%| F|  |TAMS 0x00000007dcc00000, 0x00000007dcc00000| Untracked 
|1767|0x00000007dce00000, 0x00000007dce00000, 0x00000007dd000000|  0%| F|  |TAMS 0x00000007dce00000, 0x00000007dce00000| Untracked 
|1768|0x00000007dd000000, 0x00000007dd000000, 0x00000007dd200000|  0%| F|  |TAMS 0x00000007dd000000, 0x00000007dd000000| Untracked 
|1769|0x00000007dd200000, 0x00000007dd200000, 0x00000007dd400000|  0%| F|  |TAMS 0x00000007dd200000, 0x00000007dd200000| Untracked 
|1770|0x00000007dd400000, 0x00000007dd400000, 0x00000007dd600000|  0%| F|  |TAMS 0x00000007dd400000, 0x00000007dd400000| Untracked 
|1771|0x00000007dd600000, 0x00000007dd600000, 0x00000007dd800000|  0%| F|  |TAMS 0x00000007dd600000, 0x00000007dd600000| Untracked 
|1772|0x00000007dd800000, 0x00000007dd800000, 0x00000007dda00000|  0%| F|  |TAMS 0x00000007dd800000, 0x00000007dd800000| Untracked 
|1773|0x00000007dda00000, 0x00000007dda00000, 0x00000007ddc00000|  0%| F|  |TAMS 0x00000007dda00000, 0x00000007dda00000| Untracked 
|1774|0x00000007ddc00000, 0x00000007ddc00000, 0x00000007dde00000|  0%| F|  |TAMS 0x00000007ddc00000, 0x00000007ddc00000| Untracked 
|1775|0x00000007dde00000, 0x00000007dde00000, 0x00000007de000000|  0%| F|  |TAMS 0x00000007dde00000, 0x00000007dde00000| Untracked 
|1776|0x00000007de000000, 0x00000007de000000, 0x00000007de200000|  0%| F|  |TAMS 0x00000007de000000, 0x00000007de000000| Untracked 
|1777|0x00000007de200000, 0x00000007de200000, 0x00000007de400000|  0%| F|  |TAMS 0x00000007de200000, 0x00000007de200000| Untracked 
|1778|0x00000007de400000, 0x00000007de400000, 0x00000007de600000|  0%| F|  |TAMS 0x00000007de400000, 0x00000007de400000| Untracked 
|1779|0x00000007de600000, 0x00000007de600000, 0x00000007de800000|  0%| F|  |TAMS 0x00000007de600000, 0x00000007de600000| Untracked 
|1780|0x00000007de800000, 0x00000007de800000, 0x00000007dea00000|  0%| F|  |TAMS 0x00000007de800000, 0x00000007de800000| Untracked 
|1781|0x00000007dea00000, 0x00000007dea00000, 0x00000007dec00000|  0%| F|  |TAMS 0x00000007dea00000, 0x00000007dea00000| Untracked 
|1782|0x00000007dec00000, 0x00000007dec00000, 0x00000007dee00000|  0%| F|  |TAMS 0x00000007dec00000, 0x00000007dec00000| Untracked 
|1783|0x00000007dee00000, 0x00000007dee00000, 0x00000007df000000|  0%| F|  |TAMS 0x00000007dee00000, 0x00000007dee00000| Untracked 
|1784|0x00000007df000000, 0x00000007df000000, 0x00000007df200000|  0%| F|  |TAMS 0x00000007df000000, 0x00000007df000000| Untracked 
|1785|0x00000007df200000, 0x00000007df200000, 0x00000007df400000|  0%| F|  |TAMS 0x00000007df200000, 0x00000007df200000| Untracked 
|1786|0x00000007df400000, 0x00000007df400000, 0x00000007df600000|  0%| F|  |TAMS 0x00000007df400000, 0x00000007df400000| Untracked 
|1787|0x00000007df600000, 0x00000007df600000, 0x00000007df800000|  0%| F|  |TAMS 0x00000007df600000, 0x00000007df600000| Untracked 
|1788|0x00000007df800000, 0x00000007df800000, 0x00000007dfa00000|  0%| F|  |TAMS 0x00000007df800000, 0x00000007df800000| Untracked 
|1789|0x00000007dfa00000, 0x00000007dfa00000, 0x00000007dfc00000|  0%| F|  |TAMS 0x00000007dfa00000, 0x00000007dfa00000| Untracked 
|1790|0x00000007dfc00000, 0x00000007dfc00000, 0x00000007dfe00000|  0%| F|  |TAMS 0x00000007dfc00000, 0x00000007dfc00000| Untracked 
|1791|0x00000007dfe00000, 0x00000007dfe00000, 0x00000007e0000000|  0%| F|  |TAMS 0x00000007dfe00000, 0x00000007dfe00000| Untracked 
|1792|0x00000007e0000000, 0x00000007e0000000, 0x00000007e0200000|  0%| F|  |TAMS 0x00000007e0000000, 0x00000007e0000000| Untracked 
|1793|0x00000007e0200000, 0x00000007e0200000, 0x00000007e0400000|  0%| F|  |TAMS 0x00000007e0200000, 0x00000007e0200000| Untracked 
|1794|0x00000007e0400000, 0x00000007e0400000, 0x00000007e0600000|  0%| F|  |TAMS 0x00000007e0400000, 0x00000007e0400000| Untracked 
|1795|0x00000007e0600000, 0x00000007e0600000, 0x00000007e0800000|  0%| F|  |TAMS 0x00000007e0600000, 0x00000007e0600000| Untracked 
|1796|0x00000007e0800000, 0x00000007e0800000, 0x00000007e0a00000|  0%| F|  |TAMS 0x00000007e0800000, 0x00000007e0800000| Untracked 
|1797|0x00000007e0a00000, 0x00000007e0a00000, 0x00000007e0c00000|  0%| F|  |TAMS 0x00000007e0a00000, 0x00000007e0a00000| Untracked 
|1798|0x00000007e0c00000, 0x00000007e0c00000, 0x00000007e0e00000|  0%| F|  |TAMS 0x00000007e0c00000, 0x00000007e0c00000| Untracked 
|1799|0x00000007e0e00000, 0x00000007e0e00000, 0x00000007e1000000|  0%| F|  |TAMS 0x00000007e0e00000, 0x00000007e0e00000| Untracked 
|1800|0x00000007e1000000, 0x00000007e1000000, 0x00000007e1200000|  0%| F|  |TAMS 0x00000007e1000000, 0x00000007e1000000| Untracked 
|1801|0x00000007e1200000, 0x00000007e1200000, 0x00000007e1400000|  0%| F|  |TAMS 0x00000007e1200000, 0x00000007e1200000| Untracked 
|1802|0x00000007e1400000, 0x00000007e1400000, 0x00000007e1600000|  0%| F|  |TAMS 0x00000007e1400000, 0x00000007e1400000| Untracked 
|1803|0x00000007e1600000, 0x00000007e1600000, 0x00000007e1800000|  0%| F|  |TAMS 0x00000007e1600000, 0x00000007e1600000| Untracked 
|1804|0x00000007e1800000, 0x00000007e1800000, 0x00000007e1a00000|  0%| F|  |TAMS 0x00000007e1800000, 0x00000007e1800000| Untracked 
|1805|0x00000007e1a00000, 0x00000007e1a00000, 0x00000007e1c00000|  0%| F|  |TAMS 0x00000007e1a00000, 0x00000007e1a00000| Untracked 
|1806|0x00000007e1c00000, 0x00000007e1c00000, 0x00000007e1e00000|  0%| F|  |TAMS 0x00000007e1c00000, 0x00000007e1c00000| Untracked 
|1807|0x00000007e1e00000, 0x00000007e1e00000, 0x00000007e2000000|  0%| F|  |TAMS 0x00000007e1e00000, 0x00000007e1e00000| Untracked 
|1808|0x00000007e2000000, 0x00000007e2000000, 0x00000007e2200000|  0%| F|  |TAMS 0x00000007e2000000, 0x00000007e2000000| Untracked 
|1809|0x00000007e2200000, 0x00000007e2200000, 0x00000007e2400000|  0%| F|  |TAMS 0x00000007e2200000, 0x00000007e2200000| Untracked 
|1810|0x00000007e2400000, 0x00000007e2400000, 0x00000007e2600000|  0%| F|  |TAMS 0x00000007e2400000, 0x00000007e2400000| Untracked 
|1811|0x00000007e2600000, 0x00000007e2600000, 0x00000007e2800000|  0%| F|  |TAMS 0x00000007e2600000, 0x00000007e2600000| Untracked 
|1812|0x00000007e2800000, 0x00000007e2800000, 0x00000007e2a00000|  0%| F|  |TAMS 0x00000007e2800000, 0x00000007e2800000| Untracked 
|1813|0x00000007e2a00000, 0x00000007e2a00000, 0x00000007e2c00000|  0%| F|  |TAMS 0x00000007e2a00000, 0x00000007e2a00000| Untracked 
|1814|0x00000007e2c00000, 0x00000007e2c00000, 0x00000007e2e00000|  0%| F|  |TAMS 0x00000007e2c00000, 0x00000007e2c00000| Untracked 
|1815|0x00000007e2e00000, 0x00000007e2e00000, 0x00000007e3000000|  0%| F|  |TAMS 0x00000007e2e00000, 0x00000007e2e00000| Untracked 
|1816|0x00000007e3000000, 0x00000007e3000000, 0x00000007e3200000|  0%| F|  |TAMS 0x00000007e3000000, 0x00000007e3000000| Untracked 
|1817|0x00000007e3200000, 0x00000007e3200000, 0x00000007e3400000|  0%| F|  |TAMS 0x00000007e3200000, 0x00000007e3200000| Untracked 
|1818|0x00000007e3400000, 0x00000007e3400000, 0x00000007e3600000|  0%| F|  |TAMS 0x00000007e3400000, 0x00000007e3400000| Untracked 
|1819|0x00000007e3600000, 0x00000007e3600000, 0x00000007e3800000|  0%| F|  |TAMS 0x00000007e3600000, 0x00000007e3600000| Untracked 
|1820|0x00000007e3800000, 0x00000007e3800000, 0x00000007e3a00000|  0%| F|  |TAMS 0x00000007e3800000, 0x00000007e3800000| Untracked 
|1821|0x00000007e3a00000, 0x00000007e3a00000, 0x00000007e3c00000|  0%| F|  |TAMS 0x00000007e3a00000, 0x00000007e3a00000| Untracked 
|1822|0x00000007e3c00000, 0x00000007e3c00000, 0x00000007e3e00000|  0%| F|  |TAMS 0x00000007e3c00000, 0x00000007e3c00000| Untracked 
|1823|0x00000007e3e00000, 0x00000007e3e00000, 0x00000007e4000000|  0%| F|  |TAMS 0x00000007e3e00000, 0x00000007e3e00000| Untracked 
|1824|0x00000007e4000000, 0x00000007e4000000, 0x00000007e4200000|  0%| F|  |TAMS 0x00000007e4000000, 0x00000007e4000000| Untracked 
|1825|0x00000007e4200000, 0x00000007e4200000, 0x00000007e4400000|  0%| F|  |TAMS 0x00000007e4200000, 0x00000007e4200000| Untracked 
|1826|0x00000007e4400000, 0x00000007e4400000, 0x00000007e4600000|  0%| F|  |TAMS 0x00000007e4400000, 0x00000007e4400000| Untracked 
|1827|0x00000007e4600000, 0x00000007e4600000, 0x00000007e4800000|  0%| F|  |TAMS 0x00000007e4600000, 0x00000007e4600000| Untracked 
|1828|0x00000007e4800000, 0x00000007e4800000, 0x00000007e4a00000|  0%| F|  |TAMS 0x00000007e4800000, 0x00000007e4800000| Untracked 
|1829|0x00000007e4a00000, 0x00000007e4a00000, 0x00000007e4c00000|  0%| F|  |TAMS 0x00000007e4a00000, 0x00000007e4a00000| Untracked 
|1830|0x00000007e4c00000, 0x00000007e4c00000, 0x00000007e4e00000|  0%| F|  |TAMS 0x00000007e4c00000, 0x00000007e4c00000| Untracked 
|1831|0x00000007e4e00000, 0x00000007e4e00000, 0x00000007e5000000|  0%| F|  |TAMS 0x00000007e4e00000, 0x00000007e4e00000| Untracked 
|1832|0x00000007e5000000, 0x00000007e5000000, 0x00000007e5200000|  0%| F|  |TAMS 0x00000007e5000000, 0x00000007e5000000| Untracked 
|1833|0x00000007e5200000, 0x00000007e5200000, 0x00000007e5400000|  0%| F|  |TAMS 0x00000007e5200000, 0x00000007e5200000| Untracked 
|1834|0x00000007e5400000, 0x00000007e5400000, 0x00000007e5600000|  0%| F|  |TAMS 0x00000007e5400000, 0x00000007e5400000| Untracked 
|1835|0x00000007e5600000, 0x00000007e5600000, 0x00000007e5800000|  0%| F|  |TAMS 0x00000007e5600000, 0x00000007e5600000| Untracked 
|1836|0x00000007e5800000, 0x00000007e5800000, 0x00000007e5a00000|  0%| F|  |TAMS 0x00000007e5800000, 0x00000007e5800000| Untracked 
|1837|0x00000007e5a00000, 0x00000007e5a00000, 0x00000007e5c00000|  0%| F|  |TAMS 0x00000007e5a00000, 0x00000007e5a00000| Untracked 
|1838|0x00000007e5c00000, 0x00000007e5c00000, 0x00000007e5e00000|  0%| F|  |TAMS 0x00000007e5c00000, 0x00000007e5c00000| Untracked 
|1839|0x00000007e5e00000, 0x00000007e5e00000, 0x00000007e6000000|  0%| F|  |TAMS 0x00000007e5e00000, 0x00000007e5e00000| Untracked 
|1840|0x00000007e6000000, 0x00000007e6000000, 0x00000007e6200000|  0%| F|  |TAMS 0x00000007e6000000, 0x00000007e6000000| Untracked 
|1841|0x00000007e6200000, 0x00000007e6200000, 0x00000007e6400000|  0%| F|  |TAMS 0x00000007e6200000, 0x00000007e6200000| Untracked 
|1842|0x00000007e6400000, 0x00000007e6400000, 0x00000007e6600000|  0%| F|  |TAMS 0x00000007e6400000, 0x00000007e6400000| Untracked 
|1843|0x00000007e6600000, 0x00000007e6600000, 0x00000007e6800000|  0%| F|  |TAMS 0x00000007e6600000, 0x00000007e6600000| Untracked 
|1844|0x00000007e6800000, 0x00000007e6800000, 0x00000007e6a00000|  0%| F|  |TAMS 0x00000007e6800000, 0x00000007e6800000| Untracked 
|1845|0x00000007e6a00000, 0x00000007e6a00000, 0x00000007e6c00000|  0%| F|  |TAMS 0x00000007e6a00000, 0x00000007e6a00000| Untracked 
|1846|0x00000007e6c00000, 0x00000007e6c00000, 0x00000007e6e00000|  0%| F|  |TAMS 0x00000007e6c00000, 0x00000007e6c00000| Untracked 
|1847|0x00000007e6e00000, 0x00000007e6e00000, 0x00000007e7000000|  0%| F|  |TAMS 0x00000007e6e00000, 0x00000007e6e00000| Untracked 
|1848|0x00000007e7000000, 0x00000007e7000000, 0x00000007e7200000|  0%| F|  |TAMS 0x00000007e7000000, 0x00000007e7000000| Untracked 
|1849|0x00000007e7200000, 0x00000007e7200000, 0x00000007e7400000|  0%| F|  |TAMS 0x00000007e7200000, 0x00000007e7200000| Untracked 
|1850|0x00000007e7400000, 0x00000007e7400000, 0x00000007e7600000|  0%| F|  |TAMS 0x00000007e7400000, 0x00000007e7400000| Untracked 
|1851|0x00000007e7600000, 0x00000007e7600000, 0x00000007e7800000|  0%| F|  |TAMS 0x00000007e7600000, 0x00000007e7600000| Untracked 
|1852|0x00000007e7800000, 0x00000007e7800000, 0x00000007e7a00000|  0%| F|  |TAMS 0x00000007e7800000, 0x00000007e7800000| Untracked 
|1853|0x00000007e7a00000, 0x00000007e7a00000, 0x00000007e7c00000|  0%| F|  |TAMS 0x00000007e7a00000, 0x00000007e7a00000| Untracked 
|1854|0x00000007e7c00000, 0x00000007e7c00000, 0x00000007e7e00000|  0%| F|  |TAMS 0x00000007e7c00000, 0x00000007e7c00000| Untracked 
|1855|0x00000007e7e00000, 0x00000007e7e00000, 0x00000007e8000000|  0%| F|  |TAMS 0x00000007e7e00000, 0x00000007e7e00000| Untracked 
|1856|0x00000007e8000000, 0x00000007e8000000, 0x00000007e8200000|  0%| F|  |TAMS 0x00000007e8000000, 0x00000007e8000000| Untracked 
|1857|0x00000007e8200000, 0x00000007e8200000, 0x00000007e8400000|  0%| F|  |TAMS 0x00000007e8200000, 0x00000007e8200000| Untracked 
|1858|0x00000007e8400000, 0x00000007e8400000, 0x00000007e8600000|  0%| F|  |TAMS 0x00000007e8400000, 0x00000007e8400000| Untracked 
|1859|0x00000007e8600000, 0x00000007e8600000, 0x00000007e8800000|  0%| F|  |TAMS 0x00000007e8600000, 0x00000007e8600000| Untracked 
|1860|0x00000007e8800000, 0x00000007e8800000, 0x00000007e8a00000|  0%| F|  |TAMS 0x00000007e8800000, 0x00000007e8800000| Untracked 
|1861|0x00000007e8a00000, 0x00000007e8a00000, 0x00000007e8c00000|  0%| F|  |TAMS 0x00000007e8a00000, 0x00000007e8a00000| Untracked 
|1862|0x00000007e8c00000, 0x00000007e8c00000, 0x00000007e8e00000|  0%| F|  |TAMS 0x00000007e8c00000, 0x00000007e8c00000| Untracked 
|1863|0x00000007e8e00000, 0x00000007e8e00000, 0x00000007e9000000|  0%| F|  |TAMS 0x00000007e8e00000, 0x00000007e8e00000| Untracked 
|1864|0x00000007e9000000, 0x00000007e9000000, 0x00000007e9200000|  0%| F|  |TAMS 0x00000007e9000000, 0x00000007e9000000| Untracked 
|1865|0x00000007e9200000, 0x00000007e9200000, 0x00000007e9400000|  0%| F|  |TAMS 0x00000007e9200000, 0x00000007e9200000| Untracked 
|1866|0x00000007e9400000, 0x00000007e9400000, 0x00000007e9600000|  0%| F|  |TAMS 0x00000007e9400000, 0x00000007e9400000| Untracked 
|1867|0x00000007e9600000, 0x00000007e9600000, 0x00000007e9800000|  0%| F|  |TAMS 0x00000007e9600000, 0x00000007e9600000| Untracked 
|1868|0x00000007e9800000, 0x00000007e9800000, 0x00000007e9a00000|  0%| F|  |TAMS 0x00000007e9800000, 0x00000007e9800000| Untracked 
|1869|0x00000007e9a00000, 0x00000007e9a00000, 0x00000007e9c00000|  0%| F|  |TAMS 0x00000007e9a00000, 0x00000007e9a00000| Untracked 
|1870|0x00000007e9c00000, 0x00000007e9c00000, 0x00000007e9e00000|  0%| F|  |TAMS 0x00000007e9c00000, 0x00000007e9c00000| Untracked 
|1871|0x00000007e9e00000, 0x00000007e9e00000, 0x00000007ea000000|  0%| F|  |TAMS 0x00000007e9e00000, 0x00000007e9e00000| Untracked 
|1872|0x00000007ea000000, 0x00000007ea000000, 0x00000007ea200000|  0%| F|  |TAMS 0x00000007ea000000, 0x00000007ea000000| Untracked 
|1873|0x00000007ea200000, 0x00000007ea200000, 0x00000007ea400000|  0%| F|  |TAMS 0x00000007ea200000, 0x00000007ea200000| Untracked 
|1874|0x00000007ea400000, 0x00000007ea400000, 0x00000007ea600000|  0%| F|  |TAMS 0x00000007ea400000, 0x00000007ea400000| Untracked 
|1875|0x00000007ea600000, 0x00000007ea600000, 0x00000007ea800000|  0%| F|  |TAMS 0x00000007ea600000, 0x00000007ea600000| Untracked 
|1876|0x00000007ea800000, 0x00000007ea800000, 0x00000007eaa00000|  0%| F|  |TAMS 0x00000007ea800000, 0x00000007ea800000| Untracked 
|1877|0x00000007eaa00000, 0x00000007eaa00000, 0x00000007eac00000|  0%| F|  |TAMS 0x00000007eaa00000, 0x00000007eaa00000| Untracked 
|1878|0x00000007eac00000, 0x00000007eac00000, 0x00000007eae00000|  0%| F|  |TAMS 0x00000007eac00000, 0x00000007eac00000| Untracked 
|1879|0x00000007eae00000, 0x00000007eae00000, 0x00000007eb000000|  0%| F|  |TAMS 0x00000007eae00000, 0x00000007eae00000| Untracked 
|1880|0x00000007eb000000, 0x00000007eb000000, 0x00000007eb200000|  0%| F|  |TAMS 0x00000007eb000000, 0x00000007eb000000| Untracked 
|1881|0x00000007eb200000, 0x00000007eb200000, 0x00000007eb400000|  0%| F|  |TAMS 0x00000007eb200000, 0x00000007eb200000| Untracked 
|1882|0x00000007eb400000, 0x00000007eb400000, 0x00000007eb600000|  0%| F|  |TAMS 0x00000007eb400000, 0x00000007eb400000| Untracked 
|1883|0x00000007eb600000, 0x00000007eb600000, 0x00000007eb800000|  0%| F|  |TAMS 0x00000007eb600000, 0x00000007eb600000| Untracked 
|1884|0x00000007eb800000, 0x00000007eb800000, 0x00000007eba00000|  0%| F|  |TAMS 0x00000007eb800000, 0x00000007eb800000| Untracked 
|1885|0x00000007eba00000, 0x00000007eba00000, 0x00000007ebc00000|  0%| F|  |TAMS 0x00000007eba00000, 0x00000007eba00000| Untracked 
|1886|0x00000007ebc00000, 0x00000007ebc00000, 0x00000007ebe00000|  0%| F|  |TAMS 0x00000007ebc00000, 0x00000007ebc00000| Untracked 
|1887|0x00000007ebe00000, 0x00000007ebe00000, 0x00000007ec000000|  0%| F|  |TAMS 0x00000007ebe00000, 0x00000007ebe00000| Untracked 
|1888|0x00000007ec000000, 0x00000007ec000000, 0x00000007ec200000|  0%| F|  |TAMS 0x00000007ec000000, 0x00000007ec000000| Untracked 
|1889|0x00000007ec200000, 0x00000007ec200000, 0x00000007ec400000|  0%| F|  |TAMS 0x00000007ec200000, 0x00000007ec200000| Untracked 
|1890|0x00000007ec400000, 0x00000007ec400000, 0x00000007ec600000|  0%| F|  |TAMS 0x00000007ec400000, 0x00000007ec400000| Untracked 
|1891|0x00000007ec600000, 0x00000007ec600000, 0x00000007ec800000|  0%| F|  |TAMS 0x00000007ec600000, 0x00000007ec600000| Untracked 
|1892|0x00000007ec800000, 0x00000007ec800000, 0x00000007eca00000|  0%| F|  |TAMS 0x00000007ec800000, 0x00000007ec800000| Untracked 
|1893|0x00000007eca00000, 0x00000007eca00000, 0x00000007ecc00000|  0%| F|  |TAMS 0x00000007eca00000, 0x00000007eca00000| Untracked 
|1894|0x00000007ecc00000, 0x00000007ecc00000, 0x00000007ece00000|  0%| F|  |TAMS 0x00000007ecc00000, 0x00000007ecc00000| Untracked 
|1895|0x00000007ece00000, 0x00000007ece00000, 0x00000007ed000000|  0%| F|  |TAMS 0x00000007ece00000, 0x00000007ece00000| Untracked 
|1896|0x00000007ed000000, 0x00000007ed000000, 0x00000007ed200000|  0%| F|  |TAMS 0x00000007ed000000, 0x00000007ed000000| Untracked 
|1897|0x00000007ed200000, 0x00000007ed200000, 0x00000007ed400000|  0%| F|  |TAMS 0x00000007ed200000, 0x00000007ed200000| Untracked 
|1898|0x00000007ed400000, 0x00000007ed400000, 0x00000007ed600000|  0%| F|  |TAMS 0x00000007ed400000, 0x00000007ed400000| Untracked 
|1899|0x00000007ed600000, 0x00000007ed600000, 0x00000007ed800000|  0%| F|  |TAMS 0x00000007ed600000, 0x00000007ed600000| Untracked 
|1900|0x00000007ed800000, 0x00000007ed800000, 0x00000007eda00000|  0%| F|  |TAMS 0x00000007ed800000, 0x00000007ed800000| Untracked 
|1901|0x00000007eda00000, 0x00000007eda00000, 0x00000007edc00000|  0%| F|  |TAMS 0x00000007eda00000, 0x00000007eda00000| Untracked 
|1902|0x00000007edc00000, 0x00000007edc00000, 0x00000007ede00000|  0%| F|  |TAMS 0x00000007edc00000, 0x00000007edc00000| Untracked 
|1903|0x00000007ede00000, 0x00000007ede00000, 0x00000007ee000000|  0%| F|  |TAMS 0x00000007ede00000, 0x00000007ede00000| Untracked 
|1904|0x00000007ee000000, 0x00000007ee000000, 0x00000007ee200000|  0%| F|  |TAMS 0x00000007ee000000, 0x00000007ee000000| Untracked 
|1905|0x00000007ee200000, 0x00000007ee200000, 0x00000007ee400000|  0%| F|  |TAMS 0x00000007ee200000, 0x00000007ee200000| Untracked 
|1906|0x00000007ee400000, 0x00000007ee400000, 0x00000007ee600000|  0%| F|  |TAMS 0x00000007ee400000, 0x00000007ee400000| Untracked 
|1907|0x00000007ee600000, 0x00000007ee600000, 0x00000007ee800000|  0%| F|  |TAMS 0x00000007ee600000, 0x00000007ee600000| Untracked 
|1908|0x00000007ee800000, 0x00000007ee800000, 0x00000007eea00000|  0%| F|  |TAMS 0x00000007ee800000, 0x00000007ee800000| Untracked 
|1909|0x00000007eea00000, 0x00000007eea00000, 0x00000007eec00000|  0%| F|  |TAMS 0x00000007eea00000, 0x00000007eea00000| Untracked 
|1910|0x00000007eec00000, 0x00000007eec00000, 0x00000007eee00000|  0%| F|  |TAMS 0x00000007eec00000, 0x00000007eec00000| Untracked 
|1911|0x00000007eee00000, 0x00000007eee00000, 0x00000007ef000000|  0%| F|  |TAMS 0x00000007eee00000, 0x00000007eee00000| Untracked 
|1912|0x00000007ef000000, 0x00000007ef000000, 0x00000007ef200000|  0%| F|  |TAMS 0x00000007ef000000, 0x00000007ef000000| Untracked 
|1913|0x00000007ef200000, 0x00000007ef200000, 0x00000007ef400000|  0%| F|  |TAMS 0x00000007ef200000, 0x00000007ef200000| Untracked 
|1914|0x00000007ef400000, 0x00000007ef400000, 0x00000007ef600000|  0%| F|  |TAMS 0x00000007ef400000, 0x00000007ef400000| Untracked 
|1915|0x00000007ef600000, 0x00000007ef600000, 0x00000007ef800000|  0%| F|  |TAMS 0x00000007ef600000, 0x00000007ef600000| Untracked 
|1916|0x00000007ef800000, 0x00000007ef800000, 0x00000007efa00000|  0%| F|  |TAMS 0x00000007ef800000, 0x00000007ef800000| Untracked 
|1917|0x00000007efa00000, 0x00000007efa00000, 0x00000007efc00000|  0%| F|  |TAMS 0x00000007efa00000, 0x00000007efa00000| Untracked 
|1918|0x00000007efc00000, 0x00000007efc00000, 0x00000007efe00000|  0%| F|  |TAMS 0x00000007efc00000, 0x00000007efc00000| Untracked 
|1919|0x00000007efe00000, 0x00000007efe00000, 0x00000007f0000000|  0%| F|  |TAMS 0x00000007efe00000, 0x00000007efe00000| Untracked 
|1920|0x00000007f0000000, 0x00000007f0000000, 0x00000007f0200000|  0%| F|  |TAMS 0x00000007f0000000, 0x00000007f0000000| Untracked 
|1921|0x00000007f0200000, 0x00000007f0200000, 0x00000007f0400000|  0%| F|  |TAMS 0x00000007f0200000, 0x00000007f0200000| Untracked 
|1922|0x00000007f0400000, 0x00000007f0400000, 0x00000007f0600000|  0%| F|  |TAMS 0x00000007f0400000, 0x00000007f0400000| Untracked 
|1923|0x00000007f0600000, 0x00000007f0600000, 0x00000007f0800000|  0%| F|  |TAMS 0x00000007f0600000, 0x00000007f0600000| Untracked 
|1924|0x00000007f0800000, 0x00000007f0800000, 0x00000007f0a00000|  0%| F|  |TAMS 0x00000007f0800000, 0x00000007f0800000| Untracked 
|1925|0x00000007f0a00000, 0x00000007f0a00000, 0x00000007f0c00000|  0%| F|  |TAMS 0x00000007f0a00000, 0x00000007f0a00000| Untracked 
|1926|0x00000007f0c00000, 0x00000007f0c00000, 0x00000007f0e00000|  0%| F|  |TAMS 0x00000007f0c00000, 0x00000007f0c00000| Untracked 
|1927|0x00000007f0e00000, 0x00000007f0e00000, 0x00000007f1000000|  0%| F|  |TAMS 0x00000007f0e00000, 0x00000007f0e00000| Untracked 
|1928|0x00000007f1000000, 0x00000007f1000000, 0x00000007f1200000|  0%| F|  |TAMS 0x00000007f1000000, 0x00000007f1000000| Untracked 
|1929|0x00000007f1200000, 0x00000007f1200000, 0x00000007f1400000|  0%| F|  |TAMS 0x00000007f1200000, 0x00000007f1200000| Untracked 
|1930|0x00000007f1400000, 0x00000007f1400000, 0x00000007f1600000|  0%| F|  |TAMS 0x00000007f1400000, 0x00000007f1400000| Untracked 
|1931|0x00000007f1600000, 0x00000007f1600000, 0x00000007f1800000|  0%| F|  |TAMS 0x00000007f1600000, 0x00000007f1600000| Untracked 
|1932|0x00000007f1800000, 0x00000007f1800000, 0x00000007f1a00000|  0%| F|  |TAMS 0x00000007f1800000, 0x00000007f1800000| Untracked 
|1933|0x00000007f1a00000, 0x00000007f1a00000, 0x00000007f1c00000|  0%| F|  |TAMS 0x00000007f1a00000, 0x00000007f1a00000| Untracked 
|1934|0x00000007f1c00000, 0x00000007f1c00000, 0x00000007f1e00000|  0%| F|  |TAMS 0x00000007f1c00000, 0x00000007f1c00000| Untracked 
|1935|0x00000007f1e00000, 0x00000007f1e00000, 0x00000007f2000000|  0%| F|  |TAMS 0x00000007f1e00000, 0x00000007f1e00000| Untracked 
|1936|0x00000007f2000000, 0x00000007f2000000, 0x00000007f2200000|  0%| F|  |TAMS 0x00000007f2000000, 0x00000007f2000000| Untracked 
|1937|0x00000007f2200000, 0x00000007f2200000, 0x00000007f2400000|  0%| F|  |TAMS 0x00000007f2200000, 0x00000007f2200000| Untracked 
|1938|0x00000007f2400000, 0x00000007f2400000, 0x00000007f2600000|  0%| F|  |TAMS 0x00000007f2400000, 0x00000007f2400000| Untracked 
|1939|0x00000007f2600000, 0x00000007f2600000, 0x00000007f2800000|  0%| F|  |TAMS 0x00000007f2600000, 0x00000007f2600000| Untracked 
|1940|0x00000007f2800000, 0x00000007f2800000, 0x00000007f2a00000|  0%| F|  |TAMS 0x00000007f2800000, 0x00000007f2800000| Untracked 
|1941|0x00000007f2a00000, 0x00000007f2a00000, 0x00000007f2c00000|  0%| F|  |TAMS 0x00000007f2a00000, 0x00000007f2a00000| Untracked 
|1942|0x00000007f2c00000, 0x00000007f2c00000, 0x00000007f2e00000|  0%| F|  |TAMS 0x00000007f2c00000, 0x00000007f2c00000| Untracked 
|1943|0x00000007f2e00000, 0x00000007f2e00000, 0x00000007f3000000|  0%| F|  |TAMS 0x00000007f2e00000, 0x00000007f2e00000| Untracked 
|1944|0x00000007f3000000, 0x00000007f3000000, 0x00000007f3200000|  0%| F|  |TAMS 0x00000007f3000000, 0x00000007f3000000| Untracked 
|1945|0x00000007f3200000, 0x00000007f3200000, 0x00000007f3400000|  0%| F|  |TAMS 0x00000007f3200000, 0x00000007f3200000| Untracked 
|1946|0x00000007f3400000, 0x00000007f3400000, 0x00000007f3600000|  0%| F|  |TAMS 0x00000007f3400000, 0x00000007f3400000| Untracked 
|1947|0x00000007f3600000, 0x00000007f3600000, 0x00000007f3800000|  0%| F|  |TAMS 0x00000007f3600000, 0x00000007f3600000| Untracked 
|1948|0x00000007f3800000, 0x00000007f3800000, 0x00000007f3a00000|  0%| F|  |TAMS 0x00000007f3800000, 0x00000007f3800000| Untracked 
|1949|0x00000007f3a00000, 0x00000007f3a00000, 0x00000007f3c00000|  0%| F|  |TAMS 0x00000007f3a00000, 0x00000007f3a00000| Untracked 
|1950|0x00000007f3c00000, 0x00000007f3c00000, 0x00000007f3e00000|  0%| F|  |TAMS 0x00000007f3c00000, 0x00000007f3c00000| Untracked 
|1951|0x00000007f3e00000, 0x00000007f3e00000, 0x00000007f4000000|  0%| F|  |TAMS 0x00000007f3e00000, 0x00000007f3e00000| Untracked 
|1952|0x00000007f4000000, 0x00000007f4000000, 0x00000007f4200000|  0%| F|  |TAMS 0x00000007f4000000, 0x00000007f4000000| Untracked 
|1953|0x00000007f4200000, 0x00000007f4200000, 0x00000007f4400000|  0%| F|  |TAMS 0x00000007f4200000, 0x00000007f4200000| Untracked 
|1954|0x00000007f4400000, 0x00000007f4400000, 0x00000007f4600000|  0%| F|  |TAMS 0x00000007f4400000, 0x00000007f4400000| Untracked 
|1955|0x00000007f4600000, 0x00000007f4600000, 0x00000007f4800000|  0%| F|  |TAMS 0x00000007f4600000, 0x00000007f4600000| Untracked 
|1956|0x00000007f4800000, 0x00000007f4800000, 0x00000007f4a00000|  0%| F|  |TAMS 0x00000007f4800000, 0x00000007f4800000| Untracked 
|1957|0x00000007f4a00000, 0x00000007f4a00000, 0x00000007f4c00000|  0%| F|  |TAMS 0x00000007f4a00000, 0x00000007f4a00000| Untracked 
|1958|0x00000007f4c00000, 0x00000007f4c00000, 0x00000007f4e00000|  0%| F|  |TAMS 0x00000007f4c00000, 0x00000007f4c00000| Untracked 
|1959|0x00000007f4e00000, 0x00000007f4e00000, 0x00000007f5000000|  0%| F|  |TAMS 0x00000007f4e00000, 0x00000007f4e00000| Untracked 
|1960|0x00000007f5000000, 0x00000007f5000000, 0x00000007f5200000|  0%| F|  |TAMS 0x00000007f5000000, 0x00000007f5000000| Untracked 
|1961|0x00000007f5200000, 0x00000007f5200000, 0x00000007f5400000|  0%| F|  |TAMS 0x00000007f5200000, 0x00000007f5200000| Untracked 
|1962|0x00000007f5400000, 0x00000007f5400000, 0x00000007f5600000|  0%| F|  |TAMS 0x00000007f5400000, 0x00000007f5400000| Untracked 
|1963|0x00000007f5600000, 0x00000007f5600000, 0x00000007f5800000|  0%| F|  |TAMS 0x00000007f5600000, 0x00000007f5600000| Untracked 
|1964|0x00000007f5800000, 0x00000007f5800000, 0x00000007f5a00000|  0%| F|  |TAMS 0x00000007f5800000, 0x00000007f5800000| Untracked 
|1965|0x00000007f5a00000, 0x00000007f5a00000, 0x00000007f5c00000|  0%| F|  |TAMS 0x00000007f5a00000, 0x00000007f5a00000| Untracked 
|1966|0x00000007f5c00000, 0x00000007f5c00000, 0x00000007f5e00000|  0%| F|  |TAMS 0x00000007f5c00000, 0x00000007f5c00000| Untracked 
|1967|0x00000007f5e00000, 0x00000007f5e00000, 0x00000007f6000000|  0%| F|  |TAMS 0x00000007f5e00000, 0x00000007f5e00000| Untracked 
|1968|0x00000007f6000000, 0x00000007f6000000, 0x00000007f6200000|  0%| F|  |TAMS 0x00000007f6000000, 0x00000007f6000000| Untracked 
|1969|0x00000007f6200000, 0x00000007f6200000, 0x00000007f6400000|  0%| F|  |TAMS 0x00000007f6200000, 0x00000007f6200000| Untracked 
|1970|0x00000007f6400000, 0x00000007f6400000, 0x00000007f6600000|  0%| F|  |TAMS 0x00000007f6400000, 0x00000007f6400000| Untracked 
|1971|0x00000007f6600000, 0x00000007f6600000, 0x00000007f6800000|  0%| F|  |TAMS 0x00000007f6600000, 0x00000007f6600000| Untracked 
|1972|0x00000007f6800000, 0x00000007f6800000, 0x00000007f6a00000|  0%| F|  |TAMS 0x00000007f6800000, 0x00000007f6800000| Untracked 
|1973|0x00000007f6a00000, 0x00000007f6a00000, 0x00000007f6c00000|  0%| F|  |TAMS 0x00000007f6a00000, 0x00000007f6a00000| Untracked 
|1974|0x00000007f6c00000, 0x00000007f6c00000, 0x00000007f6e00000|  0%| F|  |TAMS 0x00000007f6c00000, 0x00000007f6c00000| Untracked 
|1975|0x00000007f6e00000, 0x00000007f6e00000, 0x00000007f7000000|  0%| F|  |TAMS 0x00000007f6e00000, 0x00000007f6e00000| Untracked 
|1976|0x00000007f7000000, 0x00000007f7000000, 0x00000007f7200000|  0%| F|  |TAMS 0x00000007f7000000, 0x00000007f7000000| Untracked 
|1977|0x00000007f7200000, 0x00000007f7200000, 0x00000007f7400000|  0%| F|  |TAMS 0x00000007f7200000, 0x00000007f7200000| Untracked 
|1978|0x00000007f7400000, 0x00000007f7400000, 0x00000007f7600000|  0%| F|  |TAMS 0x00000007f7400000, 0x00000007f7400000| Untracked 
|1979|0x00000007f7600000, 0x00000007f7600000, 0x00000007f7800000|  0%| F|  |TAMS 0x00000007f7600000, 0x00000007f7600000| Untracked 
|1980|0x00000007f7800000, 0x00000007f7800000, 0x00000007f7a00000|  0%| F|  |TAMS 0x00000007f7800000, 0x00000007f7800000| Untracked 
|1981|0x00000007f7a00000, 0x00000007f7a00000, 0x00000007f7c00000|  0%| F|  |TAMS 0x00000007f7a00000, 0x00000007f7a00000| Untracked 
|1982|0x00000007f7c00000, 0x00000007f7c00000, 0x00000007f7e00000|  0%| F|  |TAMS 0x00000007f7c00000, 0x00000007f7c00000| Untracked 
|1983|0x00000007f7e00000, 0x00000007f7e00000, 0x00000007f8000000|  0%| F|  |TAMS 0x00000007f7e00000, 0x00000007f7e00000| Untracked 
|1984|0x00000007f8000000, 0x00000007f8000000, 0x00000007f8200000|  0%| F|  |TAMS 0x00000007f8000000, 0x00000007f8000000| Untracked 
|1985|0x00000007f8200000, 0x00000007f8200000, 0x00000007f8400000|  0%| F|  |TAMS 0x00000007f8200000, 0x00000007f8200000| Untracked 
|1986|0x00000007f8400000, 0x00000007f8400000, 0x00000007f8600000|  0%| F|  |TAMS 0x00000007f8400000, 0x00000007f8400000| Untracked 
|1987|0x00000007f8600000, 0x00000007f8600000, 0x00000007f8800000|  0%| F|  |TAMS 0x00000007f8600000, 0x00000007f8600000| Untracked 
|1988|0x00000007f8800000, 0x00000007f8800000, 0x00000007f8a00000|  0%| F|  |TAMS 0x00000007f8800000, 0x00000007f8800000| Untracked 
|1989|0x00000007f8a00000, 0x00000007f8a00000, 0x00000007f8c00000|  0%| F|  |TAMS 0x00000007f8a00000, 0x00000007f8a00000| Untracked 
|1990|0x00000007f8c00000, 0x00000007f8c00000, 0x00000007f8e00000|  0%| F|  |TAMS 0x00000007f8c00000, 0x00000007f8c00000| Untracked 
|1991|0x00000007f8e00000, 0x00000007f8e00000, 0x00000007f9000000|  0%| F|  |TAMS 0x00000007f8e00000, 0x00000007f8e00000| Untracked 
|1992|0x00000007f9000000, 0x00000007f9000000, 0x00000007f9200000|  0%| F|  |TAMS 0x00000007f9000000, 0x00000007f9000000| Untracked 
|1993|0x00000007f9200000, 0x00000007f9200000, 0x00000007f9400000|  0%| F|  |TAMS 0x00000007f9200000, 0x00000007f9200000| Untracked 
|1994|0x00000007f9400000, 0x00000007f9400000, 0x00000007f9600000|  0%| F|  |TAMS 0x00000007f9400000, 0x00000007f9400000| Untracked 
|1995|0x00000007f9600000, 0x00000007f9600000, 0x00000007f9800000|  0%| F|  |TAMS 0x00000007f9600000, 0x00000007f9600000| Untracked 
|1996|0x00000007f9800000, 0x00000007f9800000, 0x00000007f9a00000|  0%| F|  |TAMS 0x00000007f9800000, 0x00000007f9800000| Untracked 
|1997|0x00000007f9a00000, 0x00000007f9a00000, 0x00000007f9c00000|  0%| F|  |TAMS 0x00000007f9a00000, 0x00000007f9a00000| Untracked 
|1998|0x00000007f9c00000, 0x00000007f9c00000, 0x00000007f9e00000|  0%| F|  |TAMS 0x00000007f9c00000, 0x00000007f9c00000| Untracked 
|1999|0x00000007f9e00000, 0x00000007f9e00000, 0x00000007fa000000|  0%| F|  |TAMS 0x00000007f9e00000, 0x00000007f9e00000| Untracked 
|2000|0x00000007fa000000, 0x00000007fa000000, 0x00000007fa200000|  0%| F|  |TAMS 0x00000007fa000000, 0x00000007fa000000| Untracked 
|2001|0x00000007fa200000, 0x00000007fa200000, 0x00000007fa400000|  0%| F|  |TAMS 0x00000007fa200000, 0x00000007fa200000| Untracked 
|2002|0x00000007fa400000, 0x00000007fa400000, 0x00000007fa600000|  0%| F|  |TAMS 0x00000007fa400000, 0x00000007fa400000| Untracked 
|2003|0x00000007fa600000, 0x00000007fa600000, 0x00000007fa800000|  0%| F|  |TAMS 0x00000007fa600000, 0x00000007fa600000| Untracked 
|2004|0x00000007fa800000, 0x00000007fa800000, 0x00000007faa00000|  0%| F|  |TAMS 0x00000007fa800000, 0x00000007fa800000| Untracked 
|2005|0x00000007faa00000, 0x00000007faa00000, 0x00000007fac00000|  0%| F|  |TAMS 0x00000007faa00000, 0x00000007faa00000| Untracked 
|2006|0x00000007fac00000, 0x00000007fac00000, 0x00000007fae00000|  0%| F|  |TAMS 0x00000007fac00000, 0x00000007fac00000| Untracked 
|2007|0x00000007fae00000, 0x00000007fae00000, 0x00000007fb000000|  0%| F|  |TAMS 0x00000007fae00000, 0x00000007fae00000| Untracked 
|2008|0x00000007fb000000, 0x00000007fb000000, 0x00000007fb200000|  0%| F|  |TAMS 0x00000007fb000000, 0x00000007fb000000| Untracked 
|2009|0x00000007fb200000, 0x00000007fb200000, 0x00000007fb400000|  0%| F|  |TAMS 0x00000007fb200000, 0x00000007fb200000| Untracked 
|2010|0x00000007fb400000, 0x00000007fb400000, 0x00000007fb600000|  0%| F|  |TAMS 0x00000007fb400000, 0x00000007fb400000| Untracked 
|2011|0x00000007fb600000, 0x00000007fb600000, 0x00000007fb800000|  0%| F|  |TAMS 0x00000007fb600000, 0x00000007fb600000| Untracked 
|2012|0x00000007fb800000, 0x00000007fb800000, 0x00000007fba00000|  0%| F|  |TAMS 0x00000007fb800000, 0x00000007fb800000| Untracked 
|2013|0x00000007fba00000, 0x00000007fba00000, 0x00000007fbc00000|  0%| F|  |TAMS 0x00000007fba00000, 0x00000007fba00000| Untracked 
|2014|0x00000007fbc00000, 0x00000007fbc00000, 0x00000007fbe00000|  0%| F|  |TAMS 0x00000007fbc00000, 0x00000007fbc00000| Untracked 
|2015|0x00000007fbe00000, 0x00000007fbe00000, 0x00000007fc000000|  0%| F|  |TAMS 0x00000007fbe00000, 0x00000007fbe00000| Untracked 
|2016|0x00000007fc000000, 0x00000007fc000000, 0x00000007fc200000|  0%| F|  |TAMS 0x00000007fc000000, 0x00000007fc000000| Untracked 
|2017|0x00000007fc200000, 0x00000007fc200000, 0x00000007fc400000|  0%| F|  |TAMS 0x00000007fc200000, 0x00000007fc200000| Untracked 
|2018|0x00000007fc400000, 0x00000007fc400000, 0x00000007fc600000|  0%| F|  |TAMS 0x00000007fc400000, 0x00000007fc400000| Untracked 
|2019|0x00000007fc600000, 0x00000007fc600000, 0x00000007fc800000|  0%| F|  |TAMS 0x00000007fc600000, 0x00000007fc600000| Untracked 
|2020|0x00000007fc800000, 0x00000007fc800000, 0x00000007fca00000|  0%| F|  |TAMS 0x00000007fc800000, 0x00000007fc800000| Untracked 
|2021|0x00000007fca00000, 0x00000007fca00000, 0x00000007fcc00000|  0%| F|  |TAMS 0x00000007fca00000, 0x00000007fca00000| Untracked 
|2022|0x00000007fcc00000, 0x00000007fcc00000, 0x00000007fce00000|  0%| F|  |TAMS 0x00000007fcc00000, 0x00000007fcc00000| Untracked 
|2023|0x00000007fce00000, 0x00000007fce00000, 0x00000007fd000000|  0%| F|  |TAMS 0x00000007fce00000, 0x00000007fce00000| Untracked 
|2024|0x00000007fd000000, 0x00000007fd000000, 0x00000007fd200000|  0%| F|  |TAMS 0x00000007fd000000, 0x00000007fd000000| Untracked 
|2025|0x00000007fd200000, 0x00000007fd200000, 0x00000007fd400000|  0%| F|  |TAMS 0x00000007fd200000, 0x00000007fd200000| Untracked 
|2026|0x00000007fd400000, 0x00000007fd400000, 0x00000007fd600000|  0%| F|  |TAMS 0x00000007fd400000, 0x00000007fd400000| Untracked 
|2027|0x00000007fd600000, 0x00000007fd600000, 0x00000007fd800000|  0%| F|  |TAMS 0x00000007fd600000, 0x00000007fd600000| Untracked 
|2028|0x00000007fd800000, 0x00000007fd800000, 0x00000007fda00000|  0%| F|  |TAMS 0x00000007fd800000, 0x00000007fd800000| Untracked 
|2029|0x00000007fda00000, 0x00000007fda00000, 0x00000007fdc00000|  0%| F|  |TAMS 0x00000007fda00000, 0x00000007fda00000| Untracked 
|2030|0x00000007fdc00000, 0x00000007fdc00000, 0x00000007fde00000|  0%| F|  |TAMS 0x00000007fdc00000, 0x00000007fdc00000| Untracked 
|2031|0x00000007fde00000, 0x00000007fde00000, 0x00000007fe000000|  0%| F|  |TAMS 0x00000007fde00000, 0x00000007fde00000| Untracked 
|2032|0x00000007fe000000, 0x00000007fe000000, 0x00000007fe200000|  0%| F|  |TAMS 0x00000007fe000000, 0x00000007fe000000| Untracked 
|2033|0x00000007fe200000, 0x00000007fe200000, 0x00000007fe400000|  0%| F|  |TAMS 0x00000007fe200000, 0x00000007fe200000| Untracked 
|2034|0x00000007fe400000, 0x00000007fe400000, 0x00000007fe600000|  0%| F|  |TAMS 0x00000007fe400000, 0x00000007fe400000| Untracked 
|2035|0x00000007fe600000, 0x00000007fe600000, 0x00000007fe800000|  0%| F|  |TAMS 0x00000007fe600000, 0x00000007fe600000| Untracked 
|2036|0x00000007fe800000, 0x00000007fe800000, 0x00000007fea00000|  0%| F|  |TAMS 0x00000007fe800000, 0x00000007fe800000| Untracked 
|2037|0x00000007fea00000, 0x00000007fea00000, 0x00000007fec00000|  0%| F|  |TAMS 0x00000007fea00000, 0x00000007fea00000| Untracked 
|2038|0x00000007fec00000, 0x00000007fec00000, 0x00000007fee00000|  0%| F|  |TAMS 0x00000007fec00000, 0x00000007fec00000| Untracked 
|2039|0x00000007fee00000, 0x00000007fee00000, 0x00000007ff000000|  0%| F|  |TAMS 0x00000007fee00000, 0x00000007fee00000| Untracked 
|2040|0x00000007ff000000, 0x00000007ff000000, 0x00000007ff200000|  0%| F|  |TAMS 0x00000007ff000000, 0x00000007ff000000| Untracked 
|2041|0x00000007ff200000, 0x00000007ff200000, 0x00000007ff400000|  0%| F|  |TAMS 0x00000007ff200000, 0x00000007ff200000| Untracked 
|2042|0x00000007ff400000, 0x00000007ff4bc180, 0x00000007ff600000| 36%| E|  |TAMS 0x00000007ff400000, 0x00000007ff400000| Complete 
|2043|0x00000007ff600000, 0x00000007ff800000, 0x00000007ff800000|100%| E|CS|TAMS 0x00000007ff600000, 0x00000007ff600000| Complete 
|2044|0x00000007ff800000, 0x00000007ffa00000, 0x00000007ffa00000|100%| E|CS|TAMS 0x00000007ff800000, 0x00000007ff800000| Complete 
|2045|0x00000007ffa00000, 0x00000007ffc00000, 0x00000007ffc00000|100%| E|CS|TAMS 0x00000007ffa00000, 0x00000007ffa00000| Complete 
|2046|0x00000007ffc00000, 0x00000007ffd6c000, 0x00000007ffe00000| 71%|OA|  |TAMS 0x00000007ffd6c000, 0x00000007ffc00000| Untracked 
|2047|0x00000007ffe00000, 0x00000007ffe70000, 0x0000000800000000| 21%|CA|  |TAMS 0x00000007ffe70000, 0x00000007ffe00000| Untracked 

Card table byte_map: [0x0000000109cd8000,0x000000010a4d8000] _byte_map_base: 0x00000001064d8000

Marking Bits (Prev, Next): (CMBitMap*) 0x0000000130038c50, (CMBitMap*) 0x0000000130038c10
 Prev Bits: [0x0000000118000000, 0x000000011c000000)
 Next Bits: [0x000000010acd8000, 0x000000010ecd8000)

Polling page: 0x0000000102970000

Metaspace:

Usage:
  Non-class:    270.18 MB used.
      Class:     54.57 MB used.
       Both:    324.75 MB used.

Virtual space:
  Non-class space:      320.00 MB reserved,     271.56 MB ( 85%) committed,  5 nodes.
      Class space:        1.00 GB reserved,      55.69 MB (  5%) committed,  1 nodes.
             Both:        1.31 GB reserved,     327.25 MB ( 24%) committed. 

Chunk freelists:
   Non-Class:  330.00 KB
       Class:  8.16 MB
        Both:  8.48 MB

MaxMetaspaceSize: unlimited
CompressedClassSpaceSize: 1.00 GB
Initial GC threshold: 21.00 MB
Current GC threshold: 544.81 MB
CDS: on
MetaspaceReclaimPolicy: balanced
 - commit_granule_bytes: 65536.
 - commit_granule_words: 8192.
 - virtual_space_node_default_size: 8388608.
 - enlarge_chunks_in_place: 1.
 - new_chunks_are_fully_committed: 0.
 - uncommit_free_chunks: 1.
 - use_allocation_guard: 0.
 - handle_deallocations: 1.


Internal statistics:

num_allocs_failed_limit: 6.
num_arena_births: 4242.
num_arena_deaths: 4.
num_vsnodes_births: 6.
num_vsnodes_deaths: 0.
num_space_committed: 5229.
num_space_uncommitted: 0.
num_chunks_returned_to_freelist: 10.
num_chunks_taken_from_freelist: 17366.
num_chunk_merges: 6.
num_chunk_splits: 12409.
num_chunks_enlarged: 9897.
num_inconsistent_stats: 0.

CodeHeap 'non-profiled nmethods': size=120032Kb used=68945Kb max_used=68945Kb free=51086Kb
 bounds [0x0000000147ac8000, 0x000000014be28000, 0x000000014f000000]
CodeHeap 'profiled nmethods': size=120016Kb used=67132Kb max_used=73694Kb free=52883Kb
 bounds [0x0000000140000000, 0x00000001448a0000, 0x0000000147534000]
CodeHeap 'non-nmethods': size=5712Kb used=3361Kb max_used=3523Kb free=2350Kb
 bounds [0x0000000147534000, 0x00000001478c4000, 0x0000000147ac8000]
 total_blobs=47222 nmethods=43887 adapters=3246
 compilation: enabled
              stopped_count=0, restarted_count=0
 full_count=0

Compilation events (20 events):
Event: 1100.762 Thread 0x000000012f80b600 96961       4       net.minecraft.class_1047::method_4540 (48 bytes)
Event: 1100.762 Thread 0x000000012f80b600 nmethod 96961 0x000000014be16f90 code [0x000000014be17140, 0x000000014be171e0]
Event: 1100.762 Thread 0x000000012f80bc00 96962       3       com.mojang.blaze3d.platform.GlStateManager::_deleteTexture (53 bytes)
Event: 1100.763 Thread 0x000000012f80bc00 nmethod 96962 0x0000000141edb390 code [0x0000000141edb6c0, 0x0000000141edc2b8]
Event: 1100.767 Thread 0x000000012f80bc00 96965       3       it.unimi.dsi.fastutil.ints.Int2ObjectOpenHashMap::removeEntry (74 bytes)
Event: 1100.768 Thread 0x000000012f80bc00 nmethod 96965 0x00000001423da710 code [0x00000001423da900, 0x00000001423dad78]
Event: 1100.769 Thread 0x000000012f80b600 96967 %     4       it.unimi.dsi.fastutil.ints.Int2ObjectOpenHashMap::rehash @ 50 (171 bytes)
Event: 1100.769 Thread 0x000000012f80bc00 96968       3       it.unimi.dsi.fastutil.ints.Int2ObjectOpenHashMap::shiftKeys (115 bytes)
Event: 1100.770 Thread 0x000000012f80bc00 nmethod 96968 0x000000014366f290 code [0x000000014366f4c0, 0x000000014366fcd8]
Event: 1100.770 Thread 0x000000012f80bc00 96969       3       net.minecraft.class_1044::method_4528 (39 bytes)
Event: 1100.770 Thread 0x000000012f80bc00 nmethod 96969 0x0000000143e05090 code [0x0000000143e05340, 0x0000000143e05c18]
Event: 1100.776 Thread 0x000000012f80b600 nmethod 96967% 0x000000014be17290 code [0x000000014be174c0, 0x000000014be17f10]
Event: 1100.776 Thread 0x000000012f80b600 96973   !   4       sun.nio.cs.StreamEncoder::write (78 bytes)
Event: 1100.776 Thread 0x000000012f80bc00 96974       1       net.minecraft.class_7172::method_42404 (5 bytes)
Event: 1100.777 Thread 0x000000012f80bc00 nmethod 96974 0x000000014be18310 code [0x000000014be18480, 0x000000014be18518]
Event: 1100.781 Thread 0x000000012f80b600 nmethod 96973 0x000000014be18610 code [0x000000014be188c0, 0x000000014be19520]
Event: 1100.781 Thread 0x000000012f80b600 96975       4       sun.nio.cs.StreamEncoder::implWrite (137 bytes)
Event: 1100.785 Thread 0x000000012f80b600 nmethod 96975 0x000000014be1a010 code [0x000000014be1a280, 0x000000014be1a980]
Event: 1100.785 Thread 0x000000012f80b600 96976   !   4       java.io.PrintWriter::write (58 bytes)
Event: 1100.789 Thread 0x000000012f80b600 nmethod 96976 0x000000014be1b090 code [0x000000014be1b300, 0x000000014be1bdd0]

GC Heap History (20 events):
Event: 966.661 GC heap before
{Heap before GC invocations=220 (full 0):
 garbage-first heap   total 4194304K, used 3632147K [0x0000000700000000, 0x0000000800000000)
  region size 2048K, 809 young (1656832K), 4 survivors (8192K)
 Metaspace       used 332151K, committed 334720K, reserved 1376256K
  class space    used 55818K, committed 56960K, reserved 1048576K
}
Event: 966.668 GC heap after
{Heap after GC invocations=221 (full 0):
 garbage-first heap   total 4194304K, used 1983857K [0x0000000700000000, 0x0000000800000000)
  region size 2048K, 4 young (8192K), 4 survivors (8192K)
 Metaspace       used 332151K, committed 334720K, reserved 1376256K
  class space    used 55818K, committed 56960K, reserved 1048576K
}
Event: 992.757 GC heap before
{Heap before GC invocations=221 (full 0):
 garbage-first heap   total 4194304K, used 3659121K [0x0000000700000000, 0x0000000800000000)
  region size 2048K, 822 young (1683456K), 4 survivors (8192K)
 Metaspace       used 332151K, committed 334720K, reserved 1376256K
  class space    used 55818K, committed 56960K, reserved 1048576K
}
Event: 992.766 GC heap after
{Heap after GC invocations=222 (full 0):
 garbage-first heap   total 4194304K, used 1984935K [0x0000000700000000, 0x0000000800000000)
  region size 2048K, 4 young (8192K), 4 survivors (8192K)
 Metaspace       used 332151K, committed 334720K, reserved 1376256K
  class space    used 55818K, committed 56960K, reserved 1048576K
}
Event: 1019.316 GC heap before
{Heap before GC invocations=222 (full 0):
 garbage-first heap   total 4194304K, used 3678631K [0x0000000700000000, 0x0000000800000000)
  region size 2048K, 831 young (1701888K), 4 survivors (8192K)
 Metaspace       used 332151K, committed 334720K, reserved 1376256K
  class space    used 55818K, committed 56960K, reserved 1048576K
}
Event: 1019.323 GC heap after
{Heap after GC invocations=223 (full 0):
 garbage-first heap   total 4194304K, used 1984950K [0x0000000700000000, 0x0000000800000000)
  region size 2048K, 4 young (8192K), 4 survivors (8192K)
 Metaspace       used 332151K, committed 334720K, reserved 1376256K
  class space    used 55818K, committed 56960K, reserved 1048576K
}
Event: 1045.939 GC heap before
{Heap before GC invocations=224 (full 0):
 garbage-first heap   total 4194304K, used 3697078K [0x0000000700000000, 0x0000000800000000)
  region size 2048K, 840 young (1720320K), 4 survivors (8192K)
 Metaspace       used 332153K, committed 334720K, reserved 1376256K
  class space    used 55818K, committed 56960K, reserved 1048576K
}
Event: 1045.960 GC heap after
{Heap after GC invocations=225 (full 0):
 garbage-first heap   total 4194304K, used 1985089K [0x0000000700000000, 0x0000000800000000)
  region size 2048K, 4 young (8192K), 4 survivors (8192K)
 Metaspace       used 332153K, committed 334720K, reserved 1376256K
  class space    used 55818K, committed 56960K, reserved 1048576K
}
Event: 1049.162 GC heap before
{Heap before GC invocations=225 (full 0):
 garbage-first heap   total 4194304K, used 2185793K [0x0000000700000000, 0x0000000800000000)
  region size 2048K, 102 young (208896K), 4 survivors (8192K)
 Metaspace       used 332153K, committed 334720K, reserved 1376256K
  class space    used 55818K, committed 56960K, reserved 1048576K
}
Event: 1049.225 GC heap after
{Heap after GC invocations=226 (full 0):
 garbage-first heap   total 4194304K, used 1969838K [0x0000000700000000, 0x0000000800000000)
  region size 2048K, 4 young (8192K), 4 survivors (8192K)
 Metaspace       used 332153K, committed 334720K, reserved 1376256K
  class space    used 55818K, committed 56960K, reserved 1048576K
}
Event: 1071.715 GC heap before
{Heap before GC invocations=226 (full 0):
 garbage-first heap   total 4194304K, used 3706542K [0x0000000700000000, 0x0000000800000000)
  region size 2048K, 853 young (1746944K), 4 survivors (8192K)
 Metaspace       used 332233K, committed 334784K, reserved 1376256K
  class space    used 55829K, committed 56960K, reserved 1048576K
}
Event: 1071.738 GC heap after
{Heap after GC invocations=227 (full 0):
 garbage-first heap   total 4194304K, used 1983594K [0x0000000700000000, 0x0000000800000000)
  region size 2048K, 11 young (22528K), 11 survivors (22528K)
 Metaspace       used 332233K, committed 334784K, reserved 1376256K
  class space    used 55829K, committed 56960K, reserved 1048576K
}
Event: 1074.106 GC heap before
{Heap before GC invocations=227 (full 0):
 garbage-first heap   total 4194304K, used 2282602K [0x0000000700000000, 0x0000000800000000)
  region size 2048K, 159 young (325632K), 11 survivors (22528K)
 Metaspace       used 332242K, committed 334848K, reserved 1376256K
  class space    used 55829K, committed 56960K, reserved 1048576K
}
Event: 1074.115 GC heap after
{Heap after GC invocations=228 (full 0):
 garbage-first heap   total 4194304K, used 1986866K [0x0000000700000000, 0x0000000800000000)
  region size 2048K, 13 young (26624K), 13 survivors (26624K)
 Metaspace       used 332242K, committed 334848K, reserved 1376256K
  class space    used 55829K, committed 56960K, reserved 1048576K
}
Event: 1089.406 GC heap before
{Heap before GC invocations=229 (full 0):
 garbage-first heap   total 4194304K, used 3719474K [0x0000000700000000, 0x0000000800000000)
  region size 2048K, 855 young (1751040K), 13 survivors (26624K)
 Metaspace       used 332318K, committed 334912K, reserved 1376256K
  class space    used 55836K, committed 56960K, reserved 1048576K
}
Event: 1089.435 GC heap after
{Heap after GC invocations=230 (full 0):
 garbage-first heap   total 4194304K, used 1985381K [0x0000000700000000, 0x0000000800000000)
  region size 2048K, 12 young (24576K), 12 survivors (24576K)
 Metaspace       used 332318K, committed 334912K, reserved 1376256K
  class space    used 55836K, committed 56960K, reserved 1048576K
}
Event: 1091.168 GC heap before
{Heap before GC invocations=230 (full 0):
 garbage-first heap   total 4194304K, used 2167653K [0x0000000700000000, 0x0000000800000000)
  region size 2048K, 102 young (208896K), 12 survivors (24576K)
 Metaspace       used 332322K, committed 334912K, reserved 1376256K
  class space    used 55836K, committed 56960K, reserved 1048576K
}
Event: 1091.235 GC heap after
{Heap after GC invocations=231 (full 0):
 garbage-first heap   total 4194304K, used 1973496K [0x0000000700000000, 0x0000000800000000)
  region size 2048K, 7 young (14336K), 7 survivors (14336K)
 Metaspace       used 332322K, committed 334912K, reserved 1376256K
  class space    used 55836K, committed 56960K, reserved 1048576K
}
Event: 1099.709 GC heap before
{Heap before GC invocations=231 (full 0):
 garbage-first heap   total 4194304K, used 2649336K [0x0000000700000000, 0x0000000800000000)
  region size 2048K, 337 young (690176K), 7 survivors (14336K)
 Metaspace       used 332461K, committed 334976K, reserved 1376256K
  class space    used 55860K, committed 56960K, reserved 1048576K
}
Event: 1099.713 GC heap after
{Heap after GC invocations=232 (full 0):
 garbage-first heap   total 4194304K, used 1970468K [0x0000000700000000, 0x0000000800000000)
  region size 2048K, 6 young (12288K), 6 survivors (12288K)
 Metaspace       used 332461K, committed 334976K, reserved 1376256K
  class space    used 55860K, committed 56960K, reserved 1048576K
}

Dll operation events (20 events):
Event: 0.068 Loaded shared library /Users/stefano.deblasi/Library/Application Support/ModrinthApp/meta/java_versions/zulu17.64.17-ca-jre17.0.18-macosx_aarch64/zulu-17.jre/Contents/Home/lib/libnet.dylib
Event: 0.072 Loaded shared library /Users/stefano.deblasi/Library/Application Support/ModrinthApp/meta/java_versions/zulu17.64.17-ca-jre17.0.18-macosx_aarch64/zulu-17.jre/Contents/Home/lib/libextnet.dylib
Event: 0.328 Loaded shared library /Users/stefano.deblasi/Library/Application Support/ModrinthApp/meta/java_versions/zulu17.64.17-ca-jre17.0.18-macosx_aarch64/zulu-17.jre/Contents/Home/lib/libmanagement.dylib
Event: 0.329 Loaded shared library /Users/stefano.deblasi/Library/Application Support/ModrinthApp/meta/java_versions/zulu17.64.17-ca-jre17.0.18-macosx_aarch64/zulu-17.jre/Contents/Home/lib/libmanagement_ext.dylib
Event: 0.438 Loaded shared library /Users/stefano.deblasi/Library/Application Support/ModrinthApp/meta/java_versions/zulu17.64.17-ca-jre17.0.18-macosx_aarch64/zulu-17.jre/Contents/Home/lib/libverify.dylib
Event: 1.255 Loaded shared library /Users/stefano.deblasi/Library/Application Support/ModrinthApp/meta/natives/1.20.1-0.18.4/jna10424906943962246628.tmp
Event: 1.394 Loaded shared library /Users/stefano.deblasi/Library/Application Support/ModrinthApp/meta/java_versions/zulu17.64.17-ca-jre17.0.18-macosx_aarch64/zulu-17.jre/Contents/Home/lib/libinstrument.dylib
Event: 1.506 Loaded shared library /Users/stefano.deblasi/Library/Application Support/ModrinthApp/meta/natives/1.20.1-0.18.4/liblwjgl.dylib
Event: 2.924 Loaded shared library /Users/stefano.deblasi/Library/Application Support/ModrinthApp/meta/natives/1.20.1-0.18.4/liblwjgl_opengl.dylib
Event: 9.201 Loaded shared library /Users/stefano.deblasi/Library/Application Support/ModrinthApp/meta/java_versions/zulu17.64.17-ca-jre17.0.18-macosx_aarch64/zulu-17.jre/Contents/Home/lib/libawt.dylib
Event: 9.204 Loaded shared library /Users/stefano.deblasi/Library/Application Support/ModrinthApp/meta/java_versions/zulu17.64.17-ca-jre17.0.18-macosx_aarch64/zulu-17.jre/Contents/Home/lib/libawt_lwawt.dylib
Event: 10.967 Loaded shared library /private/var/folders/pd/smzmx_zx7rdfpvpjh7md1gdc0000gp/T/native-11305291167565239906.dylib
Event: 11.191 Loaded shared library /private/var/folders/pd/smzmx_zx7rdfpvpjh7md1gdc0000gp/T/native-1228034783883668256.dylib
Event: 12.803 Loaded shared library /Users/stefano.deblasi/Library/Application Support/ModrinthApp/profiles/GDCModpack 1.0.0/natives/libEffekseerNativeForJava.dylib
Event: 13.495 Loaded shared library /private/var/folders/pd/smzmx_zx7rdfpvpjh7md1gdc0000gp/T/libzstd-jni_dh-1.5.7-63560477582885222430.dylib
Event: 13.650 Loaded shared library /private/var/folders/pd/smzmx_zx7rdfpvpjh7md1gdc0000gp/T/sqlite-3.47.2.0-43905a49-1847-48c5-834e-e41a9c693f20-libsqlitejdbc.dylib
Event: 15.584 Loaded shared library /private/var/folders/pd/smzmx_zx7rdfpvpjh7md1gdc0000gp/T/libjcocoa13658993086491428436.dylib
Event: 16.599 Loaded shared library /Users/stefano.deblasi/Library/Application Support/ModrinthApp/meta/natives/1.20.1-0.18.4/liblwjgl_stb.dylib
Event: 18.601 Loaded shared library /Users/stefano.deblasi/Library/Application Support/ModrinthApp/profiles/GDCModpack 1.0.0/mods/mcef-libraries/macos_arm64/jcef_app.app/Contents/Java/libjcef.dylib
Event: 18.659 Loaded shared library /Users/stefano.deblasi/Library/Application Support/ModrinthApp/meta/java_versions/zulu17.64.17-ca-jre17.0.18-macosx_aarch64/zulu-17.jre/Contents/Home/lib/libfontmanager.dylib

Deoptimization events (20 events):
Event: 1100.721 Thread 0x000000013000be00 DEOPT PACKING pc=0x000000014bb86360 sp=0x000000016d51c6f0
Event: 1100.721 Thread 0x000000013000be00 DEOPT UNPACKING pc=0x000000014757b91c sp=0x000000016d51c5c0 mode 2
Event: 1100.721 Thread 0x000000013000be00 Uncommon trap: trap_request=0xffffffde fr.pc=0x000000014bb86360 relative=0x00000000000008e0
Event: 1100.721 Thread 0x000000013000be00 Uncommon trap: reason=class_check action=maybe_recompile pc=0x000000014bb86360 method=java.util.concurrent.CompletableFuture.uniAcceptNow(Ljava/lang/Object;Ljava/util/concurrent/Executor;Ljava/util/function/Consumer;)Ljava/util/concurrent/CompletableFutur
Event: 1100.721 Thread 0x000000013000be00 DEOPT PACKING pc=0x000000014bb86360 sp=0x000000016d51c340
Event: 1100.721 Thread 0x000000013000be00 DEOPT UNPACKING pc=0x000000014757b91c sp=0x000000016d51c210 mode 2
Event: 1100.732 Thread 0x000000013000be00 Uncommon trap: trap_request=0xffffff45 fr.pc=0x0000000149bb5d20 relative=0x0000000000000060
Event: 1100.732 Thread 0x000000013000be00 Uncommon trap: reason=unstable_if action=reinterpret pc=0x0000000149bb5d20 method=org.lwjgl.system.MemoryUtil.memFree(Ljava/nio/Buffer;)V @ 1 c2
Event: 1100.732 Thread 0x000000013000be00 DEOPT PACKING pc=0x0000000149bb5d20 sp=0x000000016d51c5f0
Event: 1100.732 Thread 0x000000013000be00 DEOPT UNPACKING pc=0x000000014757b91c sp=0x000000016d51c580 mode 2
Event: 1100.737 Thread 0x000000013000be00 Uncommon trap: trap_request=0xffffffde fr.pc=0x000000014bb86360 relative=0x00000000000008e0
Event: 1100.737 Thread 0x000000013000be00 Uncommon trap: reason=class_check action=maybe_recompile pc=0x000000014bb86360 method=java.util.concurrent.CompletableFuture.uniAcceptNow(Ljava/lang/Object;Ljava/util/concurrent/Executor;Ljava/util/function/Consumer;)Ljava/util/concurrent/CompletableFutur
Event: 1100.737 Thread 0x000000013000be00 DEOPT PACKING pc=0x000000014bb86360 sp=0x000000016d51c4b0
Event: 1100.737 Thread 0x000000013000be00 DEOPT UNPACKING pc=0x000000014757b91c sp=0x000000016d51c380 mode 2
Event: 1100.776 Thread 0x000000013000be00 Uncommon trap: trap_request=0xffffff45 fr.pc=0x000000014bae00a8 relative=0x0000000000000068
Event: 1100.776 Thread 0x000000013000be00 Uncommon trap: reason=unstable_if action=reinterpret pc=0x000000014bae00a8 method=com.google.gson.internal.bind.ObjectTypeAdapter$1.create(Lcom/google/gson/Gson;Lcom/google/gson/reflect/TypeToken;)Lcom/google/gson/TypeAdapter; @ 6 c2
Event: 1100.776 Thread 0x000000013000be00 DEOPT PACKING pc=0x000000014bae00a8 sp=0x000000016d51bfb0
Event: 1100.776 Thread 0x000000013000be00 DEOPT UNPACKING pc=0x000000014757b91c sp=0x000000016d51bf20 mode 2
Event: 1100.777 Thread 0x000000013000be00 DEOPT PACKING pc=0x00000001432eebf0 sp=0x000000016d51c4b0
Event: 1100.777 Thread 0x000000013000be00 DEOPT UNPACKING pc=0x000000014757b77c sp=0x000000016d51c1a0 mode 3

Classes loaded (20 events):
Event: 380.990 Loading class java/util/concurrent/locks/StampedLock$ReaderNode
Event: 380.990 Loading class java/util/concurrent/locks/StampedLock$ReaderNode done
Event: 421.527 Loading class java/util/stream/Stream$2
Event: 421.528 Loading class java/util/stream/Stream$2 done
Event: 617.387 Loading class sun/security/ssl/Alert$AlertMessage
Event: 617.389 Loading class sun/security/ssl/Alert$AlertMessage done
Event: 664.520 Loading class java/awt/image/DataBufferUShort
Event: 664.521 Loading class java/awt/image/DataBufferUShort done
Event: 664.534 Loading class sun/awt/image/ShortInterleavedRaster
Event: 664.535 Loading class sun/awt/image/ShortInterleavedRaster done
Event: 715.982 Loading class java/util/DualPivotQuicksort$Sorter
Event: 715.984 Loading class java/util/DualPivotQuicksort$Sorter done
Event: 1097.437 Loading class java/util/WeakHashMap$KeySpliterator
Event: 1097.440 Loading class java/util/WeakHashMap$WeakHashMapSpliterator
Event: 1097.440 Loading class java/util/WeakHashMap$WeakHashMapSpliterator done
Event: 1097.440 Loading class java/util/WeakHashMap$KeySpliterator done
Event: 1099.679 Loading class java/util/concurrent/ConcurrentLinkedDeque$Itr
Event: 1099.680 Loading class java/util/concurrent/ConcurrentLinkedDeque$AbstractItr
Event: 1099.680 Loading class java/util/concurrent/ConcurrentLinkedDeque$AbstractItr done
Event: 1099.680 Loading class java/util/concurrent/ConcurrentLinkedDeque$Itr done

Classes unloaded (2 events):
Event: 377.382 Thread 0x000000010f607510 Unloading class 0x0000000304378000 'java/lang/invoke/LambdaForm$DMH+0x0000000304378000'
Event: 377.382 Thread 0x000000010f607510 Unloading class 0x0000000303dd0000 'com/lx862/mtrscripting/lib/org/mozilla/javascript/gen/c_1'

Classes redefined (2 events):
Event: 1.423 Thread 0x000000010f607510 redefined class name=net.fabricmc.loader.impl.launch.knot.KnotClassDelegate, count=1
Event: 1.452 Thread 0x000000010f607510 redefined class name=net.fabricmc.loader.impl.FabricLoaderImpl, count=1

Internal exceptions (20 events):
Event: 716.370 Thread 0x000000013000be00 Exception <a 'sun/nio/fs/UnixException'{0x00000007a9de5028}> (0x00000007a9de5028) 
thrown [src/hotspot/share/prims/jni.cpp, line 516]
Event: 733.225 Thread 0x000000013000be00 Exception <a 'java/lang/NoSuchMethodError'{0x00000007b976c2b8}: 'java.lang.Object java.lang.invoke.DirectMethodHandle$Holder.newInvokeSpecial(java.lang.Object, double, double, double)'> (0x00000007b976c2b8) 
thrown [src/hotspot/share/interpreter/linkResolver.cpp, line 759]
Event: 738.427 Thread 0x000000013000be00 Exception <a 'java/lang/NoSuchMethodError'{0x000000079c667c08}: 'java.lang.Object java.lang.invoke.DirectMethodHandle$Holder.newInvokeSpecial(java.lang.Object, java.lang.Object, java.lang.Object, java.lang.Object, int, int, java.lang.Object)'> (0x000000079c667c08) 
thrown [src/hotspot/share/interpreter/linkResolver.cpp, line 759]
Event: 738.427 Thread 0x000000013000be00 Exception <a 'java/lang/NoSuchMethodError'{0x000000079c66f760}: 'java.lang.Object java.lang.invoke.Invokers$Holder.linkToTargetMethod(java.lang.Object, java.lang.Object, java.lang.Object, int, int, java.lang.Object, java.lang.Object)'> (0x000000079c66f760) 
thrown [src/hotspot/share/interpreter/linkResolver.cpp, line 759]
Event: 755.086 Thread 0x000000013000be00 Exception <a 'java/lang/NoSuchMethodError'{0x00000007aa242018}: 'void java.lang.invoke.DirectMethodHandle$Holder.invokeStatic(java.lang.Object, long)'> (0x00000007aa242018) 
thrown [src/hotspot/share/interpreter/linkResolver.cpp, line 759]
Event: 845.052 Thread 0x000000013000be00 Implicit null exception at 0x000000014b7c3ac0 to 0x000000014b7c3e20
Event: 849.946 Thread 0x000000013000be00 Implicit null exception at 0x000000014af71ddc to 0x000000014af72230
Event: 872.705 Thread 0x000000011e00b800 Exception <a 'java/lang/NoSuchMethodError'{0x00000007f5832968}: 'java.lang.Object java.lang.invoke.DirectMethodHandle$Holder.invokeStatic(java.lang.Object, int, java.lang.Object, int)'> (0x00000007f5832968) 
thrown [src/hotspot/share/interpreter/linkResolver.cpp, line 759]
Event: 872.732 Thread 0x000000013000be00 Exception <a 'java/lang/NoSuchMethodError'{0x00000007f5146fa0}: 'java.lang.Object java.lang.invoke.DirectMethodHandle$Holder.newInvokeSpecial(java.lang.Object, java.lang.Object, java.lang.Object, java.lang.Object, java.lang.Object, java.lang.Object, int, java.lang.Object)'> (0x00000007f5146fa0) 
thrown [src/hotspot/share/interpreter/linkResolver.cpp, line 759]
Event: 872.732 Thread 0x000000013000be00 Exception <a 'java/lang/NoSuchMethodError'{0x00000007f514bb88}: 'java.lang.Object java.lang.invoke.Invokers$Holder.linkToTargetMethod(java.lang.Object, java.lang.Object, java.lang.Object, java.lang.Object, java.lang.Object, int, java.lang.Object, java.lang.Object)'> (0x00000007f514bb88) 
thrown [src/hotspot/share/interpreter/linkResolver.cpp, line 759]
Event: 911.204 Thread 0x000000013000be00 Exception <a 'java/lang/NoSuchMethodError'{0x00000007f39b1348}: 'java.lang.Object java.lang.invoke.DirectMethodHandle$Holder.newInvokeSpecial(java.lang.Object, java.lang.Object, java.lang.Object, int, float)'> (0x00000007f39b1348) 
thrown [src/hotspot/share/interpreter/linkResolver.cpp, line 759]
Event: 911.204 Thread 0x000000013000be00 Exception <a 'java/lang/NoSuchMethodError'{0x00000007f39b8b30}: 'java.lang.Object java.lang.invoke.Invokers$Holder.linkToTargetMethod(java.lang.Object, java.lang.Object, int, float, java.lang.Object)'> (0x00000007f39b8b30) 
thrown [src/hotspot/share/interpreter/linkResolver.cpp, line 759]
Event: 1099.685 Thread 0x000000011e8f4800 Exception <a 'java/lang/InterruptedException'{0x00000007d5f25cb0}: sleep interrupted> (0x00000007d5f25cb0) 
thrown [src/hotspot/share/prims/jvm.cpp, line 3064]
Event: 1099.685 Thread 0x0000000445e28600 Implicit null exception at 0x0000000149b53f98 to 0x0000000149b54dec
Event: 1099.686 Thread 0x000000010f9fb400 Exception <a 'java/lang/InterruptedException'{0x00000007d60a8308}: sleep interrupted> (0x00000007d60a8308) 
thrown [src/hotspot/share/prims/jvm.cpp, line 3064]
Event: 1099.688 Thread 0x0000000444eed000 Exception <a 'sun/nio/fs/UnixException'{0x00000007d5a06ac0}> (0x00000007d5a06ac0) 
thrown [src/hotspot/share/prims/jni.cpp, line 516]
Event: 1099.693 Thread 0x0000000444eed000 Exception <a 'sun/nio/fs/UnixException'{0x00000007d5a7b458}> (0x00000007d5a7b458) 
thrown [src/hotspot/share/prims/jni.cpp, line 516]
Event: 1099.693 Thread 0x0000000444eed000 Exception <a 'sun/nio/fs/UnixException'{0x00000007d5a7b9a8}> (0x00000007d5a7b9a8) 
thrown [src/hotspot/share/prims/jni.cpp, line 516]
Event: 1100.721 Thread 0x000000013000be00 Implicit null exception at 0x000000014b2bc340 to 0x000000014b2bc9cc
Event: 1100.732 Thread 0x000000013000be00 Implicit null exception at 0x0000000149bb5cd8 to 0x0000000149bb5d14

VM Operations (20 events):
Event: 1091.168 Executing VM operation: G1CollectForAllocation
Event: 1091.235 Executing VM operation: G1CollectForAllocation done
Event: 1095.246 Executing VM operation: Cleanup
Event: 1095.246 Executing VM operation: Cleanup done
Event: 1096.248 Executing VM operation: Cleanup
Event: 1096.248 Executing VM operation: Cleanup done
Event: 1097.253 Executing VM operation: Cleanup
Event: 1097.253 Executing VM operation: Cleanup done
Event: 1097.444 Executing VM operation: HandshakeAllThreads
Event: 1097.445 Executing VM operation: HandshakeAllThreads done
Event: 1098.450 Executing VM operation: Cleanup
Event: 1098.450 Executing VM operation: Cleanup done
Event: 1099.454 Executing VM operation: Cleanup
Event: 1099.454 Executing VM operation: Cleanup done
Event: 1099.709 Executing VM operation: G1CollectFull
Event: 1099.709 Executing VM operation: G1CollectFull done
Event: 1099.709 Executing VM operation: G1CollectForAllocation
Event: 1099.713 Executing VM operation: G1CollectForAllocation done
Event: 1100.718 Executing VM operation: Cleanup
Event: 1100.718 Executing VM operation: Cleanup done

Memory protections (20 events):
Event: 1099.687 Protecting memory [0x00000004bf52c000,0x00000004bf538000] with protection modes 3
Event: 1099.687 Protecting memory [0x00000004c0fd8000,0x00000004c0fe4000] with protection modes 3
Event: 1099.687 Protecting memory [0x00000004bea70000,0x00000004bea7c000] with protection modes 3
Event: 1099.687 Protecting memory [0x0000000470504000,0x0000000470510000] with protection modes 3
Event: 1099.687 Protecting memory [0x00000003870b8000,0x00000003870c4000] with protection modes 0
Event: 1099.688 Protecting memory [0x0000000344428000,0x0000000344434000] with protection modes 3
Event: 1099.718 Protecting memory [0x0000000172844000,0x0000000172850000] with protection modes 3
Event: 1099.719 Protecting memory [0x0000000344428000,0x0000000344434000] with protection modes 0
Event: 1099.807 Protecting memory [0x0000000172844000,0x0000000172850000] with protection modes 0
Event: 1099.807 Protecting memory [0x0000000172844000,0x0000000172850000] with protection modes 3
Event: 1100.110 Protecting memory [0x0000000172844000,0x0000000172850000] with protection modes 0
Event: 1100.383 Protecting memory [0x0000000475050000,0x000000047505c000] with protection modes 3
Event: 1100.646 Protecting memory [0x00000004bc504000,0x00000004bc510000] with protection modes 3
Event: 1100.646 Protecting memory [0x00000004bd248000,0x00000004bd254000] with protection modes 3
Event: 1100.736 Protecting memory [0x0000000344428000,0x0000000344434000] with protection modes 3
Event: 1100.736 Protecting memory [0x00000003898c0000,0x00000003898cc000] with protection modes 0
Event: 1100.770 Protecting memory [0x00000003979dc000,0x00000003979e8000] with protection modes 3
Event: 1100.770 Protecting memory [0x00000003698c4000,0x00000003698d0000] with protection modes 3
Event: 1100.770 Protecting memory [0x0000000397be8000,0x0000000397bf4000] with protection modes 3
Event: 1100.771 Protecting memory [0x00000003bcac4000,0x00000003bcad0000] with protection modes 3

Nmethod flushes (20 events):
Event: 1097.524 Thread 0x000000012f814200 flushing  nmethod 0x0000000141e14c10
Event: 1097.538 Thread 0x000000012f814200 flushing  nmethod 0x0000000142631410
Event: 1097.540 Thread 0x000000012f814200 flushing  nmethod 0x0000000142879b10
Event: 1097.544 Thread 0x000000012f814200 flushing  nmethod 0x0000000142987490
Event: 1097.549 Thread 0x000000012f814200 flushing  nmethod 0x0000000142db5210
Event: 1097.553 Thread 0x000000012f814200 flushing  nmethod 0x000000014314bb90
Event: 1097.554 Thread 0x000000012f814200 flushing  nmethod 0x00000001432f3390
Event: 1097.554 Thread 0x000000012f814200 flushing  nmethod 0x0000000143340890
Event: 1097.555 Thread 0x000000012f814200 flushing  nmethod 0x0000000143406590
Event: 1097.556 Thread 0x000000012f814200 flushing  nmethod 0x0000000143543d90
Event: 1097.557 Thread 0x000000012f814200 flushing  nmethod 0x000000014362eb90
Event: 1097.557 Thread 0x000000012f814200 flushing  nmethod 0x000000014379ec90
Event: 1097.559 Thread 0x000000012f814200 flushing  nmethod 0x000000014389d410
Event: 1097.561 Thread 0x000000012f814200 flushing  nmethod 0x0000000143bf7e10
Event: 1097.563 Thread 0x000000012f814200 flushing  nmethod 0x000000014403b490
Event: 1097.564 Thread 0x000000012f814200 flushing  nmethod 0x00000001442ce110
Event: 1097.564 Thread 0x000000012f814200 flushing  nmethod 0x00000001444aec10
Event: 1097.565 Thread 0x000000012f814200 flushing  nmethod 0x0000000144622490
Event: 1097.565 Thread 0x000000012f814200 flushing  nmethod 0x0000000144640d10
Event: 1097.565 Thread 0x000000012f814200 flushing  nmethod 0x0000000144646310

Events (20 events):
Event: 1099.687 Thread 0x000000011e438600 Thread exited: 0x000000011e438600
Event: 1099.687 Thread 0x00000003e3ce6600 Thread exited: 0x00000003e3ce6600
Event: 1099.687 Thread 0x000000043f7bf800 Thread exited: 0x000000043f7bf800
Event: 1099.687 Thread 0x000000011e8f9200 Thread exited: 0x000000011e8f9200
Event: 1099.687 Thread 0x000000011e00b800 Thread added: 0x0000000444eed000
Event: 1099.688 Thread 0x000000011e032c00 Thread exited: 0x000000011e032c00
Event: 1099.719 Thread 0x000000013000be00 Thread added: 0x000000014f96bc00
Event: 1099.719 Thread 0x000000011e055400 Thread exited: 0x000000011e055400
Event: 1099.807 Thread 0x0000000459ab7600 Thread added: 0x0000000399646e00
Event: 1099.807 Thread 0x0000000399646e00 Thread exited: 0x0000000399646e00
Event: 1100.110 Thread 0x0000000459ab7600 Thread added: 0x0000000399646e00
Event: 1100.383 Thread 0x0000000131d4a600 Thread exited: 0x0000000131d4a600
Event: 1100.646 Thread 0x000000047c76d800 Thread exited: 0x000000047c76d800
Event: 1100.646 Thread 0x00000004e0c28e00 Thread exited: 0x00000004e0c28e00
Event: 1100.736 Thread 0x000000014f96bc00 Thread exited: 0x000000014f96bc00
Event: 1100.736 Thread 0x000000013000be00 Thread added: 0x0000000131d4a600
Event: 1100.770 Thread 0x00000001310b1800 Thread exited: 0x00000001310b1800
Event: 1100.770 Thread 0x000000016856b400 Thread exited: 0x000000016856b400
Event: 1100.770 Thread 0x000000013180de00 Thread exited: 0x000000013180de00
Event: 1100.771 Thread 0x000000014fb1e400 Thread exited: 0x000000014fb1e400


Dynamic libraries:
0x000000010291c000 	/Users/stefano.deblasi/Library/Application Support/ModrinthApp/meta/java_versions/zulu17.64.17-ca-jre17.0.18-macosx_aarch64/zulu-17.jre/Contents/Home/lib/libjli.dylib
0x00000001ab4fa000 	/System/Library/Frameworks/Cocoa.framework/Versions/A/Cocoa
0x0000000190a43000 	/System/Library/Frameworks/AppKit.framework/Versions/C/AppKit
0x000000019408c000 	/System/Library/Frameworks/CoreData.framework/Versions/A/CoreData
0x000000018de43000 	/System/Library/Frameworks/Foundation.framework/Versions/C/Foundation
0x000000019bfcb000 	/usr/lib/libSystem.B.dylib
0x0000000192173000 	/System/Library/PrivateFrameworks/UIFoundation.framework/Versions/A/UIFoundation
0x0000000242a57000 	/System/Library/PrivateFrameworks/CollectionViewCore.framework/Versions/A/CollectionViewCore
0x0000000199397000 	/System/Library/PrivateFrameworks/XCTTargetBootstrap.framework/Versions/A/XCTTargetBootstrap
0x000000019e948000 	/System/Library/PrivateFrameworks/InternationalSupport.framework/Versions/A/InternationalSupport
0x000000019eca2000 	/System/Library/PrivateFrameworks/UserActivity.framework/Versions/A/UserActivity
0x000000019471c000 	/System/Library/PrivateFrameworks/BaseBoard.framework/Versions/A/BaseBoard
0x000000024b1fb000 	/System/Library/PrivateFrameworks/FrontBoard.framework/Versions/A/FrontBoard
0x00000001a634e000 	/System/Library/PrivateFrameworks/FrontBoardServices.framework/Versions/A/FrontBoardServices
0x0000000286a78000 	/usr/lib/libRosetta.dylib
0x000000027a37d000 	/System/Library/PrivateFrameworks/UIIntelligenceSupport.framework/Versions/A/UIIntelligenceSupport
0x00000002379fa000 	/System/Library/Frameworks/SwiftUICore.framework/Versions/A/SwiftUICore
0x00000002808f7000 	/System/Library/PrivateFrameworks/WritingTools.framework/Versions/A/WritingTools
0x000000027f74d000 	/System/Library/PrivateFrameworks/WindowManagement.framework/Versions/A/WindowManagement
0x000000018daa2000 	/System/Library/Frameworks/SystemConfiguration.framework/Versions/A/SystemConfiguration
0x000000019dc65000 	/usr/lib/libspindump.dylib
0x000000019232e000 	/System/Library/Frameworks/UniformTypeIdentifiers.framework/Versions/A/UniformTypeIdentifiers
0x000000019b276000 	/usr/lib/libbsm.0.dylib
0x0000000196aa4000 	/usr/lib/libapp_launch_measurement.dylib
0x0000000195daa000 	/System/Library/PrivateFrameworks/CoreAnalytics.framework/Versions/A/CoreAnalytics
0x0000000196aa8000 	/System/Library/PrivateFrameworks/CoreAutoLayout.framework/Versions/A/CoreAutoLayout
0x00000001988e2000 	/System/Library/Frameworks/Metal.framework/Versions/A/Metal
0x0000000199ce2000 	/usr/lib/liblangid.dylib
0x000000019939d000 	/System/Library/PrivateFrameworks/CoreSVG.framework/Versions/A/CoreSVG
0x0000000192d8f000 	/System/Library/PrivateFrameworks/SkyLight.framework/Versions/A/SkyLight
0x000000024af34000 	/System/Library/PrivateFrameworks/FocusEngine.framework/Versions/A/FocusEngine
0x0000000193328000 	/System/Library/Frameworks/CoreGraphics.framework/Versions/A/CoreGraphics
0x0000000248b43000 	/System/Library/PrivateFrameworks/DesignLibrary.framework/Versions/A/DesignLibrary
0x00000001a4614000 	/System/Library/Frameworks/Accelerate.framework/Versions/A/Accelerate
0x000000019da5b000 	/System/Library/PrivateFrameworks/IconServices.framework/Versions/A/IconServices
0x00000001988ba000 	/System/Library/Frameworks/IOSurface.framework/Versions/A/IOSurface
0x0000000195dda000 	/usr/lib/libDiagnosticMessagesClient.dylib
0x000000019bf14000 	/usr/lib/libz.1.dylib
0x00000001a8937000 	/System/Library/Frameworks/ApplicationServices.framework/Versions/A/ApplicationServices
0x0000000199382000 	/System/Library/PrivateFrameworks/DFRFoundation.framework/Versions/A/DFRFoundation
0x0000000190292000 	/usr/lib/libicucore.A.dylib
0x000000019fede000 	/System/Library/Frameworks/AudioToolbox.framework/Versions/A/AudioToolbox
0x000000019ec50000 	/System/Library/PrivateFrameworks/DataDetectorsCore.framework/Versions/A/DataDetectorsCore
0x000000027af63000 	/System/Library/PrivateFrameworks/UpdateCycle.framework/Versions/A/UpdateCycle
0x00000001bcb08000 	/System/Library/PrivateFrameworks/TextInput.framework/Versions/A/TextInput
0x0000000192cd1000 	/usr/lib/libMobileGestalt.dylib
0x000000019907e000 	/System/Library/Frameworks/Carbon.framework/Versions/A/Frameworks/HIToolbox.framework/Versions/A/HIToolbox
0x000000019630f000 	/System/Library/Frameworks/QuartzCore.framework/Versions/A/QuartzCore
0x000000018fe6d000 	/System/Library/Frameworks/Security.framework/Versions/A/Security
0x00000001a3f93000 	/System/Library/Frameworks/Carbon.framework/Versions/A/Frameworks/SpeechRecognition.framework/Versions/A/SpeechRecognition
0x0000000196773000 	/System/Library/PrivateFrameworks/CoreUI.framework/Versions/A/CoreUI
0x000000018f6c1000 	/System/Library/Frameworks/CoreAudio.framework/Versions/A/CoreAudio
0x0000000195ece000 	/System/Library/Frameworks/DiskArbitration.framework/Versions/A/DiskArbitration
0x000000019e122000 	/System/Library/PrivateFrameworks/MultitouchSupport.framework/Versions/A/MultitouchSupport
0x0000000192ccf000 	/usr/lib/libenergytrace.dylib
0x00000001b0035000 	/System/Library/PrivateFrameworks/RenderBox.framework/Versions/A/RenderBox
0x00000001908ea000 	/System/Library/Frameworks/IOKit.framework/Versions/A/IOKit
0x00000001a439d000 	/System/Library/Frameworks/CoreServices.framework/Versions/A/CoreServices
0x0000000196a35000 	/System/Library/PrivateFrameworks/PerformanceAnalysis.framework/Versions/A/PerformanceAnalysis
0x00000001f2790000 	/System/Library/Frameworks/OpenGL.framework/Versions/A/OpenGL
0x0000000196af2000 	/usr/lib/libxml2.2.dylib
0x000000019b157000 	/System/Library/PrivateFrameworks/MobileKeyBag.framework/Versions/A/MobileKeyBag
0x000000018c15c000 	/usr/lib/libobjc.A.dylib
0x000000018c4c0000 	/usr/lib/libc++.1.dylib
0x00000001a431a000 	/System/Library/Frameworks/Accessibility.framework/Versions/A/Accessibility
0x0000000193a82000 	/System/Library/Frameworks/ColorSync.framework/Versions/A/ColorSync
0x000000018c5f1000 	/System/Library/Frameworks/CoreFoundation.framework/Versions/A/CoreFoundation
0x0000000199724000 	/System/Library/Frameworks/CoreImage.framework/Versions/A/CoreImage
0x000000018f494000 	/System/Library/Frameworks/CoreText.framework/Versions/A/CoreText
0x0000000231fe1000 	/System/Library/Frameworks/CoreTransferable.framework/Versions/A/CoreTransferable
0x000000023251d000 	/System/Library/Frameworks/DataDetection.framework/Versions/A/DataDetection
0x0000000232532000 	/System/Library/Frameworks/DeveloperToolsSupport.framework/Versions/A/DeveloperToolsSupport
0x00000001993db000 	/System/Library/Frameworks/ImageIO.framework/Versions/A/ImageIO
0x000000023896f000 	/System/Library/Frameworks/Symbols.framework/Versions/A/Symbols
0x00000001c1cdc000 	/System/Library/PrivateFrameworks/AttributeGraph.framework/Versions/A/AttributeGraph
0x00000001a642d000 	/System/Library/PrivateFrameworks/BoardServices.framework/Versions/A/BoardServices
0x00000001e6371000 	/System/Library/PrivateFrameworks/FeatureFlags.framework/Versions/A/FeatureFlags
0x000000025411b000 	/System/Library/PrivateFrameworks/Gestures.framework/Versions/A/Gestures
0x000000019bfd0000 	/System/Library/PrivateFrameworks/SoftLinking.framework/Versions/A/SoftLinking
0x00000001d04dd000 	/usr/lib/swift/libswiftAccelerate.dylib
0x00000001c69bf000 	/usr/lib/swift/libswiftCompression.dylib
0x000000019f846000 	/usr/lib/swift/libswiftCore.dylib
0x00000001b8dec000 	/usr/lib/swift/libswiftCoreFoundation.dylib
0x00000001b8e45000 	/usr/lib/swift/libswiftCoreImage.dylib
0x00000001a60c9000 	/usr/lib/swift/libswiftDispatch.dylib
0x00000001b8e46000 	/usr/lib/swift/libswiftIOKit.dylib
0x00000001c69b2000 	/usr/lib/swift/libswiftMetal.dylib
0x00000001d5cc0000 	/usr/lib/swift/libswiftOSLog.dylib
0x00000001a8f87000 	/usr/lib/swift/libswiftObjectiveC.dylib
0x0000000287cb6000 	/usr/lib/swift/libswiftObservation.dylib
0x00000001cbc75000 	/usr/lib/swift/libswiftQuartzCore.dylib
0x0000000287df5000 	/usr/lib/swift/libswiftSynchronization.dylib
0x00000001d04ce000 	/usr/lib/swift/libswiftUniformTypeIdentifiers.dylib
0x00000001b8dfe000 	/usr/lib/swift/libswiftXPC.dylib
0x0000000287e2f000 	/usr/lib/swift/libswift_Builtin_float.dylib
0x0000000287e32000 	/usr/lib/swift/libswift_Concurrency.dylib
0x00000001a8f8b000 	/usr/lib/swift/libswiftos.dylib
0x00000001bc89d000 	/usr/lib/swift/libswiftsimd.dylib
0x000000019c1f7000 	/usr/lib/libcompression.dylib
0x000000019e8a8000 	/System/Library/PrivateFrameworks/TextureIO.framework/Versions/A/TextureIO
0x0000000193c2e000 	/System/Library/Frameworks/ApplicationServices.framework/Versions/A/Frameworks/HIServices.framework/Versions/A/HIServices
0x000000019d6e4000 	/usr/lib/libate.dylib
0x000000019bfc5000 	/usr/lib/system/libcache.dylib
0x000000019bf80000 	/usr/lib/system/libcommonCrypto.dylib
0x000000019bfab000 	/usr/lib/system/libcompiler_rt.dylib
0x000000019bfa0000 	/usr/lib/system/libcopyfile.dylib
0x000000018c2fa000 	/usr/lib/system/libcorecrypto.dylib
0x000000018c3f3000 	/usr/lib/system/libdispatch.dylib
0x000000018c1b0000 	/usr/lib/system/libdyld.dylib
0x000000019bfbb000 	/usr/lib/system/libkeymgr.dylib
0x000000019bf63000 	/usr/lib/system/libmacho.dylib
0x000000019b24e000 	/usr/lib/system/libquarantine.dylib
0x000000019bfb8000 	/usr/lib/system/libremovefile.dylib
0x0000000192d52000 	/usr/lib/system/libsystem_asl.dylib
0x000000018c280000 	/usr/lib/system/libsystem_blocks.dylib
0x000000018c43d000 	/usr/lib/system/libsystem_c.dylib
0x000000019bfaf000 	/usr/lib/system/libsystem_collections.dylib
0x0000000199ccf000 	/usr/lib/system/libsystem_configuration.dylib
0x0000000198881000 	/usr/lib/system/libsystem_containermanager.dylib
0x000000019b9d1000 	/usr/lib/system/libsystem_coreservices.dylib
0x0000000190564000 	/usr/lib/system/libsystem_darwin.dylib
0x0000000288185000 	/usr/lib/system/libsystem_darwindirectory.dylib
0x000000019bfbc000 	/usr/lib/system/libsystem_dnssd.dylib
0x0000000288189000 	/usr/lib/system/libsystem_eligibility.dylib
0x000000018c43a000 	/usr/lib/system/libsystem_featureflags.dylib
0x000000018c5c1000 	/usr/lib/system/libsystem_info.dylib
0x000000019bf24000 	/usr/lib/system/libsystem_m.dylib
0x000000018c3a7000 	/usr/lib/system/libsystem_malloc.dylib
0x0000000192cb4000 	/usr/lib/system/libsystem_networkextension.dylib
0x00000001909d5000 	/usr/lib/system/libsystem_notify.dylib
0x0000000199cd4000 	/usr/lib/system/libsystem_sandbox.dylib
0x0000000288193000 	/usr/lib/system/libsystem_sanitizers.dylib
0x000000019bfb4000 	/usr/lib/system/libsystem_secinit.dylib
0x000000018c56e000 	/usr/lib/system/libsystem_kernel.dylib
0x000000018c5b8000 	/usr/lib/system/libsystem_platform.dylib
0x000000018c5ab000 	/usr/lib/system/libsystem_pthread.dylib
0x00000001948ff000 	/usr/lib/system/libsystem_symptoms.dylib
0x000000018c2d9000 	/usr/lib/system/libsystem_trace.dylib
0x000000028819b000 	/usr/lib/system/libsystem_trial.dylib
0x000000019bf8e000 	/usr/lib/system/libunwind.dylib
0x000000018c284000 	/usr/lib/system/libxpc.dylib
0x000000018c553000 	/usr/lib/libc++abi.dylib
0x00000002879c6000 	/usr/lib/libswiftPrespecialized.dylib
0x000000019bfcd000 	/usr/lib/libfakelink.dylib
0x00000001928f8000 	/System/Library/Frameworks/CFNetwork.framework/Versions/A/CFNetwork
0x000000019c021000 	/usr/lib/libarchive.2.dylib
0x00000001a20a8000 	/System/Library/Frameworks/Combine.framework/Versions/A/Combine
0x0000000242a7c000 	/System/Library/PrivateFrameworks/CollectionsInternal.framework/Versions/A/CollectionsInternal
0x00000002695b7000 	/System/Library/PrivateFrameworks/ReflectionInternal.framework/Versions/A/ReflectionInternal
0x000000026a443000 	/System/Library/PrivateFrameworks/RuntimeInternal.framework/Versions/A/RuntimeInternal
0x00000001b5ca6000 	/usr/lib/swift/libswiftDarwin.dylib
0x0000000287dfd000 	/usr/lib/swift/libswiftSystem.dylib
0x0000000287ebc000 	/usr/lib/swift/libswift_DarwinFoundation1.dylib
0x0000000287f9d000 	/usr/lib/swift/libswift_StringProcessing.dylib
0x0000000190869000 	/System/Library/PrivateFrameworks/CoreServicesInternal.framework/Versions/A/CoreServicesInternal
0x000000019bf98000 	/usr/lib/liboah.dylib
0x00000001a83d5000 	/System/Library/PrivateFrameworks/DiskImages.framework/Versions/A/DiskImages
0x00000001b5769000 	/System/Library/Frameworks/NetFS.framework/Versions/A/NetFS
0x0000000196a6c000 	/System/Library/Frameworks/CoreServices.framework/Versions/A/Frameworks/FSEvents.framework/Versions/A/FSEvents
0x000000019056f000 	/System/Library/Frameworks/CoreServices.framework/Versions/A/Frameworks/CarbonCore.framework/Versions/A/CarbonCore
0x0000000195e42000 	/System/Library/Frameworks/CoreServices.framework/Versions/A/Frameworks/Metadata.framework/Versions/A/Metadata
0x000000019b9d8000 	/System/Library/Frameworks/CoreServices.framework/Versions/A/Frameworks/OSServices.framework/Versions/A/OSServices
0x000000019c119000 	/System/Library/Frameworks/CoreServices.framework/Versions/A/Frameworks/SearchKit.framework/Versions/A/SearchKit
0x0000000194879000 	/System/Library/Frameworks/CoreServices.framework/Versions/A/Frameworks/AE.framework/Versions/A/AE
0x000000018cb3a000 	/System/Library/Frameworks/CoreServices.framework/Versions/A/Frameworks/LaunchServices.framework/Versions/A/LaunchServices
0x000000019d53a000 	/System/Library/Frameworks/CoreServices.framework/Versions/A/Frameworks/DictionaryServices.framework/Versions/A/DictionaryServices
0x0000000196a7a000 	/System/Library/Frameworks/CoreServices.framework/Versions/A/Frameworks/SharedFileList.framework/Versions/A/SharedFileList
0x000000019c1ae000 	/usr/lib/libapple_nghttp2.dylib
0x0000000194493000 	/usr/lib/libsqlite3.dylib
0x00000001a861d000 	/System/Library/PrivateFrameworks/AppSupport.framework/Versions/A/AppSupport
0x00000001a0577000 	/System/Library/Frameworks/GSS.framework/Versions/A/GSS
0x000000019480d000 	/System/Library/PrivateFrameworks/RunningBoardServices.framework/Versions/A/RunningBoardServices
0x00000001a8f15000 	/System/Library/PrivateFrameworks/StreamingZip.framework/Versions/A/StreamingZip
0x0000000194908000 	/System/Library/Frameworks/Network.framework/Versions/A/Network
0x000000019bf67000 	/usr/lib/system/libkxld.dylib
0x000000023e326000 	/System/Library/PrivateFrameworks/AppleKeyStore.framework/Versions/A/AppleKeyStore
0x000000028675c000 	/usr/lib/libCoreEntitlements.dylib
0x000000025f512000 	/System/Library/PrivateFrameworks/MessageSecurity.framework/Versions/A/MessageSecurity
0x0000000194477000 	/System/Library/PrivateFrameworks/ProtocolBuffer.framework/Versions/A/ProtocolBuffer
0x00000001a54cf000 	/System/Library/PrivateFrameworks/SymptomDiagnosticReporter.framework/Versions/A/SymptomDiagnosticReporter
0x000000019d77e000 	/System/Library/PrivateFrameworks/CrashReporterSupport.framework/Versions/A/CrashReporterSupport
0x000000019b9b8000 	/System/Library/PrivateFrameworks/AppleFSCompression.framework/Versions/A/AppleFSCompression
0x000000019b25e000 	/usr/lib/libcoretls.dylib
0x000000019d5b1000 	/usr/lib/libcoretls_cfhelpers.dylib
0x000000019c1f0000 	/usr/lib/libpam.2.dylib
0x000000019d623000 	/usr/lib/libxar.1.dylib
0x000000019d5b3000 	/System/Library/PrivateFrameworks/APFS.framework/Versions/A/APFS
0x0000000274e6f000 	/System/Library/PrivateFrameworks/SwiftASN1Internal.framework/Versions/A/SwiftASN1Internal
0x000000019d632000 	/usr/lib/libutil.dylib
0x0000000199cdd000 	/System/Library/PrivateFrameworks/AppleSystemInfo.framework/Versions/A/AppleSystemInfo
0x000000019af46000 	/System/Library/PrivateFrameworks/IOMobileFramebuffer.framework/Versions/A/IOMobileFramebuffer
0x00000001b8cb2000 	/System/Library/PrivateFrameworks/LoggingSupport.framework/Versions/A/LoggingSupport
0x00000001a05da000 	/System/Library/PrivateFrameworks/MobileAsset.framework/Versions/A/MobileAsset
0x00000001a54df000 	/System/Library/PrivateFrameworks/PowerLog.framework/Versions/A/PowerLog
0x0000000237898000 	/System/Library/Frameworks/SwiftData.framework/Versions/A/SwiftData
0x0000000196c9e000 	/System/Library/PrivateFrameworks/UserManagement.framework/Versions/A/UserManagement
0x0000000192823000 	/usr/lib/libboringssl.dylib
0x00000001948ed000 	/usr/lib/libdns_services.dylib
0x00000001b7ceb000 	/usr/lib/libquic.dylib
0x000000019f7d6000 	/usr/lib/libusrtcp.dylib
0x000000023f119000 	/System/Library/PrivateFrameworks/AtomicsInternal.framework/Versions/A/AtomicsInternal
0x00000001de4f8000 	/System/Library/PrivateFrameworks/InternalSwiftProtobuf.framework/Versions/A/InternalSwiftProtobuf
0x0000000287c8d000 	/usr/lib/swift/libswiftDistributed.dylib
0x0000000199cdb000 	/System/Library/PrivateFrameworks/AggregateDictionary.framework/Versions/A/AggregateDictionary
0x000000023f8a9000 	/System/Library/PrivateFrameworks/BiomeLibrary.framework/Versions/A/BiomeLibrary
0x00000001c7986000 	/System/Library/PrivateFrameworks/BiomeStreams.framework/Versions/A/BiomeStreams
0x00000001c3bbd000 	/System/Library/PrivateFrameworks/BiomeFoundation.framework/Versions/A/BiomeFoundation
0x00000001cda3a000 	/System/Library/PrivateFrameworks/BiomePubSub.framework/Versions/A/BiomePubSub
0x00000001a9f39000 	/System/Library/PrivateFrameworks/ProactiveSupport.framework/Versions/A/ProactiveSupport
0x000000019d592000 	/usr/lib/liblzma.5.dylib
0x00000001a8938000 	/System/Library/PrivateFrameworks/InternationalTextSearch.framework/Versions/A/InternationalTextSearch
0x00000001c00da000 	/System/Library/PrivateFrameworks/SoftwareUpdateCoreSupport.framework/Versions/A/SoftwareUpdateCoreSupport
0x00000001c8408000 	/System/Library/PrivateFrameworks/SoftwareUpdateCoreConnect.framework/Versions/A/SoftwareUpdateCoreConnect
0x00000001a84d3000 	/System/Library/PrivateFrameworks/RemoteServiceDiscovery.framework/Versions/A/RemoteServiceDiscovery
0x00000001bfcd1000 	/System/Library/PrivateFrameworks/MSUDataAccessor.framework/Versions/A/MSUDataAccessor
0x00000001bae0a000 	/usr/lib/libbootpolicy.dylib
0x00000001a84ea000 	/System/Library/PrivateFrameworks/RemoteXPC.framework/Versions/A/RemoteXPC
0x00000001c7852000 	/usr/lib/libFDR.dylib
0x00000001cd65b000 	/usr/lib/libamsupport.dylib
0x0000000286a70000 	/usr/lib/libReverseProxyDevice.dylib
0x000000023dc80000 	/System/Library/PrivateFrameworks/AppleDeviceQuerySupport.framework/Versions/A/AppleDeviceQuerySupport
0x00000001d06dd000 	/usr/lib/libpartition2_dynamic.dylib
0x000000019c18a000 	/System/Library/PrivateFrameworks/AppleSauce.framework/Versions/A/AppleSauce
0x00000002865fd000 	/usr/lib/libAppleArchive.dylib
0x000000019b9c4000 	/usr/lib/libbz2.1.0.dylib
0x0000000195ed8000 	/System/Library/Frameworks/Accelerate.framework/Versions/A/Frameworks/vImage.framework/Versions/A/vImage
0x00000001a4377000 	/System/Library/Frameworks/Accelerate.framework/Versions/A/Frameworks/vecLib.framework/Versions/A/vecLib
0x000000019d669000 	/System/Library/Frameworks/Accelerate.framework/Versions/A/Frameworks/vecLib.framework/Versions/A/libvMisc.dylib
0x000000018d03a000 	/System/Library/Frameworks/Accelerate.framework/Versions/A/Frameworks/vecLib.framework/Versions/A/libBLAS.dylib
0x0000000196bd9000 	/System/Library/Frameworks/CoreVideo.framework/Versions/A/CoreVideo
0x00000001a017f000 	/System/Library/Frameworks/ApplicationServices.framework/Versions/A/Frameworks/ATS.framework/Versions/A/ATS
0x000000019e831000 	/System/Library/Frameworks/ApplicationServices.framework/Versions/A/Frameworks/PrintCore.framework/Versions/A/PrintCore
0x00000001a0540000 	/System/Library/Frameworks/ApplicationServices.framework/Versions/A/Frameworks/QD.framework/Versions/A/QD
0x00000001a053b000 	/System/Library/Frameworks/ApplicationServices.framework/Versions/A/Frameworks/ColorSyncLegacy.framework/Versions/A/ColorSyncLegacy
0x00000001a0151000 	/System/Library/Frameworks/ApplicationServices.framework/Versions/A/Frameworks/SpeechSynthesis.framework/Versions/A/SpeechSynthesis
0x0000000198dac000 	/System/Library/PrivateFrameworks/FontServices.framework/libFontParser.dylib
0x00000001a81f9000 	/System/Library/PrivateFrameworks/BackBoardServices.framework/Versions/A/BackBoardServices
0x000000023f7c5000 	/System/Library/PrivateFrameworks/BackBoardHIDEventFoundation.framework/Versions/A/BackBoardHIDEventFoundation
0x000000018efa5000 	/System/Library/Frameworks/CoreDisplay.framework/Versions/A/CoreDisplay
0x000000019e168000 	/System/Library/Frameworks/VideoToolbox.framework/Versions/A/VideoToolbox
0x000000019c1ee000 	/System/Library/Frameworks/MetalPerformanceShaders.framework/Versions/A/MetalPerformanceShaders
0x0000000268694000 	/System/Library/PrivateFrameworks/ProDisplayLibrary.framework/Versions/A/ProDisplayLibrary
0x00000001abfc3000 	/System/Library/PrivateFrameworks/IOSurfaceAccelerator.framework/Versions/A/IOSurfaceAccelerator
0x00000001988d7000 	/System/Library/PrivateFrameworks/IOAccelerator.framework/Versions/A/IOAccelerator
0x0000000198bef000 	/System/Library/Frameworks/CoreMedia.framework/Versions/A/CoreMedia
0x0000000192d6a000 	/System/Library/PrivateFrameworks/TCC.framework/Versions/A/TCC
0x000000019e120000 	/System/Library/PrivateFrameworks/WatchdogClient.framework/Versions/A/WatchdogClient
0x00000001cda98000 	/System/Library/PrivateFrameworks/BiomeStorage.framework/Versions/A/BiomeStorage
0x000000025a0ba000 	/System/Library/PrivateFrameworks/IntelligencePlatformLibrary.framework/Versions/A/IntelligencePlatformLibrary
0x00000002679a1000 	/System/Library/PrivateFrameworks/PoirotSchematizer.framework/Versions/A/PoirotSchematizer
0x00000002400ee000 	/System/Library/PrivateFrameworks/BiomeSync.framework/Versions/A/BiomeSync
0x000000023f88f000 	/System/Library/PrivateFrameworks/BiomeDSL.framework/Versions/A/BiomeDSL
0x0000000267a0b000 	/System/Library/PrivateFrameworks/PoirotUDFs.framework/Versions/A/PoirotUDFs
0x0000000267970000 	/System/Library/PrivateFrameworks/PoirotSQLite.framework/Versions/A/PoirotSQLite
0x00000001a694a000 	/System/Library/PrivateFrameworks/CoreTime.framework/Versions/A/CoreTime
0x000000019c006000 	/usr/lib/libiconv.2.dylib
0x000000019bf62000 	/usr/lib/libcharset.1.dylib
0x0000000287efd000 	/usr/lib/swift/libswift_RegexParser.dylib
0x00000002416f7000 	/System/Library/PrivateFrameworks/CascadeSets.framework/Versions/A/CascadeSets
0x00000001a0747000 	/System/Library/PrivateFrameworks/CorePhoneNumbers.framework/Versions/A/CorePhoneNumbers
0x000000019dfea000 	/System/Library/PrivateFrameworks/AppleJPEG.framework/Versions/A/AppleJPEG
0x000000019d9d6000 	/usr/lib/libexpat.1.dylib
0x000000019e704000 	/System/Library/Frameworks/ImageIO.framework/Versions/A/Resources/libPng.dylib
0x000000019e730000 	/System/Library/Frameworks/ImageIO.framework/Versions/A/Resources/libTIFF.dylib
0x000000019e81a000 	/System/Library/Frameworks/ImageIO.framework/Versions/A/Resources/libGIF.dylib
0x000000019e02f000 	/System/Library/Frameworks/ImageIO.framework/Versions/A/Resources/libJP2.dylib
0x000000019e7c0000 	/System/Library/Frameworks/ImageIO.framework/Versions/A/Resources/libJPEG.dylib
0x000000019e7b7000 	/System/Library/Frameworks/ImageIO.framework/Versions/A/Resources/libRadiance.dylib
0x00000002508e2000 	/System/Library/PrivateFrameworks/GPUCompiler.framework/Versions/32023/Libraries/libllvm-flatbuffers.dylib
0x000000024b1ee000 	/System/Library/PrivateFrameworks/FramePacing.framework/Versions/A/FramePacing
0x00000001f2782000 	/System/Library/Frameworks/OpenGL.framework/Versions/A/Libraries/libCoreFSCache.dylib
0x000000024c32f000 	/System/Library/PrivateFrameworks/GPUCompiler.framework/Versions/32023/Libraries/libGPUCompilerUtils.dylib
0x00000001a64fa000 	/System/Library/PrivateFrameworks/GraphicsServices.framework/Versions/A/GraphicsServices
0x00000001aa0c5000 	/System/Library/PrivateFrameworks/ASEProcessing.framework/Versions/A/ASEProcessing
0x00000001d9d14000 	/System/Library/PrivateFrameworks/Symbolication.framework/Versions/A/Symbolication
0x0000000267591000 	/System/Library/PrivateFrameworks/PhotosensitivityProcessing.framework/Versions/A/PhotosensitivityProcessing
0x000000019dc07000 	/System/Library/PrivateFrameworks/GraphVisualizer.framework/Versions/A/GraphVisualizer
0x00000001f27e1000 	/System/Library/Frameworks/OpenGL.framework/Versions/A/Libraries/libGLU.dylib
0x00000001f27a4000 	/System/Library/Frameworks/OpenGL.framework/Versions/A/Libraries/libGFXShared.dylib
0x00000002308b8000 	/System/Library/Frameworks/OpenGL.framework/Versions/A/Libraries/libGL.dylib
0x00000001f27ad000 	/System/Library/Frameworks/OpenGL.framework/Versions/A/Libraries/libGLImage.dylib
0x00000001f27a1000 	/System/Library/Frameworks/OpenGL.framework/Versions/A/Libraries/libCVMSPluginSupport.dylib
0x00000001f278a000 	/System/Library/Frameworks/OpenGL.framework/Versions/A/Libraries/libCoreVMClient.dylib
0x000000024b0f9000 	/System/Library/PrivateFrameworks/FontServices.framework/Versions/A/FontServices
0x000000019dc17000 	/System/Library/PrivateFrameworks/OTSVG.framework/Versions/A/OTSVG
0x0000000196720000 	/System/Library/Frameworks/ApplicationServices.framework/Versions/A/Frameworks/ATS.framework/Versions/A/Resources/libFontRegistry.dylib
0x0000000286f80000 	/usr/lib/libhvf.dylib
0x00000002643c6000 	/System/Library/PrivateFrameworks/ParsingInternal.framework/Versions/A/ParsingInternal
0x000000024b0fd000 	/System/Library/PrivateFrameworks/FontServices.framework/libXTFontStaticRegistryData.dylib
0x0000000199c1c000 	/System/Library/Frameworks/MetalPerformanceShaders.framework/Versions/A/Frameworks/MPSCore.framework/Versions/A/MPSCore
0x000000019b923000 	/System/Library/Frameworks/MetalPerformanceShaders.framework/Versions/A/Frameworks/MPSImage.framework/Versions/A/MPSImage
0x000000019b301000 	/System/Library/Frameworks/MetalPerformanceShaders.framework/Versions/A/Frameworks/MPSNeuralNetwork.framework/Versions/A/MPSNeuralNetwork
0x000000019b739000 	/System/Library/Frameworks/MetalPerformanceShaders.framework/Versions/A/Frameworks/MPSMatrix.framework/Versions/A/MPSMatrix
0x000000019b54e000 	/System/Library/Frameworks/MetalPerformanceShaders.framework/Versions/A/Frameworks/MPSRayIntersector.framework/Versions/A/MPSRayIntersector
0x000000019b76b000 	/System/Library/Frameworks/MetalPerformanceShaders.framework/Versions/A/Frameworks/MPSNDArray.framework/Versions/A/MPSNDArray
0x000000023485c000 	/System/Library/Frameworks/MetalPerformanceShaders.framework/Versions/A/Frameworks/MPSFunctions.framework/Versions/A/MPSFunctions
0x000000023483d000 	/System/Library/Frameworks/MetalPerformanceShaders.framework/Versions/A/Frameworks/MPSBenchmarkLoop.framework/Versions/A/MPSBenchmarkLoop
0x000000018ce55000 	/System/Library/PrivateFrameworks/MetalTools.framework/Versions/A/MetalTools
0x00000001bdf42000 	/System/Library/PrivateFrameworks/IOAccelMemoryInfo.framework/Versions/A/IOAccelMemoryInfo
0x00000001cc06b000 	/System/Library/PrivateFrameworks/kperf.framework/Versions/A/kperf
0x00000001b8dc8000 	/System/Library/PrivateFrameworks/GPURawCounter.framework/Versions/A/GPURawCounter
0x00000001a6833000 	/System/Library/PrivateFrameworks/CoreSymbolication.framework/Versions/A/CoreSymbolication
0x00000001b8d3f000 	/System/Library/PrivateFrameworks/MallocStackLogging.framework/Versions/A/MallocStackLogging
0x00000001a6810000 	/System/Library/PrivateFrameworks/DebugSymbols.framework/Versions/A/DebugSymbols
0x00000001ca8d4000 	/System/Library/PrivateFrameworks/OSAnalytics.framework/Versions/A/OSAnalytics
0x0000000248ff5000 	/System/Library/PrivateFrameworks/DeviceRecovery.framework/Versions/A/DeviceRecovery
0x0000000232677000 	/System/Library/Frameworks/ExtensionFoundation.framework/Versions/A/ExtensionFoundation
0x000000019dc58000 	/System/Library/PrivateFrameworks/AppServerSupport.framework/Versions/A/AppServerSupport
0x000000019d8d5000 	/System/Library/PrivateFrameworks/PlugInKit.framework/Versions/A/PlugInKit
0x000000019b16f000 	/System/Library/PrivateFrameworks/AssertionServices.framework/Versions/A/AssertionServices
0x000000019d9fb000 	/System/Library/PrivateFrameworks/IconFoundation.framework/Versions/A/IconFoundation
0x0000000256fbe000 	/System/Library/PrivateFrameworks/IconRendering.framework/Versions/A/IconRendering
0x000000026a5f4000 	/System/Library/PrivateFrameworks/SFSymbols.framework/Versions/A/SFSymbols
0x000000018f0c9000 	/System/Library/PrivateFrameworks/AudioToolboxCore.framework/Versions/A/AudioToolboxCore
0x00000001a00b9000 	/System/Library/PrivateFrameworks/AudioSession.framework/Versions/A/AudioSession
0x00000001ab30d000 	/System/Library/Frameworks/CoreMIDI.framework/Versions/A/CoreMIDI
0x00000001a0138000 	/usr/lib/libAudioStatistics.dylib
0x0000000198bc6000 	/System/Library/PrivateFrameworks/caulk.framework/Versions/A/caulk
0x000000019e6de000 	/usr/lib/libAudioToolboxUtility.dylib
0x00000001b8dcc000 	/usr/lib/swift/libswiftCoreAudio.dylib
0x00000001bf533000 	/usr/lib/swift/libswiftCoreMIDI.dylib
0x00000001a0549000 	/System/Library/PrivateFrameworks/perfdata.framework/Versions/A/perfdata
0x00000001b7de9000 	/System/Library/PrivateFrameworks/SystemPolicy.framework/Versions/A/SystemPolicy
0x00000001a03ee000 	/usr/lib/libSMC.dylib
0x00000001a0557000 	/usr/lib/libperfcheck.dylib
0x000000023f1d9000 	/System/Library/PrivateFrameworks/AudioAnalytics.framework/Versions/A/AudioAnalytics
0x0000000287ec0000 	/usr/lib/swift/libswift_DarwinFoundation2.dylib
0x0000000287ec1000 	/usr/lib/swift/libswift_DarwinFoundation3.dylib
0x00000001de1f9000 	/System/Library/Frameworks/OSLog.framework/Versions/A/OSLog
0x00000001b8d71000 	/usr/lib/libmis.dylib
0x000000019db18000 	/System/Library/PrivateFrameworks/MediaExperience.framework/Versions/A/MediaExperience
0x000000019fe87000 	/System/Library/PrivateFrameworks/AudioSession.framework/libSessionUtility.dylib
0x000000019e820000 	/System/Library/PrivateFrameworks/CMCaptureCore.framework/Versions/A/CMCaptureCore
0x00000001a53be000 	/System/Library/Frameworks/CoreBluetooth.framework/Versions/A/CoreBluetooth
0x000000019afdb000 	/System/Library/PrivateFrameworks/CoreUtils.framework/Versions/A/CoreUtils
0x00000001b0d5b000 	/System/Library/PrivateFrameworks/HID.framework/Versions/A/HID
0x00000002483f7000 	/System/Library/PrivateFrameworks/CoreUtilsExtras.framework/Versions/A/CoreUtilsExtras
0x0000000256f20000 	/System/Library/PrivateFrameworks/IO80211.framework/Versions/A/IO80211
0x00000001a1e01000 	/System/Library/Frameworks/IOBluetooth.framework/Versions/A/IOBluetooth
0x000000023edc7000 	/System/Library/PrivateFrameworks/ArgumentParserInternal.framework/Versions/A/ArgumentParserInternal
0x000000019d775000 	/usr/lib/libIOReport.dylib
0x000000019b17e000 	/System/Library/Frameworks/SecurityFoundation.framework/Versions/A/SecurityFoundation
0x000000018d819000 	/System/Library/PrivateFrameworks/Lexicon.framework/Versions/A/Lexicon
0x000000019b2e9000 	/usr/lib/libgermantok.dylib
0x0000000199e06000 	/System/Library/PrivateFrameworks/LinguisticData.framework/Versions/A/LinguisticData
0x00000001a55d1000 	/System/Library/PrivateFrameworks/MediaKit.framework/Versions/A/MediaKit
0x00000001a551c000 	/System/Library/Frameworks/DiscRecording.framework/Versions/A/DiscRecording
0x000000019d9f1000 	/usr/lib/libheimdal-asn1.dylib
0x00000001a8eeb000 	/System/Library/Frameworks/AudioUnit.framework/Versions/A/AudioUnit
0x0000000196a3f000 	/System/Library/Frameworks/OpenDirectory.framework/Versions/A/OpenDirectory
0x0000000196a4d000 	/System/Library/Frameworks/OpenDirectory.framework/Versions/A/Frameworks/CFOpenDirectory.framework/Versions/A/CFOpenDirectory
0x0000000230c3c000 	/System/Library/Frameworks/AVFAudio.framework/Versions/A/AVFAudio
0x00000001b1d25000 	/usr/lib/libAccessibility.dylib
0x000000025ac4e000 	/System/Library/PrivateFrameworks/IsolatedCoreAudioClient.framework/Versions/A/IsolatedCoreAudioClient
0x00000001d451a000 	/usr/lib/swift/libswiftCoreMedia.dylib
0x0000000278417000 	/System/Library/PrivateFrameworks/Tightbeam.framework/Versions/A/Tightbeam
0x0000000244307000 	/System/Library/PrivateFrameworks/CoreAudioOrchestration.framework/Versions/A/CoreAudioOrchestration
0x00000001d0c29000 	/System/Library/PrivateFrameworks/AFKUser.framework/Versions/A/AFKUser
0x00000001a4664000 	/System/Library/Frameworks/MediaAccessibility.framework/Versions/A/MediaAccessibility
0x000000027c603000 	/System/Library/PrivateFrameworks/VideoToolboxParavirtualizationSupport.framework/Versions/A/VideoToolboxParavirtualizationSupport
0x000000019d98d000 	/System/Library/PrivateFrameworks/AppleVA.framework/Versions/A/AppleVA
0x000000019e7b2000 	/System/Library/PrivateFrameworks/GPUWrangler.framework/Versions/A/GPUWrangler
0x000000019e792000 	/System/Library/PrivateFrameworks/IOPresentment.framework/Versions/A/IOPresentment
0x000000019e7ba000 	/System/Library/PrivateFrameworks/DSExternalDisplay.framework/Versions/A/DSExternalDisplay
0x000000023ec1e000 	/System/Library/PrivateFrameworks/AppleMobileFileIntegrity.framework/Versions/A/AppleMobileFileIntegrity
0x0000000286afd000 	/usr/lib/libTLE.dylib
0x00000001ef4c1000 	/System/Library/PrivateFrameworks/ConfigProfileHelper.framework/Versions/A/ConfigProfileHelper
0x00000001e42e1000 	/usr/lib/libedit.3.dylib
0x000000025c1cf000 	/System/Library/PrivateFrameworks/MIL.framework/Versions/A/MIL
0x00000001bdf05000 	/usr/lib/libncurses.5.4.dylib
0x000000019af10000 	/System/Library/PrivateFrameworks/CoreEmoji.framework/Versions/A/CoreEmoji
0x000000018db36000 	/usr/lib/libCRFSuite.dylib
0x0000000199ce4000 	/System/Library/PrivateFrameworks/CoreNLP.framework/Versions/A/CoreNLP
0x000000019b288000 	/usr/lib/libmecab.dylib
0x000000019c181000 	/usr/lib/libThaiTokenizer.dylib
0x00000001de6b8000 	/System/Library/PrivateFrameworks/HIDDisplay.framework/Versions/A/HIDDisplay
0x000000019e7ec000 	/System/Library/Frameworks/ApplicationServices.framework/Versions/A/Frameworks/ATSUI.framework/Versions/A/ATSUI
0x00000001a04cf000 	/usr/lib/libcups.2.dylib
0x00000001a0565000 	/System/Library/Frameworks/Kerberos.framework/Versions/A/Kerberos
0x00000001a01c7000 	/usr/lib/libresolv.9.dylib
0x000000019dc6c000 	/System/Library/PrivateFrameworks/Heimdal.framework/Versions/A/Heimdal
0x00000001a8eea000 	/System/Library/Frameworks/Kerberos.framework/Versions/A/Libraries/libHeimdalProxy.dylib
0x00000001a05c9000 	/System/Library/PrivateFrameworks/CommonAuth.framework/Versions/A/CommonAuth
0x00000001b1c20000 	/System/Library/PrivateFrameworks/AXCoreUtilities.framework/Versions/A/AXCoreUtilities
0x0000000286517000 	/usr/lib/libAXSafeCategoryBundle.dylib
0x000000019adf5000 	/System/Library/Frameworks/Accelerate.framework/Versions/A/Frameworks/vecLib.framework/Versions/A/libvDSP.dylib
0x000000019c2ce000 	/System/Library/Frameworks/Accelerate.framework/Versions/A/Frameworks/vecLib.framework/Versions/A/libLAPACK.dylib
0x000000019b2ec000 	/System/Library/Frameworks/Accelerate.framework/Versions/A/Frameworks/vecLib.framework/Versions/A/libLinearAlgebra.dylib
0x000000019c1c7000 	/System/Library/Frameworks/Accelerate.framework/Versions/A/Frameworks/vecLib.framework/Versions/A/libSparseBLAS.dylib
0x000000019c2c9000 	/System/Library/Frameworks/Accelerate.framework/Versions/A/Frameworks/vecLib.framework/Versions/A/libQuadrature.dylib
0x0000000199e0d000 	/System/Library/Frameworks/Accelerate.framework/Versions/A/Frameworks/vecLib.framework/Versions/A/libBNNS.dylib
0x000000018d92f000 	/System/Library/Frameworks/Accelerate.framework/Versions/A/Frameworks/vecLib.framework/Versions/A/libSparse.dylib
0x00000001a052e000 	/System/Library/PrivateFrameworks/NetAuth.framework/Versions/A/NetAuth
0x0000000196c5d000 	/System/Library/PrivateFrameworks/login.framework/Versions/A/Frameworks/loginsupport.framework/Versions/A/loginsupport
0x000000019b252000 	/usr/lib/libCheckFix.dylib
0x0000000195ddc000 	/System/Library/PrivateFrameworks/MetadataUtilities.framework/Versions/A/MetadataUtilities
0x00000002579d9000 	/System/Library/PrivateFrameworks/InstalledContentLibrary.framework/Versions/A/InstalledContentLibrary
0x00000001908aa000 	/System/Library/PrivateFrameworks/CoreServicesStore.framework/Versions/A/CoreServicesStore
0x00000001cc172000 	/System/Library/PrivateFrameworks/MobileSystemServices.framework/Versions/A/MobileSystemServices
0x000000019d636000 	/usr/lib/libxslt.1.dylib
0x000000019b211000 	/System/Library/PrivateFrameworks/BackgroundTaskManagement.framework/Versions/A/BackgroundTaskManagement
0x00000001a8595000 	/usr/lib/libcurl.4.dylib
0x0000000286d36000 	/usr/lib/libcrypto.46.dylib
0x0000000287953000 	/usr/lib/libssl.48.dylib
0x00000001a826b000 	/System/Library/Frameworks/LDAP.framework/Versions/A/LDAP
0x00000001a82a7000 	/System/Library/PrivateFrameworks/TrustEvaluationAgent.framework/Versions/A/TrustEvaluationAgent
0x00000001a01e4000 	/usr/lib/libsasl2.2.dylib
0x00000001b5ca5000 	/usr/lib/swift/libswiftCoreGraphics.dylib
0x00000001a4d60000 	/usr/lib/swift/libswiftFoundation.dylib
0x00000001eee7e000 	/usr/lib/swift/libswiftSwiftOnoneSupport.dylib
0x0000000288032000 	/usr/lib/swift/libswiftsys_time.dylib
0x00000001da4d1000 	/System/Library/PrivateFrameworks/CoreMaterial.framework/Versions/A/CoreMaterial
0x0000000287d78000 	/usr/lib/swift/libswiftSpatial.dylib
0x0000000286afa000 	/usr/lib/libSpatial.dylib
0x0000000286435000 	/System/Library/SubFrameworks/UIUtilities.framework/Versions/A/UIUtilities
0x0000000103b18000 	/Users/stefano.deblasi/Library/Application Support/ModrinthApp/meta/java_versions/zulu17.64.17-ca-jre17.0.18-macosx_aarch64/zulu-17.jre/Contents/Home/lib/server/libjvm.dylib
0x0000000102984000 	/Users/stefano.deblasi/Library/Application Support/ModrinthApp/meta/java_versions/zulu17.64.17-ca-jre17.0.18-macosx_aarch64/zulu-17.jre/Contents/Home/lib/libjimage.dylib
0x00000001029b0000 	/Users/stefano.deblasi/Library/Application Support/ModrinthApp/meta/java_versions/zulu17.64.17-ca-jre17.0.18-macosx_aarch64/zulu-17.jre/Contents/Home/lib/libinstrument.dylib
0x00000001029fc000 	/Users/stefano.deblasi/Library/Application Support/ModrinthApp/meta/java_versions/zulu17.64.17-ca-jre17.0.18-macosx_aarch64/zulu-17.jre/Contents/Home/lib/libjava.dylib
0x000000010357c000 	/Users/stefano.deblasi/Library/Application Support/ModrinthApp/meta/java_versions/zulu17.64.17-ca-jre17.0.18-macosx_aarch64/zulu-17.jre/Contents/Home/lib/libzip.dylib
0x0000000102a70000 	/Users/stefano.deblasi/Library/Application Support/ModrinthApp/meta/java_versions/zulu17.64.17-ca-jre17.0.18-macosx_aarch64/zulu-17.jre/Contents/Home/lib/libnio.dylib
0x00000001035a4000 	/Users/stefano.deblasi/Library/Application Support/ModrinthApp/meta/java_versions/zulu17.64.17-ca-jre17.0.18-macosx_aarch64/zulu-17.jre/Contents/Home/lib/libnet.dylib
0x0000000103554000 	/Users/stefano.deblasi/Library/Application Support/ModrinthApp/meta/java_versions/zulu17.64.17-ca-jre17.0.18-macosx_aarch64/zulu-17.jre/Contents/Home/lib/libextnet.dylib
0x0000000103568000 	/Users/stefano.deblasi/Library/Application Support/ModrinthApp/meta/java_versions/zulu17.64.17-ca-jre17.0.18-macosx_aarch64/zulu-17.jre/Contents/Home/lib/libmanagement.dylib
0x00000001035c8000 	/Users/stefano.deblasi/Library/Application Support/ModrinthApp/meta/java_versions/zulu17.64.17-ca-jre17.0.18-macosx_aarch64/zulu-17.jre/Contents/Home/lib/libmanagement_ext.dylib
0x00000001035dc000 	/Users/stefano.deblasi/Library/Application Support/ModrinthApp/meta/java_versions/zulu17.64.17-ca-jre17.0.18-macosx_aarch64/zulu-17.jre/Contents/Home/lib/libverify.dylib
0x0000000103828000 	/Users/stefano.deblasi/Library/Application Support/ModrinthApp/meta/natives/1.20.1-0.18.4/jna10424906943962246628.tmp
0x0000000103898000 	/Users/stefano.deblasi/Library/Application Support/ModrinthApp/meta/natives/1.20.1-0.18.4/liblwjgl.dylib
0x00000001038e0000 	/Users/stefano.deblasi/Library/Application Support/ModrinthApp/meta/natives/1.20.1-0.18.4/libglfw.dylib
0x000000010391c000 	/Users/stefano.deblasi/Library/Application Support/ModrinthApp/meta/natives/1.20.1-0.18.4/libjemalloc.dylib
0x0000000230f0c000 	/System/Library/Frameworks/AppIntents.framework/Versions/A/AppIntents
0x0000000237110000 	/System/Library/Frameworks/RelevanceKit.framework/Versions/A/RelevanceKit
0x000000019bdc6000 	/System/Library/Frameworks/CoreSpotlight.framework/Versions/A/CoreSpotlight
0x000000025bce2000 	/System/Library/PrivateFrameworks/LinkServices.framework/Versions/A/LinkServices
0x0000000249510000 	/System/Library/PrivateFrameworks/DoNotDisturb.framework/Versions/A/DoNotDisturb
0x000000025bb3d000 	/System/Library/PrivateFrameworks/LinkMetadata.framework/Versions/A/LinkMetadata
0x00000001b8df3000 	/usr/lib/swift/libswiftIntents.dylib
0x00000001be05f000 	/System/Library/PrivateFrameworks/IntentsCore.framework/Versions/A/IntentsCore
0x000000023f6b3000 	/System/Library/PrivateFrameworks/AvailabilityKit.framework/Versions/A/AvailabilityKit
0x000000023ca27000 	/System/Library/PrivateFrameworks/AppIntentSchemas.framework/Versions/A/AppIntentSchemas
0x0000000250e50000 	/System/Library/PrivateFrameworks/GRDBInternal.framework/Versions/A/GRDBInternal
0x0000000274622000 	/System/Library/PrivateFrameworks/StatusKit.framework/Versions/A/StatusKit
0x00000001a5900000 	/System/Library/PrivateFrameworks/GenerationalStorage.framework/Versions/A/GenerationalStorage
0x00000001a5728000 	/System/Library/Frameworks/FileProvider.framework/Versions/A/FileProvider
0x0000000192345000 	/System/Library/PrivateFrameworks/DesktopServicesPriv.framework/Versions/A/DesktopServicesPriv
0x000000019467b000 	/System/Library/Frameworks/Accounts.framework/Versions/A/Accounts
0x00000001b885f000 	/System/Library/PrivateFrameworks/FTServices.framework/Versions/A/FTServices
0x00000001b0d1a000 	/System/Library/PrivateFrameworks/CloudServices.framework/Versions/A/CloudServices
0x00000001a7dba000 	/System/Library/PrivateFrameworks/CoreWiFi.framework/Versions/A/CoreWiFi
0x0000000198601000 	/System/Library/Frameworks/CoreLocation.framework/Versions/A/CoreLocation
0x00000001a7751000 	/System/Library/Frameworks/Intents.framework/Versions/A/Intents
0x00000002398ca000 	/System/Library/Frameworks/_LocationEssentials.framework/Versions/A/_LocationEssentials
0x000000019bd75000 	/System/Library/Frameworks/UserNotifications.framework/Versions/A/UserNotifications
0x00000001a1a0c000 	/System/Library/PrivateFrameworks/Sharing.framework/Versions/A/Sharing
0x00000001a158d000 	/System/Library/PrivateFrameworks/IDSFoundation.framework/Versions/A/IDSFoundation
0x00000001a7db9000 	/System/Library/PrivateFrameworks/Apple80211.framework/Versions/A/Apple80211
0x000000019ba0b000 	/System/Library/PrivateFrameworks/AuthKit.framework/Versions/A/AuthKit
0x000000019af58000 	/System/Library/Frameworks/CoreWLAN.framework/Versions/A/CoreWLAN
0x00000001bf514000 	/usr/lib/swift/libswiftCoreLocation.dylib
0x000000019fdd5000 	/System/Library/PrivateFrameworks/IMFoundation.framework/Versions/A/IMFoundation
0x00000001b106f000 	/System/Library/PrivateFrameworks/Marco.framework/Versions/A/Marco
0x0000000194705000 	/System/Library/PrivateFrameworks/CommonUtilities.framework/Versions/A/CommonUtilities
0x00000001ada98000 	/System/Library/PrivateFrameworks/Engram.framework/Versions/A/Engram
0x0000000287cd7000 	/usr/lib/swift/libswiftRegexBuilder.dylib
0x00000001ada36000 	/usr/lib/libtidy.A.dylib
0x000000019df74000 	/System/Library/PrivateFrameworks/Bom.framework/Versions/A/Bom
0x00000001a0205000 	/usr/lib/libParallelCompression.dylib
0x00000001e63f6000 	/System/Library/PrivateFrameworks/WiFiPeerToPeer.framework/Versions/A/WiFiPeerToPeer
0x0000000287468000 	/usr/lib/libmrc.dylib
0x0000000256f8a000 	/System/Library/PrivateFrameworks/IPConfiguration.framework/Versions/A/IPConfiguration
0x00000001da493000 	/System/Library/PrivateFrameworks/Netrb.framework/Versions/A/Netrb
0x00000001a01f7000 	/System/Library/PrivateFrameworks/MultiverseSupport.framework/Versions/A/MultiverseSupport
0x00000001a5603000 	/System/Library/PrivateFrameworks/DiskManagement.framework/Versions/A/DiskManagement
0x00000001a550f000 	/System/Library/PrivateFrameworks/AppleIDAuthSupport.framework/Versions/A/AppleIDAuthSupport
0x000000023a1aa000 	/System/Library/PrivateFrameworks/AAAFoundation.framework/Versions/A/AAAFoundation
0x00000001a0705000 	/System/Library/PrivateFrameworks/KeychainCircle.framework/Versions/A/KeychainCircle
0x00000001b1c16000 	/System/Library/PrivateFrameworks/URLFormatting.framework/Versions/A/URLFormatting
0x00000001a8589000 	/usr/lib/libcsfde.dylib
0x000000019d91f000 	/usr/lib/libCoreStorage.dylib
0x00000001a1ed8000 	/System/Library/PrivateFrameworks/ProtectedCloudStorage.framework/Versions/A/ProtectedCloudStorage
0x00000001a8584000 	/System/Library/PrivateFrameworks/EFILogin.framework/Versions/A/EFILogin
0x00000001a5927000 	/System/Library/PrivateFrameworks/OctagonTrust.framework/Versions/A/OctagonTrust
0x00000001a219f000 	/System/Library/PrivateFrameworks/GeoServices.framework/Versions/A/GeoServices
0x000000019fe4e000 	/System/Library/PrivateFrameworks/LocationSupport.framework/Versions/A/LocationSupport
0x0000000253f75000 	/System/Library/PrivateFrameworks/GeoServicesCore.framework/Versions/A/GeoServicesCore
0x00000001b1c14000 	/System/Library/PrivateFrameworks/PhoneNumbers.framework/Versions/A/PhoneNumbers
0x000000025c0c0000 	/System/Library/PrivateFrameworks/LocationLogEncryption.framework/Versions/A/LocationLogEncryption
0x00000001a13ae000 	/System/Library/PrivateFrameworks/IDS.framework/Versions/A/IDS
0x00000001e10b7000 	/System/Library/Frameworks/CryptoKit.framework/Versions/A/CryptoKit
0x00000001a8ee6000 	/System/Library/PrivateFrameworks/CryptoKitCBridging.framework/Versions/A/CryptoKitCBridging
0x00000001a650c000 	/System/Library/Frameworks/CryptoTokenKit.framework/Versions/A/CryptoTokenKit
0x00000001c73ab000 	/System/Library/PrivateFrameworks/FTAWD.framework/Versions/A/FTAWD
0x00000001909e7000 	/usr/lib/libsandbox.1.dylib
0x000000019d917000 	/usr/lib/libMatch.1.dylib
0x00000001a8fa9000 	/System/Library/PrivateFrameworks/IntentsFoundation.framework/Versions/A/IntentsFoundation
0x00000001968fc000 	/System/Library/PrivateFrameworks/ViewBridge.framework/Versions/A/ViewBridge
0x00000002397d4000 	/System/Library/Frameworks/_AppIntents_AppKit.framework/Versions/A/_AppIntents_AppKit
0x000000028651b000 	/usr/lib/libAccessibilityBaseImplementations.dylib
0x000000010f2c4000 	/usr/lib/libobjc-trampolines.dylib
0x00000002808fc000 	/System/Library/PrivateFrameworks/WritingToolsUI.framework/Versions/A/WritingToolsUI
0x000000025395b000 	/System/Library/PrivateFrameworks/GenerativeAssistantSettings.framework/Versions/A/GenerativeAssistantSettings
0x0000000276396000 	/System/Library/PrivateFrameworks/TextComposer.framework/Versions/A/TextComposer
0x0000000253932000 	/System/Library/PrivateFrameworks/GenerativeAssistantCommon.framework/Versions/A/GenerativeAssistantCommon
0x00000001c0595000 	/System/Library/Frameworks/SwiftUI.framework/Versions/A/SwiftUI
0x0000000239813000 	/System/Library/Frameworks/_AuthenticationServices_SwiftUI.framework/Versions/A/_AuthenticationServices_SwiftUI
0x000000023c75c000 	/System/Library/PrivateFrameworks/Anvil.framework/Versions/A/Anvil
0x00000001bfb43000 	/System/Library/PrivateFrameworks/AppStoreDaemon.framework/Versions/A/AppStoreDaemon
0x00000001ab54e000 	/System/Library/PrivateFrameworks/AppleMediaServices.framework/Versions/A/AppleMediaServices
0x0000000253e00000 	/System/Library/PrivateFrameworks/GenerativePartnerServiceUI.framework/Versions/A/GenerativePartnerServiceUI
0x00000001ee3ef000 	/System/Library/PrivateFrameworks/JetEngine.framework/Versions/A/JetEngine
0x0000000276273000 	/System/Library/PrivateFrameworks/TextAnimationSupport.framework/Versions/A/TextAnimationSupport
0x000000026952a000 	/System/Library/PrivateFrameworks/RecapPerformanceTesting.framework/Versions/A/RecapPerformanceTesting
0x00000001b96c4000 	/System/Library/PrivateFrameworks/SignpostCollection.framework/Versions/A/SignpostCollection
0x000000023f56b000 	/System/Library/PrivateFrameworks/AuthenticationServicesCore.framework/Versions/A/AuthenticationServicesCore
0x00000001c2f21000 	/System/Library/Frameworks/AuthenticationServices.framework/Versions/A/AuthenticationServices
0x000000019d8b1000 	/System/Library/PrivateFrameworks/SharedWebCredentials.framework/Versions/A/SharedWebCredentials
0x00000001ba562000 	/System/Library/PrivateFrameworks/SafariCore.framework/Versions/A/SafariCore
0x00000001c2a4c000 	/System/Library/PrivateFrameworks/SafariFoundation.framework/Versions/A/SafariFoundation
0x00000001a5020000 	/System/Library/Frameworks/Contacts.framework/Versions/A/Contacts
0x00000002407b3000 	/System/Library/PrivateFrameworks/CBORLibrary.framework/Versions/A/CBORLibrary
0x000000024179a000 	/System/Library/PrivateFrameworks/Chirp.framework/Versions/A/Chirp
0x0000000242397000 	/System/Library/PrivateFrameworks/CloudSubscriptionFeatures.framework/Versions/A/CloudSubscriptionFeatures
0x00000001a4d61000 	/System/Library/PrivateFrameworks/ContactsFoundation.framework/Versions/A/ContactsFoundation
0x00000001ef7f1000 	/System/Library/PrivateFrameworks/RemoteManagement.framework/Versions/A/RemoteManagement
0x00000002698b8000 	/System/Library/PrivateFrameworks/RemoteManagementModel.framework/Versions/A/RemoteManagementModel
0x0000000269949000 	/System/Library/PrivateFrameworks/RemoteManagementStore.framework/Versions/A/RemoteManagementStore
0x00000001a1fe7000 	/usr/lib/libxcselect.dylib
0x00000001c29bb000 	/System/Library/PrivateFrameworks/DifferentialPrivacy.framework/Versions/A/DifferentialPrivacy
0x000000025e419000 	/System/Library/PrivateFrameworks/ManagedSettingsObjC.framework/Versions/A/ManagedSettingsObjC
0x000000025c0c5000 	/System/Library/PrivateFrameworks/LockdownMode.framework/Versions/A/LockdownMode
0x000000027b257000 	/System/Library/PrivateFrameworks/VDAF.framework/Versions/A/VDAF
0x00000001a4e39000 	/System/Library/PrivateFrameworks/ContactsPersistence.framework/Versions/A/ContactsPersistence
0x00000001a3f97000 	/System/Library/PrivateFrameworks/AppleLDAP.framework/Versions/A/AppleLDAP
0x00000001a893b000 	/System/Library/Frameworks/ClassKit.framework/Versions/A/ClassKit
0x00000001aabe1000 	/System/Library/PrivateFrameworks/CoreSuggestions.framework/Versions/A/CoreSuggestions
0x00000001a64ba000 	/System/Library/PrivateFrameworks/vCard.framework/Versions/A/vCard
0x0000000243020000 	/System/Library/PrivateFrameworks/ContactsMetrics.framework/Versions/A/ContactsMetrics
0x000000019dd2d000 	/System/Library/PrivateFrameworks/login.framework/Versions/A/login
0x000000025e413000 	/System/Library/PrivateFrameworks/ManagedOrganizationContacts.framework/Versions/A/ManagedOrganizationContacts
0x00000001970e0000 	/System/Library/PrivateFrameworks/CloudDocs.framework/Versions/A/CloudDocs
0x00000001b15d6000 	/System/Library/PrivateFrameworks/ProactiveEventTracker.framework/Versions/A/ProactiveEventTracker
0x00000001a02a7000 	/System/Library/PrivateFrameworks/CoreFollowUp.framework/Versions/A/CoreFollowUp
0x00000001aa100000 	/System/Library/PrivateFrameworks/ConfigurationProfiles.framework/Versions/A/ConfigurationProfiles
0x000000024867b000 	/System/Library/PrivateFrameworks/DMCUtilities.framework/Versions/A/DMCUtilities
0x000000025c146000 	/System/Library/PrivateFrameworks/MDMClientLibrary.framework/Versions/A/MDMClientLibrary
0x000000026993d000 	/System/Library/PrivateFrameworks/RemoteManagementProtocol.framework/Versions/A/RemoteManagementProtocol
0x00000002868d5000 	/usr/lib/libEndpointSecuritySystem.dylib
0x00000001a467c000 	/System/Library/PrivateFrameworks/SystemAdministration.framework/Versions/A/SystemAdministration
0x00000001af568000 	/System/Library/PrivateFrameworks/PowerlogControl.framework/Versions/A/PowerlogControl
0x00000001af56a000 	/usr/lib/libUniversalAccess.dylib
0x00000001abfce000 	/System/Library/PrivateFrameworks/FamilyControls.framework/Versions/A/FamilyControls
0x00000001a3f6c000 	/System/Library/Frameworks/DirectoryService.framework/Versions/A/DirectoryService
0x00000001a8617000 	/System/Library/PrivateFrameworks/LoginUIKit.framework/Versions/A/Frameworks/LoginUICore.framework/Versions/A/LoginUICore
0x000000019df72000 	/usr/lib/libodfde.dylib
0x00000001abfc8000 	/System/Library/PrivateFrameworks/UniversalAccess.framework/Versions/A/Libraries/libUAPreferences.dylib
0x00000001abff2000 	/System/Library/PrivateFrameworks/CommerceKit.framework/Versions/A/Frameworks/CommerceCore.framework/Versions/A/CommerceCore
0x00000002485e7000 	/System/Library/PrivateFrameworks/DEPClientLibrary.framework/Versions/A/DEPClientLibrary
0x0000000248610000 	/System/Library/PrivateFrameworks/DMCEnrollmentLibrary.framework/Versions/A/DMCEnrollmentLibrary
0x00000001af64c000 	/System/Library/PrivateFrameworks/SetupAssistantFramework.framework/Versions/A/SetupAssistantFramework
0x00000001a8d22000 	/System/Library/PrivateFrameworks/AuthKitUI.framework/Versions/A/AuthKitUI
0x00000001a8661000 	/System/Library/PrivateFrameworks/AppSSO.framework/Versions/A/AppSSO
0x00000001bf89f000 	/System/Library/PrivateFrameworks/LocalAuthenticationUI.framework/Versions/A/LocalAuthenticationUI
0x00000002675ed000 	/System/Library/PrivateFrameworks/PlatformSSO.framework/Versions/A/PlatformSSO
0x00000002676da000 	/System/Library/PrivateFrameworks/PlatformSSOCore.framework/Versions/A/PlatformSSOCore
0x0000000233a64000 	/System/Library/Frameworks/LocalAuthenticationEmbeddedUI.framework/Versions/A/LocalAuthenticationEmbeddedUI
0x00000001c035a000 	/System/Library/PrivateFrameworks/AOSUI.framework/Versions/A/AOSUI
0x00000001b139e000 	/System/Library/Frameworks/ContactsUI.framework/Versions/A/ContactsUI
0x00000001a52af000 	/System/Library/PrivateFrameworks/FamilyCircle.framework/Versions/A/FamilyCircle
0x00000001ce191000 	/System/Library/Frameworks/LinkPresentation.framework/Versions/A/LinkPresentation
0x00000001b0f56000 	/System/Library/PrivateFrameworks/IASUtilities.framework/Versions/A/IASUtilities
0x0000000256e53000 	/System/Library/PrivateFrameworks/IASUtilitiesCore.framework/Versions/A/IASUtilitiesCore
0x00000001b96d4000 	/System/Library/PrivateFrameworks/OnBoardingKit.framework/Versions/A/OnBoardingKit
0x00000002699b3000 	/System/Library/PrivateFrameworks/RemoteUI.framework/Versions/A/RemoteUI
0x00000001b5d85000 	/System/Library/Frameworks/WebKit.framework/Versions/A/WebKit
0x00000001adad8000 	/System/Library/Frameworks/JavaScriptCore.framework/Versions/A/JavaScriptCore
0x000000025b4d4000 	/System/Library/PrivateFrameworks/LiftUI.framework/Versions/A/LiftUI
0x000000026bff0000 	/System/Library/PrivateFrameworks/Settings.framework/Versions/A/Settings
0x0000000280f09000 	/System/Library/PrivateFrameworks/_IconServices_SwiftUI.framework/Versions/A/_IconServices_SwiftUI
0x0000000231980000 	/System/Library/Frameworks/BrowserEngineCore.framework/Versions/A/BrowserEngineCore
0x00000001aaee1000 	/System/Library/Frameworks/WebKit.framework/Versions/A/Frameworks/WebKitLegacy.framework/Versions/A/WebKitLegacy
0x00000001b77b9000 	/System/Library/Frameworks/Carbon.framework/Versions/A/Carbon
0x00000001a8cca000 	/System/Library/PrivateFrameworks/CorePrediction.framework/Versions/A/CorePrediction
0x00000001979eb000 	/System/Library/Frameworks/WebKit.framework/Versions/A/Frameworks/WebCore.framework/Versions/A/Frameworks/libwebrtc.dylib
0x00000001b5d0f000 	/System/Library/PrivateFrameworks/SafariSafeBrowsing.framework/Versions/A/SafariSafeBrowsing
0x00000001a026d000 	/System/Library/Frameworks/SecurityInterface.framework/Versions/A/SecurityInterface
0x00000001b96d3000 	/System/Library/PrivateFrameworks/WebInspectorUI.framework/Versions/A/WebInspectorUI
0x00000001b1d5b000 	/System/Library/Frameworks/WebKit.framework/Versions/A/Frameworks/WebCore.framework/Versions/A/WebCore
0x00000001adad1000 	/System/Library/Frameworks/Carbon.framework/Versions/A/Frameworks/CommonPanels.framework/Versions/A/CommonPanels
0x00000001a8580000 	/System/Library/Frameworks/Carbon.framework/Versions/A/Frameworks/Help.framework/Versions/A/Help
0x00000001adad5000 	/System/Library/Frameworks/Carbon.framework/Versions/A/Frameworks/ImageCapture.framework/Versions/A/ImageCapture
0x00000001adab0000 	/System/Library/Frameworks/Carbon.framework/Versions/A/Frameworks/OpenScripting.framework/Versions/A/OpenScripting
0x00000001adad0000 	/System/Library/Frameworks/Carbon.framework/Versions/A/Frameworks/Ink.framework/Versions/A/Ink
0x00000001adacd000 	/System/Library/Frameworks/Carbon.framework/Versions/A/Frameworks/SecurityHI.framework/Versions/A/SecurityHI
0x0000000286958000 	/usr/lib/libInterpreterSecurity.dylib
0x00000001cdda8000 	/System/Library/PrivateFrameworks/XprotectFramework.framework/Versions/A/XprotectFramework
0x00000001b1070000 	/System/Library/PrivateFrameworks/yara.framework/Versions/A/yara
0x0000000239391000 	/System/Library/Frameworks/WebKit.framework/Versions/A/Frameworks/WebCore.framework/Versions/A/Frameworks/libANGLE-shared.dylib
0x000000027f1a5000 	/System/Library/PrivateFrameworks/WebGPU.framework/Versions/A/WebGPU
0x00000001bb5ad000 	/System/Library/Frameworks/SceneKit.framework/Versions/A/SceneKit
0x00000001cc9cb000 	/System/Library/Frameworks/ModelIO.framework/Versions/A/ModelIO
0x00000001a1fc9000 	/System/Library/Frameworks/MetalKit.framework/Versions/A/MetalKit
0x00000001a429d000 	/System/Library/Frameworks/GLKit.framework/Versions/A/GLKit
0x000000028830b000 	/usr/lib/usd/libusd_ms.dylib
0x000000027a63c000 	/System/Library/PrivateFrameworks/USDLib_FormatLoaderProxy.framework/Versions/A/USDLib_FormatLoaderProxy
0x000000028802d000 	/usr/lib/swift/libswift_errno.dylib
0x00000001b8840000 	/System/Library/PrivateFrameworks/CoreOptimization.framework/Versions/A/CoreOptimization
0x00000002327ac000 	/System/Library/Frameworks/ExtensionKit.framework/Versions/A/ExtensionKit
0x00000002422d6000 	/System/Library/PrivateFrameworks/CloudSettings.framework/Versions/A/CloudSettings
0x00000002327f0000 	/System/Library/Frameworks/FSKit.framework/Versions/A/FSKit
0x000000025be71000 	/System/Library/PrivateFrameworks/LiveFS.framework/Versions/A/LiveFS
0x00000001aacb2000 	/System/Library/Frameworks/EventKit.framework/Versions/A/EventKit
0x00000001b98e8000 	/System/Library/PrivateFrameworks/SearchFoundation.framework/Versions/A/SearchFoundation
0x00000001d024b000 	/System/Library/PrivateFrameworks/Email.framework/Versions/A/Email
0x00000001b8442000 	/System/Library/PrivateFrameworks/CoreRoutine.framework/Versions/A/CoreRoutine
0x00000001ef15f000 	/System/Library/PrivateFrameworks/VoiceShortcutClient.framework/Versions/A/VoiceShortcutClient
0x00000001c7f3a000 	/System/Library/PrivateFrameworks/Categories.framework/Versions/A/Categories
0x00000001c0209000 	/System/Library/PrivateFrameworks/ChronoServices.framework/Versions/A/ChronoServices
0x0000000241258000 	/System/Library/PrivateFrameworks/CalendarDatabase.framework/Versions/A/CalendarDatabase
0x00000002411a2000 	/System/Library/PrivateFrameworks/CalendarDaemon.framework/Versions/A/CalendarDaemon
0x00000001aa024000 	/System/Library/PrivateFrameworks/CalendarFoundation.framework/Versions/A/CalendarFoundation
0x00000001a9fe0000 	/System/Library/PrivateFrameworks/iCalendar.framework/Versions/A/iCalendar
0x000000024887a000 	/System/Library/PrivateFrameworks/DataAccessExpress.framework/Versions/A/DataAccessExpress
0x00000001b1500000 	/System/Library/PrivateFrameworks/ContactsAutocomplete.framework/Versions/A/ContactsAutocomplete
0x0000000287e17000 	/usr/lib/swift/libswiftVideoToolbox.dylib
0x00000001c0156000 	/System/Library/PrivateFrameworks/FTClientServices.framework/Versions/A/FTClientServices
0x0000000263a31000 	/System/Library/PrivateFrameworks/OSEligibility.framework/Versions/A/OSEligibility
0x0000000274bfd000 	/System/Library/PrivateFrameworks/StorageContainersPrivate.framework/Versions/A/StorageContainersPrivate
0x0000000287c88000 	/usr/lib/swift/libswiftCoreMediaIO.dylib
0x00000001b0de0000 	/System/Library/PrivateFrameworks/CoreDAV.framework/Versions/A/CoreDAV
0x00000001aab82000 	/System/Library/PrivateFrameworks/CalDAV.framework/Versions/A/CalDAV
0x00000001b5a0c000 	/System/Library/PrivateFrameworks/TelephonyUtilities.framework/Versions/A/TelephonyUtilities
0x0000000233a21000 	/System/Library/Frameworks/LiveCommunicationKit.framework/Versions/A/LiveCommunicationKit
0x0000000242bd3000 	/System/Library/PrivateFrameworks/CommunicationTrust.framework/Versions/A/CommunicationTrust
0x00000001ba374000 	/System/Library/Frameworks/CallKit.framework/Versions/A/CallKit
0x00000001a52a7000 	/System/Library/PrivateFrameworks/CommunicationsFilter.framework/Versions/A/CommunicationsFilter
0x00000001e441c000 	/System/Library/PrivateFrameworks/IMTransferServices.framework/Versions/A/IMTransferServices
0x00000001b8859000 	/System/Library/PrivateFrameworks/IncomingCallFilter.framework/Versions/A/IncomingCallFilter
0x0000000262182000 	/System/Library/PrivateFrameworks/NeighborhoodActivityConduit.framework/Versions/A/NeighborhoodActivityConduit
0x00000001bc8b5000 	/System/Library/PrivateFrameworks/CallHistory.framework/Versions/A/CallHistory
0x0000000286748000 	/usr/lib/libBASupport.dylib
0x0000000241670000 	/System/Library/PrivateFrameworks/CallsUtilities.framework/Versions/A/CallsUtilities
0x000000024167b000 	/System/Library/PrivateFrameworks/CallsXPC.framework/Versions/A/CallsXPC
0x00000001ef952000 	/usr/lib/swift/libswiftCallKit.dylib
0x0000000241663000 	/System/Library/PrivateFrameworks/CallsPersistence.framework/Versions/A/CallsPersistence
0x00000002373e7000 	/System/Library/Frameworks/SensitiveContentAnalysis.framework/Versions/A/SensitiveContentAnalysis
0x00000001bd8eb000 	/System/Library/PrivateFrameworks/PeopleSuggester.framework/Versions/A/PeopleSuggester
0x00000001c6d43000 	/System/Library/PrivateFrameworks/SpotlightReceiver.framework/Versions/A/SpotlightReceiver
0x0000000280ed0000 	/System/Library/PrivateFrameworks/_AppIntentsServices_AppIntents.framework/Versions/A/_AppIntentsServices_AppIntents
0x000000023ca90000 	/System/Library/PrivateFrameworks/AppIntentsServices.framework/Versions/A/AppIntentsServices
0x00000001a9fc8000 	/System/Library/PrivateFrameworks/CoreRecents.framework/Versions/A/CoreRecents
0x0000000232ef6000 	/System/Library/Frameworks/GeoToolbox.framework/Versions/A/GeoToolbox
0x0000000239896000 	/System/Library/Frameworks/_GeoToolbox_AppIntents.framework/Versions/A/_GeoToolbox_AppIntents
0x00000001d9ec6000 	/System/Library/PrivateFrameworks/DiagnosticRequest.framework/Versions/A/DiagnosticRequest
0x0000000280e14000 	/System/Library/PrivateFrameworks/XPCDistributed.framework/Versions/A/XPCDistributed
0x00000002695c0000 	/System/Library/PrivateFrameworks/RegulatoryDomain.framework/Versions/A/RegulatoryDomain
0x00000001a4375000 	/usr/lib/libCTGreenTeaLogger.dylib
0x000000025c097000 	/System/Library/PrivateFrameworks/LocalStatusKit.framework/Versions/A/LocalStatusKit
0x00000001b58f8000 	/System/Library/PrivateFrameworks/CoreParsec.framework/Versions/A/CoreParsec
0x00000001d023f000 	/System/Library/PrivateFrameworks/EmailAddressing.framework/Versions/A/EmailAddressing
0x00000001cc23a000 	/System/Library/PrivateFrameworks/EmailCore.framework/Versions/A/EmailCore
0x00000001cd268000 	/System/Library/PrivateFrameworks/EmailFoundation.framework/Versions/A/EmailFoundation
0x0000000265176000 	/System/Library/PrivateFrameworks/PegasusAPI.framework/Versions/A/PegasusAPI
0x0000000265cc7000 	/System/Library/PrivateFrameworks/PegasusConfiguration.framework/Versions/A/PegasusConfiguration
0x0000000278eaa000 	/System/Library/PrivateFrameworks/ToolKit.framework/Versions/A/ToolKit
0x0000000269d48000 	/System/Library/PrivateFrameworks/ReplicatorEngine.framework/Versions/A/ReplicatorEngine
0x0000000269eea000 	/System/Library/PrivateFrameworks/ReplicatorServices.framework/Versions/A/ReplicatorServices
0x0000000275b67000 	/System/Library/PrivateFrameworks/SystemWake.framework/Versions/A/SystemWake
0x00000001ba548000 	/System/Library/PrivateFrameworks/ContextKit.framework/Versions/A/ContextKit
0x000000024316c000 	/System/Library/PrivateFrameworks/ContextKitCore.framework/Versions/A/ContextKitCore
0x00000001b8adf000 	/System/Library/Frameworks/LocalAuthentication.framework/Support/DaemonUtils.framework/Versions/A/DaemonUtils
0x000000025c02c000 	/System/Library/PrivateFrameworks/LocalAuthenticationCoreUI.framework/Versions/A/LocalAuthenticationCoreUI
0x00000001bbf00000 	/System/Library/PrivateFrameworks/BridgeXPC.framework/Versions/A/BridgeXPC
0x00000001b97b0000 	/System/Library/PrivateFrameworks/CoreKDL.framework/Versions/A/CoreKDL
0x00000001b7de2000 	/System/Library/PrivateFrameworks/EmbeddedOSSupportHost.framework/Versions/A/EmbeddedOSSupportHost
0x00000001acab0000 	/System/Library/PrivateFrameworks/LoginUIKit.framework/Versions/A/LoginUIKit
0x00000001c8435000 	/System/Library/PrivateFrameworks/StorageKit.framework/Versions/A/StorageKit
0x00000001f1163000 	/System/Library/Frameworks/DeviceCheck.framework/Versions/A/DeviceCheck
0x00000001c84ae000 	/System/Library/PrivateFrameworks/CoreWLANKit.framework/Versions/A/CoreWLANKit
0x000000027e52d000 	/System/Library/PrivateFrameworks/Wallpaper.framework/Versions/A/Wallpaper
0x0000000287ca3000 	/usr/lib/swift/libswiftGLKit.dylib
0x0000000287cae000 	/usr/lib/swift/libswiftMetalKit.dylib
0x0000000287cb2000 	/usr/lib/swift/libswiftModelIO.dylib
0x0000000287d75000 	/usr/lib/swift/libswiftSceneKit.dylib
0x00000002491e0000 	/System/Library/PrivateFrameworks/DiskImages2.framework/Versions/A/DiskImages2
0x00000001d117a000 	/System/Library/PrivateFrameworks/DynamicDesktop.framework/Versions/A/DynamicDesktop
0x000000027e6bc000 	/System/Library/PrivateFrameworks/WallpaperFoundation.framework/Versions/A/WallpaperFoundation
0x000000027e719000 	/System/Library/PrivateFrameworks/WallpaperTypes.framework/Versions/A/WallpaperTypes
0x00000001e6179000 	/System/Library/PrivateFrameworks/SystemDesktopAppearance.framework/Versions/A/SystemDesktopAppearance
0x0000000283faf000 	/System/Library/PrivateFrameworks/icloudMCCKit.framework/Versions/A/icloudMCCKit
0x000000023d9e8000 	/System/Library/PrivateFrameworks/AppleAccountUI.framework/Versions/A/AppleAccountUI
0x00000001da49d000 	/System/Library/PrivateFrameworks/PreferencePanesSupport.framework/Versions/A/PreferencePanesSupport
0x00000001c050c000 	/System/Library/PrivateFrameworks/FindMyDeviceUI.framework/Versions/A/FindMyDeviceUI
0x0000000281bf6000 	/System/Library/PrivateFrameworks/iCloudQuotaUI.framework/Versions/A/iCloudQuotaUI
0x00000001da651000 	/System/Library/PrivateFrameworks/CoreCDPUI.framework/Versions/A/CoreCDPUI
0x00000001ba2a3000 	/System/Library/PrivateFrameworks/CoreFollowUpUI.framework/Versions/A/CoreFollowUpUI
0x00000001c6fc2000 	/System/Library/PrivateFrameworks/IMCore.framework/Versions/A/IMCore
0x00000001af5d1000 	/System/Library/PrivateFrameworks/CoreCDP.framework/Versions/A/CoreCDP
0x00000001ab539000 	/System/Library/PrivateFrameworks/AskPermission.framework/Versions/A/AskPermission
0x00000001bdfd0000 	/System/Library/Frameworks/Quartz.framework/Versions/A/Quartz
0x00000001caa0f000 	/System/Library/PrivateFrameworks/CloudPhotoServicesConfiguration.framework/Versions/A/CloudPhotoServicesConfiguration
0x00000001bc6da000 	/System/Library/PrivateFrameworks/CommerceKit.framework/Versions/A/CommerceKit
0x00000001cc30a000 	/System/Library/PrivateFrameworks/FindMyMac.framework/Versions/A/FindMyMac
0x00000001cc1dd000 	/System/Library/Frameworks/PreferencePanes.framework/Versions/A/PreferencePanes
0x00000001bf98a000 	/System/Library/Frameworks/AddressBook.framework/Versions/A/AddressBook
0x00000001aa421000 	/System/Library/PrivateFrameworks/AOSAccounts.framework/Versions/A/AOSAccounts
0x00000001a4676000 	/System/Library/PrivateFrameworks/AppleSRP.framework/Versions/A/AppleSRP
0x00000001b89f5000 	/System/Library/Frameworks/SafariServices.framework/Versions/A/SafariServices
0x00000001a8efa000 	/System/Library/PrivateFrameworks/NetFSServer.framework/Versions/A/NetFSServer
0x00000001bb487000 	/System/Library/Frameworks/PDFKit.framework/Versions/A/PDFKit
0x0000000238989000 	/System/Library/Frameworks/TabularData.framework/Versions/A/TabularData
0x0000000287cc9000 	/usr/lib/swift/libswiftPassKit.dylib
0x00000001de5f4000 	/System/Library/Frameworks/PassKit.framework/Versions/A/PassKit
0x00000001acbba000 	/System/Library/PrivateFrameworks/PassKitCore.framework/Versions/A/PassKitCore
0x0000000264a94000 	/System/Library/PrivateFrameworks/PassKitMacHelperTemp.framework/Versions/A/PassKitMacHelperTemp
0x0000000286698000 	/usr/lib/libAppleSSE.dylib
0x00000001b8b2b000 	/System/Library/PrivateFrameworks/BiometricKit.framework/Versions/A/BiometricKit
0x000000026a4ee000 	/System/Library/PrivateFrameworks/SEService.framework/Versions/A/SEService
0x00000002328b5000 	/System/Library/Frameworks/FinanceKit.framework/Versions/A/FinanceKit
0x00000001be07f000 	/System/Library/PrivateFrameworks/NearField.framework/Versions/A/NearField
0x0000000286a97000 	/usr/lib/libSESShared.dylib
0x000000026a756000 	/System/Library/PrivateFrameworks/STSXPCHelperClient.framework/Versions/A/STSXPCHelperClient
0x00000001bfd96000 	/usr/lib/libnfshared.dylib
0x00000002758ef000 	/System/Library/PrivateFrameworks/Symptoms.framework/Versions/A/Frameworks/SymptomPresentationFeed.framework/Versions/A/SymptomPresentationFeed
0x000000023e3cd000 	/System/Library/PrivateFrameworks/AppleMediaServicesKitInternal.framework/Versions/A/AppleMediaServicesKitInternal
0x000000023f071000 	/System/Library/PrivateFrameworks/AsyncAlgorithmsInternal.framework/Versions/A/AsyncAlgorithmsInternal
0x0000000275631000 	/System/Library/PrivateFrameworks/SymptomShared.framework/Versions/A/SymptomShared
0x00000001e1324000 	/System/Library/PrivateFrameworks/PassKitUIFoundation.framework/Versions/A/PassKitUIFoundation
0x00000001a3fa9000 	/System/Library/Frameworks/MapKit.framework/Versions/A/MapKit
0x0000000253eab000 	/System/Library/PrivateFrameworks/GeoAnalytics.framework/Versions/A/GeoAnalytics
0x00000001bfdc4000 	/System/Library/PrivateFrameworks/Navigation.framework/Versions/A/Navigation
0x00000001c9a57000 	/System/Library/PrivateFrameworks/VectorKit.framework/Versions/A/VectorKit
0x00000001b1021000 	/System/Library/PrivateFrameworks/VirtualGarage.framework/Versions/A/VirtualGarage
0x00000001bffa3000 	/System/Library/Frameworks/ExternalAccessory.framework/ExternalAccessory
0x00000001bffbe000 	/System/Library/PrivateFrameworks/IAP.framework/Versions/A/IAP
0x00000001a4265000 	/System/Library/PrivateFrameworks/IOPlatformPluginFamily.framework/Versions/A/IOPlatformPluginFamily
0x000000023f6b6000 	/System/Library/PrivateFrameworks/AvatarKit.framework/Versions/A/AvatarKit
0x000000023f775000 	/System/Library/PrivateFrameworks/AvatarPersistence.framework/Versions/A/AvatarPersistence
0x0000000238d10000 	/System/Library/Frameworks/TipKit.framework/Versions/A/TipKit
0x00000001ac6be000 	/System/Library/PrivateFrameworks/IMSharedUtilities.framework/Versions/A/IMSharedUtilities
0x0000000287c68000 	/usr/lib/swift/libswiftAppleArchive.dylib
0x000000027b357000 	/System/Library/PrivateFrameworks/VFX.framework/Versions/A/VFX
0x00000001dc1fa000 	/System/Library/PrivateFrameworks/AppleCVA.framework/Versions/A/AppleCVA
0x000000023f774000 	/System/Library/PrivateFrameworks/AvatarKitContent.framework/Versions/A/AvatarKitContent
0x00000002347ca000 	/System/Library/Frameworks/MetalFX.framework/Versions/A/MetalFX
0x0000000242ce8000 	/System/Library/PrivateFrameworks/CompositorNonUI.framework/Versions/A/CompositorNonUI
0x0000000230c3b000 	/System/Library/Frameworks/ARKit.framework/Versions/A/ARKit
0x000000023b401000 	/System/Library/PrivateFrameworks/ARKitCore.framework/Versions/A/ARKitCore
0x0000000286792000 	/usr/lib/libDisplayWarpSupport.dylib
0x0000000244436000 	/System/Library/PrivateFrameworks/CoreComposite.framework/Versions/A/CoreComposite
0x0000000286bcb000 	/usr/lib/libchannel.dylib
0x00000002878c5000 	/usr/lib/librealtime_safety.dylib
0x000000023b48e000 	/System/Library/PrivateFrameworks/ARKitFoundation.framework/Versions/A/ARKitFoundation
0x000000023da86000 	/System/Library/PrivateFrameworks/AppleDepth.framework/Versions/A/AppleDepth
0x000000023dbfc000 	/System/Library/PrivateFrameworks/AppleDepthCore.framework/Versions/A/AppleDepthCore
0x00000001a439e000 	/System/Library/PrivateFrameworks/CoreAppleCVA.framework/Versions/A/CoreAppleCVA
0x00000001b114f000 	/System/Library/PrivateFrameworks/ContactsUICore.framework/Versions/A/ContactsUICore
0x00000001b8961000 	/System/Library/PrivateFrameworks/ContactsDonation.framework/Versions/A/ContactsDonation
0x00000001b8218000 	/System/Library/PrivateFrameworks/DataDetectors.framework/Versions/A/DataDetectors
0x00000001aab6e000 	/System/Library/Frameworks/MediaLibrary.framework/Versions/A/MediaLibrary
0x00000001a5296000 	/System/Library/PrivateFrameworks/PersonaKit.framework/Versions/A/PersonaKit
0x00000001b113d000 	/System/Library/PrivateFrameworks/PersonaUI.framework/Versions/A/PersonaUI
0x00000001cbbff000 	/System/Library/PrivateFrameworks/Transparency.framework/Versions/A/Transparency
0x000000024ac34000 	/System/Library/PrivateFrameworks/FindMyLocate.framework/Versions/A/FindMyLocate
0x00000001ba222000 	/System/Library/PrivateFrameworks/IntlPreferences.framework/Versions/A/IntlPreferences
0x000000024ab0d000 	/System/Library/PrivateFrameworks/FindMyCommon.framework/Versions/A/FindMyCommon
0x000000024a8fd000 	/System/Library/PrivateFrameworks/FindMyBase.framework/Versions/A/FindMyBase
0x0000000236067000 	/System/Library/Frameworks/NearbyInteraction.framework/Versions/A/NearbyInteraction
0x00000001a4eb7000 	/System/Library/PrivateFrameworks/AddressBookCore.framework/Versions/A/AddressBookCore
0x00000001bfb21000 	/System/Library/PrivateFrameworks/ToneKit.framework/Versions/A/ToneKit
0x00000001ba269000 	/System/Library/PrivateFrameworks/ToneLibrary.framework/Versions/A/ToneLibrary
0x0000000242fed000 	/System/Library/PrivateFrameworks/ContactsAccounts.framework/Versions/A/ContactsAccounts
0x00000001bdeeb000 	/System/Library/PrivateFrameworks/Lookup.framework/Versions/A/Lookup
0x000000023694c000 	/System/Library/Frameworks/QuickLookUI.framework/Versions/A/QuickLookUI
0x0000000237361000 	/System/Library/Frameworks/ScreenCaptureKit.framework/Versions/A/ScreenCaptureKit
0x00000001baf9b000 	/System/Library/Frameworks/Quartz.framework/Versions/A/Frameworks/QuartzComposer.framework/Versions/A/QuartzComposer
0x00000001ba1f9000 	/System/Library/Frameworks/Quartz.framework/Versions/A/Frameworks/QuartzFilters.framework/Versions/A/QuartzFilters
0x00000001b92a5000 	/System/Library/Frameworks/Quartz.framework/Versions/A/Frameworks/ImageKit.framework/Versions/A/ImageKit
0x0000000230a48000 	/System/Library/Frameworks/OpenCL.framework/Versions/A/OpenCL
0x00000001b77b8000 	/System/Library/PrivateFrameworks/CorePDF.framework/Versions/A/CorePDF
0x00000001a1f60000 	/System/Library/Frameworks/QuickLook.framework/Versions/A/QuickLook
0x00000001acaab000 	/System/Library/PrivateFrameworks/DisplayServices.framework/Versions/A/DisplayServices
0x00000001ba17e000 	/System/Library/Frameworks/ImageCaptureCore.framework/Versions/A/ImageCaptureCore
0x000000027d363000 	/System/Library/PrivateFrameworks/VisionKitCore.framework/Versions/A/VisionKitCore
0x00000001b58c8000 	/System/Library/PrivateFrameworks/QuickLookSupport.framework/Versions/A/QuickLookSupport
0x000000025ecfa000 	/System/Library/PrivateFrameworks/MediaAnalysisServices.framework/Versions/A/MediaAnalysisServices
0x00000001bced6000 	/System/Library/PrivateFrameworks/PhotoLibraryServices.framework/Versions/A/PhotoLibraryServices
0x00000001b9d96000 	/System/Library/Frameworks/Photos.framework/Versions/A/Photos
0x00000001ce583000 	/System/Library/PrivateFrameworks/PhotosFormats.framework/Versions/A/PhotosFormats
0x00000001caa3a000 	/System/Library/PrivateFrameworks/CloudPhotoLibrary.framework/Versions/A/CloudPhotoLibrary
0x00000001d3e12000 	/System/Library/PrivateFrameworks/CloudPhotoServices.framework/Versions/A/CloudPhotoServices
0x00000001d03b0000 	/System/Library/PrivateFrameworks/CoreMediaStream.framework/Versions/A/CoreMediaStream
0x00000001a5957000 	/System/Library/PrivateFrameworks/CPAnalytics.framework/Versions/A/CPAnalytics
0x00000001cc903000 	/System/Library/PrivateFrameworks/MediaConversionService.framework/Versions/A/MediaConversionService
0x00000001ac6aa000 	/System/Library/PrivateFrameworks/PhotoFoundation.framework/Versions/A/PhotoFoundation
0x00000002662af000 	/System/Library/PrivateFrameworks/PhotoLibraryServicesCore.framework/Versions/A/PhotoLibraryServicesCore
0x00000001c66cf000 	/System/Library/PrivateFrameworks/MMCS.framework/Versions/A/MMCS
0x00000001aa9c7000 	/System/Library/PrivateFrameworks/ChunkingLibrary.framework/Versions/A/ChunkingLibrary
0x00000001a4643000 	/System/Library/PrivateFrameworks/AssetCacheServices.framework/Versions/A/AssetCacheServices
0x00000001a660b000 	/System/Library/PrivateFrameworks/AVFoundationCF.framework/Versions/A/AVFoundationCF
0x00000001e4317000 	/usr/lib/swift/libswiftDemangle.dylib
0x0000000257037000 	/System/Library/PrivateFrameworks/ImageCaptureDevices.framework/Versions/A/ImageCaptureDevices
0x00000001b84d5000 	/System/Library/PrivateFrameworks/MediaStream.framework/Versions/A/MediaStream
0x00000001ccda5000 	/System/Library/PrivateFrameworks/NeutrinoCore.framework/Versions/A/NeutrinoCore
0x0000000193f94000 	/System/Library/PrivateFrameworks/NLP.framework/Versions/A/NLP
0x00000001d2ba5000 	/System/Library/PrivateFrameworks/PhotoImaging.framework/Versions/A/PhotoImaging
0x00000001d3dd3000 	/System/Library/PrivateFrameworks/PhotosImagingFoundation.framework/Versions/A/PhotosImagingFoundation
0x0000000266e5b000 	/System/Library/PrivateFrameworks/PhotosIntelligenceCore.framework/Versions/A/PhotosIntelligenceCore
0x00000001a6a46000 	/System/Library/PrivateFrameworks/EmbeddedAcousticRecognition.framework/Versions/A/EmbeddedAcousticRecognition
0x00000001c1d24000 	/System/Library/PrivateFrameworks/EmojiFoundation.framework/Versions/A/EmojiFoundation
0x00000001cacb3000 	/System/Library/PrivateFrameworks/SDAPI.framework/Versions/A/SDAPI
0x00000001d3e21000 	/System/Library/PrivateFrameworks/AutoLoop.framework/Versions/A/AutoLoop
0x0000000267a38000 	/System/Library/PrivateFrameworks/Portrait.framework/Versions/A/Portrait
0x000000024b2c4000 	/System/Library/PrivateFrameworks/FusionTracker.framework/Versions/A/FusionTracker
0x00000001baa35000 	/System/Library/PrivateFrameworks/iTunesCloud.framework/Versions/A/iTunesCloud
0x00000001c3c14000 	/System/Library/PrivateFrameworks/DAAPKit.framework/Versions/A/DAAPKit
0x00000001b5c44000 	/System/Library/PrivateFrameworks/DeviceManagement.framework/Versions/A/DeviceManagement
0x00000001d9e17000 	/System/Library/PrivateFrameworks/ScreenTimeUI.framework/Versions/A/ScreenTimeUI
0x00000001b8212000 	/System/Library/PrivateFrameworks/QuickLookNonBaseSystem.framework/Versions/A/QuickLookNonBaseSystem
0x00000001b8a37000 	/System/Library/PrivateFrameworks/Catalyst.framework/Versions/A/Catalyst
0x00000001ba41b000 	/System/Library/PrivateFrameworks/ScreenTimeCore.framework/Versions/A/ScreenTimeCore
0x00000001cda33000 	/System/Library/PrivateFrameworks/ScreenTimeServiceUI.framework/Versions/A/ScreenTimeServiceUI
0x00000001c685f000 	/System/Library/PrivateFrameworks/ConfigurationEngineModel.framework/Versions/A/ConfigurationEngineModel
0x00000001c9a10000 	/System/Library/PrivateFrameworks/UsageTracking.framework/Versions/A/UsageTracking
0x0000000232548000 	/System/Library/Frameworks/DeviceActivity.framework/Versions/A/DeviceActivity
0x00000001c99e0000 	/System/Library/PrivateFrameworks/KnowledgeMonitor.framework/Versions/A/KnowledgeMonitor
0x00000001e12ca000 	/System/Library/PrivateFrameworks/BluetoothManager.framework/Versions/A/BluetoothManager
0x0000000233b4f000 	/System/Library/Frameworks/ManagedSettings.framework/Versions/A/ManagedSettings
0x000000025e45a000 	/System/Library/PrivateFrameworks/ManagedSettingsSupport.framework/Versions/A/ManagedSettingsSupport
0x00000001de6c4000 	/System/Library/Frameworks/ReplayKit.framework/Versions/A/ReplayKit
0x00000001ada6a000 	/System/Library/PrivateFrameworks/MarkupUI.framework/Versions/A/MarkupUI
0x00000001b81ea000 	/System/Library/PrivateFrameworks/SidecarCore.framework/Versions/A/SidecarCore
0x00000001bae50000 	/System/Library/PrivateFrameworks/AnnotationKit.framework/Versions/A/AnnotationKit
0x00000001b94ea000 	/System/Library/Frameworks/PencilKit.framework/Versions/A/PencilKit
0x00000001b96af000 	/System/Library/PrivateFrameworks/SidecarUI.framework/Versions/A/SidecarUI
0x00000001b8e47000 	/System/Library/PrivateFrameworks/CoreHandwriting.framework/Versions/A/CoreHandwriting
0x000000018db6b000 	/usr/lib/libmecabra.dylib
0x00000001b170e000 	/System/Library/PrivateFrameworks/Calculate.framework/Versions/A/Calculate
0x000000019d661000 	/usr/lib/libChineseTokenizer.dylib
0x00000001ef716000 	/System/Library/PrivateFrameworks/ScreenReaderCore.framework/Versions/A/ScreenReaderCore
0x0000000274b8f000 	/System/Library/PrivateFrameworks/StocksKit.framework/Versions/A/StocksKit
0x00000001b070b000 	/System/Library/PrivateFrameworks/OAuth.framework/Versions/A/OAuth
0x0000000274880000 	/System/Library/PrivateFrameworks/StocksCore.framework/Versions/A/StocksCore
0x0000000275e5f000 	/System/Library/PrivateFrameworks/TeaFoundation.framework/Versions/A/TeaFoundation
0x0000000276041000 	/System/Library/PrivateFrameworks/TeaSettings.framework/Versions/A/TeaSettings
0x00000001e59df000 	/System/Library/PrivateFrameworks/NewsCore.framework/Versions/A/NewsCore
0x0000000275dfb000 	/System/Library/PrivateFrameworks/TeaDB.framework/Versions/A/TeaDB
0x00000001e23de000 	/System/Library/PrivateFrameworks/RemoteConfiguration.framework/Versions/A/RemoteConfiguration
0x00000001e55ea000 	/System/Library/PrivateFrameworks/NewsTransport.framework/Versions/A/NewsTransport
0x00000001e59cf000 	/System/Library/PrivateFrameworks/NewsFoundation.framework/Versions/A/NewsFoundation
0x0000000262788000 	/System/Library/PrivateFrameworks/NewsURLBucket.framework/Versions/A/NewsURLBucket
0x00000001bcacf000 	/System/Library/PrivateFrameworks/MobileInstallation.framework/Versions/A/MobileInstallation
0x0000000238e7d000 	/System/Library/Frameworks/Translation.framework/Versions/A/Translation
0x00000001d5823000 	/System/Library/PrivateFrameworks/RevealCore.framework/Versions/A/RevealCore
0x00000001d5817000 	/System/Library/PrivateFrameworks/Reveal.framework/Versions/A/Reveal
0x00000001cd6fd000 	/System/Library/Frameworks/Speech.framework/Versions/A/Speech
0x000000023a2e1000 	/System/Library/PrivateFrameworks/AIMLExperimentationAnalytics.framework/Versions/A/AIMLExperimentationAnalytics
0x000000023c63f000 	/System/Library/PrivateFrameworks/AlgorithmsInternal.framework/Versions/A/AlgorithmsInternal
0x0000000279693000 	/System/Library/PrivateFrameworks/TranslationUIServices.framework/Versions/A/TranslationUIServices
0x000000027857f000 	/System/Library/PrivateFrameworks/TipKitCore.framework/Versions/A/TipKitCore
0x00000001c1da8000 	/System/Library/PrivateFrameworks/CoreCDPInternal.framework/Versions/A/CoreCDPInternal
0x0000000257813000 	/System/Library/PrivateFrameworks/InputAnalytics.framework/Versions/A/InputAnalytics
0x00000001c7841000 	/System/Library/Frameworks/InstantMessage.framework/Versions/A/InstantMessage
0x00000001bf898000 	/System/Library/PrivateFrameworks/IDSKVStore.framework/Versions/A/IDSKVStore
0x00000001bf577000 	/System/Library/PrivateFrameworks/IMDPersistence.framework/Versions/A/IMDPersistence
0x000000027b24d000 	/System/Library/PrivateFrameworks/UserSafety.framework/Versions/A/UserSafety
0x00000001e04d8000 	/System/Library/PrivateFrameworks/BlastDoor.framework/Versions/A/BlastDoor
0x000000025bcb2000 	/System/Library/PrivateFrameworks/LinkPresentationStyleSheetParsing.framework/Versions/A/LinkPresentationStyleSheetParsing
0x0000000267be9000 	/System/Library/PrivateFrameworks/PosterFoundation.framework/Versions/A/PosterFoundation
0x0000000267c77000 	/System/Library/PrivateFrameworks/PosterModel.framework/Versions/A/PosterModel
0x0000000267c52000 	/System/Library/PrivateFrameworks/PosterFuturesKit.framework/Versions/A/PosterFuturesKit
0x000000024a6f4000 	/System/Library/PrivateFrameworks/FeedbackService.framework/Versions/A/FeedbackService
0x00000001b88b8000 	/System/Library/PrivateFrameworks/CoreSDB.framework/Versions/A/CoreSDB
0x000000023ee5a000 	/System/Library/PrivateFrameworks/AskToCore.framework/Versions/A/AskToCore
0x00000001da64e000 	/System/Library/PrivateFrameworks/MachineSettings.framework/Versions/A/MachineSettings
0x00000001cc15f000 	/System/Library/PrivateFrameworks/BezelServices.framework/Versions/A/BezelServices
0x00000001c3ca0000 	/System/Library/PrivateFrameworks/SPOwner.framework/Versions/A/SPOwner
0x00000001bc73f000 	/System/Library/PrivateFrameworks/FMCore.framework/Versions/A/FMCore
0x00000001bbf39000 	/System/Library/PrivateFrameworks/AppleMediaServicesUI.framework/Versions/A/AppleMediaServicesUI
0x0000000281b4e000 	/System/Library/PrivateFrameworks/iCloudQuota.framework/Versions/A/iCloudQuota
0x00000001b10ba000 	/System/Library/PrivateFrameworks/CoreRecognition.framework/Versions/A/CoreRecognition
0x00000001cc215000 	/System/Library/PrivateFrameworks/InAppMessages.framework/Versions/A/InAppMessages
0x00000001ee307000 	/System/Library/PrivateFrameworks/JetUI.framework/Versions/A/JetUI
0x000000025af93000 	/System/Library/PrivateFrameworks/JetPack.framework/Versions/A/JetPack
0x00000001cc20c000 	/System/Library/PrivateFrameworks/InAppMessagesCore.framework/Versions/A/InAppMessagesCore
0x0000000280f19000 	/System/Library/PrivateFrameworks/_JetEngine_SwiftUI.framework/Versions/A/_JetEngine_SwiftUI
0x0000000275918000 	/System/Library/PrivateFrameworks/Synapse.framework/Versions/A/Synapse
0x0000000240ffc000 	/System/Library/PrivateFrameworks/CSExattrCrypto.framework/Versions/A/CSExattrCrypto
0x00000001bdbd4000 	/System/Library/PrivateFrameworks/StoreFoundation.framework/Versions/A/StoreFoundation
0x00000001bc739000 	/System/Library/PrivateFrameworks/ServerInformation.framework/Versions/A/ServerInformation
0x00000001bc16f000 	/System/Library/PrivateFrameworks/Install.framework/Frameworks/DistributionKit.framework/Versions/A/DistributionKit
0x00000001b569c000 	/System/Library/PrivateFrameworks/PackageKit.framework/Versions/A/PackageKit
0x00000001bc192000 	/System/Library/PrivateFrameworks/OSPersonalization.framework/Versions/A/OSPersonalization
0x00000001be15e000 	/System/Library/PrivateFrameworks/BridgeOSSoftwareUpdate.framework/Versions/A/BridgeOSSoftwareUpdate
0x00000001b8d4f000 	/System/Library/PrivateFrameworks/StorageManagement.framework/Versions/A/StorageManagement
0x00000001cd583000 	/usr/lib/libauthinstall.dylib
0x00000001be167000 	/System/Library/PrivateFrameworks/InstallerDiagnostics.framework/Versions/A/InstallerDiagnostics
0x00000001cdbff000 	/usr/lib/libcrypto.42.dylib
0x00000002881cf000 	/usr/lib/updaters/libAppleTconUARPUpdater.dylib
0x00000002882f2000 	/usr/lib/updaters/libT200Updater.dylib
0x00000001be14c000 	/System/Library/PrivateFrameworks/GPUInfo.framework/Versions/A/GPUInfo
0x00000001cc310000 	/System/Library/PrivateFrameworks/MobileActivationMacOS.framework/Versions/A/MobileActivationMacOS
0x00000001b064d000 	/System/Library/PrivateFrameworks/AccountsDaemon.framework/Versions/A/AccountsDaemon
0x0000000253ddd000 	/System/Library/PrivateFrameworks/GenerativePartnerService.framework/Versions/A/GenerativePartnerService
0x00000001a06b6000 	/System/Library/PrivateFrameworks/CacheDelete.framework/Versions/A/CacheDelete
0x00000001a901e000 	/System/Library/Frameworks/QuickLookThumbnailing.framework/Versions/A/QuickLookThumbnailing
0x00000001be1ab000 	/System/Library/PrivateFrameworks/AOSKit.framework/Versions/A/AOSKit
0x000000019d792000 	/System/Library/PrivateFrameworks/AppSSOCore.framework/Versions/A/AppSSOCore
0x00000001b7bc2000 	/System/Library/Frameworks/AVFoundation.framework/Versions/A/AVFoundation
0x000000023f80e000 	/System/Library/PrivateFrameworks/BackgroundSystemTasks.framework/Versions/A/BackgroundSystemTasks
0x00000001a8f34000 	/System/Library/PrivateFrameworks/DuetActivityScheduler.framework/Versions/A/DuetActivityScheduler
0x00000001ca969000 	/System/Library/PrivateFrameworks/NetworkServiceProxy.framework/Versions/A/NetworkServiceProxy
0x00000001a42d7000 	/usr/lib/libnetworkextension.dylib
0x00000001a6955000 	/System/Library/PrivateFrameworks/Rapport.framework/Versions/A/Rapport
0x0000000275641000 	/System/Library/PrivateFrameworks/Symptoms.framework/Versions/A/Frameworks/SymptomAnalytics.framework/Versions/A/SymptomAnalytics
0x00000001a10ea000 	/System/Library/Frameworks/NetworkExtension.framework/Versions/A/NetworkExtension
0x00000001a76fb000 	/System/Library/PrivateFrameworks/CoreDuetContext.framework/Versions/A/CoreDuetContext
0x00000001925ef000 	/System/Library/PrivateFrameworks/CoreDuet.framework/Versions/A/CoreDuet
0x00000001ac404000 	/System/Library/PrivateFrameworks/AssistantServices.framework/Versions/A/AssistantServices
0x00000001a674f000 	/System/Library/PrivateFrameworks/SAObjects.framework/Versions/A/SAObjects
0x00000001abfff000 	/System/Library/PrivateFrameworks/MediaRemote.framework/Versions/A/MediaRemote
0x00000001be69f000 	/System/Library/PrivateFrameworks/SiriInstrumentation.framework/Versions/A/SiriInstrumentation
0x000000026c600000 	/System/Library/PrivateFrameworks/SiriAnalytics.framework/Versions/A/SiriAnalytics
0x00000002724a2000 	/System/Library/PrivateFrameworks/SiriTTSService.framework/Versions/A/SiriTTSService
0x000000026cf3c000 	/System/Library/PrivateFrameworks/SiriCrossDeviceArbitration.framework/Versions/A/SiriCrossDeviceArbitration
0x00000001bbf0b000 	/System/Library/PrivateFrameworks/FeedbackLogger.framework/Versions/A/FeedbackLogger
0x000000024a2a1000 	/System/Library/PrivateFrameworks/FaceTimeNameUtility.framework/Versions/A/FaceTimeNameUtility
0x000000026cf90000 	/System/Library/PrivateFrameworks/SiriCrossDeviceArbitrationFeedback.framework/Versions/A/SiriCrossDeviceArbitrationFeedback
0x0000000253c99000 	/System/Library/PrivateFrameworks/GenerativeModels.framework/Versions/A/GenerativeModels
0x0000000230d81000 	/System/Library/Frameworks/AVRouting.framework/Versions/A/AVRouting
0x00000001b0ecd000 	/System/Library/PrivateFrameworks/MediaServices.framework/Versions/A/MediaServices
0x000000019ed10000 	/System/Library/Frameworks/MediaToolbox.framework/Versions/A/MediaToolbox
0x00000001a56f9000 	/System/Library/PrivateFrameworks/CoreAVCHD.framework/Versions/A/CoreAVCHD
0x00000001a56f5000 	/System/Library/PrivateFrameworks/Mangrove.framework/Versions/A/Mangrove
0x0000000240e18000 	/System/Library/PrivateFrameworks/CMPhoto.framework/Versions/A/CMPhoto
0x00000001a5eda000 	/System/Library/Frameworks/CoreTelephony.framework/Versions/A/CoreTelephony
0x00000001a56e8000 	/System/Library/PrivateFrameworks/CoreAUC.framework/Versions/A/CoreAUC
0x000000023e151000 	/System/Library/PrivateFrameworks/AppleJPEGXL.framework/Versions/A/AppleJPEGXL
0x00000001a0757000 	/usr/lib/libTelephonyUtilDynamic.dylib
0x00000001a658d000 	/System/Library/Frameworks/LocalAuthentication.framework/Versions/A/LocalAuthentication
0x000000025bee8000 	/System/Library/PrivateFrameworks/LocalAuthenticationCore.framework/Versions/A/LocalAuthenticationCore
0x000000025c06d000 	/System/Library/PrivateFrameworks/LocalAuthenticationCredentialServices.framework/Versions/A/LocalAuthenticationCredentialServices
0x00000001a65f9000 	/System/Library/Frameworks/LocalAuthentication.framework/Support/SharedUtils.framework/Versions/A/SharedUtils
0x000000019dbdb000 	/System/Library/PrivateFrameworks/PersistentConnection.framework/Versions/A/PersistentConnection
0x0000000273cb5000 	/System/Library/PrivateFrameworks/SonicFoundation.framework/Versions/A/SonicFoundation
0x0000000248b05000 	/System/Library/PrivateFrameworks/Dendrite.framework/Versions/A/Dendrite
0x00000001c055f000 	/usr/lib/libtailspin.dylib
0x00000001d3f31000 	/System/Library/PrivateFrameworks/Osprey.framework/Versions/A/Osprey
0x0000000271afd000 	/System/Library/PrivateFrameworks/SiriTTS.framework/Versions/A/SiriTTS
0x00000001b897e000 	/System/Library/Frameworks/NaturalLanguage.framework/Versions/A/NaturalLanguage
0x00000002708e3000 	/System/Library/PrivateFrameworks/SiriPowerInstrumentation.framework/Versions/A/SiriPowerInstrumentation
0x00000001b983f000 	/System/Library/PrivateFrameworks/Trial.framework/Versions/A/Trial
0x00000001b97c1000 	/System/Library/PrivateFrameworks/TrialProto.framework/Versions/A/TrialProto
0x000000027a93a000 	/System/Library/PrivateFrameworks/UnifiedAssetFramework.framework/Versions/A/UnifiedAssetFramework
0x00000001d5f57000 	/usr/lib/swift/libswiftAVFoundation.dylib
0x00000001e637d000 	/usr/lib/swift/libswiftNaturalLanguage.dylib
0x0000000275df9000 	/System/Library/PrivateFrameworks/TailspinSymbolication.framework/Versions/A/TailspinSymbolication
0x0000000248744000 	/System/Library/PrivateFrameworks/Darwinup.framework/Versions/A/Darwinup
0x00000001cc93e000 	/System/Library/PrivateFrameworks/SignpostSupport.framework/Versions/A/SignpostSupport
0x00000001b8845000 	/System/Library/PrivateFrameworks/FeatureFlagsSupport.framework/Versions/A/FeatureFlagsSupport
0x00000001cc071000 	/System/Library/PrivateFrameworks/ktrace.framework/Versions/A/ktrace
0x00000001ccb6d000 	/System/Library/PrivateFrameworks/SampleAnalysis.framework/Versions/A/SampleAnalysis
0x00000001d57f1000 	/System/Library/PrivateFrameworks/kperfdata.framework/Versions/A/kperfdata
0x00000001a20a1000 	/usr/lib/libdscsym.dylib
0x00000001d5cad000 	/System/Library/PrivateFrameworks/BulkSymbolication.framework/Versions/A/BulkSymbolication
0x00000001a906a000 	/System/Library/PrivateFrameworks/Espresso.framework/Versions/A/Espresso
0x00000001971c1000 	/System/Library/Frameworks/CoreML.framework/Versions/A/CoreML
0x00000001efabd000 	/System/Library/PrivateFrameworks/ANECompiler.framework/Versions/A/ANECompiler
0x00000001ab157000 	/System/Library/PrivateFrameworks/AppleNeuralEngine.framework/Versions/A/AppleNeuralEngine
0x0000000234871000 	/System/Library/Frameworks/MetalPerformanceShadersGraph.framework/Versions/A/MetalPerformanceShadersGraph
0x000000025c974000 	/System/Library/PrivateFrameworks/MLCompilerServices.framework/Versions/A/MLCompilerServices
0x00000001a9f06000 	/System/Library/PrivateFrameworks/ANEServices.framework/Versions/A/ANEServices
0x00000002637e3000 	/System/Library/PrivateFrameworks/ODIE.framework/Versions/A/ODIE
0x000000025c918000 	/System/Library/PrivateFrameworks/MLCompilerRuntime.framework/Versions/A/MLCompilerRuntime
0x000000019b5a3000 	/System/Library/Frameworks/MLCompute.framework/Versions/A/MLCompute
0x000000025c89a000 	/System/Library/PrivateFrameworks/MLAssetIO.framework/Versions/A/MLAssetIO
0x0000000287ca7000 	/usr/lib/swift/libswiftMLCompute.dylib
0x00000001a60e0000 	/System/Library/PrivateFrameworks/AVFCore.framework/Versions/A/AVFCore
0x00000001af65d000 	/System/Library/PrivateFrameworks/AVFCapture.framework/Versions/A/AVFCapture
0x0000000240c01000 	/System/Library/PrivateFrameworks/CMImaging.framework/Versions/A/CMImaging
0x00000001af8a6000 	/System/Library/PrivateFrameworks/Quagga.framework/Versions/A/Quagga
0x00000001af9da000 	/System/Library/PrivateFrameworks/CMCapture.framework/Versions/A/CMCapture
0x00000001a02dd000 	/System/Library/Frameworks/CoreMediaIO.framework/Versions/A/CoreMediaIO
0x0000000240b3d000 	/System/Library/PrivateFrameworks/CMCaptureDevice.framework/Versions/A/CMCaptureDevice
0x000000019dd51000 	/System/Library/PrivateFrameworks/CoreBrightness.framework/Versions/A/CoreBrightness
0x0000000241c12000 	/System/Library/PrivateFrameworks/CinematicFraming.framework/Versions/A/CinematicFraming
0x00000001d2fef000 	/System/Library/PrivateFrameworks/CPMS.framework/Versions/A/CPMS
0x0000000275aef000 	/System/Library/PrivateFrameworks/SystemStatus.framework/Versions/A/SystemStatus
0x00000001b77ba000 	/System/Library/Frameworks/CoreMotion.framework/Versions/A/CoreMotion
0x00000001c78ff000 	/System/Library/PrivateFrameworks/TimeSync.framework/Versions/A/TimeSync
0x0000000249422000 	/System/Library/PrivateFrameworks/DistributedSensing.framework/Versions/A/DistributedSensing
0x00000001c2edf000 	/System/Library/PrivateFrameworks/MobileBluetooth.framework/Versions/A/MobileBluetooth
0x00000001c95f8000 	/System/Library/PrivateFrameworks/IOKitten.framework/Versions/A/IOKitten
0x000000018ede7000 	/System/Library/PrivateFrameworks/LanguageModeling.framework/Versions/A/LanguageModeling
0x0000000193d9b000 	/System/Library/PrivateFrameworks/Montreal.framework/Versions/A/Montreal
0x000000019c00e000 	/usr/lib/libcmph.dylib
0x0000000253d72000 	/System/Library/PrivateFrameworks/GenerativeModelsFoundation.framework/Versions/A/GenerativeModelsFoundation
0x00000002788e7000 	/System/Library/PrivateFrameworks/TokenGeneration.framework/Versions/A/TokenGeneration
0x0000000253b55000 	/System/Library/PrivateFrameworks/GenerativeFunctions.framework/Versions/A/GenerativeFunctions
0x0000000253ba1000 	/System/Library/PrivateFrameworks/GenerativeFunctionsFoundation.framework/Versions/A/GenerativeFunctionsFoundation
0x00000002600c0000 	/System/Library/PrivateFrameworks/ModelCatalog.framework/Versions/A/ModelCatalog
0x000000026baad000 	/System/Library/PrivateFrameworks/SensitiveContentAnalysisML.framework/Versions/A/SensitiveContentAnalysisML
0x0000000253c36000 	/System/Library/PrivateFrameworks/GenerativeFunctionsInstrumentation.framework/Versions/A/GenerativeFunctionsInstrumentation
0x0000000268cfb000 	/System/Library/PrivateFrameworks/PromptKit.framework/Versions/A/PromptKit
0x00000002687d8000 	/System/Library/PrivateFrameworks/ProactiveDaemonSupport.framework/Versions/A/ProactiveDaemonSupport
0x00000002604a2000 	/System/Library/PrivateFrameworks/ModelManagerServices.framework/Versions/A/ModelManagerServices
0x0000000278b35000 	/System/Library/PrivateFrameworks/TokenGenerationCore.framework/Versions/A/TokenGenerationCore
0x000000023e07e000 	/System/Library/PrivateFrameworks/AppleIntelligenceReporting.framework/Versions/A/AppleIntelligenceReporting
0x000000023dce6000 	/System/Library/PrivateFrameworks/AppleFlatBuffers.framework/Versions/A/AppleFlatBuffers
0x000000026bce6000 	/System/Library/PrivateFrameworks/SentencePieceInternal.framework/Versions/A/SentencePieceInternal
0x00000001a46bb000 	/System/Library/Frameworks/Vision.framework/Versions/A/Vision
0x000000024811c000 	/System/Library/PrivateFrameworks/CoreSceneUnderstanding.framework/Versions/A/CoreSceneUnderstanding
0x000000027d317000 	/System/Library/PrivateFrameworks/VisionCore.framework/Versions/A/VisionCore
0x00000001c1e80000 	/System/Library/Frameworks/Vision.framework/libfaceCore.dylib
0x00000001c29a3000 	/System/Library/PrivateFrameworks/Futhark.framework/Versions/A/Futhark
0x00000001c677b000 	/System/Library/PrivateFrameworks/InertiaCam.framework/Versions/A/InertiaCam
0x00000001c272b000 	/System/Library/PrivateFrameworks/TextRecognition.framework/Versions/A/TextRecognition
0x000000019d7b3000 	/System/Library/PrivateFrameworks/CVNLP.framework/Versions/A/CVNLP
0x0000000196c60000 	/System/Library/PrivateFrameworks/ApplePushService.framework/Versions/A/ApplePushService
0x0000000196ccb000 	/System/Library/Frameworks/CloudKit.framework/Versions/A/CloudKit
0x00000001aa0c4000 	/System/Library/PrivateFrameworks/CoreDuetDaemonProtocol.framework/Versions/A/CoreDuetDaemonProtocol
0x00000001cf142000 	/System/Library/PrivateFrameworks/DeviceIdentity.framework/Versions/A/DeviceIdentity
0x0000000237578000 	/System/Library/Frameworks/SharedWithYouCore.framework/Versions/A/SharedWithYouCore
0x00000002424ba000 	/System/Library/PrivateFrameworks/CloudTelemetry.framework/Versions/A/CloudTelemetry
0x00000001a8a02000 	/System/Library/PrivateFrameworks/AppleAccount.framework/Versions/A/AppleAccount
0x00000001a8fc3000 	/System/Library/PrivateFrameworks/C2.framework/Versions/A/C2
0x000000024212c000 	/System/Library/PrivateFrameworks/CloudCoreInternal.framework/Versions/A/CloudCoreInternal
0x0000000241ed1000 	/System/Library/PrivateFrameworks/CloudAsset.framework/Versions/A/CloudAsset
0x00000001a8fba000 	/System/Library/Frameworks/PushKit.framework/Versions/A/PushKit
0x00000002424da000 	/System/Library/PrivateFrameworks/CloudTelemetryTools.framework/Versions/A/CloudTelemetryTools
0x00000001aaeb4000 	/System/Library/PrivateFrameworks/RTCReporting.framework/Versions/A/RTCReporting
0x000000023a1c7000 	/System/Library/PrivateFrameworks/AAAFoundationSwift.framework/Versions/A/AAAFoundationSwift
0x00000001a8c8d000 	/System/Library/PrivateFrameworks/AppleIDSSOAuthentication.framework/Versions/A/AppleIDSSOAuthentication
0x00000001bda7f000 	/System/Library/PrivateFrameworks/CaptiveNetwork.framework/Versions/A/CaptiveNetwork
0x00000001a8493000 	/System/Library/PrivateFrameworks/EAP8021X.framework/Versions/A/EAP8021X
0x000000024852a000 	/System/Library/PrivateFrameworks/CryptoKitPrivate.framework/Versions/A/CryptoKitPrivate
0x00000001b7e12000 	/System/Library/PrivateFrameworks/FindMyDevice.framework/Versions/A/FindMyDevice
0x00000001acb9a000 	/System/Library/PrivateFrameworks/FMCoreLite.framework/Versions/A/FMCoreLite
0x000000019b243000 	/System/Library/Frameworks/ServiceManagement.framework/Versions/A/ServiceManagement
0x00000001bf4f9000 	/System/Library/Frameworks/Accelerate.framework/Versions/A/Frameworks/vImage.framework/Versions/A/Libraries/libCGInterfaces.dylib
0x00000001ccb36000 	/System/Library/PrivateFrameworks/UIKitServices.framework/Versions/A/UIKitServices
0x0000000137000000 	/System/Library/Extensions/AGXMetalG16G_B0.bundle/Contents/MacOS/AGXMetalG16G_B0
0x00000001b0d6e000 	/System/Library/PrivateFrameworks/IOGPU.framework/Versions/A/IOGPU
0x00000002308c2000 	/System/Library/Frameworks/OpenGL.framework/Versions/A/Resources/GLEngine.bundle/GLEngine
0x0000000230764000 	/System/Library/Frameworks/OpenGL.framework/Versions/A/Libraries/libGLProgrammability.dylib
0x000000010f518000 	/System/Library/Extensions/AppleMetalOpenGLRenderer.bundle/Contents/MacOS/AppleMetalOpenGLRenderer
0x0000000230a23000 	/System/Library/Frameworks/OpenGL.framework/Versions/A/Resources/GLRendererFloat.bundle/GLRendererFloat
0x000000027660a000 	/System/Library/PrivateFrameworks/TextInputUI.framework/Versions/A/TextInputUI
0x000000027663e000 	/System/Library/PrivateFrameworks/TextInputUIMacHelper.framework/Versions/A/TextInputUIMacHelper
0x0000000137b44000 	/Users/stefano.deblasi/Library/Application Support/ModrinthApp/meta/natives/1.20.1-0.18.4/liblwjgl_opengl.dylib
0x0000000168a00000 	/Users/stefano.deblasi/Library/Application Support/ModrinthApp/meta/java_versions/zulu17.64.17-ca-jre17.0.18-macosx_aarch64/zulu-17.jre/Contents/Home/lib/libawt.dylib
0x000000014f280000 	/Users/stefano.deblasi/Library/Application Support/ModrinthApp/meta/java_versions/zulu17.64.17-ca-jre17.0.18-macosx_aarch64/zulu-17.jre/Contents/Home/lib/libmlib_image.dylib
0x00000002339d5000 	/System/Library/Frameworks/JavaRuntimeSupport.framework/Versions/A/JavaRuntimeSupport
0x0000000168bd8000 	/Users/stefano.deblasi/Library/Application Support/ModrinthApp/meta/java_versions/zulu17.64.17-ca-jre17.0.18-macosx_aarch64/zulu-17.jre/Contents/Home/lib/libawt_lwawt.dylib
0x000000014f240000 	/Users/stefano.deblasi/Library/Application Support/ModrinthApp/meta/java_versions/zulu17.64.17-ca-jre17.0.18-macosx_aarch64/zulu-17.jre/Contents/Home/lib/libosxapp.dylib
0x00000001b5d0c000 	/System/Library/Frameworks/ExceptionHandling.framework/Versions/A/ExceptionHandling
0x000000014f228000 	/private/var/folders/pd/smzmx_zx7rdfpvpjh7md1gdc0000gp/T/native-11305291167565239906.dylib
0x000000014f21c000 	/private/var/folders/pd/smzmx_zx7rdfpvpjh7md1gdc0000gp/T/native-1228034783883668256.dylib
0x0000000168d04000 	/Users/stefano.deblasi/Library/Application Support/ModrinthApp/profiles/GDCModpack 1.0.0/natives/libEffekseerNativeForJava.dylib
0x0000000169334000 	/private/var/folders/pd/smzmx_zx7rdfpvpjh7md1gdc0000gp/T/libzstd-jni_dh-1.5.7-63560477582885222430.dylib
0x0000000176e84000 	/private/var/folders/pd/smzmx_zx7rdfpvpjh7md1gdc0000gp/T/sqlite-3.47.2.0-43905a49-1847-48c5-834e-e41a9c693f20-libsqlitejdbc.dylib
0x0000000137b90000 	/private/var/folders/pd/smzmx_zx7rdfpvpjh7md1gdc0000gp/T/libjcocoa13658993086491428436.dylib
0x00000001c2aa2000 	/System/Library/CoreServices/RawCamera.bundle/Contents/MacOS/RawCamera
0x0000000168ab0000 	/Users/stefano.deblasi/Library/Application Support/ModrinthApp/meta/natives/1.20.1-0.18.4/libopenal.dylib
0x00000001c7f4d000 	/System/Library/PrivateFrameworks/TextToSpeech.framework/Versions/A/TextToSpeech
0x00000001cd0b2000 	/System/Library/PrivateFrameworks/AXAssetLoader.framework/Versions/A/AXAssetLoader
0x0000000275232000 	/System/Library/PrivateFrameworks/SwiftSQLite.framework/Versions/A/SwiftSQLite
0x000000023ba7b000 	/System/Library/PrivateFrameworks/AccessibilityUtilities.framework/Versions/A/AccessibilityUtilities
0x00000001b80b9000 	/System/Library/PrivateFrameworks/AccessibilitySharedSupport.framework/Versions/A/AccessibilitySharedSupport
0x00000001d9e67000 	/System/Library/PrivateFrameworks/AXRuntime.framework/Versions/A/AXRuntime
0x00000001bda8d000 	/System/Library/PrivateFrameworks/UniversalAccess.framework/Versions/A/UniversalAccess
0x000000026ab3f000 	/System/Library/PrivateFrameworks/Sage.framework/Versions/A/Sage
0x00000001cc061000 	/System/Library/PrivateFrameworks/AccessibilitySupport.framework/Versions/A/AccessibilitySupport
0x00000001cdbba000 	/System/Library/PrivateFrameworks/UniversalAccess.framework/Versions/A/Frameworks/UniversalAccessCore.framework/Versions/A/UniversalAccessCore
0x00000001d5c85000 	/System/Library/PrivateFrameworks/AccessibilitySupport.framework/Versions/A/Frameworks/AccessibilityEvents.framework/Versions/A/AccessibilityEvents
0x00000001ccccd000 	/System/Library/PrivateFrameworks/AccessibilitySupport.framework/Versions/A/Frameworks/AccessibilityFoundation.framework/Versions/A/AccessibilityFoundation
0x00000001d5bb5000 	/System/Library/PrivateFrameworks/AccessibilitySupport.framework/Versions/A/Frameworks/AccessibilityKit.framework/Versions/A/AccessibilityKit
0x00000001d5c1f000 	/System/Library/PrivateFrameworks/AccessibilitySupport.framework/Versions/A/Frameworks/AccessibilityVisuals.framework/Versions/A/AccessibilityVisuals
0x00000001a671a000 	/System/Library/PrivateFrameworks/BatteryUIKit.framework/Versions/A/BatteryUIKit
0x000000027ad33000 	/System/Library/PrivateFrameworks/UniversalControl.framework/Versions/A/UniversalControl
0x00000001a8eec000 	/usr/lib/libScreenReader.dylib
0x0000000347f90000 	/Users/stefano.deblasi/Library/Application Support/ModrinthApp/meta/natives/1.20.1-0.18.4/liblwjgl_stb.dylib
0x0000000346650000 	/Users/stefano.deblasi/Library/Application Support/ModrinthApp/profiles/GDCModpack 1.0.0/mods/mcef-libraries/macos_arm64/jcef_app.app/Contents/Java/libjcef.dylib
0x00000003a5734000 	/Users/stefano.deblasi/Library/Application Support/ModrinthApp/profiles/GDCModpack 1.0.0/mods/mcef-libraries/macos_arm64/jcef_app.app/Contents/Frameworks/Chromium Embedded Framework.framework/Chromium Embedded Framework
0x00000001a87aa000 	/System/Library/Frameworks/GameController.framework/Versions/A/GameController
0x0000000251a3b000 	/System/Library/PrivateFrameworks/GameControllerFoundation.framework/Versions/A/GameControllerFoundation
0x0000000251adf000 	/System/Library/PrivateFrameworks/GameControllerSettings.framework/Versions/A/GameControllerSettings
0x00000001a6696000 	/System/Library/Frameworks/CoreHaptics.framework/Versions/A/CoreHaptics
0x00000001e0fa7000 	/System/Library/Frameworks/ForceFeedback.framework/Versions/A/ForceFeedback
0x00000001ba73f000 	/System/Library/Frameworks/MediaPlayer.framework/Versions/A/MediaPlayer
0x00000001e6372000 	/System/Library/Frameworks/ScreenTime.framework/Versions/A/ScreenTime
0x00000001c69ae000 	/usr/lib/libpmenergy.dylib
0x00000001da517000 	/usr/lib/libpmsample.dylib
0x00000001cbc78000 	/System/Library/PrivateFrameworks/NetworkStatistics.framework/Versions/A/NetworkStatistics
0x00000001bbc01000 	/System/Library/PrivateFrameworks/MusicLibrary.framework/Versions/A/MusicLibrary
0x000000039a1d8000 	/Users/stefano.deblasi/Library/Application Support/ModrinthApp/meta/java_versions/zulu17.64.17-ca-jre17.0.18-macosx_aarch64/zulu-17.jre/Contents/Home/lib/libfontmanager.dylib
0x0000000398430000 	/Users/stefano.deblasi/Library/Application Support/ModrinthApp/meta/java_versions/zulu17.64.17-ca-jre17.0.18-macosx_aarch64/zulu-17.jre/Contents/Home/lib/libfreetype.dylib
0x00000002742af000 	/System/Library/PrivateFrameworks/SpotlightKnowledge.framework/Versions/A/SpotlightKnowledge
0x00000002498d0000 	/System/Library/PrivateFrameworks/DocumentUnderstandingClient.framework/Versions/A/DocumentUnderstandingClient
0x0000000274296000 	/System/Library/PrivateFrameworks/SpotlightEmbedding.framework/Versions/A/SpotlightEmbedding
0x0000000192592000 	/System/Library/PrivateFrameworks/SpotlightLinguistics.framework/Versions/A/SpotlightLinguistics
0x0000000274463000 	/System/Library/PrivateFrameworks/SpotlightResources.framework/Versions/A/SpotlightResources
0x00000001aa47b000 	/System/Library/PrivateFrameworks/SpotlightIndex.framework/Versions/A/SpotlightIndex
0x00000001bda43000 	/System/Library/PrivateFrameworks/DataDeliveryServices.framework/Versions/A/DataDeliveryServices
0x0000000241c4b000 	/System/Library/PrivateFrameworks/CipherML.framework/Versions/A/CipherML
0x0000000265d22000 	/System/Library/PrivateFrameworks/PegasusKit.framework/Versions/A/PegasusKit
0x00000001c2a92000 	/System/Library/PrivateFrameworks/SafariPlatformSupport.framework/Versions/A/SafariPlatformSupport
0x00000003930c4000 	/System/Library/Components/CoreAudio.component/Contents/MacOS/CoreAudio
0x000000023cd7e000 	/System/Library/PrivateFrameworks/AppPredictionClient.framework/Versions/A/AppPredictionClient
0x00000002730f6000 	/System/Library/PrivateFrameworks/Sleep.framework/Versions/A/Sleep
0x00000002742a1000 	/System/Library/PrivateFrameworks/SpotlightFoundation.framework/Versions/A/SpotlightFoundation
0x0000000268879000 	/System/Library/PrivateFrameworks/ProactivePredictionClient.framework/Versions/A/ProactivePredictionClient
0x000000024318e000 	/System/Library/PrivateFrameworks/ContextualSuggestionClient.framework/Versions/A/ContextualSuggestionClient
0x00000002330cf000 	/System/Library/Frameworks/HealthKit.framework/Versions/A/HealthKit
0x000000023cfe0000 	/System/Library/PrivateFrameworks/AppPredictionFoundation.framework/Versions/A/AppPredictionFoundation
0x0000000255852000 	/System/Library/PrivateFrameworks/HeroDataClient.framework/Versions/A/HeroDataClient
0x00000002688b2000 	/System/Library/PrivateFrameworks/ProactiveSuggestionClientModel.framework/Versions/A/ProactiveSuggestionClientModel
0x000000027b23a000 	/System/Library/PrivateFrameworks/UserNotificationsSettings.framework/Versions/A/UserNotificationsSettings
0x0000000268796000 	/System/Library/PrivateFrameworks/ProactiveContextClient.framework/Versions/A/ProactiveContextClient
0x00000001ca9e3000 	/System/Library/PrivateFrameworks/NetAppsUtilities.framework/Versions/A/NetAppsUtilities
0x000000027318a000 	/System/Library/PrivateFrameworks/SleepHealth.framework/Versions/A/SleepHealth
0x0000000242578000 	/System/Library/PrivateFrameworks/Coherence.framework/Versions/A/Coherence


VM Arguments:
jvm_args: -Djava.library.path=/Users/stefano.deblasi/Library/Application Support/ModrinthApp/meta/natives/1.20.1-0.18.4 -Djna.tmpdir=/Users/stefano.deblasi/Library/Application Support/ModrinthApp/meta/natives/1.20.1-0.18.4 -Dorg.lwjgl.system.SharedLibraryExtractPath=/Users/stefano.deblasi/Library/Application Support/ModrinthApp/meta/natives/1.20.1-0.18.4 -Dio.netty.native.workdir=/Users/stefano.deblasi/Library/Application Support/ModrinthApp/meta/natives/1.20.1-0.18.4 -Dminecraft.launcher.brand=theseus -Dminecraft.launcher.version=0.12.6 -DFabricMcEmu=net.minecraft.client.main.Main -Xmx4096M -Dlog4j.configurationFile=/Users/stefano.deblasi/Library/Application Support/ModrinthApp/meta/log_configs/client-1.12.xml -javaagent:/private/var/folders/pd/smzmx_zx7rdfpvpjh7md1gdc0000gp/T/.tmpqxmlJS/theseus.jar -Dmodrinth.internal.ipc.host=127.0.0.1 -Dmodrinth.internal.ipc.port=54854 -Dmodrinth.internal.quickPlay.serverVersion=BUILTIN --add-opens=java.base/java.lang.reflect=ALL-UNNAMED 
java_command: com.modrinth.theseus.MinecraftLaunch net.fabricmc.loader.impl.launch.knot.KnotClient --username sd3rl0 --version 1.20.1 --gameDir /Users/stefano.deblasi/Library/Application Support/ModrinthApp/profiles/GDCModpack 1.0.0 --assetsDir /Users/stefano.deblasi/Library/Application Support/ModrinthApp/meta/assets --assetIndex 5 --uuid 74fef846dc6e471595886d9aeeb5e8e5 --accessToken eyJraWQiOiIwNDkxODEiLCJhbGciOiJSUzI1NiJ9.eyJ4dWlkIjoiMjUzNTQwNzczMzU5MjE1NSIsImFnZyI6IkFkdWx0Iiwic3ViIjoiYThkNGE2ZTMtMzRhNC00YzQyLThkYjctZDdmZTE0YzljNDU4IiwiYXV0aCI6IlhCT1giLCJucyI6ImRlZmF1bHQiLCJyb2xlcyI6W10sImlzcyI6ImF1dGhlbnRpY2F0aW9uIiwiZmxhZ3MiOlsibXVsdGlwbGF5ZXIiXSwicHJvZmlsZXMiOnsibWMiOiI3NGZlZjg0Ni1kYzZlLTQ3MTUtOTU4OC02ZDlhZWViNWU4ZTUifSwicGxhdGZvcm0iOiJQQ19MQVVOQ0hFUiIsInBmZCI6W3sidHlwZSI6Im1jIiwiaWQiOiI3NGZlZjg0Ni1kYzZlLTQ3MTUtOTU4OC02ZDlhZWViNWU4ZTUiLCJuYW1lIjoic2QzcmwwIn1dLCJuYmYiOjE3NzUzMTg1NjQsImV4cCI6MTc3NTQwNDk2NCwiaWF0IjoxNzc1MzE4NTY0LCJhaWQiOiIwMDAwMDAwMC0wMDAwLTAwMDAtMDAwMC0wMDAwNDAyYjUzMjgifQ.c0uaK4c2Ed9a2GHl3kXXNt7Ls__qARqWmHvrZ4K2zZKFXqcvfbbQtNV346L0HP1WJR5qkthLreQSLE5NVc13_1Ed5ROh2Hgijde_C52ScY4MziIQPM_ZtWTGZ5zwAP3nOllWiaUM8-YWN3ecFxaiJ6-kmz6VZoeeDdtkhlF99Iawpyp3ltetHPwQA3E1hB3E49zxM6O70RLerFAtvL-wfHcRZiJmIbJgJnsyB7di1Z2YdJPj-Iu4RJriL90r4Gsy0zCwmWH0OH4TtW9aOwcrlxSByVOjV4RLBz2yamK1uh6f9W1NRBxa60njpRMIjELLYXw61I93_I0KWunZNw0IJg --clientId c4502edb-87c6-40cb-b595-64a280cf8906 --xuid 0 --userType msa --versionType release --width 854 --height 480
java_class_path (initial): /private/var/folders/pd/smzmx_zx7rdfpvpjh7md1gdc0000gp/T/.tmpqxmlJS/theseus.jar:/Users/stefano.deblasi/Library/Application Support/ModrinthApp/meta/versions/1.20.1-0.18.4/1.20.1-0.18.4.jar:/Users/stefano.deblasi/Library/Application Support/ModrinthApp/meta/libraries/ca/weblite/java-objc-bridge/1.1/java-objc-bridge-1.1.jar:/Users/stefano.deblasi/Library/Application Support/ModrinthApp/meta/libraries/com/github/oshi/oshi-core/6.2.2/oshi-core-6.2.2.jar:/Users/stefano.deblasi/Library/Application Support/ModrinthApp/meta/libraries/com/google/code/gson/gson/2.10/gson-2.10.jar:/Users/stefano.deblasi/Library/Application Support/ModrinthApp/meta/libraries/com/google/guava/failureaccess/1.0.1/failureaccess-1.0.1.jar:/Users/stefano.deblasi/Library/Application Support/ModrinthApp/meta/libraries/com/google/guava/guava/31.1-jre/guava-31.1-jre.jar:/Users/stefano.deblasi/Library/Application Support/ModrinthApp/meta/libraries/com/ibm/icu/icu4j/71.1/icu4j-71.1.jar:/Users/stefano.deblasi/Library/Application Support/ModrinthApp/meta/libraries/com/mojang/authlib/4.0.43/authlib-4.0.43.jar:/Users/stefano.deblasi/Library/Application Support/ModrinthApp/meta/libraries/com/mojang/blocklist/1.0.10/blocklist-1.0.10.jar:/Users/stefano.deblasi/Library/Application Support/ModrinthApp/meta/libraries/com/mojang/brigadier/1.1.8/brigadier-1.1.8.jar:/Users/stefano.deblasi/Library/Application Support/ModrinthApp/meta/libraries/com/mojang/datafixerupper/6.0.8/datafixerupper-6.0.8.jar:/Users/stefano.deblasi/Library/Application Support/ModrinthApp/meta/libraries/com/mojang/logging/1.1.1/logging-1.1.1.jar:/Users/stefano.deblasi/Library/Application Support/ModrinthApp/meta/libraries/com/mojang/patchy/2.2.10/patchy-2.2.10.jar:/Users/stefano.deblasi/Library/Application Support/ModrinthApp/meta/libraries/com/mojang/text2speech/1.17.9/text2speech-1.17.9.jar:/Users/stefano.deblasi/Library/Application Support/ModrinthApp/meta/libraries/commons-codec/commons-codec/1.15/commons-codec-1.
Launcher Type: SUN_STANDARD

[Global flags]
     intx CICompilerCount                          = 4                                         {product} {ergonomic}
     uint ConcGCThreads                            = 2                                         {product} {ergonomic}
     uint G1ConcRefinementThreads                  = 9                                         {product} {ergonomic}
   size_t G1HeapRegionSize                         = 2097152                                   {product} {ergonomic}
    uintx GCDrainStackTargetSize                   = 64                                        {product} {ergonomic}
   size_t InitialHeapSize                          = 268435456                                 {product} {ergonomic}
   size_t MarkStackSize                            = 4194304                                   {product} {ergonomic}
   size_t MaxHeapSize                              = 4294967296                                {product} {command line}
   size_t MaxNewSize                               = 2575302656                                {product} {ergonomic}
   size_t MinHeapDeltaBytes                        = 2097152                                   {product} {ergonomic}
   size_t MinHeapSize                              = 8388608                                   {product} {ergonomic}
    uintx NonNMethodCodeHeapSize                   = 5839564                                {pd product} {ergonomic}
    uintx NonProfiledCodeHeapSize                  = 122909338                              {pd product} {ergonomic}
    uintx ProfiledCodeHeapSize                     = 122909338                              {pd product} {ergonomic}
    uintx ReservedCodeCacheSize                    = 251658240                              {pd product} {ergonomic}
     bool SegmentedCodeCache                       = true                                      {product} {ergonomic}
   size_t SoftMaxHeapSize                          = 4294967296                             {manageable} {ergonomic}
     bool UseCompressedClassPointers               = true                           {product lp64_product} {ergonomic}
     bool UseCompressedOops                        = true                           {product lp64_product} {ergonomic}
     bool UseG1GC                                  = true                                      {product} {ergonomic}
     bool UseNUMA                                  = false                                     {product} {ergonomic}
     bool UseNUMAInterleaving                      = false                                     {product} {ergonomic}

Logging:
Log output configuration:
 #0: stdout all=warning uptime,level,tags
 #1: stderr all=off uptime,level,tags

Environment Variables:
PATH=/usr/bin:/bin:/usr/sbin:/sbin
SHELL=/bin/zsh
TMPDIR=/var/folders/pd/smzmx_zx7rdfpvpjh7md1gdc0000gp/T/

Active Locale:
LC_ALL=C
LC_COLLATE=C
LC_CTYPE=C
LC_MESSAGES=C
LC_MONETARY=C
LC_NUMERIC=C
LC_TIME=C

Signal Handlers:
   SIGSEGV: crash_handler in libjvm.dylib, mask=11100110000111110111111111111111, flags=SA_RESTART|SA_SIGINFO, unblocked
    SIGBUS: crash_handler in libjvm.dylib, mask=11100110000111110111111111111111, flags=SA_RESTART|SA_SIGINFO, unblocked
    SIGFPE: crash_handler in libjvm.dylib, mask=11100110000111110111111111111111, flags=SA_RESTART|SA_SIGINFO, unblocked
   SIGPIPE: javaSignalHandler in libjvm.dylib, mask=11100110000111110111111111111111, flags=SA_RESTART|SA_SIGINFO, blocked
   SIGXFSZ: javaSignalHandler in libjvm.dylib, mask=11100110000111110111111111111111, flags=SA_RESTART|SA_SIGINFO, blocked
    SIGILL: crash_handler in libjvm.dylib, mask=11100110000111110111111111111111, flags=SA_RESTART|SA_SIGINFO, unblocked
   SIGUSR2: SR_handler in libjvm.dylib, mask=00000000000000000000000000000000, flags=SA_RESTART|SA_SIGINFO, blocked
    SIGHUP: UserHandler in libjvm.dylib, mask=11100110000111110111111111111111, flags=SA_RESTART|SA_SIGINFO, blocked
    SIGINT: UserHandler in libjvm.dylib, mask=11100110000111110111111111111111, flags=SA_RESTART|SA_SIGINFO, blocked
   SIGTERM: UserHandler in libjvm.dylib, mask=11100110000111110111111111111111, flags=SA_RESTART|SA_SIGINFO, blocked
   SIGQUIT: UserHandler in libjvm.dylib, mask=11100110000111110111111111111111, flags=SA_RESTART|SA_SIGINFO, blocked
   SIGTRAP: crash_handler in libjvm.dylib, mask=11100110000111110111111111111111, flags=SA_RESTART|SA_SIGINFO, unblocked


Periodic native trim disabled


---------------  S Y S T E M  ---------------

OS:
uname: Darwin 25.2.0 Darwin Kernel Version 25.2.0: Tue Nov 18 21:08:48 PST 2025; root:xnu-12377.61.12~1/RELEASE_ARM64_T8132 arm64
OS uptime: 0 days 9:49 hours
rlimit (soft/hard): STACK 8176k/65520k , CORE 0k/infinity , NPROC 2666/4000 , NOFILE 1048576/infinity , AS infinity/infinity , CPU infinity/infinity , DATA infinity/infinity , FSIZE infinity/infinity , MEMLOCK infinity/infinity , RSS infinity/infinity
load average: 4.63 4.74 4.69

CPU: total 10 (initial active 10) 0x61:0x0:0x6f5129ac:0, fp, simd, crc, lse
machdep.cpu.brand_string:Apple M4
hw.cachelinesize:128
hw.l1icachesize:131072
hw.l1dcachesize:65536
hw.l2cachesize:4194304

Memory: 16k page, physical 16777216k(1472416k free), swap 5242880k(1308672k free)

vm_info: OpenJDK 64-Bit Server VM (17.0.18+8-LTS) for bsd-aarch64 JRE (17.0.18+8-LTS) (Zulu17.64+17-CA), built on Jan 23 2026 09:57:18 by "tester" with clang Apple LLVM 12.0.5 (clang-1205.0.22.11)

END.
